PacketCounter	Acc_X	Acc_Y	Acc_Z	Gyr_X	Gyr_Y	Gyr_Z	Mag_X	Mag_Y	Mag_Z
29738	6.579845	-0.574568	7.665646	-0.003242	-0.00515	0.01297	-0.569092	-0.494873	-0.966553
29739	6.555046	-0.561747	7.733248	0.004578	0.00248	0.012207	-0.566895	-0.494873	-0.961426
29740	6.542988	-0.568302	7.714665	-0.001907	-0.008202	0.003815	-0.569336	-0.488281	-0.967041
29741	6.53701	-0.579726	7.702522	0.009918	-0.004387	0.008392	-0.564941	-0.492676	-0.956543
29742	6.561943	-0.531435	7.677571	-0.005722	-0.010681	0.012207	-0.571533	-0.494629	-0.961182
29743	6.549281	-0.586103	7.739069	0.001526	-0.005913	0.006866	-0.566895	-0.496826	-0.961182
29744	6.525162	-0.598969	7.714229	-0.004387	-0.003815	0.008392	-0.569336	-0.490479	-0.964355
29745	6.524462	-0.544055	7.647813	0.000763	0.003242	0.026703	-0.569092	-0.496826	-0.966309
29746	6.500346	-0.508808	7.677971	-0.008011	-0.01297	0.005913	-0.57373	-0.492676	-0.966309
29747	6.488373	-0.532153	7.665651	-0.018311	-0.009727	0.013733	-0.566895	-0.494873	-0.961426
29748	6.507338	-0.540409	7.713744	-0.009727	-0.009537	0.016594	-0.569092	-0.496826	-0.966309
29749	6.494599	-0.51353	7.665571	-0.011444	-0.012779	0.012207	-0.56665	-0.499023	-0.963867
29750	6.574494	-0.582235	7.646571	-0.006104	-0.004959	0.013733	-0.575928	-0.496826	-0.963135
29751	6.58607	-0.617264	7.70225	-0.005341	-0.011253	0.018311	-0.566895	-0.494873	-0.964111
29752	6.574643	-0.557267	7.725841	0.004387	-0.011063	0.012016	-0.571533	-0.492676	-0.961182
29753	6.604701	-0.556069	7.671472	-0.008392	-0.018883	0.009918	-0.567139	-0.492676	-0.96167
29754	6.587272	-0.538749	7.658346	0.003052	-0.007248	0.012779	-0.569336	-0.492676	-0.964111
29755	6.579774	-0.574582	7.65969	-0.018311	-0.00515	0.004578	-0.564697	-0.494873	-0.964355
29756	6.591998	-0.569873	7.689987	-0.001335	0.001144	0.014496	-0.571533	-0.492676	-0.961182
29757	6.591914	-0.573835	7.684218	0.003815	-0.003624	0.007629	-0.569336	-0.494629	-0.961182
29758	6.573734	-0.567074	7.671847	0.015831	-0.000954	-0.007057	-0.571777	-0.490479	-0.961426
29759	6.567346	-0.536701	7.653869	0.010681	0.000954	0.0	-0.564697	-0.494873	-0.956299
29760	6.567669	-0.566554	7.659703	0.007439	-0.009918	-0.000763	-0.569336	-0.490479	-0.969482
29761	6.591852	-0.525377	7.745282	-0.003815	-0.002098	0.009918	-0.571533	-0.492676	-0.963867
29762	6.549057	-0.580956	7.702527	0.006485	0.001907	0.012779	-0.569336	-0.488281	-0.967041
29763	6.567454	-0.5733	7.672091	0.005341	-0.001335	-0.006866	-0.564697	-0.490479	-0.9646
29764	6.56736	-0.560569	7.678235	0.004959	0.002861	0.002861	-0.571533	-0.492676	-0.961182
29765	6.549171	-0.549091	7.659844	0.009155	-0.002861	0.003815	-0.569092	-0.496826	-0.961182
29766	6.579628	-0.549356	7.702546	-0.004578	0.003433	0.007439	-0.566895	-0.490479	-0.967041
29767	6.512484	-0.530937	7.665992	0.007629	-0.001335	0.006866	-0.564697	-0.49707	-0.961426
29768	6.524531	-0.525182	7.653796	-0.011253	0.003433	-0.001717	-0.571533	-0.492676	-0.961182
29769	6.543018	-0.598054	7.696499	0.011444	-0.002098	0.010681	-0.569092	-0.499023	-0.955566
29770	6.54895	-0.562038	7.659958	-0.003052	0.004578	0.015068	-0.566895	-0.492676	-0.967041
29771	6.549185	-0.543773	7.714708	-0.006104	-0.003624	0.009918	-0.564697	-0.492676	-0.961914
29772	6.591903	-0.538973	7.598518	-0.01049	0.001526	0.009727	-0.564697	-0.494873	-0.958984
29773	6.548613	-0.549728	7.684688	0.002289	0.010872	0.015259	-0.569092	-0.496826	-0.961182
29774	6.572662	-0.569192	7.697038	-0.004196	-0.004578	0.016594	-0.569336	-0.494629	-0.961182
29775	6.561312	-0.610026	7.65991	0.013733	-0.001335	0.006104	-0.566895	-0.494873	-0.964111
29776	6.531148	-0.560534	7.659518	0.004387	-0.009537	-0.007629	-0.567139	-0.494873	-0.95874
29777	6.536856	-0.500693	7.6477	-0.002098	0.0	0.003815	-0.562256	-0.49707	-0.96167
29778	6.567311	-0.543657	7.647592	0.007248	-0.001144	0.007439	-0.569092	-0.492676	-0.966797
29779	6.518709	-0.482892	7.708565	-0.003052	-0.00515	0.018311	-0.569336	-0.496826	-0.958496
29780	6.586064	-0.569451	7.561778	0.005913	-0.003433	0.015831	-0.571777	-0.490479	-0.95874
29781	6.597849	-0.532114	7.647673	-0.014496	0.000191	0.016785	-0.569092	-0.501221	-0.958008
29782	6.567294	-0.558302	7.659686	0.00267	-0.004196	0.021172	-0.5625	-0.488525	-0.965088
29783	6.57982	-0.605167	7.659642	-0.016785	-0.006676	0.008392	-0.571533	-0.496826	-0.958252
29784	6.555639	-0.557602	7.604317	-0.003433	-0.00248	0.004387	-0.571533	-0.490479	-0.966797
29785	6.463794	-0.495023	7.678037	-0.007629	-0.00515	0.010681	-0.569336	-0.492676	-0.961426
29786	6.445735	-0.471931	7.62266	-0.008011	-0.004196	0.009918	-0.569092	-0.496826	-0.963623
29787	6.342077	-0.447353	7.73262	-0.025177	-0.015068	0.02594	-0.571533	-0.496826	-0.955566
29788	6.45896	-0.573037	7.615496	-0.027657	-0.014496	0.022697	-0.569336	-0.488281	-0.964355
29789	6.555928	-0.550952	7.659151	-0.024414	-0.021172	0.021362	-0.569336	-0.494629	-0.95874
29790	6.533032	-0.621503	7.712374	-0.020599	-0.024033	0.028038	-0.57373	-0.494629	-0.960938
29791	6.543576	-0.544526	7.665404	-0.016022	-0.017357	0.021362	-0.567139	-0.494873	-0.95874
29792	6.593556	-0.547422	7.664042	-0.017357	-0.017929	0.026512	-0.566895	-0.490479	-0.969727
29793	6.567879	-0.611994	7.683771	-0.011444	-0.015831	0.036621	-0.564697	-0.492676	-0.961914
29794	6.556812	-0.596976	7.633643	-0.020218	-0.019836	0.025177	-0.569336	-0.490479	-0.964355
29795	6.60515	-0.623947	7.689333	-0.014496	-0.031853	0.025177	-0.569336	-0.494629	-0.95874
29796	6.582238	-0.620871	7.583852	-0.024986	-0.013733	0.021362	-0.56958	-0.488281	-0.956543
29797	6.543798	-0.532163	7.756789	-0.013733	-0.022697	0.019073	-0.571777	-0.492432	-0.956055
29798	6.569926	-0.577425	7.639088	-0.022507	-0.025177	0.013733	-0.571777	-0.488281	-0.958984
29799	6.556036	-0.575324	7.659057	-0.021362	-0.024223	0.023651	-0.576172	-0.490234	-0.958252
29800	6.612696	-0.554506	7.681623	-0.025749	-0.024796	0.028992	-0.573975	-0.486084	-0.964111
29801	6.574586	-0.642407	7.671048	-0.015259	-0.03109	0.028992	-0.571777	-0.492432	-0.953369
29802	6.655723	-0.626745	7.64482	-0.006104	-0.020218	0.024223	-0.569336	-0.490479	-0.96167
29803	6.641384	-0.635975	7.695778	-0.008392	-0.021935	0.026703	-0.569336	-0.492676	-0.95874
29804	6.630697	-0.61374	7.620858	-0.004768	-0.024033	0.021935	-0.573975	-0.488281	-0.964111
29805	6.616743	-0.635774	7.641057	-0.014496	-0.015068	0.013733	-0.571777	-0.492432	-0.956055
29806	6.605472	-0.61922	7.627834	-0.008392	-0.011826	0.01049	-0.578613	-0.486084	-0.958496
29807	6.598098	-0.599122	7.702391	-0.008392	-0.006676	0.019836	-0.571777	-0.488281	-0.956299
29808	6.61706	-0.619143	7.664985	-0.005531	-0.013351	0.014305	-0.576416	-0.488281	-0.961182
29809	6.610617	-0.629767	7.665485	-0.018311	-0.014305	0.012207	-0.571533	-0.496826	-0.960938
29810	6.617458	-0.613553	7.682856	-0.011444	-0.008774	0.014305	-0.576416	-0.483887	-0.961426
29811	6.598465	-0.604854	7.598339	-0.005341	-0.015831	0.012207	-0.576416	-0.486084	-0.961426
29812	6.666344	-0.636847	7.603541	-0.012779	-0.007629	0.010681	-0.578613	-0.486084	-0.961182
29813	6.585935	-0.62309	7.671868	-0.009918	-0.006676	0.004578	-0.574219	-0.490234	-0.953369
29814	6.598566	-0.63028	7.585894	-0.006676	-0.005531	0.006676	-0.576416	-0.486084	-0.95874
29815	6.622661	-0.617533	7.598487	-0.013733	-0.01049	0.016785	-0.573975	-0.488281	-0.964111
29816	6.61682	-0.606991	7.659061	-0.003815	0.000572	0.012207	-0.572021	-0.484131	-0.961914
29817	6.604349	-0.616878	7.622958	-0.003815	-0.009727	0.008392	-0.576172	-0.490479	-0.966309
29818	6.617062	-0.624235	7.677235	-0.011444	-0.005722	0.011444	-0.571777	-0.486084	-0.96167
29819	6.63473	-0.586115	7.586474	0.0	-0.005913	0.005341	-0.576416	-0.488037	-0.950684
29820	6.628977	-0.630041	7.622578	-0.018883	-0.005341	0.008392	-0.574219	-0.488281	-0.956055
29821	6.610233	-0.605166	7.610902	-0.012207	-0.004387	0.013733	-0.578613	-0.488281	-0.960938
29822	6.616384	-0.600871	7.628868	-0.012207	-0.000381	0.010681	-0.583252	-0.486084	-0.963379
29823	6.616292	-0.622686	7.659832	0.004578	-0.002861	0.009155	-0.576172	-0.492432	-0.960938
29824	6.622303	-0.635556	7.617047	-0.009918	0.00248	0.003815	-0.576172	-0.490234	-0.960938
29825	6.604303	-0.641108	7.641323	-0.002289	-0.008202	0.004578	-0.574219	-0.488281	-0.956055
29826	6.610527	-0.659948	7.610532	-0.001335	0.003624	0.004387	-0.578613	-0.486084	-0.961182
29827	6.628124	-0.604642	7.617412	-0.003052	0.007057	0.008392	-0.571777	-0.490479	-0.961426
29828	6.621587	-0.605129	7.605412	0.001907	0.001335	0.002861	-0.57373	-0.490479	-0.966553
29829	6.616092	-0.616825	7.672192	-0.003052	0.00248	0.007629	-0.576416	-0.488281	-0.958496
29830	6.609761	-0.60547	7.623402	-0.000954	0.000572	0.012779	-0.574219	-0.483887	-0.964355
29831	6.603898	-0.660457	7.635479	-0.022888	0.001717	0.012207	-0.571777	-0.486084	-0.96167
29832	6.597396	-0.643583	7.611166	0.002289	0.00515	0.006866	-0.576172	-0.486084	-0.966553
29833	6.591632	-0.623425	7.666087	-0.011444	0.003242	0.01297	-0.571777	-0.490479	-0.956055
29834	6.597225	-0.619199	7.672392	-0.011826	0.006485	0.014496	-0.581055	-0.486084	-0.960938
29835	6.603697	-0.623259	7.690637	-0.008392	0.007057	0.011444	-0.578369	-0.492432	-0.960693
29836	6.602897	-0.630546	7.605706	0.001335	0.0103	0.015259	-0.576172	-0.494629	-0.960693
29837	6.628281	-0.635207	7.58065	-0.007629	0.003242	0.004578	-0.571777	-0.488281	-0.958984
29838	6.591342	-0.623538	7.62353	-0.000191	0.004387	0.000572	-0.573975	-0.486084	-0.964111
29839	6.628093	-0.598598	7.660158	-0.004578	0.00782	0.008392	-0.567139	-0.490479	-0.956543
29840	6.603051	-0.660833	7.642169	-0.008583	0.006485	0.011253	-0.571777	-0.488281	-0.964355
29841	6.616031	-0.635043	7.647838	0.0	0.004005	0.008392	-0.573975	-0.492432	-0.958496
29842	6.597201	-0.62342	7.59932	-0.003815	0.008011	0.004387	-0.578613	-0.481689	-0.966797
29843	6.603619	-0.634894	7.617511	0.004578	0.009346	0.009155	-0.571777	-0.486084	-0.959229
29844	6.57847	-0.634974	7.557042	-0.000763	0.009727	-0.003242	-0.581055	-0.486084	-0.960938
29845	6.573267	-0.573423	7.629607	0.010681	0.005531	0.003052	-0.571777	-0.486084	-0.959229
29846	6.591267	-0.579091	7.623731	0.00515	0.001335	0.000763	-0.571777	-0.488281	-0.956299
29847	6.548921	-0.604431	7.62951	0.003052	0.003242	0.009155	-0.573975	-0.492432	-0.958496
29848	6.579012	-0.586844	7.678541	-0.009918	0.004768	0.004387	-0.574219	-0.486084	-0.96167
29849	6.579649	-0.616506	7.665961	0.004578	-0.002098	0.006866	-0.56958	-0.488281	-0.961914
29850	6.591534	-0.616779	7.629502	0.000954	0.008965	0.00515	-0.573975	-0.484131	-0.967041
29851	6.585576	-0.659638	7.611146	-0.006104	0.00248	0.006866	-0.57373	-0.494629	-0.958252
29852	6.579102	-0.635463	7.660202	0.008011	0.00515	0.001526	-0.578369	-0.488281	-0.966309
29853	6.566965	-0.610674	7.678554	-0.008392	0.010872	0.0	-0.574219	-0.486084	-0.956299
29854	6.615252	-0.605175	7.630033	0.001144	0.001907	0.009155	-0.571777	-0.488281	-0.958984
29855	6.591745	-0.592363	7.641622	-0.003815	0.000954	0.005341	-0.573975	-0.492432	-0.953125
29856	6.603751	-0.610928	7.592835	0.005722	0.001335	0.003815	-0.571533	-0.488281	-0.966797
29857	6.591846	-0.616578	7.690378	-0.000572	-0.001526	0.003052	-0.571777	-0.492432	-0.956055
29858	6.591758	-0.616178	7.678111	0.013351	0.001144	-0.001526	-0.573975	-0.486084	-0.969482
29859	6.591501	-0.580132	7.568594	0.000763	0.007057	0.009918	-0.571777	-0.488281	-0.958984
29860	6.584653	-0.623401	7.648394	0.003815	0.008965	0.009727	-0.578369	-0.486084	-0.968994
29861	6.573642	-0.623362	7.610884	-0.009918	-0.00515	0.01297	-0.571777	-0.490479	-0.95874
29862	6.622577	-0.617872	7.56792	0.005913	0.000572	0.000572	-0.571777	-0.488281	-0.96167
29863	6.591489	-0.647161	7.629645	-0.002289	0.00782	0.003052	-0.571777	-0.490479	-0.95874
29864	6.602993	-0.616615	7.611877	0.006485	0.008965	0.000763	-0.576416	-0.490234	-0.955811
29865	6.610244	-0.598267	7.623163	-0.000572	-0.003815	0.003052	-0.571777	-0.490479	-0.961426
29866	6.585852	-0.641292	7.665745	-0.000954	0.000572	0.003052	-0.576172	-0.488281	-0.966553
29867	6.598044	-0.604208	7.635377	0.001717	-0.003815	0.000763	-0.580811	-0.490234	-0.955322
29868	6.592064	-0.641053	7.598592	-0.001526	0.000191	0.003815	-0.573975	-0.486084	-0.964111
29869	6.609992	-0.598467	7.598952	0.006104	0.001717	0.016785	-0.571777	-0.490479	-0.961426
29870	6.603877	-0.623749	7.659828	-0.001144	-0.005341	0.014496	-0.574219	-0.481934	-0.961914
29871	6.573686	-0.597739	7.665876	0.009918	-0.00515	-0.000763	-0.576172	-0.494629	-0.955322
29872	6.580041	-0.603429	7.647268	0.004578	-0.002098	0.003624	-0.575928	-0.492432	-0.96875
29873	6.567127	-0.59797	7.635732	0.009155	0.006294	0.005341	-0.571533	-0.494629	-0.961182
29874	6.572875	-0.616666	7.623666	-0.004005	0.000191	0.01049	-0.576416	-0.488281	-0.958496
29875	6.585297	-0.610014	7.66028	0.011444	0.010109	0.003052	-0.573975	-0.490479	-0.963867
29876	6.590722	-0.59796	7.679038	-0.000954	0.004578	0.013542	-0.57373	-0.490479	-0.966553
29877	6.567337	-0.592291	7.678242	0.004578	0.000191	0.01297	-0.57373	-0.494629	-0.963623
29878	6.603592	-0.623381	7.678474	-0.002098	0.00782	0.00515	-0.567139	-0.492676	-0.96167
29879	6.560928	-0.610156	7.611402	0.003815	0.009346	-0.001526	-0.56958	-0.488281	-0.961914
29880	6.553894	-0.59818	7.593761	-0.003242	0.01297	0.008965	-0.578613	-0.483887	-0.961426
29881	6.567154	-0.634941	7.65399	0.0	0.005531	0.005341	-0.571533	-0.492676	-0.961182
29882	6.585139	-0.586511	7.617526	0.002861	0.001335	0.009155	-0.576172	-0.488281	-0.963867
29883	6.597894	-0.616786	7.647684	-0.000763	-0.000572	0.009155	-0.571289	-0.499023	-0.960693
29884	6.567442	-0.617635	7.635228	-0.005722	-0.004768	0.008965	-0.576416	-0.488281	-0.955811
29885	6.598189	-0.592495	7.592487	-0.005341	-0.008202	0.007629	-0.571533	-0.492432	-0.958496
29886	6.561466	-0.624009	7.653431	0.000763	0.008774	0.016022	-0.578613	-0.490234	-0.958252
29887	6.592009	-0.622651	7.653618	0.001526	-0.005913	0.004578	-0.573975	-0.490479	-0.963867
29888	6.567932	-0.623289	7.604322	0.0	-0.005531	0.013542	-0.573975	-0.486084	-0.964111
29889	6.555078	-0.592332	7.696594	0.001526	0.001717	0.010681	-0.569092	-0.496826	-0.963623
29890	6.585516	-0.617585	7.641648	0.000381	-0.001526	0.014496	-0.574219	-0.486084	-0.958984
29891	6.567318	-0.617047	7.647713	-0.007629	0.000954	0.009155	-0.573975	-0.492432	-0.958496
29892	6.591318	-0.575502	7.672327	-0.004196	0.006676	0.011253	-0.573975	-0.486084	-0.966797
29893	6.579673	-0.586473	7.672007	-0.006104	-0.002861	0.009155	-0.571777	-0.490479	-0.956055
29894	6.616058	-0.593605	7.635395	-0.004387	0.005913	0.007629	-0.571777	-0.488281	-0.964355
29895	6.609842	-0.617152	7.653982	-0.003052	0.005531	0.017548	-0.578369	-0.492432	-0.960693
29896	6.58511	-0.631198	7.715049	-0.017738	-0.000763	0.012779	-0.578369	-0.488281	-0.966309
29897	6.598033	-0.616745	7.63536	0.002289	-0.004387	0.011444	-0.57373	-0.494629	-0.960938
29898	6.585776	-0.599389	7.665682	-0.009155	0.002289	0.006866	-0.574219	-0.483887	-0.964355
29899	6.585565	-0.592354	7.659999	-0.006866	0.003242	0.001526	-0.569336	-0.494629	-0.956055
29900	6.579264	-0.611491	7.653901	-0.007248	0.000572	0.005913	-0.573975	-0.490479	-0.961182
29901	6.573702	-0.616823	7.64749	0.001526	-0.006676	0.01297	-0.576172	-0.492432	-0.960938
29902	6.61064	-0.587189	7.598231	-0.008202	-0.004387	0.005341	-0.576172	-0.488281	-0.966553
29903	6.578911	-0.641018	7.593349	0.005341	0.016975	0.010681	-0.571533	-0.492676	-0.961182
29904	6.578093	-0.61768	7.697571	-0.011635	0.000763	0.012016	-0.578857	-0.483887	-0.95874
29905	6.591634	-0.629094	7.684431	-0.000763	0.003242	0.012207	-0.573975	-0.490479	-0.961182
29906	6.591234	-0.605244	7.666256	0.000191	0.004387	0.004387	-0.569336	-0.488281	-0.967041
29907	6.591711	-0.610967	7.659937	-0.002289	0.000954	0.016022	-0.57373	-0.490479	-0.966553
29908	6.597692	-0.598941	7.623341	0.0103	0.000572	-0.001526	-0.578613	-0.481934	-0.969482
29909	6.604264	-0.61036	7.659687	-0.001526	-0.006676	-0.001526	-0.573975	-0.486084	-0.964111
29910	6.604618	-0.598847	7.634855	-0.002861	-0.004768	0.015068	-0.573975	-0.488281	-0.95874
29911	6.603679	-0.610775	7.647952	-0.003815	0.00782	0.008392	-0.573975	-0.492432	-0.955811
29912	6.5912	-0.592915	7.605395	-0.001907	-0.001717	-0.001717	-0.576172	-0.490234	-0.960938
29913	6.609579	-0.622795	7.62373	-0.006866	0.013924	-0.000763	-0.573975	-0.492432	-0.958496
29914	6.620524	-0.653451	7.624802	0.00267	0.019455	0.0	-0.573975	-0.488281	-0.961426
29915	6.615807	-0.646914	7.751815	-0.003052	0.010872	-0.005341	-0.571777	-0.490479	-0.95874
29916	6.590431	-0.610651	7.660985	-0.003242	0.012589	0.008202	-0.574219	-0.486084	-0.96167
29917	6.561286	-0.597856	7.720964	0.005531	0.0	-0.002289	-0.567139	-0.490479	-0.959229
29918	6.560957	-0.554535	7.709044	0.00782	0.008583	-0.003242	-0.573975	-0.488281	-0.964111
29919	6.555263	-0.592262	7.690338	0.000763	-0.002861	0.007629	-0.571777	-0.488281	-0.964355
29920	6.585327	-0.58018	7.61731	0.004578	0.012016	0.001335	-0.573975	-0.486084	-0.969482
29921	6.567089	-0.592497	7.690646	-0.005341	0.007057	0.007629	-0.571533	-0.488281	-0.966797
29922	6.566715	-0.544385	7.678589	-0.003242	-0.000191	0.002861	-0.571777	-0.488281	-0.958984
29923	6.561113	-0.579959	7.660045	0.009155	0.003242	0.014496	-0.571533	-0.492432	-0.958496
29924	6.5547	-0.599026	7.635723	-0.007248	0.001717	0.009727	-0.571777	-0.486084	-0.967041
29925	6.561021	-0.58018	7.660108	-0.003815	0.006294	0.006104	-0.57373	-0.492432	-0.963623
29926	6.566669	-0.605738	7.672469	-0.008011	0.00267	0.012779	-0.576172	-0.490479	-0.963623
29927	6.591735	-0.561416	7.65387	0.010681	0.000954	0.009155	-0.571533	-0.492676	-0.961182
29928	6.561247	-0.58	7.617119	-0.004768	-0.004578	0.005341	-0.573975	-0.488281	-0.964111
29929	6.561091	-0.622759	7.647851	0.004578	0.004005	0.011444	-0.571777	-0.490479	-0.961426
29930	6.579148	-0.586953	7.629596	-0.007057	0.000954	0.008202	-0.573975	-0.488281	-0.964111
29931	6.555231	-0.549792	7.672038	-0.004578	-0.002098	0.009155	-0.576172	-0.488281	-0.966553
29932	6.579528	-0.575605	7.672001	-0.00515	0.00267	0.019073	-0.576172	-0.488281	-0.963867
29933	6.561299	-0.592215	7.720917	0.004578	-0.001335	0.010681	-0.573975	-0.492432	-0.958496
29934	6.592146	-0.586308	7.59848	0.002098	-0.009346	0.002098	-0.569336	-0.488281	-0.964355
29935	6.567148	-0.574538	7.69057	-0.014496	0.005531	0.007629	-0.571777	-0.490479	-0.961426
29936	6.615835	-0.612117	7.623383	0.00267	-0.003242	0.007439	-0.573975	-0.490479	-0.963867
29937	6.573798	-0.629426	7.653478	-0.011444	-0.008965	0.009918	-0.571777	-0.490479	-0.95874
29938	6.580446	-0.606251	7.658875	-0.005531	-0.00782	0.00515	-0.573975	-0.488281	-0.966797
29939	6.554913	-0.592699	7.629569	-0.010681	0.006294	0.007629	-0.571533	-0.494629	-0.955811
29940	6.554846	-0.574884	7.641693	0.015068	-0.007248	0.012016	-0.57373	-0.492676	-0.966309
29941	6.573704	-0.611102	7.623044	-0.009155	-0.006676	0.012207	-0.571533	-0.492676	-0.963867
29942	6.610619	-0.600127	7.616466	-0.005531	-0.004005	0.007439	-0.576416	-0.488281	-0.958496
29943	6.585655	-0.574229	7.672114	-0.003815	0.000191	0.010681	-0.569336	-0.492676	-0.95874
29944	6.561494	-0.606246	7.66558	-0.013161	-0.009155	0.013542	-0.574219	-0.483887	-0.964355
29945	6.598241	-0.580662	7.598518	-0.004578	-0.01049	0.019836	-0.569336	-0.492676	-0.95874
29946	6.580137	-0.581545	7.683667	0.003242	0.002861	0.003624	-0.572021	-0.479736	-0.964844
29947	6.610252	-0.604413	7.623153	0.002289	-0.004387	0.007629	-0.569092	-0.494873	-0.963867
29948	6.58575	-0.611381	7.677986	-0.005913	0.004959	0.012779	-0.573975	-0.488281	-0.961426
29949	6.573489	-0.604775	7.635454	0.0	-0.001335	0.016022	-0.576172	-0.494629	-0.955322
29950	6.567596	-0.605866	7.665605	-0.006485	-0.006104	0.006866	-0.578369	-0.488281	-0.97168
29951	6.579789	-0.598446	7.653614	0.0	-0.005913	0.009155	-0.57373	-0.494629	-0.960938
29952	6.57371	-0.574769	7.610715	-0.003815	0.003624	0.006866	-0.571777	-0.488281	-0.964355
29953	6.567488	-0.616864	7.617064	-0.001526	-0.003624	0.010681	-0.571777	-0.490479	-0.956055
29954	6.585949	-0.617374	7.647358	0.008774	-0.00267	0.012016	-0.576172	-0.488281	-0.963867
29955	6.591868	-0.592323	7.641519	0.003815	-0.002861	0.01297	-0.57373	-0.494629	-0.958252
29956	6.585714	-0.58048	7.610952	-0.003433	0.002098	-0.001717	-0.573975	-0.488281	-0.969238
29957	6.579747	-0.586509	7.592593	-0.003815	-0.00515	0.01297	-0.571533	-0.488281	-0.969482
29958	6.604369	-0.61174	7.622829	0.000572	-0.00248	0.00515	-0.571777	-0.488281	-0.964355
29959	6.610167	-0.598664	7.65982	-0.007629	-0.002098	0.006866	-0.576172	-0.492432	-0.960938
29960	6.585477	-0.636188	7.653759	-0.000572	0.007248	0.010681	-0.578369	-0.492432	-0.963379
29961	6.597813	-0.603882	7.617292	0.007629	0.00248	-0.002289	-0.571533	-0.492676	-0.963867
29962	6.57345	-0.584912	7.647695	0.004768	-0.003624	-0.005341	-0.578613	-0.488281	-0.963623
29963	6.592242	-0.586435	7.665595	-0.008392	-0.012016	0.005341	-0.576172	-0.494629	-0.960693
29964	6.598857	-0.580896	7.707701	-0.001144	-0.00248	-0.000954	-0.578613	-0.488281	-0.963623
29965	6.591887	-0.574633	7.635352	-0.009155	-0.003624	0.016785	-0.57373	-0.494629	-0.963623
29966	6.603994	-0.612136	7.629106	0.00782	0.002098	0.008202	-0.580811	-0.483887	-0.974365
29967	6.579789	-0.623009	7.604772	-0.004578	-0.005913	0.008392	-0.57373	-0.494629	-0.963623
29968	6.586031	-0.599372	7.653348	-0.000763	0.000572	0.007439	-0.576416	-0.488281	-0.958496
29969	6.597831	-0.617101	7.690438	-0.007629	0.000954	0.010681	-0.573975	-0.492432	-0.955811
29970	6.628136	-0.594037	7.666043	-0.005531	0.001335	0.013542	-0.572021	-0.483887	-0.956543
29971	6.592139	-0.610678	7.665695	0.0	-0.009727	0.009918	-0.576416	-0.488281	-0.961182
29972	6.586331	-0.605556	7.65922	-0.008202	0.0	0.009918	-0.571777	-0.484131	-0.9646
29973	6.628487	-0.580027	7.62932	0.006866	-0.002861	0.013733	-0.576172	-0.492432	-0.958252
29974	6.622084	-0.60515	7.629453	-0.005341	0.008011	0.006676	-0.581055	-0.486084	-0.960938
29975	6.591715	-0.598414	7.641651	0.006104	0.000954	0.015259	-0.573975	-0.490479	-0.963867
29976	6.579145	-0.61758	7.653983	-0.010681	0.006294	0.004387	-0.575928	-0.490479	-0.97168
29977	6.603943	-0.579557	7.641675	0.014496	0.000954	0.008392	-0.576172	-0.490234	-0.960938
29978	6.597611	-0.622756	7.64783	-0.008583	0.001717	0.01049	-0.578369	-0.490479	-0.96875
29979	6.585716	-0.61696	7.60492	-0.005341	-0.001335	0.009155	-0.576172	-0.488281	-0.969238
29980	6.604236	-0.599361	7.635094	-0.001907	-0.006294	0.002861	-0.576416	-0.486084	-0.964111
29981	6.604177	-0.585922	7.665868	0.007629	-0.00515	0.008392	-0.578369	-0.492432	-0.963379
29982	6.604145	-0.628929	7.641323	0.000763	0.003052	0.008965	-0.57373	-0.490479	-0.969238
29983	6.598125	-0.616275	7.671941	0.005341	-0.005913	0.000763	-0.583252	-0.488037	-0.960693
29984	6.598225	-0.616306	7.677879	0.006104	0.000572	0.011253	-0.573975	-0.486084	-0.966797
29985	6.603811	-0.604519	7.61123	-0.003815	0.004768	0.003815	-0.569336	-0.494629	-0.961182
29986	6.591562	-0.604955	7.659966	-0.001717	-0.004005	0.002098	-0.576172	-0.490479	-0.968994
29987	6.598014	-0.604604	7.610957	-0.010681	-0.002861	-0.001526	-0.57373	-0.490479	-0.966553
29988	6.567754	-0.593216	7.635025	0.000191	-0.005722	0.012779	-0.576416	-0.488281	-0.961182
29989	6.609881	-0.598022	7.623497	-0.000763	0.006294	-0.004578	-0.576172	-0.490234	-0.960938
29990	6.591007	-0.61046	7.611712	0.000572	0.007439	0.009727	-0.580811	-0.486084	-0.968994
29991	6.61604	-0.604479	7.623421	-0.000763	0.004005	0.006104	-0.576416	-0.490234	-0.955811
29992	6.627645	-0.610499	7.629952	0.016594	0.009537	0.009155	-0.576172	-0.488281	-0.963867
29993	6.62216	-0.580391	7.629486	-0.005341	0.003242	0.010681	-0.57373	-0.492676	-0.966309
29994	6.615691	-0.629332	7.635753	0.006485	0.004196	-0.006866	-0.576172	-0.490479	-0.968994
29995	6.597387	-0.629036	7.660323	0.000763	0.012398	0.012207	-0.575928	-0.492432	-0.966064
29996	6.608636	-0.617401	7.618302	0.003624	0.0103	0.009727	-0.576172	-0.488281	-0.966553
29997	6.591665	-0.585595	7.605121	0.003052	0.004005	-0.006866	-0.578369	-0.488281	-0.966309
29998	6.597227	-0.640553	7.623787	-0.004768	0.009727	0.00515	-0.578613	-0.486084	-0.961182
29999	6.573021	-0.616186	7.629817	0.01297	0.011635	0.006866	-0.571533	-0.492676	-0.961182
30000	6.602574	-0.610459	7.667143	-0.012779	0.012207	0.002861	-0.57373	-0.486328	-0.974854
30001	6.597584	-0.573754	7.586943	0.005341	0.00782	0.006866	-0.573975	-0.490479	-0.963867
30002	6.591026	-0.598133	7.593349	0.001335	0.002861	-0.001717	-0.578613	-0.483887	-0.964111
30003	6.567168	-0.585785	7.592971	0.005341	0.005531	0.001526	-0.578369	-0.492432	-0.96582
30004	6.591095	-0.573847	7.617638	-0.006104	0.005531	0.00515	-0.578369	-0.490234	-0.966064
30005	6.549096	-0.555246	7.684318	0.01297	-0.001335	0.009918	-0.567139	-0.490479	-0.961914
30006	6.50005	-0.531118	7.672161	-0.006676	0.004768	0.004387	-0.576172	-0.488281	-0.969238
30007	6.554698	-0.573782	7.605388	0.009155	0.011635	0.012207	-0.576416	-0.488281	-0.961182
30008	6.560252	-0.641426	7.605693	-0.001907	-0.001335	0.008965	-0.580811	-0.488281	-0.966064
30009	6.55511	-0.592333	7.659946	-0.007629	0.001717	0.0	-0.571533	-0.492676	-0.961182
30010	6.573005	-0.599413	7.641804	-0.003433	0.006485	0.014305	-0.576172	-0.486084	-0.969238
30011	6.567593	-0.586788	7.629148	-0.009155	-0.006676	0.015259	-0.57373	-0.494629	-0.960938
30012	6.59868	-0.557404	7.628458	-0.001907	-0.010872	0.005913	-0.583252	-0.483887	-0.960938
30013	6.549054	-0.592843	7.690384	-0.009155	-0.000572	0.013733	-0.57373	-0.492432	-0.963623
30014	6.5918	-0.57545	7.665733	0.00515	-0.003242	0.008965	-0.576416	-0.483887	-0.966797
30015	6.597998	-0.592022	7.611001	0.003815	-0.002861	0.003815	-0.576172	-0.492432	-0.958252
30016	6.579632	-0.574355	7.647595	-0.011253	0.003433	0.005913	-0.576172	-0.488281	-0.97168
30017	6.598304	-0.598826	7.653408	-0.009918	-0.011253	0.009155	-0.578369	-0.492432	-0.960693
30018	6.567954	-0.557177	7.671401	-0.001335	0.004387	0.008392	-0.578613	-0.486084	-0.966553
30019	6.54908	-0.59917	7.59879	-0.014496	-0.001335	0.014496	-0.575928	-0.496826	-0.957764
30020	6.530703	-0.576085	7.678063	0.004196	0.000572	0.012779	-0.576416	-0.481934	-0.969727
30021	6.592248	-0.605144	7.671661	-0.012207	-0.012779	0.01297	-0.573975	-0.488281	-0.961426
30022	6.598929	-0.649287	7.670976	-0.002098	-0.005531	0.012779	-0.578369	-0.488281	-0.97168
30023	6.610084	-0.610383	7.629412	0.003815	0.000191	0.005341	-0.57373	-0.492676	-0.966309
30024	6.60419	-0.647458	7.684052	-0.001144	-0.008202	0.01049	-0.580566	-0.490234	-0.968506
30025	6.585891	-0.623035	7.647496	-0.004578	-0.005913	0.009155	-0.580566	-0.492432	-0.96582
30026	6.586101	-0.612225	7.677657	-0.008392	-0.001907	0.015259	-0.580566	-0.488281	-0.971436
30027	6.585583	-0.610858	7.647759	-0.000763	0.001717	0.014496	-0.580566	-0.494629	-0.965576
30028	6.622463	-0.636161	7.635092	-0.008583	-0.011444	0.000572	-0.576172	-0.486084	-0.966553
30029	6.591974	-0.647349	7.647521	-0.004578	-0.00515	0.006104	-0.573975	-0.490479	-0.961182
30030	6.598158	-0.630316	7.64718	-0.011444	-0.000381	0.013733	-0.571533	-0.488281	-0.966797
30031	6.603681	-0.628997	7.58082	-0.001526	0.00782	0.008392	-0.576172	-0.490234	-0.960938
30032	6.615736	-0.62345	7.654108	0.001907	-0.005531	0.006104	-0.583008	-0.488037	-0.96582
30033	6.609985	-0.659544	7.623365	-0.002289	0.00248	0.008392	-0.578369	-0.488281	-0.966309
30034	6.609851	-0.635908	7.623329	-0.000191	-0.001717	0.011253	-0.580811	-0.486084	-0.968994
30035	6.616149	-0.610776	7.684346	-0.003815	0.000954	0.008392	-0.575928	-0.498779	-0.960205
30036	6.597667	-0.61713	7.592826	0.00267	0.001335	-0.00248	-0.576172	-0.490479	-0.966309
30037	6.591321	-0.634758	7.593187	0.001526	0.012398	0.001526	-0.57373	-0.492432	-0.963623
30038	6.596774	-0.604568	7.636385	0.001335	0.003624	0.011253	-0.576172	-0.486084	-0.969238
30039	6.616049	-0.561851	7.550166	-0.005341	0.004005	0.003815	-0.571533	-0.494629	-0.963623
30040	6.645708	-0.544139	7.63013	-0.002289	0.016594	0.002289	-0.580811	-0.488281	-0.966064
30041	6.732029	-0.678208	7.904118	-0.01297	0.003242	0.006104	-0.571289	-0.499023	-0.960693
30042	6.677755	-0.915708	7.775262	0.029373	-0.022507	-0.003242	-0.578369	-0.488281	-0.97168
30043	6.745891	-1.204389	7.83625	0.059509	-0.030327	-0.052643	-0.57373	-0.494629	-0.963623
30044	7.005383	-0.996975	7.920148	0.108147	-0.032425	-0.100899	-0.576416	-0.483887	-0.966797
30045	6.952986	-0.910519	7.739604	0.154877	-0.01049	-0.147247	-0.57373	-0.494629	-0.966064
30046	7.143412	-0.867139	7.588666	0.191116	0.016403	-0.187874	-0.580811	-0.488037	-0.960693
30047	6.779258	-0.389262	7.808607	0.184631	0.054359	-0.187683	-0.571289	-0.503174	-0.957764
30048	6.633333	0.287313	7.542799	0.148582	0.063705	-0.155067	-0.575684	-0.499023	-0.970947
30049	7.198405	-0.99562	7.597837	0.170136	0.116921	-0.138855	-0.575684	-0.509521	-0.956787
30050	6.341291	-1.116308	7.834061	0.237465	0.15049	-0.18692	-0.575684	-0.503174	-0.967773
30051	6.41554	0.11834	7.548294	0.244331	0.139618	-0.167084	-0.570801	-0.516113	-0.959229
30052	6.392721	-0.037536	7.649138	0.206375	0.141716	-0.145149	-0.575439	-0.511719	-0.961914
30053	6.183375	-0.117787	7.310819	0.18158	0.155067	-0.121307	-0.570801	-0.518066	-0.956543
30054	5.9708	0.05877	7.672703	0.123978	0.122833	-0.081062	-0.566162	-0.511963	-0.965332
30055	6.557601	0.267728	7.266313	0.098419	0.099373	-0.05188	-0.563721	-0.520508	-0.959473
30056	6.134736	0.043413	7.632404	0.042534	0.101471	-0.019264	-0.570557	-0.518311	-0.964355
30057	6.667462	-0.570873	8.072092	0.055695	0.092506	-0.018311	-0.561523	-0.520508	-0.962402
30058	7.702009	-1.102589	7.778354	0.144196	0.159836	-0.078583	-0.563721	-0.520508	-0.964844
30059	7.23602	-0.720312	7.687717	0.20237	0.241852	-0.119782	-0.559082	-0.520508	-0.967773
30060	6.404554	-0.37305	7.85593	0.218582	0.261879	-0.119972	-0.561035	-0.526855	-0.967041
30061	6.113091	-0.336	7.728398	0.219917	0.231171	-0.111389	-0.558838	-0.53125	-0.96167
30062	5.968244	0.02088	7.649197	0.174904	0.200462	-0.101662	-0.556641	-0.522705	-0.968018
30063	6.1033	0.02073	7.689331	0.141144	0.164223	-0.101471	-0.556152	-0.537598	-0.964111
30064	6.292712	-0.073275	7.620348	0.124931	0.156403	-0.081062	-0.553955	-0.531494	-0.972656
30065	6.262982	-0.127628	7.877887	0.101471	0.136757	-0.084686	-0.556396	-0.533447	-0.964355
30066	7.044889	-0.312917	7.901634	0.137711	0.163269	-0.096893	-0.551514	-0.533447	-0.972656
30067	7.394231	-0.512557	7.883121	0.190163	0.245667	-0.131226	-0.549316	-0.541992	-0.958984
30068	6.658726	-0.140112	7.851552	0.217247	0.299835	-0.144386	-0.553711	-0.537842	-0.972168
30069	5.921658	0.297265	7.86311	0.177193	0.274658	-0.115967	-0.540039	-0.542236	-0.962402
30070	5.68775	0.443534	7.876253	0.139427	0.226784	-0.087929	-0.540283	-0.538086	-0.965332
30071	5.809174	0.383456	7.79952	0.080872	0.188637	-0.06485	-0.542236	-0.548584	-0.964355
30072	5.947788	0.209404	7.913712	0.065422	0.160217	-0.043678	-0.540039	-0.544434	-0.964844
30073	6.031206	0.148311	7.743255	0.019836	0.132942	-0.035095	-0.541992	-0.546631	-0.969727
30074	5.899741	0.138785	8.000078	0.011826	0.096893	-0.013924	-0.541992	-0.550781	-0.969482
30075	6.453642	-0.218158	7.986577	0.018311	0.097847	-0.02594	-0.535156	-0.552979	-0.9646
30076	6.657728	-0.274396	8.073957	0.037575	0.140381	-0.051117	-0.537842	-0.542236	-0.965332
30077	6.82929	-0.244874	8.025848	0.07019	0.168037	-0.074768	-0.530518	-0.555176	-0.964844
30078	6.905659	-0.080849	7.941531	0.07515	0.217056	-0.090981	-0.535156	-0.551025	-0.972656
30079	6.356429	-0.139225	7.960641	0.090981	0.241852	-0.114441	-0.530518	-0.551025	-0.970459
30080	6.135881	0.021329	8.011506	0.089455	0.232315	-0.115204	-0.530518	-0.551025	-0.970459
30081	6.295298	-0.192727	8.107071	0.110054	0.241089	-0.134277	-0.519043	-0.557617	-0.963135
30082	6.391236	0.013198	7.915852	0.098991	0.267601	-0.132179	-0.530273	-0.555176	-0.9729
30083	6.032042	0.288732	7.978814	0.099373	0.257111	-0.132752	-0.52124	-0.55957	-0.962646
30084	5.548385	0.26505	8.015851	0.058937	0.226975	-0.118446	-0.520996	-0.559814	-0.973145
30085	5.936382	-0.256179	8.136253	0.065613	0.211525	-0.121307	-0.516602	-0.559814	-0.968262
30086	6.20673	-0.084619	7.93597	0.074387	0.209808	-0.112915	-0.516846	-0.55542	-0.971436
30087	5.942371	0.219974	8.020094	0.08316	0.210762	-0.101471	-0.505127	-0.564209	-0.97168
30088	5.523061	0.279565	8.042648	0.061607	0.190353	-0.087929	-0.51416	-0.562012	-0.976318
30089	5.187983	0.039674	8.023959	0.036621	0.152016	-0.061035	-0.513916	-0.570557	-0.970215
30090	5.220594	-0.089102	8.067184	0.038528	0.099945	-0.034332	-0.507324	-0.562012	-0.97168
30091	5.490738	-0.01049	8.235263	0.036621	0.058937	-0.007629	-0.511963	-0.566162	-0.968262
30092	5.877669	0.309442	7.950983	0.029564	0.034332	0.008392	-0.509521	-0.562012	-0.976807
30093	5.717741	0.188464	8.130781	0.001526	0.031471	0.028229	-0.51416	-0.566162	-0.965332
30094	6.094481	0.022748	8.205202	0.02327	0.008774	0.032806	-0.50708	-0.566406	-0.976562
30095	6.017156	-0.043348	8.087832	0.01297	0.022316	0.038147	-0.511719	-0.566406	-0.970947
30096	5.460913	0.058949	8.069946	0.013542	-0.001526	0.057983	-0.511719	-0.564209	-0.976318
30097	4.989291	0.107584	7.987836	-0.006104	-0.066948	0.081635	-0.507324	-0.566406	-0.966064
30098	5.222706	-0.173282	7.921463	-0.012589	-0.132751	0.123405	-0.516357	-0.563965	-0.970703
30099	5.482061	0.055272	7.99071	-0.031281	-0.1791	0.164795	-0.511719	-0.568359	-0.965332
30100	5.676634	0.56659	7.924326	-0.06752	-0.230217	0.170898	-0.518799	-0.566162	-0.967529
30101	5.979513	0.570035	7.976417	-0.107384	-0.244141	0.184631	-0.516602	-0.563965	-0.965332
30102	6.005714	0.151861	7.95502	-0.137901	-0.263024	0.203705	-0.52124	-0.559814	-0.970703
30103	6.034814	-0.102902	8.201278	-0.132561	-0.261688	0.196076	-0.520996	-0.561768	-0.970459
30104	6.049701	0.020976	8.069737	-0.13504	-0.258446	0.195313	-0.532715	-0.555176	-0.967285
30105	6.151389	0.427166	8.115925	-0.138664	-0.265503	0.216675	-0.530518	-0.557373	-0.961914
30106	6.282249	0.420484	7.843709	-0.168038	-0.25692	0.196838	-0.533203	-0.544434	-0.968262
30107	5.894306	0.334017	7.756308	-0.19455	-0.261498	0.215149	-0.535156	-0.552979	-0.9646
30108	5.600246	0.249407	7.930502	-0.238991	-0.306702	0.236511	-0.537598	-0.544434	-0.970459
30109	6.324083	0.183641	7.79017	-0.266838	-0.328827	0.23346	-0.537598	-0.546631	-0.964844
30110	5.893627	0.501418	7.773397	-0.308037	-0.331688	0.254822	-0.546875	-0.540039	-0.967285
30111	5.527273	0.423388	7.833139	-0.3685	-0.387383	0.279999	-0.546875	-0.546387	-0.961426
30112	6.314858	-0.200427	7.822377	-0.406266	-0.431252	0.311089	-0.549805	-0.53125	-0.959961
30113	5.992769	-0.240968	7.743338	-0.449372	-0.4591	0.331879	-0.552002	-0.533447	-0.956787
30114	5.969802	-0.207748	7.854261	-0.507738	-0.512697	0.355531	-0.561523	-0.522705	-0.957031
30115	6.763258	-0.392758	7.819098	-0.528718	-0.498773	0.354005	-0.568359	-0.522461	-0.956299
30116	7.180016	-0.749021	7.707581	-0.466729	-0.418473	0.325013	-0.566406	-0.507568	-0.965576
30117	6.678631	-0.488447	8.166202	-0.365449	-0.349236	0.289154	-0.568848	-0.513916	-0.948975
30118	7.03306	-0.681846	8.011137	-0.316811	-0.325966	0.259209	-0.575928	-0.498779	-0.955078
30119	6.924756	-0.770055	8.07113	-0.273895	-0.25692	0.2388	-0.575928	-0.500977	-0.952148
30120	6.700113	-0.628432	8.077363	-0.229073	-0.25444	0.21801	-0.575928	-0.496826	-0.963135
30121	6.807921	-0.643784	7.932093	-0.210381	-0.232697	0.199127	-0.578613	-0.490234	-0.952881
30122	6.441183	-0.47581	7.763723	-0.172615	-0.249672	0.204277	-0.583008	-0.492188	-0.954834
30123	6.370097	-0.538455	8.053774	-0.1791	-0.267029	0.199127	-0.580811	-0.490234	-0.955322
30124	6.586261	-0.638539	7.758543	-0.166512	-0.31395	0.208092	-0.590332	-0.483643	-0.952393
30125	6.500842	-0.751053	8.008488	-0.145722	-0.338555	0.205994	-0.587891	-0.48584	-0.949707
30126	6.412088	-0.568235	7.862791	-0.135422	-0.383377	0.224877	-0.597412	-0.481201	-0.946533
30127	6.583735	-0.702795	8.048277	-0.137139	-0.425721	0.230408	-0.597412	-0.483398	-0.941162
30128	6.526551	-0.875552	8.023601	-0.123024	-0.485612	0.257683	-0.599609	-0.477051	-0.952148
30129	6.466317	-0.629431	8.106092	-0.109863	-0.537682	0.263977	-0.606689	-0.476807	-0.938232
30130	6.778593	-0.907872	7.985394	-0.122452	-0.629808	0.285912	-0.611328	-0.470459	-0.943604
30131	6.680801	-0.899798	7.988997	-0.124359	-0.73147	0.294495	-0.615967	-0.474365	-0.935059
30132	6.705025	-0.981128	8.391343	-0.163651	-0.890926	0.307466	-0.62793	-0.459229	-0.937744
30133	6.392932	-0.744609	8.83437	-0.17624	-1.049619	0.329592	-0.634766	-0.459229	-0.929199
30134	6.515769	-0.920715	9.111272	-0.253489	-1.267061	0.344279	-0.646484	-0.456787	-0.923096
30135	5.784976	-1.041304	9.33825	-0.259211	-1.446547	0.344089	-0.662598	-0.458496	-0.910889
30136	6.969841	-1.180556	8.445735	-0.290684	-1.814487	0.335317	-0.674561	-0.443359	-0.908447
30137	6.539525	-1.389875	9.208037	-0.28153	-2.080384	0.298315	-0.688232	-0.449463	-0.893555
30138	6.775728	-1.378758	8.682666	-0.306137	-2.370701	0.256163	-0.708984	-0.438232	-0.892578
30139	7.029329	-1.302771	8.689252	-0.307283	-2.638323	0.218207	-0.729736	-0.442139	-0.879883
30140	6.909497	-0.802744	8.188027	-0.37309	-2.85025	0.245484	-0.746338	-0.426758	-0.868896
30141	6.756723	-0.438702	9.192958	-0.540755	-3.048829	0.325025	-0.769287	-0.432617	-0.845215
30142	6.584604	-0.452353	9.909681	-0.798269	-3.496932	0.428414	-0.79541	-0.412842	-0.826172
30143	7.005937	-0.228021	9.532014	-0.969001	-3.92617	0.659989	-0.816162	-0.414307	-0.810791
30144	7.153813	-0.44519	9.41434	-1.12887	-4.394734	0.942696	-0.848877	-0.400879	-0.785156
30145	7.869939	-0.253677	10.009415	-1.40683	-4.887949	1.248312	-0.877686	-0.383057	-0.749756
30146	9.094104	0.202843	11.42017	-1.735556	-5.434821	1.454182	-0.899658	-0.36084	-0.718018
30147	9.627001	-0.112217	11.889424	-1.902342	-5.989936	1.63374	-0.937744	-0.340576	-0.671143
30148	11.235155	-0.10671	11.895588	-2.041711	-6.865545	1.891187	-0.976318	-0.309814	-0.620117
30149	12.374282	-0.739947	12.29445	-1.819152	-7.673444	1.765922	-1.005371	-0.293701	-0.558105
30150	14.910115	-1.497077	11.609107	-1.745394	-8.338512	1.810455	-1.035156	-0.264893	-0.494385
30151	18.29585	-2.415665	11.300794	-1.503292	-8.60496	1.508825	-1.057617	-0.251221	-0.424805
30152	20.770844	-5.411562	11.838957	-1.420894	-8.909639	1.295157	-1.077881	-0.229004	-0.356201
30153	29.251309	-7.441416	5.389586	-1.176013	-8.005243	0.680729	-1.084473	-0.221924	-0.279541
30154	31.625479	-2.250111	14.684308	-0.934925	-5.774179	0.328302	-1.080811	-0.213135	-0.246094
30155	24.137768	4.606648	16.887592	-0.3798	-5.360306	0.710384	-1.088867	-0.208496	-0.198242
30156	15.660389	7.088581	18.223218	-0.354594	-3.321624	0.972606	-1.089844	-0.195312	-0.172852
30157	-0.403801	3.139383	15.052908	-0.27619	-1.376947	1.88603	-1.08374	-0.18042	-0.166748
30158	18.524751	1.91076	8.354419	-1.141238	-3.373358	1.554778	-1.087402	-0.161133	-0.13916
30159	15.756166	5.356393	20.14305	-0.255586	-0.380518	0.946812	-1.085205	-0.154785	-0.142578
30160	12.126799	7.812613	18.001468	-0.025749	1.248559	0.121308	-1.087402	-0.144287	-0.166992
30161	3.826341	12.041638	15.198381	-0.373658	2.291159	-0.167088	-1.088867	-0.148682	-0.195557
30162	0.71858	10.350582	13.024117	-0.639939	2.842624	-0.416389	-1.08374	-0.142578	-0.23877
30163	-0.152746	8.336252	11.664635	-0.753057	3.226814	-0.619536	-1.082764	-0.151611	-0.275146
30164	-0.291923	6.069348	10.747062	-0.612102	3.492167	-0.855493	-1.08667	-0.147461	-0.312256
30165	0.536085	4.246814	10.668193	-0.212874	3.792249	-1.165848	-1.07373	-0.162842	-0.351807
30166	2.034643	3.503028	10.207899	0.237866	4.173051	-1.520854	-1.074951	-0.165283	-0.39624
30167	3.528304	3.844605	9.614713	0.579131	4.646214	-1.769441	-1.061768	-0.185303	-0.44873
30168	4.734556	4.226545	8.949457	0.736712	5.158704	-1.900726	-1.046387	-0.196777	-0.515137
30169	5.277643	4.098557	8.507819	0.713647	5.650417	-1.919082	-1.02417	-0.2146	-0.565918
30170	6.011096	2.79542	8.029581	0.73064	6.091977	-1.932096	-1.0	-0.217529	-0.625977
30171	7.037165	1.482908	7.732979	0.737329	6.405322	-1.926786	-0.964111	-0.242188	-0.674805
30172	7.709349	0.371772	7.669525	0.835588	6.657424	-1.902584	-0.931152	-0.239014	-0.741455
30173	8.232384	-0.514491	7.599251	0.976004	6.772697	-1.858147	-0.890381	-0.261475	-0.796143
30174	8.960073	-1.324933	7.737275	1.215814	6.834158	-1.790239	-0.845947	-0.266846	-0.855225
30175	9.871103	-1.456663	8.051971	1.432348	6.857452	-1.722328	-0.794189	-0.283203	-0.900879
30176	10.892859	-1.655707	8.64535	1.617021	6.851354	-1.65117	-0.738281	-0.299561	-0.949463
30177	11.307114	-1.795797	9.303373	1.732241	6.745246	-1.587251	-0.684326	-0.324219	-0.986816
30178	12.703453	-2.181948	10.888823	1.869584	6.572159	-1.535157	-0.624023	-0.329834	-1.031494
30179	15.168901	-3.074799	12.794577	2.080195	6.469704	-1.584947	-0.565918	-0.348389	-1.061523
30180	17.107213	-3.185825	14.01924	2.225367	6.334425	-1.687005	-0.512451	-0.364502	-1.088867
30181	19.620222	-3.19398	16.35326	2.317498	6.173573	-1.805466	-0.447754	-0.386963	-1.105957
30182	22.936684	-3.746715	18.353299	2.332562	6.076261	-1.909813	-0.385498	-0.396973	-1.134766
30183	28.179796	-3.989408	18.981531	2.319022	6.107177	-1.945872	-0.323242	-0.417236	-1.135986
30184	33.101657	-6.600613	16.630284	2.235302	6.387121	-1.928918	-0.254395	-0.427246	-1.154541
30185	35.533882	-5.713732	12.237332	2.12391	6.640535	-1.810084	-0.183105	-0.445557	-1.162109
30186	33.846026	-4.30201	7.729619	1.693322	6.781683	-1.454853	-0.110596	-0.447021	-1.158203
30187	29.280832	-5.072757	2.393974	1.028826	6.534275	-1.100365	-0.04248	-0.452393	-1.145264
30188	24.804439	-6.898282	-4.093229	0.361686	5.823787	-0.823331	0.018066	-0.436279	-1.144287
30189	22.093686	-4.634537	-12.281424	-0.215172	5.001787	-0.527247	0.060791	-0.432861	-1.124756
30190	22.466173	-6.238076	-19.336488	-0.641868	4.061985	0.062184	0.107666	-0.416504	-1.114746
30191	21.473641	-16.321032	-24.525256	0.084117	2.852728	0.191504	0.13916	-0.416992	-1.101562
30192	17.543253	-16.434278	-23.954924	1.169603	1.389142	-0.434882	0.159424	-0.415283	-1.101074
30193	18.377768	-6.091656	-22.112836	1.21461	-0.198175	-0.72785	0.157471	-0.421631	-1.105469
30194	20.591999	-2.073711	-17.560914	0.488858	-1.321614	-0.544935	0.145996	-0.410645	-1.115967
30195	23.17167	-2.201575	-11.126737	-0.312048	-1.96594	-0.603496	0.130371	-0.416992	-1.116699
30196	22.956886	1.146368	-2.175495	-1.014354	-2.110155	-0.878548	0.107178	-0.395264	-1.126953
30197	15.293956	5.837229	22.572176	-2.536698	-2.033326	-0.59512	0.094971	-0.375732	-1.130371
30198	-6.931756	2.538988	19.330145	-1.647843	-2.81787	-1.280469	0.060303	-0.347656	-1.145508
30199	-7.5132	-1.803562	27.039035	-0.627925	-2.666391	-1.512971	0.032959	-0.346924	-1.140381
30200	4.447229	-1.735796	0.049756	-1.025078	-3.63546	-1.365563	-0.006592	-0.324951	-1.146484
30201	12.902827	-14.770222	-1.466248	-1.115518	-4.426785	-0.941553	-0.045654	-0.319824	-1.132812
30202	21.778615	-10.663088	13.087505	-0.672204	-4.368566	-0.147259	-0.095703	-0.306396	-1.150635
30203	13.752013	-9.678083	16.548624	-0.734752	-3.495031	0.861407	-0.125488	-0.301514	-1.148193
30204	5.706236	-9.966726	10.186633	-0.160989	-3.368754	1.370887	-0.159912	-0.290283	-1.151367
30205	10.044634	0.377383	8.585895	0.454931	-3.702773	0.911006	-0.193604	-0.293945	-1.15332
30206	19.152209	12.006222	7.610547	0.057605	-3.433019	0.540188	-0.229736	-0.297607	-1.157471
30207	17.692704	5.929757	8.593878	-0.610183	-2.841289	0.492114	-0.255127	-0.290771	-1.158447
30208	10.871079	0.242182	9.774401	-0.902584	-2.461888	0.498214	-0.280518	-0.279541	-1.159668
30209	11.494673	-3.526227	10.589352	-1.288451	-2.072204	1.010161	-0.296875	-0.272705	-1.145508
30210	15.534881	3.533416	9.344295	-1.224736	-1.78818	0.868626	-0.315918	-0.249023	-1.148682
30211	13.872278	7.457395	6.46801	-1.609645	-1.342801	0.761429	-0.325684	-0.240234	-1.135254
30212	8.06473	-5.074708	10.783295	-1.544789	-1.158544	0.738729	-0.337891	-0.212158	-1.136475
30213	8.324598	-6.2223	9.684423	-0.933085	-1.115238	0.591284	-0.342773	-0.211914	-1.122803
30214	10.177767	2.917294	6.988942	-0.792891	-0.966461	0.466732	-0.352539	-0.196777	-1.123291
30215	7.972366	-0.479209	8.285692	-0.788121	-0.642208	0.483706	-0.361816	-0.19458	-1.120117
30216	6.785695	-2.241501	8.790918	-0.589945	-0.676349	0.398256	-0.359619	-0.188232	-1.118164
30217	7.642697	0.486638	7.740697	-0.483514	-0.634768	0.351716	-0.364502	-0.183838	-1.115479
30218	7.387234	-0.332044	7.76211	-0.442506	-0.543596	0.35782	-0.376465	-0.166504	-1.118408
30219	7.398884	-0.971516	7.888638	-0.360108	-0.536157	0.304413	-0.374023	-0.170898	-1.115723
30220	7.225486	-0.223839	7.620072	-0.307084	-0.516702	0.278283	-0.381104	-0.164307	-1.115723
30221	7.3536	-0.588569	7.366535	-0.29583	-0.486756	0.273133	-0.383545	-0.164062	-1.110107
30222	7.256318	-0.275017	7.594293	-0.246048	-0.475693	0.267601	-0.388184	-0.157715	-1.112793
30223	7.071986	-0.32349	7.61353	-0.228882	-0.439263	0.271607	-0.390625	-0.157715	-1.110107
30224	7.195548	-0.299137	7.446671	-0.219536	-0.445176	0.283623	-0.395264	-0.15332	-1.112549
30225	7.089714	-0.182653	7.443138	-0.22049	-0.428582	0.27237	-0.393311	-0.148926	-1.099854
30226	7.229527	-0.200386	7.204036	-0.209046	-0.428391	0.298882	-0.400146	-0.148926	-1.102051
30227	7.344019	-0.359922	7.022171	-0.202751	-0.404358	0.299836	-0.404785	-0.146729	-1.104492
30228	7.314096	-0.609771	7.010922	-0.198364	-0.367928	0.305176	-0.409668	-0.137939	-1.104736
30229	7.176996	-0.88952	7.078613	-0.167656	-0.360871	0.300598	-0.414062	-0.14209	-1.098633
30230	7.248502	-0.92745	6.965113	-0.153542	-0.369072	0.268364	-0.414307	-0.137939	-1.101562
30231	7.201403	-1.155831	6.943763	-0.144005	-0.373078	0.263214	-0.420898	-0.144287	-1.100586
30232	7.247916	-1.048601	6.689535	-0.116921	-0.373459	0.243187	-0.421387	-0.131348	-1.096191
30233	7.219759	-0.567582	6.847254	-0.091553	-0.356102	0.250244	-0.421143	-0.135742	-1.095947
30234	7.272174	-0.642039	6.809177	-0.09079	-0.337601	0.283051	-0.428467	-0.126953	-1.095947
30235	7.127634	-0.318852	6.848377	-0.071716	-0.333214	0.315094	-0.430664	-0.126953	-1.095703
30236	7.259564	-0.476852	6.96968	-0.057983	-0.34504	0.375939	-0.430664	-0.126953	-1.095703
30237	7.359757	-0.68776	6.89573	0.009918	-0.366784	0.454713	-0.43042	-0.131104	-1.092773
30238	7.27854	-0.836217	6.855549	0.008774	-0.408555	0.463105	-0.433105	-0.120605	-1.098877
30239	7.299741	-1.395125	6.819786	0.009346	-0.444794	0.440217	-0.442139	-0.122314	-1.092529
30240	7.119466	-1.929648	7.262088	-0.046349	-0.506593	0.319672	-0.442139	-0.120361	-1.095215
30241	7.259733	-2.330285	7.434696	-0.090599	-0.6279	0.209046	-0.448975	-0.122314	-1.091797
30242	6.969267	-2.000863	8.024666	-0.117493	-0.812533	0.082398	-0.456299	-0.113525	-1.08667
30243	6.628516	-1.435719	8.13666	-0.183106	-1.049619	0.000763	-0.465576	-0.115479	-1.077637
30244	6.467695	-1.102763	8.26002	-0.189592	-1.371967	-0.024033	-0.474609	-0.113281	-1.077148
30245	6.620939	-1.034842	8.205686	-0.254825	-1.739334	-0.032044	-0.495117	-0.11499	-1.069824
30246	6.775642	-1.153093	8.226599	-0.310141	-2.093163	-0.061036	-0.511475	-0.105957	-1.066406
30247	6.846553	-1.029027	8.832907	-0.406466	-2.428498	-0.065614	-0.532227	-0.107666	-1.053711
30248	6.888019	-0.328194	9.018285	-0.495737	-2.810001	-0.060846	-0.564453	-0.098389	-1.041016
30249	7.225046	0.021879	8.947944	-0.563072	-3.078396	0.043489	-0.585449	-0.095947	-1.026123
30250	7.098132	-0.422133	9.866587	-0.659214	-3.450953	0.173578	-0.61792	-0.082275	-1.01123
30251	6.201596	-0.823938	11.243417	-0.741631	-4.117695	0.224321	-0.647705	-0.085938	-0.992188
30252	7.458352	0.05941	11.101521	-0.838553	-4.772083	0.355946	-0.68335	-0.065918	-0.96167
30253	8.104888	0.644978	12.243206	-1.131583	-5.378454	0.595932	-0.7229	-0.05835	-0.924316
30254	9.341544	1.239495	13.890377	-1.341876	-6.426276	1.007647	-0.772461	-0.033691	-0.887451
30255	11.238152	2.231245	18.286102	-1.691095	-7.402164	1.444604	-0.808105	-0.017822	-0.838135
30256	12.874814	2.333322	19.445858	-1.770464	-8.929213	1.793933	-0.862793	0.011475	-0.769531
30257	14.943105	1.130562	19.951755	-1.366895	-10.520682	1.876976	-0.903809	0.031982	-0.688232
30258	19.692986	-2.046411	17.791504	-1.012025	-11.366631	1.491416	-0.958984	0.059326	-0.598389
30259	23.183024	-5.186668	18.280307	-0.761707	-12.292673	1.02299	-0.991211	0.071289	-0.498535
30260	34.767219	-13.089824	5.548254	0.03397	-11.67751	-0.143705	-1.016357	0.085205	-0.407715
30261	43.156819	-0.722178	20.746382	0.856398	-7.200683	-0.555542	-1.021729	0.079346	-0.359131
30262	32.267041	-3.363448	24.812528	2.140584	-5.860138	0.347003	-1.036377	0.088623	-0.316162
30263	9.737534	15.863959	15.000752	2.198908	-1.892762	2.073016	-1.012451	0.109375	-0.312256
30264	20.077742	3.846978	7.691408	-0.638848	-4.055892	3.462635	-0.994141	0.147705	-0.280273
30265	23.09122	2.236136	23.776306	0.230607	-0.266276	3.025935	-0.965576	0.175049	-0.280029
30266	10.423662	4.056609	20.650677	0.787185	1.418154	2.057707	-0.946289	0.212891	-0.295654
30267	2.685931	10.451743	16.132226	0.807216	2.213549	1.44429	-0.92334	0.225098	-0.325195
30268	-0.643453	10.743957	12.457694	0.793101	2.468378	0.935775	-0.898926	0.25	-0.348145
30269	1.031571	10.411249	11.064094	0.571462	2.837664	0.440995	-0.880371	0.253906	-0.371338
30270	0.943761	8.77336	9.739609	0.508713	3.285941	-0.153358	-0.862061	0.261963	-0.397461
30271	1.987414	7.81397	8.642328	0.560987	3.774499	-0.73552	-0.845947	0.263672	-0.415039
30272	2.763326	6.693135	8.088288	0.653133	4.327578	-1.315041	-0.836426	0.269531	-0.440186
30273	3.661205	5.542113	7.45977	0.700651	4.914667	-1.84424	-0.826172	0.256348	-0.476807
30274	4.411766	4.831541	6.818893	0.739778	5.449711	-2.206362	-0.818604	0.251709	-0.498291
30275	4.423343	3.866831	5.975442	0.723583	5.948911	-2.415887	-0.810303	0.227783	-0.531494
30276	5.465175	2.335543	5.696364	0.731612	6.341277	-2.565699	-0.800293	0.221191	-0.560791
30277	5.690682	0.987967	5.584994	0.761767	6.632127	-2.613627	-0.787354	0.195068	-0.593994
30278	6.454838	-0.469146	5.97617	0.853158	6.815342	-2.587327	-0.7771	0.190186	-0.631592
30279	7.651629	-2.025931	6.434182	0.99148	6.975655	-2.509893	-0.766602	0.166504	-0.654297
30280	8.808844	-3.128254	7.074484	1.247324	7.107915	-2.353279	-0.756104	0.150879	-0.696289
30281	10.074657	-3.987661	7.894063	1.548584	7.296295	-2.145924	-0.74585	0.12915	-0.718994
30282	11.892499	-4.948481	8.615671	1.894879	7.50053	-1.871794	-0.732666	0.111572	-0.766357
30283	13.421752	-5.615553	9.05387	2.271902	7.681311	-1.598039	-0.72168	0.079102	-0.804199
30284	14.337637	-5.682621	10.116046	2.66686	7.747019	-1.400779	-0.721924	0.055176	-0.857666
30285	15.748481	-5.537494	11.683902	2.990072	7.719583	-1.315693	-0.709961	0.007568	-0.9021
30286	17.642677	-4.954204	13.267517	3.14271	7.675524	-1.373505	-0.706787	-0.037598	-0.969971
30287	19.613269	-4.650239	15.0398	3.148987	7.552227	-1.512582	-0.682373	-0.106934	-1.034912
30288	22.659321	-4.701899	17.464049	3.003392	7.450479	-1.693247	-0.641113	-0.187256	-1.121582
30289	26.944977	-4.899664	19.824687	2.8643	7.431574	-1.846065	-0.561768	-0.266113	-1.19873
30290	30.98403	-5.5425	19.66994	2.63212	7.550651	-1.922195	-0.433838	-0.313721	-1.251221
30291	34.065711	-6.573038	17.475558	2.384277	7.571992	-1.939932	-0.287109	-0.340088	-1.270264
30292	35.796088	-7.08953	13.492811	2.118099	7.449594	-1.867025	-0.1604	-0.340088	-1.244873
30293	34.672951	-5.955751	6.501562	1.594338	7.06034	-1.678853	-0.059326	-0.330811	-1.212646
30294	30.705504	-1.538633	-3.442846	0.52557	6.455454	-1.339775	0.02002	-0.300049	-1.161621
30295	25.39915	5.479633	-12.405948	-0.955149	5.831238	-0.518112	0.088867	-0.279541	-1.116943
30296	24.241058	-10.739568	-20.587011	-1.512671	4.531338	0.153556	0.127441	-0.24585	-1.075684
30297	22.902283	-21.656985	-30.61171	-0.101474	2.83232	-0.495165	0.157959	-0.231201	-1.040283
30298	17.598587	-16.128179	-28.937983	1.141573	0.994322	-1.695669	0.157715	-0.226807	-1.037842
30299	21.02629	-3.207871	-26.429728	0.717942	-0.763528	-2.024122	0.150635	-0.224609	-1.029541
30300	25.74463	-1.574752	-20.358226	-0.486387	-1.872494	-1.62148	0.13208	-0.209229	-1.039795
30301	28.40723	-5.685574	-12.871664	-1.227425	-2.314083	-1.49084	0.106689	-0.200195	-1.035645
30302	25.139359	-3.45415	-3.701399	-1.502106	-2.463836	-1.660805	0.081299	-0.185059	-1.045166
30303	14.563189	-0.364141	29.984911	-2.5512	-1.861661	-1.205502	0.058105	-0.169434	-1.039062
30304	-15.253809	7.213121	25.073882	-1.770724	-3.448744	-1.696713	0.027588	-0.145508	-1.046387
30305	-12.495229	-8.447362	30.101873	-0.21516	-3.169979	-1.304691	-0.00415	-0.14502	-1.043457
30306	6.442804	-6.935024	-6.810644	-0.992107	-4.557283	-1.106177	-0.048096	-0.126953	-1.035645
30307	22.813408	-15.645662	-2.025727	-1.022297	-5.816736	-0.392208	-0.098389	-0.121826	-1.031494
30308	27.754895	-14.357549	22.821908	-0.418134	-4.943021	0.290519	-0.144043	-0.112549	-1.038818
30309	15.282389	-8.920115	14.328489	-0.446351	-3.887261	1.303193	-0.176025	-0.109863	-1.038574
30310	4.010539	-8.118051	8.712064	0.20353	-4.0376	1.538778	-0.203125	-0.107178	-1.044434
30311	14.996271	7.304	8.295215	0.740879	-4.476366	0.615746	-0.232178	-0.113037	-1.051758
30312	23.65782	14.291269	7.12785	-0.226797	-3.666134	0.493459	-0.266602	-0.108154	-1.051758
30313	19.299988	8.080205	10.029134	-1.42504	-2.696341	0.844609	-0.287598	-0.097168	-1.037598
30314	13.980419	-3.804759	10.034791	-1.731931	-2.069162	0.927384	-0.302002	-0.083984	-1.031982
30315	12.40599	2.603421	8.822752	-1.648569	-1.889856	0.836206	-0.318604	-0.068604	-1.02124
30316	12.827922	-0.508102	9.316706	-1.558911	-1.536213	0.775736	-0.328613	-0.042969	-1.022461
30317	9.367049	-5.48053	9.598994	-1.157204	-1.197068	0.624093	-0.331299	-0.040527	-1.006592
30318	8.567641	-0.576758	9.364206	-0.745589	-1.14461	0.450138	-0.345703	-0.023193	-1.00415
30319	9.904461	1.985943	6.995243	-0.701718	-0.872045	0.44327	-0.345947	-0.020996	-0.993896
30320	7.659226	-1.674418	8.604544	-0.60158	-0.596049	0.413133	-0.353271	-0.012207	-0.991211
30321	7.196501	-0.876318	8.386542	-0.397493	-0.623895	0.312806	-0.353027	-0.016602	-0.988281
30322	7.259285	0.100601	7.712541	-0.325013	-0.526811	0.288201	-0.360107	-0.01001	-0.996094
30323	7.027016	-0.173757	8.154863	-0.275994	-0.499726	0.282288	-0.362549	-0.01001	-0.982666
30324	7.282054	-0.695785	7.853834	-0.245858	-0.479508	0.247765	-0.371582	-0.005615	-0.990234
30325	7.036752	-0.315834	7.973281	-0.216484	-0.452424	0.231171	-0.365234	-0.003418	-0.975098
30326	7.185634	-0.140772	7.636241	-0.208855	-0.427437	0.224304	-0.367432	0.000732	-0.98584
30327	6.936073	-0.12674	7.780881	-0.214195	-0.380707	0.24643	-0.367676	0.000977	-0.975342
30328	6.763497	-0.159157	7.761664	-0.182343	-0.371743	0.261498	-0.372559	0.007324	-0.975342
30329	6.868215	0.03804	7.519122	-0.194359	-0.369263	0.279236	-0.372314	0.005127	-0.975098
30330	6.464988	0.052679	7.917464	-0.185967	-0.366402	0.317192	-0.379395	0.015869	-0.983398
30331	6.863559	0.340368	7.610341	-0.198365	-0.388146	0.35553	-0.381592	0.007568	-0.974609
30332	6.929144	0.256285	7.40119	-0.208855	-0.377274	0.406647	-0.38208	0.018311	-0.970215
30333	6.764662	-0.27306	7.609952	-0.21267	-0.386811	0.435639	-0.384521	0.020508	-0.962158
30334	6.967895	-0.679332	7.519103	-0.191689	-0.410653	0.443078	-0.384521	0.022461	-0.9729
30335	6.929598	-0.967604	7.589242	-0.178337	-0.430299	0.427247	-0.384277	0.018311	-0.969971
30336	6.949214	-1.318709	7.250732	-0.135422	-0.462533	0.398827	-0.386719	0.022705	-0.967529
30337	6.955982	-0.750366	7.300837	-0.10891	-0.485993	0.40207	-0.38916	0.020508	-0.96167
30338	6.927946	-0.645744	7.236058	-0.060272	-0.494767	0.458337	-0.389648	0.03125	-0.962646
30339	7.023824	-0.513407	7.080248	-0.022697	-0.515748	0.519563	-0.391846	0.029053	-0.962158
30340	7.225889	-0.510378	6.713074	0.016022	-0.512124	0.561334	-0.396484	0.033447	-0.962158
30341	7.13871	-0.503383	6.940205	0.003243	-0.499727	0.598146	-0.39624	0.025146	-0.953613
30342	7.152133	-0.943468	6.685249	-0.001526	-0.485994	0.617983	-0.398926	0.035645	-0.956787
30343	7.152613	-1.613758	6.745625	-0.011253	-0.475312	0.569917	-0.396484	0.033447	-0.959473
30344	7.111258	-2.182885	6.723294	-0.05455	-0.480462	0.445557	-0.40332	0.037842	-0.961914
30345	6.954215	-2.296515	7.11644	-0.083923	-0.507165	0.31128	-0.403564	0.033691	-0.950928
30346	7.008931	-2.132089	7.344263	-0.117302	-0.596429	0.180817	-0.4104	0.044434	-0.961914
30347	6.978165	-1.680309	7.548544	-0.12722	-0.714113	0.090027	-0.410645	0.040283	-0.950928
30348	6.730817	-1.062237	8.262942	-0.160599	-0.918392	0.038719	-0.419678	0.04248	-0.950195
30349	6.709301	-0.650673	8.455713	-0.195123	-1.190956	0.045777	-0.431152	0.038574	-0.940918
30350	6.559412	-0.63641	8.580801	-0.228693	-1.540581	0.073052	-0.449707	0.051758	-0.943115
30351	6.543671	-1.174562	8.555717	-0.302701	-1.869993	0.057984	-0.44751	0.04541	-0.934814
30352	6.651899	-1.59027	8.836303	-0.32788	-2.269413	0.015641	-0.475098	0.054443	-0.925049
30353	6.463416	-0.819815	9.587759	-0.462355	-2.648052	-0.064089	-0.496094	0.054932	-0.909912
30354	7.138819	-0.093184	9.585763	-0.59092	-3.054933	-0.019265	-0.521484	0.062012	-0.89502
30355	7.460623	0.262853	10.013281	-0.697362	-3.421767	0.193796	-0.535645	0.064453	-0.878174
30356	6.487342	0.003385	10.788201	-0.765662	-3.93837	0.40305	-0.563721	0.080078	-0.86377
30357	7.019919	0.377184	11.844277	-0.792576	-4.590266	0.614986	-0.587158	0.084961	-0.838135
30358	7.599717	0.515991	12.69463	-0.94025	-5.319308	0.929567	-0.624756	0.098633	-0.806885
30359	8.906961	1.274658	13.819352	-1.244574	-6.271518	1.260599	-0.644043	0.105713	-0.766113
30360	9.331949	2.648052	17.393527	-1.547042	-7.247766	1.722179	-0.689209	0.132568	-0.719238
30361	10.291854	2.504255	18.343374	-1.678284	-8.68964	2.145364	-0.713623	0.144043	-0.659912
30362	12.917953	3.291608	19.996318	-1.495677	-10.180833	2.456475	-0.743164	0.168457	-0.595947
30363	16.737959	-1.99016	15.342629	-1.204612	-11.451256	2.366475	-0.770264	0.18457	-0.515381
30364	23.501774	-3.366178	17.016178	-0.993429	-12.412805	1.726524	-0.786621	0.206787	-0.431396
30365	28.841774	-13.002204	12.162228	-0.461122	-12.601279	0.91461	-0.804443	0.209961	-0.340088
30366	47.206706	-5.174913	5.10081	0.048083	-9.402878	-0.105706	-0.803467	0.210449	-0.281982
30367	34.242271	0.648136	27.254193	0.740188	-6.57985	0.645566	-0.794922	0.204102	-0.23999
30368	24.620859	7.639254	20.477803	1.567788	-4.14427	1.200591	-0.779785	0.214844	-0.221191
30369	0.448867	7.460134	9.478468	-0.242442	-2.253893	3.602109	-0.739746	0.229004	-0.210205
30370	36.01155	1.360613	11.570846	-1.136092	-2.557924	2.845381	-0.71167	0.24585	-0.174561
30371	13.17256	-0.768671	21.149299	0.034333	1.021026	2.076005	-0.688721	0.243408	-0.178955
30372	7.497975	7.544918	16.55996	0.15221	2.060174	1.103045	-0.67749	0.253662	-0.19165
30373	0.318346	9.919153	12.437236	0.133518	2.450818	0.631731	-0.656738	0.246826	-0.200684
30374	-0.031861	9.919545	9.987964	-0.092319	2.751247	0.261697	-0.656494	0.253174	-0.219971
30375	0.73858	9.043147	8.585395	-0.344099	3.06504	-0.064852	-0.651367	0.240234	-0.221924
30376	1.665204	7.585049	7.864316	-0.405332	3.437597	-0.362033	-0.64917	0.244385	-0.227783
30377	2.962938	6.181783	7.41968	-0.327133	3.962977	-0.71416	-0.650635	0.231445	-0.247559
30378	3.92373	5.194983	6.819462	-0.189036	4.553069	-1.137457	-0.659424	0.233643	-0.262939
30379	4.556644	4.606174	6.408249	-0.028041	5.160381	-1.51538	-0.667236	0.216553	-0.287109
30380	5.37074	3.909492	5.854606	0.107591	5.727673	-1.779632	-0.677734	0.205811	-0.316895
30381	5.022337	3.217152	5.038823	0.237507	6.21066	-1.930578	-0.680664	0.190674	-0.357666
30382	5.632196	2.334214	4.816054	0.355599	6.546158	-2.008259	-0.686523	0.183838	-0.398926
30383	5.734907	1.358043	4.639735	0.465683	6.821363	-2.042059	-0.682373	0.160156	-0.439453
30384	5.92607	0.487553	4.905408	0.645397	6.930533	-2.024331	-0.687744	0.151367	-0.493652
30385	7.038217	-0.301881	5.459467	0.882348	7.025968	-1.997063	-0.667969	0.12915	-0.530518
30386	8.603449	-0.877111	5.938333	1.131895	7.142974	-1.949766	-0.664307	0.118164	-0.582764
30387	10.198735	-1.455506	6.852281	1.395758	7.300258	-1.885685	-0.637207	0.091553	-0.633301
30388	11.762808	-1.94981	7.555266	1.677377	7.506033	-1.800433	-0.608154	0.07373	-0.681885
30389	13.028776	-2.133785	7.919383	1.928473	7.663715	-1.704108	-0.572266	0.047119	-0.725098
30390	13.986962	-2.343768	9.06098	2.153239	7.760515	-1.632196	-0.545654	0.0271	-0.765625
30391	15.575867	-2.934506	10.527308	2.427034	7.762846	-1.630869	-0.496094	-0.003906	-0.801758
30392	17.445319	-3.338314	12.077693	2.679079	7.731781	-1.702232	-0.453369	-0.026367	-0.84082
30393	19.400869	-3.578864	13.968796	2.88094	7.650135	-1.852959	-0.404053	-0.061523	-0.863281
30394	21.816715	-3.88785	16.222352	2.936628	7.460623	-2.036294	-0.363525	-0.092529	-0.890869
30395	25.676276	-3.322811	19.760555	2.93603	7.275875	-2.181084	-0.314209	-0.125488	-0.905762
30396	31.730452	-2.833401	21.373211	2.88147	7.296492	-2.275718	-0.276611	-0.154053	-0.917236
30397	35.356846	-4.933696	17.080247	2.519928	7.463055	-2.197878	-0.22998	-0.186768	-0.918701
30398	35.313776	-10.110133	11.270923	2.434219	7.199632	-2.147088	-0.186035	-0.206787	-0.923584
30399	33.811014	-4.147937	4.707454	2.17944	6.754471	-1.744468	-0.137207	-0.237549	-0.91748
30400	30.156546	0.145733	-4.034033	1.071925	6.320526	-0.778143	-0.103027	-0.242432	-0.912109
30401	24.667161	-3.087763	-11.685635	0.232726	5.534499	0.228911	-0.052734	-0.258301	-0.902344
30402	23.74819	-13.398179	-18.81245	0.320458	4.148409	0.671055	-0.038818	-0.264893	-0.900391
30403	25.155079	-18.57792	-27.768273	1.225323	2.591986	0.276194	-0.015869	-0.280029	-0.882568
30404	22.628462	-13.459706	-30.418571	1.791225	1.081487	-0.320822	-0.008301	-0.297363	-0.89502
30405	22.297076	-4.283819	-26.977741	1.201639	-0.392726	-0.529484	-0.01709	-0.305664	-0.890869
30406	24.47066	-2.840082	-21.928697	0.012779	-1.562707	-0.31052	-0.030273	-0.309814	-0.905029
30407	27.550387	-7.196014	-14.304638	-0.59339	-2.2141	-0.404367	-0.046143	-0.30957	-0.901123
30408	26.802486	3.541679	6.620294	-2.022429	-1.812041	-0.762202	-0.064453	-0.300781	-0.916016
30409	0.933684	13.174842	30.188611	-4.340789	-2.133197	-0.399056	-0.085938	-0.279053	-0.902588
30410	-3.857472	-10.039003	29.378981	-2.212796	-1.762264	-0.885614	-0.104736	-0.259521	-0.905273
30411	-12.510367	-7.041906	15.168333	-0.997029	-3.057275	-1.867783	-0.130371	-0.252441	-0.893066
30412	6.581465	-12.815666	-7.844852	-1.446108	-4.193543	-2.188906	-0.169434	-0.239014	-0.895752
30413	18.610587	-16.319433	4.491641	-0.787471	-5.664716	-1.747392	-0.210449	-0.240234	-0.884033
30414	21.87147	-14.193499	22.35145	-0.705594	-4.692327	-0.070006	-0.253906	-0.230957	-0.888916
30415	13.545919	-18.171425	13.082796	-0.417167	-3.837097	1.510728	-0.27002	-0.228516	-0.876953
30416	7.078572	-6.467439	8.90204	0.634436	-4.133751	1.424905	-0.299561	-0.22583	-0.882324
30417	18.368576	19.002373	7.870008	0.457799	-4.251238	0.583694	-0.331055	-0.233887	-0.881592
30418	24.895563	20.279162	7.524276	-1.106508	-3.240556	0.508715	-0.358887	-0.224609	-0.871826
30419	19.34592	-0.859826	9.111596	-2.394978	-2.135376	0.931592	-0.369141	-0.205078	-0.856689
30420	8.296988	-9.798283	11.513844	-1.894628	-1.743752	0.921087	-0.383545	-0.181396	-0.857422
30421	9.869614	-1.486961	10.420872	-1.432834	-1.740115	0.785846	-0.388428	-0.177002	-0.849365
30422	13.643877	2.359939	8.286564	-1.394488	-1.406314	0.679601	-0.398193	-0.161865	-0.844482
30423	9.209941	-4.330794	8.910602	-1.10017	-0.96036	0.595862	-0.394287	-0.157471	-0.82959
30424	6.875518	-2.778196	9.702116	-0.710492	-0.948721	0.395587	-0.4104	-0.146729	-0.834229
30425	9.023713	2.257125	7.209319	-0.623897	-0.812534	0.338747	-0.408203	-0.148682	-0.82373
30426	7.997238	-0.612353	7.801752	-0.571634	-0.511362	0.338555	-0.413086	-0.140137	-0.82666
30427	6.153842	-1.648909	9.015141	-0.393487	-0.483705	0.247956	-0.411133	-0.135742	-0.81665
30428	6.938574	0.634081	7.69136	-0.319291	-0.523568	0.229264	-0.417969	-0.133545	-0.818848
30429	6.719338	-0.417252	8.15096	-0.313569	-0.444604	0.230408	-0.420166	-0.137695	-0.815674
30430	6.316132	-0.252961	8.159961	-0.253678	-0.44899	0.226403	-0.422852	-0.125	-0.821777
30431	6.914285	-0.068446	7.876555	-0.278473	-0.440789	0.250244	-0.427246	-0.131104	-0.810303
30432	6.831059	-0.265564	7.865138	-0.241852	-0.410653	0.279045	-0.429932	-0.118408	-0.816406
30433	6.796093	-0.225899	7.915051	-0.224114	-0.388337	0.279999	-0.430176	-0.122559	-0.80542
30434	6.849675	-0.177566	7.797084	-0.206566	-0.373269	0.313378	-0.430176	-0.118408	-0.811035
30435	6.733776	-0.231961	7.812321	-0.206566	-0.361634	0.305176	-0.430176	-0.118408	-0.803223
30436	6.725374	-0.226405	7.909711	-0.201416	-0.361824	0.316429	-0.437256	-0.111816	-0.80835
30437	6.746163	-0.518913	7.829807	-0.182915	-0.378418	0.334168	-0.43042	-0.111816	-0.803711
30438	6.694006	-0.657617	7.729864	-0.157356	-0.388527	0.32177	-0.442139	-0.107422	-0.800293
30439	6.74658	-0.760411	7.609002	-0.130272	-0.409699	0.321198	-0.4375	-0.11377	-0.797607
30440	6.728082	-0.761289	7.634438	-0.133705	-0.442505	0.312615	-0.437744	-0.105225	-0.79834
30441	6.845617	-0.880964	7.338366	-0.102234	-0.465966	0.307465	-0.444336	-0.111572	-0.799805
30442	6.855118	-0.708478	7.421082	-0.10109	-0.489426	0.31643	-0.442139	-0.103271	-0.805908
30443	6.900718	-0.722513	7.148732	-0.075531	-0.479699	0.34256	-0.446777	-0.107178	-0.794678
30444	6.75924	-0.586776	7.390079	-0.058746	-0.510598	0.375939	-0.456055	-0.10083	-0.797119
30445	6.903313	-0.362212	7.544674	0.028229	-0.511743	0.44632	-0.453369	-0.109375	-0.796631
30446	7.092428	-0.119298	6.993456	0.070191	-0.564958	0.535394	-0.456055	-0.096436	-0.800049
30447	7.280715	-0.35552	6.993783	0.063324	-0.530054	0.606539	-0.449219	-0.103027	-0.789551
30448	7.021624	-0.796062	7.311864	0.032616	-0.530244	0.598146	-0.458496	-0.094238	-0.797363
30449	7.113379	-1.686613	7.139777	-0.010681	-0.550653	0.562288	-0.456299	-0.098633	-0.789307
30450	7.368135	-1.763167	6.797788	-0.02842	-0.589563	0.469209	-0.458496	-0.094238	-0.800049
30451	6.704423	-2.583311	7.820513	-0.089264	-0.638391	0.305939	-0.458984	-0.092041	-0.786865
30452	6.596852	-1.875896	8.223753	-0.152398	-0.79117	0.151825	-0.470459	-0.091797	-0.780518
30453	6.454636	-1.334868	8.557747	-0.18139	-1.08338	0.081635	-0.479492	-0.095947	-0.771484
30454	6.34331	-1.063245	8.868112	-0.196459	-1.453794	0.052262	-0.484375	-0.089355	-0.769043
30455	6.377074	-1.079381	8.972709	-0.229648	-1.875142	0.028992	-0.498047	-0.089111	-0.762451
30456	6.509739	-1.084629	8.795901	-0.277907	-2.233552	0.003815	-0.514404	-0.080078	-0.759033
30457	6.372605	-0.865342	9.432562	-0.353823	-2.584912	0.005341	-0.530273	-0.088379	-0.740967
30458	6.56731	-0.466883	9.825759	-0.436991	-3.037953	0.014687	-0.548828	-0.081543	-0.734619
30459	7.320473	-0.072375	9.888739	-0.504327	-3.353852	0.125128	-0.562744	-0.081055	-0.725586
30460	6.228762	-0.311924	10.891165	-0.57453	-3.850991	0.311108	-0.586182	-0.074219	-0.700195
30461	6.383145	0.070064	12.358345	-0.606401	-4.584916	0.460094	-0.609863	-0.069092	-0.666748
30462	7.445309	1.161005	12.034178	-0.819686	-5.242974	0.702942	-0.635498	-0.060059	-0.646729
30463	7.708606	1.129883	14.55214	-0.952119	-6.221301	1.057614	-0.654541	-0.057373	-0.615967
30464	9.830932	2.328164	16.488032	-1.208026	-7.383037	1.473593	-0.685547	-0.043701	-0.56958
30465	9.79883	3.878312	19.855082	-1.369736	-8.553078	1.992691	-0.707275	-0.032227	-0.523438
30466	12.483993	1.627595	19.48984	-1.210224	-10.439373	2.290495	-0.73877	-0.016113	-0.461182
30467	17.047788	-1.685314	16.03889	-0.854806	-11.68445	2.114591	-0.758789	-0.008789	-0.385986
30468	22.220978	-4.674484	18.065298	-0.639761	-12.409867	1.475915	-0.783691	0.00708	-0.305908
30469	25.178429	-13.322961	12.408031	-0.0418	-12.812429	0.563435	-0.7854	0.005615	-0.22876
30470	41.112865	-9.156595	6.84191	0.783551	-10.932694	-0.692716	-0.786621	0.008301	-0.168213
30471	37.606176	6.348135	26.083287	1.250707	-6.800481	-0.147277	-0.775635	-0.004395	-0.133789
30472	27.14404	2.313869	23.470899	2.147399	-5.282941	0.806538	-0.776611	0.002197	-0.099854
30473	2.623226	9.032264	10.294139	1.545246	-1.988353	3.106896	-0.759033	0.010498	-0.086182
30474	31.304738	1.000906	7.95663	-0.121318	-3.470143	2.878242	-0.742188	0.027588	-0.057617
30475	12.876728	2.301439	21.792216	1.199376	0.540368	2.302619	-0.735352	0.027344	-0.055664
30476	6.731341	6.189884	16.395913	1.539083	1.78571	1.077873	-0.737793	0.042236	-0.07251
30477	0.549972	11.758401	13.090913	1.182016	2.228607	0.425732	-0.735107	0.033691	-0.08252
30478	-0.428194	11.030338	10.340126	0.80588	2.611432	-0.044633	-0.746094	0.033691	-0.097412
30479	0.537428	8.649651	9.264261	0.378432	2.912439	-0.541707	-0.759033	0.023193	-0.108643
30480	1.857127	7.598372	8.269557	0.188265	3.32811	-1.007131	-0.77417	0.016846	-0.130371
30481	3.122121	5.917428	7.75639	0.123605	3.907484	-1.400857	-0.789062	-0.002197	-0.143311
30482	3.821854	4.564449	7.318898	0.14936	4.536699	-1.810635	-0.813232	-0.010498	-0.172119
30483	3.9496	3.64453	6.864587	0.158712	5.120174	-2.158634	-0.83667	-0.033691	-0.204834
30484	4.212407	2.852019	6.228756	0.196297	5.634423	-2.373112	-0.857422	-0.052979	-0.25415
30485	4.779164	1.818314	5.805172	0.212326	6.073324	-2.466262	-0.866699	-0.083008	-0.306152
30486	5.058332	0.930314	5.465834	0.302756	6.411289	-2.463063	-0.878418	-0.100342	-0.361816
30487	5.772229	-0.686745	5.409545	0.417415	6.648311	-2.42284	-0.866943	-0.124512	-0.426758
30488	6.243003	-1.775976	5.837003	0.640436	6.802322	-2.353227	-0.858154	-0.144287	-0.486816
30489	7.249034	-2.430739	6.552787	0.935001	6.897753	-2.293909	-0.835693	-0.164551	-0.545166
30490	9.00541	-2.90018	7.140964	1.237777	7.041667	-2.211705	-0.811279	-0.178223	-0.607178
30491	11.122843	-3.356414	7.956125	1.522633	7.26804	-2.111578	-0.777588	-0.200439	-0.655762
30492	13.038427	-3.498591	8.453366	1.791479	7.541953	-1.993521	-0.746338	-0.212158	-0.713135
30493	14.405659	-3.475151	9.059744	2.014734	7.800417	-1.866682	-0.697021	-0.232666	-0.755615
30494	15.332538	-3.617759	10.145333	2.236457	7.939212	-1.758906	-0.647461	-0.255371	-0.811035
30495	16.8171	-3.723226	11.520825	2.437756	7.981997	-1.710264	-0.5979	-0.277832	-0.855957
30496	18.966496	-3.77757	13.204427	2.564252	7.945937	-1.690422	-0.544189	-0.300293	-0.885254
30497	21.211139	-3.822051	15.162755	2.634449	7.835617	-1.717887	-0.490234	-0.325195	-0.919678
30498	23.960243	-4.455471	17.758206	2.611149	7.681958	-1.793996	-0.431885	-0.349854	-0.949463
30499	28.513615	-5.913919	19.778743	2.618579	7.591877	-1.91018	-0.371582	-0.378906	-0.965576
30500	32.961187	-6.979348	18.530828	2.499907	7.620489	-1.902356	-0.309082	-0.39502	-0.983154
30501	35.392712	-6.44393	15.740833	2.273592	7.495583	-1.559863	-0.246582	-0.421875	-0.99707
30502	35.106313	-8.032252	10.480591	1.917917	7.262444	-1.044524	-0.19165	-0.435791	-0.993164
30503	32.286402	-9.563873	2.898941	1.509402	6.800129	-0.583004	-0.131836	-0.453857	-0.994385
30504	27.507196	-7.335458	-7.211559	0.775652	6.136347	-0.123425	-0.081787	-0.458984	-0.990479
30505	22.567837	3.802775	-16.712973	-0.468507	5.558177	0.797377	-0.038818	-0.459717	-0.983887
30506	23.85028	-11.13004	-25.712667	-0.952426	4.107085	2.002326	-0.007568	-0.445312	-0.988037
30507	19.32702	-28.243071	-34.701141	1.098863	2.376642	1.329088	0.024658	-0.45874	-0.981689
30508	14.913278	-17.330684	-28.433529	2.484959	0.123409	-0.382433	0.013672	-0.469238	-0.982422
30509	21.197892	1.27999	-25.903327	1.823469	-1.482999	-0.52873	0.010254	-0.496826	-0.985107
30510	26.679111	0.857217	-16.890938	0.173764	-2.360781	-0.060846	-0.010254	-0.488037	-0.991943
30511	29.889229	-3.075115	-9.272275	-1.035149	-2.465894	-0.103	-0.028564	-0.485596	-0.993164
30512	23.915	-1.263815	2.530022	-1.610999	-2.261999	-0.397886	-0.054199	-0.463867	-1.000488
30513	12.692845	5.388072	47.37887	-3.433215	-0.786631	-0.188456	-0.050049	-0.448975	-1.007568
30514	-11.011008	7.508569	21.764405	-2.38849	-2.217203	-0.525498	-0.078369	-0.420898	-1.007324
30515	-16.285264	-1.573343	23.136766	-1.296072	-1.877636	-0.320442	-0.087646	-0.41626	-1.001709
30516	-1.868767	-13.924096	-8.781941	-1.427735	-3.431524	-0.664369	-0.115967	-0.392334	-0.998535
30517	11.127284	-13.706954	-1.39045	-1.222942	-4.955861	-1.221606	-0.161621	-0.387207	-0.992188
30518	23.17334	-12.185828	21.962776	-0.714181	-4.75014	-0.429386	-0.203125	-0.373535	-0.986816
30519	20.033635	-12.555801	14.556526	-0.894225	-3.802553	0.875913	-0.228271	-0.368896	-0.99292
30520	10.14577	-10.362433	9.101363	-0.273152	-3.861318	1.394561	-0.262695	-0.361816	-0.990234
30521	16.586024	7.540316	11.072365	0.132189	-4.096518	0.730186	-0.287598	-0.365479	-0.985107
30522	21.127324	13.276578	8.973813	-0.825731	-3.246653	0.457785	-0.322266	-0.354248	-0.977539
30523	16.123293	4.76496	9.853695	-1.775432	-2.484803	0.59588	-0.338379	-0.343262	-0.982422
30524	11.348634	-7.888816	10.461302	-1.858201	-2.003737	0.74618	-0.357666	-0.32373	-0.966553
30525	13.647928	-0.769118	9.61215	-1.515999	-1.822518	0.715655	-0.367432	-0.308594	-0.966797
30526	11.411111	1.380397	8.41959	-1.44675	-1.345277	0.675214	-0.384033	-0.293213	-0.956055
30527	7.829569	-5.638804	10.412983	-1.136029	-1.054203	0.48905	-0.38208	-0.284668	-0.957031
30528	8.128467	-2.329092	8.940719	-0.698476	-1.025588	0.32654	-0.39624	-0.275879	-0.948486
30529	9.186175	2.913239	6.763054	-0.706295	-0.751499	0.369265	-0.396484	-0.271484	-0.948975
30530	7.3423	-0.653196	8.270969	-0.660899	-0.483896	0.414278	-0.39917	-0.262939	-0.944092
30531	7.057825	-1.718655	8.717101	-0.504304	-0.535394	0.342561	-0.39917	-0.260742	-0.949707
30532	7.092226	0.110348	7.881805	-0.415612	-0.452805	0.298882	-0.408691	-0.25	-0.94165
30533	6.553588	-0.178502	8.21984	-0.404168	-0.411988	0.283814	-0.408447	-0.25415	-0.941406
30534	6.458479	-0.398612	8.197365	-0.357247	-0.426675	0.275231	-0.42041	-0.245361	-0.935791
30535	6.66253	-0.845212	8.120889	-0.318909	-0.414086	0.248719	-0.413574	-0.243408	-0.941895
30536	6.659388	-0.372	8.007212	-0.274849	-0.43068	0.227166	-0.422607	-0.243164	-0.935791
30537	6.796217	-0.342451	7.816822	-0.272942	-0.399018	0.244141	-0.420898	-0.236816	-0.931152
30538	6.558581	-0.502232	8.09542	-0.244713	-0.384713	0.263024	-0.423096	-0.234619	-0.933838
30539	6.643547	-0.403696	7.853715	-0.247002	-0.399018	0.28534	-0.423096	-0.232666	-0.934082
30540	6.589926	-0.168069	7.955918	-0.240898	-0.394822	0.306511	-0.432861	-0.223633	-0.920654
30541	6.607532	-0.129849	7.945642	-0.234223	-0.400353	0.323487	-0.432373	-0.230225	-0.93335
30542	6.728705	-0.383386	7.733895	-0.215149	-0.414658	0.348473	-0.432861	-0.22168	-0.926025
30543	6.711079	-0.678889	7.846419	-0.203705	-0.424767	0.349427	-0.432617	-0.22583	-0.931152
30544	6.728939	-0.882077	7.711597	-0.192452	-0.44365	0.341607	-0.442139	-0.219238	-0.920166
30545	6.754206	-1.086088	7.447614	-0.170136	-0.476647	0.344849	-0.435059	-0.219482	-0.934082
30546	6.738509	-1.225366	7.540687	-0.159645	-0.507546	0.339318	-0.446777	-0.217041	-0.919922
30547	6.974197	-1.016909	7.000682	-0.111962	-0.51117	0.344849	-0.446777	-0.215088	-0.925537
30548	6.816924	-0.595795	7.245385	-0.078583	-0.51632	0.385285	-0.453613	-0.212646	-0.922363
30549	6.999298	-0.56026	7.043727	-0.03891	-0.513269	0.448609	-0.451416	-0.210693	-0.927979
30550	6.97766	-0.797318	7.104782	-0.03891	-0.532151	0.498201	-0.458496	-0.208252	-0.919678
30551	7.083023	-0.416673	6.965908	-0.044251	-0.46444	0.520326	-0.456055	-0.206299	-0.925293
30552	6.925224	-1.706251	7.284795	-0.04158	-0.53425	0.508691	-0.465576	-0.20166	-0.911621
30553	7.221898	-1.208675	6.867241	-0.045586	-0.478364	0.469209	-0.456299	-0.204102	-0.91748
30554	6.789158	-2.35122	7.758446	-0.046539	-0.591279	0.38662	-0.46582	-0.19751	-0.917236
30555	7.019923	-1.66191	7.070049	-0.087738	-0.613977	0.309754	-0.472412	-0.203613	-0.908203
30556	6.683843	-2.447881	7.378869	-0.092888	-0.698091	0.191307	-0.481934	-0.197021	-0.905273
30557	6.962804	-1.943411	7.631224	-0.154114	-0.78335	0.07782	-0.483887	-0.201416	-0.909912
30558	6.548366	-1.875433	8.57916	-0.182916	-0.997738	-0.006294	-0.489014	-0.19043	-0.897217
30559	6.563596	-1.202991	8.1675	-0.197603	-1.241883	-0.042725	-0.49585	-0.192627	-0.896484
30560	6.486772	-1.28572	8.607343	-0.235178	-1.544587	-0.073434	-0.511963	-0.192139	-0.892334
30561	6.723288	-1.113731	8.18253	-0.280003	-1.85149	-0.075532	-0.523193	-0.194092	-0.891113
30562	6.652489	-0.947472	8.832526	-0.322539	-2.140278	-0.078775	-0.546631	-0.182861	-0.871582
30563	6.405762	-0.56033	9.80644	-0.379954	-2.537416	-0.051118	-0.557861	-0.191162	-0.869629
30564	6.822338	-0.439829	9.506223	-0.423637	-2.866464	0.04635	-0.58374	-0.179932	-0.847168
30565	6.834649	-1.035594	9.672281	-0.47972	-3.24569	0.152595	-0.595215	-0.181641	-0.838135
30566	5.988279	-1.559219	11.464892	-0.535234	-3.768767	0.172053	-0.623047	-0.176758	-0.814697
30567	6.854441	-0.680074	12.140294	-0.644549	-4.499442	0.175491	-0.648438	-0.17627	-0.799316
30568	6.943276	0.401684	13.410309	-0.821589	-5.158441	0.322379	-0.686035	-0.164551	-0.762451
30569	7.710725	0.94591	14.278421	-0.957646	-6.16079	0.609688	-0.711914	-0.157471	-0.731689
30570	8.79713	1.543024	15.295637	-1.184737	-7.287755	0.955612	-0.749756	-0.145752	-0.681641
30571	11.040513	2.10017	17.865896	-1.496388	-8.299489	1.351577	-0.789551	-0.131836	-0.64209
30572	11.155538	3.279939	18.040478	-1.543316	-9.798951	1.75703	-0.828613	-0.10498	-0.564209
30573	16.519801	-2.527758	16.785166	-1.428025	-11.070011	1.597678	-0.864502	-0.099365	-0.48999
30574	22.65632	-7.289573	16.216537	-1.205564	-11.650098	0.791241	-0.892334	-0.079102	-0.391602
30575	27.855594	-13.289934	12.152104	-0.390099	-12.056998	-0.528275	-0.913818	-0.093018	-0.316895
30576	38.310434	-8.385714	5.034854	0.32877	-9.741738	-1.59939	-0.931396	-0.092041	-0.23877
30577	30.923631	1.576698	25.241987	1.126324	-6.760803	-0.981336	-0.936035	-0.106689	-0.197266
30578	27.233061	1.89967	21.175306	2.047244	-5.324132	0.082409	-0.930176	-0.104248	-0.155762
30579	4.918199	13.042456	10.407662	1.235252	-1.956834	2.245428	-0.932861	-0.095703	-0.153564
30580	25.641808	3.073814	6.504833	-0.874409	-3.333398	3.191288	-0.916748	-0.063721	-0.115723
30581	17.526101	3.068956	21.759414	0.011445	0.424402	3.02212	-0.915039	-0.044678	-0.130615
30582	6.70941	1.770624	17.790804	0.3832	1.740136	2.309881	-0.904541	-0.019287	-0.133789
30583	0.597516	7.910032	13.752403	0.616477	2.205927	1.821964	-0.904053	-0.012939	-0.163574
30584	-1.259476	8.028644	10.819447	0.7355	2.400102	1.480346	-0.891113	0.005859	-0.168945
30585	0.419562	7.412655	9.248998	0.778228	2.728567	1.065104	-0.89502	0.01416	-0.208984
30586	1.347035	7.086595	8.137172	0.913471	3.134109	0.655777	-0.883789	0.022461	-0.221191
30587	2.448847	7.175701	7.444023	0.998937	3.6051	0.202191	-0.889648	0.02002	-0.265625
30588	2.867618	6.599897	6.677853	1.060567	4.127626	-0.305962	-0.882812	0.030518	-0.285645
30589	3.752393	6.552705	5.983563	1.013474	4.664305	-0.840079	-0.881348	0.019287	-0.332275
30590	4.548466	5.886297	5.395598	0.936051	5.19912	-1.29792	-0.880615	0.019043	-0.364014
30591	4.883737	4.99907	4.815381	0.833255	5.695623	-1.663457	-0.874268	0.003662	-0.421387
30592	4.893355	4.517587	4.27701	0.757347	6.062018	-1.920074	-0.873779	0.005615	-0.456055
30593	5.690424	3.016953	4.228267	0.642517	6.381868	-2.132822	-0.860107	-0.018555	-0.513428
30594	5.820672	1.873963	4.513743	0.584913	6.591236	-2.290621	-0.857178	-0.016846	-0.556152
30595	6.296216	0.921034	5.009819	0.604376	6.707091	-2.377825	-0.836914	-0.04126	-0.611328
30596	7.378614	-0.06587	5.672368	0.681646	6.830197	-2.421532	-0.824707	-0.041748	-0.654785
30597	9.133975	-0.953343	6.768334	0.820541	7.000827	-2.420604	-0.797363	-0.070312	-0.70752
30598	10.876366	-1.758334	7.801537	0.998553	7.2562	-2.3594	-0.782959	-0.0625	-0.765137
30599	12.495501	-2.317099	8.657109	1.185918	7.504899	-2.23905	-0.750977	-0.095459	-0.818115
30600	13.555826	-2.817099	9.275359	1.403049	7.719442	-2.077101	-0.724854	-0.096436	-0.870605
30601	14.679132	-3.361457	10.622771	1.640019	7.827868	-1.924676	-0.672607	-0.127686	-0.925537
30602	15.891075	-4.111315	12.084878	1.874504	7.844298	-1.817458	-0.639404	-0.130859	-0.989014
30603	16.901949	-5.134637	14.113063	2.126899	7.654586	-1.770508	-0.577881	-0.168701	-1.036377
30604	19.985192	-6.057935	17.34853	2.405798	7.353806	-1.775636	-0.51709	-0.178711	-1.099365
30605	26.127063	-6.835746	20.599667	2.821334	7.234008	-1.794145	-0.444092	-0.220947	-1.147217
30606	31.335747	-5.766469	20.698421	3.02107	7.098513	-1.651238	-0.367188	-0.246094	-1.19165
30607	35.649711	-7.408059	17.308587	2.96113	6.987205	-1.372868	-0.274414	-0.292725	-1.201416
30608	37.576603	-9.291541	11.576563	2.923873	6.73811	-1.042605	-0.198486	-0.311279	-1.222656
30609	37.507106	-4.921076	4.265724	2.62371	6.469517	-0.305238	-0.113037	-0.353516	-1.210938
30610	33.192808	-4.625768	-4.87753	1.983603	6.10724	0.438766	-0.040283	-0.356934	-1.206787
30611	26.702718	-5.709447	-12.730283	1.397317	5.387824	0.750831	0.023682	-0.381348	-1.181396
30612	21.74988	-9.379638	-19.460753	1.097001	4.121716	0.522081	0.075684	-0.380127	-1.17041
30613	21.261529	-11.852915	-26.97989	1.02695	2.596558	-0.168615	0.098633	-0.399414	-1.155029
30614	21.747068	-9.782446	-29.582664	0.875484	1.252763	-0.867283	0.116699	-0.395508	-1.156982
30615	22.697814	-4.95225	-26.131648	0.064278	0.017548	-1.076513	0.121338	-0.4021	-1.143555
30616	22.973352	-6.860862	-21.044414	-0.800903	-0.993738	-0.837525	0.114014	-0.382812	-1.1604
30617	22.165526	-10.082095	-14.01591	-1.106858	-1.764717	-0.911732	0.095459	-0.375977	-1.151367
30618	19.813759	-1.397535	6.213738	-2.462486	-1.829984	-0.518057	0.083252	-0.348145	-1.16333
30619	-11.603745	7.659637	27.127724	-3.051774	-2.552206	-0.689744	0.059814	-0.324219	-1.16333
30620	-8.630401	-12.805857	36.937764	-1.229506	-2.007532	-0.295074	0.04126	-0.309082	-1.176025
30621	-10.280008	-9.544066	5.990927	-0.84977	-3.434176	-0.658452	0.006592	-0.303955	-1.160156
30622	9.994161	-11.676322	-9.622719	-1.268518	-4.800528	-0.289756	-0.032715	-0.277832	-1.169434
30623	21.499153	-12.737926	14.717514	-0.529545	-5.41277	0.25409	-0.084473	-0.287354	-1.171631
30624	26.265014	-13.227871	20.905292	-0.557761	-4.640824	0.830156	-0.130615	-0.267578	-1.182373
30625	16.988554	-3.325195	7.408932	-0.297378	-4.069061	1.151362	-0.162109	-0.277588	-1.170654
30626	11.226951	10.287801	8.491131	-0.238627	-4.194004	0.670293	-0.210205	-0.261963	-1.188965
30627	17.29703	14.519274	8.402266	-1.104807	-3.735399	0.313588	-0.235352	-0.265625	-1.173096
30628	24.544987	7.452385	9.610273	-2.537503	-2.76659	0.883729	-0.261963	-0.222412	-1.169189
30629	15.68637	-7.421135	7.281208	-2.567214	-1.767046	0.953717	-0.280762	-0.213379	-1.152344
30630	5.398095	-6.212559	12.437865	-2.119138	-1.766647	0.836211	-0.293701	-0.174561	-1.151855
30631	11.959959	-2.616927	9.626671	-1.840071	-1.737262	0.627154	-0.303223	-0.170166	-1.138184
30632	11.900525	-2.828487	7.34866	-1.382657	-1.056305	0.626382	-0.315674	-0.14209	-1.136719
30633	7.485207	-5.735311	9.821137	-0.864416	-0.796323	0.440219	-0.320312	-0.150391	-1.122314
30634	7.695927	-0.830536	8.426382	-0.56782	-0.800136	0.254251	-0.325439	-0.12915	-1.131592
30635	8.978069	-0.264009	6.700952	-0.457574	-0.547792	0.236512	-0.329834	-0.139648	-1.114502
30636	6.588692	-2.785314	8.949524	-0.286103	-0.393868	0.176048	-0.337402	-0.115967	-1.126465
30637	7.080097	-1.755458	8.185218	-0.16079	-0.466919	0.092316	-0.339111	-0.130859	-1.117188
30638	7.089788	-0.92923	7.964533	-0.10109	-0.409317	0.068474	-0.343994	-0.120117	-1.120117
30639	6.943498	-0.884243	7.999473	-0.092316	-0.40493	0.047302	-0.341797	-0.128662	-1.111816
30640	6.779439	-1.503716	7.946618	-0.065041	-0.401688	0.037956	-0.348633	-0.11792	-1.119873
30641	6.919745	-0.850629	7.791391	-0.047302	-0.428582	0.011444	-0.353027	-0.128418	-1.108154
30642	6.812703	-0.514232	7.792921	-0.050354	-0.426102	0.035095	-0.360352	-0.113525	-1.119385
30643	6.522679	-0.32246	7.872043	-0.074005	-0.417137	0.066376	-0.359863	-0.128418	-1.110107
30644	7.2653	-0.225038	7.131662	-0.099754	-0.428391	0.106049	-0.36499	-0.113281	-1.116211
30645	6.746731	-0.083245	7.579752	-0.128174	-0.385094	0.152588	-0.364502	-0.124023	-1.110107
30646	7.042584	-0.014292	7.394315	-0.145722	-0.360489	0.196076	-0.369385	-0.109131	-1.121582
30647	7.055629	-0.15508	7.330549	-0.180054	-0.336266	0.229645	-0.371338	-0.121826	-1.112305
30648	7.053873	-0.42483	7.324819	-0.198937	-0.317765	0.273896	-0.374268	-0.108887	-1.115723
30649	7.071622	-0.834742	7.166093	-0.197601	-0.306511	0.276947	-0.369385	-0.119629	-1.107422
30650	7.078639	-1.094817	7.300741	-0.199127	-0.304413	0.276947	-0.376709	-0.102539	-1.113525
30651	7.180037	-1.144382	6.971304	-0.180817	-0.281334	0.248718	-0.383545	-0.11084	-1.098877
30652	7.183805	-1.217321	7.016835	-0.179863	-0.257111	0.237274	-0.386475	-0.09375	-1.102783
30653	7.287739	-1.29543	6.85115	-0.169182	-0.222778	0.216675	-0.388184	-0.106445	-1.101562
30654	7.238228	-1.211766	6.84076	-0.143242	-0.185585	0.210571	-0.384277	-0.087402	-1.106201
30655	7.194261	-1.067804	6.902857	-0.137138	-0.15564	0.199127	-0.384033	-0.100098	-1.094482
30656	7.061599	-1.01227	7.032371	-0.136375	-0.116348	0.202942	-0.386475	-0.087402	-1.111328
30657	7.192652	-1.170533	6.947281	-0.112152	-0.110436	0.193787	-0.38623	-0.095703	-1.099854
30658	6.935536	-0.880652	6.964234	-0.119782	-0.08316	0.196838	-0.391113	-0.089111	-1.094727
30659	7.093584	-1.304972	6.96684	-0.108337	-0.07534	0.204468	-0.384277	-0.0979	-1.089355
30660	7.087131	-1.432132	7.003838	-0.090599	-0.066376	0.193024	-0.393799	-0.080566	-1.0979
30661	6.922349	-1.436724	7.107948	-0.08316	-0.059319	0.160217	-0.388672	-0.095703	-1.094482
30662	6.974125	-1.325712	7.120217	-0.078201	-0.081253	0.163841	-0.391602	-0.080811	-1.098145
30663	6.868859	-1.283145	6.984789	-0.073242	-0.095177	0.144196	-0.386475	-0.089355	-1.100586
30664	7.070235	-1.353184	7.470711	-0.069618	-0.110626	0.121117	-0.39624	-0.074219	-1.103516
30665	6.398093	-0.709543	8.324734	-0.086212	-0.195885	0.126648	-0.388916	-0.091309	-1.094727
30666	6.371775	-0.806275	8.44656	-0.104904	-0.362778	0.164604	-0.403076	-0.078369	-1.094727
30667	6.291624	-0.726555	8.50839	-0.148773	-0.563622	0.19455	-0.398193	-0.084717	-1.091797
30668	6.577498	-1.453718	7.967207	-0.160408	-0.757982	0.201226	-0.407715	-0.073975	-1.089355
30669	6.216192	-1.527382	8.550636	-0.177766	-0.955013	0.196839	-0.414307	-0.082275	-1.085205
30670	6.22077	-0.787895	8.807146	-0.21248	-1.201637	0.195123	-0.43335	-0.064941	-1.085205
30671	6.029428	-0.463237	9.223592	-0.245478	-1.574724	0.211337	-0.435303	-0.07959	-1.070312
30672	5.971364	-0.285991	10.274169	-0.274663	-1.979289	0.278859	-0.45874	-0.062256	-1.069824
30673	5.812315	-0.424184	10.631645	-0.318727	-2.56126	0.364695	-0.481445	-0.070312	-1.053711
30674	5.953298	-0.237339	10.870784	-0.390451	-3.156226	0.469991	-0.50708	-0.052734	-1.050293
30675	6.381738	-0.056624	11.245028	-0.448637	-3.836876	0.609627	-0.532227	-0.060547	-1.026123
30676	7.096107	0.549977	12.201202	-0.527237	-4.474841	0.85266	-0.572021	-0.040527	-1.008545
30677	5.975545	2.295821	14.362214	-0.763032	-5.204453	1.242217	-0.608887	-0.041748	-0.981201
30678	6.052946	0.908699	14.053363	-1.001533	-6.171731	1.671701	-0.653564	-0.010742	-0.958496
30679	9.145303	-0.336789	14.097316	-0.892087	-7.227315	1.902457	-0.697754	-0.013916	-0.911865
30680	12.060761	-0.696563	15.347441	-0.771742	-7.955902	2.058232	-0.752441	0.021484	-0.859863
30681	17.523641	-1.325166	14.527423	-0.425664	-8.520151	1.775159	-0.789795	0.018311	-0.805908
30682	22.577635	-1.074039	13.366459	-0.05533	-8.370074	1.625363	-0.837158	0.041016	-0.748047
30683	23.990293	-1.443252	10.301863	-0.285417	-7.867083	1.745315	-0.868164	0.044189	-0.687256
30684	26.054044	-6.430272	9.718699	-0.239039	-6.788851	1.395887	-0.890381	0.068359	-0.639648
30685	24.927888	-1.152445	10.622956	0.255616	-5.317391	1.141498	-0.897705	0.056152	-0.593018
30686	15.870768	0.501368	10.610346	1.004097	-3.725688	1.221549	-0.9104	0.077881	-0.575195
30687	2.008291	5.633556	12.731526	1.277414	-2.76579	1.550368	-0.905762	0.065186	-0.550781
30688	6.207745	-0.129488	12.452543	1.412886	-3.178279	2.671074	-0.897949	0.094971	-0.541016
30689	17.494388	-3.810982	11.271148	2.537114	-1.974604	1.958581	-0.895508	0.082275	-0.529541
30690	6.508221	6.957183	12.043026	2.971786	-0.964018	1.121572	-0.88916	0.099121	-0.541992
30691	-0.140809	13.586657	9.239557	2.735227	-0.433173	0.416579	-0.883545	0.073242	-0.54834
30692	-1.414491	10.739564	7.795426	2.023924	-0.165179	-0.424965	-0.892578	0.075684	-0.547607
30693	-0.08399	10.372906	5.553753	1.424623	-0.061036	-1.420617	-0.895752	0.041504	-0.557617
30694	2.971189	8.758391	6.604113	0.894375	0.344665	-2.087448	-0.904297	0.032959	-0.558838
30695	4.149038	5.138475	7.931147	0.541707	1.068345	-2.708534	-0.905029	-0.003174	-0.566162
30696	3.873611	2.250724	8.337502	0.432039	1.720145	-3.239816	-0.915527	-0.018066	-0.582275
30697	3.226794	0.268412	8.265281	0.481452	2.323522	-3.605169	-0.911377	-0.065186	-0.589111
30698	2.721982	-1.236266	7.952902	0.568061	2.798722	-3.765266	-0.914795	-0.080322	-0.619385
30699	2.851424	-2.784038	7.416934	0.656196	3.231575	-3.750237	-0.9104	-0.123291	-0.631836
30700	2.92348	-3.997006	7.042442	0.77695	3.649167	-3.604149	-0.904053	-0.151367	-0.666992
30701	3.116314	-5.355498	6.783322	0.900565	4.029556	-3.333674	-0.888672	-0.187988	-0.69165
30702	3.465467	-6.627715	7.012591	1.106204	4.345271	-2.953312	-0.882568	-0.205566	-0.727783
30703	4.129594	-8.074886	7.301491	1.424584	4.614256	-2.518774	-0.860107	-0.244629	-0.758057
30704	5.154762	-9.359618	7.571355	1.863149	4.853306	-2.026058	-0.843018	-0.255859	-0.792969
30705	6.213414	-10.093758	7.521437	2.408369	5.09029	-1.508545	-0.804688	-0.295166	-0.81958
30706	6.795082	-9.913259	7.254814	2.947311	5.262047	-0.94333	-0.778076	-0.315186	-0.857178
30707	7.534338	-9.443549	7.443501	3.445257	5.364567	-0.391454	-0.735596	-0.345947	-0.882324
30708	8.63202	-8.706272	7.398638	3.85832	5.392681	0.136973	-0.706543	-0.368164	-0.922607
30709	10.051304	-8.29092	7.536034	4.215302	5.360888	0.643284	-0.663574	-0.409668	-0.946777
30710	11.321334	-8.220036	7.482922	4.541192	5.285212	1.05212	-0.632568	-0.431885	-0.976807
30711	11.722805	-8.629363	7.471032	4.865542	5.074822	1.361375	-0.587891	-0.471191	-0.982666
30712	12.696662	-9.672046	8.141861	5.245968	4.713893	1.563221	-0.554199	-0.501709	-1.014893
30713	15.707242	-11.463773	8.552394	5.741668	4.376648	1.638405	-0.520752	-0.549316	-1.008545
30714	16.676305	-12.251817	6.04076	6.153408	3.970888	1.655204	-0.494141	-0.586182	-1.023682
30715	15.109711	-13.366929	3.225349	6.313378	3.242443	1.558265	-0.469238	-0.64624	-1.012695
30716	13.841909	-14.248477	0.211402	6.136878	2.178974	1.310399	-0.449463	-0.685059	-1.019043
30717	15.721116	-14.298474	-3.393843	5.574813	0.948657	1.217821	-0.450684	-0.727539	-0.994141
30718	19.899716	-13.468521	-6.157205	4.738144	0.061995	1.38354	-0.45166	-0.755371	-0.999512
30719	28.117001	-2.662095	-8.345377	3.02543	-0.267045	2.319477	-0.465088	-0.780518	-0.972412
30720	32.347454	1.066917	-13.154462	-0.511215	0.072676	4.609521	-0.460938	-0.761475	-0.985107
30721	21.403234	-17.475673	-14.936841	-2.312574	0.134294	5.02536	-0.467041	-0.729248	-0.96875
30722	19.353508	-8.931549	-16.937117	-3.552105	-0.448854	4.037393	-0.468262	-0.695068	-0.97168
30723	27.056204	-6.920107	-17.455545	-4.921799	-0.375239	4.06945	-0.475342	-0.643555	-0.948975
30724	32.773928	-30.893723	4.68049	-4.462182	1.088649	2.541262	-0.468018	-0.592529	-0.956787
30725	9.473737	-37.53167	12.396757	-1.07866	2.885584	1.644218	-0.443604	-0.580322	-0.954834
30726	-7.063162	-8.866738	20.154489	-0.328641	1.621078	0.741778	-0.431885	-0.576416	-0.974609
30727	4.515839	5.328788	9.215224	-0.339509	0.629617	0.370027	-0.427734	-0.574219	-0.9646
30728	11.883031	3.214815	7.903255	-0.388338	0.688746	0.533869	-0.418457	-0.565918	-0.979492
30729	5.886081	-3.157484	9.281804	-0.410273	0.780491	0.661472	-0.421143	-0.565674	-0.966064
30730	4.391206	-7.075132	10.675223	-0.297165	0.206757	0.427247	-0.416504	-0.55542	-0.983154
30731	9.663231	-1.554979	5.142996	-0.162315	0.105286	0.263214	-0.423584	-0.555176	-0.977295
30732	6.417794	-3.476087	8.691862	-0.144196	0.246239	0.266266	-0.411865	-0.55542	-0.994141
30733	5.910114	-4.744898	8.969605	-0.03891	-0.055504	0.024414	-0.416748	-0.557373	-0.972412
30734	6.914935	-2.685615	8.027974	0.0103	-0.160217	-0.126839	-0.412109	-0.55542	-0.983643
30735	6.974703	-1.676406	7.700946	0.049782	-0.235748	-0.179291	-0.42334	-0.561523	-0.971436
30736	7.159432	-1.176998	7.420936	0.065613	-0.263786	-0.183296	-0.418701	-0.557373	-0.985352
30737	7.51741	-1.064916	6.985219	0.083351	-0.262451	-0.170136	-0.428223	-0.559326	-0.968506
30738	7.540817	-0.558984	7.022262	0.079727	-0.216675	-0.147438	-0.423096	-0.565918	-0.981689
30739	7.429429	-0.469786	7.127564	0.057983	-0.204277	-0.113678	-0.432617	-0.563477	-0.967773
30740	7.291977	-0.703324	7.162423	0.02842	-0.192642	-0.095367	-0.42334	-0.561523	-0.974121
30741	7.239968	-1.027553	7.189266	0.027466	-0.191307	-0.081635	-0.434814	-0.561279	-0.965088
30742	7.327436	-1.02001	7.077802	0.017166	-0.18959	-0.080872	-0.43042	-0.559326	-0.970947
30743	7.336846	-0.991499	7.226514	0.021362	-0.170708	-0.070953	-0.443848	-0.56543	-0.961426
30744	7.282959	-1.094925	7.146875	0.024605	-0.180817	-0.061989	-0.439209	-0.563232	-0.969971
30745	7.294251	-0.99734	7.067631	0.031281	-0.178337	-0.069428	-0.443848	-0.571777	-0.958252
30746	7.216396	-1.050674	7.122157	0.039291	-0.182343	-0.077248	-0.44165	-0.561279	-0.972412
30747	7.215299	-0.965819	7.042988	0.04425	-0.188255	-0.085449	-0.44165	-0.567383	-0.95874
30748	7.223088	-0.944348	7.066582	0.055885	-0.183106	-0.074196	-0.437012	-0.563477	-0.972656
30749	7.214821	-0.714947	6.994506	0.064087	-0.1791	-0.083923	-0.446289	-0.565186	-0.958496
30750	7.275232	-0.527917	6.84224	0.065994	-0.154114	-0.07267	-0.44165	-0.559082	-0.969971
30751	7.419343	-0.405506	6.661274	0.051117	-0.104332	-0.046539	-0.445801	-0.57373	-0.960449
30752	7.351752	-0.527674	6.814465	0.051308	-0.053406	-0.022316	-0.441406	-0.56958	-0.961182
30753	7.404345	-0.480563	6.743644	0.041199	-0.022697	-0.006104	-0.445801	-0.575928	-0.95752
30754	7.306284	-0.527654	6.79294	0.020599	0.032806	0.013542	-0.441162	-0.573975	-0.966064
30755	7.230689	-0.549573	6.899025	0.021362	0.055122	0.027466	-0.450195	-0.575928	-0.962402
30756	7.189623	-0.691059	6.903417	0.015068	0.066376	0.03643	-0.443604	-0.567627	-0.97168
30757	7.114175	-0.806074	7.082568	0.016785	0.068092	0.028229	-0.448242	-0.57373	-0.960205
30758	7.103943	-0.843856	7.068248	0.007248	0.041962	0.027275	-0.446045	-0.567383	-0.968994
30759	7.066761	-1.001267	7.123864	0.022125	0.026894	0.030518	-0.448242	-0.57373	-0.960205
30760	7.00443	-1.111175	7.344684	0.017357	-0.001144	0.011444	-0.450195	-0.57373	-0.97583
30761	6.990162	-1.115319	7.255753	0.038147	-0.04406	-0.006866	-0.447998	-0.575928	-0.965332
30762	7.007027	-1.044032	7.178477	0.053024	-0.082016	-0.020599	-0.447754	-0.573975	-0.97876
30763	6.992493	-0.918193	7.149885	0.063324	-0.106621	-0.033569	-0.452393	-0.578125	-0.969971
30764	6.940939	-0.837537	7.385926	0.067329	-0.139999	-0.040436	-0.445557	-0.578125	-0.973389
30765	6.862804	-0.929001	7.640621	0.072479	-0.216484	-0.060272	-0.461426	-0.582031	-0.958252
30766	6.962917	-1.192827	7.598914	0.079918	-0.30613	-0.086212	-0.454346	-0.580078	-0.974854
30767	7.023674	-1.237389	7.645742	0.099182	-0.421715	-0.112152	-0.463623	-0.586182	-0.960449
30768	7.00282	-1.524936	7.852266	0.13752	-0.537873	-0.126076	-0.463867	-0.579834	-0.963623
30769	6.846734	-1.745845	8.16308	0.164032	-0.678827	-0.154114	-0.470459	-0.583984	-0.957275
30770	6.766345	-1.73535	8.73178	0.263215	-0.865176	-0.135231	-0.477539	-0.581787	-0.956787
30771	6.810386	-1.388741	9.345377	0.376894	-1.132781	-0.10376	-0.484375	-0.590088	-0.937012
30772	6.235365	-1.722656	11.304287	0.718698	-1.527995	-0.008202	-0.497803	-0.591797	-0.938232
30773	5.174336	-1.027553	12.656056	1.075768	-2.008672	0.128177	-0.518555	-0.597656	-0.914551
30774	4.258827	-1.123455	13.891155	1.388218	-2.565475	0.200469	-0.536865	-0.601562	-0.907471
30775	4.363903	-1.536476	14.573664	1.752768	-3.363239	0.208295	-0.56665	-0.611328	-0.866699
30776	4.375476	-1.938518	14.923686	2.468359	-4.255534	0.214026	-0.600342	-0.634277	-0.851074
30777	5.55169	-0.690586	14.834745	3.046085	-4.963432	0.083935	-0.641357	-0.652344	-0.806152
30778	7.520564	-6.55759	15.516304	3.812903	-5.344779	-0.144603	-0.677734	-0.670654	-0.777344
30779	11.964294	-10.491841	13.663954	5.090162	-5.33722	-0.722669	-0.708984	-0.714355	-0.720459
30780	14.844144	-11.954468	10.521678	6.517001	-4.983241	-1.386661	-0.742188	-0.760498	-0.676514
30781	14.410611	-9.815011	5.09029	7.853614	-4.412876	-1.923287	-0.754883	-0.817383	-0.612305
30782	15.414322	-7.336924	1.322487	8.664693	-3.320216	-1.852536	-0.769043	-0.880859	-0.576172
30783	13.197318	-6.425046	-1.160269	9.098474	-2.34598	-1.822595	-0.770508	-0.933838	-0.523926
30784	11.769717	-3.258994	-2.876857	9.158315	-1.578539	-1.827351	-0.775635	-0.991211	-0.494629
30785	8.731821	7.005459	-3.115979	8.588864	-0.96371	-1.402731	-0.772949	-1.029297	-0.446777
30786	14.083927	19.828237	-2.837605	7.120125	-0.646729	0.264415	-0.779297	-1.054443	-0.420166
30787	20.237358	0.459162	9.27226	5.301761	0.746466	3.185787	-0.792236	-1.039062	-0.380615
30788	11.503989	-17.190753	12.48347	4.646679	2.445811	3.409179	-0.808105	-1.042969	-0.376221
30789	1.216646	-11.6276	7.745295	4.882079	2.663281	2.829438	-0.818359	-1.023438	-0.355713
30790	-2.963745	-8.316268	5.843582	4.950124	2.064634	2.711513	-0.829102	-1.031738	-0.359375
30791	-1.870529	-8.749476	4.550646	4.930978	1.458939	2.512703	-0.832764	-1.010254	-0.334473
30792	2.194088	-8.296704	3.845802	4.693013	1.205014	2.203057	-0.846436	-1.01416	-0.327637
30793	5.155409	-6.713619	5.002217	4.150979	1.313908	2.004434	-0.847656	-0.994629	-0.300049
30794	7.120584	-6.668253	6.503028	3.59583	1.671925	1.852374	-0.856201	-1.005371	-0.309082
30795	7.361131	-6.907187	6.792982	3.032128	2.088499	1.679344	-0.866211	-0.98584	-0.299072
30796	7.234291	-8.089962	6.903649	2.559823	2.472651	1.549246	-0.868164	-0.992188	-0.309082
30797	6.951939	-9.026772	6.817237	2.244708	2.820191	1.424497	-0.866211	-0.979492	-0.310303
30798	6.295098	-9.345922	6.409269	2.069419	3.081144	1.442432	-0.86792	-0.983887	-0.333496
30799	5.747393	-9.752707	6.099175	1.980157	3.21754	1.576343	-0.872803	-0.973145	-0.339355
30800	5.68459	-10.012172	5.971626	2.003629	3.276497	1.782741	-0.865479	-0.971436	-0.361328
30801	6.068672	-9.874731	5.728741	2.077652	3.307801	2.047132	-0.866211	-0.952148	-0.368164
30802	6.584213	-9.345011	5.54243	2.143284	3.322509	2.296266	-0.876709	-0.958496	-0.390381
30803	7.202723	-8.447441	5.342008	2.185455	3.35496	2.553035	-0.877441	-0.935059	-0.397705
30804	7.818105	-7.480127	5.321482	2.187185	3.399045	2.776043	-0.879395	-0.931152	-0.421631
30805	8.438026	-6.742227	5.2544	2.160108	3.426147	2.949069	-0.886963	-0.913818	-0.422607
30806	9.153039	-6.140347	5.461793	2.163742	3.492546	3.050183	-0.886719	-0.909668	-0.444092
30807	9.836834	-5.391586	5.594836	2.198276	3.562756	3.083386	-0.889404	-0.888428	-0.461426
30808	10.394569	-4.356748	5.716259	2.246926	3.617896	3.107049	-0.893799	-0.88208	-0.480225
30809	10.718503	-3.141837	5.860336	2.311407	3.648044	3.109345	-0.89209	-0.856689	-0.49585
30810	10.748459	-2.226682	5.945101	2.34956	3.644804	3.112972	-0.894043	-0.856689	-0.511475
30811	10.967729	-1.509607	6.056872	2.436354	3.586431	3.107058	-0.887451	-0.839844	-0.526611
30812	11.389849	-1.074025	5.815461	2.515135	3.52138	3.087026	-0.886963	-0.842285	-0.547607
30813	11.870289	-1.287348	5.537306	2.651524	3.433056	3.027697	-0.883057	-0.823242	-0.557617
30814	12.5723	-1.759423	4.525382	2.812137	3.312683	2.956921	-0.880371	-0.825439	-0.576172
30815	13.592657	-1.933759	3.140697	2.988771	3.139277	2.874317	-0.875977	-0.819092	-0.579834
30816	14.567658	-2.172173	1.331907	3.059718	2.924854	2.831574	-0.877686	-0.821533	-0.600586
30817	15.901151	-2.337747	-0.422818	3.012385	2.633357	2.804844	-0.876221	-0.802246	-0.594482
30818	17.416726	-3.127779	-2.529877	2.883029	2.299327	2.871393	-0.87793	-0.808838	-0.61499
30819	18.863917	-3.903114	-5.364408	2.708654	1.873359	2.927636	-0.873779	-0.793945	-0.619141
30820	20.069176	-3.838722	-7.769591	2.529137	1.440153	2.988078	-0.885254	-0.793701	-0.615479
30821	20.062128	-3.538914	-9.661653	2.228108	0.977384	2.921471	-0.888428	-0.768066	-0.617432
30822	22.184231	-5.663326	-11.573102	1.607774	-0.189026	2.799347	-0.9021	-0.767822	-0.613525
30823	22.159278	-1.239606	-15.140738	0.849371	-1.502279	2.285082	-0.9104	-0.741943	-0.593994
30824	17.690649	-0.220893	-14.022185	1.243632	-1.645142	1.91218	-0.933105	-0.747803	-0.580811
30825	17.073589	0.128389	16.923327	0.845542	-1.232931	1.345085	-0.938477	-0.732666	-0.571045
30826	12.848044	12.750775	29.361503	0.237467	-0.788694	0.980765	-0.945312	-0.730469	-0.575928
30827	8.054241	13.015572	12.799	0.118257	-1.338779	0.424198	-0.950195	-0.72168	-0.565674
30828	8.854629	16.90081	-0.578384	-0.214006	-1.255235	0.115014	-0.963867	-0.725586	-0.556152
30829	10.580299	0.409907	7.276933	-0.687222	-0.923162	-0.147248	-0.959961	-0.714844	-0.546875
30830	7.892371	-7.464572	8.771592	-0.503923	-0.713351	-0.118447	-0.966309	-0.729736	-0.539551
30831	3.256048	-9.834081	8.395126	-0.195885	-0.73929	0.325776	-0.967041	-0.714844	-0.535645
30832	1.77848	-6.237909	10.480908	0.167085	-1.121336	0.121117	-0.978516	-0.720947	-0.526123
30833	12.160305	1.742623	10.177538	0.193025	-1.232727	0.010681	-0.979004	-0.716553	-0.507812
30834	16.578388	4.316052	6.105054	-0.078583	-0.68474	0.011063	-0.983154	-0.722656	-0.50708
30835	6.792871	-3.153275	9.291792	-0.057983	-0.266838	0.034332	-0.979248	-0.712158	-0.505615
30836	4.530889	-8.468837	9.936579	0.242424	-0.512696	-0.188256	-0.987549	-0.727051	-0.508789
30837	7.544232	-0.696791	7.828108	0.424958	-0.598718	-0.341798	-0.986084	-0.718262	-0.488525
30838	10.088043	4.782488	6.399426	0.23861	-0.411416	-0.262451	-0.992432	-0.730957	-0.489502
30839	7.008896	0.184499	7.450648	0.090027	-0.221825	-0.118256	-0.988525	-0.718262	-0.477783
30840	5.345689	-2.260197	8.345137	0.127411	-0.311089	-0.129891	-0.994873	-0.730957	-0.47876
30841	6.660047	0.132397	7.68485	0.151062	-0.348473	-0.135803	-0.98877	-0.722412	-0.464111
30842	7.172982	0.588656	7.401385	0.096321	-0.353813	-0.074768	-0.999512	-0.73291	-0.470215
30843	6.744341	-0.264781	7.502652	0.070381	-0.322724	-0.033569	-0.991211	-0.720215	-0.461426
30844	6.846478	0.270929	7.27896	0.017548	-0.316048	-0.014496	-1.001953	-0.737061	-0.46167
30845	6.866268	0.710397	7.197178	-0.063896	-0.32959	0.041199	-0.993408	-0.724365	-0.458252
30846	6.993424	0.730204	7.285567	-0.10891	-0.296211	0.080872	-1.002197	-0.732666	-0.454102
30847	7.206035	0.108202	7.656745	-0.118065	-0.2594	0.090027	-0.991211	-0.724365	-0.453125
30848	7.133553	-0.151252	7.705794	-0.09613	-0.24128	0.107384	-1.0	-0.730713	-0.45459
30849	7.290299	-0.464389	7.528925	-0.098419	-0.238609	0.080109	-0.991455	-0.71582	-0.451416
30850	7.172266	-0.665919	7.573547	-0.08812	-0.203705	0.065613	-0.993164	-0.73291	-0.449707
30851	6.971904	-0.688547	7.670707	-0.07782	-0.208092	0.056458	-0.998535	-0.715576	-0.442627
30852	6.840876	-0.757674	7.649968	-0.037575	-0.208664	0.0494	-1.004883	-0.728271	-0.443604
30853	6.728582	-0.45451	7.71328	-0.036621	-0.225639	0.042725	-1.000732	-0.717773	-0.442383
30854	6.855305	-0.404994	7.569229	-0.02594	-0.229263	0.045586	-1.004639	-0.730469	-0.446289
30855	6.69847	-0.21028	7.682505	-0.016022	-0.236321	0.064087	-0.991699	-0.717773	-0.44043
30856	6.674244	-0.124301	7.556069	-0.009727	-0.259781	0.073051	-1.009277	-0.730469	-0.443115
30857	6.650768	0.117303	7.693959	-0.025749	-0.261688	0.113678	-0.998779	-0.713379	-0.429688
30858	6.799295	0.11213	7.449282	-0.047112	-0.288963	0.134277	-1.007324	-0.728271	-0.435547
30859	6.840678	0.101744	7.350887	-0.05703	-0.292206	0.176239	-1.005615	-0.715332	-0.431641
30860	6.970337	-0.203012	7.067453	-0.080109	-0.297356	0.19455	-1.016602	-0.723633	-0.432373
30861	6.851571	-0.187125	7.247835	-0.08831	-0.267792	0.202179	-1.008301	-0.70459	-0.427002
30862	7.052327	-0.653942	7.111332	-0.090981	-0.284767	0.214195	-1.014648	-0.713135	-0.433594
30863	7.065023	-1.004599	7.222185	-0.076866	-0.286102	0.196838	-1.010742	-0.702393	-0.424316
30864	7.046992	-1.241878	7.078087	-0.073624	-0.311852	0.150871	-1.019531	-0.710693	-0.420166
30865	6.969424	-0.860001	7.227133	-0.013542	-0.332642	0.144196	-1.013184	-0.704346	-0.416016
30866	6.768815	-0.590068	7.331849	0.000763	-0.369644	0.165367	-1.02417	-0.712891	-0.416748
30867	7.003524	0.017996	7.23652	0.030518	-0.413323	0.215149	-1.018066	-0.699951	-0.407959
30868	6.430889	0.500463	7.843837	0.081825	-0.467301	0.314904	-1.029053	-0.708252	-0.40625
30869	6.542324	0.077007	7.658092	0.155068	-0.614931	0.44098	-1.023193	-0.691406	-0.397705
30870	6.758227	-0.381822	7.431786	0.180245	-0.680735	0.489618	-1.036377	-0.70166	-0.398193
30871	7.354386	-0.550029	6.876448	0.173379	-0.738528	0.514986	-1.032959	-0.68042	-0.384521
30872	6.754942	-1.48346	8.288717	0.09327	-0.794986	0.432779	-1.039551	-0.688721	-0.380615
30873	6.980445	-1.182108	7.516481	0.049591	-0.973324	0.347902	-1.035645	-0.673828	-0.371582
30874	6.618142	-1.60285	8.643077	-0.037766	-1.218422	0.24605	-1.049072	-0.686279	-0.358643
30875	6.168467	-1.859023	9.238593	-0.097466	-1.435102	0.167848	-1.047607	-0.67334	-0.34668
30876	6.417536	-1.245981	8.687352	-0.105096	-1.842143	0.047875	-1.054199	-0.686035	-0.331787
30877	6.651025	-1.207263	8.994973	-0.124362	-2.251291	-0.022889	-1.052979	-0.670898	-0.306885
30878	6.810755	-1.502901	9.264221	-0.13905	-2.609518	-0.093272	-1.066406	-0.6875	-0.285645
30879	6.872013	-1.372058	9.716867	-0.169378	-2.844907	-0.100711	-1.061035	-0.67041	-0.253174
30880	6.101658	-1.751632	10.437827	-0.104146	-3.327142	-0.185403	-1.070068	-0.684814	-0.224609
30881	6.266168	-1.326718	10.489283	-0.077634	-3.853847	-0.259416	-1.069092	-0.676025	-0.186035
30882	5.785341	-1.243303	12.307972	0.001908	-4.608946	-0.360712	-1.076172	-0.692627	-0.138916
30883	5.982711	-0.21241	13.959102	-0.069245	-5.306871	-0.425007	-1.066162	-0.681885	-0.090576
30884	5.362906	0.651852	14.99643	-0.241511	-6.341666	-0.341854	-1.071289	-0.698242	-0.032959
30885	8.501416	0.771468	16.16094	-0.429444	-7.458706	-0.173991	-1.054932	-0.69165	0.041504
30886	11.891242	3.149838	20.007571	-0.720625	-8.507262	0.233721	-1.049316	-0.706055	0.121582
30887	14.477288	0.39817	20.221958	-0.882331	-10.019146	0.4259	-1.017578	-0.691162	0.207275
30888	18.416151	-5.010167	21.204935	-0.405158	-11.615806	0.142368	-0.973633	-0.706055	0.299805
30889	21.205401	-9.176688	16.479149	0.096388	-12.878941	-0.544353	-0.910156	-0.700195	0.404297
30890	30.92927	-13.784224	12.081404	1.09732	-12.94089	-1.745901	-0.82959	-0.719971	0.501953
30891	37.925123	1.221016	11.186506	1.346507	-9.103664	-1.704266	-0.763184	-0.710205	0.55835
30892	23.974108	3.712746	28.312474	1.602546	-7.278419	-0.546201	-0.705322	-0.710693	0.616455
30893	19.474556	1.219564	16.955097	2.773571	-4.030834	0.908755	-0.661621	-0.675049	0.633301
30894	4.230371	5.460689	5.310412	1.216585	-2.879137	2.376137	-0.658203	-0.664307	0.668945
30895	31.216528	0.718946	19.779538	0.933892	-1.710418	3.159514	-0.643799	-0.628174	0.677734
30896	12.289828	1.679885	22.601418	1.797212	1.517006	2.991475	-0.66748	-0.606445	0.68335
30897	5.305051	6.350647	17.998179	1.593315	2.498795	2.710906	-0.677734	-0.567871	0.673096
30898	-0.436698	11.15358	14.299279	1.468775	3.087479	2.702736	-0.717041	-0.547852	0.666992
30899	-0.709643	9.368768	12.336306	1.041692	3.517453	2.67128	-0.745361	-0.51123	0.645264
30900	0.172953	6.929953	10.986523	0.984471	3.94208	2.241145	-0.788818	-0.491455	0.628906
30901	1.445762	6.418983	9.776467	1.100455	4.356039	1.67405	-0.82373	-0.45459	0.60791
30902	2.759736	5.248795	9.050563	1.309541	4.906058	1.00414	-0.873535	-0.443359	0.574463
30903	3.671527	4.608094	7.843418	1.553551	5.412437	0.299875	-0.910156	-0.417236	0.541016
30904	4.328251	5.063982	6.949053	1.729281	5.862578	-0.272793	-0.9729	-0.410156	0.488037
30905	4.904845	4.781929	6.091031	1.76213	6.245004	-0.675321	-1.006592	-0.386719	0.423096
30906	5.572605	4.424869	5.345386	1.694816	6.527828	-0.973127	-1.063965	-0.388184	0.349121
30907	5.949119	3.877573	4.928248	1.614903	6.73509	-1.19272	-1.092041	-0.384033	0.271973
30908	6.379275	2.901557	5.138959	1.566838	6.831667	-1.362327	-1.132568	-0.398926	0.181885
30909	8.032042	1.801514	5.65681	1.577529	6.882446	-1.50637	-1.142334	-0.399414	0.098145
30910	9.846958	0.834361	6.491289	1.62104	6.971216	-1.712232	-1.161865	-0.429688	0.01001
30911	11.908338	0.241811	7.236441	1.717981	7.155806	-1.903992	-1.143799	-0.437012	-0.080811
30912	13.648797	-0.440722	7.843962	1.792419	7.402433	-2.066767	-1.142822	-0.471924	-0.173096
30913	14.763712	-0.812129	8.548895	1.871432	7.598674	-2.155133	-1.106934	-0.481689	-0.249512
30914	15.490006	-1.650989	9.663955	1.929254	7.689544	-2.184911	-1.092285	-0.522949	-0.323975
30915	16.266182	-2.651418	11.295079	2.041632	7.668952	-2.248257	-1.056641	-0.532715	-0.384521
30916	17.314993	-3.277798	12.99172	2.12709	7.502146	-2.328943	-1.033447	-0.567871	-0.455078
30917	19.219225	-4.115424	15.41365	2.176481	7.278275	-2.444344	-0.986572	-0.577637	-0.508789
30918	22.928383	-5.507824	18.140431	2.248398	7.126763	-2.619665	-0.954346	-0.619141	-0.55835
30919	26.403485	-5.660973	18.26163	2.162725	7.037059	-2.706077	-0.910156	-0.624512	-0.596191
30920	27.915469	-6.480412	16.458523	1.900727	6.725707	-2.474589	-0.875977	-0.661865	-0.651611
30921	30.056304	-6.78159	13.855706	1.816337	6.231364	-2.026758	-0.838623	-0.666992	-0.681152
30922	33.351276	-6.665106	8.224002	1.657756	5.858422	-1.420443	-0.800537	-0.695801	-0.72168
30923	35.305343	-2.982044	0.055715	1.312632	5.632813	-0.625699	-0.768066	-0.694336	-0.751221
30924	33.264749	-1.888711	-7.482623	0.794895	5.503412	0.320285	-0.730469	-0.706055	-0.793213
30925	26.340104	-7.341748	-14.235683	0.582946	4.867483	0.834742	-0.706055	-0.683105	-0.80542
30926	21.314755	-11.290615	-21.395883	0.779195	3.505711	0.675048	-0.677734	-0.69458	-0.830811
30927	19.199861	-10.276163	-26.599061	0.968382	2.049299	0.026703	-0.666748	-0.688232	-0.83252
30928	19.304828	-4.916041	-26.619135	0.723842	0.617221	-0.564769	-0.654541	-0.707764	-0.839844
30929	22.521095	-1.51471	-23.301386	-0.133515	-0.731471	-0.610354	-0.666504	-0.698975	-0.826172
30930	25.662518	-5.155666	-18.634481	-0.70058	-1.700047	-0.656329	-0.663818	-0.709717	-0.828125
30931	26.577543	-4.558163	-10.482193	-0.968771	-2.230901	-1.101717	-0.685303	-0.692139	-0.809326
30932	24.656355	7.34536	8.590017	-3.567215	-2.227959	-1.130384	-0.689453	-0.694336	-0.819336
30933	0.042231	4.763603	12.110512	-3.489847	-3.185594	-1.378008	-0.71167	-0.661621	-0.793701
30934	-0.821964	-17.361742	38.074346	-1.823699	-2.092648	-1.799093	-0.711182	-0.676514	-0.792236
30935	-2.68571	-8.624434	14.8239	-0.845969	-3.217542	-2.412584	-0.737061	-0.671631	-0.758789
30936	10.307369	-13.399531	-0.894956	-1.340026	-3.933286	-1.742701	-0.750488	-0.686035	-0.74292
30937	19.436026	-21.264826	7.255762	-0.809362	-4.565082	-0.570731	-0.779297	-0.668213	-0.699707
30938	15.120516	-22.081755	20.335018	-0.365855	-4.002663	0.906245	-0.799561	-0.67627	-0.686523
30939	8.213668	-15.656076	12.158706	0.451882	-3.702036	1.591601	-0.825928	-0.660645	-0.65625
30940	7.738232	3.013286	7.871825	1.05561	-4.103602	0.962333	-0.842041	-0.666504	-0.633301
30941	18.679485	22.055494	5.72082	0.379968	-3.866632	0.413539	-0.865479	-0.657471	-0.60791
30942	24.050475	15.808006	8.475478	-1.233724	-2.829858	0.559639	-0.86792	-0.659424	-0.599609
30943	19.044386	-3.911365	8.595795	-1.90188	-1.910463	0.78509	-0.889893	-0.635254	-0.573242
30944	6.572572	-7.361509	11.583005	-1.458584	-1.733821	0.762004	-0.89209	-0.631104	-0.578857
30945	10.273138	-1.542903	11.265587	-1.00691	-1.916544	0.531017	-0.904785	-0.613525	-0.552734
30946	15.209467	1.600445	6.874421	-0.919355	-1.484319	0.456816	-0.906982	-0.617676	-0.549561
30947	8.836658	-2.372728	8.262394	-0.740628	-0.812535	0.376131	-0.914795	-0.598389	-0.534668
30948	6.848	-2.203455	9.605053	-0.485995	-0.864223	0.225259	-0.914307	-0.604736	-0.541992
30949	9.296405	1.538599	6.653925	-0.436212	-0.707247	0.201417	-0.920166	-0.585205	-0.521973
30950	7.614378	-0.714622	7.940649	-0.395966	-0.403214	0.206375	-0.912842	-0.592041	-0.5354
30951	6.385512	-1.677616	8.832726	-0.273896	-0.473595	0.167847	-0.927002	-0.585205	-0.516113
30952	6.738663	0.241316	7.796972	-0.214005	-0.452614	0.133324	-0.922119	-0.5896	-0.529541
30953	6.712506	0.259452	7.743447	-0.23861	-0.431061	0.177765	-0.931641	-0.583008	-0.513184
30954	6.506599	-0.406184	7.861331	-0.252343	-0.410271	0.176239	-0.924805	-0.583008	-0.516602
30955	6.548671	0.15278	7.816233	-0.276947	-0.452996	0.222779	-0.92749	-0.57666	-0.511475
30956	6.983045	0.02298	7.400248	-0.310326	-0.422288	0.250244	-0.924805	-0.583008	-0.513916
30957	6.862469	-0.077484	7.463481	-0.334931	-0.385857	0.292969	-0.932617	-0.565674	-0.50415
30958	6.895853	-0.43628	7.588073	-0.34256	-0.370408	0.330353	-0.929688	-0.572266	-0.51709
30959	6.829584	-0.561402	7.623074	-0.331116	-0.337792	0.341797	-0.933105	-0.557129	-0.499512
30960	6.615563	-0.352815	7.693212	-0.314141	-0.30098	0.357056	-0.932617	-0.559326	-0.515137
30961	6.791768	-0.487817	7.508313	-0.292969	-0.310326	0.38147	-0.94458	-0.552734	-0.496094
30962	6.641944	-0.713179	7.705446	-0.286103	-0.307847	0.401116	-0.9375	-0.552979	-0.507324
30963	6.583002	-1.529951	7.647308	-0.247193	-0.326348	0.392914	-0.942627	-0.541992	-0.502686
30964	6.651034	-1.693548	7.430858	-0.210953	-0.37098	0.346947	-0.939941	-0.548584	-0.512939
30965	6.792747	-0.737936	7.073116	-0.155449	-0.3685	0.360108	-0.94751	-0.5354	-0.494873
30966	6.48382	-0.432903	7.477117	-0.15564	-0.354386	0.421906	-0.944824	-0.540039	-0.507812
30967	6.794104	-0.375918	7.145896	-0.152397	-0.390626	0.48523	-0.957275	-0.522461	-0.489746
30968	6.967653	-0.094536	7.10734	-0.150109	-0.36049	0.579072	-0.945801	-0.520508	-0.496338
30969	6.821868	-0.831449	7.177209	-0.113488	-0.360108	0.637056	-0.95752	-0.513916	-0.487793
30970	7.01556	-1.336036	7.229051	-0.088692	-0.369454	0.646783	-0.955078	-0.51416	-0.49585
30971	7.258062	-1.849815	6.870671	-0.061607	-0.373078	0.627138	-0.958252	-0.500977	-0.478271
30972	7.051926	-2.328031	7.208568	-0.052834	-0.398637	0.544549	-0.957764	-0.503418	-0.496582
30973	6.91489	-2.312581	7.448214	-0.061607	-0.45395	0.444794	-0.968018	-0.488037	-0.47583
30974	6.800188	-2.246114	7.760542	-0.059319	-0.564385	0.340081	-0.967773	-0.492432	-0.478271
30975	6.631987	-1.91647	8.434826	-0.084496	-0.72098	0.260163	-0.966064	-0.481689	-0.466064
30976	6.464172	-1.184942	8.972396	-0.116349	-0.973324	0.24643	-0.970703	-0.483643	-0.465576
30977	6.201551	-1.322497	8.931714	-0.195314	-1.270875	0.246431	-0.982666	-0.474854	-0.449219
30978	6.012617	-1.521232	9.409596	-0.225642	-1.706908	0.219348	-0.978027	-0.481201	-0.443848
30979	5.94295	-2.147249	9.065025	-0.267606	-2.142376	0.16785	-0.995117	-0.469971	-0.408936
30980	6.167487	-2.237952	9.279982	-0.34524	-2.626305	0.04902	-0.994629	-0.478516	-0.408203
30981	6.266619	-1.422796	10.124993	-0.507185	-3.077823	-0.024415	-1.007324	-0.471436	-0.360107
30982	6.928268	-0.454694	10.02419	-0.648725	-3.554919	-0.024988	-1.004883	-0.47583	-0.354492
30983	6.665017	-0.111857	10.990962	-0.832233	-3.967557	0.144968	-1.017822	-0.466553	-0.296143
30984	6.257375	-0.300322	12.156035	-0.899205	-4.550391	0.378834	-1.027344	-0.468262	-0.276611
30985	5.774692	0.500974	14.690596	-0.925373	-5.435114	0.60051	-1.033936	-0.448486	-0.211426
30986	8.217392	1.069606	14.228025	-1.180481	-6.403363	0.980554	-1.032227	-0.452637	-0.179688
30987	8.609386	1.071936	16.627333	-1.471125	-7.488599	1.356083	-1.034912	-0.437012	-0.085693
30988	9.34215	2.527932	20.568419	-1.691431	-8.618764	1.814306	-1.022461	-0.43042	-0.039795
30989	12.413764	2.877343	19.949787	-1.772204	-10.325231	2.301365	-1.00293	-0.4021	0.067139
30990	16.680621	-2.352666	18.561691	-1.622029	-11.683611	2.224159	-0.979736	-0.399902	0.144043
30991	21.861504	-3.822047	20.032193	-1.458197	-12.523511	1.695632	-0.928467	-0.380615	0.261963
30992	28.346564	-9.92887	16.208329	-0.981651	-13.035368	0.876481	-0.873535	-0.383057	0.352295
30993	43.689018	-9.718611	4.537525	-0.352464	-10.973534	-0.350365	-0.798096	-0.377686	0.424316
30994	39.210402	2.506294	25.557877	0.264978	-6.569139	0.206603	-0.766357	-0.386475	0.453857
30995	25.853463	5.772448	21.989831	1.274423	-4.556715	0.891962	-0.71582	-0.361572	0.486816
30996	1.239155	9.043401	11.200485	-0.100143	-2.271434	3.475821	-0.714355	-0.348633	0.496094
30997	35.792677	-1.532396	11.822318	-0.997047	-2.910834	2.945932	-0.674561	-0.334229	0.522949
30998	10.82268	2.35259	23.294436	0.232893	0.631538	2.262549	-0.683594	-0.329834	0.512695
30999	4.46204	6.817453	17.053145	0.465593	1.772344	1.218439	-0.677246	-0.310791	0.505127
31000	-1.523864	10.964173	13.31386	0.433931	2.089352	0.593388	-0.699951	-0.306396	0.488281
31001	-0.655819	10.373188	10.030276	0.292213	2.418769	0.289161	-0.702148	-0.297852	0.477295
31002	0.900569	8.660541	8.428812	0.206572	2.752964	-0.021363	-0.724609	-0.297607	0.458252
31003	2.137596	7.762562	8.141172	0.329795	3.247216	-0.340286	-0.738037	-0.293213	0.437744
31004	3.46045	6.505704	8.132404	0.474579	3.84909	-0.787023	-0.759766	-0.299316	0.411377
31005	4.234418	5.593764	7.363384	0.599155	4.510159	-1.367316	-0.781982	-0.30127	0.386963
31006	4.861919	5.523679	6.552972	0.65354	5.126451	-1.836053	-0.807861	-0.313965	0.345703
31007	5.253336	4.775928	5.864131	0.608158	5.684213	-2.173953	-0.836426	-0.320068	0.311768
31008	5.270192	4.087067	4.943187	0.579749	6.142402	-2.39683	-0.866455	-0.341309	0.263428
31009	5.520639	2.82201	4.601223	0.477887	6.480192	-2.510578	-0.885498	-0.347656	0.210205
31010	5.903897	1.34816	4.968742	0.450613	6.713797	-2.600089	-0.91748	-0.373047	0.159912
31011	6.210153	0.040205	5.233965	0.50537	6.853501	-2.600683	-0.938721	-0.385986	0.107422
31012	7.143975	-1.271676	5.880056	0.666962	6.937665	-2.548612	-0.954834	-0.405273	0.047119
31013	8.654457	-2.389283	6.608798	0.92433	7.0726	-2.458774	-0.966797	-0.418457	-0.008789
31014	10.544897	-3.249895	7.523579	1.203836	7.282543	-2.287099	-0.97583	-0.437988	-0.080322
31015	12.083097	-4.111302	8.183695	1.51884	7.52609	-2.055137	-0.980713	-0.451172	-0.144775
31016	13.417366	-4.432463	8.573399	1.848921	7.713154	-1.788632	-0.981201	-0.46875	-0.206787
31017	14.20478	-4.558318	9.392228	2.174425	7.8277	-1.537761	-0.972656	-0.473633	-0.273193
31018	15.06291	-4.730566	10.68468	2.446879	7.823717	-1.383798	-0.959473	-0.487305	-0.344482
31019	16.525295	-4.592254	12.303209	2.678683	7.717239	-1.353841	-0.94165	-0.500732	-0.408447
31020	18.671454	-4.616404	14.329582	2.809927	7.54624	-1.445792	-0.921143	-0.522949	-0.471924
31021	22.284768	-5.114098	17.47421	2.888515	7.385936	-1.625505	-0.887451	-0.54126	-0.531494
31022	27.578082	-5.972808	20.623565	2.979156	7.38598	-1.881552	-0.855713	-0.567871	-0.595459
31023	33.188004	-4.806495	20.949365	2.950372	7.495938	-2.031529	-0.806152	-0.590332	-0.640381
31024	36.389681	-7.515728	17.20926	2.595316	7.655257	-1.998143	-0.753662	-0.634277	-0.683838
31025	37.112613	-8.152153	11.97386	2.39017	7.427879	-1.923888	-0.697754	-0.652832	-0.718994
31026	36.851663	-3.200624	3.731487	1.790462	7.099462	-1.428172	-0.655029	-0.679443	-0.752197
31027	33.336367	1.241225	-6.131731	0.567738	6.802362	-0.535688	-0.609131	-0.68457	-0.771973
31028	26.594634	-3.000829	-14.335825	-0.343185	6.075846	0.343376	-0.569824	-0.689697	-0.791016
31029	22.388934	-14.372812	-21.584174	-0.194566	4.47292	0.515791	-0.542725	-0.679688	-0.802246
31030	22.334872	-19.09738	-32.046262	0.83182	2.555734	-0.251396	-0.519531	-0.690918	-0.805908
31031	20.504066	-12.874767	-33.775036	1.455904	0.902573	-1.081104	-0.512451	-0.703613	-0.800293
31032	22.196016	-3.167255	-27.543285	0.816927	-0.712212	-1.268592	-0.516602	-0.718506	-0.793213
31033	26.5913	-3.47146	-21.704538	-0.243954	-1.753264	-0.910965	-0.516602	-0.720703	-0.790527
31034	26.507359	-5.153067	-13.033259	-0.797866	-2.24978	-0.98708	-0.527588	-0.730957	-0.783203
31035	19.424544	3.432516	18.191201	-3.059358	-1.739594	-0.515774	-0.534912	-0.720215	-0.781006
31036	-16.062331	14.843335	23.478185	-2.539652	-3.512289	-0.936203	-0.550781	-0.715576	-0.785156
31037	-12.407639	-8.390932	37.911032	-1.206831	-2.811551	-0.894966	-0.567627	-0.712891	-0.752197
31038	14.160935	-9.807828	-11.836804	-2.1363	-4.709628	-1.594547	-0.590576	-0.7146	-0.736572
31039	27.71798	-17.539676	0.708771	-1.695347	-6.068684	-0.936285	-0.616699	-0.703125	-0.703613
31040	29.401204	-16.492845	28.277857	-1.25328	-5.246418	-0.199342	-0.644043	-0.704834	-0.687744
31041	18.666288	-21.018854	15.036728	-0.997049	-4.036265	1.197145	-0.665527	-0.689209	-0.665771
31042	3.620567	-11.071712	8.984914	0.077826	-4.228176	1.35204	-0.693115	-0.692871	-0.649902
31043	11.900122	9.991798	8.906622	0.423468	-4.497727	0.634058	-0.714111	-0.687988	-0.627197
31044	23.473784	16.463168	8.055927	-0.85149	-3.581256	0.689928	-0.735107	-0.6875	-0.606689
31045	27.917272	5.952286	8.626534	-2.284927	-2.458314	0.846142	-0.74292	-0.666016	-0.600098
31046	10.720023	-1.23508	8.241907	-2.267536	-1.535851	0.975643	-0.75708	-0.650635	-0.597412
31047	5.637674	-8.623525	13.311437	-1.689004	-1.804402	0.732442	-0.755615	-0.637939	-0.582764
31048	14.545171	-5.385828	9.077647	-1.160069	-1.575306	0.535783	-0.776367	-0.631104	-0.584229
31049	11.133209	-1.601256	7.2478	-0.843817	-0.926787	0.363925	-0.77002	-0.620361	-0.57251
31050	6.959571	-1.027875	9.657004	-0.649646	-0.794605	0.300981	-0.779297	-0.620361	-0.568848
31051	7.73048	-0.423223	7.807809	-0.56534	-0.725367	0.271607	-0.777344	-0.611816	-0.567139
31052	7.828179	-0.411816	7.786653	-0.462342	-0.547983	0.278474	-0.786621	-0.611572	-0.563721
31053	6.543913	-0.959059	8.490715	-0.395776	-0.481416	0.257111	-0.784668	-0.607178	-0.556396
31054	7.032194	-0.332981	7.814728	-0.343514	-0.491525	0.227166	-0.793457	-0.611328	-0.560547
31055	6.840068	-0.416813	7.907248	-0.315857	-0.424004	0.222016	-0.791748	-0.598633	-0.55127
31056	6.684752	0.001113	7.861749	-0.311089	-0.425339	0.237084	-0.796143	-0.60498	-0.55542
31057	6.698152	-0.422633	7.78044	-0.298119	-0.392914	0.244904	-0.791992	-0.596436	-0.55127
31058	6.806667	-0.420349	7.783316	-0.294304	-0.380898	0.2594	-0.800781	-0.598389	-0.552979
31059	6.660522	-0.447874	7.830171	-0.29583	-0.366974	0.271607	-0.794678	-0.581299	-0.549805
31060	6.643757	-0.574767	7.688395	-0.299073	-0.35801	0.293732	-0.801025	-0.592041	-0.556152
31061	6.604911	-0.704487	7.762892	-0.285149	-0.363923	0.297547	-0.794922	-0.581299	-0.547119
31062	6.388985	-0.53177	7.952559	-0.250817	-0.366402	0.314904	-0.810791	-0.581055	-0.54834
31063	6.600713	-0.429588	7.847636	-0.228119	-0.401116	0.354767	-0.806396	-0.576904	-0.549072
31064	6.853984	-0.759585	7.664919	-0.237084	-0.40474	0.374604	-0.810791	-0.578857	-0.545898
31065	6.758257	-1.052028	7.602087	-0.212097	-0.414849	0.369263	-0.806641	-0.578857	-0.535645
31066	6.681565	-1.317155	7.614028	-0.191117	-0.426102	0.351525	-0.820557	-0.570068	-0.535156
31067	6.777652	-1.46415	7.435364	-0.170136	-0.466729	0.333405	-0.811523	-0.566162	-0.539062
31068	6.88635	-1.772323	7.307123	-0.159645	-0.503541	0.288201	-0.818359	-0.568115	-0.538086
31069	6.791789	-1.618496	7.268939	-0.114441	-0.523187	0.268555	-0.818604	-0.55957	-0.533691
31070	6.75869	-1.290823	7.134907	-0.093079	-0.525285	0.295067	-0.827637	-0.565674	-0.526855
31071	6.939609	-0.824207	7.048557	-0.037956	-0.553132	0.320435	-0.821289	-0.557373	-0.525635
31072	6.959776	-0.679312	7.21139	0.0	-0.554849	0.387383	-0.827881	-0.561523	-0.524658
31073	7.17664	-0.565474	6.816563	-0.030518	-0.538446	0.421906	-0.828369	-0.550537	-0.514893
31074	6.981097	-1.404822	7.066498	-0.059509	-0.517274	0.463868	-0.835449	-0.55249	-0.508789
31075	7.283387	-1.64598	6.651745	-0.028229	-0.527001	0.423432	-0.831055	-0.54834	-0.504395
31076	7.161253	-2.23774	7.161874	-0.075913	-0.545312	0.325013	-0.840088	-0.550293	-0.503418
31077	6.667529	-2.586757	7.534035	-0.105095	-0.624086	0.213623	-0.838135	-0.546143	-0.501221
31078	6.761904	-2.075931	7.710753	-0.137329	-0.763704	0.099182	-0.844971	-0.543701	-0.498291
31079	6.509599	-1.839564	8.188051	-0.18921	-0.976376	0.022888	-0.845459	-0.539307	-0.482666
31080	6.38835	-1.662359	8.840231	-0.206186	-1.299295	-0.029373	-0.854248	-0.543457	-0.486816
31081	6.150815	-1.469815	9.199786	-0.261501	-1.680013	-0.032807	-0.857178	-0.539062	-0.468506
31082	6.581835	-1.473454	8.679949	-0.315481	-2.096978	-0.052835	-0.868652	-0.542969	-0.451172
31083	6.447765	-1.978141	8.665767	-0.356302	-2.416862	-0.085451	-0.871582	-0.536377	-0.435547
31084	6.82256	-1.259111	9.103225	-0.46846	-2.763267	-0.131421	-0.878662	-0.53418	-0.421875
31085	6.991892	-0.217174	10.05573	-0.599504	-3.078587	-0.06943	-0.885742	-0.540283	-0.396973
31086	6.161131	-0.4623	11.012559	-0.692979	-3.61711	0.015069	-0.899902	-0.543945	-0.366211
31087	5.906176	-0.624855	12.409568	-0.6661	-4.369519	0.119028	-0.90332	-0.532959	-0.337891
31088	7.235981	0.613332	12.034118	-0.798883	-5.004848	0.305972	-0.919922	-0.534424	-0.293945
31089	7.605788	0.190159	13.892762	-0.982047	-5.827997	0.591365	-0.923584	-0.523438	-0.249512
31090	8.704415	0.172641	16.435005	-1.334664	-6.952233	0.860015	-0.927002	-0.518799	-0.201904
31091	9.130846	2.7863	19.735998	-1.627814	-8.012195	1.263025	-0.928467	-0.513916	-0.141602
31092	11.251577	1.763235	19.923946	-1.750549	-9.81922	1.745588	-0.925781	-0.50708	-0.071045
31093	16.024494	-0.357749	17.927816	-1.568746	-11.51311	1.897	-0.910156	-0.489502	0.02124
31094	19.461311	-1.87019	19.774115	-1.594063	-12.365057	1.401676	-0.889648	-0.484863	0.116699
31095	25.720037	-13.517882	17.466783	-1.169468	-13.03727	0.437477	-0.837158	-0.483154	0.212402
31096	38.790755	-15.003951	8.337673	0.196011	-12.348112	-1.409484	-0.78833	-0.496094	0.285645
31097	44.526206	0.09599	19.134955	0.847979	-6.618244	-1.239251	-0.739258	-0.492676	0.320557
31098	23.607892	-2.169407	30.208988	2.222009	-5.534803	-0.209458	-0.708008	-0.499268	0.365723
31099	3.337216	15.564597	11.916308	1.946554	-2.292757	1.979935	-0.684326	-0.473877	0.382568
31100	29.449654	0.014251	8.489075	-0.283273	-4.058524	3.166931	-0.66748	-0.461182	0.414307
31101	18.085603	3.93963	26.190623	0.993574	0.090793	2.76194	-0.654053	-0.44873	0.406738
31102	6.245643	4.783366	19.920774	1.330421	1.678333	1.897114	-0.66626	-0.435547	0.419922
31103	-0.594456	10.192472	16.156963	1.316876	2.210498	1.079594	-0.661865	-0.420654	0.405029
31104	-1.040638	10.928156	12.514221	1.281023	2.615262	0.597404	-0.677979	-0.41626	0.406006
31105	0.833777	8.633338	10.648128	1.095055	2.995427	0.112157	-0.68457	-0.411865	0.382568
31106	2.12192	8.046377	9.55625	1.135127	3.478246	-0.394271	-0.706787	-0.420166	0.379883
31107	3.122053	7.15381	9.070445	1.166816	4.072126	-0.906443	-0.719971	-0.422119	0.360107
31108	3.857805	5.711556	8.501883	1.21187	4.717384	-1.510593	-0.750977	-0.436768	0.345703
31109	4.616713	5.09994	7.886111	1.169752	5.322446	-2.058702	-0.770508	-0.447266	0.319336
31110	5.270219	4.229944	7.195363	1.126485	5.884622	-2.419511	-0.803223	-0.463867	0.289551
31111	5.758433	2.509778	6.297182	1.037236	6.359627	-2.673882	-0.82666	-0.487305	0.253906
31112	5.781037	1.230174	5.81144	0.9888	6.69324	-2.818166	-0.858887	-0.516846	0.219727
31113	5.777088	-0.271056	6.051866	0.9518	6.871123	-2.886879	-0.88208	-0.538086	0.173584
31114	6.43466	-1.807924	6.326861	1.00942	6.942313	-2.872583	-0.90918	-0.569824	0.123291
31115	7.474029	-3.205939	6.833668	1.150219	6.990217	-2.807533	-0.92334	-0.589355	0.073486
31116	9.016569	-4.007233	7.552632	1.317731	7.081064	-2.720169	-0.943604	-0.621338	0.02002
31117	10.952655	-4.862834	8.521838	1.503375	7.257601	-2.542002	-0.943848	-0.647461	-0.035889
31118	12.840844	-5.599202	9.212589	1.681399	7.503429	-2.328354	-0.955078	-0.67334	-0.104004
31119	14.111202	-5.956653	9.983528	1.850074	7.710137	-2.092566	-0.948486	-0.688721	-0.169434
31120	14.835448	-6.175934	11.32025	1.962454	7.782849	-1.865724	-0.946289	-0.714844	-0.225586
31121	16.227071	-6.348618	12.828482	2.026936	7.760698	-1.723964	-0.930664	-0.730713	-0.289062
31122	18.464824	-6.398982	14.780749	2.027879	7.696935	-1.643824	-0.919434	-0.752686	-0.351562
31123	21.661438	-6.970859	17.636747	2.065842	7.658384	-1.664426	-0.888184	-0.766357	-0.411377
31124	25.659276	-8.285792	19.863402	2.073092	7.627855	-1.764398	-0.86792	-0.788574	-0.472168
31125	31.060999	-7.661824	19.931592	1.963572	7.58585	-1.781943	-0.823242	-0.804688	-0.51709
31126	36.150334	-5.512416	17.971702	1.560816	7.678545	-1.529146	-0.791748	-0.826904	-0.565674
31127	38.717559	-5.412013	14.358856	1.067633	7.804061	-1.020318	-0.747803	-0.834473	-0.60083
31128	38.36134	-7.312932	7.991922	0.655337	7.670972	-0.55842	-0.712402	-0.841797	-0.648438
31129	34.307336	-5.043064	-2.098571	0.143464	7.222221	-0.145753	-0.666504	-0.838623	-0.671387
31130	28.4466	1.72766	-12.594547	-0.580322	6.579655	0.709473	-0.633545	-0.8396	-0.724365
31131	24.99857	-13.342671	-22.230395	-0.381323	4.988668	1.539025	-0.611084	-0.825195	-0.743652
31132	20.018947	-22.869028	-33.201613	1.471782	2.979614	0.80494	-0.594727	-0.827881	-0.758057
31133	17.648899	-13.381632	-33.221231	2.585878	0.991854	-0.508134	-0.581055	-0.836426	-0.748047
31134	23.117071	-0.240501	-31.250551	1.779016	-0.710118	-0.757422	-0.587158	-0.855469	-0.743164
31135	29.399917	3.703923	-24.20399	0.014496	-1.757645	-0.170901	-0.59668	-0.851074	-0.734863
31136	30.913439	-4.035833	-16.818417	-1.039148	-2.131894	-0.090792	-0.603516	-0.85083	-0.734131
31137	25.722904	-2.322636	0.644572	-1.261748	-2.276677	-0.443281	-0.615234	-0.846436	-0.725586
31138	5.548199	9.97524	41.316312	-3.059931	-1.653759	-0.77843	-0.633301	-0.843994	-0.737305
31139	-5.952966	7.133333	18.386899	-1.321472	-2.932685	-0.892681	-0.640625	-0.828857	-0.732666
31140	-14.677147	-1.527319	22.990844	-0.981371	-2.840921	-0.86311	-0.656738	-0.839111	-0.711914
31141	13.691885	-8.635418	-12.583736	-1.985188	-4.536157	-0.982007	-0.673584	-0.825684	-0.682373
31142	26.071371	-15.940845	7.436713	-1.532587	-5.695409	-0.407087	-0.708008	-0.827148	-0.66333
31143	24.830239	-16.2301	23.230273	-1.384676	-4.571968	0.113689	-0.731934	-0.811523	-0.638672
31144	9.361943	-17.642243	11.967099	-0.940389	-3.827747	1.181686	-0.759766	-0.804688	-0.625977
31145	3.885572	-9.606921	9.941906	0.215931	-4.479417	0.896532	-0.771729	-0.797852	-0.601807
31146	19.619127	8.643274	9.348517	0.2846	-4.382682	0.543448	-0.806396	-0.796875	-0.577637
31147	27.026848	13.823704	10.240819	-1.078851	-3.244756	0.720251	-0.80957	-0.783936	-0.557129
31148	24.355212	7.147707	7.227526	-2.291016	-2.137467	0.752863	-0.828125	-0.775146	-0.556396
31149	6.25855	-3.095298	8.851902	-2.283368	-1.584681	0.877411	-0.83374	-0.751465	-0.547363
31150	7.61532	-8.617562	13.141134	-1.631017	-1.802302	0.684375	-0.8479	-0.740479	-0.544189
31151	13.556359	-3.85708	7.660288	-1.230452	-1.544217	0.553904	-0.846191	-0.733887	-0.531738
31152	9.486867	-1.092606	8.153276	-0.988778	-0.98401	0.405887	-0.864502	-0.729492	-0.533203
31153	6.878205	-2.67412	9.507827	-0.696567	-0.842099	0.3006	-0.858154	-0.7229	-0.518311
31154	8.736812	-0.395488	7.374769	-0.550272	-0.726512	0.235368	-0.86499	-0.724854	-0.512207
31155	7.672961	-1.162793	8.230336	-0.434113	-0.499536	0.251771	-0.863037	-0.718506	-0.512939
31156	6.794513	-1.800221	8.374463	-0.297738	-0.487901	0.201798	-0.867432	-0.718506	-0.512695
31157	6.596915	-0.728266	8.035091	-0.215721	-0.445557	0.166321	-0.865723	-0.709961	-0.510986
31158	6.633022	-0.476168	8.065446	-0.211144	-0.459481	0.174523	-0.876709	-0.716309	-0.509277
31159	6.315607	-1.161082	7.943712	-0.208855	-0.44632	0.16861	-0.870361	-0.707764	-0.502686
31160	6.655613	-1.145032	8.020636	-0.180435	-0.458718	0.150871	-0.877197	-0.709717	-0.504639
31161	6.693734	-0.323893	7.644998	-0.194359	-0.437165	0.154877	-0.875244	-0.701172	-0.494873
31162	6.501588	-0.582472	7.945906	-0.191307	-0.421334	0.187683	-0.88208	-0.703125	-0.496826
31163	6.41371	-0.418289	7.883178	-0.213433	-0.447846	0.219727	-0.877686	-0.696777	-0.497803
31164	6.443798	-0.163482	7.951731	-0.195885	-0.458146	0.265313	-0.884277	-0.703125	-0.493896
31165	6.616212	-0.091973	7.650035	-0.226593	-0.481225	0.304413	-0.882324	-0.69873	-0.486572
31166	6.90653	-0.50375	7.492433	-0.227166	-0.48771	0.337029	-0.894043	-0.692383	-0.491455
31167	7.004619	-0.759143	7.312857	-0.226403	-0.475312	0.352479	-0.889893	-0.685791	-0.481689
31168	6.853626	-0.971149	7.46163	-0.217438	-0.471688	0.365258	-0.89624	-0.690186	-0.48877
31169	7.028229	-1.696779	7.238026	-0.189781	-0.497437	0.325776	-0.896973	-0.681396	-0.47876
31170	6.876159	-1.896329	7.303936	-0.172615	-0.512887	0.30346	-0.905762	-0.681396	-0.483398
31171	6.756651	-1.758094	7.481775	-0.031853	-0.568391	0.334931	-0.899658	-0.674805	-0.468506
31172	6.669112	-0.788042	7.284977	-0.015068	-0.587083	0.365258	-0.910645	-0.677002	-0.478027
31173	7.219332	-1.31438	6.631381	-0.056458	-0.584985	0.345612	-0.904541	-0.67041	-0.460449
31174	7.116923	-1.36648	6.973349	-0.059128	-0.601197	0.321961	-0.915771	-0.674561	-0.461914
31175	6.787512	-1.412042	7.298025	-0.06485	-0.579644	0.353242	-0.909424	-0.664062	-0.458008
31176	7.388266	-0.891866	6.441548	-0.040054	-0.580789	0.324059	-0.923096	-0.663574	-0.451416
31177	6.974659	-2.368898	7.083852	-0.056267	-0.573731	0.314332	-0.918701	-0.661621	-0.446777
31178	7.247932	-1.423339	6.62514	-0.07267	-0.595666	0.24643	-0.923096	-0.665771	-0.443359
31179	6.755245	-2.792245	7.568954	-0.095368	-0.667383	0.160981	-0.923584	-0.657227	-0.438721
31180	7.082401	-1.734875	7.337509	-0.119973	-0.809481	0.086975	-0.932861	-0.654785	-0.432861
31181	6.631245	-2.112034	7.955174	-0.132561	-0.997166	0.031281	-0.928955	-0.64624	-0.420654
31182	6.824022	-1.575349	7.950551	-0.170327	-1.222809	-0.018311	-0.942383	-0.656738	-0.416016
31183	6.509707	-1.545789	8.439444	-0.212099	-1.512733	-0.039673	-0.940674	-0.645996	-0.401123
31184	6.620452	-1.441535	8.733959	-0.259022	-1.892309	-0.062753	-0.94751	-0.65625	-0.38916
31185	6.734353	-1.421276	8.395741	-0.311858	-2.210282	-0.05417	-0.948242	-0.645508	-0.374023
31186	6.744808	-1.669146	8.321464	-0.306328	-2.49297	-0.07229	-0.957275	-0.656006	-0.354004
31187	6.883193	-1.07061	9.059219	-0.370038	-2.767844	-0.064089	-0.962646	-0.64502	-0.335938
31188	6.90567	-0.667023	10.24352	-0.423258	-3.078203	0.012208	-0.967285	-0.655273	-0.308105
31189	5.769689	-1.345406	11.735086	-0.446917	-3.65316	0.023652	-0.966064	-0.642334	-0.280273
31190	6.704763	-0.380548	12.05076	-0.463716	-4.505734	0.087555	-0.984863	-0.648193	-0.243652
31191	7.222226	-0.1442	12.820768	-0.689774	-5.122756	0.228907	-0.981445	-0.639404	-0.199707
31192	7.698412	-0.145394	15.120425	-0.835554	-6.155817	0.370467	-0.991211	-0.647461	-0.155762
31193	9.016624	1.444006	17.009406	-1.121027	-7.476121	0.653996	-0.977295	-0.634277	-0.086914
31194	9.884662	3.710509	19.696249	-1.478669	-8.553386	1.269557	-0.983398	-0.625244	-0.023682
31195	13.452262	0.656825	19.648081	-1.480828	-10.622082	1.628911	-0.962891	-0.614258	0.058105
31196	17.954248	-2.040886	19.79011	-1.282702	-11.881554	1.389006	-0.94458	-0.609619	0.151123
31197	22.371522	-7.793336	17.070432	-1.039635	-12.674115	0.593204	-0.894775	-0.599121	0.240967
31198	27.742536	-17.303181	13.744859	0.128076	-13.152499	-0.985097	-0.8396	-0.610107	0.339844
31199	44.55147	-7.632687	6.77006	1.21211	-10.259998	-2.132642	-0.768066	-0.613037	0.399658
31200	32.522049	1.257955	29.719873	2.09811	-6.415469	-1.037609	-0.728271	-0.60498	0.440186
31201	22.393094	6.903	21.360153	3.270546	-4.281373	0.292241	-0.695557	-0.579834	0.461426
31202	2.161861	14.376272	2.953377	0.808779	-2.563676	3.376078	-0.685791	-0.554199	0.487549
31203	35.863136	2.760851	15.468591	-0.288222	-2.372158	3.519705	-0.668701	-0.526611	0.491455
31204	10.465748	2.004632	21.951165	0.571849	1.189286	3.038736	-0.676514	-0.507324	0.49585
31205	3.75452	5.332597	17.343558	0.656916	2.047235	2.111133	-0.690674	-0.481445	0.479004
31206	-1.972398	9.906425	12.639632	0.820379	2.337537	1.49713	-0.709229	-0.464111	0.468506
31207	-0.829441	8.177879	10.599717	0.715088	2.489552	1.014742	-0.721191	-0.440674	0.446533
31208	1.478895	7.444565	9.07841	0.71738	2.847776	0.375761	-0.750732	-0.433838	0.443359
31209	3.226459	7.748963	8.389435	0.746955	3.396206	-0.17167	-0.757812	-0.418945	0.421631
31210	4.360979	6.980428	7.809638	0.694325	4.059896	-0.691083	-0.789307	-0.414307	0.402832
31211	4.622259	6.185721	7.100708	0.626628	4.754362	-1.245245	-0.814209	-0.39917	0.369385
31212	4.606029	5.577175	6.353236	0.510093	5.36704	-1.706541	-0.856201	-0.411377	0.337402
31213	4.932835	4.69403	5.713444	0.370849	5.894091	-2.011435	-0.877686	-0.41333	0.289307
31214	4.583945	3.509499	5.099311	0.291688	6.33874	-2.209316	-0.923828	-0.427979	0.239258
31215	5.270042	1.977099	4.888716	0.208325	6.633786	-2.290052	-0.945312	-0.434326	0.186279
31216	5.513342	0.355397	5.114195	0.225307	6.825975	-2.333194	-0.979492	-0.45752	0.133301
31217	5.921061	-1.196187	5.637821	0.360188	6.939148	-2.303065	-0.991211	-0.477051	0.069824
31218	6.886007	-2.413983	6.190502	0.618311	6.995638	-2.22409	-1.018555	-0.494141	0.002441
31219	8.477075	-3.437095	6.93854	0.95256	7.095453	-2.07186	-1.011719	-0.516113	-0.062256
31220	10.268915	-4.236337	7.819149	1.28548	7.254435	-1.834738	-1.029785	-0.541992	-0.132324
31221	12.123239	-5.001622	8.41542	1.668395	7.423739	-1.536946	-1.021484	-0.555176	-0.179688
31222	13.570882	-5.224749	8.898218	2.059329	7.539045	-1.23037	-1.026367	-0.576904	-0.235352
31223	14.481453	-5.190806	10.036984	2.411529	7.548428	-0.956217	-1.017578	-0.594482	-0.292969
31224	15.597549	-5.052807	11.198362	2.657258	7.460278	-0.861968	-1.020508	-0.607666	-0.344238
31225	17.312526	-4.691008	12.353733	2.78468	7.284316	-0.854711	-0.998779	-0.616943	-0.393066
31226	20.16519	-5.058451	14.860476	2.898369	7.117334	-0.974899	-0.996826	-0.643066	-0.441162
31227	23.899595	-6.006414	17.573849	3.026772	7.076523	-1.151566	-0.977051	-0.654541	-0.489746
31228	27.930732	-5.873558	19.619638	3.124266	7.02025	-1.337009	-0.959229	-0.680664	-0.539307
31229	33.67773	-5.919184	19.598194	3.171608	7.111126	-1.523227	-0.93042	-0.69873	-0.580078
31230	36.411915	-9.604464	14.532275	2.850532	7.309962	-1.626641	-0.905518	-0.729248	-0.624512
31231	35.821372	-6.860092	8.687855	2.440682	7.200136	-1.510235	-0.872559	-0.73877	-0.666504
31232	33.495599	-2.356067	2.692194	1.400111	7.071717	-0.939576	-0.83667	-0.759033	-0.715576
31233	28.201928	0.088639	-4.905707	0.048074	6.74891	-0.293024	-0.792969	-0.755859	-0.75415
31234	22.553604	-4.527715	-12.237617	-0.807499	5.876831	0.139066	-0.76709	-0.750244	-0.804688
31235	21.433429	-15.256047	-19.272358	-0.592087	4.261536	-0.113687	-0.735107	-0.744629	-0.821289
31236	21.692659	-17.431125	-29.560875	0.48887	2.581491	-1.017604	-0.720947	-0.749268	-0.837891
31237	19.861969	-10.506399	-30.049817	0.934048	1.0277	-1.716649	-0.709229	-0.760254	-0.838135
31238	21.688361	-1.876998	-25.343993	0.131227	-0.343327	-1.713012	-0.70166	-0.777344	-0.8479
31239	24.718373	-2.666701	-20.227972	-0.999277	-1.271842	-1.212331	-0.708984	-0.766602	-0.834961
31240	25.930191	-7.366195	-12.552945	-1.406708	-1.783801	-1.148446	-0.724609	-0.772705	-0.835693
31241	21.614492	-6.806867	3.321711	-1.188507	-2.269054	-1.029238	-0.734131	-0.768066	-0.829834
31242	-1.280394	10.833074	31.16731	-2.563624	-2.385085	-1.223062	-0.752441	-0.765625	-0.831055
31243	-3.336073	7.550895	16.650472	-1.268072	-3.179144	-0.922442	-0.766357	-0.763184	-0.814209
31244	-12.324252	-0.180958	23.125594	-0.726164	-3.166356	-1.168691	-0.789062	-0.775391	-0.789795
31245	10.856173	-8.240423	-10.302411	-1.66777	-4.511736	-1.458131	-0.812988	-0.761963	-0.754395
31246	24.822266	-13.398459	3.002767	-1.107763	-5.721569	-1.424049	-0.84082	-0.769775	-0.722168
31247	25.305435	-7.184387	22.008098	-1.32746	-4.769622	-0.064093	-0.866699	-0.756104	-0.69458
31248	15.014868	-18.4916	13.816945	-1.284886	-3.838827	1.26047	-0.894775	-0.749023	-0.674072
31249	8.226134	-10.326029	9.448844	-0.26705	-4.149759	1.158995	-0.921387	-0.724854	-0.64209
31250	17.065857	6.690581	10.481678	-0.150501	-4.113879	0.734192	-0.941895	-0.730713	-0.621094
31251	21.403963	9.553275	10.298499	-1.197114	-3.223395	0.775187	-0.952393	-0.708984	-0.598145
31252	20.937366	2.53103	8.843309	-2.224454	-2.365414	0.836602	-0.978027	-0.699951	-0.583496
31253	9.297226	-2.038708	8.791496	-2.129247	-1.741851	0.866729	-0.972412	-0.676514	-0.567383
31254	6.99434	-5.330686	11.911987	-1.753287	-1.895198	0.727675	-0.990967	-0.66748	-0.563965
31255	12.017742	-3.000547	8.333335	-1.450188	-1.648748	0.572217	-0.987549	-0.648438	-0.550049
31256	10.21947	-2.961624	8.422762	-1.062977	-1.136792	0.47112	-0.999023	-0.648193	-0.546387
31257	7.60391	-2.093248	9.140465	-0.756078	-0.990875	0.366976	-1.002197	-0.630859	-0.529053
31258	8.776477	-0.321916	7.400358	-0.636867	-0.824932	0.328066	-1.001953	-0.633057	-0.53418
31259	7.625219	-1.794386	8.055275	-0.458528	-0.570489	0.314332	-1.006836	-0.630615	-0.526123
31260	6.868726	-1.774297	8.372327	-0.346566	-0.550462	0.262833	-1.013672	-0.628418	-0.525635
31261	7.489629	-1.038685	7.901972	-0.27752	-0.507356	0.225067	-1.01416	-0.617676	-0.52124
31262	6.78164	-1.648734	8.238354	-0.240326	-0.46196	0.223351	-1.020996	-0.621826	-0.517578
31263	6.827137	-1.278063	7.735328	-0.207329	-0.434876	0.193787	-1.012207	-0.615479	-0.508301
31264	7.019568	-1.124296	7.897016	-0.189591	-0.456429	0.183678	-1.021729	-0.608887	-0.508057
31265	6.950299	-0.814093	7.692175	-0.202751	-0.45395	0.193787	-1.017334	-0.604736	-0.506104
31266	6.806722	-0.855683	7.893001	-0.191307	-0.422097	0.208283	-1.026367	-0.61084	-0.494141
31267	6.723321	-0.760168	7.77317	-0.201226	-0.421906	0.229645	-1.017822	-0.596191	-0.499023
31268	6.923595	-0.785248	7.412006	-0.189209	-0.438119	0.254631	-1.03125	-0.604492	-0.491699
31269	6.709904	-0.707024	7.523481	-0.197411	-0.408173	0.295258	-1.026855	-0.602295	-0.487061
31270	6.945809	-0.94923	7.430498	-0.173569	-0.442887	0.298882	-1.03125	-0.604492	-0.489014
31271	6.855693	-1.018303	7.468078	-0.170708	-0.408173	0.319672	-1.031982	-0.593506	-0.479248
31272	6.948479	-1.498488	7.313247	-0.155831	-0.450516	0.332451	-1.043213	-0.595459	-0.480713
31273	6.783264	-1.962776	7.545219	-0.136566	-0.463677	0.312806	-1.030273	-0.584961	-0.469727
31274	6.777122	-1.89465	7.486116	-0.098038	-0.50087	0.299645	-1.04126	-0.586914	-0.476318
31275	6.769288	-1.7806	7.389975	-0.005913	-0.581361	0.306702	-1.032715	-0.576416	-0.470215
31276	6.975898	-1.718053	6.962742	-0.073624	-0.610162	0.263405	-1.043945	-0.578369	-0.47168
31277	6.857195	-1.853188	7.19775	-0.074005	-0.643731	0.212098	-1.05127	-0.573975	-0.458252
31278	6.964924	-1.782083	6.875908	-0.096512	-0.663759	0.20752	-1.058105	-0.57373	-0.460205
31279	7.130457	-1.317184	6.825367	-0.086785	-0.624086	0.226593	-1.054199	-0.565186	-0.445312
31280	7.085463	-0.577139	6.641069	-0.083733	-0.619889	0.263024	-1.058594	-0.571533	-0.441895
31281	7.31136	-1.489792	6.459109	-0.089073	-0.607301	0.270081	-1.052002	-0.565186	-0.435059
31282	7.129056	-1.699406	6.805599	-0.108147	-0.60177	0.289155	-1.063477	-0.564941	-0.434082
31283	7.20056	-2.008955	6.496064	-0.104332	-0.59662	0.270081	-1.059326	-0.558594	-0.427002
31284	7.141182	-1.887458	6.77404	-0.118447	-0.632478	0.217438	-1.070557	-0.5625	-0.423096
31285	6.970842	-1.970069	7.42614	-0.128746	-0.718691	0.173951	-1.069092	-0.547607	-0.413818
31286	6.693371	-2.046361	7.640257	-0.174332	-0.856021	0.119019	-1.073242	-0.553955	-0.418213
31288	6.564249	-2.189257	8.222	-0.235659	-1.227602	0.046159	-1.083008	-0.553711	-0.390869
31289	6.819324	-2.317379	8.014125	-0.289158	-1.697371	-0.041199	-1.081055	-0.55127	-0.375488
31290	6.790752	-2.346032	7.583173	-0.273709	-1.890021	-0.100519	-1.088135	-0.55127	-0.364258
31291	6.974921	-2.166922	7.729911	-0.329596	-2.107851	-0.189213	-1.083984	-0.553223	-0.340576
31292	7.136358	-1.058322	8.622618	-0.398073	-2.310615	-0.177578	-1.0979	-0.561279	-0.314941
31293	7.077985	-0.411971	9.513962	-0.490394	-2.630694	-0.061037	-1.092041	-0.552734	-0.289795
31294	6.457806	-1.199985	10.312904	-0.543427	-3.141346	0.029947	-1.106201	-0.556396	-0.259033
31295	6.582193	-0.988054	11.281944	-0.584257	-3.811882	0.083929	-1.10498	-0.54541	-0.223145
31296	7.572825	-0.635678	11.473214	-0.702727	-4.461859	0.200289	-1.116943	-0.549316	-0.18457
31297	8.129907	-0.829005	13.171734	-0.878244	-5.156344	0.347177	-1.106934	-0.542725	-0.135986
31298	8.521701	0.199451	15.646734	-0.989889	-6.23903	0.595193	-1.110596	-0.540039	-0.074951
31299	10.243838	2.665133	16.853554	-1.322292	-7.298455	0.974501	-1.096436	-0.5271	-0.01123
31300	11.292839	1.039078	18.753172	-1.353902	-8.683022	1.439379	-1.084961	-0.522217	0.074463
31301	14.002738	-1.224939	18.074677	-1.18673	-10.370102	1.521243	-1.057861	-0.505127	0.163086
31302	19.382343	-3.487843	16.177038	-1.084327	-11.140587	1.061045	-1.02124	-0.50708	0.262939
31303	23.791641	-8.390406	15.171631	-0.883042	-11.758372	0.317567	-0.957764	-0.496826	0.362061
31304	32.936775	-14.445759	7.314688	0.194658	-11.53542	-1.067568	-0.897949	-0.507812	0.452637
31305	43.459244	-1.744763	9.944662	0.640424	-6.770903	-1.141584	-0.837646	-0.506592	0.489258
31306	22.544406	-5.392503	25.176092	1.549727	-5.301578	-0.176452	-0.806641	-0.500488	0.522949
31307	10.219204	10.542168	13.820697	2.045766	-3.291537	0.88049	-0.769775	-0.468994	0.545898
31308	6.970171	2.002072	0.340035	-0.107776	-3.697951	3.162696	-0.748291	-0.456299	0.577148
31309	30.231094	0.397367	16.532732	0.199329	-1.992909	3.065662	-0.726562	-0.426758	0.577881
31310	10.522481	0.405219	16.938308	0.782038	0.410093	2.650538	-0.727539	-0.407471	0.586914
31311	4.7323	5.493046	12.982683	0.661483	1.298743	1.809733	-0.728271	-0.38208	0.571533
31312	-0.532763	7.43735	8.912462	0.657476	1.691852	1.20585	-0.746582	-0.375244	0.567383
31313	0.159507	6.971282	6.92139	0.404366	1.999132	0.785843	-0.746826	-0.352051	0.539062
31314	1.09505	6.761025	5.446211	0.23213	2.413429	0.417911	-0.766846	-0.354004	0.525146
31315	1.173582	6.66046	5.379369	0.079348	2.787299	0.099185	-0.77832	-0.345215	0.509521
31316	2.012998	5.657342	5.66285	0.003433	3.266863	-0.307288	-0.807617	-0.342773	0.490723
31317	2.792164	4.849994	5.501516	-0.083166	3.836497	-0.846917	-0.822998	-0.340576	0.465576
31318	3.165931	4.449325	5.20247	-0.149358	4.381372	-1.332972	-0.854004	-0.346436	0.445312
31319	3.495562	3.870721	4.755657	-0.209832	4.925523	-1.693154	-0.875732	-0.35083	0.397217
31320	3.522664	2.708277	4.5728	-0.253522	5.417234	-1.89731	-0.913086	-0.361084	0.359375
31321	3.290154	1.365164	4.427241	-0.264019	5.796391	-2.024397	-0.932129	-0.369629	0.311523
31322	3.689537	0.322056	4.470876	-0.196109	6.075943	-2.00363	-0.967041	-0.384277	0.263184
31323	4.211614	-0.980208	4.657576	-0.013545	6.274005	-1.831381	-0.988281	-0.388672	0.207275
31324	5.223113	-2.645907	5.224372	0.321256	6.388292	-1.554961	-1.013916	-0.39917	0.149902
31325	6.179845	-4.080849	5.780288	0.813443	6.467292	-1.289605	-1.021973	-0.395264	0.097412
31326	7.667951	-4.352995	6.303763	1.38214	6.578757	-0.990677	-1.040771	-0.401855	0.030762
31327	8.982312	-4.032115	6.723099	1.915561	6.704558	-0.694417	-1.044434	-0.389404	-0.033203
31328	9.989795	-3.345766	7.335254	2.330139	6.799833	-0.460915	-1.056885	-0.383301	-0.106689
31329	11.317536	-2.687115	7.954117	2.642856	6.926027	-0.334244	-1.055664	-0.381592	-0.162598
31330	12.507773	-2.057994	8.313444	2.839197	7.027213	-0.309446	-1.056641	-0.375732	-0.234375
31331	13.210723	-2.040974	8.905642	2.972557	6.998607	-0.33959	-1.039795	-0.370117	-0.299805
31332	14.134298	-3.165869	10.334679	3.121346	6.809689	-0.478094	-1.033691	-0.37085	-0.371582
31333	16.996002	-4.901095	12.694652	3.478484	6.607079	-0.712753	-1.01416	-0.371582	-0.434082
31334	20.35102	-6.848115	14.636205	3.936765	6.440955	-0.985956	-0.996338	-0.387451	-0.497803
31335	22.548891	-6.378727	15.807625	4.3057	6.005735	-1.181306	-0.969971	-0.396729	-0.544434
31336	25.909846	-4.3756	15.62211	4.343348	5.350825	-1.243273	-0.954102	-0.425293	-0.604248
31337	31.774867	-2.857628	14.552204	3.952688	4.806751	-1.201068	-0.918945	-0.43042	-0.638672
31338	36.446611	-5.513627	9.427113	3.263539	4.582461	-1.109847	-0.90332	-0.460938	-0.679688
31339	37.629405	-16.426398	3.608549	2.778198	4.428064	-1.301732	-0.874756	-0.474609	-0.718262
31340	38.018038	-9.24197	-4.020248	2.29958	4.595344	-1.366776	-0.848145	-0.50293	-0.752686
31341	32.083741	-3.183228	-11.715712	0.817959	4.952961	-0.714951	-0.811035	-0.501709	-0.782471
31342	22.946397	-1.987422	-16.4844	-0.658292	4.857169	-0.214407	-0.780518	-0.506836	-0.827148
31343	17.187393	-8.172195	-20.319004	-1.395514	3.852542	-0.189985	-0.751465	-0.484131	-0.847656
31344	15.13991	-14.807941	-23.514121	-0.990136	2.367094	-0.974114	-0.737061	-0.48877	-0.869629
31345	13.345284	-12.672988	-22.503932	-0.450143	0.802056	-1.974526	-0.71875	-0.489258	-0.876709
31346	15.27044	-5.926019	-18.650718	-1.317062	-0.903156	-2.101959	-0.725342	-0.499756	-0.869873
31347	16.442317	-5.725919	-16.534853	-2.737631	-2.63062	-1.860948	-0.742188	-0.480225	-0.856689
31348	1.549477	-6.073838	-4.88644	-1.979964	-3.110908	-1.691362	-0.77417	-0.483887	-0.85083
31349	5.336303	-7.938625	22.471564	-1.311358	-2.584185	-1.329097	-0.783691	-0.475098	-0.842773
31350	-10.296861	-3.319468	41.535596	-0.539611	-2.863238	-1.129196	-0.808838	-0.47876	-0.82959
31351	9.975432	-14.365061	-2.622096	-0.54171	-3.087557	-0.651578	-0.818848	-0.471924	-0.797607
31352	11.240104	-11.271715	-1.151829	-0.541724	-3.999028	-0.131616	-0.848633	-0.475342	-0.778809
31353	16.719071	-7.247176	16.383201	-0.22661	-4.249709	0.613451	-0.868164	-0.453613	-0.749756
31354	21.383307	-4.442129	16.74273	-0.231948	-3.75656	0.588262	-0.900146	-0.461426	-0.727539
31355	15.647705	6.051948	6.452316	-0.472852	-3.074775	0.61877	-0.903564	-0.441895	-0.705322
31356	11.328845	7.91354	8.220512	-0.882564	-2.879444	0.397507	-0.926758	-0.435059	-0.69043
31357	21.085841	4.439464	11.437109	-1.771415	-2.194289	0.515002	-0.939697	-0.413086	-0.662109
31358	18.120621	-4.799018	6.028972	-1.726186	-1.237895	0.65576	-0.946777	-0.406738	-0.664795
31359	6.121311	-5.242163	10.729585	-1.347942	-1.070419	0.596627	-0.945801	-0.383057	-0.643066
31360	7.791598	-3.634096	10.299911	-1.033221	-1.141369	0.329593	-0.959229	-0.382812	-0.649658
31361	9.496024	-0.557508	7.551321	-0.809294	-0.959022	0.298311	-0.955566	-0.369873	-0.635254
31362	10.051267	0.845408	6.812418	-0.703051	-0.592425	0.306894	-0.9646	-0.371826	-0.626465
31363	7.07371	-2.579212	8.775661	-0.541688	-0.356103	0.289918	-0.956299	-0.357178	-0.625732
31364	7.170148	-1.466292	8.305357	-0.355721	-0.40741	0.173378	-0.964844	-0.363281	-0.629883
31365	7.805925	-0.219103	7.427385	-0.302887	-0.320244	0.164795	-0.963623	-0.346191	-0.62085
31366	6.722805	-0.856497	8.18282	-0.240135	-0.222206	0.150299	-0.969971	-0.358887	-0.61377
31367	6.699834	-1.031995	8.119733	-0.217247	-0.270081	0.115967	-0.970459	-0.343994	-0.61499
31368	6.871541	-0.255703	7.754764	-0.184631	-0.230599	0.11425	-0.967773	-0.354736	-0.614502
31369	6.428727	-0.292171	7.903386	-0.194359	-0.202179	0.115967	-0.966064	-0.341797	-0.610352
31370	6.603753	-0.31556	7.943718	-0.1894	-0.216866	0.124168	-0.970459	-0.343994	-0.620361
31371	6.720231	-0.536203	7.690202	-0.185204	-0.17395	0.124359	-0.966309	-0.3396	-0.60791
31372	6.550189	-0.515513	7.726718	-0.164032	-0.181007	0.137138	-0.970703	-0.341797	-0.609863
31373	6.487925	-0.626882	7.800591	-0.159454	-0.163841	0.1297	-0.966553	-0.337646	-0.605469
31374	6.341724	-0.635184	7.947856	-0.14534	-0.168228	0.131798	-0.971191	-0.335205	-0.602539
31375	6.574091	-0.900811	7.585825	-0.137329	-0.192833	0.136566	-0.968994	-0.331055	-0.603027
31376	6.714967	-1.058874	7.632946	-0.101662	-0.176621	0.111961	-0.978027	-0.335205	-0.602051
31377	6.676635	-0.842407	7.483421	-0.084686	-0.156975	0.091553	-0.97583	-0.330811	-0.599854
31378	6.632812	-0.824084	7.570105	-0.085068	-0.152588	0.081635	-0.980225	-0.335205	-0.599121
31379	6.877197	-0.701641	7.337631	-0.075531	-0.13485	0.089264	-0.976074	-0.32666	-0.597656
31380	6.720888	-0.6526	7.426682	-0.087547	-0.106812	0.087738	-0.978027	-0.335205	-0.599365
31381	6.558622	-0.603999	7.522165	-0.08316	-0.098228	0.08316	-0.973633	-0.328857	-0.602783
31382	6.638419	-0.550006	7.442008	-0.101471	-0.091934	0.105286	-0.980713	-0.32666	-0.597168
31383	6.722401	-0.727476	7.406755	-0.098419	-0.076103	0.107574	-0.976318	-0.324463	-0.595215
31384	6.54413	-0.455106	7.560743	-0.103569	-0.059509	0.102234	-0.978271	-0.32666	-0.597412
31385	6.612524	-0.581602	7.571755	-0.110626	-0.072289	0.111389	-0.971924	-0.320312	-0.593262
31386	6.617569	-0.768652	7.571595	-0.112534	-0.08812	0.118828	-0.978027	-0.330811	-0.602295
31387	6.728131	-0.959928	7.498386	-0.100708	-0.07	0.119019	-0.974121	-0.318115	-0.595947
31388	6.702021	-0.925954	7.492609	-0.09861	-0.075531	0.10128	-0.978516	-0.322266	-0.594971
31389	6.673543	-0.873074	7.510559	-0.087738	-0.074577	0.092316	-0.97876	-0.320068	-0.589844
31390	6.544663	-0.885187	7.742706	-0.077438	-0.082397	0.079918	-0.985352	-0.320068	-0.599854
31391	6.668327	-0.860421	7.607537	-0.081635	-0.09594	0.084686	-0.972168	-0.315918	-0.593506
31392	6.644655	-0.841125	7.594144	-0.065804	-0.102615	0.082207	-0.98999	-0.317871	-0.599609
31393	6.620238	-0.926908	7.637475	-0.069427	-0.115013	0.079346	-0.979248	-0.311523	-0.588135
31394	6.707994	-1.003262	7.634748	-0.037003	-0.127792	0.071526	-0.983643	-0.311523	-0.590332
31395	6.449894	-0.743119	7.686147	-0.062561	-0.125694	0.067902	-0.981689	-0.307129	-0.583008
31396	6.595115	-0.922394	7.730552	-0.031471	-0.175858	0.073051	-0.988037	-0.315674	-0.584229
31397	6.599253	-0.852194	7.683613	-0.042725	-0.201225	0.065613	-0.983887	-0.311523	-0.582275
31398	6.688324	-0.829356	7.613804	-0.031281	-0.231552	0.076866	-0.995117	-0.311279	-0.583984
31399	6.722752	-0.815767	7.505049	-0.045776	-0.24395	0.067902	-0.981934	-0.304932	-0.577881
31400	6.8273	-0.647582	7.554205	-0.044251	-0.271034	0.089073	-0.995361	-0.306885	-0.581543
31401	6.730238	-0.762496	7.638113	-0.060844	-0.278473	0.099182	-0.993408	-0.304688	-0.571533
31402	6.787979	-0.767401	7.5262	-0.042534	-0.307655	0.109673	-0.993164	-0.306885	-0.573975
31403	6.70824	-0.921302	7.715362	-0.041008	-0.343323	0.125122	-0.993652	-0.29834	-0.572021
31404	6.619718	-1.169828	7.684033	-0.019264	-0.412369	0.123406	-0.99585	-0.304688	-0.565918
31405	6.647222	-1.297591	7.777565	-0.018883	-0.497437	0.087738	-0.998535	-0.293945	-0.558594
31406	6.731174	-1.157989	7.820665	-0.032425	-0.569154	0.054169	-0.996094	-0.30249	-0.555664
31407	6.693315	-0.900938	8.198051	-0.043488	-0.694849	0.057984	-1.000977	-0.295898	-0.550293
31408	6.163605	-0.739572	8.609636	-0.081635	-0.864604	0.07782	-1.010254	-0.295654	-0.541504
31409	6.251884	-0.461092	9.077429	-0.112916	-1.121336	0.138093	-1.010498	-0.293457	-0.528564
31410	6.074985	-0.731762	9.397525	-0.136758	-1.4475	0.147058	-1.021729	-0.297607	-0.5271
31411	6.023194	-0.483127	9.504618	-0.154116	-1.780534	0.194552	-1.022705	-0.286621	-0.50415
31412	6.091946	-0.934967	10.013638	-0.201039	-2.185294	0.221257	-1.036377	-0.292725	-0.486572
31413	6.195527	-1.000759	9.750789	-0.226409	-2.646715	0.228889	-1.037598	-0.279541	-0.458496
31414	6.460748	-0.961162	9.709897	-0.275623	-3.020403	0.243578	-1.051514	-0.287842	-0.432861
31415	6.523938	-0.721148	9.843035	-0.331132	-3.451521	0.278487	-1.05249	-0.276855	-0.39917
31416	6.850507	0.031119	10.0319	-0.366424	-3.769912	0.423648	-1.06665	-0.276367	-0.374268
31417	6.560277	0.099818	11.395108	-0.462946	-4.01563	0.62718	-1.065918	-0.263184	-0.330566
31418	8.130682	-1.323363	9.90937	-0.595907	-4.45862	0.645121	-1.080566	-0.25415	-0.290283
31419	9.810972	-2.284198	9.818956	-0.608696	-4.822258	0.539452	-1.076904	-0.253906	-0.250977
31420	11.042562	-3.178062	10.207447	-0.487759	-4.935964	0.392191	-1.084717	-0.251221	-0.208252
31421	11.968968	-2.359483	8.345496	-0.379222	-5.051772	0.198386	-1.076904	-0.248779	-0.158936
31422	13.749071	-1.891396	7.027269	-0.287658	-4.952748	0.003243	-1.080078	-0.250488	-0.11084
31423	13.858367	-2.472539	5.103657	-0.216504	-4.641379	-0.163284	-1.074219	-0.246094	-0.066895
31424	14.133292	-2.116315	5.021548	-0.168049	-4.130087	-0.284597	-1.068115	-0.254395	-0.0271
31425	16.130989	-4.548565	3.210675	0.036814	-3.346411	-0.429555	-1.054932	-0.254395	-0.001709
31426	13.414939	-3.417914	3.799288	0.560965	-2.323398	-0.421916	-1.056885	-0.269287	0.015625
31427	9.933552	-0.899973	2.869467	0.827231	-1.783782	-0.315862	-1.046143	-0.262939	0.032471
31428	5.820777	0.825667	2.678789	0.915919	-1.37159	-0.104142	-1.043701	-0.269287	0.032959
31429	2.373474	1.420569	4.106724	0.94777	-1.066599	0.234224	-1.032715	-0.267334	0.044922
31430	4.644935	-0.897619	5.688138	1.044475	-0.852975	0.804146	-1.030762	-0.258789	0.049316
31431	9.034795	-2.489198	6.201225	1.124587	-0.171473	1.287858	-1.02002	-0.241943	0.038818
31432	4.204071	0.288129	6.871766	1.291105	0.531777	1.391433	-1.0271	-0.233398	0.038818
31433	2.622603	1.92165	4.79116	1.278902	0.923938	1.475554	-1.011475	-0.216797	0.02002
31434	2.783753	1.994669	3.931521	1.119636	1.271083	1.420813	-1.013916	-0.203857	0.013916
31435	2.827527	2.328919	3.300781	0.977347	1.578747	1.320677	-1.00708	-0.193604	-0.008789
31436	3.383049	2.145208	3.075344	0.873395	1.819652	1.152446	-1.004883	-0.180908	-0.03125
31437	3.953339	1.830594	2.76773	0.80492	2.054072	0.888082	-0.99585	-0.170654	-0.051514
31438	4.146337	1.974897	2.453075	0.741405	2.247103	0.573172	-1.006836	-0.168457	-0.074463
31439	4.840452	2.228746	2.24904	0.679225	2.443761	0.270088	-0.990479	-0.1604	-0.103027
31440	5.724138	1.971676	2.205228	0.609989	2.624782	-0.048067	-0.996582	-0.164795	-0.128662
31441	6.479202	1.428113	2.224149	0.551625	2.824692	-0.376142	-0.989502	-0.158691	-0.153564
31442	7.089033	0.970571	2.052112	0.543044	2.985312	-0.696592	-0.993408	-0.165283	-0.176514
31443	7.839936	0.524876	1.695375	0.509667	3.103206	-0.981947	-0.980957	-0.174316	-0.211182
31444	8.36469	0.31417	1.491137	0.461983	3.182568	-1.222862	-0.979736	-0.189453	-0.241699
31445	8.687761	-0.239441	1.58695	0.355548	3.215386	-1.449661	-0.971924	-0.198242	-0.275879
31446	9.125837	-1.209148	2.102542	0.283066	3.219783	-1.684854	-0.975342	-0.213379	-0.300781
31447	9.666631	-1.738103	2.339104	0.215162	3.268817	-1.870838	-0.958252	-0.224609	-0.330566
31448	9.97942	-1.923345	2.690852	0.108535	3.330438	-1.966599	-0.959473	-0.241943	-0.35791
31449	10.032843	-1.959157	3.172276	-0.045589	3.377748	-1.957827	-0.94043	-0.250977	-0.377441
31450	10.233332	-2.410781	3.459641	-0.212683	3.391288	-1.882862	-0.936768	-0.268311	-0.407959
31451	10.64959	-2.947755	3.559959	-0.380539	3.340348	-1.728924	-0.915527	-0.277344	-0.435547
31452	11.039044	-3.365979	3.536573	-0.468661	3.227788	-1.480182	-0.916992	-0.290283	-0.452881
31453	11.010465	-3.642092	3.587563	-0.510239	3.023665	-1.18795	-0.895996	-0.292969	-0.4729
31454	11.050652	-3.740697	3.93844	-0.464074	2.736951	-0.880845	-0.890625	-0.301758	-0.493896
31455	11.166546	-3.708576	4.22049	-0.373851	2.467605	-0.616472	-0.86792	-0.298096	-0.501465
31456	11.39291	-3.655785	4.552482	-0.21935	2.181861	-0.415429	-0.862793	-0.30249	-0.520264
31457	11.491289	-3.338933	4.538687	-0.069238	1.887541	-0.233463	-0.847168	-0.294189	-0.522217
31458	10.900312	-2.829057	4.117378	0.037575	1.556603	-0.070191	-0.8396	-0.301025	-0.543457
31459	10.616523	-2.141392	3.79443	0.066376	1.098066	0.120545	-0.828857	-0.294678	-0.534424
31460	24.064442	-5.181051	-0.500844	-0.872619	-0.115968	1.032837	-0.828857	-0.294678	-0.534424
31461	12.689192	-5.594749	-5.777202	-1.180856	-0.877392	1.071945	-0.820801	-0.275635	-0.520996
31462	21.041486	-8.468807	1.45348	-1.042947	-0.829322	0.511555	-0.829834	-0.27124	-0.53125
31463	31.557796	-1.90387	9.70977	-0.410271	0.289154	0.180817	-0.816406	-0.262939	-0.533203
31464	-4.817982	-0.721822	10.604894	0.023079	1.483169	0.333408	-0.815674	-0.269531	-0.551025
31465	-4.830676	-4.629873	15.484263	-0.063133	-0.297547	0.061035	-0.80957	-0.258789	-0.539307
31466	6.042822	-2.975836	8.022353	-0.065804	-0.649835	-0.062752	-0.820801	-0.264893	-0.535156
31467	9.062387	0.767426	6.427035	-0.023651	-0.540734	-0.115967	-0.811768	-0.260986	-0.539062
31468	12.153133	0.573613	5.121751	-0.016975	-0.414658	-0.096321	-0.822998	-0.26709	-0.537354
31469	8.094702	-1.992505	6.993916	0.020599	-0.022697	-0.06485	-0.816406	-0.260742	-0.533203
31470	5.048777	-3.296127	8.156951	0.09613	-0.180817	-0.126648	-0.822998	-0.26709	-0.534912
31471	6.438998	-2.216279	7.59209	0.13752	-0.258637	-0.195313	-0.814209	-0.262939	-0.533447
31472	8.405442	-0.503862	6.212976	0.168991	-0.247002	-0.219154	-0.820801	-0.269043	-0.526855
31473	8.625333	0.444284	6.070698	0.122833	-0.047112	-0.167084	-0.816406	-0.26709	-0.527588
31474	7.295612	-0.081245	7.16393	0.098801	0.046539	-0.112343	-0.816162	-0.275635	-0.526855
31475	7.066643	-0.495657	7.167075	0.066376	0.039101	-0.069427	-0.811768	-0.26709	-0.527832
31476	7.191439	0.147187	7.060045	0.063133	0.048828	-0.029182	-0.825195	-0.27124	-0.531494
31477	7.254282	0.053939	7.119559	-0.006104	0.078774	0.021362	-0.814209	-0.262939	-0.533447
31478	7.156625	-0.64473	7.015443	-0.007248	0.086594	0.044823	-0.822998	-0.269043	-0.529297
31479	7.021622	-0.892945	7.180956	-0.012207	0.093269	0.039673	-0.816162	-0.26709	-0.532715
31480	6.947878	-1.000723	7.278041	-0.022316	0.074005	0.037956	-0.822754	-0.275635	-0.53418
31481	6.906757	-1.124572	7.265252	-0.01297	0.061989	0.030518	-0.813965	-0.26709	-0.530273
31482	6.866264	-1.260307	7.341693	0.006866	0.035477	0.005341	-0.820068	-0.277832	-0.541992
31483	7.049439	-1.206484	7.34908	0.032806	0.007057	-0.022888	-0.813965	-0.26709	-0.532959
31484	6.951733	-1.085929	7.270343	0.036812	0.00267	-0.03891	-0.822754	-0.273438	-0.539551
31485	6.934273	-1.076745	7.33631	0.055695	-0.012016	-0.04425	-0.815918	-0.273438	-0.532227
31486	7.076151	-0.96591	7.213538	0.046539	-0.018692	-0.054169	-0.824951	-0.275635	-0.539307
31487	7.031796	-0.771281	7.226445	0.057983	-0.009727	-0.050354	-0.813721	-0.271484	-0.5354
31488	7.081682	-0.726718	7.189523	0.056267	-0.009537	-0.058174	-0.820068	-0.280029	-0.541992
31489	7.098813	-0.625612	7.061612	0.05188	-0.008965	-0.034332	-0.816162	-0.269287	-0.532715
31490	6.977191	-0.638494	7.220274	0.032425	0.00267	-0.034523	-0.820312	-0.277832	-0.539307
31491	6.982241	-0.645225	7.232997	0.034332	0.006294	-0.014496	-0.815918	-0.273682	-0.534912
31492	7.018559	-0.721641	7.135808	0.021935	0.004196	-0.013161	-0.824707	-0.279785	-0.544189
31493	7.000291	-0.798308	7.178305	0.027466	0.013161	-0.007629	-0.813721	-0.269287	-0.538086
31494	7.079254	-0.88719	7.172826	0.026703	-0.001907	-0.013733	-0.820312	-0.273682	-0.545166
31495	7.0984	-0.944522	7.275578	0.038147	0.000191	-0.003815	-0.813721	-0.271484	-0.5354
31496	7.122997	-0.983106	7.31246	0.04673	-0.001907	-0.025368	-0.820312	-0.277832	-0.539307
31497	7.251117	-1.016197	7.220754	0.051117	0.000954	-0.034332	-0.813721	-0.273682	-0.537842
31498	7.171032	-0.977863	7.16135	0.083542	0.028992	-0.050545	-0.820312	-0.275635	-0.544922
31499	6.993424	-0.703398	7.25869	0.076294	0.038338	-0.052643	-0.811523	-0.273682	-0.532715
31500	7.034038	-0.620641	7.157723	0.084114	0.028229	-0.055695	-0.820068	-0.281982	-0.541748
31501	6.999293	-0.710217	7.216137	0.070953	0.043678	-0.038147	-0.815918	-0.273438	-0.532227
31502	7.032789	-0.659744	7.20141	0.072861	0.048065	-0.036812	-0.820068	-0.281982	-0.539062
31503	6.981104	-0.631078	7.17324	0.068665	0.039864	-0.035095	-0.818115	-0.277832	-0.536865
31504	6.874485	-0.520278	7.225099	0.060844	0.04158	-0.034523	-0.819824	-0.288574	-0.543945
31505	6.9144	-0.49794	7.19707	0.048828	0.026131	-0.022888	-0.82251	-0.275635	-0.544678
31506	7.028794	-0.664561	7.205038	0.024414	0.020218	-0.025368	-0.822266	-0.28418	-0.54126
31507	7.097619	-0.743001	7.282411	0.033569	0.022316	-0.011444	-0.813721	-0.275635	-0.534912
31508	7.077586	-0.84874	7.247923	0.04673	0.029373	-0.023079	-0.822266	-0.280029	-0.541748
31509	7.017519	-0.741187	7.222295	0.067139	0.045204	-0.028992	-0.815674	-0.277832	-0.54248
31510	6.965849	-0.630895	7.1279	0.06752	0.03891	-0.022888	-0.819824	-0.286377	-0.543945
31511	6.950564	-0.522178	7.112107	0.057983	0.039101	-0.019073	-0.813232	-0.284424	-0.536865
31512	6.899252	-0.45678	7.139	0.027657	0.030899	-0.019264	-0.824463	-0.28833	-0.538086
31513	6.920686	-0.445004	7.166238	0.019836	0.019264	0.004578	-0.811035	-0.282227	-0.534668
31514	6.96244	-0.53622	7.264737	-0.000191	0.006294	0.004387	-0.822266	-0.286377	-0.54126
31515	6.902826	-0.604319	7.220692	0.005341	0.006294	0.007629	-0.818115	-0.275635	-0.537109
