PacketCounter	Acc_X	Acc_Y	Acc_Z	Gyr_X	Gyr_Y	Gyr_Z	Mag_X	Mag_Y	Mag_Z
0.0	6.0625800000000005	-1.231155	7.579206	-0.005235987755982988	0.012217304763960306	0.010471975511965976	-0.7298	-0.2509	-0.6523
1.0	6.076314	-1.229193	7.6007880000000005	-0.0	-0.005235987755982988	0.012217304763960306	-0.7334	-0.2499	-0.6553
2.0	6.071409	-1.234098	7.601769000000001	-0.0017453292519943296	0.006981317007977318	0.003490658503988659	-0.731	-0.2514	-0.6551
3.0	6.07239	-1.234098	7.594902	0.006981317007977318	0.0	-0.003490658503988659	-0.7317	-0.2516	-0.6557
4.0	6.070428000000001	-1.237041	7.595883000000001	-0.012217304763960306	0.006981317007977318	0.006981317007977318	-0.7303	-0.2516	-0.656
5.0	6.069447	-1.2350790000000003	7.591959000000001	-0.0	0.003490658503988659	0.0	-0.7308	-0.2517	-0.6563
6.0	6.074352	-1.233117	7.591959000000001	-0.005235987755982988	0.012217304763960306	0.003490658503988659	-0.7306	-0.2515	-0.6561
7.000000000000001	6.073371	-1.231155	7.589997000000001	0.006981317007977318	0.0017453292519943296	-0.0017453292519943296	-0.7309	-0.2512	-0.6562
8.0	6.073371	-1.231155	7.590978000000001	-0.0017453292519943296	0.012217304763960306	0.0017453292519943296	-0.7308	-0.2512	-0.6561
9.0	6.074352	-1.227231	7.589997000000001	0.006981317007977318	0.0	-0.003490658503988659	-0.7312	-0.2513	-0.6564
10.0	6.074352	-1.22625	7.591959000000001	-0.0	0.0	0.003490658503988659	-0.731	-0.2516	-0.6561
11.0	6.077295000000001	-1.222326	7.589997000000001	-0.003490658503988659	0.0	0.003490658503988659	-0.7309	-0.2519	-0.6562
12.0	6.079257000000001	-1.2184020000000002	7.589016	-0.003490658503988659	0.017453292519943295	0.006981317007977318	-0.7309	-0.2522	-0.6566
13.0	6.081219	-1.215459	7.590978000000001	0.0017453292519943296	0.015707963267948967	0.0	-0.7306	-0.2524	-0.656
14.000000000000002	6.081219	-1.211535	7.591959000000001	-0.017453292519943295	0.015707963267948967	0.008726646259971648	-0.7306	-0.2524	-0.6537
15.0	6.083181	-1.2095730000000002	7.595883000000001	0.010471975511965976	0.010471975511965976	0.006981317007977318	-0.7304	-0.2524	-0.65
16.0	6.081219	-1.207611	7.593921000000001	-0.010471975511965976	0.003490658503988659	0.015707963267948967	-0.7306	-0.2522	-0.6457
17.0	6.0851429999999995	-1.208592	7.595883000000001	-0.0017453292519943296	-0.005235987755982988	0.003490658503988659	-0.7306	-0.2522	-0.64
18.0	6.086124	-1.204668	7.591959000000001	-0.008726646259971648	0.006981317007977318	0.012217304763960306	-0.7308	-0.2523	-0.6349
19.0	6.086124	-1.205649	7.593921000000001	-0.0	-0.008726646259971648	0.0	-0.7304	-0.2524	-0.6305
20.0	6.086124	-1.207611	7.591959000000001	-0.008726646259971648	-0.0017453292519943296	0.0	-0.7305	-0.2523	-0.6283
21.0	6.084162	-1.208592	7.596864	-0.005235987755982988	0.0	0.006981317007977318	-0.7307	-0.2524	-0.6276
22.0	6.083181	-1.2105540000000001	7.593921000000001	-0.003490658503988659	0.006981317007977318	0.0	-0.7308	-0.2521	-0.6279
23.0	6.0822	-1.2125160000000001	7.5929400000000005	0.005235987755982988	0.0017453292519943296	0.008726646259971648	-0.7312	-0.2519	-0.6291
24.0	6.0822	-1.213497	7.587054	-0.017453292519943295	0.0	0.003490658503988659	-0.7314	-0.2517	-0.6319
25.0	6.083181	-1.2125160000000001	7.583130000000001	-0.0017453292519943296	-0.003490658503988659	0.005235987755982988	-0.732	-0.2513	-0.6361
26.0	6.083181	-1.21644	7.585092	-0.0	-0.006981317007977318	0.0	-0.7318	-0.2516	-0.6415
27.0	6.081219	-1.2184020000000002	7.584111	-0.0	-0.006981317007977318	0.0	-0.7314	-0.2518	-0.648
28.000000000000004	6.084162	-1.222326	7.589016	-0.0	-0.003490658503988659	0.003490658503988659	-0.7311	-0.2519	-0.6536
28.999999999999996	6.0851429999999995	-1.224288	7.587054	0.0017453292519943296	0.0	0.003490658503988659	-0.7313	-0.2516	-0.6568
30.0	6.086124	-1.2233070000000001	7.586073	-0.012217304763960306	0.0	0.003490658503988659	-0.7313	-0.2516	-0.6567
31.0	6.0880860000000006	-1.2213450000000001	7.579206	-0.010471975511965976	-0.022689280275926284	0.0	-0.731	-0.2513	-0.6536
32.0	6.090048	-1.2213450000000001	7.583130000000001	-0.020943951023931952	-0.015707963267948967	0.005235987755982988	-0.7314	-0.2513	-0.648
33.0	6.091029000000001	-1.220364	7.581168000000001	-0.022689280275926284	-0.003490658503988659	0.006981317007977318	-0.7316	-0.2514	-0.6422
34.0	6.093972	-1.219383	7.586073	-0.0017453292519943296	-0.015707963267948967	0.0	-0.732	-0.2517	-0.6381
35.0	6.094953	-1.2213450000000001	7.583130000000001	-0.008726646259971648	-0.010471975511965976	0.0	-0.7316	-0.2522	-0.6355
36.0	6.096915000000001	-1.2184020000000002	7.585092	0.005235987755982988	-0.006981317007977318	-0.005235987755982988	-0.7321	-0.2526	-0.634
37.0	6.096915000000001	-1.213497	7.584111	-0.013962634015954637	-0.010471975511965976	0.005235987755982988	-0.7328	-0.2526	-0.6344
38.0	6.094953	-1.208592	7.583130000000001	-0.005235987755982988	-0.020943951023931952	-0.008726646259971648	-0.7334	-0.2527	-0.6351
39.0	6.095934	-1.207611	7.582149	-0.010471975511965976	-0.008726646259971648	-0.003490658503988659	-0.734	-0.2529	-0.6375
40.0	6.099858	-1.207611	7.583130000000001	-0.0017453292519943296	-0.005235987755982988	-0.006981317007977318	-0.7351	-0.2532	-0.6414
41.0	6.100839000000001	-1.208592	7.581168000000001	-0.003490658503988659	0.003490658503988659	0.0	-0.7363	-0.2533	-0.6459
42.0	6.102801	-1.207611	7.578225	-0.006981317007977318	-0.013962634015954637	-0.003490658503988659	-0.7368	-0.2532	-0.6512
43.0	6.105744	-1.2095730000000002	7.576263	-0.013962634015954637	0.006981317007977318	-0.003490658503988659	-0.737	-0.2533	-0.6573
44.0	6.105744	-1.2105540000000001	7.5752820000000005	0.008726646259971648	-0.005235987755982988	-0.008726646259971648	-0.7373	-0.2537	-0.6642
45.0	6.108687000000001	-1.211535	7.574301	-0.015707963267948967	0.003490658503988659	0.0	-0.7374	-0.2539	-0.6666
46.0	6.110649	-1.211535	7.569396	-0.015707963267948967	-0.006981317007977318	-0.010471975511965976	-0.7375	-0.2538	-0.6693
47.0	6.1155539999999995	-1.2095730000000002	7.569396	0.005235987755982988	-0.003490658503988659	-0.003490658503988659	-0.7372	-0.2541	-0.6681
48.0	6.1184970000000005	-1.2105540000000001	7.568415	0.005235987755982988	-0.003490658503988659	-0.003490658503988659	-0.737	-0.2542	-0.6669
49.0	6.121440000000001	-1.208592	7.568415	-0.005235987755982988	-0.008726646259971648	-0.008726646259971648	-0.7369	-0.2542	-0.6676
50.0	6.122421	-1.207611	7.564491	-0.0	-0.003490658503988659	0.0	-0.7363	-0.254	-0.6672
51.0	6.125364	-1.207611	7.563510000000001	-0.006981317007977318	-0.010471975511965976	-0.006981317007977318	-0.7361	-0.254	-0.6674
52.0	6.127326000000001	-1.205649	7.561548000000001	0.0017453292519943296	0.0	0.003490658503988659	-0.7359	-0.2542	-0.6678
53.0	6.128307	-1.202706	7.561548000000001	0.0017453292519943296	0.0	0.0	-0.7355	-0.2544	-0.6676
54.0	6.1312500000000005	-1.19682	7.558605	-0.005235987755982988	0.003490658503988659	0.0017453292519943296	-0.7363	-0.2543	-0.6651
55.00000000000001	6.133212	-1.190934	7.556643	0.0017453292519943296	-0.006981317007977318	0.0	-0.7371	-0.2544	-0.6652
56.00000000000001	6.133212	-1.187991	7.554681	-0.0	0.010471975511965976	0.006981317007977318	-0.7379	-0.2547	-0.6646
56.99999999999999	6.134193	-1.1870100000000001	7.552719000000001	-0.006981317007977318	0.008726646259971648	0.015707963267948967	-0.739	-0.2548	-0.6631
57.99999999999999	6.134193	-1.187991	7.551738000000001	-0.005235987755982988	0.015707963267948967	0.017453292519943295	-0.7401	-0.2548	-0.6627
59.0	6.133212	-1.192896	7.547814	-0.006981317007977318	0.020943951023931952	0.012217304763960306	-0.7399	-0.2549	-0.6636
60.0	6.133212	-1.192896	7.549776	0.005235987755982988	0.003490658503988659	0.013962634015954637	-0.7401	-0.2552	-0.6668
61.0	6.132231	-1.192896	7.550757000000001	-0.008726646259971648	0.020943951023931952	0.012217304763960306	-0.7397	-0.256	-0.6686
62.0	6.129288000000001	-1.190934	7.552719000000001	0.003490658503988659	0.0	0.003490658503988659	-0.7398	-0.2558	-0.6692
63.0	6.126345000000001	-1.187991	7.552719000000001	0.003490658503988659	0.0	0.003490658503988659	-0.7402	-0.2554	-0.6699
64.0	6.125364	-1.186029	7.558605	-0.0	0.010471975511965976	0.006981317007977318	-0.7395	-0.2554	-0.6691
65.0	6.1234020000000005	-1.189953	7.561548000000001	-0.008726646259971648	0.024434609527920613	0.005235987755982988	-0.7389	-0.2553	-0.6692
66.0	6.125364	-1.1889720000000001	7.561548000000001	0.005235987755982988	0.010471975511965976	0.006981317007977318	-0.7382	-0.2553	-0.6681
67.0	6.125364	-1.190934	7.561548000000001	-0.008726646259971648	0.017453292519943295	0.003490658503988659	-0.7378	-0.2552	-0.6698
68.0	6.120459	-1.1889720000000001	7.561548000000001	-0.0	0.0	0.003490658503988659	-0.7372	-0.2554	-0.6702
69.0	6.119478000000001	-1.186029	7.563510000000001	-0.010471975511965976	0.020943951023931952	0.013962634015954637	-0.7377	-0.2556	-0.6676
70.0	6.1184970000000005	-1.187991	7.5625290000000005	0.003490658503988659	0.005235987755982988	0.008726646259971648	-0.7375	-0.2552	-0.6634
71.0	6.1184970000000005	-1.1870100000000001	7.566453	-0.0	0.024434609527920613	0.013962634015954637	-0.7375	-0.2547	-0.661
72.0	6.1184970000000005	-1.189953	7.564491	0.008726646259971648	0.005235987755982988	0.0	-0.7373	-0.2552	-0.6598
73.0	6.120459	-1.193877	7.565472000000001	-0.005235987755982988	0.013962634015954637	0.003490658503988659	-0.7372	-0.2556	-0.6585
74.0	6.120459	-1.1978010000000001	7.5625290000000005	0.005235987755982988	0.012217304763960306	0.003490658503988659	-0.7374	-0.2553	-0.6586
75.0	6.120459	-1.19682	7.563510000000001	-0.006981317007977318	0.024434609527920613	0.005235987755982988	-0.7373	-0.255	-0.6583
76.0	6.117516000000001	-1.19682	7.561548000000001	0.006981317007977318	0.008726646259971648	0.003490658503988659	-0.7375	-0.2547	-0.6579
77.0	6.117516000000001	-1.195839	7.5625290000000005	-0.006981317007977318	0.03316125578789226	0.019198621771937627	-0.7371	-0.2549	-0.658
78.0	6.122421	-1.198782	7.5625290000000005	0.008726646259971648	0.003490658503988659	0.0	-0.7366	-0.2549	-0.6578
79.0	6.1234020000000005	-1.19682	7.564491	0.015707963267948967	0.003490658503988659	0.0	-0.7364	-0.2547	-0.6575
80.0	6.125364	-1.193877	7.564491	-0.0	0.031415926535897934	0.010471975511965976	-0.7365	-0.2552	-0.6578
81.0	6.125364	-1.193877	7.558605	0.022689280275926284	0.013962634015954637	0.0	-0.7363	-0.2555	-0.6576
82.0	6.126345000000001	-1.193877	7.5595859999999995	-0.005235987755982988	0.03665191429188092	0.005235987755982988	-0.7362	-0.2555	-0.6577
83.0	6.125364	-1.191915	7.554681	0.008726646259971648	0.024434609527920613	0.006981317007977318	-0.7364	-0.2554	-0.6579
84.0	6.127326000000001	-1.189953	7.556643	0.008726646259971648	0.024434609527920613	0.003490658503988659	-0.7357	-0.2554	-0.6577
85.0	6.126345000000001	-1.187991	7.556643	0.008726646259971648	0.024434609527920613	0.012217304763960306	-0.7357	-0.2556	-0.6579
86.0	6.1234020000000005	-1.185048	7.560567000000001	0.013962634015954637	0.03316125578789226	0.012217304763960306	-0.7357	-0.2555	-0.6583
87.0	6.121440000000001	-1.184067	7.5595859999999995	0.020943951023931952	0.0	0.003490658503988659	-0.7354	-0.2552	-0.6579
88.0	6.117516000000001	-1.182105	7.5595859999999995	0.0017453292519943296	0.031415926535897934	0.008726646259971648	-0.7354	-0.2555	-0.6566
89.0	6.114573	-1.1801430000000002	7.561548000000001	0.008726646259971648	0.026179938779914945	0.010471975511965976	-0.735	-0.2558	-0.6539
90.0	6.109668	-1.1781810000000001	7.564491	-0.0	0.03316125578789226	0.019198621771937627	-0.7345	-0.2553	-0.6494
91.0	6.107706	-1.1772	7.570377000000001	0.012217304763960306	0.029670597283903602	0.015707963267948967	-0.7346	-0.2552	-0.6441
92.0	6.103782	-1.173276	7.574301	0.010471975511965976	0.027925268031909273	0.012217304763960306	-0.7345	-0.255	-0.6389
93.0	6.100839000000001	-1.1713140000000002	7.579206	0.003490658503988659	0.03665191429188092	0.022689280275926284	-0.7342	-0.2549	-0.6354
94.0	6.096915000000001	-1.168371	7.581168000000001	0.017453292519943295	0.020943951023931952	0.019198621771937627	-0.7346	-0.2549	-0.6334
95.0	6.0929910000000005	-1.166409	7.582149	-0.005235987755982988	0.029670597283903602	0.019198621771937627	-0.7345	-0.2549	-0.6329
96.0	6.089067000000001	-1.1693520000000002	7.587054	-0.005235987755982988	0.020943951023931952	0.031415926535897934	-0.734	-0.2552	-0.6337
97.0	6.0851429999999995	-1.1713140000000002	7.588035	-0.017453292519943295	0.022689280275926284	0.03316125578789226	-0.7345	-0.2552	-0.635
98.0	6.083181	-1.168371	7.590978000000001	-0.013962634015954637	0.024434609527920613	0.024434609527920613	-0.7347	-0.2547	-0.6379
99.0	6.0822	-1.16739	7.5929400000000005	0.003490658503988659	0.008726646259971648	0.03316125578789226	-0.7349	-0.2543	-0.6418
100.0	6.079257000000001	-1.16739	7.591959000000001	-0.010471975511965976	0.024434609527920613	0.022689280275926284	-0.7351	-0.2542	-0.647
101.0	6.077295000000001	-1.168371	7.590978000000001	-0.0017453292519943296	0.010471975511965976	0.019198621771937627	-0.7352	-0.2542	-0.6534
102.0	6.075333	-1.173276	7.588035	-0.019198621771937627	0.03490658503988659	0.027925268031909273	-0.7351	-0.2541	-0.6595
103.0	6.073371	-1.173276	7.590978000000001	-0.0017453292519943296	0.006981317007977318	0.019198621771937627	-0.7349	-0.2543	-0.6626
104.0	6.071409	-1.182105	7.588035	-0.015707963267948967	0.027925268031909273	0.024434609527920613	-0.7349	-0.254	-0.6631
105.0	6.070428000000001	-1.184067	7.590978000000001	-0.0017453292519943296	0.015707963267948967	0.015707963267948967	-0.7348	-0.2544	-0.66
106.0	6.07239	-1.185048	7.585092	-0.019198621771937627	0.019198621771937627	0.024434609527920613	-0.7351	-0.2543	-0.6544
107.0	6.07239	-1.184067	7.587054	-0.013962634015954637	0.006981317007977318	0.010471975511965976	-0.735	-0.2543	-0.6492
108.0	6.07239	-1.187991	7.587054	-0.010471975511965976	0.015707963267948967	0.019198621771937627	-0.7352	-0.2542	-0.6452
109.00000000000001	6.071409	-1.1889720000000001	7.586073	-0.0	0.010471975511965976	0.012217304763960306	-0.7354	-0.2541	-0.643
110.00000000000001	6.073371	-1.190934	7.588035	-0.013962634015954637	0.015707963267948967	0.022689280275926284	-0.7355	-0.2541	-0.6422
111.00000000000001	6.07239	-1.191915	7.586073	-0.010471975511965976	0.017453292519943295	0.031415926535897934	-0.7356	-0.2538	-0.643
112.00000000000001	6.074352	-1.191915	7.588035	-0.0	0.008726646259971648	0.005235987755982988	-0.7359	-0.2538	-0.6441
112.99999999999999	6.074352	-1.192896	7.584111	-0.0017453292519943296	0.015707963267948967	0.024434609527920613	-0.7368	-0.2534	-0.6465
113.99999999999999	6.077295000000001	-1.189953	7.589997000000001	-0.0017453292519943296	0.006981317007977318	0.0	-0.7373	-0.2532	-0.6501
114.99999999999999	6.075333	-1.192896	7.590978000000001	0.0017453292519943296	0.019198621771937627	0.015707963267948967	-0.7381	-0.253	-0.6548
115.99999999999999	6.075333	-1.195839	7.594902	-0.0	0.020943951023931952	0.006981317007977318	-0.7388	-0.2528	-0.6608
117.0	6.075333	-1.198782	7.591959000000001	-0.003490658503988659	0.027925268031909273	0.015707963267948967	-0.7393	-0.2526	-0.6662
118.0	6.077295000000001	-1.1978010000000001	7.595883000000001	0.003490658503988659	0.012217304763960306	0.010471975511965976	-0.7393	-0.2525	-0.6675
119.0	6.076314	-1.1978010000000001	7.594902	-0.013962634015954637	0.010471975511965976	0.013962634015954637	-0.7394	-0.2528	-0.6724
120.0	6.074352	-1.19682	7.597845	-0.005235987755982988	0.008726646259971648	0.010471975511965976	-0.7396	-0.2532	-0.672
121.0	6.075333	-1.1978010000000001	7.597845	-0.008726646259971648	0.019198621771937627	0.019198621771937627	-0.7397	-0.2532	-0.6737
122.0	6.074352	-1.19682	7.601769000000001	-0.0	0.012217304763960306	0.0017453292519943296	-0.7399	-0.2532	-0.6737
123.0	6.073371	-1.19682	7.6007880000000005	-0.012217304763960306	0.015707963267948967	0.017453292519943295	-0.7394	-0.2533	-0.6726
124.0	6.07239	-1.195839	7.6007880000000005	-0.0017453292519943296	0.006981317007977318	0.012217304763960306	-0.7388	-0.2538	-0.6728
125.0	6.076314	-1.1948580000000002	7.598826	-0.010471975511965976	0.020943951023931952	0.013962634015954637	-0.7386	-0.2537	-0.6728
126.0	6.076314	-1.192896	7.598826	-0.0017453292519943296	0.022689280275926284	0.015707963267948967	-0.7381	-0.2536	-0.6731
127.0	6.076314	-1.193877	7.6007880000000005	-0.015707963267948967	0.024434609527920613	0.012217304763960306	-0.7377	-0.2534	-0.6733
128.0	6.074352	-1.193877	7.596864	0.0017453292519943296	0.006981317007977318	0.003490658503988659	-0.7382	-0.2529	-0.6764
129.0	6.075333	-1.195839	7.596864	-0.013962634015954637	0.020943951023931952	0.024434609527920613	-0.7387	-0.2528	-0.6743
130.0	6.077295000000001	-1.19682	7.595883000000001	-0.0017453292519943296	0.0	0.006981317007977318	-0.739	-0.2525	-0.6769
131.0	6.076314	-1.1978010000000001	7.597845	-0.0	0.008726646259971648	0.017453292519943295	-0.7395	-0.2526	-0.6744
132.0	6.076314	-1.1978010000000001	7.5929400000000005	-0.005235987755982988	0.013962634015954637	0.020943951023931952	-0.7398	-0.2525	-0.6738
133.0	6.076314	-1.1978010000000001	7.5929400000000005	-0.005235987755982988	0.013962634015954637	0.020943951023931952	-0.7401	-0.2525	-0.6742
134.0	6.074352	-1.200744	7.591959000000001	-0.0017453292519943296	0.022689280275926284	0.012217304763960306	-0.7409	-0.2523	-0.6715
135.0	6.07239	-1.1997630000000001	7.595883000000001	-0.0017453292519943296	0.015707963267948967	0.010471975511965976	-0.7407	-0.2523	-0.6733
136.0	6.071409	-1.200744	7.597845	-0.008726646259971648	0.012217304763960306	0.012217304763960306	-0.7407	-0.2523	-0.6746
137.0	6.071409	-1.19682	7.601769000000001	-0.0017453292519943296	0.0	0.019198621771937627	-0.741	-0.2525	-0.6762
138.0	6.070428000000001	-1.1978010000000001	7.601769000000001	-0.017453292519943295	0.017453292519943295	0.019198621771937627	-0.7403	-0.2529	-0.6764
139.0	6.068466000000001	-1.198782	7.604712	-0.0017453292519943296	0.013962634015954637	0.006981317007977318	-0.7395	-0.2527	-0.6758
140.0	6.065523	-1.201725	7.603731000000001	-0.017453292519943295	0.015707963267948967	0.010471975511965976	-0.7392	-0.2526	-0.6745
141.0	6.064542	-1.202706	7.603731000000001	-0.0017453292519943296	0.006981317007977318	0.0	-0.7388	-0.2525	-0.6745
142.0	6.064542	-1.2036870000000002	7.6056930000000005	-0.008726646259971648	0.022689280275926284	0.012217304763960306	-0.7384	-0.2527	-0.674
143.0	6.063561	-1.2036870000000002	7.606674	0.003490658503988659	0.012217304763960306	0.012217304763960306	-0.7384	-0.2528	-0.6737
144.0	6.0625800000000005	-1.202706	7.604712	0.003490658503988659	0.012217304763960306	0.012217304763960306	-0.7383	-0.2528	-0.6753
145.0	6.063561	-1.201725	7.601769000000001	0.005235987755982988	0.0017453292519943296	0.0	-0.7386	-0.253	-0.673
146.0	6.065523	-1.2036870000000002	7.601769000000001	-0.005235987755982988	0.019198621771937627	0.010471975511965976	-0.7388	-0.2529	-0.6708
147.0	6.063561	-1.20663	7.597845	0.012217304763960306	0.008726646259971648	0.0	-0.7388	-0.2528	-0.6684
148.0	6.063561	-1.20663	7.599807000000001	-0.008726646259971648	0.005235987755982988	0.0017453292519943296	-0.7391	-0.2528	-0.6675
149.0	6.0625800000000005	-1.204668	7.596864	0.0017453292519943296	0.010471975511965976	0.006981317007977318	-0.7392	-0.2532	-0.6676
150.0	6.063561	-1.204668	7.596864	-0.013962634015954637	0.008726646259971648	0.006981317007977318	-0.7393	-0.2533	-0.6676
151.0	6.063561	-1.202706	7.594902	-0.0	0.0	0.008726646259971648	-0.7387	-0.2532	-0.6676
152.0	6.0625800000000005	-1.202706	7.596864	-0.012217304763960306	0.019198621771937627	0.008726646259971648	-0.7386	-0.253	-0.6679
153.0	6.061599	-1.200744	7.598826	0.008726646259971648	0.003490658503988659	0.006981317007977318	-0.7383	-0.2527	-0.6679
154.0	6.063561	-1.1997630000000001	7.60275	-0.005235987755982988	0.008726646259971648	0.017453292519943295	-0.7383	-0.2528	-0.6677
155.0	6.061599	-1.201725	7.601769000000001	0.010471975511965976	0.005235987755982988	0.0017453292519943296	-0.7385	-0.2525	-0.6679
156.0	6.061599	-1.1997630000000001	7.6007880000000005	-0.0017453292519943296	0.003490658503988659	0.005235987755982988	-0.7385	-0.2529	-0.668
157.0	6.0625800000000005	-1.1997630000000001	7.601769000000001	0.010471975511965976	-0.012217304763960306	0.006981317007977318	-0.7391	-0.2529	-0.6685
158.0	6.063561	-1.1997630000000001	7.601769000000001	-0.005235987755982988	0.0	0.0	-0.739	-0.2528	-0.6687
159.0	6.063561	-1.1997630000000001	7.603731000000001	-0.005235987755982988	-0.010471975511965976	-0.003490658503988659	-0.7391	-0.2528	-0.6685
160.0	6.066504	-1.19682	7.603731000000001	-0.005235987755982988	0.020943951023931952	0.012217304763960306	-0.739	-0.2526	-0.6685
161.0	6.0674850000000005	-1.195839	7.606674	-0.0	-0.005235987755982988	0.003490658503988659	-0.7398	-0.2528	-0.6684
162.0	6.066504	-1.191915	7.603731000000001	-0.013962634015954637	0.006981317007977318	0.008726646259971648	-0.7397	-0.2528	-0.667
163.0	6.069447	-1.192896	7.603731000000001	0.012217304763960306	-0.008726646259971648	0.0017453292519943296	-0.7398	-0.2531	-0.6645
164.0	6.066504	-1.189953	7.599807000000001	-0.010471975511965976	-0.003490658503988659	0.005235987755982988	-0.7395	-0.2532	-0.6608
165.0	6.0674850000000005	-1.187991	7.603731000000001	-0.0	-0.006981317007977318	0.008726646259971648	-0.7393	-0.2532	-0.6557
166.0	6.066504	-1.187991	7.601769000000001	-0.013962634015954637	0.008726646259971648	0.012217304763960306	-0.7392	-0.2527	-0.65
167.0	6.069447	-1.1889720000000001	7.599807000000001	0.005235987755982988	0.003490658503988659	0.0	-0.7386	-0.253	-0.645
168.0	6.071409	-1.187991	7.595883000000001	-0.008726646259971648	0.010471975511965976	0.010471975511965976	-0.7384	-0.2531	-0.6417
169.0	6.073371	-1.190934	7.595883000000001	0.008726646259971648	-0.006981317007977318	0.005235987755982988	-0.7385	-0.253	-0.6402
170.0	6.070428000000001	-1.193877	7.594902	-0.0	0.0	0.005235987755982988	-0.7388	-0.2529	-0.6396
171.0	6.074352	-1.195839	7.591959000000001	0.010471975511965976	0.005235987755982988	0.0	-0.7392	-0.2526	-0.6406
172.0	6.075333	-1.1997630000000001	7.594902	0.0017453292519943296	0.013962634015954637	-0.0017453292519943296	-0.7396	-0.2529	-0.6427
173.0	6.075333	-1.1997630000000001	7.595883000000001	0.013962634015954637	0.006981317007977318	0.0	-0.7398	-0.2526	-0.6458
174.0	6.077295000000001	-1.204668	7.597845	-0.005235987755982988	0.003490658503988659	0.003490658503988659	-0.7396	-0.2522	-0.6502
175.0	6.077295000000001	-1.207611	7.595883000000001	0.012217304763960306	-0.006981317007977318	-0.0017453292519943296	-0.7395	-0.2522	-0.6561
176.0	6.078276000000001	-1.2125160000000001	7.594902	0.006981317007977318	0.003490658503988659	0.0017453292519943296	-0.7395	-0.2523	-0.6626
177.0	6.075333	-1.2184020000000002	7.594902	0.0017453292519943296	0.019198621771937627	-0.003490658503988659	-0.7393	-0.2523	-0.6671
178.0	6.073371	-1.213497	7.604712	0.005235987755982988	-0.015707963267948967	-0.003490658503988659	-0.7394	-0.2525	-0.669
179.0	6.07239	-1.201725	7.601769000000001	0.005235987755982988	-0.005235987755982988	0.0	-0.7389	-0.2524	-0.6678
180.0	6.07239	-1.193877	7.6056930000000005	0.005235987755982988	0.003490658503988659	0.0	-0.7388	-0.2528	-0.6638
181.0	6.070428000000001	-1.184067	7.603731000000001	0.005235987755982988	-0.012217304763960306	-0.003490658503988659	-0.7385	-0.2529	-0.6578
182.0	6.071409	-1.174257	7.6007880000000005	-0.0	0.003490658503988659	0.006981317007977318	-0.7389	-0.2526	-0.6524
183.0	6.069447	-1.16739	7.595883000000001	-0.008726646259971648	0.0	0.013962634015954637	-0.7392	-0.2529	-0.6489
184.0	6.070428000000001	-1.162485	7.594902	-0.005235987755982988	0.003490658503988659	0.019198621771937627	-0.7397	-0.2528	-0.6465
185.0	6.071409	-1.15758	7.590978000000001	-0.010471975511965976	0.005235987755982988	0.010471975511965976	-0.7402	-0.2528	-0.6459
186.0	6.074352	-1.151694	7.593921000000001	0.0017453292519943296	0.0	0.012217304763960306	-0.7403	-0.253	-0.6463
187.0	6.079257000000001	-1.149732	7.5929400000000005	-0.008726646259971648	0.015707963267948967	0.019198621771937627	-0.7408	-0.2528	-0.6477
188.0	6.0851429999999995	-1.155618	7.586073	0.008726646259971648	0.006981317007977318	0.0	-0.7412	-0.2525	-0.6504
189.0	6.086124	-1.166409	7.582149	0.0017453292519943296	0.031415926535897934	0.012217304763960306	-0.7417	-0.2521	-0.6537
190.0	6.0822	-1.16739	7.576263	0.010471975511965976	0.022689280275926284	0.008726646259971648	-0.7421	-0.2518	-0.6599
191.0	6.073371	-1.1654280000000001	7.568415	0.005235987755982988	0.020943951023931952	0.003490658503988659	-0.7427	-0.2519	-0.6661
192.0	6.058656000000001	-1.170333	7.5595859999999995	0.005235987755982988	0.017453292519943295	-0.003490658503988659	-0.7422	-0.2518	-0.6732
193.0	6.039036	-1.187991	7.555662000000001	0.003490658503988659	0.027925268031909273	-0.012217304763960306	-0.7423	-0.252	-0.6782
194.0	6.007644000000001	-1.195839	7.563510000000001	0.026179938779914945	0.006981317007977318	-0.04363323129985824	-0.7423	-0.2522	-0.68
195.0	5.990967	-1.186029	7.581168000000001	0.008726646259971648	-0.003490658503988659	-0.05235987755982989	-0.742	-0.2525	-0.6818
196.0	5.9811570000000005	-1.1693520000000002	7.594902	-0.0	-0.020943951023931952	-0.05235987755982989	-0.7418	-0.253	-0.6824
197.0	5.983119	-1.149732	7.601769000000001	-0.013962634015954637	-0.03316125578789226	-0.024434609527920613	-0.7415	-0.2535	-0.6808
198.0	5.9860619999999995	-1.121283	7.608636	-0.024434609527920613	-0.07853981633974483	-0.012217304763960306	-0.7416	-0.2537	-0.6788
199.0	5.995872	-1.094796	7.608636	-0.05061454830783556	-0.0645771823237902	0.015707963267948967	-0.7416	-0.2542	-0.6789
200.0	6.008625	-1.076157	7.613541000000001	-0.07679448708775051	-0.0715584993317675	0.019198621771937627	-0.7413	-0.2542	-0.6775
200.99999999999997	6.030207000000001	-1.078119	7.618446	-0.09250245035569947	-0.054105206811824215	0.04537856055185257	-0.7408	-0.2547	-0.6765
202.0	6.060618000000001	-1.093815	7.619427	-0.07504915783575616	-0.048869219055841226	0.04363323129985824	-0.7409	-0.2546	-0.6745
202.99999999999997	6.0929910000000005	-1.090872	7.61256	-0.0645771823237902	-0.029670597283903602	0.04537856055185257	-0.7409	-0.2545	-0.6726
204.0	6.132231	-1.083024	7.594902	-0.05235987755982989	-0.022689280275926284	0.041887902047863905	-0.7412	-0.2544	-0.6728
204.99999999999997	6.156756000000001	-1.092834	7.568415	-0.05235987755982989	0.006981317007977318	0.03665191429188092	-0.742	-0.2538	-0.6709
206.0	6.167547000000001	-1.1222640000000002	7.552719000000001	-0.029670597283903602	0.0017453292519943296	0.026179938779914945	-0.743	-0.2532	-0.6679
206.99999999999997	6.17049	-1.1565990000000002	7.538985	-0.017453292519943295	0.006981317007977318	0.008726646259971648	-0.744	-0.2528	-0.6699
208.0	6.171471	-1.1978010000000001	7.5321180000000005	-0.006981317007977318	-0.0017453292519943296	-0.003490658503988659	-0.7446	-0.2528	-0.6702
209.0	6.17049	-1.234098	7.528194	0.0017453292519943296	0.019198621771937627	-0.012217304763960306	-0.7453	-0.2526	-0.6703
210.0	6.175395	-1.2703950000000002	7.5242700000000005	0.020943951023931952	0.010471975511965976	-0.027925268031909273	-0.7457	-0.2529	-0.6706
211.0	6.172452	-1.283148	7.521327000000001	0.015707963267948967	0.024434609527920613	-0.010471975511965976	-0.7456	-0.2523	-0.6712
212.0	6.1616610000000005	-1.274319	7.530156	0.022689280275926284	0.020943951023931952	-0.041887902047863905	-0.7463	-0.2524	-0.671
213.0	6.156756000000001	-1.2753	7.540947000000001	0.026179938779914945	0.029670597283903602	-0.03490658503988659	-0.7459	-0.2525	-0.6695
214.0	6.15087	-1.280205	7.553700000000001	0.029670597283903602	0.020943951023931952	-0.026179938779914945	-0.7461	-0.2525	-0.6687
215.0	6.1489080000000005	-1.286091	7.571358000000001	0.013962634015954637	0.008726646259971648	-0.029670597283903602	-0.7455	-0.2532	-0.6681
216.0	6.152832	-1.263528	7.571358000000001	0.017453292519943295	0.0	-0.022689280275926284	-0.7449	-0.2535	-0.6689
217.0	6.157737000000001	-1.2429270000000001	7.571358000000001	0.008726646259971648	0.026179938779914945	-0.003490658503988659	-0.744	-0.2539	-0.6668
218.00000000000003	6.157737000000001	-1.225269	7.569396	0.03316125578789226	0.04014257279586958	-0.010471975511965976	-0.7434	-0.2542	-0.6667
219.0	6.1459649999999995	-1.20663	7.566453	0.017453292519943295	0.05759586531581287	-0.003490658503988659	-0.7425	-0.2546	-0.6658
220.00000000000003	6.1155539999999995	-1.187991	7.583130000000001	0.013962634015954637	0.027925268031909273	0.0	-0.7426	-0.2548	-0.6647
221.0	6.105744	-1.186029	7.590978000000001	0.013962634015954637	0.015707963267948967	-0.008726646259971648	-0.7425	-0.2555	-0.6635
222.00000000000003	6.105744	-1.168371	7.588035	0.006981317007977318	0.006981317007977318	-0.003490658503988659	-0.7421	-0.2559	-0.6632
223.0	6.103782	-1.155618	7.589016	-0.005235987755982988	0.010471975511965976	0.006981317007977318	-0.742	-0.2562	-0.6638
224.00000000000003	6.102801	-1.148751	7.584111	-0.0	-0.0017453292519943296	0.0	-0.7417	-0.2564	-0.6637
225.0	6.0880860000000006	-1.164447	7.599807000000001	-0.0471238898038469	-0.08203047484373349	-0.017453292519943295	-0.7417	-0.2564	-0.6638
225.99999999999997	6.063561	-1.198782	7.642971	-0.08552113334772216	-0.26354471705114374	-0.04537856055185257	-0.7417	-0.2564	-0.6639
227.0	6.074352	-1.222326	7.667496	-0.1413716694115407	-0.28099800957108706	-0.026179938779914945	-0.7424	-0.2563	-0.6636
227.99999999999997	6.1234020000000005	-1.248813	7.655724	-0.19024088846738194	-0.18151424220741028	-0.017453292519943295	-0.743	-0.2558	-0.6628
229.0	6.174414	-1.2753	7.659648000000001	-0.2059488517353309	-0.1466076571675237	-0.006981317007977318	-0.7434	-0.2555	-0.6617
229.99999999999997	6.254856	-1.2998250000000002	7.634142000000001	-0.19896753472735357	-0.0715584993317675	0.012217304763960306	-0.7434	-0.2552	-0.6608
231.0	6.336279	-1.3312169999999999	7.618446	-0.16057029118347832	0.03665191429188092	0.041887902047863905	-0.7441	-0.2545	-0.66
231.99999999999997	6.400044	-1.407735	7.608636	-0.1413716694115407	0.08203047484373349	0.03316125578789226	-0.7445	-0.254	-0.659
233.0	6.430455	-1.460709	7.615503	-0.1361356816555577	0.09948376736367678	0.03665191429188092	-0.7453	-0.2534	-0.6589
234.0	6.463809	-1.478367	7.606674	-0.16929693744344995	0.09075712110370514	0.061086523819801536	-0.7454	-0.2529	-0.6582
235.0	6.5050110000000005	-1.44207	7.598826	-0.23212879051524585	0.07504915783575616	0.13264502315156904	-0.7456	-0.2521	-0.6579
236.0	6.555042	-1.3174830000000002	7.572339	-0.29670597283903605	0.08028514559173916	0.19024088846738194	-0.7454	-0.2509	-0.6581
237.0	6.5785860000000005	-1.207611	7.571358000000001	-0.39793506945470714	0.07504915783575616	0.32288591161895097	-0.7446	-0.2494	-0.6574
238.0	6.567795	-1.117359	7.586073	-0.5026548245743669	0.13264502315156904	0.43982297150257105	-0.7439	-0.2475	-0.6557
239.0	6.590358	-1.0378980000000002	7.6007880000000005	-0.5742133239061344	0.16580627893946132	0.5427973973702365	-0.7438	-0.2446	-0.6528
240.0	6.607035	-1.0751760000000001	7.637085	-0.630063859969953	0.25132741228718347	0.6597344572538565	-0.7434	-0.2411	-0.6494
241.0	6.531498	-1.246851	7.641009	-0.6335545184739416	0.3036872898470133	0.8656833089891874	-0.743	-0.2368	-0.645
242.0	6.431436	-1.377324	7.561548000000001	-0.6021385919380436	0.33161255787892263	1.0035643198967394	-0.7425	-0.2319	-0.6416
243.00000000000003	6.3598230000000004	-1.2988439999999999	7.5448710000000005	-0.4572762640225143	0.2722713633111154	1.0035643198967394	-0.7418	-0.226	-0.6393
244.0	6.249951	-1.2095730000000002	7.528194	-0.4572762640225143	0.3089232776029963	0.8831366015091308	-0.7412	-0.2194	-0.6395
245.00000000000003	6.094953	-1.143846	7.489935	-0.43982297150257105	0.2722713633111154	0.6387905062299246	-0.7398	-0.2117	-0.6412
246.0	5.933088000000001	-1.195839	7.4379420000000005	-0.4537856055185257	0.22863813201125716	0.4188790204786391	-0.7394	-0.2041	-0.6435
247.00000000000003	5.740812000000001	-1.352799	7.379082	-0.4223696789826277	0.13439035240356337	0.2426007660272118	-0.739	-0.1957	-0.6474
248.0	5.598567	-1.550961	7.32807	-0.3717551306747922	0.07330382858376185	0.17453292519943295	-0.7383	-0.1883	-0.6522
249.00000000000003	5.422968	-1.686339	7.283925000000001	-0.32114058236695664	0.04537856055185257	0.15358897417550102	-0.7372	-0.181	-0.6586
250.0	5.266008000000001	-1.778553	7.228989	-0.2775073510670984	-0.013962634015954637	0.10297442586766545	-0.736	-0.1743	-0.6659
250.99999999999997	5.183604	-1.768743	7.206426	-0.18151424220741028	-0.08203047484373349	0.05759586531581287	-0.7351	-0.1681	-0.6737
252.0	5.139459	-1.771686	7.261362	-0.18151424220741028	-0.08203047484373349	0.05759586531581287	-0.7344	-0.1623	-0.6806
252.99999999999997	5.207148000000001	-1.936494	7.290792	-0.022689280275926284	-0.06632251157578452	-0.019198621771937627	-0.7331	-0.1579	-0.6831
254.0	5.272875	-2.1375990000000002	7.31826	-0.038397243543875255	-0.03316125578789226	-0.024434609527920613	-0.7323	-0.1547	-0.6824
254.99999999999997	5.364108	-2.366172	7.334937000000001	-0.020943951023931952	-0.038397243543875255	-0.04014257279586958	-0.7324	-0.1523	-0.6783
256.0	5.480847	-2.5456950000000003	7.368291	0.027925268031909273	-0.06283185307179587	-0.06981317007977318	-0.7318	-0.1506	-0.6725
257.0	5.6024910000000006	-2.602593	7.402626000000001	0.038397243543875255	-0.05061454830783556	-0.08028514559173916	-0.732	-0.1503	-0.6671
258.0	5.681952000000001	-2.6055360000000003	7.450695	0.06806784082777885	-0.09250245035569947	-0.07330382858376185	-0.7322	-0.1497	-0.6626
259.0	5.779071	-2.631042	7.483068	0.059341194567807204	-0.08203047484373349	-0.054105206811824215	-0.7327	-0.1499	-0.6597
260.0	5.842836	-2.6045550000000004	7.502688000000001	0.08203047484373349	-0.0715584993317675	-0.061086523819801536	-0.7333	-0.1505	-0.6581
261.0	5.901696	-2.5201890000000002	7.528194	0.0942477796076938	-0.08203047484373349	-0.05759586531581287	-0.7341	-0.1516	-0.6578
262.0	5.970366	-2.426013	7.552719000000001	0.10122909661567112	-0.08726646259971647	-0.06632251157578452	-0.7347	-0.1528	-0.6576
263.0	5.934069	-2.3995260000000003	7.5242700000000005	0.09075712110370514	-0.06283185307179587	-0.05585053606381855	-0.7361	-0.1539	-0.6602
264.0	5.932107	-2.3612670000000002	7.512498000000001	0.1117010721276371	-0.06981317007977318	-0.05585053606381855	-0.7373	-0.1548	-0.6637
265.0	5.95467	-2.314179	7.503669	0.09948376736367678	-0.05235987755982989	-0.05759586531581287	-0.7384	-0.1562	-0.6678
266.0	5.952708	-2.270034	7.491897000000001	0.12042771838760874	-0.05235987755982989	-0.05759586531581287	-0.7398	-0.1575	-0.6738
267.0	5.952708	-2.238642	7.480125	0.11868238913561441	-0.054105206811824215	-0.0715584993317675	-0.7408	-0.1588	-0.6763
268.0	5.94486	-2.188611	7.466391000000001	0.13788101090755203	-0.07504915783575616	-0.08028514559173916	-0.7416	-0.1601	-0.6778
269.0	5.951727000000001	-2.152314	7.458543	0.1291543646475804	-0.054105206811824215	-0.08377580409572781	-0.742	-0.1616	-0.6783
270.0	5.95467	-2.104245	7.454619000000001	0.12566370614359174	-0.059341194567807204	-0.0942477796076938	-0.7423	-0.1634	-0.6772
271.0	5.96448	-2.065005	7.447752	0.10995574287564276	-0.048869219055841226	-0.09948376736367678	-0.7424	-0.165	-0.6744
272.0	5.969385000000001	-2.0296890000000003	7.443828000000001	0.12042771838760874	-0.05585053606381855	-0.10471975511965978	-0.7424	-0.1667	-0.6737
273.0	5.9634990000000005	-1.9914300000000003	7.435980000000001	0.10821041362364843	-0.05061454830783556	-0.11868238913561441	-0.7426	-0.168	-0.672
274.0	5.953689000000001	-1.9698480000000003	7.426170000000001	0.13264502315156904	-0.08028514559173916	-0.13264502315156904	-0.7428	-0.1695	-0.6709
275.0	5.9556510000000005	-1.931589	7.426170000000001	0.12042771838760874	-0.059341194567807204	-0.13439035240356337	-0.7427	-0.1712	-0.6703
276.0	5.951727000000001	-1.899216	7.420284	0.1308996938995747	-0.06632251157578452	-0.15009831567151233	-0.7429	-0.1731	-0.6688
277.0	5.956632	-1.869786	7.421265	0.143116998663535	-0.0715584993317675	-0.16580627893946132	-0.7431	-0.1749	-0.6697
278.0	5.956632	-1.849185	7.421265	0.1832595714594046	-0.0715584993317675	-0.19024088846738194	-0.7436	-0.1768	-0.671
279.0	5.926221	-1.8285840000000002	7.40655	0.21991148575128552	-0.061086523819801536	-0.21118483949131386	-0.7444	-0.1787	-0.6718
280.0	5.887962	-1.830546	7.3947780000000005	0.3455751918948773	-0.09075712110370514	-0.24958208303518914	-0.7451	-0.1805	-0.6734
281.0	5.859513000000001	-1.835451	7.3918349999999995	0.38746309394274114	-0.07504915783575616	-0.2827433388230814	-0.7459	-0.1826	-0.6751
282.0	5.900715000000001	-1.837413	7.411455	0.4485496177625427	-0.05759586531581287	-0.2844886680750757	-0.7467	-0.1853	-0.6755
283.0	5.949765000000001	-1.8011160000000002	7.436961	0.43982297150257105	-0.003490658503988659	-0.2565634000431664	-0.7475	-0.1886	-0.6755
284.0	5.980176000000001	-1.788363	7.452657000000001	0.45553093477052004	0.006981317007977318	-0.22514747350726852	-0.748	-0.1922	-0.677
285.0	5.994891	-1.7922870000000002	7.459524	0.47647488579445196	0.03316125578789226	-0.22514747350726852	-0.7483	-0.1956	-0.6755
286.0	6.01353	-1.802097	7.4683530000000005	0.5061454830783556	0.06283185307179587	-0.21991148575128552	-0.7486	-0.1995	-0.6755
287.0	6.044922	-1.7814960000000002	7.483068	0.4782202150464463	0.12042771838760874	-0.19896753472735357	-0.7483	-0.2042	-0.6754
288.0	6.081219	-1.7451990000000002	7.4909159999999995	0.47647488579445196	0.1466076571675237	-0.18675022996339324	-0.7483	-0.2087	-0.6741
289.0	6.127326000000001	-1.684377	7.531137000000001	0.41015237421866746	0.17976891295541594	-0.1361356816555577	-0.7475	-0.2134	-0.673
290.0	6.193053	-1.5941250000000002	7.567434	0.41015237421866746	0.17976891295541594	-0.1361356816555577	-0.7469	-0.2175	-0.671
291.0	6.243084	-1.50093	7.598826	0.41015237421866746	0.17976891295541594	-0.1361356816555577	-0.746	-0.2215	-0.6695
292.0	6.203844	-1.374381	7.621389000000001	0.13788101090755203	0.041887902047863905	0.0	-0.7453	-0.2255	-0.6675
293.0	6.168528	-1.2851100000000002	7.6439520000000005	0.017453292519943295	-0.019198621771937627	0.05759586531581287	-0.7442	-0.2291	-0.6664
294.0	6.14106	-1.201725	7.6743630000000005	-0.03665191429188092	-0.05759586531581287	0.08726646259971647	-0.744	-0.232	-0.6633
295.0	6.113592	-1.126188	7.715565	-0.07853981633974483	-0.15009831567151233	0.09075712110370514	-0.7434	-0.2349	-0.6637
296.0	6.0880860000000006	-1.080081	7.763634000000001	-0.1413716694115407	-0.22514747350726852	0.07504915783575616	-0.7432	-0.2363	-0.6622
297.0	6.064542	-1.06929	7.805817	-0.15184364492350666	-0.3089232776029963	0.03316125578789226	-0.7434	-0.2371	-0.6607
298.0	6.037074	-1.06929	7.853886	-0.17453292519943295	-0.4014257279586958	-0.0017453292519943296	-0.7438	-0.2373	-0.6601
299.0	6.007644000000001	-1.105587	7.887240000000001	-0.21118483949131386	-0.5445427266222308	-0.008726646259971648	-0.7448	-0.2372	-0.6587
300.0	5.966442	-1.1477700000000002	7.945119	-0.2181661564992912	-0.7155849933176751	-0.054105206811824215	-0.7463	-0.2373	-0.6566
301.0	5.921316000000001	-1.183086	8.035371000000001	-0.21991148575128552	-0.8342673824532895	-0.07504915783575616	-0.748	-0.2372	-0.6542
302.0	5.886981	-1.2998250000000002	8.136414	-0.26354471705114374	-1.0943214410004447	-0.12391837689159739	-0.7511	-0.2364	-0.6504
303.0	5.828121	-1.312578	8.293374	-0.3700098014227979	-1.4398966328953218	-0.14486232791552936	-0.7544	-0.2357	-0.646
304.0	5.824197000000001	-1.4646329999999999	8.45622	-0.26878070480712674	-1.7976891295541595	-0.23736477827122882	-0.758	-0.2346	-0.6401
305.0	5.816349	-1.503873	8.639667000000001	-0.30543261909900765	-2.220058808536787	-0.2617993877991494	-0.7635	-0.2341	-0.6325
306.0	5.834007000000001	-1.478367	8.829	-0.3892084231947355	-2.7017696820872223	-0.22863813201125716	-0.7698	-0.2339	-0.623
307.0	5.811444000000001	-1.4822910000000002	9.065421	-0.36302848441482055	-3.2934362985132997	-0.2792526803190927	-0.7771	-0.2339	-0.6113
308.0	5.765337000000001	-1.5460559999999999	9.330291	-0.42062434973063345	-3.4941491624926475	-0.3159045946109737	-0.7861	-0.2342	-0.597
309.0	5.617206	-1.6598519999999999	9.604971	-0.46600291028248597	-4.017747938090946	-0.4537856055185257	-0.7965	-0.2349	-0.5793
310.0	5.473980000000001	-1.852128	9.847278000000001	-0.4904375198104066	-4.67224640758882	-0.7033676885537148	-0.8081	-0.236	-0.5585
311.0	5.202243	-2.2445280000000003	10.075851	-0.47647488579445196	-5.482079180514189	-1.1152653920243765	-0.8214	-0.2381	-0.5333
312.0	4.9717080000000005	-2.690883	10.194552	-0.25132741228718347	-6.7491882174620725	-1.7139133254584316	-0.8353	-0.242	-0.5013
313.0	4.944240000000001	-3.0440430000000003	9.990504	0.09948376736367678	-8.302531251737026	-2.5132741228718345	-0.8501	-0.2478	-0.4617
314.0	5.1600600000000005	-3.10977	9.695223	0.24434609527920614	-9.13854396344231	-2.9164451800825244	-0.8649	-0.2572	-0.4128
315.0	6.249951	-3.1970790000000004	9.814905	0.5270894341022875	-10.445795573186063	-3.5657076618244155	-0.8781	-0.2694	-0.354
316.0	8.312013	-3.801375	10.47708	0.1710422666954443	-10.075785771763263	-3.366740127097062	-0.8895	-0.2853	-0.2876
317.0	9.55494	-4.386051	10.407429	0.5270894341022875	-8.30427658098902	-3.244567079457459	-0.8976	-0.304	-0.2167
318.0	11.018592	-4.7912040000000005	9.939492000000001	1.3159782560037245	-7.770205829878755	-3.7315139407638767	-0.9012	-0.326	-0.1427
319.0	13.204260000000001	-4.956993	9.502947	1.8605209826259552	-6.899286533133585	-3.783873818323707	-0.9005	-0.3508	-0.0672
320.0	15.307524	-5.559327	9.906138	1.5638150097869192	-4.831071369520305	-2.7768188399229783	-0.8946	-0.3777	0.0087
321.0	16.406244	-5.991948000000001	10.804734	1.3910274138394807	-3.544763710800483	-2.150245638457014	-0.8851	-0.4061	0.0828
322.0	16.229664000000003	-6.510897	12.281139000000001	1.3002702927357754	-0.7243116395776468	-0.8185594191853406	-0.873	-0.4335	0.1509
323.0	15.598881000000002	-6.934689	13.709475000000001	1.281071670963838	1.8395770316020235	0.4241150082346221	-0.8608	-0.4585	0.2099
324.0	14.623766999999999	-7.2319320000000005	15.001452	1.0210176124166828	3.115412714809878	1.02799892942466	-0.8492	-0.4799	0.2569
325.0	12.783411	-7.6056930000000005	15.851979	1.0210176124166828	3.115412714809878	1.02799892942466	-0.8379	-0.4978	0.2923
326.0	9.606933	-7.075953000000001	15.572394	-0.31066860685499065	3.600614246864302	1.8029251173101424	-0.8318	-0.5101	0.3123
327.0	7.277058	-6.518745	15.977547000000001	-0.31066860685499065	3.600614246864302	1.8029251173101424	-0.8277	-0.5194	0.3254
328.0	5.342526	-6.027264	16.655418	-0.8011061266653973	4.077089132658754	1.7383479349863522	-0.8313	-0.5236	0.3291
329.0	2.9017980000000003	-5.743755	17.265600000000003	-0.8517206749732328	4.598942579005058	1.6057029118347832	-0.8412	-0.5233	0.3253
330.0	0.668061	-4.911867000000001	17.02035	-0.8063421144213803	5.0649454892875445	1.5166911199830724	-0.8567	-0.5193	0.3138
331.0	-0.32373	-4.016214	16.232607	-0.7504915783575618	5.4436819369703136	1.4957471689591404	-0.8769	-0.5118	0.2953
332.0	0.025506	-2.9361330000000003	14.923953000000001	-0.6265732014659643	5.852088981936987	1.5585790220309363	-0.9003	-0.502	0.2686
333.0	0.729864	-2.1719340000000003	13.916466000000002	-0.46949356878647464	6.2098814785958245	1.663298777150596	-0.9248	-0.4909	0.2349
334.0	1.4979870000000002	-1.652004	13.133628	-0.46949356878647464	6.2098814785958245	1.663298777150596	-0.9476	-0.4802	0.2023
335.0	2.397564	-1.198782	12.356676000000002	-0.07853981633974483	6.618288523562497	1.806415775814131	-0.9737	-0.4652	0.1539
336.0	3.7454579999999997	-1.1801430000000002	12.209526	0.18151424220741028	6.750933546714067	1.8849555921538759	-0.9956	-0.4501	0.1031
337.0	5.216958000000001	-1.1889720000000001	12.125160000000001	0.32986722862692824	6.855653301833726	1.9844393595175527	-1.0176	-0.4323	0.0451
338.0	6.098877000000001	-1.259604	12.135951000000002	0.32986722862692824	6.855653301833726	1.9844393595175527	-1.0345	-0.4163	-0.0096
339.0	7.1613	-1.407735	12.393954	0.4415683007545654	6.813765399785862	2.197369528260861	-1.0457	-0.3964	-0.0764
340.0	8.303184000000002	-1.6314030000000002	12.758886	0.4276056667386107	6.787585461005947	2.272418686096617	-1.0527	-0.3749	-0.1447
341.0	9.498042	-1.9884870000000001	13.153248000000001	0.33335788713091696	6.707300315414209	2.4347343065320897	-1.0538	-0.3514	-0.217
342.0	10.745874	-2.49174	13.455396	0.3193952531149623	6.3617251235193315	2.5795966344476193	-1.0493	-0.3273	-0.2883
343.0	12.14478	-3.1647060000000002	13.622166000000002	0.4118977034706618	5.810201079889123	2.6179938779914944	-1.0394	-0.3022	-0.3565
344.0	14.039091	-3.906342	13.642767000000001	0.45553093477052004	5.431464632206353	2.522000769131806	-1.0253	-0.2749	-0.4297
345.0	16.211025000000003	-4.467474	13.420080000000002	0.21991148575128552	5.537929716578008	2.522000769131806	-1.0044	-0.2499	-0.49
346.0	18.275049	-4.7990520000000005	12.814803000000001	-0.1780235837034216	5.761331860833282	2.611012560983517	-0.9792	-0.2252	-0.548
347.0	19.976103000000002	-4.998195	11.794563	-0.33335788713091696	5.728170605045389	2.6720990848033184	-0.9506	-0.2009	-0.6014
348.0	21.538836000000003	-5.237559000000001	10.454517000000001	-0.26005405854715513	5.344198169606637	2.66860842629933	-0.9176	-0.1747	-0.6582
349.0	22.777839	-5.449455	8.542548	0.4066617157146788	4.661774432076855	2.5569073541716927	-0.883	-0.1519	-0.7048
350.0	23.834376000000002	-5.415120000000001	6.122421	1.1082840750163994	3.8851029149393774	2.3230332344044524	-0.8463	-0.1308	-0.7491
351.0	24.766326	-4.840254000000001	3.3324570000000002	1.0088003076527223	3.1014500807939234	2.038544566329377	-0.8096	-0.1122	-0.7874
352.0	25.541316000000002	-4.127067	0.664137	1.0088003076527223	3.1014500807939234	2.038544566329377	-0.7762	-0.0959	-0.8204
353.0	26.085771	-3.21768	-1.8570330000000002	1.0088003076527223	3.1014500807939234	2.038544566329377	-0.746	-0.0824	-0.849
354.0	25.999443000000003	-1.963962	-4.435101	-1.0192722831646885	1.08035880698449	0.6265732014659643	-0.7137	-0.0689	-0.8759
355.0	25.436349000000003	-1.054575	-6.585453	-0.9180431865490174	0.26878070480712674	-0.27576202181510406	-0.6848	-0.0555	-0.9018
356.0	24.751611	-0.544455	-8.146224	-0.4014257279586958	-0.4468042885105484	-1.106538745764405	-0.6593	-0.0442	-0.9202
357.0	23.829471	-0.688662	-8.874126	0.8639379797371931	-1.1397000015522971	-1.726130630222392	-0.6379	-0.035	-0.9379
358.0	22.287339000000003	-0.9790380000000001	-8.696565	2.858849314766712	-2.5324727446437723	-1.900663555421825	-0.6225	-0.0297	-0.9514
359.0	19.110861	-0.214839	-6.610959000000001	1.9669860669976094	-3.113667385557884	-1.239183768915974	-0.6131	-0.0296	-0.9547
360.0	15.678342	0.32569200000000004	-3.9092850000000006	1.117010721276371	-3.42259066316088	-0.5148721293383273	-0.6103	-0.0326	-0.9579
361.0	12.777525	0.443412	-2.458386	0.1117010721276371	-5.003858965467742	0.43458698374658805	-0.6177	-0.0361	-0.9492
362.0	11.373714	0.729864	-0.672966	-0.3141592653589793	-5.827654372409066	0.7592182246175333	-0.6298	-0.0383	-0.9364
363.0	10.89891	1.523493	1.80504	-0.8726646259971648	-4.935791124639964	0.4677482395344803	-0.645	-0.04	-0.9211
364.0	10.558503000000002	2.039499	4.4861130000000005	-0.8726646259971648	-4.935791124639964	0.4677482395344803	-0.6666	-0.0438	-0.9025
365.0	10.285785	2.788983	6.975891	-0.8726646259971648	-4.935791124639964	0.4677482395344803	-0.6883	-0.0493	-0.8819
366.0	9.303804000000001	2.319084	8.939853000000001	-1.5236724369910497	-3.347541505325124	-0.2059488517353309	-0.718	-0.0519	-0.8541
367.0	8.422866	2.1974400000000003	10.265184	-1.2514010736799344	-3.183480555637657	0.0	-0.7483	-0.0544	-0.8213
368.0	8.805456	1.9257030000000002	11.457099	0.11344640137963143	-2.7279496208671374	-0.291469985083053	-0.7791	-0.0552	-0.7875
369.0	11.557161	1.06929	10.727235	0.3543018381548489	-1.2356931104119853	-0.46600291028248597	-0.8081	-0.0531	-0.7585
370.0	13.525047	0.46891800000000006	9.579465	0.4014257279586958	-0.8779006137531478	-0.3892084231947355	-0.8354	-0.0494	-0.7267
371.0	14.733639	-0.046107	10.145502	0.3420845333908886	-0.6230825429619757	-0.2932153143350474	-0.8552	-0.0463	-0.704
372.0	14.478579	-0.5405310000000001	10.363284	0.15533430342749532	-0.38571776469074687	-0.1064650843716541	-0.8709	-0.0445	-0.6847
373.0	13.145400000000002	-1.7255790000000002	9.871803	0.1291543646475804	-0.34033920413889424	-0.05759586531581287	-0.8837	-0.0435	-0.6677
374.0	11.768076	-2.928285	9.370512000000002	0.12391837689159739	-0.26005405854715513	-0.024434609527920613	-0.8966	-0.0426	-0.6508
375.0	10.356417000000002	-4.13001	8.853525	0.09948376736367678	-0.17453292519943295	-0.008726646259971648	-0.9096	-0.0421	-0.6336
376.0	9.732501000000001	-3.9887460000000003	8.580807	0.18151424220741028	-0.13788101090755203	-0.07330382858376185	-0.9155	-0.0443	-0.6254
377.0	9.490194	-3.6189090000000004	8.470935	0.21642082724729686	-0.08726646259971647	-0.11344640137963143	-0.9197	-0.0469	-0.62
378.0	8.767197000000001	-2.8360710000000005	7.919613000000001	0.1954768762233649	-0.06981317007977318	-0.12042771838760874	-0.9224	-0.0494	-0.6165
379.0	7.327089000000001	-2.4122790000000003	7.739109000000001	0.15533430342749532	-0.05759586531581287	-0.09599310885968812	-0.9242	-0.0519	-0.614
380.0	6.913107	-2.202345	7.787178	0.12391837689159739	-0.054105206811824215	-0.0890117918517108	-0.9252	-0.0536	-0.612
381.0	6.693363000000001	-2.100321	7.741071000000001	0.059341194567807204	-0.054105206811824215	-0.05061454830783556	-0.9265	-0.0555	-0.6101
382.0	6.42555	-2.2150980000000002	7.703793	0.06981317007977318	-0.061086523819801536	-0.038397243543875255	-0.9275	-0.0568	-0.6092
383.0	6.302925	-2.1670290000000003	7.672401000000001	0.061086523819801536	-0.05585053606381855	-0.03316125578789226	-0.9287	-0.058	-0.6083
384.0	6.215616000000001	-2.107188	7.640028000000001	0.09599310885968812	-0.027925268031909273	-0.031415926535897934	-0.9291	-0.0597	-0.6075
385.0	6.154794	-2.078739	7.618446	0.16580627893946132	0.003490658503988659	-0.08203047484373349	-0.9294	-0.0608	-0.607
386.0	6.129288000000001	-1.978677	7.61256	0.21991148575128552	0.015707963267948967	-0.11519173063162574	-0.9292	-0.0621	-0.606
387.0	6.142041	-1.917855	7.620408000000001	0.2844886680750757	0.04537856055185257	-0.15184364492350666	-0.9291	-0.0639	-0.6035
388.0	6.0625800000000005	-1.918836	7.593921000000001	0.3839724354387525	0.08377580409572781	-0.19722220547535926	-0.9297	-0.0658	-0.6
389.0	6.035112	-1.95219	7.560567000000001	0.4293509959906051	0.09773843811168245	-0.2129301687433082	-0.9299	-0.0677	-0.5955
390.0	6.0164729999999995	-2.0296890000000003	7.547814	0.49741883681838395	0.12217304763960307	-0.24085543677521748	-0.9306	-0.0703	-0.5902
391.0	5.971347000000001	-2.057157	7.523289000000001	0.5026548245743669	0.13264502315156904	-0.26878070480712674	-0.9309	-0.0725	-0.5857
392.0	5.957612999999999	-2.0463660000000004	7.516422	0.4991641660703783	0.15009831567151233	-0.27576202181510406	-0.9309	-0.0761	-0.5825
393.0	5.928183	-1.997316	7.513479	0.5078908123303499	0.158824961931484	-0.28623399732707	-0.9299	-0.0798	-0.5814
394.0	5.921316000000001	-1.892349	7.523289000000001	0.4869468613064179	0.16231562043547265	-0.28099800957108706	-0.9296	-0.0838	-0.5819
395.0	5.937012	-1.721655	7.549776	0.42062434973063345	0.15358897417550102	-0.24434609527920614	-0.9295	-0.088	-0.5835
396.0	5.94486	-1.560771	7.587054	0.3141592653589793	0.15707963267948966	-0.19024088846738194	-0.9297	-0.0929	-0.5859
397.0	5.911506	-1.406754	7.615503	0.2426007660272118	0.12042771838760874	-0.1291543646475804	-0.9298	-0.0976	-0.5903
398.0	5.940936000000001	-1.278243	7.6694580000000006	0.14835298641951802	0.1064650843716541	-0.09250245035569947	-0.9283	-0.1021	-0.5957
399.0	5.918373	-1.1781810000000001	7.7126220000000005	0.10821041362364843	0.09948376736367678	-0.07853981633974483	-0.9278	-0.1064	-0.6021
400.0	5.887962	-1.0575180000000002	7.733223000000001	0.07679448708775051	0.03665191429188092	-0.061086523819801536	-0.9267	-0.1102	-0.6094
401.0	5.888942999999999	-0.9702090000000001	7.7685390000000005	0.017453292519943295	0.027925268031909273	-0.03665191429188092	-0.9258	-0.1139	-0.6156
401.99999999999994	5.860494000000001	-0.893691	7.775406	-0.04537856055185257	-0.006981317007977318	0.017453292519943295	-0.9253	-0.1165	-0.6184
403.0	5.857551	-0.8672040000000001	7.7989500000000005	-0.06981317007977318	-0.03665191429188092	0.015707963267948967	-0.925	-0.1191	-0.6183
404.0	5.834988	-0.917235	7.8117030000000005	-0.0645771823237902	-0.0471238898038469	0.003490658503988659	-0.9248	-0.1206	-0.6146
405.0	5.802615	-1.0192590000000001	7.817589000000001	-0.029670597283903602	-0.05759586531581287	-0.038397243543875255	-0.925	-0.1217	-0.6095
405.99999999999994	5.781033000000001	-1.116378	7.826418	-0.03490658503988659	-0.0715584993317675	-0.05759586531581287	-0.9248	-0.1221	-0.6048
407.0	5.769261	-1.166409	7.8293610000000005	-0.0	-0.12042771838760874	-0.09250245035569947	-0.9249	-0.1227	-0.6012
408.0	5.74866	-1.168371	7.8421140000000005	-0.059341194567807204	-0.17278759594743864	-0.05759586531581287	-0.9255	-0.1227	-0.599
409.0	5.743755	-1.1565990000000002	7.863696	-0.1291543646475804	-0.2775073510670984	-0.04537856055185257	-0.9262	-0.1228	-0.5985
409.99999999999994	5.730021	-1.1634660000000001	7.892145	-0.19373154697137057	-0.3543018381548489	-0.027925268031909273	-0.9276	-0.1228	-0.5984
411.00000000000006	5.7143250000000005	-1.205649	7.924518	-0.21118483949131386	-0.4537856055185257	-0.05061454830783556	-0.929	-0.1227	-0.5981
412.0	5.710401	-1.246851	7.991226	-0.22863813201125716	-0.5201081170943103	-0.06632251157578452	-0.9309	-0.1229	-0.5998
413.0	5.691762000000001	-1.2556800000000001	8.072649	-0.29670597283903605	-0.6702064327658225	-0.06632251157578452	-0.9331	-0.1227	-0.6025
413.99999999999994	5.695686	-1.258623	8.170749	-0.32114058236695664	-0.895353906273091	-0.09599310885968812	-0.9356	-0.123	-0.6044
415.00000000000006	5.6809709999999995	-1.182105	8.301222	-0.36302848441482055	-1.1431906600562858	-0.10122909661567112	-0.9382	-0.1233	-0.6062
416.0	5.628978	-1.0810620000000002	8.48565	-0.5515240436302081	-1.5236724369910497	-0.06632251157578452	-0.9411	-0.1235	-0.6052
417.0	5.629959	-1.146789	8.643591	-0.4869468613064179	-1.9547687622336491	-0.1291543646475804	-0.9452	-0.1232	-0.6031
418.0	5.657427	-1.2105540000000001	8.811342	-0.47123889803846897	-2.345722514680379	-0.17453292519943295	-0.9494	-0.1231	-0.5983
419.00000000000006	5.657427	-1.225269	8.988903	-0.5358160803622591	-2.560398012675681	-0.15533430342749532	-0.9544	-0.1226	-0.5885
420.0	5.667237	-1.266471	9.195894000000001	-0.5899212871740833	-3.0264009229581674	-0.11519173063162574	-0.9601	-0.1219	-0.5743
421.0	5.63094	-1.310616	9.402885000000001	-0.619591884457987	-3.5238197597765515	-0.10297442586766545	-0.9672	-0.1213	-0.5593
422.0	5.557365	-1.389096	9.615762	-0.7120943348136864	-4.038691889114879	-0.1832595714594046	-0.9747	-0.1203	-0.5382
423.00000000000006	5.430816	-1.521531	9.847278000000001	-0.7120943348136864	-4.612905213021013	-0.3612831551628262	-0.9837	-0.1196	-0.5132
424.0	5.167908000000001	-1.7255790000000002	10.118034000000002	-0.6544984694978736	-5.4436819369703136	-0.6387905062299246	-0.9934	-0.119	-0.4852
425.0	4.919715	-1.993392	10.352492999999999	-0.6544984694978736	-5.4436819369703136	-0.6387905062299246	-1.0027	-0.1188	-0.4577
426.0	4.6666170000000005	-2.709522	10.390751999999999	-0.2617993877991494	-7.2623150175484055	-1.567305668290908	-1.0136	-0.1206	-0.4191
426.99999999999994	4.6234530000000005	-2.9714490000000002	10.03563	0.11693705988362008	-9.161233243718236	-2.626720524251466	-1.0241	-0.1243	-0.3716
428.0	4.8598740000000005	-2.939076	9.283203	0.26005405854715513	-11.41619863729491	-3.686135380212024	-1.0333	-0.1319	-0.314
429.0	6.14106	-2.770344	8.983017	-0.1291543646475804	-12.404054993923701	-4.061381169390804	-1.0397	-0.1435	-0.247
430.0	8.775045	-3.203946	9.654021	-0.5323254218582705	-10.26777198948264	-3.431317309420852	-1.041	-0.1596	-0.1732
430.99999999999994	10.626192	-4.141782	10.12392	0.7051130178057091	-8.628907821859965	-3.7576938795437917	-1.0367	-0.1796	-0.0896
432.0	12.02706	-4.675446000000001	10.021896000000002	1.0332349171806432	-8.189084850357395	-3.740240587023848	-1.026	-0.2035	-0.0023
433.0	13.524066000000001	-4.886361	9.443106	0.9546951008408983	-7.806857744170636	-3.570943649580398	-1.008	-0.2301	0.0869
434.0	15.334011	-5.1571169999999995	9.183141	0.20769418098732523	-7.208209810736581	-2.855358656262723	-0.9825	-0.2591	0.1751
434.99999999999994	17.024274000000002	-5.604453	9.376398	-0.4869468613064179	-5.960299395560636	-2.097885760897184	-0.9461	-0.2902	0.2735
436.00000000000006	18.174006000000002	-5.747679	10.429011	-0.7208209810736581	-2.4888395133439136	-0.8377580409572782	-0.9056	-0.3226	0.3605
437.0	18.905832	-6.340203	12.37041	-0.2827433388230814	1.111774733520388	-0.05585053606381855	-0.8646	-0.3536	0.4358
438.0	19.60038	-7.685154	14.699304	0.10297442586766545	2.6302111827554544	0.7871434926494426	-0.8269	-0.3805	0.497
438.99999999999994	18.141633	-8.958492000000001	16.025616	0.40491638646268446	4.513421445657337	1.0629055144645467	-0.7931	-0.4027	0.5414
440.00000000000006	14.82291	-9.012447	15.813720000000002	0.4380776422505767	4.9549897464119015	1.2060225131280815	-0.7667	-0.4198	0.5715
441.0	12.208545	-8.243343000000001	15.427206	-0.16580627893946132	4.928809807631986	1.53588974175501	-0.7476	-0.4321	0.5856
442.0	10.170027	-7.719489000000001	15.359517000000002	-0.8290313946973066	4.857251308300219	1.70518667919846	-0.7358	-0.4405	0.5857
443.0	8.255115	-7.566453	15.648912000000001	-1.1501719770642633	4.911356515112043	1.6091935703387719	-0.7318	-0.4458	0.5751
444.00000000000006	6.381405	-7.344747000000001	15.572394	-1.2304571226560024	5.288347633542818	1.4660765716752369	-0.7365	-0.4483	0.5552
445.0	4.817691	-6.958233000000001	15.076989	-1.18507856210415	5.5274577410660415	1.4049900478554354	-0.7537	-0.4491	0.5197
446.0	3.8994750000000002	-6.476562	13.863492	-1.0297442586766545	6.058037833672318	1.3945180723434694	-0.775	-0.4466	0.4765
447.0	3.120561	-5.864418000000001	12.181077	-0.778416846389471	6.358234465015343	1.4765485471872026	-0.7981	-0.4442	0.4303
448.00000000000006	2.0856060000000003	-4.834368	10.487871	-0.778416846389471	6.358234465015343	1.4765485471872026	-0.8186	-0.4421	0.3869
449.0	2.269053	-4.0642830000000005	9.321462	-0.19373154697137057	6.6811203766342935	1.837831702350029	-0.8406	-0.4408	0.3357
450.0	3.016575	-3.8298240000000003	8.696565	0.013962634015954637	6.770132168486004	2.080432468377241	-0.8618	-0.4403	0.2824
451.0	3.9828600000000005	-3.836691	8.493498	0.08028514559173916	6.812020070533868	2.3527038316883564	-0.8816	-0.4403	0.2278
451.99999999999994	4.909904999999999	-3.926943	8.597484	0.05759586531581287	6.829473363053812	2.4888395133439136	-0.9018	-0.4398	0.1705
453.0	5.786919	-3.902418	8.890803	-0.0017453292519943296	6.787585461005947	2.7715828521669956	-0.9225	-0.4384	0.1108
454.0	6.581529000000001	-3.842577	9.314595	-0.005235987755982988	6.789330790257942	2.993239667170275	-0.9432	-0.435	0.0476
455.0	7.358481	-3.792546	9.826677	-0.041887902047863905	6.810274741281874	3.0944687637859465	-0.9627	-0.4286	-0.0187
455.99999999999994	8.295336	-3.760173	10.472175	-0.17278759594743864	6.852162643329738	3.1433379828417873	-0.9794	-0.4192	-0.0881
457.0	9.460764000000001	-3.7013130000000003	11.223621	-0.4310963252425994	6.813765399785862	3.1066860685499065	-0.9913	-0.4071	-0.1604
458.0	11.037231	-3.709161	11.974086	-0.5689773361501514	6.785840131753954	3.057816849494065	-1.001	-0.3921	-0.2395
459.0	12.676482	-3.9730500000000006	12.559743000000001	-0.7330382858376184	6.5816366092706176	2.90248254606657	-1.003	-0.3746	-0.3125
459.99999999999994	14.599242	-4.403709	12.952143000000001	-0.7906341511534313	6.148794954776023	2.77332818141899	-1.0002	-0.3541	-0.3852
461.00000000000006	16.840827	-4.83633	13.009041000000002	-0.7190756518216638	5.803219762881146	2.761110876655029	-0.9921	-0.3314	-0.4543
462.0	19.239372000000003	-5.145345	12.621546	-0.7138396640656808	5.759586531581287	3.0106929596902186	-0.9783	-0.3064	-0.5185
463.0	21.510387	-5.346450000000001	11.674881	-0.6632251157578453	5.724679946541401	3.3615041393410787	-0.9587	-0.2788	-0.5781
463.99999999999994	23.400774000000002	-5.391576	10.070946	-0.21467549799530256	5.632177496185701	3.5866516128483474	-0.9336	-0.2493	-0.631
465.00000000000006	24.901704000000002	-5.235596999999999	7.775406	0.031415926535897934	5.040510879759624	3.5796702958403697	-0.9046	-0.2188	-0.6776
466.0	26.226054	-4.513581	4.820634	0.5585053606381855	4.045673206122856	3.3213615665452094	-0.8732	-0.188	-0.7184
467.0	27.451323	-3.253977	1.444032	0.21467549799530256	2.9792770331543204	2.9112091923265417	-0.8423	-0.1561	-0.7537
468.0	28.208655000000004	-2.2396230000000004	-1.771686	-0.45029494701453704	0.7382742735936013	1.785471824790199	-0.8102	-0.1216	-0.7862
469.00000000000006	28.799217000000002	-1.15758	-4.552821000000001	0.4293509959906051	-0.3089232776029963	0.8674286382411819	-0.7819	-0.0882	-0.8141
470.0	28.865925	0.082404	-6.871905000000001	0.8848819307611251	-0.7644542123735163	0.4276056667386107	-0.7563	-0.0576	-0.8358
471.0	28.324413000000003	1.263528	-8.595522	1.4416419621473162	-1.5917402778188285	-0.2879793265790644	-0.7356	-0.0299	-0.8544
472.0	26.51643	1.3714380000000002	-8.855487	1.9617500792416265	-2.0629791758572975	-0.6894050545377601	-0.7198	-0.0066	-0.8698
473.00000000000006	22.521798	1.234098	-6.734565	3.6023595761162963	-2.91469985083053	-1.3840460968315034	-0.7102	0.01	-0.8815
474.0	17.694297000000002	1.701054	-3.274578	3.5203291012725626	-3.5046211380046137	-1.1205013797803596	-0.7062	0.0191	-0.8894
475.0	13.916466000000002	2.8635390000000003	-1.934532	1.7959438003021653	-4.565781323217166	-0.1832595714594046	-0.7091	0.0225	-0.8914
476.0	12.012345	3.1637250000000003	-0.47088	1.043706892692609	-6.4873888296629225	0.12042771838760874	-0.7189	0.0217	-0.8846
476.99999999999994	11.485548000000001	3.375621	2.329875	0.5619960191421741	-6.32507320922745	0.5759586531581288	-0.7352	0.0181	-0.8676
478.0	10.548693	3.661092	5.240502	-0.09075712110370514	-5.229006438975012	0.4380776422505767	-0.7587	0.0097	-0.84
479.0	9.34893	4.065264	7.499745	-0.44331363000655966	-4.700171675620729	-0.5410520681182421	-0.7851	-0.0001	-0.806
480.0	8.158977	3.694446	9.635382	-1.0210176124166828	-4.127703680966589	-0.42062434973063345	-0.8137	-0.0101	-0.7689
480.99999999999994	6.803235000000001	2.788983	11.355075000000001	-1.075122819228507	-3.673918075448064	0.05235987755982989	-0.8433	-0.019	-0.7297
482.0	7.026903000000001	2.091492	12.389049	0.3455751918948773	-3.2794736644973455	-0.2827433388230814	-0.873	-0.026	-0.6897
483.0	10.13373	2.097378	11.064699	0.6754424205218056	-2.356194490192345	-0.5969026041820608	-0.9009	-0.0304	-0.6497
484.0	13.032585000000001	1.702035	8.710299000000001	0.7993607974134029	-1.1100294042683936	-0.6771877497737998	-0.9266	-0.0325	-0.6123
484.99999999999994	14.94063	0.631764	9.160578	0.8133234314293576	-0.8499753457212386	-0.6073745796940266	-0.9498	-0.0335	-0.5776
486.00000000000006	15.040692	-0.000981	9.970884	0.609119908946021	-0.4310963252425994	-0.4485496177625427	-0.969	-0.0344	-0.5477
487.0	13.434795	-1.233117	9.733482	0.47298422729046335	-0.26354471705114374	-0.3036872898470133	-0.9845	-0.0364	-0.5249
488.0	12.295854000000002	-2.2278510000000002	9.227286000000001	0.47298422729046335	-0.26354471705114374	-0.3036872898470133	-0.9964	-0.0392	-0.5088
488.99999999999994	11.376657	-3.2216040000000006	9.097794	0.3769911184307752	-0.10821041362364843	-0.23561944901923448	-1.0058	-0.0429	-0.4948
490.00000000000006	10.573218	-3.471759	8.799570000000001	0.3595378259108319	-0.048869219055841226	-0.23561944901923448	-1.0129	-0.0477	-0.4898
491.0	10.154330999999999	-3.1225230000000006	8.588655	0.3839724354387525	-0.04537856055185257	-0.22863813201125716	-1.0179	-0.0527	-0.4851
492.0	9.226305	-2.052252	7.967682000000001	0.3385938748868999	-0.026179938779914945	-0.1780235837034216	-1.0202	-0.0584	-0.4815
493.0	7.604712	-1.5176070000000002	7.796007	0.2827433388230814	-0.022689280275926284	-0.1308996938995747	-1.0216	-0.0645	-0.4784
494.00000000000006	7.241742	-1.26549	7.847019000000001	0.17278759594743864	-0.010471975511965976	-0.048869219055841226	-1.0225	-0.0693	-0.4762
495.0	7.027884000000001	-1.246851	7.776387	0.10297442586766545	-0.027925268031909273	-0.003490658503988659	-1.0229	-0.0734	-0.4745
496.0	6.702192000000001	-1.3321980000000002	7.735185	0.06981317007977318	-0.015707963267948967	0.024434609527920613	-1.0236	-0.0768	-0.4719
497.0	6.574662000000001	-1.295901	7.724394	0.0017453292519943296	-0.05759586531581287	0.07504915783575616	-1.0238	-0.0795	-0.4699
498.00000000000006	6.440265	-1.2723570000000002	7.710660000000001	-0.08203047484373349	-0.05061454830783556	0.14486232791552936	-1.0239	-0.0821	-0.4682
499.0	6.355899000000001	-1.205649	7.701831	-0.09773843811168245	-0.08726646259971647	0.15533430342749532	-1.0241	-0.0835	-0.4692
500.0	6.3294120000000005	-1.155618	7.689078000000001	-0.11344640137963143	-0.054105206811824215	0.15533430342749532	-1.0245	-0.0838	-0.4651
501.0	6.275457000000001	-1.151694	7.694964000000001	-0.08203047484373349	-0.06806784082777885	0.1466076571675237	-1.0243	-0.0844	-0.4634
501.99999999999994	6.207768000000001	-1.16739	7.696926	-0.09773843811168245	-0.0471238898038469	0.13962634015954636	-1.0256	-0.0847	-0.4625
503.0	6.153813	-1.228212	7.681230000000001	-0.08377580409572781	-0.05759586531581287	0.12391837689159739	-1.0261	-0.0838	-0.4629
504.0	6.114573	-1.342008	7.6439520000000005	-0.08726646259971647	-0.029670597283903602	0.09948376736367678	-1.0271	-0.0831	-0.4605
505.0	6.090048	-1.46169	7.61256	-0.017453292519943295	-0.03665191429188092	0.05759586531581287	-1.0278	-0.082	-0.4598
505.99999999999994	6.0625800000000005	-1.5794100000000002	7.582149	0.059341194567807204	0.006981317007977318	-0.026179938779914945	-1.0282	-0.0804	-0.4615
507.0	6.037074	-1.6755480000000003	7.554681	0.13788101090755203	0.03665191429188092	-0.07853981633974483	-1.0287	-0.0789	-0.4602
508.0	6.026283	-1.750104	7.513479	0.21642082724729686	0.054105206811824215	-0.13264502315156904	-1.0289	-0.0779	-0.4599
509.0	6.025302	-1.802097	7.482087000000001	0.2565634000431664	0.06981317007977318	-0.17453292519943295	-1.0283	-0.0774	-0.4598
509.99999999999994	6.01353	-1.820736	7.477182	0.312413936106985	0.10122909661567112	-0.24609142453120045	-1.0278	-0.0783	-0.4609
511.00000000000006	6.012549	-1.832508	7.480125	0.3385938748868999	0.09075712110370514	-0.2792526803190927	-1.0277	-0.0799	-0.4617
512.0	6.018435000000001	-1.81485	7.479144	0.32288591161895097	0.1117010721276371	-0.30019663134302466	-1.0265	-0.0816	-0.4614
513.0	6.027264	-1.79523	7.474239000000001	0.32288591161895097	0.1117010721276371	-0.30019663134302466	-1.0261	-0.0838	-0.4603
514.0	6.032169000000001	-1.748142	7.48503	0.32288591161895097	0.1117010721276371	-0.30019663134302466	-1.0253	-0.0859	-0.4609
515.0	6.03315	-1.666719	7.495821	0.32288591161895097	0.1117010721276371	-0.30019663134302466	-1.0246	-0.088	-0.4601
516.0	6.022359000000001	-1.528398	7.5321180000000005	0.0645771823237902	0.013962634015954637	-0.15009831567151233	-1.0242	-0.0916	-0.4586
517.0	6.01353	-1.4253930000000001	7.5595859999999995	-0.0	-0.022689280275926284	-0.11519173063162574	-1.0233	-0.095	-0.4591
518.0	5.982138	-1.3390650000000002	7.606674	-0.027925268031909273	-0.09773843811168245	-0.09599310885968812	-1.0232	-0.0981	-0.4585
519.0	5.9811570000000005	-1.256661	7.659648000000001	-0.061086523819801536	-0.1413716694115407	-0.08203047484373349	-1.0239	-0.1014	-0.4577
520.0	5.957612999999999	-1.174257	7.703793	-0.10471975511965978	-0.2129301687433082	-0.06981317007977318	-1.0241	-0.1035	-0.4552
521.0	5.929164000000001	-1.101663	7.7479379999999995	-0.18675022996339324	-0.30543261909900765	-0.03490658503988659	-1.0243	-0.105	-0.4533
522.0	5.8948290000000005	-1.061442	7.793064	-0.18675022996339324	-0.30543261909900765	-0.03490658503988659	-1.0249	-0.1064	-0.4526
523.0	5.859513000000001	-1.050651	7.851924	-0.26005405854715513	-0.4886921905584123	-0.020943951023931952	-1.0258	-0.1078	-0.4507
524.0	5.834988	-1.050651	7.926480000000001	-0.3036872898470133	-0.6667157742618339	-0.03316125578789226	-1.0269	-0.1091	-0.4478
525.0	5.811444000000001	-1.026126	8.017713	-0.3787364476827695	-0.8621926504851988	-0.024434609527920613	-1.0284	-0.1099	-0.4443
526.0	5.792805	-1.062423	8.104041	-0.43982297150257105	-1.1135200627723822	-0.03316125578789226	-1.0301	-0.1098	-0.4393
527.0	5.757489	-1.002582	8.23059	-0.6335545184739416	-1.4556045961632709	0.0	-1.0328	-0.1096	-0.4332
528.0	5.733945	-0.977076	8.389512	-0.6876597252857658	-1.9093902016817965	0.0017453292519943296	-1.0353	-0.1092	-0.4249
529.0	5.681952000000001	-0.942741	8.541567	-0.6876597252857658	-1.9093902016817965	0.0017453292519943296	-1.0374	-0.1084	-0.4168
530.0	5.688819	-1.027107	8.735805	-0.7330382858376184	-2.6232298657474775	-0.07504915783575616	-1.041	-0.1072	-0.4036
531.0	5.688819	-1.083024	8.954568	-0.8569566627292158	-3.1433379828417873	-0.07853981633974483	-1.0454	-0.1057	-0.3872
532.0	5.679009	-1.173276	9.224343000000001	-0.8970992355250854	-3.7245326237558993	-0.09948376736367678	-1.05	-0.1045	-0.3663
533.0	5.57208	-1.201725	9.501966000000001	-1.0402162341886205	-4.297000618410039	-0.16057029118347832	-1.0556	-0.1028	-0.3419
534.0	5.37588	-1.328274	9.804114	-1.117010721276371	-4.989896331451788	-0.35779249665883756	-1.0607	-0.1016	-0.3127
535.0	5.025663	-1.624536	10.067022	-1.1746065865921838	-5.386086071654502	-0.6614797865058508	-1.0663	-0.1012	-0.2776
536.0	4.6872180000000006	-2.061081	10.17297	-1.2112585008840648	-6.635741816082441	-0.921533845053006	-1.0712	-0.1017	-0.2346
537.0	4.591080000000001	-2.4515190000000002	9.827658000000001	-1.3543754995475996	-8.360127117052839	-1.6964600329384885	-1.0748	-0.1039	-0.1821
538.0	4.750983000000001	-2.728161	9.064440000000001	-1.5847589608108512	-10.88038255693265	-2.570869988187648	-1.0757	-0.1095	-0.1183
539.0	5.928183	-2.561391	8.528814	-1.7121679962064371	-13.384930033544514	-3.2655110304813904	-1.072	-0.1185	-0.0396
540.0	8.557263	-3.0930930000000005	9.308709	-2.6127578902355113	-12.852604611686242	-2.8832839242946324	-1.0603	-0.1322	0.0461
541.0	10.824354	-4.224186	9.867879	-1.4486232791552935	-10.189232173142894	-3.209660494417572	-1.0417	-0.1499	0.1379
542.0	12.74319	-4.891266	10.247526	-0.6265732014659643	-9.293878266869806	-3.4243359924128742	-1.0158	-0.171	0.2314
543.0	14.759145	-5.5916999999999994	10.606572	-0.6265732014659643	-9.293878266869806	-3.4243359924128742	-0.9885	-0.1925	0.3203
544.0	16.45137	-6.007644000000001	10.844955	-0.24958208303518914	-7.862708280234455	-3.0421088862261167	-0.9476	-0.2181	0.4126
545.0	18.296631	-6.279381000000001	11.10492	-0.24958208303518914	-7.862708280234455	-3.0421088862261167	-0.9057	-0.2434	0.4984
546.0	19.316871000000003	-6.369633	12.614679	-1.2845623294678266	-3.883357585687383	-1.4189526818713898	-0.8534	-0.2716	0.5823
547.0	20.427363	-6.528555	14.67576	-1.6249015336067207	0.1117010721276371	-0.7958701389094143	-0.8004	-0.2998	0.6559
548.0	21.135645	-7.654743000000001	17.222436000000002	-1.1344640137963142	3.5255650890285457	-0.06981317007977318	-0.7516	-0.3263	0.7149
549.0	19.693575	-8.722071	18.930357	-0.8464846872172498	4.53087473817728	0.21642082724729686	-0.7127	-0.3494	0.7561
550.0	16.435674000000002	-8.623971000000001	18.766530000000003	-0.27401669256310973	5.482079180514189	0.21118483949131386	-0.685	-0.3678	0.7808
551.0	13.545648000000002	-7.9617960000000005	18.788112	-0.27401669256310973	5.482079180514189	0.21118483949131386	-0.6634	-0.3825	0.7964
552.0	10.919511	-7.2191790000000005	18.284859	-1.2915436464758039	5.880014249968895	0.8883725892651138	-0.6604	-0.3927	0.7988
553.0	8.433657	-6.520707	17.664867	-2.0001473227855016	5.817182396897101	1.1082840750163994	-0.6625	-0.4027	0.7975
554.0	6.601149000000001	-6.112611	17.114526	-2.413790355508158	5.9655353833166185	1.2304571226560024	-0.6828	-0.408	0.7813
555.0	4.76766	-5.704515000000001	16.564185	-2.413790355508158	5.9655353833166185	1.2304571226560024	-0.7031	-0.4132	0.7651
556.0	3.9897270000000002	-5.4955620000000005	14.934744	-2.2165681500327987	6.452482244623036	1.319468914507713	-0.7426	-0.4132	0.7264
557.0	2.9273040000000004	-5.334677999999999	13.184640000000002	-1.7523105690023069	6.675884388878311	1.494001839707146	-0.7871	-0.4104	0.678
558.0	2.041461	-4.252635000000001	11.34036	-1.213003830136059	6.7404615712021005	1.7139133254584316	-0.832	-0.4043	0.6217
559.0	2.362248	-3.603213	10.111167	-0.7295476273336297	6.777113485493982	1.960004749989632	-0.8737	-0.3962	0.5593
560.0	3.115656	-3.204927	9.433296	-0.4572762640225143	6.763150851478027	2.2252947962927703	-0.9123	-0.3862	0.4928
561.0	3.9887460000000003	-2.739933	8.841753	-0.41713369122664473	6.817256058289852	2.4888395133439136	-0.9525	-0.3735	0.4191
562.0	5.072751	-2.759553	9.023238	-0.4293509959906051	6.855653301833726	2.611012560983517	-0.9821	-0.3594	0.3453
563.0	6.128307	-2.7615149999999997	9.45684	-0.47647488579445196	6.9673543739613635	2.841396022246769	-1.0071	-0.3423	0.2666
564.0	7.108326000000001	-2.715408	10.068003000000001	-0.4520402762665313	7.042403531797119	2.981022362406315	-1.0276	-0.3227	0.1853
565.0	8.301222	-2.7006930000000002	10.847897999999999	-0.40317105721069013	7.154104603924757	3.0159289474462017	-1.0484	-0.3001	0.0976
566.0	9.499023000000001	-2.4760440000000004	11.750418	-0.47298422729046335	7.2640603468004	3.001966313430247	-1.0597	-0.2758	0.0182
567.0	10.896948	-2.21706	12.714741	-0.7627088831215221	7.339109504636156	2.9461157773664284	-1.0658	-0.2498	-0.0606
568.0	12.269366999999999	-1.9796580000000001	13.670235	-0.7627088831215221	7.339109504636156	2.9461157773664284	-1.0698	-0.2256	-0.1305
569.0	13.943934	-1.8383940000000003	14.476617000000001	-1.3962634015954636	7.056366165813075	2.7838001569309556	-1.0659	-0.1976	-0.2085
570.0	15.828435	-1.959057	14.935725	-1.6790067404185451	6.668903071870334	2.644173816771409	-1.0563	-0.1688	-0.287
571.0	18.015084	-2.5005690000000005	15.049521	-1.4695672301792255	6.314601233715485	2.3230332344044524	-1.0407	-0.1393	-0.3645
572.0	20.282175	-3.0057840000000002	14.631615000000002	-0.9669124056048586	6.178465552059927	2.1240656996770992	-1.0194	-0.1101	-0.4413
573.0	22.437432	-3.275559	13.522104	-0.5846852994181004	6.044075199656364	2.331759880664424	-0.9923	-0.0815	-0.5156
574.0	24.418071	-3.3265710000000004	11.639565000000001	-0.19198621771937624	5.551892350593962	2.6546457922833753	-0.9597	-0.0544	-0.5868
575.0	26.003367	-3.052872	8.880993	-0.027925268031909273	5.126032013107346	2.7890361446869387	-0.9208	-0.0283	-0.6559
576.0	27.33066	-2.20725	5.264046	-0.0715584993317675	3.960152072775134	2.939134460358451	-0.8787	-0.0036	-0.7213
577.0	28.428399000000002	-1.404792	1.560771	-0.0715584993317675	3.960152072775134	2.939134460358451	-0.838	0.0181	-0.7779
578.0	29.525157000000004	-0.603315	-2.142504	-0.0715584993317675	3.960152072775134	2.939134460358451	-0.7973	0.0399	-0.8346
579.0	30.238343999999998	0.21778200000000003	-5.651541	1.1030480872604163	-0.5742133239061344	1.2356931104119853	-0.7556	0.0599	-0.8781
580.0	30.765141	1.225269	-8.486631000000001	2.0839231268812295	-1.3945180723434694	0.28623399732707	-0.7178	0.0762	-0.9131
581.0	30.869127000000002	2.587878	-11.063718	2.0839231268812295	-1.3945180723434694	0.28623399732707	-0.6845	0.0892	-0.942
582.0	30.774951000000005	3.888684	-13.225842000000002	2.0839231268812295	-1.3945180723434694	0.28623399732707	-0.6561	0.1001	-0.9644
583.0	30.680775	4.981518	-14.834682	2.0839231268812295	-1.3945180723434694	0.28623399732707	-0.633	0.1084	-0.9807
584.0	30.586599000000003	5.922297	-15.834321000000001	2.0839231268812295	-1.3945180723434694	0.28623399732707	-0.6155	0.1154	-0.9918
585.0	30.673908	6.5707379999999995	-16.128621	2.0839231268812295	-1.3945180723434694	0.28623399732707	-0.604	0.1204	-0.9988
586.0	27.952614000000004	6.564852	-14.805252000000001	1.1903145498601329	-6.974335690969341	-0.5951572749300664	-0.6185	0.1045	-0.9862
587.0	27.594549	7.062219	-12.178134000000002	0.2775073510670984	-5.815437067645106	0.1413716694115407	-0.637	0.0885	-0.9684
588.0	26.691048000000002	7.017093000000001	-8.918271	0.3385938748868999	-5.2586770362589155	-0.41015237421866746	-0.6589	0.0717	-0.9461
589.0	25.394166000000002	7.15149	-6.253875	0.07504915783575616	-4.790928796724435	-1.1030480872604163	-0.6904	0.0497	-0.9157
590.0	23.685264000000004	6.457923	-3.7660590000000003	-0.35255650890285456	-4.328416544945937	-0.5078908123303499	-0.7244	0.0283	-0.8811
591.0	21.742884000000004	5.464170000000001	-1.3488750000000003	-0.3385938748868999	-3.9653880605311165	0.1361356816555577	-0.7606	0.0072	-0.8429
592.0	20.767770000000002	4.122162	1.705959	0.8063421144213803	-2.4713862208239705	-0.7382742735936013	-0.7979	-0.0154	-0.8029
593.0	20.278251	3.1244850000000004	4.207509	0.7487462491055673	-0.8779006137531478	-0.6876597252857658	-0.8356	-0.039	-0.7621
594.0	18.080811	2.203326	6.412796999999999	0.7225663103256524	-0.8569566627292158	-0.5340707511102649	-0.8739	-0.0633	-0.7204
595.0	15.789195	1.741275	8.719128000000001	0.4677482395344803	-0.5061454830783556	-0.3735004599267865	-0.9123	-0.088	-0.6782
596.0	16.332669000000003	0.9329310000000001	10.038573000000001	0.3717551306747922	-0.32637657012293964	-0.22514747350726852	-0.9294	-0.0942	-0.6519
597.0	14.421681	-0.293319	10.063098	0.26354471705114374	-0.19024088846738194	-0.10995574287564276	-0.9427	-0.1006	-0.631
598.0	13.018851	-1.03986	9.441144000000001	0.2530727415391778	-0.1361356816555577	-0.10297442586766545	-0.9521	-0.1062	-0.6143
599.0	11.971143	-2.045385	9.359721	0.2565634000431664	-0.07853981633974483	-0.13962634015954636	-0.9595	-0.1112	-0.6016
600.0	11.191248000000002	-2.221965	9.086022	0.27052603405912107	-0.0890117918517108	-0.1413716694115407	-0.9644	-0.1164	-0.5933
601.0	10.679166	-1.993392	8.881974	0.23911010752322315	-0.08377580409572781	-0.12042771838760874	-0.9672	-0.1218	-0.5883
602.0	9.203742	-1.443051	8.036352	0.1832595714594046	-0.059341194567807204	-0.09599310885968812	-0.9687	-0.126	-0.5849
603.0	7.225065000000001	-1.239003	7.758729000000001	0.1413716694115407	-0.048869219055841226	-0.07330382858376185	-0.9703	-0.1292	-0.5825
604.0	6.937632000000001	-1.0879290000000001	7.783254	0.11693705988362008	-0.05759586531581287	-0.04537856055185257	-0.9707	-0.1322	-0.5808
605.0	6.728679	-1.394982	7.706736	0.05585053606381855	-0.06981317007977318	-0.019198621771937627	-0.9713	-0.1347	-0.58
606.0	6.533460000000001	-1.278243	7.695945	-0.015707963267948967	-0.04014257279586958	0.054105206811824215	-0.9713	-0.1364	-0.5792
607.0	6.426531000000001	-1.246851	7.684173	-0.059341194567807204	-0.048869219055841226	0.12042771838760874	-0.9715	-0.1375	-0.5784
608.0	6.348051000000001	-1.1889720000000001	7.684173	-0.1117010721276371	-0.06981317007977318	0.13439035240356337	-0.9718	-0.1388	-0.5774
609.0	6.313715999999999	-1.076157	7.676325	-0.12042771838760874	-0.0942477796076938	0.16755160819145562	-0.9717	-0.1394	-0.5769
610.0	6.2990010000000005	-1.0143540000000002	7.678287	-0.11693705988362008	-0.09599310885968812	0.16755160819145562	-0.9717	-0.1393	-0.5751
611.0	6.245046000000001	-1.074195	7.672401000000001	-0.11693705988362008	-0.09250245035569947	0.15707963267948966	-0.9717	-0.1393	-0.5716
612.0	6.201882	-1.1458080000000002	7.660629000000001	-0.07504915783575616	-0.09773843811168245	0.11693705988362008	-0.9717	-0.1389	-0.5667
613.0	6.174414	-1.1889720000000001	7.629237	-0.05235987755982989	-0.07853981633974483	0.08028514559173916	-0.9717	-0.1382	-0.5604
614.0	6.154794	-1.261566	7.608636	-0.03665191429188092	-0.06981317007977318	0.054105206811824215	-0.9721	-0.1374	-0.5532
615.0	6.146946000000001	-1.3371030000000002	7.589016	-0.013962634015954637	-0.054105206811824215	0.003490658503988659	-0.973	-0.1364	-0.5473
616.0	6.136155	-1.4656140000000002	7.569396	0.0471238898038469	-0.05759586531581287	-0.07504915783575616	-0.9733	-0.1357	-0.5427
617.0	6.127326000000001	-1.565676	7.53408	0.0890117918517108	-0.03490658503988659	-0.1117010721276371	-0.974	-0.1348	-0.5397
618.0	6.133212	-1.609821	7.504650000000001	0.1291543646475804	-0.031415926535897934	-0.15184364492350666	-0.9747	-0.1341	-0.539
619.0	6.129288000000001	-1.607859	7.497783	0.1361356816555577	0.0	-0.16929693744344995	-0.9753	-0.134	-0.5389
620.0	6.134193	-1.5970680000000002	7.495821	0.15358897417550102	0.0	-0.2007128639793479	-0.9758	-0.1352	-0.54
621.0	6.143022	-1.5450750000000002	7.495821	0.13264502315156904	-0.005235987755982988	-0.21467549799530256	-0.9767	-0.136	-0.5425
622.0	6.138117	-1.445994	7.509555	0.13439035240356337	-0.012217304763960306	-0.20420352248333654	-0.9772	-0.1372	-0.5465
623.0	6.130269	-1.389096	7.527213000000001	0.10122909661567112	-0.005235987755982988	-0.20769418098732523	-0.9775	-0.1391	-0.5521
624.0	6.133212	-1.283148	7.533099000000001	0.07504915783575616	-0.0471238898038469	-0.18675022996339324	-0.9776	-0.1409	-0.5581
625.0	6.1312500000000005	-1.1870100000000001	7.541928	-0.005235987755982988	-0.08028514559173916	-0.14486232791552936	-0.9773	-0.1429	-0.5626
626.0	6.114573	-1.084986	7.568415	-0.020943951023931952	-0.13264502315156904	-0.12391837689159739	-0.9774	-0.1452	-0.5643
627.0	6.095934	-1.02024	7.607655	-0.05585053606381855	-0.1466076571675237	-0.10821041362364843	-0.9774	-0.1476	-0.5632
628.0	6.076314	-0.9849240000000001	7.647876	-0.09599310885968812	-0.21991148575128552	-0.0942477796076938	-0.9773	-0.1497	-0.5581
629.0	6.064542	-0.9623610000000001	7.688097	-0.13962634015954636	-0.28099800957108706	-0.08377580409572781	-0.9778	-0.1515	-0.5514
630.0	6.0468839999999995	-0.9241020000000001	7.728318	-0.17627825445142728	-0.3892084231947355	-0.07504915783575616	-0.9784	-0.1527	-0.5446
631.0	6.040017000000001	-0.908406	7.771482000000001	-0.2530727415391778	-0.5026548245743669	-0.048869219055841226	-0.9791	-0.154	-0.5395
632.0	6.030207000000001	-0.90252	7.8117030000000005	-0.2530727415391778	-0.5026548245743669	-0.048869219055841226	-0.9802	-0.1551	-0.5345
633.0	6.01353	-0.885843	7.892145	-0.40840704496667307	-0.8552113334772214	-0.03665191429188092	-0.9814	-0.1553	-0.5307
634.0	5.97429	-0.8338500000000001	8.022618	-0.4572762640225143	-0.9704030641088472	-0.026179938779914945	-0.9837	-0.1554	-0.5279
635.0	5.934069	-0.836793	8.154072000000001	-0.5689773361501514	-1.3369222070276563	0.029670597283903602	-0.9862	-0.155	-0.524
636.0	5.937993	-0.860337	8.293374	-0.6597344572538565	-1.7069320084504542	0.038397243543875255	-0.9895	-0.1542	-0.5202
637.0	5.940936000000001	-0.85347	8.462106	-0.7138396640656808	-2.0821777976292353	0.048869219055841226	-0.9936	-0.1532	-0.5161
638.0	5.906601	-0.87309	8.646534	-0.8464846872172498	-2.562143341927676	0.08028514559173916	-0.9982	-0.1517	-0.5108
639.0	5.889924000000001	-0.968247	8.882955	-0.8744099552491591	-3.0752701420140083	0.05585053606381855	-1.0035	-0.1496	-0.5053
640.0	5.842836	-1.0408410000000001	9.155673	-0.8848819307611251	-3.3649947978450676	0.027925268031909273	-1.0098	-0.1473	-0.4938
641.0	5.716287	-1.1046060000000002	9.441144000000001	-1.017526953912694	-3.9549160850191507	-0.022689280275926284	-1.0168	-0.1447	-0.4784
642.0	5.575023000000001	-1.241946	9.743292	-1.111774733520388	-4.60766922526503	-0.17453292519943295	-1.0243	-0.1419	-0.4582
643.0	5.325849000000001	-1.407735	10.01601	-1.2845623294678266	-5.440191278466325	-0.3752457891787809	-1.0322	-0.1399	-0.4302
644.0	4.956993	-1.821717	10.186704	-1.3247049022636963	-6.777113485493982	-0.7871434926494426	-1.0404	-0.138	-0.396
645.0	4.802976	-2.241585	9.931644	-1.3526301702956054	-8.716174284459681	-1.562069680534925	-1.0486	-0.1376	-0.3531
646.0	4.783356	-2.6231940000000002	9.181179	-1.4311699866353502	-11.627383476786225	-2.5551620249196985	-1.0558	-0.1393	-0.3036
647.0	5.163984	-2.58984	8.018694	-1.5742869852988852	-13.27497429066887	-2.993239667170275	-1.0598	-0.1445	-0.2404
648.0	7.766577	-2.4848730000000003	8.116794	-2.693043035827251	-14.748032179352085	-2.9897490086662866	-1.0593	-0.1543	-0.1645
649.0	10.392714	-3.673845	8.968302000000001	-2.333505209916418	-11.740829878165856	-2.909463863074547	-1.0521	-0.1684	-0.0765
650.0	12.811860000000001	-4.851045	9.57456	-0.4415683007545654	-9.665633397544596	-3.6285395148962114	-1.0371	-0.1864	0.0155
651.0	15.302619000000002	-6.039036	10.169046	-0.4415683007545654	-9.665633397544596	-3.6285395148962114	-1.0209	-0.205	0.105
652.0	16.397415000000002	-6.676686	10.316196000000001	-0.2565634000431664	-7.5241144053475555	-3.103195410045918	-0.9927	-0.2301	0.2037
653.0	17.889516	-7.474239000000001	10.927359	-0.4328416544945937	-7.157595262428746	-2.8745572780346604	-0.9563	-0.2576	0.3007
654.0	19.519938	-8.101098	11.586591	-0.4328416544945937	-7.157595262428746	-2.8745572780346604	-0.9192	-0.2846	0.3922
655.0	20.540178	-7.933347	13.344543000000002	-1.5725416560468908	-1.017526953912694	-1.0105456369047168	-0.8725	-0.3158	0.4827
656.0	21.96459	-8.853525	15.973623000000002	-1.4172073526193956	2.6179938779914944	-0.21467549799530256	-0.8257	-0.3469	0.563
657.0	21.520197000000003	-10.22202	18.52128	-0.7487462491055673	4.473278872861467	0.22863813201125716	-0.7833	-0.3763	0.6239
658.0	18.391788000000002	-11.175552	19.299213	-0.2059488517353309	5.070181477043527	0.2181661564992912	-0.7485	-0.4019	0.6677
659.0	15.227082000000001	-10.76157	19.264878	-0.2059488517353309	5.070181477043527	0.2181661564992912	-0.7188	-0.4238	0.6987
660.0	12.300759000000001	-10.389771	19.430667	-0.2059488517353309	5.070181477043527	0.2181661564992912	-0.696	-0.4416	0.7193
661.0	9.34893	-9.289089	18.704727000000002	-1.5655603390389137	5.499532473034133	0.9704030641088472	-0.6876	-0.4616	0.7228
662.0	8.003979	-8.712261	18.352548000000002	-2.0367992370773824	5.817182396897101	1.0925761117484503	-0.694	-0.4761	0.7066
663.0	6.525612000000001	-8.002998	17.503002000000002	-2.209586833024821	6.2482787221397	1.1623892818282233	-0.7107	-0.4888	0.6801
664.0	5.122782	-7.373196000000001	16.648551	-2.054252529597326	6.653195108602384	1.260127719939906	-0.731	-0.5021	0.6476
665.0	4.127067	-7.467372	15.115248000000001	-2.054252529597326	6.653195108602384	1.260127719939906	-0.7602	-0.5104	0.6059
666.0	2.6977500000000005	-6.558966	13.219956	-1.4014993893514465	7.061602153569058	1.551597705022959	-0.7956	-0.5167	0.5547
667.0	2.791926	-5.62113	11.786715000000001	-0.921533845053006	7.2710416638083775	1.8500490071139892	-0.8313	-0.5215	0.5018
668.0	3.4541010000000005	-5.029587	10.856727000000001	-0.5846852994181004	7.412413333219917	2.197369528260861	-0.8679	-0.5254	0.4444
669.0	4.1329530000000005	-4.334058000000001	9.945378000000002	-0.4782202150464463	7.468263869283736	2.5446900494077327	-0.9098	-0.5288	0.3813
670.0	4.843197000000001	-3.5728020000000003	9.121338	-0.46600291028248597	7.389724052943991	2.8640853025226947	-0.958	-0.5306	0.3115
671.0	5.666256000000001	-3.5159040000000004	9.311652	-0.5148721293383273	7.222172444752536	3.122394031817856	-0.9999	-0.528	0.2491
672.0	6.476562	-3.407013	9.735444	-0.5899212871740833	7.124434006640853	3.2532937257174304	-1.0445	-0.5199	0.1792
673.0	7.432056000000001	-3.260844	10.377018000000001	-0.630063859969953	7.134905982152819	3.2742376767413623	-1.088	-0.5054	0.0991
674.0	8.585712000000001	-3.043062	11.204982000000001	-0.7347836150896128	7.2117004692405695	3.221877799181532	-1.1257	-0.4833	0.0094
675.0	9.970884	-2.765439	12.152628	-0.9930923443847735	7.304202919596269	3.110176727053895	-1.1571	-0.4549	-0.0936
676.0	11.357037	-2.3779440000000003	13.11597	-1.3543754995475996	7.161085920932734	2.933898472602468	-1.1746	-0.4207	-0.196
677.0	12.873663	-2.0385180000000003	14.052825000000002	-1.6964600329384885	6.777113485493982	2.8047441079548876	-1.1812	-0.3818	-0.3004
678.0	14.682627	-1.855071	14.898447	-1.806415775814131	6.426302305843121	2.7558748888990463	-1.1754	-0.3389	-0.4054
679.0	17.018388	-1.907064	15.567489	-1.6859880574265222	6.403613025567195	2.66860842629933	-1.1578	-0.2928	-0.5104
680.0	19.47285	-2.263167	15.788214	-0.8517206749732328	6.398377037811213	2.631956512007449	-1.1268	-0.2455	-0.6131
681.0	21.839022	-2.723256	15.361479000000001	0.10122909661567112	6.332054526235428	2.7017696820872223	-1.0811	-0.1988	-0.7104
682.0	24.021747	-3.244167	13.120875	1.064650843716541	5.785766470361202	2.7401669256310974	-1.0225	-0.1559	-0.798
683.0	25.900362	-3.406032	9.832563	1.1780972450961724	4.927064478379992	2.9321531433504737	-0.9562	-0.1181	-0.8736
684.0	27.478791	-1.8629190000000002	5.691762000000001	-0.12740903539558607	3.733259270015871	3.246312408709453	-0.8871	-0.0862	-0.9355
685.0	28.597131	-0.5817330000000001	1.394001	-1.7191493132144147	2.134537675189065	3.3597588100890845	-0.8214	-0.0569	-0.9837
686.0	29.463354000000002	-0.10006200000000001	-2.5015500000000004	-1.7383479349863522	1.2042771838760873	3.1485739705977704	-0.7622	-0.0308	-1.0195
687.0	30.309957000000004	0.142245	-5.861475	-0.027925268031909273	-0.5358160803622591	2.202605516016844	-0.711	-0.0076	-1.0457
688.0	30.959379000000002	0.817173	-8.821152	2.443460952792061	-1.6179202165987436	1.2252211349000195	-0.6696	0.0087	-1.0642
689.0	30.757293	2.0336130000000003	-11.371752	3.3457961760731294	-2.05599785884932	0.598647933434055	-0.6371	0.0188	-1.0761
690.0	28.846305	3.0744540000000002	-12.312531000000002	2.6162485487395	-2.731440279371126	-0.3508111796508603	-0.6136	0.0227	-1.0834
691.0	24.190479	2.9243609999999998	-10.239678000000001	3.256784384221419	-3.347541505325124	-1.14493598930828	-0.6004	0.0213	-1.0862
692.0	19.097127	4.266369	-7.316298000000001	3.5081117965086026	-3.9549160850191507	-1.70518667919846	-0.5978	0.014	-1.0843
693.0	15.648912000000001	5.751603000000001	-5.716287	1.7383479349863522	-5.7211892880374124	-1.3753194505715316	-0.6068	0.0035	-1.0762
694.0	15.094647	5.4239489999999995	-2.892969	0.8342673824532895	-7.476990515543707	-1.408480706359424	-0.6271	-0.01	-1.0611
695.0	14.578641000000001	4.802976	1.0408410000000001	0.029670597283903602	-6.265732014659643	-0.6911503837897546	-0.6561	-0.0281	-1.041
696.0	13.539762000000001	4.710762000000001	3.908304	0.23561944901923448	-5.342452840354643	-1.4451326206513049	-0.6906	-0.0508	-1.0169
697.0	11.996649000000001	4.454721	6.364728	0.15358897417550102	-4.991641660703783	-1.2217304763960306	-0.7292	-0.0766	-0.9902
698.0	10.287747	3.2422050000000002	8.839791	0.38746309394274114	-4.6600291028248595	-0.5323254218582705	-0.769	-0.1019	-0.9602
699.0	10.639926	1.5951060000000001	11.59542	1.3857914260834978	-4.092797095926703	-1.0925761117484503	-0.8095	-0.1259	-0.9271
700.0	10.786095	1.2988439999999999	11.952504	1.4381513036433275	-0.6859143960337715	-1.181587903600161	-0.8481	-0.1491	-0.8925
701.0	13.191507000000001	2.2317750000000003	10.11411	1.1763519158441782	-0.6370451769779303	-0.7749261878854823	-0.8839	-0.1706	-0.8557
702.0	15.875523000000001	1.90314	8.933967	0.7051130178057091	-0.3508111796508603	-0.3543018381548489	-0.9157	-0.1878	-0.8182
703.0	16.944813	0.697491	9.852183	0.38048177693476387	-0.1954768762233649	-0.0942477796076938	-0.942	-0.203	-0.7813
704.0	15.078951	-0.223668	10.224963	0.14486232791552936	-0.1413716694115407	0.0715584993317675	-0.9621	-0.2164	-0.7488
705.0	13.335714	-0.851508	9.526491	-0.0	-0.10471975511965978	0.15009831567151233	-0.9769	-0.229	-0.722
706.0	12.196773000000002	-1.341027	9.483327000000001	0.003490658503988659	-0.10471975511965978	0.12042771838760874	-0.9873	-0.2393	-0.702
707.0	11.393334000000001	-1.2184020000000002	9.326367000000001	-0.019198621771937627	-0.09250245035569947	0.11693705988362008	-0.9946	-0.2482	-0.6877
708.0	10.620306000000001	-0.641574	8.781912	-0.08028514559173916	-0.07504915783575616	0.1413716694115407	-0.9987	-0.2553	-0.6796
709.0	8.054991000000001	-0.061803000000000004	7.739109000000001	-0.06806784082777885	-0.019198621771937627	0.12042771838760874	-1.0007	-0.2606	-0.677
710.0	7.240761	-0.380628	7.853886	-0.08726646259971647	-0.027925268031909273	0.11519173063162574	-1.0024	-0.2637	-0.6756
711.0	6.905259	-0.65727	7.682211000000001	-0.09250245035569947	-0.04537856055185257	0.1117010721276371	-1.0034	-0.2646	-0.6767
712.0	6.726717	-1.074195	7.626294000000001	-0.11693705988362008	-0.03316125578789226	0.11519173063162574	-1.0042	-0.2645	-0.6787
713.0	6.528555	-1.077138	7.654743000000001	-0.15009831567151233	-0.048869219055841226	0.1361356816555577	-1.0053	-0.2638	-0.6829
714.0	6.400044	-1.2497940000000003	7.682211000000001	-0.19198621771937624	-0.06283185307179587	0.19024088846738194	-1.0063	-0.2626	-0.6872
715.0	6.338241	-1.256661	7.695945	-0.21991148575128552	-0.08028514559173916	0.22514747350726852	-1.0066	-0.2607	-0.6916
716.0	6.29802	-1.2184020000000002	7.676325	-0.18151424220741028	-0.09599310885968812	0.22514747350726852	-1.0075	-0.2594	-0.6972
717.0	6.261723	-1.3665330000000002	7.668477	-0.16929693744344995	-0.10122909661567112	0.19373154697137057	-1.0076	-0.2572	-0.6972
718.0	6.191091	-1.3783050000000001	7.692021	-0.1308996938995747	-0.11344640137963143	0.16406094968746698	-1.008	-0.2554	-0.6982
719.0	6.151851000000001	-1.3675140000000001	7.688097	-0.11344640137963143	-0.10995574287564276	0.15009831567151233	-1.0083	-0.2532	-0.6972
720.0	6.130269	-1.4038110000000001	7.664553000000001	-0.09948376736367678	-0.12566370614359174	0.1117010721276371	-1.0085	-0.2504	-0.6971
721.0	6.126345000000001	-1.434222	7.622370000000001	-0.05759586531581287	-0.12042771838760874	0.06283185307179587	-1.0088	-0.248	-0.6952
722.0	6.121440000000001	-1.4646329999999999	7.60275	-0.061086523819801536	-0.07853981633974483	0.05061454830783556	-1.0092	-0.2456	-0.6947
723.0	6.1184970000000005	-1.476405	7.585092	-0.0471238898038469	-0.10821041362364843	0.03490658503988659	-1.0098	-0.2431	-0.6935
724.0	6.116535000000001	-1.522512	7.555662000000001	-0.0715584993317675	-0.0890117918517108	0.019198621771937627	-1.0106	-0.2409	-0.6927
725.0	6.117516000000001	-1.541151	7.525251000000001	-0.0645771823237902	-0.08377580409572781	0.005235987755982988	-1.0116	-0.239	-0.6915
726.0	6.1184970000000005	-1.52055	7.497783	-0.03316125578789226	-0.07853981633974483	-0.019198621771937627	-1.0128	-0.2369	-0.6877
727.0	6.129288000000001	-1.4803290000000002	7.472277000000001	-0.038397243543875255	-0.05585053606381855	-0.04014257279586958	-1.014	-0.2364	-0.6887
728.0	6.129288000000001	-1.4401080000000002	7.4683530000000005	-0.003490658503988659	-0.048869219055841226	-0.07330382858376185	-1.0154	-0.2361	-0.6857
729.0	6.133212	-1.421469	7.461486000000001	-0.005235987755982988	-0.05235987755982989	-0.08726646259971647	-1.0169	-0.2364	-0.6842
730.0	6.133212	-1.395963	7.464429000000001	-0.005235987755982988	-0.05235987755982989	-0.08726646259971647	-1.0187	-0.2369	-0.6823
731.0	6.1312500000000005	-1.404792	7.4556000000000004	0.16406094968746698	0.006981317007977318	-0.23212879051524585	-1.0194	-0.2372	-0.682
732.0	6.136155	-1.453842	7.435980000000001	0.2059488517353309	0.03316125578789226	-0.26703537555513246	-1.0203	-0.2382	-0.6798
733.0	6.142041	-1.5588090000000001	7.4124360000000005	0.2844886680750757	0.07330382858376185	-0.3490658503988659	-1.02	-0.2397	-0.6759
734.0	6.147927000000001	-1.6264980000000002	7.3947780000000005	0.2844886680750757	0.07330382858376185	-0.3490658503988659	-1.0196	-0.241	-0.672
735.0	6.15087	-1.68732	7.387911	0.2844886680750757	0.07330382858376185	-0.3490658503988659	-1.0192	-0.2428	-0.668
736.0	6.155775	-1.735389	7.380063	0.2844886680750757	0.07330382858376185	-0.3490658503988659	-1.0186	-0.2445	-0.6641
737.0	6.122421	-1.652004	7.438923	0.11519173063162574	-0.048869219055841226	-0.28623399732707	-1.0178	-0.2488	-0.6625
738.0	6.099858	-1.5843150000000001	7.4938590000000005	0.06283185307179587	-0.11693705988362008	-0.27052603405912107	-1.0172	-0.2525	-0.6627
739.0	6.074352	-1.5117209999999999	7.564491	-0.03490658503988659	-0.23561944901923448	-0.21991148575128552	-1.0155	-0.2568	-0.6616
740.0	6.051789	-1.456785	7.630218000000001	-0.11868238913561441	-0.3787364476827695	-0.20420352248333654	-1.0147	-0.2612	-0.6598
741.0	6.0164729999999995	-1.3371030000000002	7.733223000000001	-0.21642082724729686	-0.57246799465414	-0.1780235837034216	-1.0146	-0.2656	-0.6577
742.0	5.990967	-1.217421	7.843095	-0.33161255787892263	-0.7714355293814937	-0.1361356816555577	-1.0153	-0.2694	-0.6563
743.0	5.95467	-1.076157	7.974549	-0.47123889803846897	-1.0524335389525807	-0.15009831567151233	-1.017	-0.2726	-0.6559
744.0	5.896791	-0.916254	8.170749	-0.582939970166106	-1.457349925415265	-0.0890117918517108	-1.0193	-0.276	-0.6541
745.0	5.82714	-0.71613	8.401284	-0.6527531402458793	-1.6999506914424771	-0.05759586531581287	-1.0228	-0.2788	-0.6502
746.0	5.783976	-0.6092010000000001	8.630838	-0.7696902001294994	-2.1851522234969005	-0.05235987755982989	-1.0274	-0.2811	-0.6442
747.0	5.765337000000001	-0.640593	8.829981	-0.9162978572970231	-2.7401669256310974	-0.05061454830783556	-1.0334	-0.2798	-0.6321
748.0	5.764356	-0.6817950000000002	9.087984	-1.0297442586766545	-3.347541505325124	-0.029670597283903602	-1.0409	-0.2782	-0.6165
749.0	5.720211	-0.688662	9.364626000000001	-1.1763519158441782	-4.016002608838952	-0.015707963267948967	-1.05	-0.2756	-0.5969
750.0	5.667237	-0.689643	9.646173	-1.3892820845874863	-4.586725274241099	-0.09075712110370514	-1.0603	-0.2727	-0.5729
751.0	5.547555	-0.7897050000000001	9.914966999999999	-1.4957471689591404	-4.991641660703783	-0.1832595714594046	-1.0718	-0.2693	-0.543
752.0	5.304267	-0.935874	10.215152999999999	-1.7278759594743862	-5.9655353833166185	-0.44331363000655966	-1.0841	-0.2663	-0.5071
753.0	4.949145	-1.224288	10.384866	-1.8954275676658419	-7.531095722355532	-0.9965830028887622	-1.097	-0.2639	-0.4632
754.0	4.614624	-1.5303600000000002	10.487871	-1.8954275676658419	-7.531095722355532	-0.9965830028887622	-1.1093	-0.2612	-0.4208
755.0	4.584213	-2.091492	9.243963	-1.7069320084504542	-13.261011656652915	-3.0892327760299634	-1.1194	-0.2652	-0.3538
756.0	7.216236	-2.096397	9.39798	-2.3073252711365035	-15.699236621688994	-3.4191000046568916	-1.1246	-0.2739	-0.271
757.0	9.857088	-3.3510960000000005	10.237716	-2.6790804018112957	-12.89972850149009	-2.9478611066184226	-1.1227	-0.287	-0.1766
758.0	12.477339	-4.591080000000001	11.013687000000001	-2.6790804018112957	-12.89972850149009	-2.9478611066184226	-1.1192	-0.3008	-0.0859
759.0	15.148602	-5.850684000000001	11.75238	-2.6790804018112957	-12.89972850149009	-2.9478611066184226	-1.1143	-0.3151	0.0005
760.0	17.823789	-7.099497	12.492054000000001	-2.6790804018112957	-12.89972850149009	-2.9478611066184226	-1.1073	-0.3296	0.082
761.0	18.748872000000002	-7.929423000000001	13.126761000000002	-0.23561944901923448	-7.133160652900824	-2.9548424236264	-1.0736	-0.3579	0.1958
762.0	19.475793000000003	-8.286507	14.203899	-0.6946410422937431	-5.307546255314756	-2.193878869756872	-1.0322	-0.3882	0.3073
763.0	21.077766	-8.255115	15.537078000000001	-1.8011797880581482	-1.7610372152622786	-1.3089969389957472	-0.9868	-0.4206	0.4104
764.0	22.860243	-9.531396	17.283258	-1.9058995431778079	0.07679448708775051	-0.46600291028248597	-0.9409	-0.4548	0.5106
765.0	24.350382000000003	-10.593819000000002	20.343978	-1.9058995431778079	0.07679448708775051	-0.46600291028248597	-0.896	-0.4829	0.5843
766.0	21.377952	-11.606211000000002	21.044412	-0.14835298641951802	4.907865856608055	0.05585053606381855	-0.8611	-0.5079	0.629
767.0	18.405522	-11.3796	21.020868	-0.14835298641951802	4.907865856608055	0.05585053606381855	-0.8322	-0.5285	0.6592
768.0	15.112305000000001	-10.325025	20.204676000000003	-0.17976891295541594	5.80496509213314	0.7225663103256524	-0.8105	-0.5478	0.6795
769.0	11.861271	-9.263583	19.225638	-0.9267698328089891	5.871287603708924	1.043706892692609	-0.7925	-0.5663	0.694
770.0	8.783874	-8.263944	18.189702	-1.5044738152191122	5.967280712568613	1.1903145498601329	-0.7776	-0.5844	0.7031
771.0	7.688097	-7.7047740000000005	17.241075000000002	-1.6877333866785167	6.1173790282401255	1.2374384396639797	-0.7913	-0.5887	0.6671
772.0	6.986682000000001	-7.655724	15.825492	-1.7278759594743862	6.499606134426883	1.3247049022636963	-0.8136	-0.5902	0.6198
773.0	5.638788	-7.916670000000001	14.292189000000002	-1.4206980111233845	6.831218692305805	1.4713125594312197	-0.842	-0.5884	0.5653
774.0	4.184946	-6.874848	12.364524	-0.8761552845011534	7.108726043372904	1.6929693744344996	-0.8732	-0.584	0.5078
775.0	2.771325	-5.783976	10.435878	-0.33161255787892263	7.335618846132167	1.9704767255015982	-0.9071	-0.5775	0.4433
776.0	3.1902120000000003	-5.05215	9.483327000000001	0.0017453292519943296	7.433357284243849	2.275909344600606	-0.9362	-0.568	0.3838
777.0	3.6885600000000003	-4.22811	8.602389	0.07504915783575616	7.442083930503821	2.5987952562195566	-0.9667	-0.5556	0.3173
778.0	4.629339	-4.185927	8.632800000000001	0.0645771823237902	7.428121296487867	2.7680921936630067	-0.9899	-0.5414	0.2527
779.0	5.677047	-4.16925	8.999694	0.017453292519943295	7.389724052943991	3.040363556974122	-1.0089	-0.5242	0.1849
780.0	6.793425	-4.124124	9.593199	-0.015707963267948967	7.3967053699519685	3.214896482173555	-1.0237	-0.5041	0.1143
781.0	7.983378	-4.011309	10.351512	-0.09599310885968812	7.482226503299691	3.2672563597333846	-1.0346	-0.4805	0.042
782.0	9.284184	-3.7611540000000003	11.208906	-0.32114058236695664	7.49793446656764	3.2061698359135833	-1.0406	-0.4539	-0.03
783.0	10.748816999999999	-3.383469	12.126141	-0.8203047484373349	7.394960040699974	3.103195410045918	-1.0421	-0.4243	-0.1016
784.0	12.401802	-3.0999600000000003	13.059072	-1.1205013797803596	7.318165553612224	3.0333822399661448	-1.0387	-0.3921	-0.1728
785.0	14.245101	-3.1038840000000003	13.973364000000002	-1.5184364492350666	7.140141969908803	2.815216083466854	-1.0313	-0.3583	-0.2429
786.0	16.305201	-3.498246	14.815062000000001	-1.5044738152191122	6.825982704549824	2.602285914723545	-1.0202	-0.3228	-0.3129
787.0	18.754758	-3.998556	15.405624000000001	-1.18507856210415	6.677629718130305	2.6232298657474775	-1.0067	-0.2865	-0.3779
788.0	21.107196000000002	-4.33602	15.512553	-0.8360127117052838	6.792821448761931	3.03163691071415	-0.9912	-0.2496	-0.4405
789.0	23.311503000000002	-4.599909	14.921009999999999	-0.3752457891787809	6.841690667817772	3.5255650890285457	-0.9737	-0.212	-0.5008
790.0	25.272522000000002	-4.850064000000001	13.482864000000001	0.4782202150464463	6.349507818755371	3.6826447217080354	-0.9533	-0.174	-0.5598
791.0	26.961804000000004	-4.8039570000000005	11.088243000000002	0.8587019919812102	5.918411493512772	3.595378259108319	-0.9294	-0.1363	-0.6159
792.0	28.492164	-3.8504250000000004	7.739109000000001	0.6492624817418906	4.848524662040248	3.302162944773271	-0.9037	-0.1001	-0.67
793.0	29.755692	-2.061081	3.655206	-1.0943214410004447	3.7070793312359562	3.036872898470133	-0.8758	-0.0647	-0.7229
794.0	30.692547	-0.526797	-0.5846760000000001	-2.0891591146372126	2.1275563581810877	2.644173816771409	-0.8466	-0.0285	-0.7706
795.0	31.319406000000004	0.524835	-4.487094	-0.6841690667817772	0.3385938748868999	1.6266468628587152	-0.817	0.0077	-0.814
796.0	31.670604000000004	1.812888	-8.330652	-0.6841690667817772	0.3385938748868999	1.6266468628587152	-0.7895	0.0401	-0.8518
797.0	31.552884000000002	3.116637	-11.993706	-0.6841690667817772	0.3385938748868999	1.6266468628587152	-0.7631	0.0687	-0.8875
798.0	31.25466	4.575384	-14.245101	2.3806290997202657	-2.3300145514124297	-0.4869468613064179	-0.7422	0.0923	-0.9167
799.0	29.162187000000003	4.976613	-14.198994	2.4399702942880728	-3.0892327760299634	-1.2793263417118435	-0.7268	0.109	-0.9381
800.0	23.681340000000002	4.4380440000000005	-10.948941000000001	3.4505159311927893	-3.331833542057175	-1.8343410438460404	-0.7187	0.1181	-0.9512
801.0	18.019008	5.014872	-8.233533000000001	2.0053833105414847	-5.234242426730994	-1.3212142437597074	-0.7186	0.1198	-0.9551
802.0	14.425605	5.002119	-7.251552	1.0122909661567112	-7.857472292478471	-0.8796459430051421	-0.728	0.117	-0.9499
802.9999999999999	14.101875000000001	4.283046	-4.456683	0.15184364492350666	-6.813765399785862	0.38571776469074687	-0.7471	0.1095	-0.9346
803.9999999999999	13.043376	3.6326430000000003	-0.707301	0.05585053606381855	-6.3442718309993875	0.1361356816555577	-0.7738	0.0984	-0.9114
805.0000000000001	11.808297000000001	3.8867220000000002	2.1621240000000004	0.12042771838760874	-5.9899699928445385	-1.1309733552923256	-0.8066	0.0833	-0.8816
806.0	10.574199000000002	3.651282	5.391576	-0.3595378259108319	-5.28485697503883	-0.9878563566287906	-0.8426	0.067	-0.8454
807.0	9.091908	2.349495	8.915328	0.4188790204786391	-4.738568919164605	-0.7714355293814937	-0.8837	0.0503	-0.799
808.0	9.390132000000001	-0.044145	11.770038	1.6824973989225338	-1.1152653920243765	-1.3526301702956054	-0.922	0.0313	-0.754
809.0	9.867879	0.35904600000000003	11.781810000000002	1.2269664641520137	-0.7365289443416071	-0.921533845053006	-0.9575	0.0132	-0.7081
810.0	13.060053	1.688301	9.531396	0.9791297103688189	-0.5061454830783556	-0.7190756518216638	-0.9903	-0.0018	-0.663
811.0	16.384662	1.6137450000000002	8.504289	0.5602506898901798	-0.3543018381548489	-0.2827433388230814	-1.0192	-0.014	-0.6213
811.9999999999999	17.513793000000003	0.886824	9.998352000000002	0.2932153143350474	-0.23736477827122882	-0.05585053606381855	-1.0438	-0.0234	-0.5842
813.0000000000001	15.328125	-0.047088	10.318158	0.1413716694115407	-0.14835298641951802	0.04014257279586958	-1.0619	-0.0314	-0.5514
814.0	13.882131000000001	-0.95157	9.794304	0.22689280275926285	-0.15533430342749532	-0.04014257279586958	-1.0763	-0.0401	-0.5271
815.0	12.649014000000001	-1.9227600000000002	9.853164	0.23212879051524585	-0.15707963267948966	-0.0942477796076938	-1.0863	-0.049	-0.5069
816.0	11.495358	-2.199402	9.510795	0.13962634015954636	-0.12566370614359174	-0.031415926535897934	-1.0934	-0.0565	-0.4932
817.0	10.563408	-1.575486	8.902575	0.1117010721276371	-0.11344640137963143	-0.013962634015954637	-1.0952	-0.0641	-0.4894
818.0	7.9843589999999995	-0.18933300000000003	7.909803	0.07853981633974483	-0.09948376736367678	-0.012217304763960306	-1.0968	-0.0677	-0.4854
819.0	7.005321	-0.6337260000000001	7.991226	0.038397243543875255	-0.07853981633974483	-0.03665191429188092	-1.0978	-0.0703	-0.4828
819.9999999999999	6.6904200000000005	-0.9908100000000001	7.80876	0.0471238898038469	-0.10471975511965978	-0.024434609527920613	-1.0987	-0.0718	-0.4807
821.0000000000001	6.4716569999999995	-1.3115970000000001	7.745976	-0.0017453292519943296	-0.0890117918517108	0.017453292519943295	-1.0995	-0.0726	-0.4791
822.0000000000001	6.334317	-1.347894	7.741071000000001	-0.029670597283903602	-0.1117010721276371	0.06283185307179587	-1.1	-0.0732	-0.4773
823.0	6.245046000000001	-1.4008680000000002	7.7430330000000005	-0.041887902047863905	-0.10821041362364843	0.09075712110370514	-1.1007	-0.0741	-0.4763
824.0	6.207768000000001	-1.214478	7.753824000000001	-0.05061454830783556	-0.09948376736367678	0.09250245035569947	-1.1012	-0.0745	-0.4743
825.0	6.208749	-1.205649	7.742052	-0.019198621771937627	-0.1064650843716541	0.04014257279586958	-1.1015	-0.0745	-0.4729
826.0	6.144003	-1.406754	7.749900000000001	0.038397243543875255	-0.09250245035569947	-0.03316125578789226	-1.1019	-0.0748	-0.4711
827.0	6.107706	-1.45188	7.721451000000001	0.09773843811168245	-0.06283185307179587	-0.09075712110370514	-1.1024	-0.0748	-0.4698
827.9999999999999	6.086124	-1.5146640000000002	7.693002000000001	0.1413716694115407	-0.03316125578789226	-0.13439035240356337	-1.1028	-0.0749	-0.4685
828.9999999999999	6.081219	-1.493082	7.677306	0.14835298641951802	-0.015707963267948967	-0.143116998663535	-1.1035	-0.0746	-0.4676
830.0000000000001	6.0851429999999995	-1.509759	7.6616100000000005	0.13264502315156904	-0.008726646259971648	-0.14486232791552936	-1.1037	-0.0744	-0.4664
831.0	6.078276000000001	-1.542132	7.644933	0.15707963267948966	-0.006981317007977318	-0.19024088846738194	-1.1039	-0.075	-0.4655
832.0	6.076314	-1.5342840000000002	7.628256	0.13439035240356337	-0.006981317007977318	-0.1954768762233649	-1.1033	-0.0761	-0.4646
833.0	6.07239	-1.496025	7.6056930000000005	0.13439035240356337	-0.006981317007977318	-0.1954768762233649	-1.103	-0.0769	-0.4639
834.0	6.071409	-1.4450129999999999	7.586073	0.13439035240356337	-0.006981317007977318	-0.1954768762233649	-1.1028	-0.0778	-0.4636
835.0	6.076314	-1.330236	7.573320000000001	-0.027925268031909273	-0.041887902047863905	-0.09075712110370514	-1.1028	-0.0801	-0.459
836.0	6.063561	-1.214478	7.5929400000000005	-0.048869219055841226	-0.05585053606381855	-0.04537856055185257	-1.1033	-0.082	-0.4532
836.9999999999999	6.044922	-1.095777	7.619427	-0.0715584993317675	-0.0942477796076938	-0.041887902047863905	-1.1038	-0.0838	-0.4477
838.0000000000001	6.036093	-0.991791	7.652781000000001	-0.09773843811168245	-0.13264502315156904	-0.026179938779914945	-1.1038	-0.0858	-0.4434
839.0	6.025302	-0.9711900000000001	7.663572	-0.10821041362364843	-0.16755160819145562	-0.019198621771937627	-1.1042	-0.0878	-0.4405
840.0	6.014511	-0.965304	7.6743630000000005	-0.10821041362364843	-0.16755160819145562	-0.019198621771937627	-1.1049	-0.0899	-0.4379
841.0	6.008625	-0.967266	7.684173	-0.10821041362364843	-0.16755160819145562	-0.019198621771937627	-1.1058	-0.0911	-0.4352
842.0	5.996853	-0.9888480000000001	7.708698000000001	-0.10995574287564276	-0.27052603405912107	-0.09599310885968812	-1.1069	-0.0925	-0.435
843.0	5.991948000000001	-1.0065060000000001	7.732242	-0.12391837689159739	-0.30194196059501904	-0.10821041362364843	-1.1082	-0.0939	-0.4342
844.0	5.988024000000001	-1.0231830000000002	7.756767	-0.12391837689159739	-0.30194196059501904	-0.10821041362364843	-1.1095	-0.0954	-0.4334
844.9999999999999	5.983119	-1.03986	7.775406	-0.12391837689159739	-0.30194196059501904	-0.10821041362364843	-1.1105	-0.0955	-0.4369
846.0000000000001	5.983119	-1.0555560000000002	7.782273000000001	-0.12391837689159739	-0.30194196059501904	-0.10821041362364843	-1.1108	-0.096	-0.4417
847.0000000000001	5.985081	-1.063404	7.792083000000001	-0.12391837689159739	-0.30194196059501904	-0.10821041362364843	-1.1112	-0.0962	-0.4463
848.0	5.975271	-1.0192590000000001	7.860753000000001	-0.32114058236695664	-0.9093165402890457	-0.0942477796076938	-1.1128	-0.0967	-0.4451
849.0	5.975271	-0.9780570000000001	7.943157	-0.3508111796508603	-1.017526953912694	-0.05759586531581287	-1.1143	-0.0971	-0.4402
850.0	5.970366	-0.9142920000000001	8.051067	-0.4485496177625427	-1.2793263417118435	-0.05061454830783556	-1.1165	-0.0966	-0.4322
851.0	5.9634990000000005	-0.8416980000000001	8.189388000000001	-0.49567350756638956	-1.5969762655748114	-0.010471975511965976	-1.119	-0.0968	-0.4208
852.0	5.962518	-0.788724	8.312994000000002	-0.49567350756638956	-1.5969762655748114	-0.010471975511965976	-1.1215	-0.0969	-0.4069
852.9999999999999	5.953689000000001	-0.738693	8.437581	-0.49567350756638956	-1.5969762655748114	-0.010471975511965976	-1.1238	-0.0968	-0.3936
853.9999999999999	5.94486	-0.806382	8.614161000000001	-0.7051130178057091	-2.8501226685067405	0.03316125578789226	-1.128	-0.0957	-0.3756
855.0000000000001	5.910525000000001	-0.839736	8.806437	-0.8360127117052838	-3.302162944773271	-0.003490658503988659	-1.1329	-0.094	-0.3553
856.0	5.829102	-0.852489	9.071307000000001	-0.9180431865490174	-3.5604716740684323	-0.019198621771937627	-1.1384	-0.0922	-0.3327
857.0	5.71923	-0.905463	9.36855	-1.02799892942466	-4.180063558526419	-0.048869219055841226	-1.1444	-0.0905	-0.3052
858.0	5.534802000000001	-1.1369790000000002	9.556902000000001	-1.1484266478122689	-4.852015320544236	-0.18151424220741028	-1.1501	-0.0886	-0.2764
859.0	5.2287300000000005	-1.474443	9.703071	-1.286307658719821	-5.782275811857214	-0.5305800926062761	-1.156	-0.0869	-0.2432
860.0	4.9844610000000005	-1.864881	9.66285	-1.361356816555577	-7.232644420264501	-1.1414453308042916	-1.1601	-0.0872	-0.2074
861.0	4.856931	-2.333799	9.275355000000001	-1.413716694115407	-9.285151620609833	-1.986184688769547	-1.1634	-0.0883	-0.1645
861.9999999999999	5.001138000000001	-2.640852	8.438562	-1.4119713648634127	-12.22254075171629	-2.9827676916583092	-1.1639	-0.0918	-0.1067
863.0000000000001	6.047865000000001	-2.582973	7.726356	-1.7819811662862104	-13.31860752196873	-3.286454981505323	-1.1608	-0.0995	-0.035
864.0	8.665173	-2.9371140000000002	8.398341	-2.638937829015426	-12.918927123262028	-2.9426251188624395	-1.1481	-0.113	0.0445
865.0	11.032326000000001	-3.8219760000000003	8.916309	-1.6790067404185451	-10.662216400433358	-3.262020371977402	-1.1274	-0.1313	0.1324
866.0	13.391631	-4.701933	9.453897000000001	-0.3455751918948773	-9.025097562062678	-3.4836771869806817	-1.098	-0.1537	0.2302
867.0	15.306543000000001	-5.359203	9.826677	-0.16231562043547265	-7.473499857039719	-2.9688050576423546	-1.062	-0.179	0.3263
868.0	17.307783	-5.890905000000001	10.249488	-0.16231562043547265	-7.473499857039719	-2.9688050576423546	-1.0251	-0.2043	0.4166
869.0	18.851877	-6.1793190000000005	10.855746000000002	-0.6527531402458793	-6.916739825653528	-2.3073252711365035	-0.9742	-0.2339	0.5128
869.9999999999999	19.761264000000004	-6.345108000000001	12.227184	-1.2688543661998777	-4.532620067429273	-1.3892820845874863	-0.9186	-0.2643	0.6061
871.0000000000001	20.918844000000004	-6.2685900000000006	13.988079	-1.8186330805780915	-0.9983283321407566	-0.8883725892651138	-0.8615	-0.2953	0.6904
872.0000000000001	21.802725000000002	-6.353937000000001	16.199253000000002	-1.8186330805780915	-0.9983283321407566	-0.8883725892651138	-0.8071	-0.3237	0.7598
873.0	20.792295	-7.667496	18.118089	-0.5061454830783556	4.11199571769864	-0.06632251157578452	-0.7612	-0.3499	0.8113
874.0	17.837523	-8.012808	18.147519000000003	-0.003490658503988659	4.8973938810960895	-0.059341194567807204	-0.7268	-0.3718	0.8475
875.0	14.962212	-7.431075	17.918946000000002	-0.4223696789826277	5.281366316534841	0.29670597283903605	-0.7061	-0.3886	0.8665
876.0	12.141837	-6.872886	17.595216	-0.4223696789826277	5.281366316534841	0.29670597283903605	-0.6933	-0.4014	0.8732
877.0	9.680508000000001	-6.245046000000001	16.928136000000002	-1.5533430342749532	5.37735942539453	0.7330382858376184	-0.6962	-0.4105	0.8661
877.9999999999999	7.374177	-5.715306	16.211025000000003	-2.0664698343612864	5.497787143782138	0.9197885158010117	-0.7035	-0.4196	0.8543
878.9999999999999	5.792805	-5.403348	15.349707	-2.1223203704251046	5.7473692268173275	1.0768681484805014	-0.7285	-0.4239	0.8246
880.0000000000001	4.919715	-5.256198	13.925295	-1.8535396656179781	6.072000467688272	1.319468914507713	-0.763	-0.4258	0.7775
881.0	3.6865980000000005	-5.282685	12.427308	-1.8535396656179781	6.072000467688272	1.319468914507713	-0.7995	-0.4258	0.7288
882.0	2.5790490000000004	-5.314077	11.010744	-1.0210176124166828	6.517059426946826	1.8133970928221086	-0.8469	-0.421	0.6662
883.0	2.538828	-4.437063	9.777627	-0.44505895925855404	6.733480254194124	2.134537675189065	-0.8915	-0.4114	0.5992
884.0	2.8713870000000004	-3.998556	8.996751000000001	-0.44505895925855404	6.733480254194124	2.134537675189065	-0.9322	-0.4013	0.5351
885.0	3.5139420000000006	-3.7817550000000004	8.644572	0.15358897417550102	7.0441488610491145	2.693043035827251	-0.9697	-0.3858	0.4613
886.0	4.1555159999999995	-3.564954	8.293374	0.15358897417550102	7.0441488610491145	2.693043035827251	-1.0071	-0.3702	0.3874
886.9999999999999	5.070789	-3.5149230000000005	8.599446	0.19722220547535926	7.126179335892847	3.122394031817856	-1.0369	-0.3498	0.3069
888.0000000000001	5.997834000000001	-3.383469	9.088965	0.16406094968746698	7.201228493728604	3.2183871406775437	-1.0625	-0.3258	0.2217
889.0	6.964119	-3.185307	9.72171	0.1780235837034216	7.241371066524473	3.214896482173555	-1.0829	-0.2997	0.1324
890.0	8.01477	-2.9616390000000004	10.461384	0.20245819323134223	7.374016089676043	3.1311206780778273	-1.0976	-0.2714	0.0479
891.0	9.233172000000001	-2.7006930000000002	11.315835	0.029670597283903602	7.403686686959945	2.9862583501622977	-1.1095	-0.2409	-0.0463
892.0	10.515339	-2.36421	12.18402	-0.39269908169872414	7.302457590344274	2.8815385950426378	-1.1071	-0.2127	-0.1361
893.0	11.942694000000001	-2.122884	13.073787000000001	-0.8464846872172498	7.051130178057091	2.738421596379103	-1.0985	-0.1851	-0.2267
894.0	13.664349000000001	-2.03067	13.943934	-1.085594794740473	6.733480254194124	2.5970499269675624	-1.0845	-0.1549	-0.3262
894.9999999999999	15.64695	-2.321046	14.683608	-1.0890854532444616	6.616543194310504	2.542944720155738	-1.0616	-0.1289	-0.417
896.0000000000001	18.038628	-2.739933	15.218252999999999	-0.757472895365539	6.485643500410929	2.548180707911721	-1.0318	-0.1011	-0.5153
897.0000000000001	20.270403	-3.245148	15.572394	-0.757472895365539	6.485643500410929	2.548180707911721	-1.0003	-0.0789	-0.5963
898.0	22.452147	-3.9161520000000003	14.812119000000001	0.8621926504851988	6.286675965683575	2.855358656262723	-0.9528	-0.0591	-0.6792
899.0	24.438672	-4.535163	13.169925000000001	1.6580627893946132	5.665338751973594	2.9862583501622977	-0.8994	-0.0424	-0.7568
900.0	26.135802	-4.581270000000001	10.533978000000001	1.239183768915974	4.654793115068877	3.1485739705977704	-0.842	-0.0288	-0.8282
901.0	27.659295000000004	-3.66894	6.99453	-0.5515240436302081	3.3719761148530445	3.378957431861022	-0.7826	-0.0168	-0.8913
902.0	28.835514	-2.27592	2.9586959999999998	-1.345648853287628	2.586577951455596	3.3649947978450676	-0.7228	-0.0053	-0.9457
902.9999999999999	29.622276000000003	-1.342008	-0.589581	-1.3491395117916167	0.9546951008408983	2.7680921936630067	-0.6652	0.0056	-0.9914
903.9999999999999	30.206952000000005	-0.9329310000000001	-3.754287	0.6771877497737998	-0.4520402762665313	1.6336281798666923	-0.6127	0.0139	-1.0278
905.0000000000001	30.392361	0.096138	-6.5736810000000006	2.4609142453120048	-1.3055062804917585	0.6946410422937431	-0.5669	0.0174	-1.0569
906.0	29.87145	1.474443	-8.912385	2.790781473938933	-1.9128808601857852	0.04014257279586958	-0.5295	0.0166	-1.0766
907.0	28.26261	2.7644580000000003	-10.358379000000001	2.0612338466053033	-2.2270401255447645	-0.5393067388662478	-0.4939	0.0129	-1.0943
908.0	24.732972	2.9714490000000002	-8.505270000000001	1.806415775814131	-2.7401669256310974	-1.408480706359424	-0.4771	0.0057	-1.0986
909.0	19.576836	3.970107	-5.322906	2.4347343065320897	-2.8361600344907854	-1.6755160819145565	-0.4702	-0.0045	-1.0963
910.0	14.494275000000002	4.44393	-1.293939	2.4347343065320897	-2.8361600344907854	-1.6755160819145565	-0.4689	-0.0143	-1.0903
911.0	12.563667	3.801375	0.46205100000000005	0.18500490071139894	-6.888814557621618	-0.6475171524898963	-0.4822	-0.0276	-1.0824
911.9999999999999	12.364524	3.0734730000000003	4.053492	-0.2181661564992912	-6.750933546714067	0.4485496177625427	-0.5053	-0.0434	-1.0662
913.0000000000001	11.367828000000001	2.627118	6.947442000000001	-0.312413936106985	-5.445427266222308	0.12217304763960307	-0.5352	-0.0606	-1.0474
914.0	10.039554	2.957715	9.136053	-0.3368485456349056	-5.112069379091391	-0.757472895365539	-0.5696	-0.0782	-1.0268
915.0	8.470935	2.288673	11.35017	-0.47647488579445196	-4.906120527356061	-0.7347836150896128	-0.6068	-0.0931	-1.0025
916.0	7.582149	0.761256	13.625109	-0.460766922526503	-4.487241506877422	-0.32812189937493397	-0.6457	-0.1057	-0.9767
917.0	9.307728000000001	-0.796572	15.141735000000002	1.1501719770642633	-2.923426497090502	-1.1030480872604163	-0.6853	-0.1169	-0.9501
918.0	10.919511	-0.054936000000000006	13.530933000000001	1.0559241974565694	-0.7033676885537148	-0.9110618695410401	-0.7223	-0.1276	-0.9248
919.0	13.679064000000002	-0.17952300000000002	11.503206000000002	0.778416846389471	-0.5445427266222308	-0.5462880558742251	-0.7571	-0.1358	-0.9013
919.9999999999999	16.410168000000002	-0.25506	9.395037	0.5061454830783556	-0.36826447217080355	-0.24609142453120045	-0.7919	-0.145	-0.8778
921.0000000000001	16.005015	-0.315882	10.29069	0.3717551306747922	-0.2897246558310587	0.013962634015954637	-0.8172	-0.1516	-0.8537
922.0000000000001	13.945896000000001	-0.9329310000000001	9.758988	0.12566370614359174	-0.1832595714594046	0.11344640137963143	-0.837	-0.1579	-0.835
923.0	12.820689	-1.503873	9.426429	0.05235987755982989	-0.1780235837034216	0.13962634015954636	-0.8519	-0.1642	-0.8172
924.0	11.925036	-1.9698480000000003	9.426429	0.008726646259971648	-0.16580627893946132	0.12566370614359174	-0.8624	-0.1702	-0.8001
925.0	11.294253000000001	-1.984563	9.134091000000002	-0.059341194567807204	-0.16580627893946132	0.15707963267948966	-0.8702	-0.1762	-0.7858
926.0	10.244583	-1.376343	8.500365	-0.054105206811824215	-0.12566370614359174	0.143116998663535	-0.8747	-0.1815	-0.7756
927.0	7.686135	-0.6759090000000001	7.727337	-0.05759586531581287	-0.08726646259971647	0.12042771838760874	-0.8769	-0.1854	-0.7695
927.9999999999999	7.037694000000001	-0.9780570000000001	7.784235	-0.059341194567807204	-0.06632251157578452	0.09773843811168245	-0.8789	-0.1873	-0.7655
928.9999999999999	6.854247	-1.1565990000000002	7.666515	-0.05235987755982989	-0.06632251157578452	0.0890117918517108	-0.8802	-0.1879	-0.7641
930.0000000000001	6.692382	-1.355742	7.638066	-0.10471975511965978	-0.06806784082777885	0.11519173063162574	-0.8817	-0.1876	-0.7633
931.0	6.512859000000001	-1.4312790000000002	7.667496	-0.16929693744344995	-0.11868238913561441	0.16929693744344995	-0.8834	-0.1867	-0.7637
932.0	6.414759000000001	-1.456785	7.681230000000001	-0.22689280275926285	-0.12391837689159739	0.2059488517353309	-0.885	-0.1857	-0.7658
933.0	6.34707	-1.315521	7.677306	-0.23561944901923448	-0.1710422666954443	0.2234021442552742	-0.8867	-0.1845	-0.7692
934.0	6.2833049999999995	-1.4038110000000001	7.686135	-0.24609142453120045	-0.1884955592153876	0.22514747350726852	-0.8886	-0.1824	-0.7729
935.0	6.218559000000001	-1.4136210000000002	7.6998690000000005	-0.25481807079117214	-0.20943951023931956	0.21642082724729686	-0.8899	-0.1803	-0.7796
936.0	6.200901	-1.421469	7.7047740000000005	-0.2234021442552742	-0.23387411976724015	0.17976891295541594	-0.891	-0.1786	-0.7859
936.9999999999999	6.171471	-1.3989060000000002	7.701831	-0.20245819323134223	-0.22689280275926285	0.14486232791552936	-0.8921	-0.1761	-0.7917
938.0000000000001	6.151851000000001	-1.4204880000000002	7.676325	-0.16057029118347832	-0.21467549799530256	0.10995574287564276	-0.8926	-0.1737	-0.7932
939.0	6.14106	-1.4950440000000003	7.641990000000001	-0.11868238913561441	-0.17976891295541594	0.061086523819801536	-0.8937	-0.1713	-0.7916
940.0	6.138117	-1.600011	7.598826	-0.11868238913561441	-0.17976891295541594	0.061086523819801536	-0.8947	-0.1688	-0.7895
941.0	6.142041	-1.7196930000000001	7.552719000000001	-0.11868238913561441	-0.17976891295541594	0.061086523819801536	-0.8954	-0.1665	-0.7872
942.0	6.144003	-1.7991540000000001	7.520346	-0.11868238913561441	-0.17976891295541594	0.061086523819801536	-0.8958	-0.1643	-0.7852
943.0	6.164604	-1.886463	7.452657000000001	0.16231562043547265	-0.006981317007977318	-0.21642082724729686	-0.8963	-0.1625	-0.7833
944.0	6.189129	-1.930608	7.384968000000001	0.25132741228718347	0.03490658503988659	-0.291469985083053	-0.8967	-0.1615	-0.7823
944.9999999999999	6.2175780000000005	-1.9384560000000002	7.334937000000001	0.29496064358704166	0.09599310885968812	-0.3368485456349056	-0.8972	-0.1614	-0.779
946.0000000000001	6.238179000000001	-1.9090260000000001	7.310412	0.32812189937493397	0.1117010721276371	-0.38571776469074687	-0.8979	-0.1619	-0.7755
947.0000000000001	6.242103	-1.83447	7.316298000000001	0.2722713633111154	0.09948376736367678	-0.32986722862692824	-0.8987	-0.1642	-0.7713
948.0	6.246027000000001	-1.7471610000000002	7.325127000000001	0.2722713633111154	0.09948376736367678	-0.32986722862692824	-0.8998	-0.1666	-0.7704
949.0	6.250932000000001	-1.6431750000000003	7.344747000000001	0.19373154697137057	0.048869219055841226	-0.26878070480712674	-0.9003	-0.1699	-0.7694
950.0	6.2479890000000005	-1.506816	7.370253	0.13264502315156904	-0.012217304763960306	-0.20943951023931956	-0.9006	-0.1735	-0.7697
951.0	6.2352360000000004	-1.370457	7.385949	0.038397243543875255	-0.027925268031909273	-0.14835298641951802	-0.9013	-0.1776	-0.7706
952.0	6.236217000000001	-1.281186	7.422246000000001	0.008726646259971648	-0.06632251157578452	-0.1413716694115407	-0.9017	-0.1816	-0.7709
952.9999999999999	6.21954	-1.191915	7.466391000000001	-0.005235987755982988	-0.09599310885968812	-0.1361356816555577	-0.9018	-0.1857	-0.7706
953.9999999999999	6.206787	-1.121283	7.5066120000000005	-0.0	-0.11344640137963143	-0.1413716694115407	-0.9017	-0.1898	-0.7681
955.0000000000001	6.195015	-1.084005	7.54389	-0.005235987755982988	-0.12566370614359174	-0.16580627893946132	-0.9012	-0.1937	-0.7659
956.0	6.174414	-1.071252	7.579206	0.019198621771937627	-0.16755160819145562	-0.19722220547535926	-0.9014	-0.197	-0.7666
957.0	6.167547000000001	-1.092834	7.595883000000001	0.013962634015954637	-0.20769418098732523	-0.21118483949131386	-0.901	-0.1997	-0.765
958.0	6.16068	-1.114416	7.61256	0.013962634015954637	-0.20769418098732523	-0.21118483949131386	-0.9006	-0.2024	-0.7634
959.0	6.156756000000001	-1.153656	7.620408000000001	0.013962634015954637	-0.20769418098732523	-0.21118483949131386	-0.9003	-0.2042	-0.763
960.0	6.140079	-1.1997630000000001	7.655724	-0.10122909661567112	-0.5096361415823443	-0.22514747350726852	-0.9015	-0.2059	-0.7602
961.0	6.135174	-1.2184020000000002	7.723413000000001	-0.1413716694115407	-0.598647933434055	-0.21118483949131386	-0.9023	-0.2076	-0.7559
961.9999999999999	6.104763	-1.181124	7.807779000000001	-0.1884955592153876	-0.8569566627292158	-0.16580627893946132	-0.9042	-0.2091	-0.7517
963.0000000000001	6.095934	-1.134036	7.900974000000001	-0.26529004630313807	-1.1082840750163994	-0.15009831567151233	-0.9063	-0.2107	-0.7467
964.0	6.07239	-1.060461	8.027523	-0.32288591161895097	-1.4276793281313616	-0.11344640137963143	-0.9103	-0.2123	-0.7434
965.0	6.053751	-0.9849240000000001	8.168787	-0.40317105721069013	-1.7802358370342162	-0.07330382858376185	-0.9146	-0.2132	-0.7375
966.0	6.044922	-0.9280260000000001	8.314956	-0.4642575810304917	-2.1624629432209743	-0.07504915783575616	-0.9201	-0.2135	-0.7268
967.0	6.037074	-0.917235	8.47584	-0.4921828490624009	-2.3544491609403506	-0.06806784082777885	-0.9269	-0.2134	-0.7152
968.0	6.022359000000001	-0.907425	8.647515	-0.5689773361501514	-2.77332818141899	-0.07504915783575616	-0.9355	-0.2131	-0.7011
969.0	6.007644000000001	-0.897615	8.818209000000001	-0.5689773361501514	-2.77332818141899	-0.07504915783575616	-0.944	-0.2128	-0.687
969.9999999999999	5.977233	-0.897615	9.00558	-0.7906341511534313	-3.6425021489121656	-0.048869219055841226	-0.9543	-0.2123	-0.6668
971.0000000000001	5.921316000000001	-0.9800190000000001	9.183141	-0.8918632477691024	-4.2167154728183	-0.1710422666954443	-0.966	-0.211	-0.6427
972.0000000000001	5.776128	-1.13796	9.337158	-1.007054978400728	-4.961971063419879	-0.3839724354387525	-0.9787	-0.21	-0.614
973.0	5.560308	-1.352799	9.506871	-1.0262536001726656	-5.885250237724879	-0.7260569688296411	-0.9925	-0.2095	-0.5804
974.0	5.263065	-1.8011160000000002	9.603009	-0.9634217471008699	-6.548475353482725	-1.0349802464326374	-1.0068	-0.2097	-0.5404
975.0	5.142402000000001	-2.1807630000000002	9.351873000000001	-0.9756390518648302	-8.260643349689161	-1.9425514574696887	-1.0214	-0.212	-0.4931
976.0	5.286609	-2.4897780000000003	8.647515	-0.9250245035569946	-10.712830948741194	-3.2061698359135833	-1.0351	-0.2185	-0.4354
977.0	5.730021	-2.5976879999999998	8.568054	-0.8482300164692442	-12.824679343654333	-4.159119607502488	-1.046	-0.2299	-0.3666
977.9999999999999	8.335557	-2.622213	9.204723000000001	-1.5690509975429023	-11.527899709422547	-3.51509311351658	-1.0527	-0.2458	-0.2875
978.9999999999999	10.269108	-3.432519	9.474498	-0.6789330790257941	-9.765117164908274	-3.9008108782073267	-1.0547	-0.2663	-0.198
980.0000000000001	12.624489	-4.2928560000000004	10.042497000000001	-0.0645771823237902	-9.126326658678348	-4.033455901358895	-1.0486	-0.2912	-0.106
981.0	14.0283	-4.985442	10.130787	0.3141592653589793	-7.164576579436723	-3.3457961760731294	-1.0358	-0.3195	-0.0115
982.0	15.159393	-5.468094000000001	10.168065	0.16755160819145562	-6.592108584782583	-2.939134460358451	-1.0164	-0.3508	0.0859
983.0	16.279695	-5.86638	10.561446	-0.3717551306747922	-6.126105674500097	-2.272418686096617	-0.9901	-0.3841	0.1829
984.0	16.999749	-6.095934	11.484567000000002	-0.7976154681614086	-3.9636427312791223	-1.4206980111233845	-0.9578	-0.419	0.2775
985.0	18.221094	-6.437322	12.775563	-0.9791297103688189	-1.048942880448592	-0.6702064327658225	-0.9225	-0.4534	0.3631
986.0	18.995103	-7.4379420000000005	14.650254000000002	-0.7033676885537148	1.8203784098300857	0.16580627893946132	-0.8854	-0.4855	0.434
986.9999999999999	18.459477	-8.340462	15.439959000000002	-0.5358160803622591	2.8518679977587347	0.5532693728822025	-0.851	-0.5129	0.4868
988.0000000000001	15.442902000000002	-8.96634	15.143697000000001	0.08377580409572781	3.783873818323707	0.6335545184739416	-0.8204	-0.5363	0.5233
989.0	12.938409	-8.491536	14.913162000000002	0.07853981633974483	4.202752838802346	0.7661995416255106	-0.7964	-0.5546	0.5445
990.0	10.001295	-7.806798	14.127381	-0.3385938748868999	4.333652532701921	0.921533845053006	-0.7791	-0.5683	0.553
991.0	8.13249	-7.234875000000001	13.728114	-0.8482300164692442	4.471533543609472	1.0000736613927508	-0.7689	-0.5786	0.5502
992.0	6.82776	-6.872886	13.367106000000001	-1.2095131716320704	4.756022211684548	1.0122909661567112	-0.7655	-0.5858	0.5358
993.0	5.7143250000000005	-6.608997	12.670596000000002	-1.3177235852557188	5.0143309409797086	1.0367255756846316	-0.7694	-0.5905	0.5107
994.0	5.127687000000001	-6.390234	11.506149	-1.2479104151759457	5.593780252641826	1.0454522219446034	-0.779	-0.593	0.4757
994.9999999999999	3.8200140000000005	-6.137136000000001	10.330911	-0.9564404300928926	6.122615015996108	1.1257373675363425	-0.7931	-0.5939	0.4352
996.0000000000001	2.723256	-5.267970000000001	9.01539	-0.5654866776461628	6.457718232379019	1.2897983172238097	-0.8098	-0.5927	0.3928
997.0000000000001	2.676168	-4.606776	8.129547	-0.20943951023931956	6.742206900454096	1.530653753999027	-0.827	-0.5903	0.35
998.0	2.9969550000000003	-4.2065280000000005	7.641009	-0.013962634015954637	6.979571678725323	1.8186330805780915	-0.844	-0.5866	0.3064
999.0	3.534543	-4.024062000000001	7.4938590000000005	-0.08552113334772216	7.133160652900824	2.151990967709008	-0.86	-0.5817	0.2632
1000.0	4.1937750000000005	-3.972069	7.635123	-0.15707963267948966	7.199483164476609	2.3177972466484698	-0.8754	-0.5756	0.2167
1001.0	4.762755	-3.9210570000000002	7.856829	-0.15707963267948966	7.199483164476609	2.3177972466484698	-0.8891	-0.5696	0.1743
1002.0	5.355279	-3.799413	8.209989	-0.5637413483941683	7.288494956328321	2.7035150113392166	-0.902	-0.5596	0.1207
1002.9999999999999	5.966442	-3.578688	8.547453	-0.8325220532012952	7.14712328691678	2.682571060315284	-0.913	-0.5475	0.064
1003.9999999999999	6.779691000000001	-3.1970790000000004	8.891784	-1.3124875974997359	6.825982704549824	2.6249751949994717	-0.9228	-0.5336	0.0047
1005.0000000000001	7.9362900000000005	-2.90376	9.287127	-1.7610372152622786	6.459463561631014	2.586577951455596	-0.9317	-0.5172	-0.0565
1006.0	9.060516	-2.616327	9.679527	-1.7610372152622786	6.459463561631014	2.586577951455596	-0.9387	-0.5018	-0.1136
1007.0	10.512396	-2.7821160000000003	10.356417000000002	-1.907644872429802	6.047565858160352	2.5185101106278176	-0.9455	-0.4822	-0.1808
1008.0	12.092787	-3.136257	11.073528000000001	-1.7749998492782333	5.7805304826052195	2.5830872929516078	-0.9503	-0.4603	-0.253
1009.0	13.926276	-3.694446	11.738646000000001	-1.6091935703387719	5.539675045830002	2.841396022246769	-0.953	-0.4364	-0.3301
1010.0	15.975585	-4.386051	12.232089	-1.2531464029319286	5.523967082562053	3.314380249537232	-0.9515	-0.4085	-0.4057
1011.0	18.021951	-5.129649000000001	12.563667	-0.5934119456780721	5.593780252641826	3.9217548292312583	-0.9453	-0.3753	-0.4935
1011.9999999999999	19.755378	-5.77809	12.591135000000001	0.23911010752322315	5.5361843873260135	4.440117617073574	-0.9323	-0.341	-0.5676
1013.0000000000001	21.253365000000002	-5.862456000000001	12.393954	0.5131268000863328	5.448917924726296	4.71238898038469	-0.9129	-0.304	-0.6416
1014.0	22.491387	-5.756508	11.868138	0.6108652381980153	5.291838292046807	5.126032013107346	-0.885	-0.2644	-0.7143
1015.0	23.415489	-5.582871000000001	10.901853000000001	0.8796459430051421	5.002113636215749	4.832816698772298	-0.8498	-0.2239	-0.7842
1016.0	24.305256	-5.117877000000001	9.492156000000001	1.048942880448592	4.609414554517024	3.9269908169872414	-0.8077	-0.1811	-0.8531
1017.0	24.923286	-3.496284	7.312374	0.09599310885968812	4.094542425178697	2.9984756549262586	-0.7587	-0.1415	-0.9111
1018.0	25.498152000000005	-1.234098	4.543011	-1.6702800941585734	3.3911747366249827	2.239257430308725	-0.705	-0.1036	-0.9611
1019.0	25.772832000000005	0.8387550000000001	1.507797	-1.8640116411299439	2.220058808536787	1.4102260356114182	-0.6479	-0.066	-1.0021
1019.9999999999999	25.749288	2.3956020000000002	-1.406754	-1.5742869852988852	1.429424657383356	0.921533845053006	-0.5906	-0.0312	-1.0383
1021.0000000000001	25.650207	3.7915650000000003	-3.9495060000000004	0.3420845333908886	-0.11868238913561441	-0.1291543646475804	-0.5365	-0.0008	-1.0621
1022.0000000000001	25.53543	5.2944569999999995	-6.010587	1.5550883635269475	-1.24965574442794	-0.9808750396208132	-0.4884	0.0232	-1.085
1023.0	25.364736	6.216597000000001	-7.486011	1.6545721308906243	-1.843067690106012	-1.530653753999027	-0.449	0.0406	-1.0995
1024.0	24.978222	6.653142000000001	-8.351253	1.5725416560468908	-2.050761871093337	-1.8640116411299439	-0.4188	0.0512	-1.1075
1025.0	23.072139000000004	5.710401	-7.367310000000001	3.1730085801256913	-2.5377087323997554	-2.5970499269675624	-0.3972	0.0556	-1.1124
1026.0	18.908775000000002	4.463550000000001	-4.162383	3.5988689176123074	-2.4696408915719763	-2.520255439879812	-0.3849	0.0537	-1.1182
1027.0	14.663007	3.201003	-1.1870100000000001	3.326597554301192	-3.3615041393410787	-1.965240737745615	-0.3811	0.0454	-1.121
1028.0	10.758627	1.9620000000000002	0.0049050000000000005	2.1223203704251046	-5.328490206338689	-0.8883725892651138	-0.3861	0.0316	-1.1182
1029.0	9.300861000000001	1.281186	1.751085	1.1414453308042916	-6.234316088123745	0.3490658503988659	-0.4011	0.0122	-1.1112
1030.0	8.585712000000001	1.1634660000000001	4.303647	0.8552113334772214	-5.398303376418461	0.5585053606381855	-0.4289	-0.0107	-1.0992
1031.0	7.451676000000001	1.204668	6.695325	0.9983283321407566	-5.133013330115324	-0.3909537524467298	-0.4621	-0.0361	-1.0834
1032.0	6.429474	1.03986	8.776026	0.9983283321407566	-5.133013330115324	-0.3909537524467298	-0.4945	-0.0605	-1.0675
1033.0	5.494581000000001	0.817173	10.321101	0.4328416544945937	-4.375540434749784	-0.7557275661135446	-0.5328	-0.084	-1.0459
1034.0	4.266369	0.42379200000000006	11.471814	0.10995574287564276	-4.220206131322289	-0.3839724354387525	-0.5725	-0.1063	-1.0214
1035.0	4.285008	1.271376	11.039193000000001	-0.04537856055185257	-4.277801996638102	-0.013962634015954637	-0.6133	-0.1258	-0.9927
1036.0	8.095212	1.283148	9.587313	1.4049900478554354	-2.8989918875625813	-1.0890854532444616	-0.6533	-0.1435	-0.9617
1037.0	12.844233	1.1222640000000002	8.513118	1.36659280431156	-0.5358160803622591	-0.7958701389094143	-0.6907	-0.1581	-0.9298
1038.0	14.938668	1.0859670000000001	9.448011	0.8761552845011534	-0.2879793265790644	-0.38746309394274114	-0.725	-0.1699	-0.9016
1039.0	14.532534000000002	0.851508	10.093509	0.619591884457987	-0.2565634000431664	-0.15533430342749532	-0.7539	-0.18	-0.8775
1040.0	13.402422000000001	0.361008	9.803133	0.2775073510670984	-0.19198621771937624	0.061086523819801536	-0.7737	-0.1894	-0.8581
1041.0	12.726512999999999	-0.290376	9.47646	0.20420352248333654	-0.1710422666954443	0.027925268031909273	-0.7899	-0.1975	-0.8424
1042.0	11.978010000000001	-0.816192	9.139977	0.14486232791552936	-0.17278759594743864	0.04537856055185257	-0.8064	-0.2055	-0.8264
1043.0	11.314854	-1.3665330000000002	8.948682	0.1117010721276371	-0.12217304763960307	0.017453292519943295	-0.8152	-0.2126	-0.8168
1044.0	11.112768	-1.5342840000000002	8.869221000000001	0.12042771838760874	-0.12566370614359174	-0.010471975511965976	-0.8214	-0.2182	-0.8096
1045.0	11.211849	-1.410678	8.87805	0.06981317007977318	-0.054105206811824215	0.015707963267948967	-0.8239	-0.2242	-0.8054
1046.0	9.792342	-0.5140440000000001	8.131509	0.07504915783575616	-0.05759586531581287	0.0	-0.825	-0.2275	-0.8038
1047.0	7.377120000000001	-0.22857300000000003	7.764615	0.0645771823237902	-0.03665191429188092	-0.03316125578789226	-0.8257	-0.2297	-0.8023
1048.0	7.146585000000001	-0.595467	7.670439000000001	0.054105206811824215	-0.07853981633974483	0.0	-0.8267	-0.231	-0.8012
1049.0	6.953328	-0.9711900000000001	7.591959000000001	-0.041887902047863905	-0.10122909661567112	0.10122909661567112	-0.8276	-0.2321	-0.7993
1050.0	6.731622000000001	-1.045746	7.630218000000001	-0.0890117918517108	-0.1710422666954443	0.1466076571675237	-0.8283	-0.2324	-0.7981
1051.0	6.555042	-0.942741	7.648857	-0.12566370614359174	-0.1832595714594046	0.18675022996339324	-0.8291	-0.2325	-0.7969
1052.0	6.4667520000000005	-0.9849240000000001	7.6567050000000005	-0.10471975511965978	-0.1954768762233649	0.19373154697137057	-0.8296	-0.2325	-0.7961
1053.0	6.357861000000001	-0.963342	7.673382	-0.1064650843716541	-0.1710422666954443	0.19896753472735357	-0.8298	-0.2318	-0.7951
1054.0	6.321564	-0.949608	7.658667	-0.07679448708775051	-0.17278759594743864	0.19722220547535926	-0.8302	-0.2313	-0.7944
1055.0	6.263685	-1.05948	7.649838000000001	-0.09075712110370514	-0.15358897417550102	0.20420352248333654	-0.8314	-0.2303	-0.7919
1056.0	6.234255	-1.090872	7.641009	-0.054105206811824215	-0.15009831567151233	0.18151424220741028	-0.8323	-0.2291	-0.7877
1057.0	6.244065	-1.092834	7.594902	-0.06632251157578452	-0.12566370614359174	0.15707963267948966	-0.8335	-0.2277	-0.7822
1058.0	6.252894	-1.129131	7.558605	-0.09250245035569947	-0.1413716694115407	0.10995574287564276	-0.8346	-0.2262	-0.7751
1059.0	6.2607420000000005	-1.215459	7.517403	-0.10297442586766545	-0.143116998663535	0.10297442586766545	-0.836	-0.224	-0.768
1060.0	6.284286	-1.295901	7.467372	-0.12042771838760874	-0.1413716694115407	0.08726646259971647	-0.8376	-0.2222	-0.7622
1061.0	6.302925	-1.344951	7.423227000000001	-0.1413716694115407	-0.1291543646475804	0.0890117918517108	-0.8388	-0.2206	-0.7576
1062.0	6.306849000000001	-1.3910580000000001	7.401645	-0.13264502315156904	-0.143116998663535	0.08028514559173916	-0.8398	-0.2189	-0.7547
1063.0	6.311754	-1.42245	7.383987	-0.13264502315156904	-0.12740903539558607	0.054105206811824215	-0.8414	-0.2173	-0.7534
1064.0	6.321564	-1.439127	7.366329	-0.09948376736367678	-0.1308996938995747	0.05759586531581287	-0.8424	-0.2154	-0.7527
1065.0	6.327450000000001	-1.437165	7.349652	-0.10471975511965978	-0.10995574287564276	0.04014257279586958	-0.8435	-0.2139	-0.7534
1066.0	6.325488000000001	-1.4361840000000001	7.335918	-0.08552113334772216	-0.08726646259971647	0.03316125578789226	-0.8446	-0.2126	-0.7557
1067.0	6.321564	-1.437165	7.329051000000001	-0.07504915783575616	-0.0645771823237902	0.020943951023931952	-0.8456	-0.2115	-0.7594
1068.0	6.321564	-1.445994	7.330032	-0.06283185307179587	-0.0645771823237902	0.006981317007977318	-0.8463	-0.2102	-0.7649
1069.0	6.333336	-1.453842	7.323165000000001	-0.059341194567807204	-0.0471238898038469	0.003490658503988659	-0.8469	-0.2094	-0.7708
1070.0	6.341184	-1.4656140000000002	7.317279	-0.03490658503988659	-0.05061454830783556	-0.005235987755982988	-0.847	-0.2089	-0.7742
1071.0	6.352956	-1.4646329999999999	7.3133550000000005	-0.03665191429188092	-0.026179938779914945	0.0	-0.8473	-0.2085	-0.7748
1072.0	6.363747000000001	-1.444032	7.310412	-0.031415926535897934	-0.020943951023931952	-0.0017453292519943296	-0.8477	-0.2079	-0.773
1073.0	6.368652	-1.43226	7.310412	-0.031415926535897934	-0.022689280275926284	-0.006981317007977318	-0.8483	-0.2076	-0.7682
1074.0	6.365709000000001	-1.4165640000000002	7.315317	-0.017453292519943295	-0.005235987755982988	-0.022689280275926284	-0.8485	-0.2077	-0.7617
1075.0	6.362766	-1.408716	7.336899000000001	-0.03490658503988659	-0.024434609527920613	-0.012217304763960306	-0.8487	-0.2077	-0.7564
1076.0	6.357861000000001	-1.4018490000000001	7.355538000000001	-0.05235987755982989	-0.04537856055185257	-0.024434609527920613	-0.8491	-0.2076	-0.7524
1077.0	6.352956	-1.3734000000000002	7.374177	-0.06981317007977318	-0.07853981633974483	-0.026179938779914945	-0.8499	-0.2072	-0.7504
1078.0	6.34707	-1.345932	7.383987	-0.0715584993317675	-0.09075712110370514	-0.013962634015954637	-0.8504	-0.2072	-0.7492
1079.0	6.342165	-1.340046	7.400664	-0.07853981633974483	-0.12217304763960307	-0.019198621771937627	-0.8513	-0.2071	-0.7492
1080.0	6.344127000000001	-1.344951	7.40655	-0.0942477796076938	-0.1308996938995747	-0.022689280275926284	-0.8523	-0.2068	-0.7503
1081.0	6.345108000000001	-1.3694760000000001	7.402626000000001	-0.07504915783575616	-0.13439035240356337	-0.04537856055185257	-0.8529	-0.2062	-0.7529
1082.0	6.349032	-1.395963	7.400664	-0.0715584993317675	-0.12740903539558607	-0.059341194567807204	-0.8538	-0.2061	-0.7555
1083.0	6.352956	-1.4057730000000002	7.400664	-0.059341194567807204	-0.158824961931484	-0.08203047484373349	-0.8548	-0.206	-0.7619
1084.0	6.353937000000001	-1.427355	7.398702	-0.07679448708775051	-0.16755160819145562	-0.09948376736367678	-0.8561	-0.2058	-0.7672
1085.0	6.353937000000001	-1.4636520000000002	7.3996830000000005	-0.06632251157578452	-0.1884955592153876	-0.12566370614359174	-0.8568	-0.2056	-0.7717
1086.0	6.3549180000000005	-1.4871960000000002	7.392816000000001	-0.08726646259971647	-0.20943951023931956	-0.17278759594743864	-0.8577	-0.2057	-0.7743
1087.0	6.3549180000000005	-1.5136830000000001	7.39674	-0.09250245035569947	-0.27401669256310973	-0.19896753472735357	-0.8584	-0.2063	-0.7766
1088.0	6.350994	-1.552923	7.427151	-0.15358897417550102	-0.34033920413889424	-0.23736477827122882	-0.8594	-0.207	-0.7773
1089.0	6.350013000000001	-1.550961	7.467372	-0.2181661564992912	-0.47298422729046335	-0.2617993877991494	-0.8599	-0.2078	-0.7758
1090.0	6.335298000000001	-1.5480180000000001	7.529175	-0.25132741228718347	-0.5899212871740833	-0.2827433388230814	-0.8609	-0.2086	-0.7748
1091.0	6.340203	-1.507797	7.576263	-0.30543261909900765	-0.6579891280018623	-0.29496064358704166	-0.8624	-0.2092	-0.773
1092.0	6.346089000000001	-1.476405	7.619427	-0.36826447217080355	-0.778416846389471	-0.3159045946109737	-0.8642	-0.21	-0.7698
1093.0	6.350013000000001	-1.44207	7.652781000000001	-0.5061454830783556	-0.8831366015091308	-0.34732052114687156	-0.8665	-0.2107	-0.7638
1094.0	6.388272000000001	-1.3351410000000001	7.657686	-0.7487462491055673	-0.9616764178488756	-0.42062434973063345	-0.8694	-0.2115	-0.7591
1095.0	6.454980000000001	-1.2184020000000002	7.608636	-1.2897983172238097	-0.9791297103688189	-0.6492624817418906	-0.8731	-0.2117	-0.7535
1096.0	6.546213000000001	-1.3008060000000001	7.558605	-1.663298777150596	-0.9773843811168246	-1.0524335389525807	-0.8773	-0.2123	-0.7475
1097.0	6.646275	-1.4450129999999999	7.4762010000000005	-1.9774580425095754	-0.9512044423369096	-1.488765851951163	-0.8819	-0.212	-0.739
1098.0	6.74928	-1.588239	7.355538000000001	-2.176425577236929	-0.9389871375729493	-1.726130630222392	-0.8867	-0.212	-0.7328
1099.0	6.864057	-1.7942490000000002	7.194654000000001	-2.5377087323997554	-0.8883725892651138	-2.1886428820008894	-0.8921	-0.2118	-0.7252
1100.0	7.006302	-1.951209	6.99453	-2.9618237406343773	-0.8290313946973066	-2.626720524251466	-0.897	-0.2124	-0.7145
1101.0	7.14168	-2.144466	6.801273000000001	-3.427826650916863	-0.7819075048934596	-3.0281462522101616	-0.9016	-0.2142	-0.7071
1102.0	7.278039000000001	-2.3092740000000003	6.592320000000001	-3.7803831598197175	-0.7051130178057091	-3.3702307856010503	-0.9056	-0.2161	-0.7001
1103.0	7.414398	-2.493702	6.377481	-4.101523742186674	-0.6143558967020041	-3.6617007706841034	-0.9088	-0.2189	-0.6932
1104.0	7.516422	-2.7330660000000004	6.1871670000000005	-4.319689898685966	-0.5305800926062761	-3.871140280923423	-0.9115	-0.2234	-0.6893
1105.0	7.593921000000001	-2.9645820000000005	6.039036	-4.319689898685966	-0.5305800926062761	-3.871140280923423	-0.9136	-0.2284	-0.6865
1106.0	7.646895	-3.010689	5.891886	-4.319689898685966	-0.5305800926062761	-3.871140280923423	-0.9147	-0.2331	-0.6845
1107.0	7.691040000000001	-3.006765	5.770242	-4.319689898685966	-0.5305800926062761	-3.871140280923423	-0.9156	-0.2381	-0.6837
1108.0	7.738128	-2.99205	5.665275	-4.319689898685966	-0.5305800926062761	-3.871140280923423	-0.916	-0.243	-0.6807
1109.0	7.756767	-2.892969	5.593662000000001	-5.009094953223726	-0.013962634015954637	-4.262094033370152	-0.9134	-0.2519	-0.6808
1110.0	7.758729000000001	-2.8331280000000003	5.544612000000001	-5.009094953223726	-0.013962634015954637	-4.262094033370152	-0.9107	-0.2605	-0.6835
1111.0	7.744014	-2.726199	5.5259730000000005	-4.932300466135976	0.14835298641951802	-4.232423436086249	-0.9065	-0.2691	-0.6859
1112.0	7.719489000000001	-2.6388900000000004	5.527935	-4.839798015780276	0.24085543677521748	-4.145156973486532	-0.9016	-0.2776	-0.6907
1113.0	7.703793	-2.561391	5.55246	-4.661774432076855	0.3508111796508603	-4.061381169390804	-0.8956	-0.2858	-0.6975
1114.0	7.684173	-2.46231	5.5691370000000004	-4.499458811641381	0.43458698374658805	-3.949680097263168	-0.8888	-0.2924	-0.7032
1115.0	7.668477	-2.329875	5.5691370000000004	-4.405211032033688	0.5567600313861911	-3.8432150128915135	-0.8812	-0.2992	-0.7106
1116.0	7.650819000000001	-2.1758580000000003	5.531859	-4.359832471481836	0.6143558967020041	-3.7280232822598878	-0.8723	-0.3057	-0.7193
1117.0	7.644933	-2.0169360000000003	5.496543000000001	-4.337143191205909	0.7120943348136864	-3.6459928074161545	-0.8623	-0.3122	-0.7293
1118.0	7.641009	-1.845261	5.463189	-4.317944569433972	0.7609635538695277	-3.607595563872279	-0.8512	-0.3184	-0.7403
1119.0	7.644933	-1.71675	5.435721000000001	-4.3074725939220055	0.8307767239493009	-3.569198320328404	-0.8411	-0.3199	-0.7526
1120.0	7.6567050000000005	-1.632384	5.4092340000000005	-4.277801996638102	0.9128071987930343	-3.5482543693044724	-0.83	-0.321	-0.7664
1121.0	7.666515	-1.5646950000000002	5.377842	-4.253367387110181	1.0140362954087054	-3.5604716740684323	-0.819	-0.3202	-0.78
1122.0	7.67142	-1.506816	5.359203	-4.218460802070294	1.0978120995044334	-3.5360370645405115	-0.8071	-0.3186	-0.7943
1123.0	7.650819000000001	-1.4352030000000002	5.341545	-4.194026192542374	1.2042771838760873	-3.511602455012591	-0.7949	-0.3155	-0.8086
1124.0	7.658667	-1.394001	5.366070000000001	-4.141666314982544	1.2409290981679681	-3.5552356863124492	-0.7824	-0.3112	-0.823
1125.0	7.637085	-1.394982	5.411196	-4.042182547618867	1.2950343049797925	-3.5395277230445004	-0.7687	-0.3055	-0.8372
1126.0	7.616484	-1.4155830000000003	5.493600000000001	-4.042182547618867	1.2950343049797925	-3.5395277230445004	-0.7564	-0.3002	-0.8501
1127.0	7.585092	-1.44207	5.574042	-4.042182547618867	1.2950343049797925	-3.5395277230445004	-0.7451	-0.2949	-0.8618
1128.0	7.551738000000001	-1.4813100000000001	5.651541	-4.042182547618867	1.2950343049797925	-3.5395277230445004	-0.7349	-0.2897	-0.8723
1129.0	7.518384	-1.528398	5.723154000000001	-4.042182547618867	1.2950343049797925	-3.5395277230445004	-0.7263	-0.285	-0.8812
1130.0	7.4762010000000005	-1.5323220000000002	5.792805	-4.042182547618867	1.2950343049797925	-3.5395277230445004	-0.7187	-0.2806	-0.8887
1131.0	7.441866000000001	-1.5539040000000002	5.850684000000001	-4.042182547618867	1.2950343049797925	-3.5395277230445004	-0.7126	-0.277	-0.8944
1132.0	7.417341	-1.5646950000000002	5.892867000000001	-4.042182547618867	1.2950343049797925	-3.5395277230445004	-0.708	-0.2739	-0.8983
1133.0	7.408512	-1.572543	5.927202	-4.042182547618867	1.2950343049797925	-3.5395277230445004	-0.7051	-0.2719	-0.9011
1134.0	7.250571	-1.4970060000000003	6.122421	-2.6860617188192735	1.1519173063162575	-3.099704751541929	-0.6907	-0.2632	-0.9067
1135.0	7.103421	-1.3684950000000002	6.341184	-2.4609142453120048	1.1309733552923256	-2.935643801854462	-0.6764	-0.2549	-0.9128
1136.0	6.942537000000001	-1.2095730000000002	6.549156	-2.21307749152881	1.0576695267085636	-2.7593655474030347	-0.6611	-0.2465	-0.9211
1137.0	6.75909	-0.9564750000000001	6.776748	-2.1153390534171272	1.0245082709206714	-2.6598817800393584	-0.6446	-0.2371	-0.9313
1138.0	6.532479	-0.669042	7.013169	-2.057743188101315	0.9738937226128358	-2.405063709248186	-0.6276	-0.2271	-0.9435
1139.0	6.2862480000000005	-0.38749500000000003	7.283925000000001	-2.076941809873252	0.8691739674931761	-2.1467549799530254	-0.609	-0.2162	-0.9557
1140.0	6.012549	-0.151074	7.607655	-2.0472712125893486	0.7487462491055673	-1.8552849948699723	-0.59	-0.2043	-0.969
1141.0	5.776128	-0.020601	7.972587	-1.8675022996339325	0.5899212871740833	-1.4922565104551517	-0.5703	-0.1913	-0.9819
1142.0	5.481828	0.019620000000000002	8.390493	-1.5393804002589988	0.48171087355043496	-1.1763519158441782	-0.5504	-0.1777	-0.9953
1143.0	5.198319000000001	0.044145	8.814285	-1.13271868454432	0.3420845333908886	-0.9512044423369096	-0.5299	-0.1634	-1.0089
1144.0	5.028606	0.04316400000000001	9.022257	-0.9686577348568529	0.27576202181510406	-0.7853981633974483	-0.5213	-0.1561	-1.0183
1145.0	4.873608000000001	-0.002943	9.204723000000001	-0.9686577348568529	0.27576202181510406	-0.7853981633974483	-0.5146	-0.1496	-1.0257
1146.0	4.732344	-0.08044200000000001	9.396999000000001	-0.9686577348568529	0.27576202181510406	-0.7853981633974483	-0.5089	-0.1434	-1.031
1147.0	4.613643000000001	-0.25211700000000004	9.569655000000001	-0.9686577348568529	0.27576202181510406	-0.7853981633974483	-0.5045	-0.1381	-1.0343
1148.0	4.538106	-0.458127	9.734463	-0.9686577348568529	0.27576202181510406	-0.7853981633974483	-0.5005	-0.1333	-1.0357
1149.0	4.482189	-0.6582510000000001	9.864936	-0.9686577348568529	0.27576202181510406	-0.7853981633974483	-0.4982	-0.1295	-1.037
1150.0	4.283046	-0.535626	10.046421	-0.6928957130417489	0.026179938779914945	0.38222710618675815	-0.4958	-0.123	-1.0324
1151.0	4.001499	-0.210915	10.217115000000002	-0.9267698328089891	0.0942477796076938	0.3246312408709453	-0.4935	-0.1167	-1.0294
1152.0	3.7807740000000005	0.244269	10.367208	-1.1780972450961724	0.11519173063162574	0.13439035240356337	-0.4912	-0.1098	-1.0275
1153.0	3.704256	0.8103060000000001	10.587933	-1.3823007675795091	0.1884955592153876	-0.10122909661567112	-0.4893	-0.1025	-1.027
1154.0	3.6875790000000004	1.3371030000000002	10.836126	-1.6982053621904827	0.46949356878647464	-0.2984513020910304	-0.4878	-0.0943	-1.0271
1155.0	3.626757	1.78542	11.079414	-1.8570303241219668	0.7033676885537148	-0.4869468613064179	-0.4857	-0.0846	-1.0274
1156.0	3.565935	2.233737	11.322702	-1.8570303241219668	0.7033676885537148	-0.4869468613064179	-0.4836	-0.075	-1.0277
1157.0	3.441348	2.4750630000000005	11.512035000000001	-1.8448130193580063	0.9005898940290741	-0.6981317007977318	-0.4796	-0.0629	-1.0288
1158.0	3.3403050000000003	2.631042	11.689596	-1.7226399717184033	0.9442231253289323	-0.7504915783575618	-0.4751	-0.0493	-1.0303
1159.0	3.347172	2.740914	11.872062	-1.6022122533307945	1.0210176124166828	-0.7243116395776468	-0.4692	-0.0345	-1.0337
1160.0	3.5884980000000004	2.537847	11.936808000000001	-1.567305668290908	1.2531464029319286	-0.5864306286700948	-0.463	-0.0224	-1.0423
1161.0	3.8867220000000002	2.190573	11.966238	-1.5219271077390555	1.4835298641951802	-0.41538836197465046	-0.4556	-0.01	-1.0505
1162.0	4.185927	1.7746290000000002	11.942694000000001	-1.488765851951163	1.7418385934903409	-0.25481807079117214	-0.4472	0.0022	-1.0555
1163.0	4.340925	1.2645089999999999	11.812221000000001	-1.4503686084072878	1.8535396656179781	-0.1413716694115407	-0.4364	0.0149	-1.0592
1164.0	4.441968	0.758313	11.620926	-1.436405974391333	2.0839231268812295	-0.1064650843716541	-0.4242	0.0272	-1.0631
1165.0	4.55184	0.35414100000000004	11.388429	-1.4329153158873444	2.2078415037728267	-0.09948376736367678	-0.4097	0.0396	-1.0683
1166.0	4.662693	-0.054936000000000006	11.107863000000002	-1.4416419621473162	2.26543736908864	-0.1710422666954443	-0.3924	0.0529	-1.0753
1167.0	4.837311	-0.25702200000000003	10.881252	-1.4416419621473162	2.26543736908864	-0.1710422666954443	-0.3771	0.0638	-1.0815
1168.0	5.029587	-0.42771600000000004	10.594800000000001	-1.3491395117916167	2.26543736908864	-0.47472955654245763	-0.358	0.0756	-1.0874
1169.0	5.123763	-0.571923	10.258317000000002	-1.2967796342317868	2.2479840765686965	-0.6440264939859076	-0.3373	0.0873	-1.0919
1170.0	5.1571169999999995	-0.6906240000000001	9.871803	-1.2671090369478832	2.2287854547967587	-0.7155849933176751	-0.3155	0.099	-1.0965
1171.0	5.173794	-0.778914	9.421524000000002	-1.2775810124598492	2.157226955464991	-0.8168140899333461	-0.2929	0.1101	-1.1005
1172.0	5.178699000000001	-0.860337	8.933967	-1.3369222070276563	2.0245819323134224	-0.8831366015091308	-0.2697	0.1212	-1.1069
1173.0	5.164965	-0.960399	8.424828	-1.424188669627373	1.8692476288859268	-0.8709192967451704	-0.247	0.1316	-1.1138
1174.0	5.167908000000001	-1.143846	7.924518	-1.53588974175501	1.7296212887263804	-0.8080874436733745	-0.2234	0.1428	-1.12
1175.0	5.201262000000001	-1.387134	7.421265	-1.6388641676226756	1.5289084247470326	-0.7243116395776468	-0.2012	0.1539	-1.1221
1176.0	5.219901	-1.627479	6.901335	-1.715658654710426	1.4329153158873444	-0.6178465552059926	-0.1805	0.1657	-1.1235
1177.0	5.234616	-1.8884250000000002	6.339222	-1.9233528356977512	1.1868238913561442	-0.582939970166106	-0.1577	0.1793	-1.1223
1178.0	5.204205	-2.125827	5.809482	-2.131047016685076	0.9337511498169663	-0.5201081170943103	-0.1386	0.1924	-1.1233
1179.0	5.171832	-2.346552	5.311134	-2.38237442897226	0.7138396640656808	-0.45029494701453704	-0.1209	0.2063	-1.1188
1180.0	5.214015	-2.6104410000000002	4.897152	-2.5132741228718345	0.5532693728822025	-0.36826447217080355	-0.1041	0.2242	-1.116
1181.0	5.366070000000001	-2.945943	4.591080000000001	-2.450442269800039	0.5777039824101231	-0.32114058236695664	-0.0891	0.2437	-1.112
1182.0	5.56227	-3.2873310000000004	4.377222	-2.209586833024821	0.6824237375297829	-0.30194196059501904	-0.0754	0.2646	-1.1053
1183.0	5.742774000000001	-3.566916	4.230072000000001	-2.0612338466053033	0.7312929565856241	-0.2932153143350474	-0.0628	0.2862	-1.0969
1184.0	5.8742280000000004	-3.703275	4.130991	-1.7610372152622786	0.7557275661135446	-0.32288591161895097	-0.0518	0.3076	-1.0878
1185.0	6.006663	-3.690522	4.056435	-1.5446163880149817	0.7243116395776468	-0.3752457891787809	-0.0418	0.3291	-1.0804
1186.0	6.1842239999999995	-3.5678970000000003	3.996594	-1.3910274138394807	0.6928957130417489	-0.41538836197465046	-0.0325	0.3506	-1.0706
1187.0	6.430455	-3.3667920000000002	3.9534300000000004	-1.2060225131280815	0.6370451769779303	-0.5427973973702365	-0.0252	0.371	-1.0631
1188.0	6.773805	-3.111732	3.934791	-0.9023352232810684	0.609119908946021	-0.7627088831215221	-0.0187	0.3903	-1.053
1189.0	7.160319	-2.814489	3.9102660000000005	-0.5026548245743669	0.5218534463463045	-1.0332349171806432	-0.0133	0.4088	-1.0471
1190.0	7.4683530000000005	-2.463291	3.864159	-0.5026548245743669	0.5218534463463045	-1.0332349171806432	-0.009	0.4225	-1.0392
1191.0	7.672401000000001	-2.024784	3.7797929999999997	-0.5026548245743669	0.5218534463463045	-1.0332349171806432	-0.0053	0.4336	-1.0322
1192.0	7.840152000000001	-1.55979	3.65913	-0.5026548245743669	0.5218534463463045	-1.0332349171806432	-0.0023	0.4426	-1.0271
1193.0	7.452657000000001	-1.399887	3.8474820000000003	1.5585790220309363	-0.6562437987498679	-2.356194490192345	-0.0054	0.4473	-1.0247
1194.0	6.7031730000000005	-1.6058970000000001	4.454721	1.9128808601857852	-0.8412486994612669	-2.558652683423687	-0.0117	0.4477	-1.024
1195.0	5.188509000000001	-2.435823	5.903658	2.179916235740918	-1.0210176124166828	-2.5935592684635735	-0.0212	0.445	-1.0252
1196.0	3.161763	-3.277521	7.806798	2.1834068942449063	-1.3508848410436112	-2.405063709248186	-0.0337	0.4383	-1.0285
1197.0	2.2965210000000003	-3.9838410000000004	8.384607	1.8989182261698305	-1.8832102629018816	-1.6475908138826472	-0.0486	0.4291	-1.0327
1198.0	1.835451	-4.388013	8.295336	2.303834612632515	-2.665117767795341	-1.6667894356545847	-0.0667	0.4165	-1.0375
1199.0	1.9718100000000003	-4.303647	8.941815	2.0821777976292353	-2.2113321622768156	-1.4154620233674011	-0.0877	0.4007	-1.0439
1200.0	2.10915	-4.219281	9.589275	2.0821777976292353	-2.2113321622768156	-1.4154620233674011	-0.1087	0.3849	-1.0503
1201.0	1.9669050000000001	-3.9887460000000003	10.081737	1.541125729510993	-1.8221237390820801	-1.0506882097005865	-0.134	0.3654	-1.0569
1202.0	1.688301	-3.7111230000000006	10.669355999999999	1.1030480872604163	-1.8238690683340744	-0.6161012259539983	-0.1613	0.3441	-1.0635
1203.0	1.9875060000000002	-3.170592	10.934226	1.1030480872604163	-1.8238690683340744	-0.6161012259539983	-0.1834	0.3254	-1.0684
1204.0	2.93319	-2.646738	10.858689	0.5637413483941683	-1.70518667919846	-0.3368485456349056	-0.2071	0.3081	-1.0719
1205.0	4.961898000000001	-1.8383940000000003	9.936549	0.8115781021773633	-1.4590952546672593	-0.48171087355043496	-0.2293	0.2916	-1.0739
1206.0	7.194654000000001	-1.0388789999999999	8.451315000000001	0.8447393579652555	-1.0053096491487339	-0.4625122517784973	-0.2502	0.2763	-1.0742
1207.0	8.010846	-0.307053	8.327709	0.8133234314293576	-0.7400196028455958	-0.4642575810304917	-0.2703	0.2622	-1.0722
1208.0	8.374797000000001	0.08436600000000001	8.894727	0.7103490055616922	-0.5934119456780721	-0.48171087355043496	-0.288	0.2494	-1.0684
1209.0	8.062839	-0.056898	8.722071	0.6824237375297829	-0.4886921905584123	-0.49741883681838395	-0.303	0.2382	-1.0624
1210.0	7.746957	-0.148131	8.558244	0.6230825429619757	-0.3438298626428829	-0.4834562028024293	-0.319	0.2259	-1.0566
1211.0	7.693002000000001	-0.315882	8.549415000000002	0.5323254218582705	-0.2234021442552742	-0.41713369122664473	-0.3312	0.2168	-1.0512
1212.0	7.775406	-0.553284	8.438562	0.4223696789826277	-0.1466076571675237	-0.3159045946109737	-0.3419	0.2085	-1.0479
1213.0	7.840152000000001	-0.7848	8.319861	0.28099800957108706	-0.09948376736367678	-0.1954768762233649	-0.3527	0.1997	-1.0458
1214.0	7.638066	-0.7406550000000001	8.12268	0.1780235837034216	-0.09599310885968812	-0.10821041362364843	-0.3596	0.1923	-1.0458
1215.0	7.11225	-0.47382300000000005	7.951986000000001	0.0715584993317675	-0.07504915783575616	-0.03490658503988659	-0.3655	0.1859	-1.0468
1216.0	6.860133	-0.308034	7.942176	0.03490658503988659	-0.07504915783575616	-0.005235987755982988	-0.3703	0.1801	-1.0491
1217.0	6.785577	-0.271737	7.916670000000001	-0.054105206811824215	-0.06981317007977318	0.06283185307179587	-0.3735	0.175	-1.0529
1218.0	6.660990000000001	-0.23936400000000002	7.881354000000001	-0.11519173063162574	-0.0715584993317675	0.12217304763960307	-0.3761	0.1712	-1.0578
1219.0	6.556023000000001	-0.19521900000000003	7.8676200000000005	-0.1884955592153876	-0.07504915783575616	0.1780235837034216	-0.3786	0.1681	-1.064
1220.0	6.455961	-0.21974400000000002	7.848981000000001	-0.23736477827122882	-0.07853981633974483	0.21642082724729686	-0.3798	0.1662	-1.0702
1221.0	6.368652	-0.31293899999999997	7.8244560000000005	-0.2932153143350474	-0.09599310885968812	0.24958208303518914	-0.3804	0.1656	-1.0747
1222.0	6.280362	-0.385533	7.803855	-0.30543261909900765	-0.10821041362364843	0.26703537555513246	-0.3812	0.1663	-1.076
1223.0	6.204825	-0.47382300000000005	7.790121000000001	-0.38048177693476387	-0.11693705988362008	0.30717794835100204	-0.3815	0.1679	-1.0746
1224.0	6.1616610000000005	-0.544455	7.7685390000000005	-0.41538836197465046	-0.1291543646475804	0.3246312408709453	-0.382	0.1698	-1.0695
1225.0	6.157737000000001	-0.630783	7.749900000000001	-0.44331363000655966	-0.13264502315156904	0.32637657012293964	-0.3824	0.1724	-1.0628
1226.0	6.153813	-0.721035	7.714584	-0.4485496177625427	-0.08552113334772216	0.3490658503988659	-0.3828	0.1759	-1.056
1227.0	6.144003	-0.840717	7.684173	-0.40840704496667307	-0.0715584993317675	0.3368485456349056	-0.3831	0.1803	-1.0505
1228.0	6.129288000000001	-0.960399	7.650819000000001	-0.3455751918948773	-0.041887902047863905	0.28623399732707	-0.3838	0.1852	-1.0468
1229.0	6.112611	-1.090872	7.620408000000001	-0.3141592653589793	-0.024434609527920613	0.2583087292951608	-0.3838	0.1901	-1.0442
1230.0	6.102801	-1.208592	7.590978000000001	-0.25132741228718347	-0.017453292519943295	0.19896753472735357	-0.3847	0.1951	-1.0434
1231.0	6.089067000000001	-1.326312	7.558605	-0.20420352248333654	0.0	0.13788101090755203	-0.3851	0.1996	-1.0434
1232.0	6.075333	-1.4489370000000001	7.533099000000001	-0.12042771838760874	-0.005235987755982988	0.08377580409572781	-0.3852	0.204	-1.045
1233.0	6.070428000000001	-1.5440940000000003	7.502688000000001	-0.08726646259971647	0.006981317007977318	0.03316125578789226	-0.3857	0.2082	-1.0472
1234.0	6.0674850000000005	-1.637289	7.484049000000001	-0.038397243543875255	0.003490658503988659	-0.003490658503988659	-0.3866	0.2119	-1.0525
1235.0	6.040017000000001	-1.69713	7.464429000000001	-0.010471975511965976	0.005235987755982988	-0.059341194567807204	-0.3872	0.2149	-1.0576
1236.0	6.014511	-1.737351	7.462467000000001	0.03490658503988659	0.013962634015954637	-0.06806784082777885	-0.3873	0.2174	-1.0645
1237.0	6.006663	-1.735389	7.462467000000001	0.0715584993317675	0.015707963267948967	-0.10995574287564276	-0.3874	0.219	-1.0664
1238.0	6.004701	-1.707921	7.471296000000001	0.08726646259971647	0.026179938779914945	-0.11519173063162574	-0.3875	0.2201	-1.0668
1239.0	6.0115680000000005	-1.6598519999999999	7.496802000000001	0.06981317007977318	-0.010471975511965976	-0.09075712110370514	-0.3879	0.2206	-1.0685
1240.0	6.0164729999999995	-1.5862770000000002	7.510536	0.024434609527920613	-0.022689280275926284	-0.05759586531581287	-0.3881	0.2208	-1.0696
1241.0	6.029226	-1.5176070000000002	7.535061000000001	0.008726646259971648	-0.04014257279586958	-0.03316125578789226	-0.3883	0.2207	-1.0693
1242.0	6.045903	-1.446975	7.5448710000000005	-0.0	-0.024434609527920613	-0.029670597283903602	-0.3883	0.2199	-1.0698
1243.0	6.0625800000000005	-1.394001	7.566453	-0.020943951023931952	-0.04363323129985824	0.0	-0.3887	0.2194	-1.0684
1244.0	6.064542	-1.342008	7.574301	-0.05061454830783556	-0.024434609527920613	0.019198621771937627	-0.3879	0.2191	-1.0671
1245.0	6.060618000000001	-1.3066920000000002	7.586073	-0.03490658503988659	-0.019198621771937627	0.0017453292519943296	-0.3876	0.2187	-1.0671
1246.0	6.053751	-1.293939	7.586073	-0.0	-0.015707963267948967	-0.048869219055841226	-0.3885	0.2184	-1.0651
1247.0	6.03315	-1.3047300000000002	7.582149	0.06283185307179587	-0.013962634015954637	-0.1064650843716541	-0.3895	0.218	-1.0667
1248.0	6.0468839999999995	-1.3586850000000001	7.589016	0.09075712110370514	-0.003490658503988659	-0.16755160819145562	-0.3899	0.2176	-1.0686
1249.0	6.040017000000001	-1.43226	7.569396	0.17976891295541594	0.0017453292519943296	-0.2007128639793479	-0.3901	0.217	-1.068
1250.0	6.007644000000001	-1.5048540000000001	7.541928	0.21467549799530256	0.005235987755982988	-0.2583087292951608	-0.3905	0.2163	-1.067
1251.0	5.999796000000001	-1.6314030000000002	7.527213000000001	0.30543261909900765	0.03665191429188092	-0.35255650890285456	-0.3912	0.2153	-1.0652
1252.0	5.982138	-1.789344	7.533099000000001	0.4293509959906051	0.11344640137963143	-0.4834562028024293	-0.3925	0.2144	-1.0672
1253.0	5.967423	-1.911969	7.533099000000001	0.4869468613064179	0.11344640137963143	-0.5619960191421741	-0.3928	0.2121	-1.0678
1254.0	5.972328	-1.851147	7.54389	0.36302848441482055	0.05061454830783556	-0.4625122517784973	-0.394	0.2093	-1.0711
1255.0	5.985081	-1.753047	7.576263	0.28623399732707	0.008726646259971648	-0.40491638646268446	-0.3946	0.2059	-1.0747
1256.0	5.991948000000001	-1.653966	7.624332000000001	0.16929693744344995	-0.06981317007977318	-0.3368485456349056	-0.3952	0.2016	-1.0764
1257.0	5.999796000000001	-1.527417	7.673382	0.06806784082777885	-0.1710422666954443	-0.291469985083053	-0.3959	0.1973	-1.0772
1258.0	5.967423	-1.347894	7.708698000000001	-0.07330382858376185	-0.27401669256310973	-0.22514747350726852	-0.3973	0.1931	-1.0775
1259.0	5.951727000000001	-1.173276	7.775406	-0.2007128639793479	-0.41015237421866746	-0.17976891295541594	-0.3998	0.1894	-1.0773
1260.0	5.961537000000001	-1.029069	7.8676200000000005	-0.32114058236695664	-0.5759586531581288	-0.1413716694115407	-0.4016	0.1862	-1.0756
1261.0	5.946822	-0.8387550000000001	7.946100000000001	-0.3717551306747922	-0.7452555906015788	-0.12566370614359174	-0.405	0.1837	-1.0761
1262.0	5.93505	-0.6611940000000001	8.018694	-0.46949356878647464	-0.8429940287132611	-0.1413716694115407	-0.4087	0.1817	-1.0709
1263.0	5.937012	-0.533664	8.096193000000001	-0.5759586531581288	-1.0681415022205298	-0.20769418098732523	-0.4135	0.1813	-1.0693
1264.0	5.9252400000000005	-0.5493600000000001	8.183502	-0.747000919853573	-1.3334315485236679	-0.2565634000431664	-0.4193	0.1819	-1.0626
1265.0	5.862456000000001	-0.5375880000000001	8.325747	-0.8761552845011534	-1.7296212887263804	-0.20245819323134223	-0.4274	0.1841	-1.055
1266.0	5.8487219999999995	-0.545436	8.465049	-0.9721483933608416	-2.1746802479849343	-0.16580627893946132	-0.4368	0.1878	-1.0468
1267.0	5.880114000000001	-0.586638	8.59356	-1.0576695267085636	-2.5673793296836585	-0.13788101090755203	-0.4482	0.1929	-1.039
1268.0	5.91543	-0.5886	8.76033	-1.1728612573401895	-2.7995081201989045	-0.0942477796076938	-0.4615	0.1988	-1.0291
1269.0	5.921316000000001	-0.6425550000000001	8.970264	-1.2147491593880533	-3.344050846821135	-0.048869219055841226	-0.4777	0.2055	-1.0177
1270.0	5.9124870000000005	-0.7151490000000001	9.200799	-1.3526301702956054	-3.937462792499207	-0.0715584993317675	-0.4972	0.213	-1.0041
1271.0	5.844798	-0.870147	9.45684	-1.4992378274631293	-4.626867847036968	-0.31066860685499065	-0.5186	0.2211	-0.987
1272.0	5.724135	-1.0967580000000001	9.708957000000002	-1.736602605734358	-5.557128338349945	-0.6963863715457375	-0.5436	0.2304	-0.9663
1273.0	5.510277	-1.4724810000000002	9.879651	-2.069960492865275	-6.846926655573755	-1.3369222070276563	-0.5737	0.2393	-0.9405
1274.0	5.279742000000001	-1.936494	9.901233000000001	-2.5569073541716927	-8.752826198751563	-2.0263272615654166	-0.6083	0.2479	-0.9081
1275.0	5.181642	-2.406393	9.648135000000002	-2.7000243528352277	-9.857619615263973	-2.2968532956245378	-0.6481	0.2553	-0.8673
1276.0	5.335659000000001	-2.4417090000000004	9.110547	-3.2009338481576006	-11.931070766633237	-2.4556782575560216	-0.6927	0.262	-0.8154
1277.0	6.874848	-2.473101	9.185103	-3.944444109507185	-11.390018698514995	-2.2060961745208325	-0.7392	0.2667	-0.7528
1278.0	9.37836	-3.9396960000000005	10.088604	-2.071705822117269	-9.271188986593879	-3.122394031817856	-0.7866	0.2682	-0.6824
1279.0	10.991124000000001	-4.886361	9.782532	-0.8970992355250854	-7.979645340118075	-3.570943649580398	-0.8337	0.2649	-0.606
1280.0	12.307626	-5.266989000000001	9.212571	-0.8970992355250854	-7.777187146886733	-3.427826650916863	-0.8794	0.2572	-0.5246
1281.0	13.682007	-5.656446	9.167445	-1.048942880448592	-7.5101517713316	-3.214896482173555	-0.9222	0.245	-0.4389
1282.0	14.83272	-6.2685900000000006	9.633420000000001	-1.2985249634837812	-6.742206900454096	-2.885029253546627	-0.9606	0.2284	-0.3506
1283.0	16.056027	-6.720831	10.176894	-1.2985249634837812	-6.742206900454096	-2.885029253546627	-0.993	0.2114	-0.2677
1284.0	16.986015000000002	-7.18092	11.775924	-0.2897246558310587	-1.8029251173101424	-1.0681415022205298	-1.0198	0.1903	-0.1839
1285.0	17.990559	-7.841133	13.612356	0.015707963267948967	1.6441001553786585	0.038397243543875255	-1.0402	0.1695	-0.1104
1286.0	17.660943	-8.694603	15.243759	0.09250245035569947	4.195771521794368	0.9686577348568529	-1.0538	0.1504	-0.0548
1287.0	15.475275	-9.108585	15.791157	0.15184364492350666	5.077162794051504	1.08035880698449	-1.0633	0.1332	-0.0182
1288.0	12.222279	-7.822494000000001	15.081894000000002	-0.06632251157578452	5.251695719250937	1.1239920382843482	-1.0685	0.1195	0.0
1289.0	10.014047999999999	-6.855228	15.272208000000001	-0.8482300164692442	5.328490206338689	1.2897983172238097	-1.069	0.1115	0.0017
1290.0	8.316918000000001	-6.545232	15.624387	-1.6353735091186867	5.42971930295436	1.3700834628155487	-1.0661	0.109	-0.0125
1291.0	6.812064	-6.305868	15.428187000000001	-1.9931660057775245	5.773549165597243	1.2897983172238097	-1.0597	0.112	-0.0427
1292.0	5.646636	-5.796729	14.715981000000001	-1.8971728969178363	6.279694648675598	1.1623892818282233	-1.0501	0.12	-0.0864
1293.0	4.42431	-5.275818	13.978269000000001	-1.556833692778942	6.620033852814492	1.1257373675363425	-1.0366	0.1301	-0.1368
1294.0	3.440367	-4.637187	12.288006	-1.3334315485236679	6.674139059626316	1.1519173063162575	-1.018	0.1456	-0.2013
1295.0	2.306331	-3.794508	10.550654999999999	-0.937241808320955	6.613052535806514	1.3578661580515883	-0.9941	0.1627	-0.2705
1296.0	2.3082930000000004	-3.075435	9.321462	-0.6003932626860493	6.480407512654946	1.6371188383706812	-0.9649	0.1794	-0.3389
1297.0	2.858634	-2.690883	8.650458	-0.4642575810304917	6.368706440527308	1.9739673840055867	-0.9306	0.1966	-0.4047
1298.0	3.664035	-2.5702200000000004	8.480745	-0.43982297150257105	6.349507818755371	2.3282692221604355	-0.8919	0.2137	-0.4645
1299.0	4.480227	-2.5692390000000005	8.692641	-0.4799655442984406	6.403613025567195	2.6406831582674206	-0.8501	0.2306	-0.5174
1300.0	5.230692	-2.4897780000000003	9.125262000000001	-0.4415683007545654	6.513568768442838	2.8693212902786778	-0.8057	0.2474	-0.5639
1301.0	5.977233	-2.2788630000000003	9.712881	-0.3787364476827695	6.562437987498679	2.9286624848464853	-0.7593	0.2641	-0.6032
1302.0	6.848361000000001	-1.9943730000000002	10.434897000000001	-0.21991148575128552	6.724753607934152	2.933898472602468	-0.7117	0.2807	-0.6387
1303.0	7.919613000000001	-1.671624	11.278557	-0.11693705988362008	6.829473363053812	2.839650692994774	-0.6629	0.2968	-0.671
1304.0	9.168426	-1.290996	12.20364	-0.2722713633111154	6.834709350809795	2.717477645355171	-0.6136	0.3132	-0.7022
1305.0	10.621287	-0.943722	13.217994	-0.6754424205218056	6.593853914034577	2.5534166956677042	-0.5631	0.329	-0.7314
1306.0	12.43908	-0.815211	14.312790000000001	-1.1292280260403313	6.379178416039275	2.2933626371205493	-0.5133	0.3454	-0.7597
1307.0	14.603166	-0.896634	15.310467000000001	-1.270599695451872	6.387905062299246	2.1485003092050197	-0.4628	0.3618	-0.7856
1308.0	16.846713	-0.999639	15.931440000000002	-1.4346606451393389	6.553711341238707	1.9669860669976094	-0.4129	0.3783	-0.8109
1309.0	19.005894	-1.219383	15.931440000000002	-1.457349925415265	6.649704450098396	1.8570303241219668	-0.3625	0.3947	-0.8344
1310.0	21.065994000000003	-1.6108020000000003	15.252588000000001	-1.0768681484805014	6.558947328994691	1.6493361431346414	-0.3108	0.41	-0.8578
1311.0	22.974039	-1.819755	13.813461	-0.5061454830783556	6.241297405131723	1.5952309363228172	-0.2588	0.4238	-0.8798
1312.0	24.622119	-1.70694	11.567952	-0.28099800957108706	5.609488215909775	1.827359726838063	-0.2059	0.4361	-0.9004
1313.0	26.088714000000003	-1.191915	8.525871	-0.6283185307179586	4.752531553180559	2.0315632493213998	-0.1529	0.4464	-0.9152
1314.0	27.525879	-0.12753	4.845159000000001	-1.0210176124166828	4.225442119078272	2.092649773141201	-0.0997	0.4551	-0.9317
1315.0	28.613808	0.9574560000000001	0.8760330000000001	-1.6336281798666923	2.832669375986797	2.1694442602289516	-0.0489	0.4636	-0.9411
1316.0	29.198484	1.704978	-3.047967	-0.6771877497737998	1.1082840750163994	1.7558012275062955	-0.0003	0.4713	-0.9474
1317.0	29.423133	2.289654	-6.688458	1.5341444125030157	-0.4328416544945937	0.8325220532012952	0.0434	0.477	-0.9498
1318.0	29.369177999999998	3.0960360000000002	-9.74133	2.9426251188624395	-1.5865042900628457	-0.19896753472735357	0.0816	0.4793	-0.9546
1319.0	29.119023000000002	4.289913	-11.967219	2.693043035827251	-2.345722514680379	-0.8342673824532895	0.112	0.4776	-0.9621
1320.0	27.480753	5.267970000000001	-12.235032000000002	2.2218041377887814	-2.4277529895241123	-1.9093902016817965	0.1337	0.4732	-0.9679
1321.0	22.763123999999998	4.13982	-9.022257	2.2794000031045942	-2.588323280707591	-2.0891591146372126	0.146	0.4669	-0.9756
1322.0	17.283258	2.809584	-5.133573	3.3772121026090276	-3.1049407392979123	-2.761110876655029	0.1485	0.4582	-0.9846
1323.0	13.023755999999999	2.7085410000000003	-4.084884	2.1624629432209743	-4.869468613064179	-2.0839231268812295	0.1399	0.4469	-0.9973
1324.0	11.480642999999999	2.299464	-2.276901	1.6947147036864938	-6.286675965683575	-1.3980087308474578	0.119	0.4329	-1.0052
1325.0	10.693881000000001	2.0463660000000004	1.152675	0.8691739674931761	-5.040510879759624	-0.5585053606381855	0.0875	0.4168	-1.0161
1326.0	9.141939	1.871748	4.148649	0.8499753457212386	-4.930555136883981	-1.048942880448592	0.0473	0.3988	-1.0263
1327.0	7.654743000000001	2.1807630000000002	6.696306	0.5934119456780721	-4.935791124639964	-0.9983283321407566	0.001	0.3797	-1.0376
1328.0	6.178338000000001	1.630422	9.236115	0.061086523819801536	-4.43837228782158	-0.42062434973063345	-0.0498	0.362	-1.0454
1329.0	4.641111	0.5729040000000001	11.296215	-0.1361356816555577	-4.002039974822998	0.08203047484373349	-0.1018	0.3471	-1.0471
1330.0	4.815729	-0.334521	12.185982000000001	0.5323254218582705	-3.543018381548489	-0.1832595714594046	-0.1552	0.3341	-1.0491
1331.0	9.28026	0.6288210000000001	10.311291	0.9023352232810684	-1.3229595730117016	-0.8168140899333461	-0.2076	0.3217	-1.048
1332.0	13.004135999999999	1.7177310000000001	7.831323	0.8918632477691024	-0.8744099552491591	-0.5707226654021458	-0.2573	0.3101	-1.0453
1333.0	15.237873	1.5372270000000001	9.074250000000001	0.7644542123735163	-0.6562437987498679	-0.38222710618675815	-0.3031	0.2996	-1.0386
1334.0	14.593356000000002	0.894672	10.022877000000001	0.4782202150464463	-0.4328416544945937	-0.291469985083053	-0.342	0.2913	-1.0323
1335.0	13.301379000000003	0.014715	9.565731	0.2932153143350474	-0.24783675378319478	-0.10995574287564276	-0.3742	0.2842	-1.0264
1336.0	12.724551	-0.509139	9.394056	0.12740903539558607	-0.19373154697137057	0.0	-0.4005	0.2776	-1.0204
1337.0	11.952504	-1.3390650000000002	9.386208	0.0942477796076938	-0.16406094968746698	0.019198621771937627	-0.4217	0.2723	-1.0155
1338.0	11.22264	-1.5450750000000002	9.065421	0.04014257279586958	-0.1291543646475804	0.027925268031909273	-0.4374	0.2676	-1.01
1339.0	10.681128000000001	-1.509759	8.880012	-0.010471975511965976	-0.1413716694115407	0.06283185307179587	-0.4498	0.2627	-1.008
1340.0	9.797247	-1.1713140000000002	8.422866	-0.05061454830783556	-0.12566370614359174	0.09948376736367678	-0.4579	0.258	-1.0052
1341.0	7.651800000000001	-0.73575	7.861734	-0.11344640137963143	-0.12391837689159739	0.15358897417550102	-0.4627	0.2539	-1.0044
1342.0	7.067124000000001	-0.522873	7.913727	-0.1954768762233649	-0.1308996938995747	0.19198621771937624	-0.4661	0.2517	-1.0022
1343.0	6.7845960000000005	-0.734769	7.785216	-0.2565634000431664	-0.17453292519943295	0.23387411976724015	-0.4675	0.2515	-1.0032
1344.0	6.605073000000001	-0.8554320000000001	7.767558	-0.317649923862968	-0.16929693744344995	0.2827433388230814	-0.469	0.2522	-1.0013
1345.0	6.451056	-0.9613800000000001	7.741071000000001	-0.3752457891787809	-0.1884955592153876	0.3368485456349056	-0.4703	0.2532	-0.9999
1346.0	6.387291	-1.0388789999999999	7.713603	-0.39968039870670147	-0.21642082724729686	0.34732052114687156	-0.4715	0.2551	-0.9987
1347.0	6.362766	-1.024164	7.7047740000000005	-0.4241150082346221	-0.20769418098732523	0.3438298626428829	-0.4722	0.2578	-0.9968
1348.0	6.338241	-1.0898910000000002	7.676325	-0.40491638646268446	-0.19198621771937624	0.3438298626428829	-0.4734	0.2606	-0.995
1349.0	6.320583	-1.186029	7.646895	-0.3735004599267865	-0.17453292519943295	0.31066860685499065	-0.4741	0.264	-0.9929
1350.0	6.281343000000001	-1.315521	7.624332000000001	-0.317649923862968	-0.1710422666954443	0.2722713633111154	-0.4749	0.2677	-0.9908
1351.0	6.262704	-1.439127	7.584111	-0.2844886680750757	-0.16580627893946132	0.23561944901923448	-0.4758	0.2722	-0.9889
1352.0	6.2558370000000005	-1.574505	7.539966	-0.23561944901923448	-0.158824961931484	0.1954768762233649	-0.476	0.2766	-0.987
1353.0	6.244065	-1.704978	7.4909159999999995	-0.2234021442552742	-0.15009831567151233	0.16929693744344995	-0.4765	0.2813	-0.9843
1354.0	6.225426000000001	-1.8099450000000001	7.4634480000000005	-0.18675022996339324	-0.13264502315156904	0.11693705988362008	-0.4773	0.2854	-0.9825
1355.0	6.2146349999999995	-1.877634	7.418322	-0.16929693744344995	-0.12740903539558607	0.10995574287564276	-0.478	0.2889	-0.9802
1356.0	6.208749	-1.9129500000000002	7.383987	-0.18500490071139894	-0.11519173063162574	0.10821041362364843	-0.478	0.2926	-0.9779
1357.0	6.1920720000000005	-1.935513	7.350633	-0.16580627893946132	-0.11693705988362008	0.10122909661567112	-0.4784	0.2956	-0.9764
1358.0	6.182262	-1.8913680000000002	7.3388610000000005	-0.17278759594743864	-0.1117010721276371	0.09075712110370514	-0.4785	0.2985	-0.975
1359.0	6.186186000000001	-1.85409	7.329051000000001	-0.16929693744344995	-0.1291543646475804	0.08203047484373349	-0.4788	0.3008	-0.9722
1360.0	6.186186000000001	-1.817793	7.324146000000001	-0.17453292519943295	-0.1291543646475804	0.08726646259971647	-0.4792	0.3031	-0.9685
1361.0	6.1842239999999995	-1.80504	7.320222	-0.15184364492350666	-0.1413716694115407	0.06806784082777885	-0.48	0.3049	-0.9628
1362.0	6.188148000000001	-1.8070020000000002	7.306488000000001	-0.1466076571675237	-0.143116998663535	0.05759586531581287	-0.4811	0.3064	-0.956
1363.0	6.188148000000001	-1.800135	7.301583	-0.09948376736367678	-0.143116998663535	0.020943951023931952	-0.4822	0.3075	-0.9495
1364.0	6.1793190000000005	-1.821717	7.284906	-0.048869219055841226	-0.14486232791552936	-0.04363323129985824	-0.483	0.3088	-0.9432
1365.0	6.157737000000001	-1.874691	7.284906	0.054105206811824215	-0.15009831567151233	-0.1308996938995747	-0.4837	0.3103	-0.9387
1366.0	6.143022	-1.9580760000000001	7.2701910000000005	0.10297442586766545	-0.15358897417550102	-0.16929693744344995	-0.4857	0.3109	-0.9359
1367.0	6.138117	-2.057157	7.258419	0.21118483949131386	-0.1413716694115407	-0.27052603405912107	-0.4878	0.3112	-0.9344
1368.0	6.130269	-2.186649	7.2574380000000005	0.28099800957108706	-0.05759586531581287	-0.3787364476827695	-0.49	0.3109	-0.9343
1369.0	6.139098000000001	-2.222946	7.263324	0.3595378259108319	-0.05759586531581287	-0.4241150082346221	-0.4916	0.3103	-0.9353
1370.0	6.167547000000001	-2.221965	7.32807	0.32986722862692824	-0.12566370614359174	-0.3961897402027128	-0.4934	0.3086	-0.9381
1371.0	6.183243	-2.156238	7.373196000000001	0.20769418098732523	-0.21991148575128552	-0.31066860685499065	-0.4954	0.3066	-0.9428
1372.0	6.180300000000001	-2.0512710000000003	7.440885	0.07853981633974483	-0.3839724354387525	-0.23212879051524585	-0.4978	0.3038	-0.9488
1373.0	6.197958000000001	-1.9374750000000003	7.540947000000001	0.013962634015954637	-0.4537856055185257	-0.2007128639793479	-0.5002	0.3009	-0.9549
1374.0	6.216597000000001	-1.800135	7.644933	0.013962634015954637	-0.4537856055185257	-0.2007128639793479	-0.5024	0.2979	-0.9607
1375.0	6.144984	-1.5146640000000002	7.814646	-0.3892084231947355	-0.9075712110370514	0.006981317007977318	-0.506	0.295	-0.9622
1376.0	6.116535000000001	-1.328274	7.987302000000001	-0.6632251157578453	-1.270599695451872	0.09948376736367678	-0.5101	0.293	-0.9601
1377.0	6.086124	-1.184067	8.162901	-0.8604473212332044	-1.65282680163863	0.15009831567151233	-0.5153	0.2921	-0.9544
1378.0	6.057675000000001	-1.018278	8.323785	-0.8604473212332044	-1.65282680163863	0.15009831567151233	-0.52	0.2919	-0.9473
1379.0	6.0164729999999995	-0.935874	8.57394	-1.0611601852125523	-2.436479635784084	0.17278759594743864	-0.5287	0.2934	-0.9356
1380.0	5.91543	-0.861318	8.807418	-1.24965574442794	-2.9722957161463435	0.2059488517353309	-0.5397	0.2965	-0.9223
1381.0	5.77809	-0.935874	9.1233	-1.4049900478554354	-3.6093408931242736	0.18675022996339324	-0.5522	0.301	-0.908
1382.0	5.619168	-1.031031	9.481365	-1.514945790731078	-4.3406338497098975	0.10821041362364843	-0.5676	0.3072	-0.8923
1383.0	5.360184	-1.135998	9.865917000000001	-1.689478715930511	-5.222025121967034	0.022689280275926284	-0.5866	0.3149	-0.8736
1384.0	5.079618000000001	-1.262547	10.213191	-1.932079481957723	-6.414085001079161	-0.14835298641951802	-0.6099	0.3233	-0.8511
1385.0	5.057055	-1.525455	10.070946	-2.722713633111154	-8.328711190516941	-0.5061454830783556	-0.6364	0.3324	-0.8249
1386.0	4.990347000000001	-1.997316	9.53532	-3.129375348825833	-9.649925434276648	-0.7295476273336297	-0.6675	0.3425	-0.7923
1387.0	5.277780000000001	-2.5456950000000003	8.942796	-3.429571980168858	-12.78279144160647	-1.2374384396639797	-0.703	0.3519	-0.7498
1388.0	7.353576000000001	-3.0646440000000004	9.174312	-3.495894491744642	-13.967870003710619	-1.4625859131712482	-0.7439	0.361	-0.6929
1389.0	9.969903	-4.362507	10.010124000000001	-2.2043508452688383	-11.463322527098756	-1.9547687622336491	-0.7846	0.3676	-0.6268
1390.0	12.035889000000001	-5.048226	10.731159000000002	-1.08035880698449	-9.4806284968332	-2.356194490192345	-0.8247	0.371	-0.552
1391.0	13.405365000000002	-5.623092000000001	10.893024	-1.4992378274631293	-8.253662032681184	-1.8675022996339325	-0.8633	0.3705	-0.4714
1392.0	14.548230000000002	-6.224445	10.786095	-1.6301375213627038	-8.47357351843247	-1.8500490071139892	-0.8991	0.3669	-0.3823
1393.0	16.102134	-6.881715000000001	11.151027000000001	-2.054252529597326	-7.6026542216873	-1.663298777150596	-0.9299	0.3591	-0.2869
1394.0	17.398035	-7.479144	12.199716	-2.3753931119642826	-5.000368306963754	-0.9232791743050003	-0.956	0.3487	-0.1873
1395.0	18.523242000000003	-7.737147	14.092065000000002	-2.4888395133439136	-0.7522369076095561	-0.7138396640656808	-0.9775	0.3354	-0.0935
1396.0	19.817180999999998	-8.742672	16.532793	-1.3631021458075714	2.960078411382383	-0.7644542123735163	-0.9947	0.3189	-0.0086
1397.0	19.542501	-9.401904	18.474192000000002	-0.21642082724729686	5.1661745859032155	-0.9878563566287906	-1.0084	0.3007	0.059
1398.0	16.955604	-9.634401	19.034343	0.4625122517784973	5.813691738393112	-1.4346606451393389	-1.0197	0.2812	0.106
1399.0	13.669254	-8.594541	18.43299	0.3438298626428829	5.925392810520749	-1.4398966328953218	-1.0301	0.2606	0.1307
1400.0	10.993086000000002	-7.886259	17.571672	-0.4799655442984406	6.0074232853644824	-1.1833332328521553	-1.0403	0.2402	0.1373
1401.0	9.146844	-7.185825	17.03997	-1.4870205226991688	6.188937527571893	-0.8342673824532895	-1.0503	0.2205	0.1289
1402.0	7.673382	-6.6649140000000004	16.675038	-2.1676989309769574	6.4716808663949745	-0.49741883681838395	-1.0608	0.2014	0.102
1403.0	5.9507460000000005	-6.325488000000001	15.801948000000001	-2.171189589480946	6.757914863722044	-0.14486232791552936	-1.0707	0.1852	0.0568
1404.0	4.572441	-6.238179000000001	14.315733000000002	-1.5428710587629875	6.930702459669483	0.23561944901923448	-1.0801	0.1705	-0.0046
1405.0	3.284388	-6.606054	12.442023	-1.0559241974565694	6.986552995733302	0.6283185307179586	-1.0866	0.1582	-0.0768
1406.0	1.8884250000000002	-5.873247	10.433916000000002	-0.059341194567807204	7.026695568529171	0.8325220532012952	-1.0879	0.1477	-0.1568
1407.0	1.78542	-5.138478000000001	8.942796	0.609119908946021	7.040658202545125	1.2531464029319286	-1.0826	0.1391	-0.2396
1408.0	2.206269	-4.8598740000000005	8.008884	0.609119908946021	7.040658202545125	1.2531464029319286	-1.0743	0.1321	-0.3163
1409.0	2.882178	-4.681332	7.598826	0.5445427266222308	6.930702459669483	2.2636920398366454	-1.0519	0.1276	-0.404
1410.0	3.634605	-4.800033	7.646895	0.30717794835100204	6.794566778013925	2.631956512007449	-1.0144	0.1265	-0.4918
1411.0	4.461588	-4.950126000000001	8.036352	0.1308996938995747	6.70380965691022	2.858849314766712	-0.9685	0.128	-0.5788
1412.0	5.416101	-4.92462	8.674983000000001	0.08726646259971647	6.68810169364227	2.9181905093345186	-0.9136	0.1317	-0.6634
1413.0	6.550137	-4.654845	9.468612	-0.026179938779914945	6.792821448761931	2.9321531433504737	-0.8533	0.1354	-0.7433
1414.0	7.841133	-4.1888700000000005	10.366227	-0.143116998663535	6.906267850141562	2.7977627909469103	-0.785	0.1404	-0.8179
1415.0	9.246906000000001	-3.644415	11.335455	-0.3159045946109737	6.921975813409511	2.546435378659727	-0.7121	0.146	-0.886
1416.0	10.811601000000001	-3.1686300000000003	12.37041	-0.5358160803622591	6.794566778013925	2.2567107228286685	-0.6343	0.1531	-0.9484
1417.0	12.602907	-2.9743920000000004	13.400460000000002	-0.7871434926494426	6.649704450098396	2.0734511513692633	-0.553	0.1614	-1.0049
1418.0	14.769936000000001	-2.8468620000000002	14.251968000000002	-1.18507856210415	6.5816366092706176	2.007128639793479	-0.4633	0.172	-1.0618
1419.0	17.151804000000002	-3.173535	14.715981000000001	-0.9913470151327791	6.513568768442838	1.9844393595175527	-0.3774	0.1849	-1.0998
1420.0	19.671012	-3.643434	14.642406	-0.8115781021773633	6.403613025567195	1.9582594207376378	-0.2963	0.1978	-1.129
1421.0	22.028354999999998	-4.184946	13.883112	-0.38048177693476387	6.253514709895683	2.0193459445574393	-0.2153	0.2114	-1.1507
1422.0	24.156144	-4.615605	12.289968	0.15707963267948966	5.825909043157072	2.246238747316702	-0.134	0.225	-1.1652
1423.0	26.033778	-4.680351000000001	9.842373000000002	0.2932153143350474	5.108578720587403	2.6040312439755393	-0.0527	0.2381	-1.1751
1424.0	27.559233	-4.2751980000000005	6.576624000000001	0.0645771823237902	3.9933133285630262	2.8448866807507573	0.0259	0.2498	-1.1801
1425.0	28.837476000000002	-3.295179	2.622213	-0.14835298641951802	3.2759830059933566	2.897246558310587	0.1009	0.2598	-1.1806
1426.0	29.766483	-2.271996	-1.600011	-0.008726646259971648	1.5533430342749532	2.626720524251466	0.1705	0.2676	-1.1783
1427.0	30.376665	-1.475424	-5.565213000000001	1.1222467090323538	-0.08726646259971647	1.9373154697137058	0.233	0.2719	-1.1747
1428.0	30.701376	-0.5944860000000001	-9.001656	2.2689280275926285	-1.2356931104119853	1.2426744274199626	0.2863	0.2709	-1.1722
1429.0	30.697452000000002	0.535626	-11.73276	2.522000769131806	-1.965240737745615	0.6457718232379019	0.3305	0.2646	-1.1714
1430.0	29.527119000000003	1.711845	-13.278815999999999	2.731440279371126	-3.1590459461097367	-0.19722220547535926	0.3628	0.254	-1.1727
1431.0	26.409501000000002	1.9924110000000002	-12.133989000000001	3.220132469929538	-3.7105699897399447	-0.7853981633974483	0.3836	0.2387	-1.1767
1432.0	21.302415	2.5682579999999997	-8.646534	2.750638901143063	-4.323180557189954	-0.7504915783575618	0.3914	0.2198	-1.1839
1433.0	18.750834	4.015233	-7.823475	0.8377580409572782	-5.8730329329609186	-0.061086523819801536	0.3856	0.2002	-1.1936
1434.0	18.103374	4.7048760000000005	-5.306229000000001	0.4886921905584123	-6.953391739945409	0.21467549799530256	0.3663	0.1808	-1.206
1435.0	17.088039000000002	4.517505000000001	-1.8246600000000002	-0.10297442586766545	-5.82939970166106	0.3717551306747922	0.3361	0.1619	-1.2205
1436.0	15.886314	4.465512	1.3635900000000003	-0.12217304763960307	-5.110324049839397	-0.7260569688296411	0.2972	0.1437	-1.234
1437.0	14.308866	4.217319	4.57146	-0.3735004599267865	-4.633849164044945	-1.1868238913561442	0.2508	0.1278	-1.2451
1438.0	12.839328	2.92338	7.777368	-0.4991641660703783	-4.39822971502571	-1.0297442586766545	0.2	0.1154	-1.2527
1439.0	13.073787000000001	0.848565	10.605591	0.9407324668249436	-3.6617007706841034	-1.4259339988793673	0.1462	0.1043	-1.2569
1440.0	12.624489	0.6052770000000001	12.059433000000002	1.6493361431346414	-0.9930923443847735	-1.4521139376592822	0.0942	0.094	-1.2593
1441.0	13.372992	1.29492	11.474757	1.1676252695842066	-0.640535835481919	-1.0000736613927508	0.0449	0.0853	-1.2603
1442.0	16.101153	1.58922	9.109566000000001	0.9023352232810684	-0.3892084231947355	-0.6283185307179586	-0.0005	0.0785	-1.2607
1443.0	16.231626000000002	0.5032530000000001	10.018953000000002	0.5550147021341968	-0.16755160819145562	-0.27576202181510406	-0.0398	0.0718	-1.261
1444.0	14.587470000000001	-0.276642	9.91791	0.5550147021341968	-0.16755160819145562	-0.27576202181510406	-0.0719	0.0655	-1.2602
1445.0	13.270968	-0.8466030000000001	9.429372	0.30019663134302466	-0.12566370614359174	-0.06806784082777885	-0.0974	0.0586	-1.2608
1446.0	12.224241000000001	-1.702035	9.420543	0.20245819323134223	-0.08377580409572781	-0.04537856055185257	-0.1176	0.0515	-1.2629
1447.0	11.55618	-1.9433610000000001	9.168426	0.23911010752322315	-0.048869219055841226	-0.11519173063162574	-0.1312	0.0436	-1.2664
1448.0	10.717425	-1.135998	8.545491	0.18500490071139894	-0.015707963267948967	-0.10122909661567112	-0.1395	0.035	-1.2721
1449.0	8.153091	0.184428	7.932366	0.17278759594743864	0.03316125578789226	-0.0890117918517108	-0.1439	0.0272	-1.2786
1450.0	7.19073	-0.182466	7.932366	0.17453292519943295	0.041887902047863905	-0.10471975511965978	-0.1465	0.0214	-1.2857
1451.0	6.972948000000001	-0.483633	7.793064	0.16231562043547265	0.0471238898038469	-0.10821041362364843	-0.1474	0.0172	-1.2909
1452.0	6.75909	-0.750465	7.731261000000001	0.18151424220741028	0.06283185307179587	-0.1117010721276371	-0.1474	0.0139	-1.2936
1453.0	6.590358	-0.859356	7.724394	0.1413716694115407	0.06981317007977318	-0.07504915783575616	-0.1472	0.011	-1.2931
1454.0	6.416721000000001	-0.972171	7.7302800000000005	0.12042771838760874	0.06981317007977318	-0.061086523819801536	-0.1471	0.0079	-1.2911
1455.0	6.336279	-0.9554940000000001	7.74009	0.12042771838760874	0.06981317007977318	-0.061086523819801536	-0.1468	0.0055	-1.2867
1456.0	6.287229000000001	-0.806382	7.748919000000001	0.04363323129985824	0.04363323129985824	0.005235987755982988	-0.1462	0.0033	-1.2821
1457.0	6.240141	-0.781857	7.758729000000001	0.006981317007977318	0.026179938779914945	0.020943951023931952	-0.1459	0.0011	-1.2787
1458.0	6.158718	-0.762237	7.792083000000001	-0.0	0.0	0.027925268031909273	-0.1459	-0.0006	-1.2768
1459.0	6.112611	-0.6749280000000001	7.805817	-0.04363323129985824	-0.003490658503988659	0.05585053606381855	-0.1456	-0.0019	-1.2766
1460.0	6.081219	-0.654327	7.80876	-0.041887902047863905	-0.022689280275926284	0.04537856055185257	-0.1458	-0.0025	-1.2774
1461.0	6.0625800000000005	-0.6611940000000001	7.801893000000001	-0.059341194567807204	-0.041887902047863905	0.03665191429188092	-0.1464	-0.0031	-1.2786
1462.0	6.053751	-0.69651	7.778349000000001	-0.0	-0.04014257279586958	0.0	-0.1475	-0.0034	-1.2813
1463.0	6.036093	-0.7416360000000001	7.7685390000000005	0.019198621771937627	-0.010471975511965976	-0.04363323129985824	-0.1485	-0.0035	-1.2854
1464.0	6.01353	-0.782838	7.754805	0.029670597283903602	0.0	-0.06806784082777885	-0.1492	-0.0034	-1.2924
1465.0	6.004701	-0.8230590000000001	7.729299000000001	0.05061454830783556	-0.020943951023931952	-0.08726646259971647	-0.1499	-0.0038	-1.2983
1466.0	5.997834000000001	-0.836793	7.707717	0.07679448708775051	0.010471975511965976	-0.10297442586766545	-0.1499	-0.0038	-1.3022
1467.0	5.995872	-0.8426790000000001	7.693983	0.08377580409572781	0.0	-0.1291543646475804	-0.1504	-0.004	-1.3079
1468.0	5.990967	-0.8338500000000001	7.684173	0.04014257279586958	-0.008726646259971648	-0.12391837689159739	-0.1503	-0.0043	-1.3108
1469.0	5.988024000000001	-0.821097	7.686135	0.027925268031909273	-0.03665191429188092	-0.1117010721276371	-0.1504	-0.0047	-1.3124
1470.0	5.989986000000001	-0.79461	7.688097	-0.013962634015954637	-0.038397243543875255	-0.10471975511965978	-0.1504	-0.0056	-1.3121
1471.0	5.985081	-0.736731	7.703793	-0.017453292519943295	-0.05061454830783556	-0.10471975511965978	-0.1507	-0.0069	-1.3121
1472.0	5.975271	-0.688662	7.721451000000001	-0.006981317007977318	-0.06981317007977318	-0.1117010721276371	-0.1511	-0.0079	-1.3115
1473.0	5.97429	-0.6611940000000001	7.723413000000001	-0.03665191429188092	-0.07853981633974483	-0.10995574287564276	-0.151	-0.0085	-1.311
1474.0	5.976252	-0.6199920000000001	7.722432	-0.024434609527920613	-0.1064650843716541	-0.10297442586766545	-0.1513	-0.0091	-1.3087
1475.0	5.965461	-0.569961	7.731261000000001	-0.06283185307179587	-0.12042771838760874	-0.07853981633974483	-0.152	-0.0096	-1.3074
1476.0	5.958594000000001	-0.542493	7.749900000000001	-0.07504915783575616	-0.16231562043547265	-0.08203047484373349	-0.1531	-0.0102	-1.3085
1477.0	5.940936000000001	-0.52974	7.772463	-0.09250245035569947	-0.18500490071139894	-0.06806784082777885	-0.1545	-0.0101	-1.3066
1478.0	5.93505	-0.5483790000000001	7.7989500000000005	-0.1361356816555577	-0.23736477827122882	-0.07330382858376185	-0.1562	-0.0102	-1.3053
1479.0	5.927202	-0.574866	7.828380000000001	-0.1361356816555577	-0.33510321638291124	-0.08726646259971647	-0.1581	-0.0102	-1.3049
1480.0	5.918373	-0.592524	7.859772	-0.18500490071139894	-0.4241150082346221	-0.0890117918517108	-0.1603	-0.0097	-1.3055
1481.0	5.91543	-0.610182	7.899012000000001	-0.20769418098732523	-0.5567600313861911	-0.11344640137963143	-0.1629	-0.0085	-1.3048
1482.0	5.897772	-0.602334	7.959834000000001	-0.2775073510670984	-0.7068583470577035	-0.1117010721276371	-0.1656	-0.0075	-1.3046
1483.0	5.86638	-0.6062580000000001	8.064801000000001	-0.2827433388230814	-0.9669124056048586	-0.13264502315156904	-0.1696	-0.0066	-1.3034
1484.0	5.840874	-0.600372	8.177616	-0.3141592653589793	-1.096066770252439	-0.13962634015954636	-0.1746	-0.005	-1.3035
1485.0	5.832045000000001	-0.533664	8.335557	-0.40840704496667307	-1.4433872913993107	-0.09250245035569947	-0.1824	-0.0023	-1.3021
1486.0	5.815368	-0.515025	8.472897000000001	-0.4590215932745087	-1.8046704465621368	-0.06283185307179587	-0.1923	0.0006	-1.2977
1487.0	5.808501	-0.515025	8.636724	-0.4625122517784973	-2.2218041377887814	-0.07330382858376185	-0.2043	0.0039	-1.2936
1488.0	5.8310640000000005	-0.545436	8.841753	-0.49567350756638956	-2.6755897433073073	-0.05759586531581287	-0.219	0.008	-1.2887
1489.0	5.80752	-0.545436	9.063459000000002	-0.5462880558742251	-3.258529713473413	-0.06981317007977318	-0.2378	0.0126	-1.2818
1490.0	5.783976	-0.560151	9.307728000000001	-0.6126105674500097	-3.5412730522964946	-0.07679448708775051	-0.2597	0.0171	-1.2723
1491.0	5.722173000000001	-0.63765	9.549054000000002	-0.7452555906015788	-4.094542425178697	-0.1117010721276371	-0.2869	0.0231	-1.2619
1492.0	5.61132	-0.759294	9.803133	-0.8726646259971648	-4.58323461573711	-0.26354471705114374	-0.3174	0.0294	-1.249
1493.0	5.442588	-0.987867	10.068984	-0.9634217471008699	-5.462880558742252	-0.6056292504420324	-0.3532	0.0367	-1.2334
1494.0	5.168889000000001	-1.4381460000000001	10.277937000000001	-1.0332349171806432	-6.658431096358367	-1.1938052083641215	-0.395	0.044	-1.2125
1495.0	4.875570000000001	-2.0561760000000002	10.236735000000001	-1.1397000015522971	-8.44913890890455	-2.2113321622768156	-0.4421	0.0499	-1.1865
1496.0	4.75785	-2.5152840000000003	9.822753	-1.2269664641520137	-10.903071837208577	-3.5133477842645857	-0.4974	0.0545	-1.1547
1497.0	4.901076	-2.724237	9.130167	-1.0262536001726656	-12.260937995260164	-4.094542425178697	-0.5608	0.0555	-1.1107
1498.0	6.411816	-2.4191460000000005	8.893746	-1.3508848410436112	-13.042845500153623	-4.223696789826278	-0.6302	0.0533	-1.0559
1499.0	9.057573000000001	-3.07053	9.794304	-1.2845623294678266	-10.112437686055145	-3.7070793312359562	-0.7014	0.0473	-0.9915
1500.0	11.131407000000001	-4.235958	10.411353	0.4188790204786391	-8.286823288469076	-4.043927876870861	-0.7727	0.0366	-0.9201
1501.0	12.809898000000002	-4.892247	10.471193999999999	1.0018189906447452	-7.6026542216873	-4.057890510886816	-0.842	0.0199	-0.8419
1502.0	14.434434000000001	-5.245407	10.212209999999999	0.630063859969953	-6.976081020221335	-3.420845333908886	-0.9084	-0.0016	-0.7578
1503.0	16.188462	-5.718249	10.381923	0.15009831567151233	-5.473352534254218	-2.3893557459802373	-0.97	-0.027	-0.6698
1504.0	17.475534000000003	-6.109668	11.181438	0.008726646259971648	-4.014257279586958	-1.7540558982543013	-1.0244	-0.0544	-0.5831
1505.0	17.99154	-6.290172	12.476358000000001	-0.15184364492350666	-0.7382742735936013	-0.640535835481919	-1.0706	-0.0816	-0.5027
1506.0	18.968616	-6.6649140000000004	14.217633000000001	-0.1780235837034216	1.8814649336498872	0.17627825445142728	-1.1053	-0.1073	-0.4331
1507.0	19.016685	-7.640028000000001	15.555717000000001	-0.13962634015954636	3.30565360327726	0.9267698328089891	-1.1282	-0.1282	-0.3792
1508.0	16.770195	-8.675964	16.055046	-0.07504915783575616	3.7210419652519104	1.017526953912694	-1.1404	-0.145	-0.3424
1509.0	13.501503000000001	-8.238438	15.162336000000002	-0.5393067388662478	3.881612256435389	1.3124875974997359	-1.1455	-0.1567	-0.3201
1510.0	10.914606000000001	-7.2878490000000005	14.393232000000001	-0.8150687606813519	3.998549316319009	1.408480706359424	-1.1441	-0.1613	-0.3109
1511.0	8.889822	-6.841494000000001	14.133267000000002	-1.2322024519079966	4.291764630654057	1.4102260356114182	-1.1377	-0.1594	-0.3132
1512.0	7.1073450000000005	-6.695325	14.140134000000002	-1.457349925415265	4.7106436511326955	1.3316862192716734	-1.1262	-0.1503	-0.3269
1513.0	5.341545	-6.3294120000000005	13.663368	-1.514945790731078	5.1749012321631875	1.2304571226560024	-1.1113	-0.1362	-0.3509
1514.0	4.202604	-5.902677000000001	12.579363	-1.436405974391333	5.653121447209633	1.2322024519079966	-1.0929	-0.1184	-0.3812
1515.0	3.83571	-5.589738	11.209887000000002	-1.436405974391333	5.653121447209633	1.2322024519079966	-1.0742	-0.1	-0.4118
1516.0	2.8380330000000002	-5.247369000000001	9.761931	-0.7452555906015788	6.373942428283291	1.467821900927231	-1.0491	-0.0776	-0.4511
1517.0	2.5368660000000003	-4.515543	8.96634	-0.5305800926062761	6.469935537142979	1.5812683023068625	-1.0207	-0.0548	-0.4922
1518.0	3.240243	-4.108428	8.556282	-0.2775073510670984	6.628760499074464	1.8849555921538759	-0.9896	-0.0309	-0.5338
1519.0	3.9848220000000003	-4.165326	8.429733	-0.2007128639793479	6.810274741281874	2.253220064324679	-0.9549	-0.007	-0.5775
1520.0	4.696047	-4.229091	8.56413	-0.2844886680750757	6.986552995733302	2.644173816771409	-0.9181	0.0168	-0.6207
1521.0	5.372937	-4.268331	8.846658000000001	-0.317649923862968	7.089527421600966	2.970550386894349	-0.8777	0.0417	-0.6652
1522.0	6.091029000000001	-4.359564000000001	9.252792000000001	-0.32114058236695664	7.09476340935695	3.162536604613725	-0.836	0.0665	-0.7103
1523.0	6.926841	-4.3997850000000005	9.730539	-0.312413936106985	7.086036763096978	3.202679177409595	-0.791	0.0921	-0.7561
1524.0	7.878411000000001	-4.271274	10.274013	-0.49741883681838395	6.993534312741279	3.2375857624494815	-0.7431	0.1183	-0.8017
1525.0	9.081117	-4.142763	10.853784000000001	-1.0088003076527223	6.674139059626316	3.234095103945493	-0.689	0.1473	-0.8504
1526.0	10.495719000000001	-4.0691880000000005	11.496339	-1.610938899590766	6.3198372214714675	3.110176727053895	-0.6362	0.1754	-0.8889
1527.0	12.180096	-4.248711	12.219336	-2.0402898955813713	5.958554066308641	2.8256880589788196	-0.5811	0.2043	-0.9217
1528.0	14.301018000000001	-4.7088	12.951162000000002	-2.235766771804736	5.787511799613197	2.5272367568877896	-0.5246	0.234	-0.9485
1529.0	16.626969000000003	-5.216958000000001	13.417137	-2.319542575900464	5.981243346584567	2.5795966344476193	-0.4663	0.2646	-0.9694
1530.0	18.8352	-5.647617	13.380840000000001	-2.309070600388498	6.005677956112488	2.7419122548830916	-0.406	0.2954	-0.9854
1531.0	20.980647	-5.913468	12.88053	-2.1886428820008894	5.845107664929009	3.2655110304813904	-0.3444	0.3257	-0.9984
1532.0	22.986792	-5.224806	11.966238	-2.1240656996770992	5.46637121724624	4.036946559862884	-0.2797	0.3551	-1.0081
1533.0	24.84873	-4.509657	10.574199000000002	-2.4085543677521746	5.1312680008633285	4.694935687864747	-0.2132	0.3835	-1.0142
1534.0	26.431083	-3.969126	8.620047000000001	-1.5044738152191122	4.553564018453206	4.337143191205909	-0.1461	0.4102	-1.0169
1535.0	27.802521	-2.7693630000000002	6.083181	-0.6736970912698113	3.7245326237558993	3.427826650916863	-0.079	0.4343	-1.0172
1536.0	29.054277000000003	-0.7848	3.081321	-0.6736970912698113	3.284709652253328	2.935643801854462	-0.0142	0.4553	-1.0157
1537.0	29.943063	1.623555	-0.248193	-1.1135200627723822	2.282890661608583	1.9442967867216832	0.0481	0.4727	-1.013
1538.0	30.239325	3.841596	-3.556125	-1.1431906600562858	1.0925761117484503	0.8150687606813519	0.1063	0.4877	-1.0097
1539.0	30.073536	5.641731	-6.350013000000001	-0.22165681500327983	-0.15707963267948966	-0.5078908123303499	0.1585	0.5002	-1.0062
1540.0	29.719395000000002	7.159338	-8.398341	0.8691739674931761	-1.2444197566719568	-1.5638150097869192	0.2026	0.5104	-1.0033
1541.0	28.39995	7.108326000000001	-9.061497	4.077089132658754	-2.3928464044842257	-2.6179938779914944	0.2372	0.5171	-1.0028
1542.0	25.234263	6.371595	-7.720470000000001	5.34943415736262	-3.0333822399661448	-2.9897490086662866	0.2592	0.518	-1.0048
1543.0	19.756359	5.459265	-4.431177	5.440191278466325	-3.2672563597333846	-2.892010570554604	0.2691	0.5128	-1.0112
1544.0	15.715620000000001	6.225426000000001	-2.640852	4.53087473817728	-4.408701690537677	-2.4870941840919194	0.2663	0.5018	-1.0225
1545.0	13.228785	7.0514280000000005	-1.74618	2.754129559647052	-6.035348553396392	-2.39459173373622	0.2506	0.4869	-1.0346
1546.0	12.28212	6.881715000000001	0.5935050000000001	1.8709929581379212	-5.899212871740834	-1.6580627893946132	0.2225	0.469	-1.0472
1547.0	10.929321000000002	5.795748000000001	3.3314760000000003	1.8099064343181197	-5.372123437638547	-1.7174039839624204	0.1845	0.4495	-1.0618
1548.0	9.529434	4.770603	5.9634990000000005	1.4206980111233845	-5.117305366847374	-0.8866272600131193	0.1376	0.4274	-1.0797
1549.0	8.049105	3.872007	8.432676	1.2217304763960306	-4.839798015780276	0.2583087292951608	0.0847	0.4038	-1.0968
1550.0	7.686135	2.8027170000000003	11.152989000000002	1.7139133254584316	-4.34586983746588	-0.4188790204786391	0.0284	0.3778	-1.1135
1551.0	9.205704	3.9151710000000004	12.431232000000001	1.4765485471872026	-1.0768681484805014	-1.1501719770642633	-0.0287	0.3504	-1.1267
1552.0	10.214172	4.2624450000000005	11.559123	1.2060225131280815	-0.6387905062299246	-0.7086036763096978	-0.0825	0.3248	-1.1373
1553.0	13.438718999999999	5.325849000000001	9.251811000000002	0.6963863715457375	-0.2583087292951608	-0.30019663134302466	-0.1324	0.3019	-1.1442
1554.0	15.363441000000002	4.400766	8.818209000000001	0.3787364476827695	-0.13788101090755203	-0.08552113334772216	-0.1768	0.2832	-1.1464
1555.0	15.586128	2.755629	9.834525	0.17453292519943295	-0.09948376736367678	0.006981317007977318	-0.2148	0.2676	-1.148
1556.0	14.143077	1.344951	9.820791000000002	0.09773843811168245	-0.09075712110370514	0.024434609527920613	-0.2442	0.2541	-1.1472
1557.0	13.110084	0.5591700000000001	9.675603	0.061086523819801536	-0.06632251157578452	-0.024434609527920613	-0.2676	0.2424	-1.1512
1558.0	12.157533	0.16284600000000002	9.541206	0.06632251157578452	-0.04363323129985824	-0.041887902047863905	-0.2844	0.2323	-1.1479
1559.0	11.443365000000002	0.051993000000000004	9.243963	0.03316125578789226	-0.017453292519943295	-0.013962634015954637	-0.2952	0.2236	-1.1496
1560.0	9.812943	0.320787	8.364987000000001	-0.0017453292519943296	0.008726646259971648	0.027925268031909273	-0.3011	0.2158	-1.1483
1561.0	7.221141	-0.139302	7.899993	-0.05061454830783556	0.0017453292519943296	0.07853981633974483	-0.3035	0.2109	-1.1491
1562.0	6.953328	-0.04316400000000001	7.886259	-0.07504915783575616	-0.006981317007977318	0.11344640137963143	-0.3046	0.2079	-1.1504
1563.0	6.723774000000001	-0.482652	7.7685390000000005	-0.12391837689159739	-0.04537856055185257	0.1413716694115407	-0.3049	0.207	-1.1499
1564.0	6.469695	-0.562113	7.795026	-0.19896753472735357	-0.06981317007977318	0.20420352248333654	-0.3049	0.2065	-1.1492
1565.0	6.323526	-0.6611940000000001	7.814646	-0.2617993877991494	-0.06981317007977318	0.2530727415391778	-0.3045	0.207	-1.1477
1566.0	6.210711	-0.6955290000000001	7.845057	-0.2792526803190927	-0.12566370614359174	0.28623399732707	-0.3048	0.2077	-1.1488
1567.0	6.159699000000001	-0.6582510000000001	7.8372090000000005	-0.30019663134302466	-0.14835298641951802	0.29496064358704166	-0.3049	0.209	-1.144
1568.0	6.1234020000000005	-0.738693	7.828380000000001	-0.26005405854715513	-0.1413716694115407	0.2530727415391778	-0.305	0.2108	-1.1445
1569.0	6.079257000000001	-0.8328690000000001	7.839171	-0.26005405854715513	-0.1413716694115407	0.2530727415391778	-0.3055	0.2126	-1.1409
1570.0	6.059637	-0.910368	7.810722	-0.18500490071139894	-0.16406094968746698	0.17453292519943295	-0.3062	0.2156	-1.1413
1571.0	6.052770000000001	-0.997677	7.764615	-0.15707963267948966	-0.13788101090755203	0.14486232791552936	-0.3067	0.2183	-1.1395
1572.0	6.050808000000001	-1.074195	7.733223000000001	-0.1291543646475804	-0.1291543646475804	0.11693705988362008	-0.3074	0.2211	-1.1373
1573.0	6.045903	-1.185048	7.710660000000001	-0.11344640137963143	-0.12042771838760874	0.08552113334772216	-0.3082	0.2235	-1.1359
1574.0	6.040017000000001	-1.2870720000000002	7.685154	-0.09773843811168245	-0.1291543646475804	0.061086523819801536	-0.308	0.2259	-1.1345
1575.0	6.04296	-1.364571	7.646895	-0.07853981633974483	-0.12566370614359174	0.03316125578789226	-0.3093	0.2278	-1.1333
1576.0	6.0498270000000005	-1.4018490000000001	7.593921000000001	-0.08377580409572781	-0.09250245035569947	0.03665191429188092	-0.31	0.2299	-1.1322
1577.0	6.058656000000001	-1.409697	7.5595859999999995	-0.0471238898038469	-0.08726646259971647	0.003490658503988659	-0.3107	0.2316	-1.1311
1578.0	6.065523	-1.3822290000000002	7.541928	-0.038397243543875255	-0.061086523819801536	-0.029670597283903602	-0.3115	0.2327	-1.1299
1579.0	6.07239	-1.3586850000000001	7.530156	-0.019198621771937627	-0.05235987755982989	-0.06632251157578452	-0.3126	0.2339	-1.1291
1580.0	6.073371	-1.3351410000000001	7.518384	0.005235987755982988	-0.04363323129985824	-0.08726646259971647	-0.3133	0.2344	-1.1279
1581.0	6.078276000000001	-1.313559	7.5321180000000005	-0.010471975511965976	-0.04363323129985824	-0.08377580409572781	-0.3143	0.235	-1.1273
1582.0	6.078276000000001	-1.266471	7.535061000000001	-0.006981317007977318	-0.048869219055841226	-0.08726646259971647	-0.3154	0.2354	-1.1265
1583.0	6.086124	-1.237041	7.535061000000001	-0.020943951023931952	-0.06283185307179587	-0.09075712110370514	-0.3159	0.2358	-1.1259
1584.0	6.089067000000001	-1.207611	7.539966	-0.015707963267948967	-0.07330382858376185	-0.09948376736367678	-0.3172	0.2359	-1.1254
1585.0	6.077295000000001	-1.185048	7.5595859999999995	-0.026179938779914945	-0.08203047484373349	-0.11519173063162574	-0.3175	0.2358	-1.125
1586.0	6.071409	-1.183086	7.581168000000001	-0.017453292519943295	-0.1117010721276371	-0.1291543646475804	-0.3185	0.2357	-1.1246
1587.0	6.0625800000000005	-1.172295	7.589016	-0.031415926535897934	-0.12391837689159739	-0.1308996938995747	-0.3199	0.235	-1.1236
1588.0	6.055713	-1.139922	7.615503	-0.03665191429188092	-0.158824961931484	-0.12391837689159739	-0.3211	0.235	-1.1208
1589.0	6.041979	-1.110492	7.6439520000000005	-0.0645771823237902	-0.17278759594743864	-0.10995574287564276	-0.3225	0.2348	-1.1167
1590.0	6.029226	-1.0791000000000002	7.691040000000001	-0.0890117918517108	-0.2617993877991494	-0.0942477796076938	-0.3243	0.2347	-1.1113
1591.0	6.009606000000001	-1.056537	7.742052	-0.16057029118347832	-0.3508111796508603	-0.08726646259971647	-0.3262	0.2341	-1.1048
1592.0	5.995872	-1.050651	7.800912	-0.19024088846738194	-0.4886921905584123	-0.09075712110370514	-0.3283	0.2338	-1.0988
1593.0	5.988024000000001	-1.03986	7.860753000000001	-0.28099800957108706	-0.62482787221397	-0.061086523819801536	-0.3316	0.2341	-1.0943
1594.0	5.967423	-1.011411	7.942176	-0.3455751918948773	-0.7958701389094143	-0.061086523819801536	-0.3361	0.2349	-1.0908
1595.0	5.946822	-0.907425	8.0442	-0.39968039870670147	-0.9005898940290741	-0.0471238898038469	-0.3414	0.2359	-1.0885
1596.0	5.906601	-0.86328	8.180559	-0.5462880558742251	-1.202531854624093	0.010471975511965976	-0.3468	0.2376	-1.0863
1597.0	5.875209	-0.8662230000000001	8.341443	-0.6527531402458793	-1.5655603390389137	0.03490658503988659	-0.3535	0.2401	-1.0844
1598.0	5.85657	-0.89271	8.490555	-0.757472895365539	-1.9739673840055867	0.017453292519943295	-0.3618	0.2425	-1.0829
1599.0	5.844798	-0.905463	8.645553	-0.8342673824532895	-2.39459173373622	0.029670597283903602	-0.3723	0.2462	-1.0819
1600.0	5.858531999999999	-0.9339120000000001	8.842734	-0.9459684545809267	-2.8623399732707004	0.038397243543875255	-0.3844	0.2508	-1.0802
1601.0000000000002	5.819292	-0.9319500000000001	9.059535	-0.9913470151327791	-3.3719761148530445	0.0471238898038469	-0.3993	0.2566	-1.0775
1602.0	5.722173000000001	-0.935874	9.274374	-1.0297442586766545	-3.654719453676126	0.061086523819801536	-0.4173	0.2631	-1.0712
1603.0	5.659389	-1.033974	9.491175	-1.1309733552923256	-4.178318229274425	0.0017453292519943296	-0.4376	0.2696	-1.0597
1604.0	5.5132200000000005	-1.2105540000000001	9.655983	-1.2845623294678266	-4.8886672348361175	-0.1710422666954443	-0.4614	0.2771	-1.0426
1605.0	5.347431	-1.52055	9.704052	-1.478293876439197	-5.82939970166106	-0.49567350756638956	-0.4887	0.2854	-1.0187
1605.9999999999998	5.343507	-1.8727289999999999	9.412695000000001	-1.8395770316020235	-7.300712261092281	-1.0838494654884787	-0.5209	0.2939	-0.9881
1607.0	5.435721000000001	-2.243547	8.650458	-2.118829711921116	-9.749409201640326	-1.9093902016817965	-0.5588	0.3021	-0.9514
1607.9999999999998	5.7143250000000005	-2.381868	7.558605	-2.132792345937071	-11.224212419575533	-2.3003439541285267	-0.6028	0.3099	-0.9071
1609.0	7.417341	-2.268072	7.14168	-2.56388867117967	-13.6048415192958	-2.6738444140553126	-0.6522	0.3153	-0.8516
1610.0000000000002	10.019934000000001	-3.2912550000000005	7.904898	-3.204424506661589	-12.107349021084666	-2.3073252711365035	-0.706	0.3194	-0.7854
1611.0	12.140856000000001	-4.261464	8.415999000000001	-1.4870205226991688	-9.749409201640326	-3.0770154712660034	-0.761	0.3197	-0.7108
1612.0	14.172507000000001	-5.056074	9.118395	-0.788888821901437	-8.061675814961808	-2.935643801854462	-0.8153	0.316	-0.63
1613.0	15.272208000000001	-5.761413000000001	9.645192	-0.6632251157578453	-6.970845032465352	-2.705260340591211	-0.8687	0.3088	-0.5444
1614.0	15.973623000000002	-6.306849000000001	9.99639	-0.598647933434055	-7.173303225696695	-2.843141351498763	-0.9184	0.2973	-0.4563
1614.9999999999998	17.010540000000002	-6.77871	10.775304	-0.7487462491055673	-6.911503837897545	-2.7349309378751143	-0.9642	0.282	-0.3645
1616.0	17.946414	-6.718869	12.371391000000001	-1.3037609512397643	-4.914847173616033	-2.097885760897184	-1.0042	0.2625	-0.2716
1617.0000000000002	19.133424	-6.500106	14.615919	-2.0612338466053033	-1.0210176124166828	-1.6755160819145565	-1.0376	0.2405	-0.1831
1618.0	20.201733	-7.553700000000001	17.49123	-1.8675022996339325	2.937389131106457	-0.8970992355250854	-1.0636	0.217	-0.1055
1619.0000000000002	18.577197	-8.756406	19.157949000000002	-0.9913470151327791	5.094616086571447	-0.6544984694978736	-1.0826	0.1932	-0.0472
1620.0	15.522363	-8.46603	19.030419000000002	-0.44505895925855404	5.900958200992829	-0.6161012259539983	-1.0962	0.1691	-0.0066
1621.0	12.755943	-7.891164000000001	18.683145000000003	-0.4904375198104066	6.000441968356506	-0.4869468613064179	-1.1068	0.1469	0.0195
1622.0	10.090566	-7.238799	17.819865	-1.0245082709206714	5.979498017332573	-0.1117010721276371	-1.1148	0.1276	0.0292
1623.0	8.431695000000001	-6.589377	16.979148	-1.7505652397503124	5.907939518000806	0.26878070480712674	-1.121	0.1115	0.024
1623.9999999999998	7.450695	-6.140079	16.320897	-2.2148228207808045	5.970771371072602	0.5497787143782138	-1.1263	0.0985	0.0034
1625.0	6.336279	-5.809482	15.339897000000002	-2.3177972466484698	6.276203990171609	0.8133234314293576	-1.1304	0.0899	-0.032
1626.0000000000002	5.292495	-5.965461	13.891941	-2.0472712125893486	6.6217791820664855	1.1222467090323538	-1.1337	0.086	-0.0827
1627.0	3.937734	-6.238179000000001	12.274272000000002	-1.5917402778188285	6.89754120388159	1.4922565104551517	-1.1353	0.0863	-0.1431
1628.0	2.5496190000000003	-5.454360000000001	10.379961000000002	-1.3299408900196792	7.00226095900125	1.6790067404185451	-1.1342	0.0906	-0.2097
1629.0	2.487816	-4.721553	9.027162	-0.8429940287132611	7.143632628412791	2.0193459445574393	-1.1291	0.0989	-0.2769
1630.0	3.02148	-4.235958	8.26983	-0.49567350756638956	7.2710416638083775	2.3596851486963333	-1.1194	0.111	-0.3483
1630.9999999999998	3.832767	-4.014252	8.029485000000001	-0.32288591161895097	7.2954762733362974	2.651155133779387	-1.1044	0.1271	-0.4236
1632.0	4.731363	-4.010328	8.22078	-0.30543261909900765	7.199483164476609	2.895501229058593	-1.0839	0.1469	-0.5033
1632.9999999999998	5.691762000000001	-4.019157	8.733843	-0.32637657012293964	7.080800775340995	3.0839967882739803	-1.0562	0.1704	-0.5855
1634.0	6.736527	-3.936753	9.430353	-0.3420845333908886	7.079055446089001	3.166027263117714	-1.0198	0.1984	-0.6668
1635.0000000000002	7.826418	-3.7062180000000002	10.233792	-0.4904375198104066	7.075564787585011	3.183480555637657	-0.9719	0.2291	-0.7528
1636.0	8.999694	-3.3010650000000004	11.05587	-0.9302604913129776	6.946410422937432	3.193952531149623	-0.911	0.2633	-0.8361
1637.0	10.275975	-2.8713870000000004	11.827917000000001	-1.6249015336067207	6.625269840570476	3.129375348825833	-0.8347	0.2994	-0.9126
1638.0	11.731779	-2.706579	12.593097000000002	-2.029817920069405	6.105161723476165	2.815216083466854	-0.7342	0.3358	-0.9756
1639.0	13.613337	-2.9891070000000006	13.426947	-1.911135530933791	5.850343652684993	2.4556782575560216	-0.6284	0.3691	-1.0235
1639.9999999999998	15.842169	-3.465873	14.074407	-1.577777643802874	5.907939518000806	2.405063709248186	-0.5214	0.3979	-1.0593
1641.0	18.095526	-4.075074	14.239215000000002	-1.3823007675795091	5.8555796404409755	2.516764781375823	-0.4134	0.4229	-1.0836
1642.0000000000002	20.438154	-4.719591	13.845834	-0.9302604913129776	5.593780252641826	2.988003679414292	-0.306	0.4437	-1.0948
1643.0	22.709169000000003	-4.82652	12.822651	-0.788888821901437	5.338962181850654	3.7646751965517686	-0.2003	0.46	-1.0957
1644.0000000000002	24.704523000000002	-4.774527000000001	11.14416	-0.7051130178057091	5.003858965467742	4.253367387110181	-0.098	0.4706	-1.0891
1645.0	26.298648000000004	-4.638168	8.789760000000001	-0.30717794835100204	4.366813788489813	4.124213022462601	-0.0025	0.4762	-1.0713
1646.0	27.622017000000003	-3.9828600000000005	5.857551	-0.5305800926062761	3.495894491744642	3.686135380212024	0.0828	0.4757	-1.0479
1647.0	28.726623000000004	-2.7968310000000005	2.602593	-0.8482300164692442	2.9670597283903604	3.0770154712660034	0.1553	0.4716	-1.0228
1648.0	29.491803	-1.409697	-0.821097	-1.0454522219446034	1.7278759594743862	2.6720990848033184	0.2034	0.4645	-1.0028
1648.9999999999998	29.743920000000003	0.092214	-4.241844	-0.33161255787892263	0.4642575810304917	1.6598081186466074	0.2437	0.4568	-0.9897
1650.0	29.58696	1.524474	-7.273134	0.7312929565856241	-0.6614797865058508	0.5462880558742251	0.2781	0.4495	-0.9807
1651.0000000000002	29.215161000000002	2.9940120000000006	-9.617724	1.3107422682477414	-1.6301375213627038	-0.32114058236695664	0.3057	0.442	-0.9763
1652.0	28.478430000000003	4.445892	-11.195172000000001	1.3508848410436112	-2.368411794956305	-0.8185594191853406	0.3261	0.4336	-0.9746
1653.0	26.849970000000003	4.509657	-11.587572000000002	3.2986722862692828	-3.2759830059933566	-1.494001839707146	0.3373	0.4234	-0.9756
1654.0	25.061607000000002	3.836691	-10.555560000000002	4.221951460574283	-3.4924038332406533	-1.6947147036864938	0.339	0.4102	-0.9809
1655.0	20.813877	3.5629920000000004	-7.372215	4.6774823953448035	-3.8065630985996326	-1.2007865253720986	0.3314	0.3939	-0.9894
1655.9999999999998	15.956946000000002	3.1176180000000002	-2.812527	3.8589229761594623	-4.330161874197931	-0.20769418098732523	0.3152	0.3746	-1.0013
1657.0	12.528350999999999	3.60027	-0.34138799999999997	1.7959438003021653	-5.1906091954311355	0.22165681500327983	0.2901	0.3534	-1.015
1657.9999999999998	10.741950000000001	3.6483390000000004	1.323369	1.2688543661998777	-5.756095873077299	0.5113814708343386	0.2569	0.3309	-1.0299
1659.0	10.2024	3.8504250000000004	3.9593160000000003	1.1362093430483085	-4.893903222592099	-0.38222710618675815	0.2177	0.3077	-1.045
1660.0000000000002	9.539244	4.441968	6.666876	0.6213372137099813	-4.094542425178697	-1.265363707695889	0.1747	0.2846	-1.0593
1661.0	8.410112999999999	4.8167100000000005	8.850582000000001	0.19198621771937624	-3.8467056713955023	-1.2095131716320704	0.13	0.2622	-1.0715
1662.0	7.590978000000001	4.22811	11.11473	-0.08726646259971647	-3.679154063204047	-0.5253441048502933	0.084	0.2413	-1.0822
1663.0	8.777007000000001	3.906342	12.547971	1.0786134777324956	-2.602285914723545	-0.8918632477691024	0.0389	0.2211	-1.0908
1664.0	8.27964	4.857912	12.522465	1.1205013797803596	-0.8621926504851988	-0.9250245035569946	-0.0029	0.2038	-1.095
1664.9999999999998	10.330911	5.378823000000001	11.067642000000001	0.9162978572970231	-0.6161012259539983	-0.7138396640656808	-0.042	0.1894	-1.0955
1666.0	13.092426000000001	5.23854	8.648496000000002	0.7086036763096978	-0.26529004630313807	-0.5131268000863328	-0.0767	0.1783	-1.0922
1667.0000000000002	14.478579	3.61008	8.652420000000001	0.6736970912698113	-0.13962634015954636	-0.4537856055185257	-0.1065	0.1679	-1.0876
1668.0	14.255892000000001	2.5368660000000003	9.596142	0.5148721293383273	-0.026179938779914945	-0.3455751918948773	-0.1305	0.1585	-1.081
1669.0000000000002	12.764772	1.49112	9.48627	0.39793506945470714	-0.015707963267948967	-0.2565634000431664	-0.1495	0.1506	-1.0744
1670.0	11.358018	0.188352	9.069345	0.3752457891787809	0.010471975511965976	-0.23736477827122882	-0.1634	0.1432	-1.0696
1671.0	10.538883	-0.874071	8.890803	0.35779249665883756	0.03665191429188092	-0.24958208303518914	-0.174	0.1355	-1.0672
1672.0	9.637344	-0.9241020000000001	8.298279	0.3543018381548489	0.048869219055841226	-0.2565634000431664	-0.1805	0.1282	-1.0663
1673.0	7.510536	-0.376704	7.821513	0.2932153143350474	0.0890117918517108	-0.21642082724729686	-0.1841	0.1213	-1.0671
1673.9999999999998	7.216236	-0.464994	7.877430000000001	0.28099800957108706	0.08377580409572781	-0.19896753472735357	-0.1865	0.1154	-1.0696
1675.0	7.005321	-0.6523650000000001	7.7734440000000005	0.22514747350726852	0.07679448708775051	-0.15707963267948966	-0.1876	0.1103	-1.0729
1676.0000000000002	6.767919	-0.63765	7.766577	0.16580627893946132	0.07679448708775051	-0.13788101090755203	-0.189	0.1059	-1.0779
1677.0	6.545232	-0.57879	7.776387	0.1361356816555577	0.08028514559173916	-0.0890117918517108	-0.1893	0.1022	-1.0837
1678.0	6.399063	-0.587619	7.795026	0.059341194567807204	0.0890117918517108	-0.019198621771937627	-0.1893	0.0994	-1.0904
1679.0	6.295077000000001	-0.505215	7.813665	0.013962634015954637	0.08203047484373349	0.04363323129985824	-0.1885	0.0964	-1.097
1680.0	6.202863	-0.419868	7.823475	-0.024434609527920613	0.07679448708775051	0.08203047484373349	-0.1881	0.094	-1.1011
1680.9999999999998	6.143022	-0.37376100000000007	7.833285	-0.048869219055841226	0.024434609527920613	0.10471975511965978	-0.1873	0.0922	-1.1022
1682.0	6.095934	-0.35904600000000003	7.847019000000001	-0.06632251157578452	0.0	0.1117010721276371	-0.1864	0.0902	-1.1008
1682.9999999999998	6.051789	-0.340407	7.847019000000001	-0.09250245035569947	0.0	0.11519173063162574	-0.1857	0.0893	-1.0969
1684.0	6.025302	-0.389457	7.840152000000001	-0.09250245035569947	-0.013962634015954637	0.12042771838760874	-0.1855	0.0891	-1.0912
1685.0000000000002	6.007644000000001	-0.44537400000000005	7.826418	-0.09948376736367678	-0.027925268031909273	0.1117010721276371	-0.1852	0.089	-1.086
1686.0	5.988024000000001	-0.513063	7.819551000000001	-0.08377580409572781	-0.027925268031909273	0.07853981633974483	-0.184	0.0895	-1.0819
1687.0	5.966442	-0.589581	7.801893000000001	-0.07504915783575616	-0.024434609527920613	0.06632251157578452	-0.1844	0.0902	-1.0791
1688.0	5.9478029999999995	-0.636669	7.791102	-0.059341194567807204	-0.031415926535897934	0.038397243543875255	-0.1845	0.0909	-1.0778
1689.0	5.929164000000001	-0.645498	7.771482000000001	-0.059341194567807204	-0.04537856055185257	0.04014257279586958	-0.1846	0.0919	-1.0782
1689.9999999999998	5.927202	-0.6386310000000001	7.742052	-0.0942477796076938	-0.054105206811824215	0.048869219055841226	-0.185	0.0932	-1.0798
1691.0	5.924259	-0.64746	7.734204	-0.09948376736367678	-0.048869219055841226	0.048869219055841226	-0.1857	0.0941	-1.0828
1692.0000000000002	5.914449	-0.665118	7.733223000000001	-0.10821041362364843	-0.06806784082777885	0.019198621771937627	-0.1864	0.095	-1.087
1693.0	5.91543	-0.677871	7.735185	-0.09599310885968812	-0.08203047484373349	0.012217304763960306	-0.1874	0.0958	-1.0932
1694.0000000000002	5.918373	-0.668061	7.732242	-0.07853981633974483	-0.06632251157578452	0.010471975511965976	-0.1884	0.0961	-1.1013
1695.0	5.927202	-0.660213	7.726356	-0.09075712110370514	-0.06632251157578452	0.0	-0.189	0.0968	-1.1086
1696.0	5.932107	-0.613125	7.721451000000001	-0.08028514559173916	-0.0715584993317675	0.0	-0.1901	0.0972	-1.115
1697.0	5.933088000000001	-0.5709420000000001	7.720470000000001	-0.0942477796076938	-0.07853981633974483	0.005235987755982988	-0.1905	0.0977	-1.1214
1698.0	5.939955	-0.560151	7.715565	-0.12042771838760874	-0.08028514559173916	0.022689280275926284	-0.1911	0.098	-1.1235
1698.9999999999998	5.949765000000001	-0.610182	7.709679	-0.11519173063162574	-0.08028514559173916	0.003490658503988659	-0.1921	0.0989	-1.1239
1700.0	5.948784000000001	-0.645498	7.720470000000001	-0.10471975511965978	-0.08377580409572781	0.0	-0.1926	0.0994	-1.1211
1701.0000000000002	5.94486	-0.6435360000000001	7.729299000000001	-0.12042771838760874	-0.10821041362364843	0.005235987755982988	-0.1932	0.1	-1.1216
1702.0	5.93505	-0.6288210000000001	7.751862000000001	-0.14486232791552936	-0.16755160819145562	0.019198621771937627	-0.1941	0.1009	-1.1203
1703.0	5.916411	-0.622935	7.774425	-0.19024088846738194	-0.22514747350726852	0.03316125578789226	-0.1946	0.1019	-1.1183
1704.0	5.8997340000000005	-0.621954	7.812684	-0.23911010752322315	-0.3036872898470133	0.03665191429188092	-0.1952	0.103	-1.1153
1705.0	5.87619	-0.6180300000000001	7.861734	-0.2722713633111154	-0.4258603374866164	0.03316125578789226	-0.1968	0.104	-1.1125
1705.9999999999998	5.857551	-0.635688	7.912746	-0.29670597283903605	-0.4834562028024293	0.031415926535897934	-0.1987	0.1055	-1.109
1707.0	5.845779	-0.645498	7.97553	-0.3543018381548489	-0.619591884457987	0.05235987755982989	-0.2016	0.1071	-1.104
1707.9999999999998	5.832045000000001	-0.6523650000000001	8.050086	-0.42062434973063345	-0.778416846389471	0.05061454830783556	-0.2051	0.1092	-1.1022
1709.0	5.828121	-0.645498	8.131509	-0.4869468613064179	-0.9826203688728075	0.06283185307179587	-0.2088	0.1114	-1.1009
1710.0000000000002	5.799672	-0.646479	8.237457000000001	-0.5707226654021458	-1.2147491593880533	0.04537856055185257	-0.2134	0.1141	-1.1006
1711.0	5.754546	-0.660213	8.393436000000001	-0.6056292504420324	-1.6004669240788003	0.04537856055185257	-0.219	0.1172	-1.0971
1712.0	5.757489	-0.70632	8.510175	-0.6963863715457375	-1.9826940302655582	0.019198621771937627	-0.2261	0.1207	-1.0941
1713.0	5.75847	-0.746541	8.644572	-0.7260569688296411	-2.2043508452688383	0.0	-0.2351	0.1248	-1.089
1714.0	5.777109	-0.749484	8.823114	-0.7958701389094143	-2.62846585350346	0.019198621771937627	-0.2461	0.1295	-1.0842
1714.9999999999998	5.781033000000001	-0.763218	9.028143	-0.8395033702092726	-3.1084313978019007	0.07330382858376185	-0.2626	0.1359	-1.0775
1716.0	5.759450999999999	-0.8083440000000001	9.218457	-0.8325220532012952	-3.6023595761162963	0.0715584993317675	-0.282	0.1424	-1.0694
1717.0000000000002	5.712363000000001	-0.877014	9.412695000000001	-0.9442231253289323	-4.106759729942658	0.0	-0.304	0.15	-1.0578
1718.0	5.625054	-0.996696	9.654021	-1.0471975511965976	-4.747295565424577	-0.1466076571675237	-0.3298	0.1579	-1.0436
1719.0000000000002	5.421006	-1.21644	9.876707999999999	-1.1030480872604163	-5.138249317871306	-0.460766922526503	-0.3602	0.1659	-1.025
1720.0	5.149269	-1.603935	10.019934000000001	-1.213003830136059	-6.316346562967478	-0.7155849933176751	-0.3958	0.1739	-1.0036
1721.0	4.900095	-1.9943730000000002	10.107243	-1.213003830136059	-6.316346562967478	-0.7155849933176751	-0.4301	0.1815	-0.982
1722.0	4.8853800000000005	-2.349495	9.541206	-1.4154620233674011	-10.402162341886203	-2.3108159296404924	-0.4783	0.1879	-0.9472
1723.0	5.11101	-2.3612670000000002	8.606313	-1.5393804002589988	-12.931144428025988	-2.743657584135086	-0.5329	0.1923	-0.9033
1723.9999999999998	6.665895	-1.996335	8.153091	-2.7680921936630067	-12.601277199399059	-2.251474735072685	-0.5921	0.1951	-0.847
1725.0	9.293013	-2.9626200000000003	8.945739000000001	-1.5865042900628457	-9.76337183565628	-2.6563911215353695	-0.6494	0.1949	-0.7822
1726.0000000000002	11.286405000000002	-3.9387150000000006	9.578484000000001	-0.6841690667817772	-8.892452538911108	-2.9530970943744053	-0.7073	0.1908	-0.7107
1727.0	12.97863	-4.4684550000000005	10.033668	-0.23387411976724015	-7.525859734599549	-2.7279496208671374	-0.7637	0.1827	-0.6348
1728.0	13.908618	-4.747059	9.705033	-0.3769911184307752	-7.675958050271062	-2.6406831582674206	-0.8182	0.1711	-0.5535
1729.0	15.450750000000001	-5.025663	9.936549	-0.8639379797371931	-6.9341931181734715	-2.0629791758572975	-0.8684	0.1569	-0.4681
1730.0	16.954623	-5.199300000000001	10.617363000000001	-1.202531854624093	-4.820599394008338	-1.1885692206081384	-0.9128	0.1405	-0.3817
1730.9999999999998	17.965053	-5.352336	11.967219	-1.4329153158873444	-0.9738937226128358	-0.460766922526503	-0.9578	0.1234	-0.2933
1732.0	18.786150000000003	-5.291514	14.031243	-1.2758356832078548	0.6422811647339133	-0.19024088846738194	-0.988	0.1061	-0.2208
1732.9999999999998	19.372788000000003	-6.349032	16.583804999999998	-0.8726646259971648	3.5395277230445004	0.16929693744344995	-1.0101	0.0901	-0.163
1734.0	17.495154000000003	-7.542909000000001	18.053343	-0.30019663134302466	4.623377188532978	0.1291543646475804	-1.0256	0.0745	-0.1228
1735.0000000000002	14.266683	-7.0592760000000006	17.793378	-0.2129301687433082	5.016076270231703	0.09773843811168245	-1.0375	0.0598	-0.0981
1736.0	11.678804999999999	-6.237198	17.351928	-0.7068583470577035	5.153957281139255	0.2792526803190927	-1.0452	0.0481	-0.0875
1737.0	9.481365	-5.702553000000001	16.719183	-1.3229595730117016	5.330235535590682	0.4642575810304917	-1.0502	0.0396	-0.0902
1738.0	8.327709	-5.416101	16.78491	-1.7243853009703975	5.579817618625872	0.5375614096142535	-1.0527	0.0345	-0.1066
1739.0	6.761052	-5.202243	16.305201	-1.8308503853420517	5.766567848589265	0.5567600313861911	-1.0531	0.032	-0.1367
1739.9999999999998	5.380785	-4.955031	15.423282	-1.7749998492782333	6.1418136377680455	0.6073745796940266	-1.052	0.032	-0.179
1741.0	4.548897	-4.726458	13.87134	-1.556833692778942	6.442010269111071	0.7382742735936013	-1.0482	0.034	-0.2289
1742.0000000000002	3.6669780000000003	-4.723515	12.288006	-1.1938052083641215	6.642723133090419	0.9477137838329209	-1.0412	0.0377	-0.2835
1743.0	2.847843	-3.9141900000000005	10.568313	-0.8395033702092726	6.771877497737998	1.213003830136059	-1.0305	0.0431	-0.3405
1744.0000000000002	3.205908	-3.300084	9.43722	-0.5619960191421741	6.850417314077744	1.478293876439197	-1.0146	0.0501	-0.3984
1745.0	3.9190950000000004	-2.9361330000000003	8.813304	-0.4939281783143953	6.878342582109653	1.7924531417981764	-0.9931	0.0594	-0.4585
1746.0	4.7303820000000005	-2.843919	8.638686000000002	-0.48171087355043496	6.876597252857659	1.9390607989657	-0.9659	0.0705	-0.5207
1747.0	5.614263	-2.908665	8.959473000000001	-0.5445427266222308	6.84518132632176	2.2479840765686965	-0.9321	0.0834	-0.5846
1748.0	6.440265	-2.95281	9.459783000000002	-0.5672320068981571	6.84518132632176	2.5080381351158514	-0.8912	0.0972	-0.6494
1748.9999999999998	7.367310000000001	-2.822337	10.11411	-0.5445427266222308	6.906267850141562	2.6668630970473357	-0.8438	0.1122	-0.7145
1750.0	8.460144000000001	-2.6339850000000005	10.931283	-0.6213372137099813	6.972590361717346	2.7768188399229783	-0.7889	0.1278	-0.7769
1751.0000000000002	9.757026000000002	-2.417184	11.881872000000001	-0.8237954069413236	7.019714251521194	2.811725424962865	-0.728	0.1435	-0.8368
1752.0	11.274633	-2.272977	12.884454	-0.9651670763528641	7.058111495065068	2.8047441079548876	-0.6608	0.1598	-0.8931
1753.0	12.878568	-2.288673	13.765392	-1.14493598930828	7.09476340935695	2.6860617188192735	-0.5883	0.1761	-0.9448
1754.0	14.502123000000001	-2.439747	14.390289000000001	-1.19729586686811	6.894050545377602	2.485348854839925	-0.5125	0.1927	-0.9911
1755.0	16.390548000000003	-3.110751	14.838606	-1.0786134777324956	6.27271333166762	2.2375121010567303	-0.4343	0.2087	-1.0298
1755.9999999999998	18.585045	-3.08034	14.537439000000001	-0.6335545184739416	5.515240436302081	1.8692476288859268	-0.356	0.224	-1.0609
1757.0	20.880585	-2.8331280000000003	13.740867000000001	-1.0227629416686772	5.614724203665758	2.343977185428385	-0.2778	0.2379	-1.0825
1757.9999999999998	22.988754	-2.809584	12.508731	-1.460840583919254	5.932374127528726	2.923426497090502	-0.2006	0.2521	-1.0953
1759.0	24.573069000000004	-2.9361330000000003	10.372112999999999	-1.31423292675173	5.729915934297384	3.001966313430247	-0.1243	0.2661	-1.0991
1760.0000000000002	25.674732000000002	-2.7134460000000002	7.355538000000001	-0.6632251157578453	4.67224640758882	2.9478611066184226	-0.0503	0.2791	-1.0972
1761.0	26.743041	-1.866843	3.764097	-0.2984513020910304	3.352777493081107	2.855358656262723	0.0202	0.2908	-1.092
1762.0	27.596511	-0.698472	-0.090252	-0.3769911184307752	2.069960492865275	2.769837522915001	0.0861	0.3009	-1.0847
1763.0	28.203750000000003	0.429678	-3.7209330000000005	0.1117010721276371	0.7016223593017206	2.3073252711365035	0.1457	0.3089	-1.0776
1764.0	28.797255000000003	1.4636520000000002	-6.869943000000001	1.2112585008840648	-0.4939281783143953	1.4922565104551517	0.1983	0.3147	-1.0715
1764.9999999999998	28.907127	2.757591	-9.571617	1.7435839227423353	-0.921533845053006	1.048942880448592	0.2439	0.3171	-1.0683
1766.0	28.388178000000003	3.311856	-11.405106000000002	3.1450833120937816	-2.3003439541285267	-0.3246312408709453	0.2815	0.3159	-1.0674
1767.0000000000002	24.745725	3.444291	-10.851822000000002	3.717551306747922	-3.722787294503905	-0.9546951008408983	0.3086	0.3104	-1.0714
1768.0	20.487204000000002	4.309533	-8.019675000000001	3.2375857624494815	-4.646066468808905	-1.3055062804917585	0.3244	0.2996	-1.0813
1769.0000000000002	17.203797	5.643693000000001	-6.7031730000000005	1.3421581947836396	-5.682792044493538	-0.8796459430051421	0.3278	0.285	-1.0942
1770.0	15.988338	6.476562	-5.242464	0.8028514559173916	-6.7404615712021005	-0.9581857593448869	0.3184	0.2691	-1.1123
1771.0	15.630273	6.63156	-2.195478	0.23561944901923448	-5.735151922053367	-0.6579891280018623	0.2969	0.2523	-1.1323
1772.0	14.86215	5.985081	0.968247	0.27576202181510406	-5.171410573659198	-0.9669124056048586	0.2648	0.2355	-1.1526
1773.0	13.695741	5.13063	3.903399	0.31066860685499065	-4.445353604829557	-0.9878563566287906	0.2249	0.2188	-1.1697
1773.9999999999998	12.040794000000002	4.209471	6.529536	0.2897246558310587	-3.956661414271145	-0.3036872898470133	0.1797	0.2023	-1.1843
1775.0	11.063718	3.6189090000000004	9.274374	0.8098327729253689	-3.5360370645405115	-0.3368485456349056	0.1301	0.1879	-1.1997
1776.0000000000002	11.446308000000002	3.4570440000000002	11.809278	0.6073745796940266	-0.8796459430051421	-0.8045967851693859	0.0788	0.1751	-1.2119
1777.0	12.793221	2.758572	11.464947	0.7330382858376184	-0.7714355293814937	-0.5462880558742251	0.0305	0.1654	-1.2203
1778.0	14.713038000000001	2.1935160000000002	9.42741	0.7871434926494426	-0.5934119456780721	-0.4921828490624009	-0.0138	0.1578	-1.2241
1779.0	15.884352	1.364571	9.540225000000001	0.4537856055185257	-0.30019663134302466	-0.25132741228718347	-0.0531	0.1517	-1.2284
1780.0	15.27417	0.36689400000000005	10.198476000000001	0.3438298626428829	-0.16406094968746698	-0.11519173063162574	-0.0866	0.1462	-1.2284
1780.9999999999998	13.523085000000002	-0.46401300000000006	9.744273	0.1832595714594046	-0.11693705988362008	-0.015707963267948967	-0.1132	0.1407	-1.2273
1782.0	12.121236000000001	-0.9241020000000001	9.38817	0.1466076571675237	-0.09075712110370514	-0.015707963267948967	-0.1332	0.1354	-1.2256
1782.9999999999998	11.178495	-0.987867	9.145863	0.16057029118347832	-0.06283185307179587	-0.08028514559173916	-0.1477	0.1301	-1.226
1784.0	10.661508	-0.8054010000000001	8.912385	0.15358897417550102	0.003490658503988659	-0.0890117918517108	-0.1582	0.1251	-1.2258
1785.0000000000002	9.601047000000001	-0.8191350000000001	8.238438	0.15533430342749532	0.029670597283903602	-0.10297442586766545	-0.165	0.1201	-1.2233
1786.0	7.398702	-1.1889720000000001	7.587054	0.1710422666954443	0.03316125578789226	-0.1291543646475804	-0.1685	0.1158	-1.2231
1787.0	7.127946000000001	-0.7995150000000001	7.7734440000000005	0.15707963267948966	0.06283185307179587	-0.11519173063162574	-0.1709	0.1117	-1.2211
1788.0	6.8836770000000005	-1.001601	7.6616100000000005	0.15707963267948966	0.07330382858376185	-0.11344640137963143	-0.1723	0.1087	-1.2217
1789.0	6.7414320000000005	-1.2350790000000003	7.663572	0.13788101090755203	0.09250245035569947	-0.0942477796076938	-0.1734	0.1065	-1.2217
1789.9999999999998	6.575643	-1.168371	7.702812000000001	0.12042771838760874	0.1117010721276371	-0.07330382858376185	-0.1733	0.1043	-1.2213
1791.0	6.458904	-1.20663	7.713603	0.10471975511965978	0.09075712110370514	-0.05759586531581287	-0.1729	0.1023	-1.2212
1792.0000000000002	6.361785	-1.072233	7.717527	0.059341194567807204	0.0715584993317675	-0.013962634015954637	-0.1727	0.1	-1.2221
1793.0	6.29802	-0.9810000000000001	7.723413000000001	0.031415926535897934	0.038397243543875255	0.024434609527920613	-0.1723	0.098	-1.2218
1794.0000000000002	6.226407000000001	-0.925083	7.7557860000000005	0.0017453292519943296	0.003490658503988659	0.048869219055841226	-0.1722	0.096	-1.2227
1795.0	6.174414	-0.80442	7.785216	-0.03490658503988659	0.0	0.06981317007977318	-0.1712	0.0945	-1.222
1796.0	6.144984	-0.759294	7.778349000000001	-0.048869219055841226	-0.022689280275926284	0.08203047484373349	-0.1706	0.0935	-1.2204
1797.0	6.106725000000001	-0.7406550000000001	7.779330000000001	-0.054105206811824215	-0.019198621771937627	0.08726646259971647	-0.1698	0.0927	-1.2212
1798.0	6.0822	-0.744579	7.772463	-0.038397243543875255	-0.019198621771937627	0.06981317007977318	-0.1694	0.0922	-1.2209
1798.9999999999998	6.059637	-0.769104	7.7685390000000005	-0.0471238898038469	-0.019198621771937627	0.05585053606381855	-0.1691	0.0919	-1.2199
1800.0	6.040017000000001	-0.7985340000000001	7.749900000000001	-0.015707963267948967	-0.027925268031909273	0.029670597283903602	-0.1689	0.0915	-1.2209
1801.0000000000002	6.028245000000001	-0.8711280000000001	7.724394	-0.003490658503988659	-0.015707963267948967	0.003490658503988659	-0.1689	0.0919	-1.2204
1802.0	6.017454	-0.917235	7.697907	0.015707963267948967	0.005235987755982988	-0.012217304763960306	-0.1687	0.0924	-1.2195
1803.0	6.007644000000001	-0.9280260000000001	7.677306	0.013962634015954637	-0.013962634015954637	-0.010471975511965976	-0.1687	0.0935	-1.2189
1804.0	6.000777	-0.9201779999999999	7.668477	0.0017453292519943296	0.012217304763960306	-0.003490658503988659	-0.1686	0.0942	-1.2186
1805.0	5.995872	-0.926064	7.6567050000000005	0.0017453292519943296	0.008726646259971648	-0.010471975511965976	-0.1688	0.0942	-1.2186
1805.9999999999998	5.988024000000001	-0.9201779999999999	7.655724	-0.020943951023931952	0.0017453292519943296	-0.003490658503988659	-0.1686	0.0943	-1.2185
1807.0	5.983119	-0.8985960000000001	7.659648000000001	-0.038397243543875255	-0.020943951023931952	0.006981317007977318	-0.1688	0.0944	-1.2183
1807.9999999999998	5.977233	-0.8564130000000001	7.660629000000001	-0.059341194567807204	-0.03665191429188092	0.027925268031909273	-0.1691	0.0943	-1.2182
1809.0	5.975271	-0.8132490000000001	7.660629000000001	-0.1064650843716541	-0.04537856055185257	0.038397243543875255	-0.169	0.0945	-1.218
1810.0000000000002	5.975271	-0.7563510000000001	7.658667	-0.10821041362364843	-0.05759586531581287	0.05061454830783556	-0.1693	0.095	-1.2175
1811.0	5.978214000000001	-0.72594	7.666515	-0.11344640137963143	-0.05235987755982989	0.048869219055841226	-0.1696	0.0951	-1.2178
1812.0	5.972328	-0.711225	7.6694580000000006	-0.09599310885968812	-0.061086523819801536	0.03490658503988659	-0.1705	0.0958	-1.2174
1813.0	5.973309	-0.726921	7.672401000000001	-0.11519173063162574	-0.04363323129985824	0.024434609527920613	-0.1709	0.0959	-1.2171
1814.0	5.971347000000001	-0.762237	7.684173	-0.09250245035569947	-0.061086523819801536	0.0	-0.1711	0.0966	-1.2168
1814.9999999999998	5.957612999999999	-0.7906860000000001	7.703793	-0.09948376736367678	-0.09250245035569947	-0.015707963267948967	-0.172	0.0974	-1.2163
1816.0	5.936031	-0.803439	7.728318	-0.09599310885968812	-0.12391837689159739	-0.024434609527920613	-0.1726	0.0979	-1.2159
1817.0000000000002	5.914449	-0.8093250000000001	7.757748	-0.12042771838760874	-0.15707963267948966	-0.012217304763960306	-0.173	0.0991	-1.2148
1818.0	5.887962	-0.826983	7.802874	-0.15707963267948966	-0.22514747350726852	-0.006981317007977318	-0.1738	0.1002	-1.2119
1819.0000000000002	5.862456000000001	-0.825021	7.856829	-0.21467549799530256	-0.3543018381548489	0.008726646259971648	-0.175	0.1012	-1.2083
1820.0	5.837931	-0.8387550000000001	7.917651000000001	-0.30543261909900765	-0.4642575810304917	0.04014257279586958	-0.1769	0.1022	-1.2031
1821.0	5.814387	-0.821097	7.976511000000001	-0.38048177693476387	-0.6213372137099813	0.05759586531581287	-0.1792	0.1039	-1.1959
1822.0	5.794767	-0.803439	8.053029	-0.44505895925855404	-0.7906341511534313	0.07679448708775051	-0.1824	0.1055	-1.189
1823.0	5.7800519999999995	-0.788724	8.134452000000001	-0.5375614096142535	-0.9791297103688189	0.09599310885968812	-0.1867	0.108	-1.1834
1823.9999999999998	5.753565000000001	-0.7720470000000001	8.233533000000001	-0.5637413483941683	-1.0995574287564276	0.09075712110370514	-0.1922	0.111	-1.1786
1825.0	5.708439	-0.730845	8.391474	-0.6754424205218056	-1.361356816555577	0.0890117918517108	-0.1983	0.115	-1.175
1826.0000000000002	5.70942	-0.7808760000000001	8.519985	-0.7155849933176751	-1.7680185322702557	0.08377580409572781	-0.2065	0.1197	-1.1718
1827.0	5.71923	-0.8642610000000001	8.67204	-0.778416846389471	-2.1834068942449063	0.0471238898038469	-0.2169	0.1248	-1.1697
1828.0	5.739831	-0.868185	8.840772000000001	-0.8168140899333461	-2.638937829015426	0.012217304763960306	-0.2297	0.131	-1.1674
1829.0	5.755527000000001	-0.9290070000000001	9.044820000000001	-0.9128071987930343	-3.1590459461097367	0.08552113334772216	-0.2452	0.1377	-1.1647
1830.0	5.734926000000001	-1.026126	9.239058	-0.9581857593448869	-3.652974124424132	0.0890117918517108	-0.2634	0.1457	-1.1621
1830.9999999999998	5.678028	-1.101663	9.461745	-0.9965830028887622	-3.91826417072727	0.048869219055841226	-0.2845	0.1547	-1.1594
1832.0	5.549517	-1.20663	9.7119	-1.165879940332212	-4.434881629317592	-0.03665191429188092	-0.3089	0.164	-1.1539
1832.9999999999998	5.325849000000001	-1.4155830000000003	9.94734	-1.2985249634837812	-5.20457182944709	-0.22514747350726852	-0.3373	0.1735	-1.1435
1834.0	5.105124	-1.72656	9.99639	-1.3980087308474578	-6.373942428283291	-0.6876597252857658	-0.3695	0.1836	-1.1272
1835.0000000000002	5.1522120000000005	-2.07972	9.553959	-1.6545721308906243	-8.16290491157748	-1.488765851951163	-0.4079	0.1938	-1.1035
1836.0	5.2257869999999995	-2.381868	8.789760000000001	-1.5760323145508794	-10.677924363701308	-2.4312436480281012	-0.453	0.2038	-1.0705
1837.0	5.752584000000001	-2.240604	7.914708	-1.4346606451393389	-12.044517168012868	-2.7995081201989045	-0.5055	0.2119	-1.0267
1838.0	8.239419	-2.3897160000000004	8.197236	-1.8395770316020235	-13.330824826732687	-2.9443704481144337	-0.5652	0.2177	-0.972
1839.0	10.730178000000002	-2.498607	8.433657	-1.8395770316020235	-13.330824826732687	-2.9443704481144337	-0.6217	0.2226	-0.919
1839.9999999999998	12.501864000000001	-3.219642	9.018333	-0.0	-8.61145452934002	-3.1573006168577424	-0.6863	0.2231	-0.8495
1841.0	13.833081	-3.674826	9.230229	0.2932153143350474	-7.307693578100258	-2.7715828521669956	-0.7505	0.2188	-0.7753
1842.0000000000002	14.812119000000001	-4.2065280000000005	9.114471	0.2530727415391778	-7.513642429835588	-2.802998778702893	-0.8125	0.2111	-0.6969
1843.0	16.26498	-4.585194	9.441144000000001	-0.08552113334772216	-6.747442888210078	-2.288126649364566	-0.8719	0.1997	-0.6148
1844.0000000000002	17.55009	-4.726458	10.371132	-0.33510321638291124	-5.883504908472886	-1.8517943363659835	-0.9267	0.1853	-0.5306
1845.0	18.20736	-4.482189	12.064338000000001	-0.9599310885968813	-2.6668630970473357	-1.106538745764405	-0.9746	0.169	-0.449
1846.0	19.162854000000003	-4.686237	14.239215000000002	-1.1100294042683936	0.5515240436302081	-0.9704030641088472	-1.0128	0.1514	-0.376
1847.0	19.167759	-5.793786000000001	16.328745	-0.8464846872172498	3.385938748868999	-0.47472955654245763	-1.0415	0.1341	-0.3159
1848.0	16.39251	-6.345108000000001	16.709373000000003	-0.27052603405912107	4.51516677490933	-0.7033676885537148	-1.0589	0.1186	-0.2737
1848.9999999999998	13.363182000000002	-6.638427	16.662285	-0.25481807079117214	4.932300466135976	-0.7295476273336297	-1.0758	0.1023	-0.2341
1850.0	10.997010000000001	-6.035112	15.962832	-0.44505895925855404	5.007349623971731	-0.6422811647339133	-1.0795	0.0895	-0.2184
1851.0000000000002	9.072288	-5.639769	15.426225	-1.0210176124166828	5.024802916491675	-0.41364303272265607	-1.0791	0.0795	-0.2118
1852.0	7.692021	-5.197338000000001	15.103476000000002	-1.5725416560468908	5.033529562751646	-0.13264502315156904	-1.0744	0.073	-0.2188
1853.0	6.0802380000000005	-4.91481	14.357916000000001	-1.8605209826259552	5.211553146455069	0.12217304763960307	-1.0658	0.0699	-0.2363
1854.0	4.782375	-4.887342	13.199355	-1.7470745812463238	5.548401692089973	0.3839724354387525	-1.0541	0.07	-0.2654
1855.0	3.9210570000000002	-5.309172	11.74257	-1.3491395117916167	5.866051615952942	0.6894050545377601	-1.0406	0.0723	-0.3038
1855.9999999999998	2.799774	-5.269932000000001	10.187685	-0.8011061266653973	6.14355896702004	1.0297442586766545	-1.0255	0.0766	-0.346
1857.0	2.2396230000000004	-4.721553	8.827038000000002	-0.5253441048502933	6.283185307179586	1.2060225131280815	-1.0075	0.0828	-0.3912
1857.9999999999998	2.578068	-4.448835000000001	8.026542000000001	-0.061086523819801536	6.503096792930872	1.5707963267948966	-0.9876	0.0905	-0.4354
1859.0	3.214737	-4.290894000000001	7.664553000000001	0.16057029118347832	6.721262949430163	1.9477874452256716	-0.9646	0.1001	-0.4824
1860.0000000000002	3.9740310000000005	-4.317381	7.673382	0.1884955592153876	6.846926655573755	2.3177972466484698	-0.939	0.1108	-0.5288
1861.0	4.838292000000001	-4.380165	7.952967	0.16057029118347832	6.894050545377602	2.626720524251466	-0.9101	0.1234	-0.5785
1862.0	5.682933	-4.388013	8.415999000000001	0.13439035240356337	6.904522520889568	2.855358656262723	-0.8774	0.1369	-0.6265
1863.0	6.555042	-4.272255	9.006561000000001	0.11519173063162574	6.927211801165494	2.9408797896104453	-0.8408	0.1512	-0.6768
1864.0	7.496802000000001	-4.034853	9.676584000000002	0.07853981633974483	6.99004365423729	2.9862583501622977	-0.8002	0.166	-0.7276
1864.9999999999998	8.543529000000001	-3.694446	10.397619	-0.07679448708775051	7.0441488610491145	2.933898472602468	-0.7545	0.1809	-0.7809
1866.0	9.645192	-3.278502	11.158875	-0.4537856055185257	6.951646410693415	2.8204520712228365	-0.7029	0.196	-0.8319
1867.0000000000002	10.870461	-2.891007	11.941713000000002	-0.9756390518648302	6.778858814745975	2.665117767795341	-0.646	0.2112	-0.8803
1868.0	12.218355	-2.771325	12.727494000000002	-1.2967796342317868	6.4629542201350025	2.405063709248186	-0.5731	0.2264	-0.9264
1869.0000000000002	13.838967000000002	-3.038157	13.532895	-1.3212142437597074	6.164502918043972	2.193878869756872	-0.4945	0.242	-0.9628
1870.0	15.865713000000001	-3.516885	14.184279	-1.2322024519079966	6.140068308516051	2.1834068942449063	-0.4132	0.2556	-0.9946
1871.0	18.036666	-3.9936510000000003	14.436396	-0.9180431865490174	6.211626807847819	2.4225170017681297	-0.3287	0.2673	-1.017
1872.0	20.136006000000002	-4.184946	14.130324	-0.7539822368615504	6.126105674500097	2.9670597283903604	-0.2443	0.2764	-1.0326
1873.0	22.070538000000003	-4.285989000000001	13.212108	-0.5497787143782138	5.811946409141117	3.485422516232676	-0.1598	0.2826	-1.0406
1873.9999999999998	23.731371	-4.4557020000000005	11.676843	0.12391837689159739	5.183627878423159	3.686135380212024	-0.0762	0.2853	-1.0425
1875.0	25.194042000000003	-4.4557020000000005	9.438201	0.7504915783575618	4.384267081009756	3.5395277230445004	0.0051	0.2843	-1.0352
1876.0000000000002	26.575290000000003	-3.792546	6.434379000000001	0.6440264939859076	3.946189438759179	3.225368457685521	0.0812	0.2805	-1.0258
1877.0	27.765242999999998	-2.440728	2.891007	-0.3752457891787809	2.912954521578536	3.035127569218139	0.1519	0.2744	-1.0123
1878.0	28.552005	-1.027107	-0.8230590000000001	-0.8045967851693859	1.4538592669112764	2.356194490192345	0.2046	0.2662	-0.9965
1879.0	29.007189000000004	0.157941	-4.337982	0.21991148575128552	0.017453292519943295	1.2269664641520137	0.2481	0.2556	-0.9843
1880.0	29.090574	1.399887	-7.40655	1.6301375213627038	-1.0768681484805014	0.1780235837034216	0.2835	0.2438	-0.9736
1880.9999999999998	28.838457000000002	2.7615149999999997	-9.806076000000001	2.1223203704251046	-1.806415775814131	-0.45029494701453704	0.3092	0.2307	-0.9672
1882.0	27.809388000000002	3.6277380000000004	-11.221658999999999	2.4958208303518914	-2.56388867117967	-1.075122819228507	0.3264	0.2166	-0.9644
1882.9999999999998	26.036721000000004	4.109409	-10.80081	2.6860617188192735	-2.792526803190927	-1.2950343049797925	0.3346	0.2018	-0.9655
1884.0	21.67029	4.298742	-7.994169	2.7942721324429214	-3.1433379828417873	-1.5009831567151235	0.3337	0.1864	-0.9696
1885.0000000000002	17.633475	4.6921230000000005	-4.994271	1.656317460142619	-3.9392081217512014	-0.8621926504851988	0.3243	0.1715	-0.9758
1886.0	14.063616000000001	4.742154	-3.5139420000000006	0.8674286382411819	-5.825909043157072	-0.49741883681838395	0.3059	0.1568	-0.9841
1887.0	12.375315	4.164345	-1.208592	0.12217304763960307	-5.703735995517469	0.23736477827122882	0.2788	0.1426	-0.9941
1888.0	11.574819	3.9396960000000005	2.0287080000000004	-0.1361356816555577	-4.900884539600078	-0.16580627893946132	0.2456	0.1283	-1.0046
1889.0	10.346607	3.9190950000000004	4.975632	-0.21467549799530256	-4.686209041604775	-0.767944870877505	0.207	0.115	-1.015
1889.9999999999998	9.056592	3.808242	7.367310000000001	-0.4537856055185257	-4.284783313646079	-0.6771877497737998	0.1657	0.1036	-1.0234
1891.0	7.580187000000001	2.9606580000000005	9.415638	-0.49567350756638956	-3.8903389026953605	-0.16231562043547265	0.1226	0.0942	-1.03
1892.0000000000002	7.019055000000001	2.20725	11.247165	-0.4537856055185257	-3.7140606482439336	0.19198621771937624	0.0788	0.087	-1.0349
1893.0	8.471916	1.490139	11.816144999999999	0.582939970166106	-2.5516713664157096	-0.6998770300497261	0.0353	0.0807	-1.0374
1894.0000000000002	12.588192	1.135998	10.501605000000001	0.582939970166106	-2.5516713664157096	-0.6998770300497261	-0.0047	0.0768	-1.0379
1895.0	14.586489000000002	0.94176	9.117414	0.7155849933176751	-0.5881759579220891	-0.5375614096142535	-0.0422	0.0735	-1.0353
1896.0	15.966756	0.448317	9.903195000000002	0.6422811647339133	-0.4625122517784973	-0.4904375198104066	-0.0748	0.0703	-1.0297
1897.0	15.437997000000001	-0.197181	10.336797	0.4921828490624009	-0.20943951023931956	-0.3036872898470133	-0.1015	0.0673	-1.0228
1898.0	14.204880000000001	-1.0663470000000002	9.95715	0.3560471674068432	-0.10821041362364843	-0.16929693744344995	-0.1237	0.0638	-1.0154
1898.9999999999998	13.374954	-1.800135	9.64323	0.28099800957108706	-0.0715584993317675	-0.1064650843716541	-0.1406	0.0601	-1.0089
1900.0	12.524427	-2.321046	9.522567	0.312413936106985	-0.054105206811824215	-0.14486232791552936	-0.1541	0.0555	-1.0045
1901.0000000000002	11.960352000000002	-2.1925350000000003	9.363645	0.317649923862968	-0.003490658503988659	-0.16231562043547265	-0.1636	0.0506	-1.0023
1902.0	11.239317	-2.018898	8.888841000000001	0.32288591161895097	0.03665191429188092	-0.17453292519943295	-0.1695	0.0447	-1.0021
1903.0	9.190989	-1.507797	8.333595	0.32114058236695664	0.09250245035569947	-0.17976891295541594	-0.1726	0.0401	-1.0032
1904.0	7.14168	-0.95157	7.786197	0.30194196059501904	0.09948376736367678	-0.1710422666954443	-0.1755	0.0349	-1.0047
1905.0	6.9091830000000005	-0.963342	7.733223000000001	0.26005405854715513	0.12740903539558607	-0.158824961931484	-0.1765	0.0302	-1.0085
1905.9999999999998	6.753204	-1.058499	7.701831	0.22863813201125716	0.13788101090755203	-0.13788101090755203	-0.177	0.0269	-1.0139
1907.0	6.601149000000001	-1.045746	7.706736	0.21991148575128552	0.13439035240356337	-0.13962634015954636	-0.1771	0.0237	-1.0202
1907.9999999999998	6.483429000000001	-1.024164	7.713603	0.16231562043547265	0.12391837689159739	-0.09599310885968812	-0.1767	0.0209	-1.0269
1909.0	6.393177	-0.8642610000000001	7.722432	0.1413716694115407	0.10122909661567112	-0.059341194567807204	-0.1763	0.018	-1.0328
1910.0000000000002	6.30783	-0.754389	7.734204	0.059341194567807204	0.054105206811824215	0.003490658503988659	-0.1752	0.0157	-1.0356
1911.0	6.240141	-0.724959	7.766577	0.04014257279586958	0.03665191429188092	0.006981317007977318	-0.1741	0.0135	-1.0355
1912.0	6.156756000000001	-0.607239	7.791102	0.008726646259971648	0.03665191429188092	0.015707963267948967	-0.1735	0.0116	-1.032
1913.0	6.1155539999999995	-0.587619	7.790121000000001	0.005235987755982988	0.020943951023931952	0.029670597283903602	-0.1732	0.01	-1.0267
1914.0	6.079257000000001	-0.612144	7.783254	0.013962634015954637	0.027925268031909273	0.019198621771937627	-0.1729	0.0087	-1.0213
1914.9999999999998	6.060618000000001	-0.641574	7.769520000000001	0.006981317007977318	0.03316125578789226	0.0	-0.1722	0.008	-1.0172
1916.0	6.040017000000001	-0.6827759999999999	7.763634000000001	0.006981317007977318	0.024434609527920613	-0.008726646259971648	-0.1715	0.0072	-1.0148
1917.0000000000002	6.035112	-0.73575	7.738128	0.0471238898038469	0.04537856055185257	-0.04363323129985824	-0.1711	0.0067	-1.0138
1918.0	6.010587	-0.7897050000000001	7.7253750000000005	0.09075712110370514	0.03665191429188092	-0.07853981633974483	-0.1712	0.006	-1.0143
1919.0000000000002	6.001758000000001	-0.8387550000000001	7.7047740000000005	0.1064650843716541	0.05759586531581287	-0.0890117918517108	-0.1717	0.0055	-1.0153
1920.0	5.9988150000000005	-0.8299259999999999	7.696926	0.11868238913561441	0.06632251157578452	-0.09948376736367678	-0.1728	0.0052	-1.0177
1921.0	5.989986000000001	-0.812268	7.691040000000001	0.10821041362364843	0.06283185307179587	-0.09250245035569947	-0.1734	0.0049	-1.0217
1922.0	5.989005000000001	-0.806382	7.684173	0.11344640137963143	0.06283185307179587	-0.08726646259971647	-0.1735	0.0045	-1.0263
1923.0	5.983119	-0.7808760000000001	7.688097	0.08203047484373349	0.041887902047863905	-0.08028514559173916	-0.1734	0.0037	-1.0321
1923.9999999999998	5.973309	-0.750465	7.693983	0.07504915783575616	0.03316125578789226	-0.08203047484373349	-0.1735	0.0032	-1.0395
1925.0	5.967423	-0.7082820000000001	7.7047740000000005	0.07504915783575616	0.03316125578789226	-0.08203047484373349	-0.1739	0.0025	-1.0459
1926.0000000000002	5.9634990000000005	-0.640593	7.714584	0.0471238898038469	0.010471975511965976	-0.06981317007977318	-0.1743	0.0014	-1.0479
1927.0	5.958594000000001	-0.5827140000000001	7.729299000000001	0.04014257279586958	-0.005235987755982988	-0.06283185307179587	-0.1748	0.0	-1.0513
1928.0	5.957612999999999	-0.530721	7.732242	0.017453292519943295	-0.012217304763960306	-0.05759586531581287	-0.1745	-0.0008	-1.052
1929.0	5.9507460000000005	-0.5071770000000001	7.741071000000001	0.008726646259971648	-0.019198621771937627	-0.06632251157578452	-0.174	-0.0018	-1.0514
1930.0	5.949765000000001	-0.5032530000000001	7.739109000000001	0.003490658503988659	-0.022689280275926284	-0.06283185307179587	-0.173	-0.0027	-1.0515
1930.9999999999998	5.952708	-0.524835	7.742052	0.017453292519943295	-0.012217304763960306	-0.07504915783575616	-0.1729	-0.0039	-1.0518
1932.0	5.953689000000001	-0.5483790000000001	7.746957	0.03490658503988659	-0.015707963267948967	-0.08377580409572781	-0.1722	-0.0044	-1.052
1932.9999999999998	5.952708	-0.5591700000000001	7.753824000000001	0.005235987755982988	-0.019198621771937627	-0.09599310885968812	-0.172	-0.0052	-1.0522
1934.0	5.945841	-0.562113	7.761672000000001	-0.0017453292519943296	-0.04537856055185257	-0.09250245035569947	-0.1722	-0.0057	-1.0505
1935.0000000000002	5.934069	-0.5591700000000001	7.772463	-0.027925268031909273	-0.059341194567807204	-0.07504915783575616	-0.1726	-0.0063	-1.0486
1936.0	5.918373	-0.554265	7.793064	-0.054105206811824215	-0.10297442586766545	-0.048869219055841226	-0.1731	-0.0065	-1.0491
1937.0	5.903658	-0.542493	7.813665	-0.10995574287564276	-0.16580627893946132	-0.019198621771937627	-0.1737	-0.0067	-1.047
1938.0	5.886981	-0.553284	7.847019000000001	-0.1308996938995747	-0.2426007660272118	-0.012217304763960306	-0.1747	-0.0068	-1.0477
1939.0	5.86638	-0.5287590000000001	7.8803730000000005	-0.1710422666954443	-0.3141592653589793	-0.012217304763960306	-0.1761	-0.0069	-1.0494
1939.9999999999998	5.847741	-0.517968	7.926480000000001	-0.21991148575128552	-0.39793506945470714	0.0017453292519943296	-0.1778	-0.0067	-1.0493
1941.0	5.8261590000000005	-0.511101	7.971606	-0.2303834612632515	-0.5166174585903216	-0.024434609527920613	-0.1793	-0.0063	-1.049
1942.0000000000002	5.805558	-0.5071770000000001	8.030466	-0.24783675378319478	-0.5811946409141117	-0.04363323129985824	-0.1818	-0.0058	-1.0468
1943.0	5.791824000000001	-0.523854	8.094231	-0.28623399732707	-0.7435102613495844	-0.07853981633974483	-0.1839	-0.0049	-1.0488
1944.0000000000002	5.783976	-0.567999	8.163882000000001	-0.317649923862968	-0.9232791743050003	-0.12217304763960307	-0.1869	-0.004	-1.0475
1945.0	5.74866	-0.693567	8.297298	-0.23911010752322315	-1.2147491593880533	-0.22863813201125716	-0.1915	-0.0027	-1.0459
1946.0	5.742774000000001	-0.6817950000000002	8.423847	-0.2722713633111154	-1.546361717266976	-0.23736477827122882	-0.1981	-0.0011	-1.0443
1947.0	5.756508	-0.6994530000000001	8.570997	-0.30194196059501904	-1.9634954084936207	-0.22689280275926285	-0.206	0.0005	-1.0407
1948.0	5.776128	-0.680814	8.732862	-0.2897246558310587	-2.129301687433082	-0.22689280275926285	-0.2161	0.0022	-1.035
1948.9999999999998	5.808501	-0.69651	8.892765	-0.31066860685499065	-2.5516713664157096	-0.22165681500327983	-0.228	0.0041	-1.028
1950.0	5.834007000000001	-0.6906240000000001	9.060516	-0.4066617157146788	-3.017674276698196	-0.21118483949131386	-0.2428	0.0063	-1.0207
1951.0000000000002	5.839893000000001	-0.6827759999999999	9.263583	-0.5270894341022875	-3.5360370645405115	-0.19896753472735357	-0.2608	0.009	-1.012
1952.0	5.81733	-0.734769	9.46665	-0.6387905062299246	-4.0631264986427995	-0.2879793265790644	-0.2825	0.0117	-1.0044
1953.0	5.784957	-0.886824	9.677565000000001	-0.7906341511534313	-4.651302456564888	-0.5742133239061344	-0.3073	0.0147	-0.9903
1954.0	5.696667000000001	-1.0898910000000002	9.847278000000001	-1.1257373675363425	-5.469861875750229	-1.0663961729685354	-0.3359	0.0175	-0.9771
1955.0	5.596605	-1.185048	9.850221000000001	-1.4521139376592822	-6.058037833672318	-1.4172073526193956	-0.3676	0.0205	-0.96
1955.9999999999998	5.472018	-1.4332410000000002	9.852183	-1.4521139376592822	-6.058037833672318	-1.4172073526193956	-0.3972	0.0233	-0.943
1957.0	5.336640000000001	-1.967886	9.518643	-1.5760323145508794	-9.438740594785333	-3.5726889788323923	-0.4394	0.0245	-0.9157
1957.9999999999998	5.509296	-2.140542	9.083079	-1.1571532940722404	-11.007791592328237	-4.303981935418016	-0.4875	0.023	-0.8806
1959.0	6.815988	-2.112093	9.126243	-1.4451326206513049	-10.145598941843037	-3.925245487735247	-0.5388	0.019	-0.8384
1960.0000000000002	9.419562	-3.0254040000000004	9.958131	-0.5515240436302081	-7.304202919596269	-3.759439208795786	-0.5914	0.0116	-0.7907
1961.0	10.782171	-3.9887460000000003	9.99639	0.4380776422505767	-6.955137069197403	-4.396484385773716	-0.644	-0.0002	-0.7376
1962.0	12.086901000000001	-4.186908000000001	9.424467	1.0314895879286488	-6.735225583446117	-4.241150082346221	-0.6948	-0.0169	-0.6803
1963.0	13.548591	-4.199661	9.1233	0.5323254218582705	-6.000441968356506	-3.563962332572421	-0.7435	-0.0369	-0.6196
1964.0	14.855283	-4.28697	9.196875	-0.17976891295541594	-4.977679026687827	-2.5254914276357945	-0.7891	-0.0596	-0.5565
1964.9999999999998	15.850998	-4.488075	9.729558	-0.5899212871740833	-3.427826650916863	-1.4835298641951802	-0.83	-0.0842	-0.4945
1966.0	16.285581	-4.853007	10.578123000000001	-0.57246799465414	-0.9128071987930343	-0.5654866776461628	-0.8717	-0.1096	-0.4312
1967.0000000000002	16.49061	-4.672503	11.626812000000001	-0.5585053606381855	1.0978120995044334	0.12391837689159739	-0.8997	-0.1337	-0.3808
1968.0	16.056027	-5.17968	12.392973000000001	-0.6492624817418906	2.0402898955813713	0.630063859969953	-0.9191	-0.1547	-0.3407
1969.0000000000002	14.089122	-5.662332000000001	12.322341	-0.6632251157578453	2.8518679977587347	1.1187560505283651	-0.9327	-0.1717	-0.3116
1970.0	10.78119	-5.127687000000001	11.205963000000002	-0.6038839211900381	2.9251718263424964	1.117010721276371	-0.9423	-0.1852	-0.292
1971.0	8.795646	-4.405671	10.719387000000001	-0.7557275661135446	2.8902652413026098	1.1292280260403313	-0.948	-0.1935	-0.2811
1972.0	6.932727	-4.346811	10.770399000000001	-0.9128071987930343	2.9181905093345186	1.0629055144645467	-0.9513	-0.1965	-0.2774
1973.0	5.010948000000001	-4.337982	10.570274999999999	-1.106538745764405	3.00720230118623	1.0524335389525807	-0.9529	-0.195	-0.2808
1973.9999999999998	3.408975	-4.1810220000000005	10.103319	-1.1868238913561442	3.080506129769992	1.137954672300303	-0.9524	-0.1896	-0.2911
1975.0	2.2621860000000003	-3.936753	9.360702000000002	-1.2845623294678266	3.352777493081107	1.2234758056480248	-0.9501	-0.1812	-0.3079
1976.0000000000002	1.73637	-3.545334	8.372835	-1.2583823906879115	3.759439208795786	1.4660765716752369	-0.9465	-0.1708	-0.3309
1977.0	1.4332410000000002	-3.341286	7.550757000000001	-1.1152653920243765	4.201007509550351	1.7296212887263804	-0.941	-0.1579	-0.3586
1978.0	1.5019110000000002	-2.771325	7.138737000000001	-1.0035643198967394	4.5588000062091885	2.038544566329377	-0.9342	-0.1435	-0.3898
1979.0	2.026746	-2.336742	7.1328510000000005	-0.9005898940290741	4.857251308300219	2.302089283380521	-0.9253	-0.1279	-0.4241
1980.0	2.7026550000000005	-1.8952920000000002	7.428132000000001	-0.9285151620609834	5.194099853935125	2.5394540616517496	-0.9134	-0.1107	-0.4605
1980.9999999999998	3.415842	-1.4793479999999999	7.912746	-0.9651670763528641	5.366887449882563	2.6232298657474775	-0.8989	-0.0917	-0.4994
1982.0	4.2065280000000005	-1.0555560000000002	8.523909	-1.13271868454432	5.7473692268173275	2.7471482426390748	-0.8811	-0.0713	-0.5414
1982.9999999999998	5.028606	-0.6513840000000001	9.185103	-1.2897983172238097	6.080727113948244	2.7471482426390748	-0.8589	-0.0491	-0.5863
1984.0	5.879133000000001	-0.22563	9.830601	-1.4206980111233845	6.421066318087138	2.652900463031381	-0.8332	-0.0257	-0.6332
1985.0000000000002	6.730641000000001	0.232497	10.425087	-1.546361717266976	6.68810169364227	2.494075501099897	-0.8035	-0.0009	-0.6802
1986.0	7.584111	0.7406550000000001	10.950903000000002	-1.7348572764823638	6.822492046045833	2.2741640153486116	-0.7695	0.0253	-0.726
1987.0	8.487612	1.21644	11.435517	-1.9966566642815131	6.710790973918197	2.0176006153054447	-0.7315	0.0524	-0.7687
1988.0	9.5157	1.590201	11.934846	-2.134537675189065	6.574655292262639	1.8640116411299439	-0.6901	0.0807	-0.8067
1989.0	10.732140000000001	1.822698	12.447909	-2.291617307868555	6.202900161587847	1.5707963267948966	-0.6455	0.109	-0.8409
1989.9999999999998	12.041775000000001	1.949247	12.981573	-2.4766222085799536	5.9061941887488105	1.3177235852557188	-0.5983	0.1384	-0.8707
1991.0	13.415175	1.9551330000000002	13.497579	-2.6965336943312392	5.630432166933708	1.1292280260403313	-0.5488	0.1683	-0.8971
1992.0000000000002	14.93082	1.871748	13.902732	-2.921681167838508	5.4524085832302855	1.096066770252439	-0.4986	0.1995	-0.9216
1993.0	16.465104	1.75599	14.06754	-2.9059732045705586	5.53094839957003	1.2897983172238097	-0.4472	0.2321	-0.9428
1994.0000000000002	17.746290000000002	1.576467	13.962573	-2.7471482426390748	5.5780722893738774	1.4398966328953218	-0.3938	0.2651	-0.9613
1995.0	18.765549	1.321407	13.604508000000001	-2.1676989309769574	5.513495107050087	1.7470745812463238	-0.3402	0.2984	-0.9763
1996.0	19.620981000000004	1.1418840000000001	13.002174	-1.2845623294678266	5.183627878423159	2.038544566329377	-0.2854	0.3312	-0.9873
1997.0	20.384199000000002	1.160523	12.056490000000002	-0.4468042885105484	4.822344723260333	2.3474678439323733	-0.2309	0.362	-0.9948
1998.0	21.033621	1.516626	10.630116	0.061086523819801536	4.3825217517577615	2.3527038316883564	-0.176	0.39	-1.0003
1998.9999999999998	21.637917	2.529999	8.609256	-0.2844886680750757	3.9636427312791223	2.0106192982974678	-0.1216	0.4152	-1.0022
2000.0	22.180410000000002	4.1937750000000005	5.957612999999999	-1.5847589608108512	3.347541505325124	1.3823007675795091	-0.0687	0.4377	-1.002
2001.0000000000002	22.545342	5.764356	3.008727	-2.150245638457014	2.9007372168145755	0.9459684545809267	-0.0184	0.458	-0.9973
2002.0	22.534551	6.701211000000001	0.21974400000000002	-1.9146261894377796	1.7435839227423353	-0.23212879051524585	0.0299	0.4766	-0.9928
2003.0	22.1706	7.245666000000001	-2.136618	-0.10471975511965978	0.40491638646268446	-1.668534764906579	0.0722	0.4912	-0.9832
2004.0	21.803706000000002	7.795026	-3.9848220000000003	1.5079644737231008	-0.6998770300497261	-2.832669375986797	0.1068	0.5029	-0.9735
2005.0	21.531969	8.432676	-5.301324	1.9826940302655582	-1.3526301702956054	-3.4609879067047555	0.1336	0.5102	-0.9651
2005.9999999999998	21.276909	8.812323000000001	-6.078276000000001	1.5585790220309363	-1.5742869852988852	-3.6285395148962114	0.1503	0.5142	-0.9589
2007.0	20.286099	8.350272	-5.708439	1.2915436464758039	-1.5376350710070041	-3.6983526849759842	0.1587	0.5158	-0.9552
2007.9999999999998	18.029799	6.633522	-4.003461000000001	1.3002702927357754	-1.6126842288427605	-3.824016391119576	0.1577	0.5168	-0.9543
2009.0	13.793841	3.6297	-0.493443	2.0018926520374962	-1.8325957145940461	-3.5866516128483474	0.1472	0.5163	-0.9558
2010.0000000000002	10.266165	0.30312900000000004	2.612403	2.2287854547967587	-2.3928464044842257	-2.5656340004316642	0.1293	0.5128	-0.96
2011.0	6.966081	-2.229813	3.789603	2.118829711921116	-4.169591583014453	-1.6057029118347832	0.1042	0.5061	-0.9692
2012.0	5.67018	-2.916513	5.233635	1.7749998492782333	-4.986405672947799	-0.7644542123735163	0.0718	0.4951	-0.9761
2013.0	5.521068	-3.00186	7.595883000000001	1.5760323145508794	-3.8589229761594623	-0.8552113334772214	0.0343	0.4813	-0.9875
2014.0	4.667598	-2.9302470000000005	9.089946	1.5184364492350666	-3.6669367584400865	-1.0454522219446034	-0.0045	0.4662	-0.998
2014.9999999999998	3.6571680000000004	-3.1382190000000003	10.254393	1.0140362954087054	-3.8100537571036215	-0.6667157742618339	-0.046	0.4506	-1.0067
2016.0	2.691864	-3.5845740000000004	11.283462	0.7260569688296411	-3.6617007706841034	-0.08203047484373349	-0.0865	0.4348	-1.0156
2017.0000000000002	2.456424	-3.833748	11.677824	1.4486232791552935	-3.8048177693476384	-0.12391837689159739	-0.1276	0.4196	-1.0205
2018.0	5.097276	-2.9400570000000004	11.176533000000001	1.7069320084504542	-2.171189589480946	-1.117010721276371	-0.1682	0.4027	-1.0229
2019.0000000000002	8.75052	-1.016316	9.109566000000001	1.293288975727798	-0.6911503837897546	-0.8831366015091308	-0.2066	0.3856	-1.0253
2020.0	11.558142	0.589581	7.997112	1.293288975727798	-0.6911503837897546	-0.8831366015091308	-0.2415	0.3708	-1.0261
2021.0	13.288626	1.516626	9.022257	0.8133234314293576	-0.158824961931484	-0.4520402762665313	-0.2738	0.3543	-1.0259
2022.0	13.160115	1.2125160000000001	9.593199	0.57246799465414	-0.04537856055185257	-0.2617993877991494	-0.301	0.3398	-1.0262
2023.0	11.971143	0.663156	8.965359000000001	0.4468042885105484	-0.015707963267948967	-0.18500490071139894	-0.3232	0.3267	-1.0253
2023.9999999999998	11.59542	0.016677	8.903556	0.36477381366681483	0.024434609527920613	-0.1117010721276371	-0.3422	0.3147	-1.0243
2025.0	11.39922	-0.406134	8.854506	0.2775073510670984	0.08377580409572781	-0.06981317007977318	-0.3561	0.3039	-1.0244
2026.0000000000002	11.21283	-0.48951900000000004	8.666154	0.21467549799530256	0.09948376736367678	-0.06806784082777885	-0.3679	0.2944	-1.0228
2027.0	11.060775	-0.130473	8.276697	0.2059488517353309	0.10297442586766545	-0.07853981633974483	-0.3753	0.285	-1.0238
2028.0	9.237096000000001	0.027468000000000003	7.873506	0.18675022996339324	0.12740903539558607	-0.10471975511965978	-0.3795	0.2775	-1.0252
2029.0	8.145243	-0.10104300000000001	7.770501	0.16755160819145562	0.12042771838760874	-0.0942477796076938	-0.3813	0.2719	-1.0265
2030.0	7.0465230000000005	-0.206991	7.676325	0.09250245035569947	0.12391837689159739	-0.038397243543875255	-0.3831	0.2658	-1.0281
2030.9999999999998	6.8101020000000005	-0.302148	7.635123	0.03316125578789226	0.08203047484373349	0.008726646259971648	-0.383	0.2636	-1.0289
2032.0	6.549156	-0.351198	7.665534	-0.03316125578789226	0.061086523819801536	0.07853981633974483	-0.3827	0.2612	-1.0292
2032.9999999999998	6.416721000000001	-0.352179	7.696926	-0.038397243543875255	0.041887902047863905	0.0942477796076938	-0.3825	0.2603	-1.0303
2034.0	6.287229000000001	-0.394362	7.7253750000000005	-0.0890117918517108	0.019198621771937627	0.12740903539558607	-0.3821	0.2593	-1.0314
2035.0000000000002	6.1999200000000005	-0.448317	7.754805	-0.13439035240356337	-0.020943951023931952	0.1466076571675237	-0.3817	0.2585	-1.0313
2036.0	6.138117	-0.46695600000000004	7.765596	-0.1361356816555577	-0.048869219055841226	0.13439035240356337	-0.3808	0.2581	-1.0309
2037.0	6.0880860000000006	-0.49246200000000007	7.782273000000001	-0.158824961931484	-0.05585053606381855	0.13962634015954636	-0.3805	0.2583	-1.0306
2038.0	6.044922	-0.512082	7.794045000000001	-0.13439035240356337	-0.05585053606381855	0.13264502315156904	-0.38	0.2587	-1.0304
2039.0	6.028245000000001	-0.580752	7.792083000000001	-0.13439035240356337	-0.05585053606381855	0.13264502315156904	-0.3796	0.2589	-1.0303
2039.9999999999998	6.017454	-0.6837570000000001	7.790121000000001	-0.10821041362364843	-0.054105206811824215	0.10995574287564276	-0.3793	0.2595	-1.0298
2041.0	6.008625	-0.782838	7.776387	-0.09250245035569947	-0.0715584993317675	0.08726646259971647	-0.379	0.2604	-1.0295
2042.0000000000002	6.001758000000001	-0.854451	7.7606910000000005	-0.10821041362364843	-0.07853981633974483	0.08028514559173916	-0.3788	0.2616	-1.0286
2043.0	5.9939100000000005	-0.9044820000000001	7.742052	-0.07853981633974483	-0.10995574287564276	0.08203047484373349	-0.3787	0.2623	-1.0277
2044.0000000000002	5.992929	-0.9329310000000001	7.727337	-0.11693705988362008	-0.10821041362364843	0.08726646259971647	-0.3794	0.2637	-1.0267
2045.0	5.9939100000000005	-0.94176	7.706736	-0.1308996938995747	-0.12566370614359174	0.09599310885968812	-0.3796	0.2653	-1.0259
2046.0	6.001758000000001	-0.958437	7.687116	-0.15707963267948966	-0.11693705988362008	0.0942477796076938	-0.3804	0.2663	-1.0252
2047.0	6.01353	-0.9702090000000001	7.675344	-0.14835298641951802	-0.1291543646475804	0.09773843811168245	-0.3811	0.2677	-1.0237
2048.0	6.021378	-0.965304	7.672401000000001	-0.14835298641951802	-0.11693705988362008	0.08726646259971647	-0.382	0.2686	-1.0206
2049.0	6.025302	-0.963342	7.67142	-0.16406094968746698	-0.12042771838760874	0.09599310885968812	-0.3825	0.2696	-1.0158
2050.0	6.029226	-0.959418	7.6694580000000006	-0.14835298641951802	-0.13439035240356337	0.09948376736367678	-0.3832	0.271	-1.0101
2051.0	6.045903	-0.9476460000000001	7.654743000000001	-0.16406094968746698	-0.13788101090755203	0.10122909661567112	-0.3843	0.2723	-1.0033
2052.0	6.064542	-0.964323	7.633161	-0.1710422666954443	-0.13439035240356337	0.09773843811168245	-0.3855	0.2738	-0.9971
2053.0	6.0851429999999995	-0.983943	7.615503	-0.16231562043547265	-0.13264502315156904	0.09075712110370514	-0.3865	0.2751	-0.9921
2054.0	6.108687000000001	-1.02024	7.591959000000001	-0.15009831567151233	-0.12042771838760874	0.07504915783575616	-0.3868	0.2764	-0.9891
2055.0	6.1312500000000005	-1.068309	7.5752820000000005	-0.13788101090755203	-0.09948376736367678	0.07679448708775051	-0.3876	0.2776	-0.9869
2056.0	6.149889000000001	-1.0967580000000001	7.553700000000001	-0.1291543646475804	-0.06806784082777885	0.061086523819801536	-0.3882	0.2792	-0.9865
2057.0	6.1616610000000005	-1.121283	7.5370230000000005	-0.1064650843716541	-0.054105206811824215	0.04537856055185257	-0.389	0.2805	-0.9873
2058.0	6.17049	-1.148751	7.523289000000001	-0.08203047484373349	-0.019198621771937627	0.04014257279586958	-0.3896	0.2821	-0.9897
2059.0	6.1842239999999995	-1.16739	7.510536	-0.06806784082777885	-0.029670597283903602	0.03490658503988659	-0.3903	0.2841	-0.993
2060.0	6.194034	-1.173276	7.497783	-0.06806784082777885	-0.027925268031909273	0.03490658503988659	-0.3909	0.2853	-0.9976
2061.0	6.193053	-1.185048	7.503669	-0.0715584993317675	-0.054105206811824215	0.019198621771937627	-0.3911	0.2865	-1.0028
2062.0	6.189129	-1.172295	7.513479	-0.0890117918517108	-0.06632251157578452	0.029670597283903602	-0.3912	0.2875	-1.0084
2063.0	6.182262	-1.161504	7.5242700000000005	-0.09773843811168245	-0.08028514559173916	0.024434609527920613	-0.3912	0.2885	-1.0111
2064.0	6.172452	-1.151694	7.5370230000000005	-0.10122909661567112	-0.10821041362364843	0.027925268031909273	-0.3917	0.2895	-1.0111
2065.0	6.159699000000001	-1.140903	7.546833	-0.10821041362364843	-0.10821041362364843	0.029670597283903602	-0.3923	0.2903	-1.0087
2066.0	6.153813	-1.1281500000000002	7.561548000000001	-0.0942477796076938	-0.1291543646475804	0.013962634015954637	-0.3929	0.291	-1.0033
2067.0	6.152832	-1.121283	7.567434	-0.11519173063162574	-0.12566370614359174	0.015707963267948967	-0.393	0.2915	-0.9967
2068.0	6.154794	-1.1222640000000002	7.570377000000001	-0.08726646259971647	-0.1466076571675237	0.005235987755982988	-0.3938	0.2919	-0.9908
2069.0	6.158718	-1.1281500000000002	7.565472000000001	-0.09773843811168245	-0.14835298641951802	-0.006981317007977318	-0.3952	0.2922	-0.9863
2070.0	6.172452	-1.146789	7.549776	-0.06632251157578452	-0.16231562043547265	-0.019198621771937627	-0.3965	0.2931	-0.9835
2071.0	6.185205	-1.172295	7.528194	-0.06283185307179587	-0.14835298641951802	-0.03665191429188092	-0.3979	0.2942	-0.9824
2072.0	6.200901	-1.19682	7.504650000000001	-0.054105206811824215	-0.16755160819145562	-0.059341194567807204	-0.4	0.2947	-0.9822
2073.0	6.215616000000001	-1.229193	7.487973	-0.054105206811824215	-0.15707963267948966	-0.061086523819801536	-0.4026	0.2954	-0.9832
2074.0	6.236217000000001	-1.263528	7.469334	-0.05061454830783556	-0.15009831567151233	-0.07504915783575616	-0.4046	0.2956	-0.9853
2075.0	6.253875	-1.283148	7.454619000000001	-0.03490658503988659	-0.17627825445142728	-0.08726646259971647	-0.4065	0.296	-0.9885
2076.0	6.269571	-1.3008060000000001	7.4379420000000005	-0.04363323129985824	-0.15707963267948966	-0.0890117918517108	-0.4086	0.297	-0.9928
2077.0	6.284286	-1.3243500000000001	7.434018000000001	-0.04014257279586958	-0.1710422666954443	-0.1308996938995747	-0.4107	0.2972	-0.9963
2078.0	6.299982	-1.3341600000000002	7.41636	-0.027925268031909273	-0.16755160819145562	-0.15358897417550102	-0.413	0.2973	-0.9994
2079.0	6.308811	-1.342008	7.414398	-0.012217304763960306	-0.1884955592153876	-0.18500490071139894	-0.4149	0.2968	-0.9997
2080.0	6.319602000000001	-1.342989	7.411455	-0.020943951023931952	-0.20769418098732523	-0.19373154697137057	-0.417	0.2962	-1.0019
2081.0	6.332355	-1.355742	7.430094	-0.013962634015954637	-0.23736477827122882	-0.23561944901923448	-0.4187	0.2954	-1.0022
2082.0	6.332355	-1.362609	7.428132000000001	-0.017453292519943295	-0.2583087292951608	-0.27401669256310973	-0.4208	0.2951	-1.0021
2083.0	6.345108000000001	-1.379286	7.429113	-0.05235987755982989	-0.2844886680750757	-0.32812189937493397	-0.4227	0.2943	-1.0001
2084.0	6.350994	-1.4008680000000002	7.426170000000001	-0.07853981633974483	-0.2932153143350474	-0.4118977034706618	-0.425	0.2938	-0.9989
2085.0	6.368652	-1.411659	7.420284	-0.19373154697137057	-0.30194196059501904	-0.5183627878423158	-0.428	0.2931	-0.9972
2086.0	6.384348000000001	-1.429317	7.432056000000001	-0.24783675378319478	-0.32986722862692824	-0.5916666164260777	-0.4306	0.2914	-0.9958
2087.0	6.42555	-1.394982	7.408512	-0.5166174585903216	-0.3769911184307752	-0.7923794804054256	-0.4346	0.2907	-0.9951
2088.0	6.475581000000001	-1.460709	7.39674	-0.9669124056048586	-0.4223696789826277	-1.1501719770642633	-0.4389	0.2905	-0.9936
2089.0	6.545232	-1.55979	7.355538000000001	-1.4172073526193956	-0.4537856055185257	-1.562069680534925	-0.4443	0.2907	-0.9938
2090.0	6.6168450000000005	-1.6833960000000001	7.312374	-1.827359726838063	-0.49741883681838395	-1.9826940302655582	-0.4505	0.2915	-0.9893
2091.0	6.697287	-1.8089640000000002	7.2319320000000005	-2.2479840765686965	-0.5166174585903216	-2.3701571242083	-0.4575	0.2929	-0.9857
2092.0	6.800292000000001	-1.933551	7.162281	-2.4312436480281012	-0.5445427266222308	-2.5377087323997554	-0.4657	0.2952	-0.9804
2093.0	6.899373000000001	-2.0767770000000003	7.08282	-2.7349309378751143	-0.5567600313861911	-2.8605946440187062	-0.4755	0.2981	-0.9741
2094.0	7.005321	-2.194497	7.00434	-2.9181905093345186	-0.5777039824101231	-3.1573006168577424	-0.4866	0.3023	-0.9664
2095.0	7.106364000000001	-2.311236	6.90624	-3.1590459461097367	-0.5794493116621174	-3.3772121026090276	-0.4988	0.3069	-0.9558
2096.0	7.2142740000000005	-2.388735	6.775767	-3.3772121026090276	-0.5811946409141117	-3.558726344816438	-0.5127	0.3127	-0.9431
2097.0	7.3006020000000005	-2.498607	6.665895	-3.530801076784529	-0.5742133239061344	-3.6826447217080354	-0.5277	0.3189	-0.9271
2098.0	7.375158000000001	-2.5113600000000003	6.554061000000001	-3.625048856392222	-0.5445427266222308	-3.76118453804778	-0.5463	0.3257	-0.9092
2099.0	7.41636	-2.488797	6.472638000000001	-3.626794185644217	-0.5393067388662478	-3.7995817815916553	-0.5659	0.3322	-0.8899
2100.0	7.448733	-2.380887	6.388272000000001	-3.7262779530078936	-0.5148721293383273	-3.8117990863556157	-0.5867	0.3373	-0.8683
2101.0	7.458543	-2.2445280000000003	6.334317	-3.796091123087667	-0.4904375198104066	-3.803072440095644	-0.6093	0.3423	-0.8448
2102.0	7.451676000000001	-2.169972	6.311754	-3.785619147575701	-0.43982297150257105	-3.7943457938356726	-0.6322	0.3459	-0.8191
2103.0	7.426170000000001	-2.018898	6.296058	-3.7315139407638767	-0.4066617157146788	-3.7699111843077517	-0.6556	0.349	-0.795
2104.0	7.398702	-1.8756720000000002	6.281343000000001	-3.6774087339520523	-0.3752457891787809	-3.7262779530078936	-0.6793	0.35	-0.7686
2105.0	7.372215	-1.7344080000000002	6.295077000000001	-3.649483465920143	-0.32986722862692824	-3.703588672731967	-0.7033	0.3502	-0.7446
2106.0	7.336899000000001	-1.609821	6.315678000000001	-3.6320301734002	-0.2844886680750757	-3.6651914291880923	-0.7275	0.3481	-0.7202
2107.0	7.303545000000001	-1.493082	6.343146	-3.623303527140228	-0.23736477827122882	-3.633775502652194	-0.7508	0.3448	-0.6985
2108.0	7.272153	-1.379286	6.376500000000001	-3.570943649580398	-0.19024088846738194	-3.6198128686362394	-0.7716	0.3393	-0.677
2109.0	7.2574380000000005	-1.286091	6.400044	-3.4801865284766933	-0.1291543646475804	-3.574434308084387	-0.7917	0.3327	-0.6559
2110.0	7.243704	-1.230174	6.418683000000001	-3.408628029144926	-0.06981317007977318	-3.5604716740684323	-0.8111	0.3246	-0.6355
2111.0	7.246647	-1.1948580000000002	6.4235880000000005	-3.324852225049198	0.008726646259971648	-3.5377823937925057	-0.8296	0.3146	-0.6162
2112.0	7.261362	-1.112454	6.407892	-3.263765701229396	0.038397243543875255	-3.5255650890285457	-0.8474	0.3034	-0.5982
2113.0	7.27902	-1.043784	6.376500000000001	-3.232349774693498	0.13439035240356337	-3.495894491744642	-0.8642	0.291	-0.5812
2114.0	7.291773	-0.981981	6.350013000000001	-3.1468286413457762	0.2129301687433082	-3.466223894460738	-0.8802	0.2772	-0.5651
2115.0	7.28883	-0.9613800000000001	6.340203	-3.0037116426822412	0.3089232776029963	-3.426081321664869	-0.8949	0.2618	-0.5501
2116.0	7.281963	-0.925083	6.343146	-2.841396022246769	0.3769911184307752	-3.3772121026090276	-0.9088	0.2455	-0.5366
2117.0	7.261362	-0.8721090000000001	6.349032	-2.7139869868511823	0.4677482395344803	-3.312634920285238	-0.9216	0.228	-0.5248
2118.0	7.191711	-0.8142300000000001	6.349032	-2.68082573106329	0.5166174585903216	-3.220132469929538	-0.9332	0.2097	-0.5144
2119.0	7.19073	-0.6827759999999999	6.374538000000001	-2.5656340004316642	0.5689773361501514	-3.2480577379614473	-0.9437	0.1902	-0.5056
2120.0	7.133832	-0.567999	6.417702	-2.492330171847903	0.609119908946021	-3.1730085801256913	-0.953	0.171	-0.4987
2121.0	7.054371	-0.43164	6.486372	-2.3893557459802373	0.6335545184739416	-3.1066860685499065	-0.9609	0.1507	-0.4933
2122.0	6.954309	-0.271737	6.564852	-2.303834612632515	0.6632251157578453	-3.029891581462156	-0.9682	0.1302	-0.4895
2123.0	6.860133	-0.096138	6.655104000000001	-2.181661564992912	0.6649704450098396	-2.951351765122411	-0.9736	0.1093	-0.4861
2124.0	6.764976	0.094176	6.743394	-2.1101030656611446	0.6859143960337715	-2.848377339254746	-0.9781	0.0882	-0.4835
2125.0	6.686496	0.299205	6.812064	-2.0647245051092917	0.6859143960337715	-2.8082347664588765	-0.9818	0.0673	-0.4803
2126.0	6.611940000000001	0.44929800000000003	6.895449	-2.0036379812894904	0.7330382858376184	-2.7209683038591597	-0.9845	0.0467	-0.4767
2127.0	6.523650000000001	0.599391	6.972948000000001	-1.843067690106012	0.7208209810736581	-2.62846585350346	-0.9867	0.026	-0.4732
2128.0	6.4922580000000005	0.763218	7.0514280000000005	-1.7435839227423353	0.7330382858376184	-2.5394540616517496	-0.9882	0.006	-0.471
2129.0	6.389253	0.87309	7.123041	-1.6615534478986018	0.7243116395776468	-2.4556782575560216	-0.9891	-0.0136	-0.4701
2130.0	6.336279	0.9937530000000001	7.194654000000001	-1.5533430342749532	0.7173303225696694	-2.3649211364523164	-0.9891	-0.033	-0.472
2131.0	6.301944	1.1095110000000001	7.242723	-1.530653753999027	0.7051130178057091	-2.2689280275926285	-0.9885	-0.0515	-0.4759
2132.0	6.269571	1.247832	7.283925000000001	-1.4870205226991688	0.6824237375297829	-2.2427480888127134	-0.987	-0.0692	-0.4814
2133.0	6.234255	1.342008	7.346709000000001	-1.577777643802874	0.5794493116621174	-2.1275563581810877	-0.9854	-0.0866	-0.4884
