PacketCounter	Acc_X	Acc_Y	Acc_Z	Gyr_X	Gyr_Y	Gyr_Z	Mag_X	Mag_Y	Mag_Z
0.0	5.334677999999999	-0.636669	8.170749	0.010471975511965976	0.006981317007977318	0.003490658503988659	-0.5396	0.1122	-1.0644
1.0	5.310153000000001	-0.655308	8.137395	0.006981317007977318	0.020943951023931952	0.013962634015954637	-0.5516	0.1103	-1.072
2.0	5.314077	-0.64746	8.151129000000001	-0.0017453292519943296	0.008726646259971648	0.012217304763960306	-0.5471	0.1124	-1.0721
3.0	5.308191000000001	-0.63765	8.156034	0.013962634015954637	0.013962634015954637	0.003490658503988659	-0.5449	0.1123	-1.0724
4.0	5.309172	-0.6337260000000001	8.155053	0.005235987755982988	0.019198621771937627	0.010471975511965976	-0.5458	0.1121	-1.0732
5.0	5.312115	-0.63765	8.162901	0.005235987755982988	0.006981317007977318	0.012217304763960306	-0.5465	0.1115	-1.0747
6.0	5.315058	-0.6386310000000001	8.162901	0.013962634015954637	0.0	0.003490658503988659	-0.5468	0.1113	-1.0702
7.000000000000001	5.316039000000001	-0.640593	8.162901	0.0017453292519943296	0.017453292519943295	0.020943951023931952	-0.5476	0.1109	-1.0677
8.0	5.313096	-0.6386310000000001	8.163882000000001	0.003490658503988659	0.015707963267948967	0.010471975511965976	-0.5472	0.1112	-1.0705
9.0	5.312115	-0.640593	8.165844	0.0017453292519943296	0.026179938779914945	0.024434609527920613	-0.5468	0.111	-1.0744
10.0	5.313096	-0.641574	8.169768	0.008726646259971648	0.0	0.0017453292519943296	-0.5466	0.111	-1.0713
11.0	5.313096	-0.641574	8.167806	-0.003490658503988659	0.017453292519943295	0.006981317007977318	-0.5453	0.111	-1.0716
12.0	5.311134	-0.6435360000000001	8.170749	-0.003490658503988659	0.019198621771937627	0.015707963267948967	-0.5458	0.1107	-1.0696
13.0	5.312115	-0.648441	8.168787	0.0017453292519943296	-0.008726646259971648	0.0	-0.5464	0.1105	-1.0675
14.000000000000002	5.310153000000001	-0.6533460000000001	8.172711	-0.003490658503988659	0.0	0.0	-0.546	0.111	-1.0661
15.0	5.306229000000001	-0.6513840000000001	8.167806	0.013962634015954637	0.006981317007977318	0.003490658503988659	-0.5451	0.1111	-1.0646
16.0	5.304267	-0.6523650000000001	8.165844	-0.005235987755982988	0.024434609527920613	0.024434609527920613	-0.5447	0.1111	-1.0666
17.0	5.301324	-0.6504030000000001	8.164863	0.013962634015954637	0.010471975511965976	0.006981317007977318	-0.5433	0.1118	-1.0676
18.0	5.305248	-0.6533460000000001	8.163882000000001	0.0017453292519943296	0.026179938779914945	0.008726646259971648	-0.5434	0.1115	-1.065
19.0	5.304267	-0.654327	8.160939	-0.0	0.015707963267948967	0.003490658503988659	-0.5433	0.1116	-1.0605
20.0	5.3023050000000005	-0.65727	8.157015000000001	-0.0	0.022689280275926284	0.003490658503988659	-0.5434	0.1118	-1.0627
21.0	5.3023050000000005	-0.656289	8.166825000000001	0.0017453292519943296	0.012217304763960306	0.006981317007977318	-0.5438	0.1118	-1.0611
22.0	5.301324	-0.655308	8.162901	0.013962634015954637	0.003490658503988659	0.006981317007977318	-0.5435	0.1119	-1.0624
23.0	5.3023050000000005	-0.6533460000000001	8.166825000000001	0.003490658503988659	0.012217304763960306	0.006981317007977318	-0.5429	0.1118	-1.0634
24.0	5.301324	-0.6513840000000001	8.164863	0.012217304763960306	0.012217304763960306	0.0	-0.5428	0.1116	-1.0635
25.0	5.303286	-0.654327	8.168787	-0.0017453292519943296	0.008726646259971648	0.015707963267948967	-0.5431	0.1115	-1.0635
26.0	5.304267	-0.654327	8.169768	0.008726646259971648	0.0	0.003490658503988659	-0.5434	0.1117	-1.0634
27.0	5.306229000000001	-0.6523650000000001	8.174673	-0.0017453292519943296	0.006981317007977318	0.006981317007977318	-0.5436	0.1115	-1.063
28.000000000000004	5.304267	-0.648441	8.176635000000001	0.010471975511965976	0.006981317007977318	0.006981317007977318	-0.544	0.1116	-1.0628
28.999999999999996	5.305248	-0.646479	8.177616	0.0017453292519943296	0.020943951023931952	0.012217304763960306	-0.5444	0.1116	-1.0629
30.0	5.306229000000001	-0.6435360000000001	8.178597	0.013962634015954637	0.0	0.003490658503988659	-0.5444	0.1118	-1.0629
31.0	5.305248	-0.644517	8.170749	0.008726646259971648	0.005235987755982988	0.006981317007977318	-0.5445	0.1119	-1.0632
32.0	5.308191000000001	-0.639612	8.17173	-0.0017453292519943296	0.024434609527920613	0.0	-0.5446	0.1119	-1.0634
33.0	5.30721	-0.640593	8.166825000000001	-0.005235987755982988	0.024434609527920613	0.013962634015954637	-0.545	0.1119	-1.0633
34.0	5.309172	-0.63765	8.165844	-0.0017453292519943296	0.024434609527920613	0.006981317007977318	-0.545	0.1115	-1.0634
35.0	5.310153000000001	-0.635688	8.163882000000001	0.010471975511965976	0.005235987755982988	0.003490658503988659	-0.5447	0.1116	-1.0627
36.0	5.30721	-0.632745	8.164863	-0.0	0.024434609527920613	0.010471975511965976	-0.5439	0.1115	-1.0626
37.0	5.304267	-0.6337260000000001	8.157996	0.012217304763960306	0.012217304763960306	-0.0017453292519943296	-0.5434	0.1111	-1.0615
38.0	5.306229000000001	-0.635688	8.158977	0.006981317007977318	0.003490658503988659	0.012217304763960306	-0.542	0.1106	-1.0592
39.0	5.310153000000001	-0.635688	8.159958	0.005235987755982988	0.015707963267948967	0.010471975511965976	-0.5409	0.1102	-1.054
40.0	5.310153000000001	-0.6337260000000001	8.160939	-0.0017453292519943296	0.015707963267948967	0.013962634015954637	-0.5404	0.11	-1.0467
41.0	5.310153000000001	-0.632745	8.165844	0.008726646259971648	0.010471975511965976	0.012217304763960306	-0.5405	0.1097	-1.0391
42.0	5.308191000000001	-0.632745	8.165844	-0.0017453292519943296	0.006981317007977318	0.003490658503988659	-0.54	0.1095	-1.0321
43.0	5.309172	-0.629802	8.166825000000001	0.008726646259971648	-0.003490658503988659	0.012217304763960306	-0.5398	0.1096	-1.027
44.0	5.308191000000001	-0.630783	8.172711	-0.0017453292519943296	0.006981317007977318	0.010471975511965976	-0.54	0.1096	-1.0242
45.0	5.306229000000001	-0.631764	8.17173	-0.003490658503988659	0.017453292519943295	0.008726646259971648	-0.5404	0.1094	-1.0237
46.0	5.30721	-0.634707	8.17173	-0.0017453292519943296	0.012217304763960306	0.020943951023931952	-0.5408	0.1094	-1.0241
47.0	5.309172	-0.635688	8.17173	-0.0017453292519943296	0.019198621771937627	0.010471975511965976	-0.5409	0.1096	-1.0262
48.0	5.309172	-0.63765	8.17173	0.017453292519943295	-0.015707963267948967	0.003490658503988659	-0.5416	0.1097	-1.0297
49.0	5.303286	-0.636669	8.170749	-0.0	0.013962634015954637	0.006981317007977318	-0.5425	0.1102	-1.0364
50.0	5.301324	-0.6386310000000001	8.166825000000001	0.015707963267948967	0.0	0.003490658503988659	-0.5422	0.11	-1.0442
51.0	5.301324	-0.635688	8.164863	0.010471975511965976	0.012217304763960306	0.013962634015954637	-0.542	0.1102	-1.0529
52.0	5.301324	-0.639612	8.163882000000001	0.0017453292519943296	0.010471975511965976	0.015707963267948967	-0.5417	0.1102	-1.06
53.0	5.303286	-0.6435360000000001	8.162901	-0.003490658503988659	0.0	0.006981317007977318	-0.5413	0.1102	-1.0637
54.0	5.303286	-0.6435360000000001	8.158977	0.006981317007977318	0.012217304763960306	0.0017453292519943296	-0.5414	0.1101	-1.0627
55.00000000000001	5.304267	-0.6435360000000001	8.160939	0.005235987755982988	-0.005235987755982988	-0.005235987755982988	-0.5411	0.1093	-1.0581
56.00000000000001	5.303286	-0.639612	8.158977	-0.0017453292519943296	0.020943951023931952	0.003490658503988659	-0.5413	0.1085	-1.05
56.99999999999999	5.3023050000000005	-0.6435360000000001	8.163882000000001	0.017453292519943295	0.012217304763960306	-0.003490658503988659	-0.542	0.1086	-1.0425
57.99999999999999	5.300343000000001	-0.6386310000000001	8.16192	0.012217304763960306	-0.0017453292519943296	0.003490658503988659	-0.5419	0.1087	-1.0358
59.0	5.304267	-0.63765	8.162901	0.005235987755982988	0.0	0.0	-0.5416	0.1085	-1.0313
60.0	5.306229000000001	-0.636669	8.166825000000001	0.008726646259971648	0.0	0.003490658503988659	-0.5424	0.1083	-1.0289
61.0	5.30721	-0.635688	8.168787	0.003490658503988659	0.015707963267948967	0.012217304763960306	-0.5428	0.1082	-1.029
62.0	5.305248	-0.635688	8.170749	0.005235987755982988	-0.005235987755982988	0.005235987755982988	-0.5439	0.108	-1.0305
63.0	5.304267	-0.626859	8.17173	-0.012217304763960306	0.013962634015954637	0.015707963267948967	-0.5452	0.1083	-1.0337
64.0	5.304267	-0.6278400000000001	8.175654000000002	0.008726646259971648	-0.003490658503988659	0.012217304763960306	-0.5452	0.108	-1.0392
65.0	5.305248	-0.6258779999999999	8.170749	0.005235987755982988	0.013962634015954637	0.019198621771937627	-0.5457	0.1087	-1.0449
66.0	5.30721	-0.6248970000000001	8.175654000000002	0.013962634015954637	0.006981317007977318	0.008726646259971648	-0.546	0.1091	-1.0558
67.0	5.308191000000001	-0.617049	8.17173	-0.005235987755982988	0.027925268031909273	0.017453292519943295	-0.5464	0.1085	-1.0666
68.0	5.30721	-0.6190110000000001	8.172711	0.008726646259971648	0.008726646259971648	0.008726646259971648	-0.5471	0.1085	-1.07
69.0	5.305248	-0.6190110000000001	8.170749	-0.003490658503988659	0.022689280275926284	0.015707963267948967	-0.5476	0.1084	-1.0788
70.0	5.306229000000001	-0.621954	8.169768	-0.0	0.019198621771937627	0.012217304763960306	-0.5474	0.1085	-1.0828
71.0	5.306229000000001	-0.6248970000000001	8.169768	-0.005235987755982988	0.010471975511965976	0.013962634015954637	-0.5473	0.1085	-1.0808
72.0	5.309172	-0.622935	8.167806	-0.005235987755982988	0.020943951023931952	0.015707963267948967	-0.5461	0.1088	-1.0793
73.0	5.30721	-0.6258779999999999	8.170749	-0.005235987755982988	0.008726646259971648	0.010471975511965976	-0.5452	0.1086	-1.0794
74.0	5.305248	-0.623916	8.169768	-0.005235987755982988	0.013962634015954637	0.019198621771937627	-0.5444	0.1088	-1.0787
75.0	5.305248	-0.622935	8.175654000000002	-0.005235987755982988	0.006981317007977318	0.017453292519943295	-0.5443	0.1089	-1.0796
76.0	5.305248	-0.6248970000000001	8.170749	-0.017453292519943295	0.012217304763960306	0.017453292519943295	-0.544	0.1095	-1.0772
77.0	5.304267	-0.6278400000000001	8.17173	0.0017453292519943296	0.005235987755982988	0.006981317007977318	-0.5431	0.1102	-1.0746
78.0	5.304267	-0.630783	8.169768	-0.0	0.010471975511965976	0.015707963267948967	-0.5428	0.1099	-1.0777
79.0	5.305248	-0.629802	8.17173	0.005235987755982988	0.005235987755982988	0.015707963267948967	-0.5431	0.1098	-1.0732
80.0	5.3023050000000005	-0.6278400000000001	8.169768	0.0017453292519943296	0.006981317007977318	0.015707963267948967	-0.5436	0.1095	-1.0707
81.0	5.3023050000000005	-0.6278400000000001	8.163882000000001	0.003490658503988659	0.003490658503988659	0.013962634015954637	-0.544	0.1094	-1.0731
82.0	5.304267	-0.631764	8.163882000000001	0.012217304763960306	0.005235987755982988	0.010471975511965976	-0.5443	0.1091	-1.0753
83.0	5.304267	-0.636669	8.16192	-0.008726646259971648	0.019198621771937627	0.012217304763960306	-0.5449	0.1093	-1.0702
84.0	5.305248	-0.636669	8.160939	0.012217304763960306	-0.003490658503988659	0.0	-0.5453	0.1095	-1.0742
85.0	5.30721	-0.640593	8.156034	-0.0	0.013962634015954637	0.015707963267948967	-0.5449	0.1096	-1.0741
86.0	5.306229000000001	-0.6386310000000001	8.160939	0.008726646259971648	0.0	0.006981317007977318	-0.5445	0.1091	-1.0703
87.0	5.30721	-0.6386310000000001	8.159958	0.008726646259971648	0.006981317007977318	0.012217304763960306	-0.544	0.1089	-1.0681
88.0	5.311134	-0.636669	8.163882000000001	-0.0017453292519943296	0.003490658503988659	0.0	-0.5437	0.1095	-1.0667
89.0	5.310153000000001	-0.635688	8.16192	0.005235987755982988	0.015707963267948967	0.017453292519943295	-0.5427	0.1098	-1.0651
90.0	5.310153000000001	-0.635688	8.160939	-0.0017453292519943296	0.015707963267948967	0.019198621771937627	-0.5422	0.1097	-1.0652
91.0	5.309172	-0.632745	8.166825000000001	0.017453292519943295	0.006981317007977318	0.008726646259971648	-0.5414	0.1096	-1.0635
92.0	5.308191000000001	-0.629802	8.165844	0.0017453292519943296	0.012217304763960306	0.015707963267948967	-0.5425	0.1099	-1.0611
93.0	5.309172	-0.6288210000000001	8.164863	0.013962634015954637	0.0	0.006981317007977318	-0.5418	0.1095	-1.0639
94.0	5.308191000000001	-0.6288210000000001	8.163882000000001	0.008726646259971648	0.006981317007977318	0.006981317007977318	-0.5417	0.1093	-1.0589
95.0	5.30721	-0.6278400000000001	8.167806	0.0017453292519943296	0.015707963267948967	0.013962634015954637	-0.5418	0.1092	-1.0578
96.0	5.30721	-0.6288210000000001	8.164863	0.003490658503988659	-0.003490658503988659	0.003490658503988659	-0.5422	0.1093	-1.0601
97.0	5.306229000000001	-0.630783	8.162901	-0.0017453292519943296	0.024434609527920613	0.012217304763960306	-0.543	0.1092	-1.0606
98.0	5.3023050000000005	-0.632745	8.160939	0.006981317007977318	0.003490658503988659	0.012217304763960306	-0.5432	0.109	-1.0609
99.0	5.303286	-0.635688	8.159958	0.006981317007977318	0.003490658503988659	0.012217304763960306	-0.5429	0.1088	-1.0609
100.0	5.303286	-0.634707	8.164863	0.003490658503988659	0.020943951023931952	0.019198621771937627	-0.5429	0.1093	-1.0607
101.0	5.301324	-0.636669	8.166825000000001	0.008726646259971648	0.010471975511965976	0.015707963267948967	-0.543	0.109	-1.0609
102.0	5.301324	-0.6337260000000001	8.166825000000001	0.0017453292519943296	0.003490658503988659	0.0017453292519943296	-0.5423	0.1085	-1.0607
103.0	5.301324	-0.629802	8.167806	0.008726646259971648	0.003490658503988659	0.006981317007977318	-0.5423	0.1081	-1.0608
104.0	5.3023050000000005	-0.6288210000000001	8.166825000000001	0.008726646259971648	0.0017453292519943296	0.006981317007977318	-0.5423	0.1078	-1.0607
105.0	5.303286	-0.626859	8.167806	-0.0	-0.003490658503988659	0.013962634015954637	-0.5419	0.1075	-1.0605
106.0	5.3023050000000005	-0.626859	8.166825000000001	-0.0	0.003490658503988659	0.020943951023931952	-0.5418	0.1072	-1.0606
107.0	5.3023050000000005	-0.6248970000000001	8.17173	-0.0	0.024434609527920613	0.013962634015954637	-0.5408	0.1068	-1.0609
108.0	5.303286	-0.623916	8.172711	0.013962634015954637	0.0017453292519943296	0.006981317007977318	-0.5405	0.107	-1.0611
109.00000000000001	5.303286	-0.621954	8.175654000000002	-0.0017453292519943296	0.020943951023931952	0.013962634015954637	-0.5409	0.1068	-1.061
110.00000000000001	5.305248	-0.622935	8.173692	0.013962634015954637	0.017453292519943295	0.019198621771937627	-0.5408	0.1067	-1.0611
111.00000000000001	5.30721	-0.620973	8.168787	-0.010471975511965976	0.019198621771937627	0.015707963267948967	-0.5397	0.1066	-1.0611
112.00000000000001	5.305248	-0.621954	8.170749	-0.0017453292519943296	0.003490658503988659	0.015707963267948967	-0.5394	0.107	-1.0611
112.99999999999999	5.305248	-0.6248970000000001	8.168787	-0.005235987755982988	0.019198621771937627	0.020943951023931952	-0.5391	0.1072	-1.0598
113.99999999999999	5.305248	-0.626859	8.170749	0.006981317007977318	0.015707963267948967	0.017453292519943295	-0.5387	0.1077	-1.0563
114.99999999999999	5.3023050000000005	-0.631764	8.166825000000001	-0.005235987755982988	0.015707963267948967	0.006981317007977318	-0.539	0.1081	-1.0513
115.99999999999999	5.301324	-0.632745	8.17173	-0.0	0.019198621771937627	0.015707963267948967	-0.5387	0.1084	-1.0441
117.0	5.3023050000000005	-0.6337260000000001	8.170749	0.003490658503988659	0.0	0.003490658503988659	-0.5391	0.1083	-1.036
118.0	5.303286	-0.634707	8.167806	0.013962634015954637	0.0017453292519943296	0.013962634015954637	-0.5393	0.1079	-1.0286
119.0	5.303286	-0.6337260000000001	8.166825000000001	-0.0017453292519943296	0.015707963267948967	0.008726646259971648	-0.5393	0.1079	-1.0239
120.0	5.3023050000000005	-0.634707	8.162901	-0.010471975511965976	0.006981317007977318	0.006981317007977318	-0.5398	0.108	-1.0212
121.0	5.304267	-0.636669	8.165844	0.006981317007977318	0.010471975511965976	0.003490658503988659	-0.5406	0.1086	-1.0209
122.0	5.305248	-0.640593	8.163882000000001	-0.005235987755982988	0.0017453292519943296	0.012217304763960306	-0.5409	0.1088	-1.022
123.0	5.305248	-0.639612	8.165844	0.008726646259971648	0.012217304763960306	0.012217304763960306	-0.5414	0.1088	-1.0239
124.0	5.304267	-0.639612	8.165844	0.005235987755982988	0.020943951023931952	0.012217304763960306	-0.5426	0.1086	-1.0283
125.0	5.306229000000001	-0.636669	8.165844	0.013962634015954637	0.008726646259971648	0.008726646259971648	-0.5423	0.1085	-1.0343
126.0	5.308191000000001	-0.636669	8.160939	-0.008726646259971648	0.017453292519943295	0.019198621771937627	-0.5426	0.1083	-1.0426
127.0	5.308191000000001	-0.63765	8.158977	0.003490658503988659	0.012217304763960306	0.013962634015954637	-0.5429	0.1087	-1.0515
128.0	5.308191000000001	-0.63765	8.160939	0.003490658503988659	0.024434609527920613	0.012217304763960306	-0.5429	0.1087	-1.0594
129.0	5.309172	-0.63765	8.159958	0.005235987755982988	0.006981317007977318	0.003490658503988659	-0.5425	0.1092	-1.0629
130.0	5.30721	-0.63765	8.16192	0.013962634015954637	0.0017453292519943296	0.008726646259971648	-0.5421	0.109	-1.0624
131.0	5.305248	-0.63765	8.160939	-0.0017453292519943296	0.003490658503988659	0.019198621771937627	-0.5425	0.1088	-1.0571
132.0	5.304267	-0.632745	8.159958	-0.008726646259971648	0.012217304763960306	0.020943951023931952	-0.5426	0.1084	-1.049
133.0	5.3023050000000005	-0.632745	8.157996	0.003490658503988659	0.013962634015954637	0.012217304763960306	-0.5424	0.1088	-1.0421
134.0	5.303286	-0.6278400000000001	8.160939	0.0017453292519943296	0.003490658503988659	0.012217304763960306	-0.5418	0.1089	-1.0367
135.0	5.304267	-0.6278400000000001	8.158977	0.003490658503988659	0.019198621771937627	0.012217304763960306	-0.5422	0.109	-1.0329
136.0	5.3023050000000005	-0.6278400000000001	8.16192	0.005235987755982988	0.012217304763960306	0.0	-0.5424	0.1091	-1.0317
137.0	5.301324	-0.623916	8.16192	-0.0	0.008726646259971648	0.010471975511965976	-0.5431	0.1091	-1.0328
138.0	5.299362	-0.620973	8.164863	-0.0	0.005235987755982988	0.012217304763960306	-0.5434	0.1094	-1.0342
139.0	5.298381000000001	-0.622935	8.163882000000001	0.005235987755982988	0.010471975511965976	0.006981317007977318	-0.5449	0.1095	-1.0376
140.0	5.299362	-0.621954	8.167806	0.0017453292519943296	-0.005235987755982988	-0.0017453292519943296	-0.5457	0.1097	-1.0429
141.0	5.2974000000000006	-0.621954	8.166825000000001	-0.0	0.015707963267948967	0.019198621771937627	-0.5462	0.1101	-1.0514
142.0	5.2974000000000006	-0.620973	8.170749	0.013962634015954637	-0.0017453292519943296	0.0	-0.5464	0.1098	-1.0624
143.0	5.299362	-0.6190110000000001	8.170749	0.020943951023931952	0.0	0.003490658503988659	-0.5472	0.1093	-1.0739
144.0	5.299362	-0.621954	8.168787	-0.003490658503988659	0.019198621771937627	0.020943951023931952	-0.5477	0.1095	-1.0767
145.0	5.298381000000001	-0.621954	8.170749	0.005235987755982988	0.013962634015954637	0.013962634015954637	-0.5485	0.1097	-1.0811
146.0	5.299362	-0.622935	8.169768	-0.0	0.019198621771937627	0.017453292519943295	-0.5483	0.1094	-1.0813
147.0	5.300343000000001	-0.623916	8.169768	0.0017453292519943296	0.012217304763960306	0.006981317007977318	-0.5482	0.1094	-1.0847
148.0	5.301324	-0.6258779999999999	8.166825000000001	-0.0017453292519943296	0.012217304763960306	0.008726646259971648	-0.5485	0.1093	-1.0839
149.0	5.301324	-0.623916	8.168787	0.0017453292519943296	-0.005235987755982988	0.006981317007977318	-0.5478	0.109	-1.0852
150.0	5.3023050000000005	-0.623916	8.165844	-0.0	0.017453292519943295	0.012217304763960306	-0.547	0.1091	-1.0849
151.0	5.305248	-0.621954	8.167806	0.013962634015954637	0.006981317007977318	0.006981317007977318	-0.5467	0.109	-1.0833
152.0	5.304267	-0.623916	8.16192	0.013962634015954637	0.020943951023931952	0.010471975511965976	-0.5463	0.1096	-1.0805
153.0	5.305248	-0.6248970000000001	8.162901	-0.005235987755982988	0.024434609527920613	0.019198621771937627	-0.5459	0.1104	-1.077
154.0	5.304267	-0.6248970000000001	8.165844	0.013962634015954637	0.006981317007977318	0.010471975511965976	-0.5452	0.1104	-1.0794
155.0	5.305248	-0.6258779999999999	8.165844	-0.008726646259971648	0.013962634015954637	0.015707963267948967	-0.5455	0.1105	-1.0797
156.0	5.304267	-0.621954	8.165844	-0.005235987755982988	0.017453292519943295	0.012217304763960306	-0.5463	0.1108	-1.0818
157.0	5.304267	-0.6248970000000001	8.166825000000001	0.0017453292519943296	0.017453292519943295	0.010471975511965976	-0.5474	0.1106	-1.0797
158.0	5.305248	-0.626859	8.169768	-0.0017453292519943296	0.0017453292519943296	0.0	-0.5475	0.1103	-1.0806
159.0	5.303286	-0.6258779999999999	8.167806	-0.0	0.013962634015954637	0.008726646259971648	-0.5476	0.1101	-1.0795
160.0	5.303286	-0.6258779999999999	8.168787	-0.0017453292519943296	0.013962634015954637	0.012217304763960306	-0.5478	0.11	-1.0813
161.0	5.3023050000000005	-0.623916	8.167806	0.008726646259971648	0.013962634015954637	0.006981317007977318	-0.5479	0.1098	-1.0833
162.0	5.30721	-0.6248970000000001	8.172711	-0.0	0.010471975511965976	0.019198621771937627	-0.5478	0.1096	-1.0865
163.0	5.308191000000001	-0.6248970000000001	8.176635000000001	0.003490658503988659	0.013962634015954637	0.019198621771937627	-0.5478	0.1088	-1.0865
164.0	5.305248	-0.623916	8.170749	-0.0017453292519943296	0.010471975511965976	0.015707963267948967	-0.5477	0.1082	-1.0883
165.0	5.304267	-0.622935	8.17173	0.0017453292519943296	0.006981317007977318	0.012217304763960306	-0.5466	0.1073	-1.0864
166.0	5.305248	-0.622935	8.17173	0.005235987755982988	0.003490658503988659	0.019198621771937627	-0.5461	0.1073	-1.0849
167.0	5.305248	-0.621954	8.17173	-0.0017453292519943296	0.022689280275926284	0.019198621771937627	-0.5448	0.107	-1.0821
168.0	5.306229000000001	-0.6180300000000001	8.17173	-0.0017453292519943296	0.006981317007977318	0.015707963267948967	-0.5451	0.107	-1.0805
169.0	5.305248	-0.6199920000000001	8.17173	0.008726646259971648	0.010471975511965976	0.006981317007977318	-0.5445	0.1068	-1.0787
170.0	5.306229000000001	-0.6190110000000001	8.17173	-0.0	0.020943951023931952	0.015707963267948967	-0.5447	0.1066	-1.0752
171.0	5.306229000000001	-0.6199920000000001	8.17173	0.0017453292519943296	0.012217304763960306	0.005235987755982988	-0.5442	0.106	-1.0718
172.0	5.304267	-0.6190110000000001	8.168787	0.0017453292519943296	0.027925268031909273	0.017453292519943295	-0.5444	0.1056	-1.0681
173.0	5.304267	-0.6180300000000001	8.167806	0.006981317007977318	0.003490658503988659	0.003490658503988659	-0.544	0.1057	-1.0666
174.0	5.306229000000001	-0.621954	8.168787	-0.0	0.013962634015954637	0.019198621771937627	-0.5442	0.1057	-1.0648
175.0	5.305248	-0.620973	8.166825000000001	0.005235987755982988	0.010471975511965976	0.015707963267948967	-0.5437	0.106	-1.065
176.0	5.305248	-0.6248970000000001	8.165844	0.003490658503988659	0.017453292519943295	0.013962634015954637	-0.544	0.1061	-1.0647
177.0	5.305248	-0.6248970000000001	8.166825000000001	0.017453292519943295	0.008726646259971648	0.015707963267948967	-0.5437	0.1065	-1.0646
178.0	5.3023050000000005	-0.630783	8.163882000000001	-0.0017453292519943296	0.024434609527920613	0.013962634015954637	-0.5423	0.1069	-1.0645
179.0	5.303286	-0.629802	8.165844	0.013962634015954637	0.010471975511965976	0.0017453292519943296	-0.5424	0.1072	-1.0644
180.0	5.3023050000000005	-0.6337260000000001	8.163882000000001	-0.006981317007977318	0.012217304763960306	0.019198621771937627	-0.5422	0.1076	-1.0643
181.0	5.300343000000001	-0.634707	8.162901	0.010471975511965976	0.015707963267948967	0.006981317007977318	-0.5426	0.1082	-1.0644
182.0	5.301324	-0.636669	8.166825000000001	-0.005235987755982988	0.013962634015954637	0.020943951023931952	-0.5427	0.1082	-1.064
183.0	5.298381000000001	-0.640593	8.166825000000001	0.013962634015954637	0.010471975511965976	0.010471975511965976	-0.5423	0.1087	-1.0639
184.0	5.298381000000001	-0.6386310000000001	8.170749	-0.0017453292519943296	0.013962634015954637	0.008726646259971648	-0.5419	0.1089	-1.0636
185.0	5.300343000000001	-0.641574	8.174673	0.008726646259971648	0.012217304763960306	0.012217304763960306	-0.5419	0.1093	-1.0633
186.0	5.299362	-0.641574	8.175654000000002	-0.0	0.003490658503988659	0.005235987755982988	-0.5416	0.1092	-1.0634
187.0	5.300343000000001	-0.6425550000000001	8.177616	0.008726646259971648	0.003490658503988659	0.003490658503988659	-0.5415	0.1096	-1.0637
188.0	5.301324	-0.6386310000000001	8.175654000000002	0.0017453292519943296	0.017453292519943295	0.008726646259971648	-0.5419	0.1087	-1.0628
189.0	5.3023050000000005	-0.639612	8.173692	0.017453292519943295	0.008726646259971648	0.0	-0.5416	0.1087	-1.0606
190.0	5.301324	-0.636669	8.176635000000001	-0.0	0.019198621771937627	0.015707963267948967	-0.5414	0.1085	-1.0568
191.0	5.301324	-0.6386310000000001	8.178597	0.010471975511965976	0.005235987755982988	0.010471975511965976	-0.5408	0.1084	-1.0509
192.0	5.298381000000001	-0.6386310000000001	8.174673	-0.003490658503988659	0.005235987755982988	0.005235987755982988	-0.5409	0.1089	-1.0433
193.0	5.301324	-0.634707	8.174673	0.006981317007977318	0.008726646259971648	0.012217304763960306	-0.5412	0.1088	-1.0362
194.0	5.301324	-0.631764	8.169768	0.003490658503988659	0.012217304763960306	0.003490658503988659	-0.5416	0.1088	-1.0304
195.0	5.3023050000000005	-0.6278400000000001	8.169768	0.017453292519943295	0.006981317007977318	0.006981317007977318	-0.5422	0.1085	-1.0276
196.0	5.301324	-0.631764	8.165844	0.005235987755982988	0.024434609527920613	0.012217304763960306	-0.5422	0.1088	-1.0262
197.0	5.2974000000000006	-0.626859	8.163882000000001	-0.0	0.017453292519943295	0.006981317007977318	-0.5425	0.1084	-1.0269
198.0	5.2974000000000006	-0.6278400000000001	8.164863	-0.0	0.0	0.015707963267948967	-0.5427	0.1095	-1.0285
199.0	5.295438	-0.621954	8.167806	0.0017453292519943296	0.022689280275926284	0.013962634015954637	-0.5431	0.1096	-1.0319
200.0	5.295438	-0.623916	8.168787	0.008726646259971648	0.012217304763960306	0.005235987755982988	-0.5431	0.1098	-1.037
200.99999999999997	5.2974000000000006	-0.620973	8.167806	0.0017453292519943296	0.015707963267948967	0.015707963267948967	-0.5431	0.1098	-1.0441
202.0	5.296419000000001	-0.6199920000000001	8.172711	0.008726646259971648	0.006981317007977318	0.006981317007977318	-0.5429	0.1093	-1.0527
202.99999999999997	5.295438	-0.622935	8.172711	-0.0017453292519943296	0.006981317007977318	0.008726646259971648	-0.5429	0.1091	-1.0619
204.0	5.295438	-0.6248970000000001	8.176635000000001	0.013962634015954637	0.0	0.003490658503988659	-0.5428	0.1092	-1.0664
204.99999999999997	5.293476	-0.6248970000000001	8.176635000000001	-0.0017453292519943296	0.013962634015954637	0.012217304763960306	-0.5422	0.1092	-1.067
206.0	5.295438	-0.621954	8.182521	0.005235987755982988	-0.006981317007977318	0.012217304763960306	-0.5422	0.109	-1.0636
206.99999999999997	5.296419000000001	-0.622935	8.18154	0.008726646259971648	0.012217304763960306	0.017453292519943295	-0.5421	0.109	-1.0558
208.0	5.2974000000000006	-0.620973	8.182521	0.005235987755982988	0.008726646259971648	0.008726646259971648	-0.542	0.1085	-1.048
209.0	5.299362	-0.626859	8.180559	0.008726646259971648	0.0017453292519943296	0.008726646259971648	-0.5419	0.1083	-1.0418
210.0	5.303286	-0.623916	8.182521	0.005235987755982988	0.0017453292519943296	0.008726646259971648	-0.5417	0.1084	-1.0378
211.0	5.305248	-0.6248970000000001	8.182521	-0.008726646259971648	0.015707963267948967	0.015707963267948967	-0.5423	0.1083	-1.036
212.0	5.306229000000001	-0.623916	8.178597	0.006981317007977318	0.0	0.006981317007977318	-0.5426	0.1088	-1.0365
213.0	5.306229000000001	-0.6199920000000001	8.178597	0.012217304763960306	0.006981317007977318	0.005235987755982988	-0.5432	0.1092	-1.0365
214.0	5.303286	-0.620973	8.176635000000001	-0.005235987755982988	0.017453292519943295	0.008726646259971648	-0.5441	0.1093	-1.04
215.0	5.305248	-0.621954	8.175654000000002	0.003490658503988659	0.013962634015954637	0.012217304763960306	-0.5454	0.1098	-1.0449
216.0	5.3023050000000005	-0.6190110000000001	8.168787	-0.003490658503988659	0.017453292519943295	0.017453292519943295	-0.5458	0.1098	-1.0531
217.0	5.304267	-0.622935	8.17173	0.013962634015954637	0.003490658503988659	0.013962634015954637	-0.5459	0.1095	-1.0604
218.00000000000003	5.301324	-0.6248970000000001	8.169768	-0.006981317007977318	0.012217304763960306	0.022689280275926284	-0.5464	0.1093	-1.0682
219.0	5.298381000000001	-0.622935	8.172711	0.005235987755982988	0.005235987755982988	0.019198621771937627	-0.5469	0.1091	-1.0709
220.00000000000003	5.295438	-0.622935	8.168787	-0.003490658503988659	0.019198621771937627	0.020943951023931952	-0.5471	0.109	-1.0791
221.0	5.2944569999999995	-0.622935	8.168787	0.012217304763960306	0.003490658503988659	0.015707963267948967	-0.5473	0.1095	-1.0812
222.00000000000003	5.293476	-0.6258779999999999	8.170749	0.0017453292519943296	0.008726646259971648	0.005235987755982988	-0.5471	0.1093	-1.0853
223.0	5.295438	-0.6288210000000001	8.170749	0.006981317007977318	-0.003490658503988659	0.006981317007977318	-0.5466	0.1092	-1.0865
224.00000000000003	5.296419000000001	-0.6278400000000001	8.17173	-0.006981317007977318	0.022689280275926284	0.015707963267948967	-0.5462	0.109	-1.0855
225.0	5.2944569999999995	-0.629802	8.173692	0.008726646259971648	0.0	0.003490658503988659	-0.5451	0.109	-1.0844
225.99999999999997	5.296419000000001	-0.631764	8.176635000000001	0.005235987755982988	0.0017453292519943296	0.012217304763960306	-0.5447	0.1094	-1.082
227.0	5.2974000000000006	-0.632745	8.172711	-0.0017453292519943296	0.019198621771937627	0.010471975511965976	-0.5452	0.1102	-1.0828
227.99999999999997	5.299362	-0.6288210000000001	8.175654000000002	0.010471975511965976	0.012217304763960306	0.008726646259971648	-0.5444	0.1104	-1.0829
229.0	5.301324	-0.629802	8.172711	-0.0017453292519943296	0.010471975511965976	0.005235987755982988	-0.5442	0.1107	-1.0867
229.99999999999997	5.301324	-0.630783	8.176635000000001	0.010471975511965976	0.006981317007977318	-0.003490658503988659	-0.545	0.1101	-1.0823
231.0	5.301324	-0.6337260000000001	8.17173	0.008726646259971648	0.019198621771937627	0.012217304763960306	-0.5456	0.1095	-1.0834
231.99999999999997	5.3023050000000005	-0.629802	8.175654000000002	0.015707963267948967	0.003490658503988659	0.006981317007977318	-0.546	0.1096	-1.0791
233.0	5.300343000000001	-0.631764	8.172711	0.003490658503988659	0.008726646259971648	0.013962634015954637	-0.547	0.1092	-1.0758
234.0	5.300343000000001	-0.630783	8.173692	0.005235987755982988	-0.0017453292519943296	0.010471975511965976	-0.547	0.109	-1.0725
235.0	5.299362	-0.630783	8.169768	0.006981317007977318	-0.0017453292519943296	0.003490658503988659	-0.5477	0.109	-1.0769
236.0	5.301324	-0.6278400000000001	8.169768	0.0017453292519943296	-0.0017453292519943296	0.005235987755982988	-0.5477	0.1085	-1.0799
237.0	5.300343000000001	-0.623916	8.169768	0.005235987755982988	0.006981317007977318	0.012217304763960306	-0.5474	0.1078	-1.0758
238.0	5.301324	-0.626859	8.165844	-0.005235987755982988	0.006981317007977318	0.012217304763960306	-0.5481	0.1076	-1.0746
239.0	5.301324	-0.621954	8.168787	0.010471975511965976	0.003490658503988659	0.006981317007977318	-0.548	0.1076	-1.0752
240.0	5.300343000000001	-0.622935	8.168787	-0.0017453292519943296	0.026179938779914945	0.015707963267948967	-0.5472	0.1079	-1.0747
241.0	5.299362	-0.6190110000000001	8.169768	0.0017453292519943296	-0.008726646259971648	0.003490658503988659	-0.5465	0.1076	-1.0725
242.0	5.300343000000001	-0.6190110000000001	8.168787	0.0017453292519943296	0.020943951023931952	0.019198621771937627	-0.5461	0.1073	-1.0718
243.00000000000003	5.303286	-0.614106	8.166825000000001	0.008726646259971648	0.006981317007977318	0.015707963267948967	-0.5451	0.1071	-1.0725
244.0	5.303286	-0.614106	8.167806	-0.008726646259971648	0.020943951023931952	0.017453292519943295	-0.5447	0.1071	-1.0747
245.00000000000003	5.305248	-0.612144	8.170749	0.006981317007977318	0.006981317007977318	0.005235987755982988	-0.5442	0.1066	-1.0688
246.0	5.303286	-0.612144	8.173692	-0.005235987755982988	0.017453292519943295	0.027925268031909273	-0.5442	0.1067	-1.0648
247.00000000000003	5.3023050000000005	-0.613125	8.177616	-0.0	0.012217304763960306	0.019198621771937627	-0.5433	0.1064	-1.0678
248.0	5.3023050000000005	-0.613125	8.179578000000001	-0.005235987755982988	0.010471975511965976	0.010471975511965976	-0.5427	0.1067	-1.0683
249.00000000000003	5.303286	-0.614106	8.179578000000001	-0.0	0.0	0.022689280275926284	-0.5426	0.1063	-1.066
250.0	5.304267	-0.612144	8.177616	-0.008726646259971648	-0.0017453292519943296	0.010471975511965976	-0.5429	0.1062	-1.0665
250.99999999999997	5.305248	-0.612144	8.180559	-0.0	0.003490658503988659	0.010471975511965976	-0.5424	0.1063	-1.0663
252.0	5.304267	-0.616068	8.179578000000001	-0.0017453292519943296	0.012217304763960306	0.015707963267948967	-0.5425	0.1064	-1.0661
252.99999999999997	5.301324	-0.617049	8.182521	-0.003490658503988659	0.003490658503988659	0.010471975511965976	-0.5426	0.1068	-1.0653
254.0	5.301324	-0.6180300000000001	8.18154	-0.012217304763960306	0.008726646259971648	0.019198621771937627	-0.5426	0.1069	-1.065
254.99999999999997	5.301324	-0.6180300000000001	8.182521	0.013962634015954637	-0.003490658503988659	0.013962634015954637	-0.5428	0.1068	-1.0652
256.0	5.3023050000000005	-0.6190110000000001	8.182521	-0.0	0.0017453292519943296	0.012217304763960306	-0.5429	0.1074	-1.0651
257.0	5.304267	-0.6190110000000001	8.177616	0.003490658503988659	-0.010471975511965976	0.008726646259971648	-0.5429	0.108	-1.0647
258.0	5.305248	-0.6180300000000001	8.178597	-0.010471975511965976	0.020943951023931952	0.022689280275926284	-0.5436	0.1078	-1.0649
259.0	5.305248	-0.6190110000000001	8.178597	-0.010471975511965976	0.020943951023931952	0.022689280275926284	-0.544	0.1082	-1.0659
260.0	5.30721	-0.621954	8.176635000000001	-0.005235987755982988	0.013962634015954637	0.015707963267948967	-0.5433	0.1085	-1.0651
261.0	5.308191000000001	-0.6248970000000001	8.174673	-0.005235987755982988	0.008726646259971648	0.015707963267948967	-0.5431	0.1095	-1.065
262.0	5.309172	-0.623916	8.17173	0.0017453292519943296	0.015707963267948967	0.019198621771937627	-0.5425	0.1097	-1.0649
263.0	5.310153000000001	-0.623916	8.170749	-0.005235987755982988	0.013962634015954637	0.017453292519943295	-0.5422	0.1095	-1.0636
264.0	5.311134	-0.6258779999999999	8.166825000000001	0.015707963267948967	0.006981317007977318	0.003490658503988659	-0.5419	0.1098	-1.0602
265.0	5.311134	-0.626859	8.163882000000001	-0.0	0.020943951023931952	0.0	-0.5416	0.1096	-1.055
266.0	5.314077	-0.6288210000000001	8.162901	0.013962634015954637	0.003490658503988659	0.010471975511965976	-0.5421	0.1088	-1.0486
267.0	5.311134	-0.629802	8.166825000000001	-0.0	0.024434609527920613	0.008726646259971648	-0.5427	0.1082	-1.0405
268.0	5.312115	-0.631764	8.167806	0.017453292519943295	0.0017453292519943296	0.0017453292519943296	-0.5425	0.1082	-1.0335
269.0	5.309172	-0.6337260000000001	8.162901	0.0017453292519943296	0.005235987755982988	0.012217304763960306	-0.5421	0.1079	-1.0287
270.0	5.30721	-0.631764	8.166825000000001	0.008726646259971648	0.017453292519943295	0.015707963267948967	-0.5427	0.1079	-1.0261
271.0	5.308191000000001	-0.631764	8.163882000000001	0.0017453292519943296	0.019198621771937627	0.010471975511965976	-0.5428	0.107	-1.026
272.0	5.308191000000001	-0.630783	8.165844	0.006981317007977318	0.022689280275926284	0.020943951023931952	-0.5435	0.1065	-1.0266
273.0	5.308191000000001	-0.632745	8.165844	-0.0017453292519943296	0.010471975511965976	0.006981317007977318	-0.5436	0.1066	-1.0291
274.0	5.306229000000001	-0.630783	8.168787	0.003490658503988659	0.012217304763960306	0.015707963267948967	-0.5439	0.1064	-1.0334
275.0	5.306229000000001	-0.6288210000000001	8.169768	0.008726646259971648	0.017453292519943295	0.017453292519943295	-0.5441	0.1072	-1.0397
276.0	5.301324	-0.6258779999999999	8.170749	0.006981317007977318	0.012217304763960306	0.020943951023931952	-0.5434	0.1078	-1.047
277.0	5.304267	-0.626859	8.169768	0.008726646259971648	0.006981317007977318	0.015707963267948967	-0.5432	0.1082	-1.0562
278.0	5.301324	-0.626859	8.163882000000001	-0.0017453292519943296	0.03316125578789226	0.024434609527920613	-0.5429	0.1085	-1.0622
279.0	5.304267	-0.6278400000000001	8.168787	0.012217304763960306	0.012217304763960306	0.003490658503988659	-0.5427	0.1083	-1.0636
280.0	5.305248	-0.626859	8.166825000000001	-0.0017453292519943296	0.020943951023931952	0.019198621771937627	-0.5423	0.108	-1.0614
281.0	5.3023050000000005	-0.6248970000000001	8.170749	0.008726646259971648	-0.005235987755982988	0.0017453292519943296	-0.5428	0.1083	-1.055
282.0	5.300343000000001	-0.622935	8.169768	0.003490658503988659	0.008726646259971648	0.008726646259971648	-0.5425	0.1087	-1.047
283.0	5.2974000000000006	-0.622935	8.170749	0.005235987755982988	0.008726646259971648	0.005235987755982988	-0.5432	0.1088	-1.0406
284.0	5.299362	-0.621954	8.170749	0.008726646259971648	0.006981317007977318	0.010471975511965976	-0.5435	0.1091	-1.0365
285.0	5.301324	-0.621954	8.169768	-0.0017453292519943296	0.015707963267948967	0.013962634015954637	-0.5431	0.109	-1.0338
286.0	5.3023050000000005	-0.620973	8.170749	0.008726646259971648	0.010471975511965976	0.010471975511965976	-0.5436	0.1091	-1.0339
287.0	5.300343000000001	-0.6190110000000001	8.166825000000001	-0.0017453292519943296	0.012217304763960306	0.006981317007977318	-0.544	0.1089	-1.0345
288.0	5.299362	-0.614106	8.17173	0.006981317007977318	0.010471975511965976	0.015707963267948967	-0.5448	0.1086	-1.0373
289.0	5.296419000000001	-0.613125	8.170749	0.013962634015954637	0.003490658503988659	0.010471975511965976	-0.5456	0.1091	-1.0421
290.0	5.296419000000001	-0.615087	8.172711	-0.0	0.020943951023931952	0.024434609527920613	-0.5466	0.1098	-1.0492
291.0	5.2974000000000006	-0.616068	8.174673	-0.0	-0.0017453292519943296	0.010471975511965976	-0.5473	0.1096	-1.0582
292.0	5.2974000000000006	-0.6199920000000001	8.175654000000002	-0.006981317007977318	0.008726646259971648	0.008726646259971648	-0.5478	0.1091	-1.0658
293.0	5.299362	-0.620973	8.178597	0.003490658503988659	0.012217304763960306	0.012217304763960306	-0.547	0.1088	-1.0719
294.0	5.2974000000000006	-0.622935	8.177616	-0.005235987755982988	0.012217304763960306	0.017453292519943295	-0.5468	0.1086	-1.0814
295.0	5.296419000000001	-0.6258779999999999	8.179578000000001	-0.0	0.013962634015954637	0.012217304763960306	-0.5474	0.1083	-1.0863
296.0	5.2974000000000006	-0.626859	8.177616	0.008726646259971648	0.003490658503988659	0.006981317007977318	-0.5472	0.1079	-1.0854
297.0	5.298381000000001	-0.626859	8.179578000000001	-0.005235987755982988	0.012217304763960306	0.012217304763960306	-0.547	0.1084	-1.0837
298.0	5.301324	-0.6278400000000001	8.178597	0.0017453292519943296	0.003490658503988659	0.015707963267948967	-0.5462	0.1084	-1.0849
299.0	5.301324	-0.6278400000000001	8.175654000000002	-0.0017453292519943296	0.015707963267948967	0.015707963267948967	-0.546	0.1088	-1.0849
300.0	5.3023050000000005	-0.626859	8.176635000000001	0.0017453292519943296	0.012217304763960306	0.010471975511965976	-0.5452	0.1083	-1.0839
301.0	5.3023050000000005	-0.6288210000000001	8.174673	0.0017453292519943296	0.015707963267948967	0.005235987755982988	-0.5448	0.1088	-1.0822
302.0	5.303286	-0.6258779999999999	8.175654000000002	0.003490658503988659	0.0	0.013962634015954637	-0.5448	0.1091	-1.0824
303.0	5.303286	-0.6258779999999999	8.172711	-0.0	0.006981317007977318	0.019198621771937627	-0.5457	0.1099	-1.0833
304.0	5.304267	-0.6288210000000001	8.17173	0.010471975511965976	-0.003490658503988659	0.0	-0.5452	0.1095	-1.0785
305.0	5.304267	-0.6288210000000001	8.169768	-0.0017453292519943296	0.012217304763960306	0.010471975511965976	-0.5454	0.1092	-1.0777
306.0	5.304267	-0.6337260000000001	8.165844	0.005235987755982988	0.006981317007977318	0.0	-0.5448	0.1092	-1.0806
307.0	5.305248	-0.6337260000000001	8.170749	0.003490658503988659	0.019198621771937627	0.005235987755982988	-0.5449	0.1088	-1.0784
308.0	5.306229000000001	-0.63765	8.167806	-0.006981317007977318	0.008726646259971648	0.005235987755982988	-0.545	0.1088	-1.0759
309.0	5.30721	-0.6386310000000001	8.168787	0.012217304763960306	0.006981317007977318	0.006981317007977318	-0.5445	0.1083	-1.0753
310.0	5.30721	-0.639612	8.16192	-0.003490658503988659	0.012217304763960306	0.0	-0.5445	0.1084	-1.0738
311.0	5.30721	-0.634707	8.162901	0.006981317007977318	0.008726646259971648	0.003490658503988659	-0.5444	0.1079	-1.073
312.0	5.308191000000001	-0.634707	8.159958	0.006981317007977318	0.024434609527920613	0.006981317007977318	-0.5438	0.1078	-1.072
313.0	5.309172	-0.6337260000000001	8.157996	0.0017453292519943296	0.006981317007977318	0.005235987755982988	-0.5433	0.1066	-1.0713
314.0	5.309172	-0.6278400000000001	8.16192	0.008726646259971648	0.024434609527920613	0.010471975511965976	-0.5437	0.1068	-1.0702
315.0	5.310153000000001	-0.623916	8.157996	0.005235987755982988	0.019198621771937627	0.008726646259971648	-0.5435	0.1065	-1.0676
316.0	5.311134	-0.6190110000000001	8.162901	0.029670597283903602	0.015707963267948967	0.0	-0.5437	0.1063	-1.0645
317.0	5.314077	-0.616068	8.157996	0.005235987755982988	0.013962634015954637	0.022689280275926284	-0.5436	0.1067	-1.0672
318.0	5.313096	-0.614106	8.162901	0.012217304763960306	0.003490658503988659	0.012217304763960306	-0.5434	0.1069	-1.0658
319.0	5.312115	-0.6092010000000001	8.164863	-0.015707963267948967	0.019198621771937627	0.010471975511965976	-0.5434	0.1069	-1.0641
320.0	5.312115	-0.60822	8.169768	0.008726646259971648	0.0	0.012217304763960306	-0.5432	0.107	-1.064
321.0	5.312115	-0.611163	8.168787	-0.008726646259971648	0.012217304763960306	0.013962634015954637	-0.5425	0.1071	-1.064
322.0	5.310153000000001	-0.6092010000000001	8.168787	-0.0017453292519943296	0.003490658503988659	0.017453292519943295	-0.5428	0.1074	-1.0642
323.0	5.312115	-0.60822	8.173692	0.006981317007977318	0.010471975511965976	0.022689280275926284	-0.5429	0.1076	-1.0635
324.0	5.314077	-0.604296	8.170749	-0.006981317007977318	0.003490658503988659	0.012217304763960306	-0.5429	0.1079	-1.0633
325.0	5.314077	-0.60822	8.176635000000001	0.0017453292519943296	0.006981317007977318	0.020943951023931952	-0.5426	0.1087	-1.0631
326.0	5.314077	-0.6092010000000001	8.174673	-0.003490658503988659	0.008726646259971648	0.019198621771937627	-0.543	0.1086	-1.0629
327.0	5.310153000000001	-0.611163	8.178597	0.0017453292519943296	0.0017453292519943296	0.019198621771937627	-0.5427	0.1084	-1.0626
328.0	5.310153000000001	-0.6062580000000001	8.175654000000002	-0.008726646259971648	0.012217304763960306	0.027925268031909273	-0.5428	0.1082	-1.0625
329.0	5.308191000000001	-0.6092010000000001	8.178597	0.005235987755982988	0.003490658503988659	0.015707963267948967	-0.5424	0.1086	-1.0627
330.0	5.309172	-0.607239	8.182521	-0.015707963267948967	0.012217304763960306	0.027925268031909273	-0.5428	0.1088	-1.0626
331.0	5.306229000000001	-0.6062580000000001	8.184483	-0.005235987755982988	0.0017453292519943296	0.026179938779914945	-0.5433	0.1088	-1.0623
332.0	5.308191000000001	-0.611163	8.180559	-0.008726646259971648	-0.008726646259971648	0.03316125578789226	-0.5433	0.1088	-1.062
333.0	5.306229000000001	-0.610182	8.170749	-0.012217304763960306	0.0	0.027925268031909273	-0.5431	0.1094	-1.0618
334.0	5.3023050000000005	-0.6190110000000001	8.164863	-0.0017453292519943296	0.003490658503988659	0.013962634015954637	-0.5429	0.1095	-1.0614
335.0	5.301324	-0.621954	8.154072000000001	-0.003490658503988659	0.010471975511965976	0.013962634015954637	-0.5426	0.1095	-1.061
336.0	5.303286	-0.6248970000000001	8.151129000000001	-0.005235987755982988	0.017453292519943295	0.006981317007977318	-0.5418	0.1099	-1.0594
337.0	5.303286	-0.632745	8.150148	0.0017453292519943296	0.024434609527920613	0.017453292519943295	-0.542	0.1095	-1.0556
338.0	5.305248	-0.6425550000000001	8.156034	0.0017453292519943296	0.022689280275926284	0.015707963267948967	-0.542	0.1099	-1.051
339.0	5.304267	-0.64746	8.157015000000001	0.0017453292519943296	0.013962634015954637	0.015707963267948967	-0.5422	0.1093	-1.0434
340.0	5.303286	-0.655308	8.157996	0.0017453292519943296	0.013962634015954637	0.015707963267948967	-0.5419	0.1089	-1.0356
341.0	5.304267	-0.656289	8.156034	-0.0017453292519943296	-0.005235987755982988	0.012217304763960306	-0.5418	0.1089	-1.029
342.0	5.303286	-0.6533460000000001	8.159958	0.0017453292519943296	0.0017453292519943296	0.006981317007977318	-0.5416	0.1087	-1.0244
343.0	5.3023050000000005	-0.65727	8.167806	0.005235987755982988	-0.008726646259971648	0.008726646259971648	-0.542	0.1088	-1.0217
344.0	5.305248	-0.656289	8.175654000000002	-0.0017453292519943296	0.008726646259971648	0.017453292519943295	-0.5426	0.1093	-1.022
345.0	5.304267	-0.656289	8.185464000000001	0.013962634015954637	-0.006981317007977318	0.005235987755982988	-0.5432	0.1095	-1.0231
346.0	5.3023050000000005	-0.654327	8.188407	0.013962634015954637	0.003490658503988659	0.008726646259971648	-0.543	0.1096	-1.0254
347.0	5.303286	-0.6504030000000001	8.188407	0.005235987755982988	-0.008726646259971648	0.012217304763960306	-0.5433	0.1101	-1.0296
348.0	5.30721	-0.644517	8.179578000000001	-0.0	-0.005235987755982988	0.008726646259971648	-0.5435	0.1101	-1.0356
349.0	5.312115	-0.635688	8.172711	0.008726646259971648	0.0	0.012217304763960306	-0.5434	0.1103	-1.0437
350.0	5.318001000000001	-0.622935	8.166825000000001	-0.0	0.0	0.008726646259971648	-0.5436	0.1105	-1.0524
351.0	5.321925	-0.6199920000000001	8.160939	-0.005235987755982988	0.006981317007977318	0.013962634015954637	-0.5426	0.1102	-1.0587
352.0	5.323887	-0.6199920000000001	8.158977	-0.0017453292519943296	0.008726646259971648	0.019198621771937627	-0.5427	0.11	-1.0611
353.0	5.322906	-0.621954	8.162901	-0.013962634015954637	0.010471975511965976	0.019198621771937627	-0.5423	0.1099	-1.0594
354.0	5.321925	-0.6190110000000001	8.160939	-0.012217304763960306	0.012217304763960306	0.003490658503988659	-0.5414	0.1094	-1.0533
355.0	5.323887	-0.6180300000000001	8.157015000000001	-0.006981317007977318	0.012217304763960306	0.012217304763960306	-0.5413	0.109	-1.0448
356.0	5.321925	-0.616068	8.158977	0.005235987755982988	0.006981317007977318	0.013962634015954637	-0.5417	0.1088	-1.0373
357.0	5.320944	-0.615087	8.158977	-0.008726646259971648	0.003490658503988659	0.010471975511965976	-0.5417	0.1093	-1.0321
358.0	5.318982	-0.616068	8.16192	-0.008726646259971648	-0.006981317007977318	0.017453292519943295	-0.5418	0.1096	-1.0282
359.0	5.319963	-0.611163	8.162901	-0.005235987755982988	0.012217304763960306	0.020943951023931952	-0.5422	0.1094	-1.0275
360.0	5.318982	-0.611163	8.165844	-0.010471975511965976	-0.006981317007977318	0.019198621771937627	-0.5423	0.1098	-1.0279
361.0	5.319963	-0.614106	8.166825000000001	-0.020943951023931952	0.013962634015954637	0.03316125578789226	-0.5433	0.1103	-1.0298
362.0	5.321925	-0.615087	8.167806	-0.008726646259971648	0.003490658503988659	0.03665191429188092	-0.5439	0.1108	-1.0336
363.0	5.3248679999999995	-0.610182	8.157996	-0.017453292519943295	0.017453292519943295	0.029670597283903602	-0.5446	0.1111	-1.0397
364.0	5.3278110000000005	-0.60822	8.157996	-0.005235987755982988	0.015707963267948967	0.027925268031909273	-0.5453	0.1115	-1.0486
365.0	5.3278110000000005	-0.6062580000000001	8.157015000000001	-0.013962634015954637	0.015707963267948967	0.03490658503988659	-0.5455	0.1116	-1.0553
366.0	5.331735	-0.610182	8.155053	-0.017453292519943295	0.024434609527920613	0.03316125578789226	-0.546	0.1118	-1.0623
367.0	5.331735	-0.612144	8.153091	-0.027925268031909273	0.024434609527920613	0.03665191429188092	-0.5456	0.1118	-1.0688
368.0	5.3278110000000005	-0.620973	8.151129000000001	-0.013962634015954637	0.019198621771937627	0.022689280275926284	-0.5455	0.1119	-1.0701
369.0	5.318982	-0.6337260000000001	8.150148	-0.005235987755982988	0.020943951023931952	0.031415926535897934	-0.5455	0.1125	-1.0732
370.0	5.314077	-0.646479	8.146224	-0.013962634015954637	0.026179938779914945	0.024434609527920613	-0.5451	0.1125	-1.0729
371.0	5.309172	-0.654327	8.15211	0.0017453292519943296	0.015707963267948967	0.022689280275926284	-0.545	0.1123	-1.0709
372.0	5.30721	-0.664137	8.151129000000001	-0.008726646259971648	0.010471975511965976	0.015707963267948967	-0.5438	0.1124	-1.0717
373.0	5.306229000000001	-0.672966	8.156034	0.003490658503988659	0.008726646259971648	0.012217304763960306	-0.5433	0.1128	-1.0701
374.0	5.303286	-0.680814	8.157996	-0.0	0.006981317007977318	0.012217304763960306	-0.543	0.1128	-1.068
375.0	5.303286	-0.6867000000000001	8.162901	0.013962634015954637	0.003490658503988659	0.012217304763960306	-0.5424	0.1132	-1.0695
376.0	5.3023050000000005	-0.6906240000000001	8.16192	0.005235987755982988	0.015707963267948967	0.015707963267948967	-0.5427	0.1133	-1.0695
377.0	5.301324	-0.6955290000000001	8.160939	0.017453292519943295	-0.006981317007977318	0.0	-0.5435	0.1129	-1.0682
378.0	5.303286	-0.69651	8.15211	0.020943951023931952	0.006981317007977318	0.003490658503988659	-0.5439	0.1129	-1.0705
379.0	5.309172	-0.7004340000000001	8.15211	0.020943951023931952	0.012217304763960306	0.0	-0.5445	0.1127	-1.0675
380.0	5.311134	-0.6994530000000001	8.150148	0.013962634015954637	0.0	-0.005235987755982988	-0.5449	0.1131	-1.0654
381.0	5.312115	-0.6955290000000001	8.149167	0.019198621771937627	0.0	0.003490658503988659	-0.5449	0.1135	-1.0679
382.0	5.309172	-0.687681	8.150148	0.017453292519943295	0.012217304763960306	0.0	-0.5459	0.1137	-1.07
383.0	5.311134	-0.6857190000000001	8.155053	0.010471975511965976	-0.006981317007977318	0.0	-0.5461	0.1132	-1.0708
384.0	5.311134	-0.6847380000000001	8.158977	0.019198621771937627	-0.022689280275926284	-0.006981317007977318	-0.5459	0.1133	-1.0695
385.0	5.312115	-0.678852	8.157996	0.012217304763960306	-0.005235987755982988	0.0	-0.5463	0.1129	-1.0672
386.0	5.312115	-0.671004	8.159958	0.010471975511965976	-0.020943951023931952	0.003490658503988659	-0.5456	0.1127	-1.0698
387.0	5.313096	-0.671004	8.16192	0.017453292519943295	-0.012217304763960306	0.003490658503988659	-0.5449	0.1125	-1.0681
388.0	5.314077	-0.665118	8.166825000000001	0.010471975511965976	-0.010471975511965976	0.0	-0.5445	0.1123	-1.067
389.0	5.316039000000001	-0.659232	8.169768	0.008726646259971648	0.0	0.003490658503988659	-0.5441	0.1126	-1.0664
390.0	5.316039000000001	-0.6582510000000001	8.169768	0.029670597283903602	0.0	-0.010471975511965976	-0.544	0.1121	-1.0673
391.0	5.319963	-0.655308	8.165844	0.020943951023931952	-0.006981317007977318	0.003490658503988659	-0.544	0.1117	-1.0651
392.0	5.323887	-0.6513840000000001	8.158977	0.013962634015954637	-0.020943951023931952	-0.0017453292519943296	-0.5435	0.1114	-1.0605
393.0	5.3248679999999995	-0.6425550000000001	8.15211	0.017453292519943295	0.0	-0.005235987755982988	-0.5436	0.111	-1.059
394.0	5.328792000000001	-0.636669	8.144262000000001	0.019198621771937627	-0.003490658503988659	0.0017453292519943296	-0.5438	0.1102	-1.0593
395.0	5.329773	-0.634707	8.137395	0.006981317007977318	0.017453292519943295	0.0	-0.5442	0.1097	-1.0603
396.0	5.332716	-0.632745	8.128566000000001	0.020943951023931952	0.008726646259971648	0.005235987755982988	-0.5442	0.1092	-1.0572
397.0	5.336640000000001	-0.620973	8.124642000000001	0.012217304763960306	0.020943951023931952	0.003490658503988659	-0.5444	0.1093	-1.0579
398.0	5.338602000000001	-0.615087	8.121699	0.017453292519943295	0.017453292519943295	-0.0017453292519943296	-0.5438	0.1092	-1.0577
399.0	5.339583	-0.611163	8.12268	0.006981317007977318	0.020943951023931952	0.0	-0.5429	0.1091	-1.0579
400.0	5.342526	-0.610182	8.125623000000001	0.012217304763960306	0.022689280275926284	0.003490658503988659	-0.5432	0.1089	-1.0574
401.0	5.341545	-0.6092010000000001	8.126604	0.013962634015954637	0.006981317007977318	0.006981317007977318	-0.5432	0.108	-1.0571
401.99999999999994	5.342526	-0.610182	8.129547	0.020943951023931952	0.020943951023931952	0.0	-0.5433	0.1077	-1.0571
403.0	5.3405640000000005	-0.614106	8.134452000000001	0.026179938779914945	0.015707963267948967	-0.005235987755982988	-0.543	0.1077	-1.057
404.0	5.3405640000000005	-0.612144	8.140338	0.010471975511965976	0.024434609527920613	0.0	-0.5436	0.1076	-1.0567
405.0	5.3405640000000005	-0.60822	8.143281	0.008726646259971648	0.024434609527920613	0.005235987755982988	-0.5427	0.108	-1.0568
405.99999999999994	5.338602000000001	-0.611163	8.147205000000001	-0.0	0.012217304763960306	0.003490658503988659	-0.5428	0.1082	-1.0569
407.0	5.336640000000001	-0.612144	8.151129000000001	0.008726646259971648	0.006981317007977318	0.003490658503988659	-0.543	0.1081	-1.0567
408.0	5.335659000000001	-0.615087	8.158977	-0.0017453292519943296	0.024434609527920613	0.012217304763960306	-0.5436	0.1082	-1.0565
409.0	5.335659000000001	-0.615087	8.157996	0.005235987755982988	0.006981317007977318	0.006981317007977318	-0.5439	0.1076	-1.0571
409.99999999999994	5.333697	-0.6092010000000001	8.159958	-0.0	0.027925268031909273	0.003490658503988659	-0.5429	0.1077	-1.0569
411.00000000000006	5.334677999999999	-0.60822	8.158977	-0.0017453292519943296	0.019198621771937627	0.006981317007977318	-0.5425	0.1083	-1.055
412.0	5.331735	-0.6062580000000001	8.159958	0.010471975511965976	0.020943951023931952	0.008726646259971648	-0.542	0.1084	-1.0516
413.0	5.331735	-0.601353	8.155053	0.008726646259971648	0.019198621771937627	0.006981317007977318	-0.5416	0.1082	-1.0463
413.99999999999994	5.333697	-0.601353	8.149167	0.005235987755982988	0.017453292519943295	0.015707963267948967	-0.5411	0.1085	-1.039
415.00000000000006	5.329773	-0.604296	8.145243	0.008726646259971648	0.027925268031909273	0.006981317007977318	-0.5409	0.1082	-1.0318
416.0	5.3278110000000005	-0.604296	8.154072000000001	0.003490658503988659	0.03665191429188092	0.006981317007977318	-0.5407	0.1084	-1.0257
417.0	5.323887	-0.6092010000000001	8.159958	0.010471975511965976	0.03316125578789226	0.010471975511965976	-0.5403	0.1085	-1.0221
418.0	5.318982	-0.60822	8.168787	0.008726646259971648	0.008726646259971648	0.006981317007977318	-0.5402	0.1086	-1.0205
419.00000000000006	5.314077	-0.611163	8.180559	-0.0017453292519943296	0.005235987755982988	0.006981317007977318	-0.5402	0.1089	-1.0206
420.0	5.308191000000001	-0.614106	8.184483	-0.008726646259971648	-0.005235987755982988	0.006981317007977318	-0.5412	0.1082	-1.0221
421.0	5.305248	-0.610182	8.192331	0.008726646259971648	-0.022689280275926284	-0.0017453292519943296	-0.5409	0.1084	-1.0254
422.0	5.305248	-0.6092010000000001	8.195274000000001	0.0017453292519943296	-0.024434609527920613	0.010471975511965976	-0.5411	0.1079	-1.0296
423.00000000000006	5.304267	-0.60822	8.202141	-0.0017453292519943296	-0.020943951023931952	0.003490658503988659	-0.5409	0.1081	-1.036
424.0	5.301324	-0.6062580000000001	8.207046	-0.010471975511965976	-0.03316125578789226	0.015707963267948967	-0.5402	0.1082	-1.0445
425.0	5.304267	-0.610182	8.21097	-0.017453292519943295	-0.029670597283903602	0.020943951023931952	-0.5404	0.1078	-1.0525
426.0	5.303286	-0.617049	8.208027000000001	-0.008726646259971648	-0.03490658503988659	0.005235987755982988	-0.5401	0.107	-1.0573
426.99999999999994	5.305248	-0.6248970000000001	8.209989	0.012217304763960306	-0.04363323129985824	-0.003490658503988659	-0.5399	0.1067	-1.0575
428.0	5.306229000000001	-0.631764	8.204103000000002	-0.005235987755982988	-0.031415926535897934	0.008726646259971648	-0.5396	0.106	-1.0541
429.0	5.311134	-0.6278400000000001	8.202141	0.015707963267948967	-0.059341194567807204	0.0	-0.5399	0.1058	-1.0463
430.0	5.314077	-0.632745	8.208027000000001	0.0017453292519943296	-0.0645771823237902	-0.005235987755982988	-0.5393	0.1059	-1.0379
430.99999999999994	5.306229000000001	-0.654327	8.224704000000001	0.005235987755982988	-0.10122909661567112	-0.006981317007977318	-0.5402	0.1055	-1.0307
432.0	5.293476	-0.694548	8.247267	0.024434609527920613	-0.13962634015954636	-0.04363323129985824	-0.5413	0.106	-1.0267
433.0	5.281704	-0.72594	8.268849	0.05585053606381855	-0.16231562043547265	-0.048869219055841226	-0.5426	0.1056	-1.0244
434.0	5.266008000000001	-0.7514460000000001	8.30907	0.0715584993317675	-0.20943951023931956	-0.06283185307179587	-0.5441	0.1049	-1.0239
434.99999999999994	5.241483000000001	-0.7514460000000001	8.362044000000001	0.038397243543875255	-0.2722713633111154	-0.0942477796076938	-0.5458	0.1049	-1.0235
436.00000000000006	5.191452	-0.8132490000000001	8.443467	-0.10471975511965978	-0.34732052114687156	-0.15533430342749532	-0.5481	0.105	-1.0249
437.0	5.167908000000001	-0.713187	8.529795000000002	0.017453292519943295	-0.47647488579445196	-0.14486232791552936	-0.5509	0.1042	-1.0284
438.0	5.1522120000000005	-0.687681	8.618085	-0.0	-0.6230825429619757	-0.1064650843716541	-0.5539	0.1034	-1.0327
438.99999999999994	5.132592	-0.64746	8.698527	-0.008726646259971648	-0.7627088831215221	-0.1117010721276371	-0.5569	0.102	-1.0401
440.00000000000006	5.119839000000001	-0.613125	8.778969	-0.013962634015954637	-0.8290313946973066	-0.09948376736367678	-0.5611	0.1009	-1.0473
441.0	5.127687000000001	-0.5817330000000001	8.826057	0.0017453292519943296	-0.9459684545809267	-0.08726646259971647	-0.5649	0.0997	-1.0517
442.0	5.1522120000000005	-0.51012	8.859411	0.03490658503988659	-1.069886831472524	-0.07504915783575616	-0.5687	0.0981	-1.0483
443.0	5.191452	-0.46107000000000004	8.879031000000001	0.08726646259971647	-1.1641346110802178	-0.059341194567807204	-0.574	0.0965	-1.0477
444.00000000000006	5.245407	-0.42869700000000005	8.877069	0.09250245035569947	-1.2269664641520137	-0.03665191429188092	-0.5792	0.095	-1.0374
445.0	5.322906	-0.443412	8.851563	0.11693705988362008	-1.3020156219877697	-0.06632251157578452	-0.585	0.093	-1.0302
446.0	5.437683000000001	-0.408096	8.799570000000001	0.12566370614359174	-1.3264502315156905	-0.07853981633974483	-0.591	0.0913	-1.019
447.0	5.556384	-0.52974	8.719128000000001	0.14486232791552936	-1.408480706359424	-0.12217304763960307	-0.5979	0.0899	-1.0067
448.00000000000006	5.669199	-0.5817330000000001	8.641629	0.14486232791552936	-1.408480706359424	-0.12217304763960307	-0.6042	0.0884	-0.9953
449.0	5.804577	-0.734769	8.568054	0.30194196059501904	-1.4625859131712482	-0.2303834612632515	-0.6123	0.0864	-0.9792
450.0	5.937012	-0.87309	8.492517000000001	0.30194196059501904	-1.4625859131712482	-0.2303834612632515	-0.6193	0.0846	-0.9632
451.0	6.090048	-0.90252	8.377740000000001	0.5078908123303499	-1.3823007675795091	-0.29496064358704166	-0.6279	0.0816	-0.9456
451.99999999999994	6.201882	-0.9613800000000001	8.266887	0.5113814708343386	-1.270599695451872	-0.3246312408709453	-0.6376	0.078	-0.9318
453.0	6.233274	-0.960399	8.209008	0.4869468613064179	-1.202531854624093	-0.317649923862968	-0.6466	0.0736	-0.9121
454.0	6.091029000000001	-0.9564750000000001	8.199198	0.3159045946109737	-1.0192722831646885	-0.33335788713091696	-0.6564	0.0689	-0.8989
455.0	6.029226	-0.850527	8.255115	0.1117010721276371	-0.7278022980816354	-0.317649923862968	-0.6658	0.0645	-0.8825
455.99999999999994	6.048846000000001	-0.760275	8.352234000000001	-0.22514747350726852	-0.12042771838760874	-0.18500490071139894	-0.6742	0.0586	-0.8634
457.0	5.855589	-0.7848	8.440524000000002	-0.2844886680750757	0.3089232776029963	-0.2059488517353309	-0.6806	0.0531	-0.8472
458.0	5.54265	-0.79461	8.437581	-0.32986722862692824	0.5602506898901798	-0.26529004630313807	-0.687	0.0481	-0.8323
459.0	5.186547	-0.678852	8.383626000000001	-0.3892084231947355	0.6492624817418906	-0.291469985083053	-0.6913	0.0434	-0.8265
459.99999999999994	4.870665	-0.5886	8.31888	-0.5410520681182421	0.8464846872172498	-0.2792526803190927	-0.6947	0.0377	-0.8208
461.00000000000006	4.558707	-0.6513840000000001	8.321823	-0.5445427266222308	1.08035880698449	-0.27052603405912107	-0.6962	0.0339	-0.818
462.0	4.3056090000000005	-0.7190730000000001	8.343405	-0.5567600313861911	1.3281955607676847	-0.21467549799530256	-0.6947	0.0306	-0.8181
463.0	4.136877	-0.835812	8.324766	-0.5462880558742251	1.5376350710070041	-0.12391837689159739	-0.6922	0.0286	-0.8213
463.99999999999994	4.144725	-0.9564750000000001	8.268849	-0.5183627878423158	1.7069320084504542	-0.012217304763960306	-0.6867	0.0272	-0.8276
465.00000000000006	4.082922	-1.1565990000000002	8.168787	-0.46949356878647464	1.8727382873899157	0.10297442586766545	-0.6803	0.0263	-0.8366
466.0	3.9534300000000004	-1.3165020000000003	8.022618	-0.4520402762665313	1.9198621771937625	0.16755160819145562	-0.6728	0.027	-0.8537
467.0	4.0260240000000005	-1.355742	7.906860000000001	-0.3961897402027128	2.0053833105414847	0.2722713633111154	-0.6648	0.0283	-0.8718
468.0	4.234977	-1.414602	7.878411000000001	-0.3508111796508603	2.029817920069405	0.40840704496667307	-0.6556	0.0293	-0.8905
469.00000000000006	4.495923	-1.527417	7.903917	-0.2722713633111154	2.0420352248333655	0.5235987755982988	-0.6456	0.0319	-0.9057
470.0	4.7176290000000005	-1.6137450000000002	7.9411950000000004	-0.2722713633111154	2.0420352248333655	0.5235987755982988	-0.6364	0.0354	-0.9208
471.0	4.958955	-1.65789	7.970625	-0.13439035240356337	1.9268434942017398	0.7592182246175333	-0.6248	0.0395	-0.9399
472.0	5.188509000000001	-1.688301	7.982397000000001	-0.1117010721276371	1.87448361664191	0.8412486994612669	-0.6136	0.0442	-0.9592
473.00000000000006	5.408253	-1.711845	7.976511000000001	-0.09250245035569947	1.7313666179783749	0.8726646259971648	-0.6015	0.0501	-0.978
474.0	5.614263	-1.711845	7.942176	-0.11868238913561441	1.567305668290908	0.9162978572970231	-0.59	0.0568	-0.9964
475.0	5.805558	-1.6853580000000001	7.8803730000000005	-0.13962634015954636	1.3281955607676847	0.9250245035569946	-0.5784	0.0641	-1.014
476.0	5.988024000000001	-1.650042	7.7989500000000005	-0.19896753472735357	1.1397000015522971	0.9110618695410401	-0.5676	0.0718	-1.0305
476.99999999999994	6.139098000000001	-1.600011	7.692021	-0.21991148575128552	0.895353906273091	0.8674286382411819	-0.5571	0.0799	-1.0457
478.0	6.265647	-1.524474	7.574301	-0.22689280275926285	0.6702064327658225	0.8080874436733745	-0.5472	0.0891	-1.0597
479.0	6.353937000000001	-1.4234310000000001	7.427151	-0.19373154697137057	0.5480333851262195	0.767944870877505	-0.5384	0.0982	-1.0723
480.0	6.437322	-1.310616	7.27902	-0.13264502315156904	0.32288591161895097	0.6457718232379019	-0.5296	0.1076	-1.0851
480.99999999999994	6.467733	-1.173276	7.12206	-0.0645771823237902	0.0890117918517108	0.49741883681838395	-0.5238	0.1169	-1.0942
482.0	6.505992000000001	-1.0143540000000002	6.98472	-0.03665191429188092	-0.07853981633974483	0.32986722862692824	-0.5194	0.1254	-1.101
483.0	6.551118	-0.820116	6.875829	-0.03490658503988659	-0.19024088846738194	0.15707963267948966	-0.5159	0.1329	-1.1064
484.0	6.6040920000000005	-0.6258779999999999	6.801273000000001	-0.06283185307179587	-0.2792526803190927	-0.006981317007977318	-0.5141	0.14	-1.1102
484.99999999999994	6.644313	-0.45027900000000004	6.75909	-0.08726646259971647	-0.29670597283903605	-0.15358897417550102	-0.5131	0.1454	-1.1103
486.00000000000006	6.662952000000001	-0.2943	6.7384889999999995	-0.1117010721276371	-0.34033920413889424	-0.22165681500327983	-0.5131	0.1501	-1.1071
487.0	6.6727620000000005	-0.161865	6.730641000000001	-0.15707963267948966	-0.3420845333908886	-0.3385938748868999	-0.5143	0.1539	-1.101
488.0	6.668838	-0.073575	6.739470000000001	-0.16580627893946132	-0.3717551306747922	-0.4328416544945937	-0.5166	0.1563	-1.0915
488.99999999999994	6.673743000000001	-0.023544	6.774786000000001	-0.17453292519943295	-0.41713369122664473	-0.5044001538263612	-0.52	0.1573	-1.0814
490.00000000000006	6.696306	0.014715	6.8150070000000005	-0.16231562043547265	-0.4380776422505767	-0.5497787143782138	-0.5236	0.1579	-1.0728
491.0	6.712983	0.038259	6.859152000000001	-0.2059488517353309	-0.4014257279586958	-0.5410520681182421	-0.5274	0.1566	-1.0654
492.0	6.6776670000000005	0.028449	6.891525000000001	-0.22689280275926285	-0.36826447217080355	-0.5166174585903216	-0.5315	0.1551	-1.0607
493.0	6.598206	-0.055917	6.918012000000001	-0.21991148575128552	-0.3560471674068432	-0.4537856055185257	-0.5359	0.1532	-1.0573
494.00000000000006	6.493239000000001	-0.17265600000000003	6.933708	-0.1780235837034216	-0.3595378259108319	-0.38746309394274114	-0.5404	0.1511	-1.0544
495.0	6.391215	-0.300186	6.944499	-0.09948376736367678	-0.40840704496667307	-0.3385938748868999	-0.5447	0.1495	-1.053
496.0	6.22935	-0.6857190000000001	7.058295	0.003490658503988659	-0.41364303272265607	-0.25481807079117214	-0.5495	0.1473	-1.054
497.0	5.840874	-1.130112	7.331994	1.546361717266976	-0.6544984694978736	-0.46600291028248597	-0.5537	0.1445	-1.0562
498.00000000000006	5.472999	-0.6288210000000001	7.797969000000001	1.075122819228507	-0.6876597252857658	0.05235987755982989	-0.558	0.1396	-1.0603
499.0	5.112972	-0.33354000000000006	8.012808	0.9110618695410401	-0.7208209810736581	0.2617993877991494	-0.5617	0.1347	-1.063
500.0	5.006043	-0.319806	8.127585	0.630063859969953	-1.0088003076527223	0.3036872898470133	-0.5665	0.1298	-1.0617
501.0	6.021378	0.24721200000000002	8.671059000000001	0.6632251157578453	-0.8988445647770797	-0.4625122517784973	-0.5711	0.1249	-1.0553
501.99999999999994	6.173433	0.51993	8.725014	0.17976891295541594	0.47647488579445196	-0.13962634015954636	-0.5762	0.12	-1.0453
503.0	6.001758000000001	0.5817330000000001	8.889822	0.017453292519943295	-0.06632251157578452	0.005235987755982988	-0.5803	0.1146	-1.0323
504.0	5.845779	0.663156	9.052668	0.017453292519943295	-0.06632251157578452	0.005235987755982988	-0.5838	0.109	-1.019
505.0	5.732964000000001	0.6582510000000001	9.136053	-0.06981317007977318	0.010471975511965976	0.059341194567807204	-0.5877	0.1036	-1.0083
505.99999999999994	5.816349	0.963342	9.158616	-0.07853981633974483	-0.008726646259971648	0.07504915783575616	-0.5909	0.0988	-0.9998
507.0	6.047865000000001	1.3841910000000002	9.003618	-0.0942477796076938	-0.012217304763960306	0.09773843811168245	-0.5943	0.095	-0.9947
508.0	6.306849000000001	0.806382	8.668116000000001	-0.10821041362364843	0.010471975511965976	0.10122909661567112	-0.5973	0.0939	-0.9928
509.0	6.536403	0.40417200000000003	8.563149000000001	-0.0471238898038469	-0.006981317007977318	0.05759586531581287	-0.6004	0.093	-0.9923
509.99999999999994	6.526593	0.287433	8.559225000000001	-0.0	0.020943951023931952	0.022689280275926284	-0.6022	0.0922	-0.9946
511.00000000000006	5.369013000000001	-0.352179	8.123661	0.05061454830783556	0.017453292519943295	0.003490658503988659	-0.6028	0.0918	-1.0005
512.0	5.1012	-0.6906240000000001	8.18154	0.05585053606381855	0.027925268031909273	-0.015707963267948967	-0.6032	0.0922	-1.0058
513.0	5.206167	-0.759294	8.126604	0.0890117918517108	0.041887902047863905	-0.029670597283903602	-0.6036	0.0931	-1.012
514.0	5.319963	-0.8103060000000001	8.064801000000001	0.07853981633974483	0.08377580409572781	-0.03490658503988659	-0.6044	0.0938	-1.0252
515.0	5.3964810000000005	-0.779895	8.076573000000002	0.08377580409572781	0.10821041362364843	-0.048869219055841226	-0.6045	0.0945	-1.0332
516.0	5.344488	-0.7857810000000001	8.045181000000001	0.07330382858376185	0.13788101090755203	-0.04537856055185257	-0.6047	0.0949	-1.0435
517.0	5.390595	-0.8309070000000001	8.050086	0.07853981633974483	0.15358897417550102	-0.061086523819801536	-0.6045	0.0945	-1.047
518.0	5.389614	-0.793629	8.052048000000001	0.06632251157578452	0.15009831567151233	-0.054105206811824215	-0.6038	0.0932	-1.0503
519.0	5.397462000000001	-0.724959	8.080497000000001	0.05061454830783556	0.15358897417550102	-0.05235987755982989	-0.6025	0.0924	-1.05
520.0	5.384709000000001	-0.65727	8.11287	0.05759586531581287	0.11344640137963143	-0.05759586531581287	-0.6011	0.0914	-1.0488
521.0	5.3964810000000005	-0.6180300000000001	8.145243	0.06283185307179587	0.09075712110370514	-0.054105206811824215	-0.6007	0.0911	-1.0487
522.0	5.407272000000001	-0.577809	8.176635000000001	0.08028514559173916	0.05759586531581287	-0.06632251157578452	-0.5994	0.0901	-1.05
523.0	5.402367	-0.558189	8.205084000000001	0.07679448708775051	0.061086523819801536	-0.05235987755982989	-0.5987	0.0886	-1.0523
524.0	5.3935379999999995	-0.531702	8.2404	0.07330382858376185	0.03316125578789226	-0.05585053606381855	-0.5976	0.0875	-1.0486
525.0	5.374899000000001	-0.49736700000000006	8.265906000000001	0.0471238898038469	0.041887902047863905	-0.04014257279586958	-0.597	0.0859	-1.0477
526.0	5.356260000000001	-0.47284200000000004	8.28945	0.038397243543875255	0.03316125578789226	-0.04014257279586958	-0.597	0.0852	-1.043
527.0	5.333697	-0.453222	8.29926	0.024434609527920613	0.03316125578789226	-0.020943951023931952	-0.5965	0.0839	-1.0419
528.0	5.323887	-0.446355	8.296317	0.012217304763960306	0.038397243543875255	-0.006981317007977318	-0.5957	0.083	-1.0377
529.0	5.311134	-0.43262100000000003	8.278659000000001	0.010471975511965976	0.04363323129985824	-0.012217304763960306	-0.5956	0.0819	-1.0366
530.0	5.284647	-0.43360200000000004	8.246286000000001	0.019198621771937627	0.05759586531581287	-0.024434609527920613	-0.5958	0.0809	-1.0357
531.0	5.254236	-0.44929800000000003	8.225685	0.027925268031909273	0.054105206811824215	-0.34033920413889424	-0.5955	0.0796	-1.0332
532.0	5.223825	-0.46695600000000004	8.197236	0.04014257279586958	0.08377580409572781	-0.04537856055185257	-0.5951	0.0783	-1.0328
533.0	5.194395	-0.46205100000000005	8.180559	0.06806784082777885	0.1064650843716541	-0.06283185307179587	-0.5951	0.0774	-1.0317
534.0	5.168889000000001	-0.46401300000000006	8.17173	0.048869219055841226	0.10471975511965978	-0.04537856055185257	-0.5945	0.0761	-1.0331
535.0	5.146326	-0.46695600000000004	8.176635000000001	0.05759586531581287	0.07504915783575616	-0.048869219055841226	-0.5939	0.0754	-1.0332
536.0	5.127687000000001	-0.46008899999999997	8.190369	0.04537856055185257	0.07853981633974483	-0.03316125578789226	-0.5926	0.0739	-1.0326
537.0	5.116896	-0.44929800000000003	8.211951	0.031415926535897934	0.041887902047863905	-0.026179938779914945	-0.592	0.0733	-1.0327
538.0	5.118858	-0.45027900000000004	8.231571	0.008726646259971648	0.04537856055185257	-0.017453292519943295	-0.5916	0.0724	-1.0338
539.0	5.128668000000001	-0.422811	8.257077	0.0017453292519943296	0.013962634015954637	-0.010471975511965976	-0.5911	0.0716	-1.0356
540.0	5.145345	-0.39926700000000004	8.288469000000001	-0.019198621771937627	0.006981317007977318	0.010471975511965976	-0.5902	0.0707	-1.0374
541.0	5.155155	-0.374742	8.310051	-0.015707963267948967	-0.012217304763960306	0.008726646259971648	-0.5896	0.0703	-1.04
542.0	5.167908000000001	-0.35904600000000003	8.3385	-0.019198621771937627	-0.017453292519943295	0.012217304763960306	-0.589	0.0704	-1.0411
543.0	5.183604	-0.351198	8.351253	-0.0017453292519943296	-0.03665191429188092	-0.012217304763960306	-0.5886	0.0701	-1.0429
544.0	5.200281	-0.358065	8.356158	-0.017453292519943295	-0.041887902047863905	0.005235987755982988	-0.5883	0.07	-1.0407
545.0	5.218920000000001	-0.35021700000000006	8.347329	-0.010471975511965976	-0.03490658503988659	0.012217304763960306	-0.5885	0.07	-1.0407
546.0	5.234616	-0.364932	8.327709	-0.008726646259971648	-0.031415926535897934	0.003490658503988659	-0.5885	0.07	-1.0406
547.0	5.249331000000001	-0.393381	8.298279	0.008726646259971648	-0.026179938779914945	0.0	-0.5886	0.07	-1.0405
548.0	5.262084	-0.39926700000000004	8.27964	0.008726646259971648	-0.003490658503988659	0.012217304763960306	-0.5893	0.0701	-1.0402
549.0	5.273856	-0.413001	8.258058	0.005235987755982988	-0.0017453292519943296	0.013962634015954637	-0.5895	0.0701	-1.0397
550.0	5.287590000000001	-0.41202000000000005	8.238438	-0.005235987755982988	0.013962634015954637	0.015707963267948967	-0.5896	0.0702	-1.0397
551.0	5.309172	-0.394362	8.225685	-0.012217304763960306	0.015707963267948967	0.026179938779914945	-0.5902	0.0704	-1.0393
552.0	5.326830000000001	-0.37081800000000004	8.213913000000002	-0.0017453292519943296	0.015707963267948967	0.038397243543875255	-0.5908	0.0701	-1.0386
553.0	5.329773	-0.364932	8.205084000000001	-0.017453292519943295	0.020943951023931952	0.03665191429188092	-0.5908	0.0703	-1.0385
554.0	5.319963	-0.36297	8.208027000000001	-0.008726646259971648	0.005235987755982988	0.03316125578789226	-0.5912	0.0707	-1.0385
555.0	5.311134	-0.364932	8.208027000000001	-0.029670597283903602	0.024434609527920613	0.048869219055841226	-0.5911	0.0706	-1.0382
556.0	5.299362	-0.358065	8.21097	-0.022689280275926284	0.027925268031909273	0.04537856055185257	-0.591	0.0706	-1.0386
557.0	5.282685	-0.36297	8.219799	-0.03490658503988659	0.015707963267948967	0.05759586531581287	-0.5914	0.0708	-1.0383
558.0	5.264046	-0.37376100000000007	8.226666	-0.029670597283903602	0.022689280275926284	0.054105206811824215	-0.5907	0.0717	-1.0375
559.0	5.247369000000001	-0.39926700000000004	8.234514	-0.038397243543875255	0.017453292519943295	0.048869219055841226	-0.5906	0.072	-1.0349
560.0	5.235596999999999	-0.42379200000000006	8.236476	-0.024434609527920613	0.012217304763960306	0.038397243543875255	-0.5902	0.0721	-1.0298
561.0	5.226768000000001	-0.443412	8.2404	-0.027925268031909273	0.020943951023931952	0.041887902047863905	-0.5901	0.072	-1.0231
562.0	5.216958000000001	-0.453222	8.239419	-0.026179938779914945	0.010471975511965976	0.027925268031909273	-0.5898	0.0724	-1.0155
563.0	5.214015	-0.46107000000000004	8.241381	-0.012217304763960306	0.015707963267948967	0.019198621771937627	-0.5902	0.0731	-1.0081
564.0	5.2081290000000005	-0.48069000000000006	8.238438	-0.003490658503988659	0.012217304763960306	0.019198621771937627	-0.5905	0.0733	-1.0035
565.0	5.202243	-0.50031	8.241381	-0.019198621771937627	0.010471975511965976	0.031415926535897934	-0.5909	0.0737	-1.0012
566.0	5.202243	-0.5140440000000001	8.244324	0.006981317007977318	-0.015707963267948967	0.0017453292519943296	-0.5917	0.0742	-1.0007
567.0	5.205186	-0.513063	8.243343000000001	-0.008726646259971648	0.012217304763960306	0.017453292519943295	-0.5922	0.0749	-1.0022
568.0	5.210091	-0.508158	8.2404	0.005235987755982988	-0.006981317007977318	0.019198621771937627	-0.5929	0.0746	-1.0042
569.0	5.216958000000001	-0.50031	8.239419	-0.022689280275926284	0.015707963267948967	0.024434609527920613	-0.5934	0.0752	-1.0077
570.0	5.219901	-0.48951900000000004	8.2404	-0.008726646259971648	0.0	0.012217304763960306	-0.5943	0.0758	-1.0143
571.0	5.222844	-0.48559500000000005	8.2404	-0.008726646259971648	-0.005235987755982988	0.010471975511965976	-0.5934	0.0764	-1.0221
572.0	5.224806	-0.48951900000000004	8.238438	-0.012217304763960306	0.013962634015954637	0.027925268031909273	-0.5927	0.0775	-1.0315
573.0	5.227749000000001	-0.49540500000000004	8.231571	0.003490658503988659	0.006981317007977318	0.020943951023931952	-0.5923	0.0776	-1.0391
574.0	5.236578000000001	-0.49540500000000004	8.218818	-0.003490658503988659	0.017453292519943295	0.010471975511965976	-0.5927	0.078	-1.0419
575.0	5.241483000000001	-0.496386	8.21097	0.013962634015954637	0.027925268031909273	0.0017453292519943296	-0.5924	0.078	-1.0404
576.0	5.240502	-0.498348	8.204103000000002	0.029670597283903602	0.017453292519943295	-0.0017453292519943296	-0.5922	0.0778	-1.0353
577.0	5.232654	-0.5042340000000001	8.209989	0.020943951023931952	0.019198621771937627	-0.003490658503988659	-0.5917	0.0773	-1.0275
578.0	5.226768000000001	-0.5140440000000001	8.214894000000001	0.015707963267948967	0.024434609527920613	-0.010471975511965976	-0.5924	0.0775	-1.0205
579.0	5.219901	-0.523854	8.213913000000002	0.010471975511965976	0.024434609527920613	-0.015707963267948967	-0.5918	0.0773	-1.0155
580.0	5.214996	-0.5366070000000001	8.218818	0.024434609527920613	0.012217304763960306	-0.020943951023931952	-0.5922	0.077	-1.0117
581.0	5.204205	-0.5523030000000001	8.224704000000001	0.03316125578789226	0.019198621771937627	-0.020943951023931952	-0.593	0.0768	-1.0111
582.0	5.200281	-0.5523030000000001	8.23059	0.04537856055185257	0.006981317007977318	-0.03316125578789226	-0.5946	0.0758	-1.0119
583.0	5.18949	-0.547398	8.242362	0.048869219055841226	0.006981317007977318	-0.031415926535897934	-0.595	0.0752	-1.0138
584.0	5.178699000000001	-0.545436	8.291412	0.05585053606381855	-0.010471975511965976	-0.04537856055185257	-0.5955	0.0747	-1.0181
585.0	5.159079	-0.5817330000000001	8.365968	0.027925268031909273	-0.06806784082777885	-0.05759586531581287	-0.5958	0.0742	-1.0237
586.0	5.135535	-0.659232	8.406189000000001	0.09075712110370514	-0.14835298641951802	-0.08726646259971647	-0.597	0.074	-1.0311
587.0	5.129649000000001	-0.6827759999999999	8.413056000000001	0.15358897417550102	-0.1710422666954443	-0.12217304763960307	-0.5977	0.0736	-1.0374
588.0	5.13063	-0.6337260000000001	8.432676	0.13264502315156904	-0.21118483949131386	-0.11693705988362008	-0.5981	0.0723	-1.0423
589.0	5.102181000000001	-0.641574	8.491536	0.1291543646475804	-0.28623399732707	-0.14486232791552936	-0.5992	0.071	-1.0498
590.0	5.069808000000001	-0.6955290000000001	8.566092	0.1413716694115407	-0.3385938748868999	-0.17278759594743864	-0.6001	0.07	-1.055
591.0	5.033511	-0.6258779999999999	8.667135	0.13788101090755203	-0.4520402762665313	-0.20769418098732523	-0.6014	0.0681	-1.056
592.0	4.9717080000000005	-0.613125	8.804475	-0.09250245035569947	-0.6527531402458793	-0.23736477827122882	-0.6029	0.0662	-1.0533
593.0	4.960917	-0.41888700000000006	8.934948	-0.054105206811824215	-0.8656833089891874	-0.16406094968746698	-0.6053	0.0636	-1.051
594.0	4.961898000000001	-0.33844500000000005	9.007542	-0.012217304763960306	-1.08035880698449	-0.09250245035569947	-0.6077	0.0619	-1.0466
595.0	4.959936000000001	-0.208953	9.057573000000001	-0.020943951023931952	-1.2583823906879115	-0.03665191429188092	-0.6113	0.0604	-1.0413
596.0	4.989366	-0.05297400000000001	9.122319	-0.017453292519943295	-1.4503686084072878	0.003490658503988659	-0.6151	0.0585	-1.0345
597.0	5.019777	0.024525	9.197856	-0.024434609527920613	-1.5236724369910497	0.020943951023931952	-0.621	0.0566	-1.0276
598.0	5.034492	-0.036297	9.25083	0.010471975511965976	-1.6982053621904827	0.015707963267948967	-0.6279	0.0556	-1.02
599.0	5.094333	-0.08829	9.245925	0.03490658503988659	-1.8413223608540177	-0.03316125578789226	-0.6356	0.0542	-1.0063
600.0	5.17968	-0.10692900000000001	9.203742	0.08203047484373349	-1.9774580425095754	-0.12740903539558607	-0.6449	0.0525	-0.9907
601.0	5.288571	-0.23642100000000002	9.1233	0.07679448708775051	-2.0664698343612864	-0.2234021442552742	-0.655	0.0515	-0.9741
602.0	5.463189	-0.32373	8.982036	0.07853981633974483	-2.234021442552742	-0.3438298626428829	-0.6661	0.0498	-0.9553
603.0	5.577966	-0.5944860000000001	8.846658000000001	0.08726646259971647	-2.291617307868555	-0.4328416544945937	-0.6773	0.0486	-0.9349
604.0	5.740812000000001	-0.75537	8.713242000000001	0.143116998663535	-2.4015730507441972	-0.4939281783143953	-0.6897	0.0465	-0.9095
605.0	5.887962	-0.9142920000000001	8.575902000000001	0.2303834612632515	-2.4696408915719763	-0.6265732014659643	-0.702	0.0432	-0.8859
606.0	6.040998	-1.048689	8.44641	0.2844886680750757	-2.5569073541716927	-0.7417649320975901	-0.7148	0.0395	-0.8596
607.0	6.2558370000000005	-1.138941	8.305146	0.22689280275926285	-2.5743606466916362	-0.8464846872172498	-0.7286	0.0346	-0.8291
608.0	6.558966	-1.1713140000000002	8.17173	0.15358897417550102	-2.5499260371637154	-0.9285151620609834	-0.7413	0.0272	-0.7997
609.0	6.851304000000001	-1.19682	8.047143	0.07853981633974483	-2.485348854839925	-0.9826203688728075	-0.7545	0.0194	-0.7678
610.0	7.2270270000000005	-1.159542	7.9490430000000005	0.029670597283903602	-2.405063709248186	-0.9948376736367679	-0.7663	0.0101	-0.7346
611.0	7.516422	-1.166409	7.8117030000000005	-0.05061454830783556	-2.2951079663725436	-1.0192722831646885	-0.7781	-0.0003	-0.7009
612.0	7.833285	-1.082043	7.701831	-0.2234021442552742	-2.1746802479849343	-1.0663961729685354	-0.7884	-0.0111	-0.6685
613.0	8.036352	-1.024164	7.557624000000001	-0.4241150082346221	-2.0856684561332237	-1.1205013797803596	-0.7984	-0.0224	-0.6345
614.0	8.085402	-0.9211590000000001	7.473258	-0.7382742735936013	-1.9146261894377796	-1.2042771838760873	-0.8063	-0.0354	-0.6053
615.0	7.964739	-0.8377740000000001	7.550757000000001	-1.090830782496456	-1.4992378274631293	-1.4224433403753787	-0.8141	-0.0487	-0.5745
616.0	7.542909000000001	-0.7651800000000001	7.890183	-1.2636183784438948	-0.8115781021773633	-1.9949113350295187	-0.8196	-0.0632	-0.547
617.0	7.253514	-0.601353	8.401284	-1.5725416560468908	-0.317649923862968	-2.2689280275926285	-0.8224	-0.0791	-0.5266
618.0	6.852285	-0.583695	8.996751000000001	-1.75754655675829	0.8674286382411819	-2.530727415391778	-0.8234	-0.0964	-0.5085
619.0	6.242103	-0.7328070000000001	9.499023000000001	-1.541125729510993	1.6458454846306527	-2.6232298657474775	-0.822	-0.1153	-0.4975
620.0	5.3582220000000005	-0.95157	9.844335000000001	-1.361356816555577	2.0856684561332237	-2.4556782575560216	-0.8186	-0.135	-0.4929
621.0	4.4861130000000005	-1.101663	10.140597000000001	-1.3281955607676847	2.303834612632515	-2.0106192982974678	-0.8134	-0.1556	-0.4948
622.0	3.5257140000000002	-1.3635900000000003	10.365246	-1.270599695451872	2.413790355508158	-1.3281955607676847	-0.8063	-0.1763	-0.5032
623.0	2.6693010000000004	-1.635327	10.569294	-1.2147491593880533	2.426007660272118	-0.9442231253289323	-0.7982	-0.1966	-0.5181
624.0	1.7658	-1.870767	10.628154	-1.160643952576229	2.2113321622768156	-0.061086523819801536	-0.7899	-0.2147	-0.5378
625.0	1.024164	-1.9924110000000002	10.4967	-1.3124875974997359	1.778490507782222	0.8848819307611251	-0.781	-0.2293	-0.5614
626.0	0.778914	-2.1454470000000003	10.189647	-1.281071670963838	1.6022122533307945	1.8413223608540177	-0.7723	-0.2402	-0.588
627.0	0.5709420000000001	-2.527056	9.848259	-0.905825881785057	1.7086773377024487	2.6179938779914944	-0.7655	-0.2434	-0.6168
628.0	0.535626	-2.7968310000000005	9.490194	-0.4241150082346221	1.9442967867216832	3.13635666583381	-0.76	-0.2389	-0.6457
629.0	0.761256	-2.7477810000000003	9.249849	-0.1117010721276371	2.1362830044410597	3.3894294073729876	-0.7561	-0.2277	-0.6742
630.0	1.187991	-2.553543	9.184122	-0.048869219055841226	2.2322761133007476	3.4191000046568916	-0.7537	-0.2103	-0.7023
631.0	1.835451	-2.363229	9.251811000000002	0.08377580409572781	2.4347343065320897	3.300417615521277	-0.752	-0.1867	-0.7301
632.0	2.5368660000000003	-2.1631050000000003	9.410733	0.2565634000431664	2.7296949501191317	3.0525808617380825	-0.7507	-0.1577	-0.7576
633.0	3.2873310000000004	-1.9109880000000001	9.627534	0.40840704496667307	2.9792770331543204	2.722713633111154	-0.7497	-0.1262	-0.7832
634.0	4.204566	-1.7295030000000002	9.931644	0.4363323129985824	3.1956978604016175	2.441715623540067	-0.7474	-0.0918	-0.8078
635.0	5.196357	-1.670643	10.25145	0.4118977034706618	3.3353242005611636	2.1956241990088667	-0.7433	-0.0568	-0.8316
636.0	5.988024000000001	-1.634346	10.469232	0.3612831551628262	3.392920065876977	2.1101030656611446	-0.7379	-0.0214	-0.8544
637.0	6.567795	-1.5342840000000002	10.546731	0.28623399732707	3.4435346141848124	1.9303341527057283	-0.7285	0.0108	-0.8783
638.0	7.03377	-1.4057730000000002	10.524168	0.19024088846738194	3.4016467121369485	1.7802358370342162	-0.7162	0.0412	-0.9048
639.0	7.471296000000001	-1.4234310000000001	10.464327	0.031415926535897934	3.2934362985132997	1.6249015336067207	-0.7016	0.0695	-0.9342
640.0	7.942176	-1.5480180000000001	10.352492999999999	-0.1954768762233649	3.113667385557884	1.4660765716752369	-0.6841	0.095	-0.9665
641.0	8.335557	-1.6431750000000003	10.151388	-0.4939281783143953	2.907718533822553	1.345648853287628	-0.6642	0.1188	-1.001
642.0	8.693622	-1.6765290000000002	9.806076000000001	-0.7993607974134029	2.5830872929516078	1.2461650859239515	-0.6429	0.1409	-1.0352
643.0	8.971245	-1.567638	9.275355000000001	-0.9075712110370514	2.3753931119642826	1.1955505376161157	-0.6195	0.1629	-1.0696
644.0	9.191970000000001	-1.208592	8.645553	-1.0018189906447452	1.7767451785302275	1.1205013797803596	-0.5959	0.184	-1.1036
645.0	9.517662	-0.835812	7.999074	-1.02799892942466	1.08035880698449	0.9093165402890457	-0.5728	0.2043	-1.1365
646.0	9.997371	-0.351198	7.332975000000001	-0.7400196028455958	0.5689773361501514	0.45029494701453704	-0.5505	0.2237	-1.1684
647.0	10.590876	0.182466	6.5785860000000005	-0.47647488579445196	0.3438298626428829	-0.158824961931484	-0.5302	0.2426	-1.1967
648.0	11.208906	0.6847380000000001	5.726097	-0.3159045946109737	0.22514747350726852	-0.8796459430051421	-0.5128	0.2587	-1.2187
649.0	11.730798	1.200744	4.802976	-0.30019663134302466	0.1710422666954443	-1.2444197566719568	-0.4975	0.2724	-1.2333
650.0	12.08592	1.7098830000000003	3.9200760000000003	-0.38222710618675815	-0.048869219055841226	-1.8343410438460404	-0.4857	0.2841	-1.2406
651.0	12.267405	2.0816820000000003	3.152934	-0.5393067388662478	-0.32812189937493397	-2.1485003092050197	-0.4766	0.2917	-1.2404
652.0	12.379239	2.294559	2.593764	-0.5410520681182421	-0.5689773361501514	-2.2444934180647076	-0.4718	0.2958	-1.2354
653.0	12.462624	2.243547	2.289654	-0.3717551306747922	-0.7417649320975901	-2.1467549799530254	-0.4704	0.2966	-1.2295
654.0	12.476358000000001	1.881558	2.168991	-0.1413716694115407	-0.9302604913129776	-1.8989182261698305	-0.4724	0.2938	-1.2234
655.0	12.258576000000001	1.4950440000000003	2.130732	0.07504915783575616	-1.0995574287564276	-1.5219271077390555	-0.4761	0.287	-1.218
656.0	11.741589000000001	1.048689	2.191554	0.143116998663535	-1.1693705988362009	-1.2915436464758039	-0.4823	0.2783	-1.2134
657.0	10.978371000000001	0.600372	2.447595	0.17453292519943295	-1.2897983172238097	-0.8080874436733745	-0.4905	0.2669	-1.2081
658.0	10.061136000000001	0.15499800000000002	2.9008170000000004	0.14835298641951802	-1.3596114873035827	-0.3543018381548489	-0.5007	0.2563	-1.2034
659.0	9.104661	-0.315882	3.507075	0.22689280275926285	-1.3700834628155487	0.005235987755982988	-0.5124	0.2457	-1.199
660.0	6.892506	-1.2399840000000002	4.930506	0.6056292504420324	-1.3264502315156905	0.35779249665883756	-0.5243	0.2364	-1.195
661.0	5.3631269999999995	-2.363229	7.052409	1.5585790220309363	-1.1135200627723822	0.1308996938995747	-0.5376	0.2281	-1.1917
662.0	3.3275520000000003	-1.9080450000000002	7.446771	1.5062191444711064	-1.3526301702956054	0.5253441048502933	-0.5507	0.2202	-1.188
663.0	2.655567	-1.531341	7.5242700000000005	0.6073745796940266	-3.569198320328404	0.3385938748868999	-0.5649	0.2135	-1.1789
664.0	2.083644	-1.092834	7.53408	0.6073745796940266	-3.569198320328404	0.3385938748868999	-0.5777	0.2081	-1.1687
665.0	4.381146	-1.445994	8.759349	1.3735741213195374	-0.7819075048934596	-1.0786134777324956	-0.5948	0.2029	-1.1538
666.0	4.104504	-1.289034	8.888841000000001	0.7993607974134029	-0.17976891295541594	-0.5235987755982988	-0.6105	0.1967	-1.1349
667.0	4.477284	-0.467937	9.637344	0.3490658503988659	0.1117010721276371	-0.23212879051524585	-0.6248	0.1911	-1.1201
668.0	4.329153000000001	-0.241326	9.846297000000002	0.11344640137963143	-0.07679448708775051	-0.12042771838760874	-0.6372	0.1853	-1.1034
669.0	4.43412	-0.261927	9.995409	0.09948376736367678	0.020943951023931952	-0.08552113334772216	-0.6477	0.1794	-1.0891
670.0	5.838912	0.37179900000000005	9.359721	0.1413716694115407	-0.0017453292519943296	-0.14486232791552936	-0.6578	0.1727	-1.0766
671.0	6.706116000000001	1.162485	7.912746	0.16929693744344995	0.015707963267948967	-0.15184364492350666	-0.6662	0.1662	-1.0651
672.0	8.207046	0.522873	8.140338	0.23736477827122882	0.0715584993317675	-0.18675022996339324	-0.6731	0.1603	-1.0555
673.0	8.355177000000001	0.09711900000000001	8.617104	0.2722713633111154	0.08552113334772216	-0.19896753472735357	-0.678	0.1545	-1.0505
674.0	8.504289	-0.290376	9.101718	0.28099800957108706	0.08552113334772216	-0.1954768762233649	-0.6838	0.1479	-1.0458
675.0	5.837931	0.138321	8.327709	0.2722713633111154	0.08028514559173916	-0.1884955592153876	-0.6835	0.1428	-1.0451
676.0	5.841855000000001	0.031392	8.606313	0.27401669256310973	0.027925268031909273	-0.1954768762233649	-0.6842	0.1384	-1.0472
677.0	5.31702	-0.75537	8.162901	0.25481807079117214	0.015707963267948967	-0.19896753472735357	-0.6841	0.134	-1.0433
678.0	5.440626	-0.9191970000000002	8.190369	0.30194196059501904	0.026179938779914945	-0.21642082724729686	-0.6842	0.1295	-1.0458
679.0	5.430816	-0.788724	8.219799	0.28623399732707	0.048869219055841226	-0.22689280275926285	-0.6843	0.125	-1.0438
680.0	5.491638	-0.792648	8.206065	0.26878070480712674	0.031415926535897934	-0.21118483949131386	-0.6836	0.1209	-1.0451
681.0	5.505372	-0.641574	8.247267	0.20769418098732523	0.054105206811824215	-0.16580627893946132	-0.6832	0.1164	-1.0455
682.0	5.450436	-0.531702	8.250210000000001	0.19373154697137057	0.05235987755982989	-0.15533430342749532	-0.6823	0.1116	-1.0444
683.0	5.458284	-0.482652	8.248248	0.16057029118347832	0.06283185307179587	-0.13439035240356337	-0.6822	0.1069	-1.0456
684.0	5.458284	-0.458127	8.241381	0.13264502315156904	0.06632251157578452	-0.12566370614359174	-0.6807	0.1027	-1.0447
685.0	5.490657	-0.438507	8.226666	0.12391837689159739	0.07504915783575616	-0.10297442586766545	-0.6804	0.0983	-1.0432
686.0	5.532839999999999	-0.393381	8.19135	0.1291543646475804	0.059341194567807204	-0.10297442586766545	-0.6788	0.0945	-1.0415
687.0	5.547555	-0.30999600000000005	8.180559	0.10471975511965978	0.07504915783575616	-0.08377580409572781	-0.6779	0.0915	-1.0426
688.0	5.524011000000001	-0.180504	8.187426	0.08726646259971647	0.05585053606381855	-0.061086523819801536	-0.6763	0.0884	-1.0402
689.0	5.488695	-0.039240000000000004	8.199198	0.05585053606381855	0.05759586531581287	-0.048869219055841226	-0.6757	0.0856	-1.0418
690.0	5.435721000000001	0.031392	8.209989	0.026179938779914945	0.04363323129985824	-0.012217304763960306	-0.6749	0.083	-1.0396
691.0	5.387652	0.024525	8.209989	-0.019198621771937627	0.054105206811824215	0.005235987755982988	-0.6743	0.0811	-1.0385
692.0	5.353317	0.009810000000000001	8.209008	-0.005235987755982988	0.03316125578789226	0.006981317007977318	-0.6737	0.0801	-1.0391
693.0	5.328792000000001	0.025506	8.209008	-0.005235987755982988	0.03316125578789226	0.006981317007977318	-0.6725	0.0789	-1.0373
694.0	5.308191000000001	-0.003924	8.206065	0.024434609527920613	0.0645771823237902	-0.005235987755982988	-0.6717	0.0776	-1.0375
695.0	5.286609	-0.030411	8.205084000000001	0.026179938779914945	0.0645771823237902	-0.013962634015954637	-0.6709	0.0771	-1.0379
696.0	5.270913	-0.057879	8.225685	0.05061454830783556	0.04537856055185257	-0.03316125578789226	-0.6703	0.0765	-1.0384
697.0	5.244426	-0.13439700000000002	8.238438	0.059341194567807204	0.03316125578789226	-0.04537856055185257	-0.6702	0.0758	-1.0383
698.0	5.222844	-0.24034500000000003	8.243343000000001	0.10471975511965978	0.006981317007977318	-0.0645771823237902	-0.6701	0.0753	-1.0381
699.0	5.210091	-0.352179	8.235495	0.1117010721276371	0.026179938779914945	-0.0942477796076938	-0.6696	0.075	-1.0379
700.0	5.2081290000000005	-0.46891800000000006	8.219799	0.14835298641951802	0.04363323129985824	-0.11868238913561441	-0.669	0.0742	-1.0375
701.0	5.204205	-0.493443	8.213913000000002	0.11693705988362008	0.06806784082777885	-0.10821041362364843	-0.6689	0.0731	-1.0382
702.0	5.2032240000000005	-0.476766	8.211951	0.12391837689159739	0.0471238898038469	-0.10995574287564276	-0.6686	0.0713	-1.0381
703.0	5.212053	-0.446355	8.209989	0.09250245035569947	0.06283185307179587	-0.07853981633974483	-0.6685	0.0699	-1.0389
704.0	5.218920000000001	-0.38749500000000003	8.213913000000002	0.09250245035569947	0.05759586531581287	-0.06806784082777885	-0.6681	0.0685	-1.0396
705.0	5.226768000000001	-0.319806	8.219799	0.054105206811824215	0.06981317007977318	-0.04363323129985824	-0.6679	0.0668	-1.0401
706.0	5.237559000000001	-0.25506	8.221761	0.038397243543875255	0.048869219055841226	-0.03316125578789226	-0.6676	0.0651	-1.0397
707.0	5.261103	-0.17167500000000002	8.221761	0.027925268031909273	0.06283185307179587	-0.019198621771937627	-0.6664	0.0634	-1.038
708.0	5.290533	-0.10594800000000001	8.221761	0.024434609527920613	0.04014257279586958	-0.015707963267948967	-0.6659	0.0622	-1.0343
709.0	5.30721	-0.046107	8.23059	0.008726646259971648	0.041887902047863905	-0.005235987755982988	-0.6653	0.0607	-1.0288
710.0	5.311134	0.003924	8.245305	0.029670597283903602	0.020943951023931952	-0.015707963267948967	-0.6649	0.0597	-1.0222
711.0	5.304267	0.017658	8.252172	0.031415926535897934	0.022689280275926284	-0.012217304763960306	-0.6648	0.0589	-1.0142
712.0	5.2718940000000005	-0.002943	8.267868	0.031415926535897934	0.012217304763960306	-0.019198621771937627	-0.6649	0.0582	-1.0085
713.0	5.234616	-0.047088	8.280621	0.013962634015954637	0.019198621771937627	-0.020943951023931952	-0.6653	0.0574	-1.0048
714.0	5.215977	-0.08142300000000001	8.277678	0.03316125578789226	0.024434609527920613	-0.031415926535897934	-0.6654	0.057	-1.0027
715.0	5.205186	-0.120663	8.268849	0.019198621771937627	0.031415926535897934	-0.026179938779914945	-0.6655	0.057	-1.0023
716.0	5.197338000000001	-0.139302	8.256096000000001	0.04537856055185257	0.03665191429188092	-0.029670597283903602	-0.6653	0.0564	-1.0037
717.0	5.191452	-0.148131	8.249229	0.024434609527920613	0.059341194567807204	-0.020943951023931952	-0.6658	0.056	-1.0068
718.0	5.185566	-0.132435	8.239419	0.026179938779914945	0.05061454830783556	-0.027925268031909273	-0.6661	0.056	-1.0122
719.0	5.181642	-0.11673900000000001	8.236476	0.024434609527920613	0.05235987755982989	-0.015707963267948967	-0.6662	0.0553	-1.019
720.0	5.17968	-0.10398600000000001	8.2404	0.008726646259971648	0.059341194567807204	-0.003490658503988659	-0.6655	0.0546	-1.0277
721.0	5.185566	-0.114777	8.244324	0.013962634015954637	0.05061454830783556	-0.015707963267948967	-0.6644	0.054	-1.0371
722.0	5.207148000000001	-0.10889100000000002	8.239419	0.026179938779914945	0.05759586531581287	-0.013962634015954637	-0.6631	0.0535	-1.043
723.0	5.2257869999999995	-0.089271	8.242362	0.03316125578789226	0.03490658503988659	-0.019198621771937627	-0.6622	0.0531	-1.0444
724.0	5.2257869999999995	-0.073575	8.253153000000001	0.013962634015954637	0.05759586531581287	-0.015707963267948967	-0.6617	0.0524	-1.0424
725.0	5.2257869999999995	-0.064746	8.261982	0.013962634015954637	0.05759586531581287	-0.015707963267948967	-0.661	0.0514	-1.0384
726.0	5.224806	-0.074556	8.264925	0.027925268031909273	0.024434609527920613	-0.012217304763960306	-0.6612	0.0511	-1.0309
727.0	5.2208820000000005	-0.08044200000000001	8.271792	0.038397243543875255	0.022689280275926284	-0.027925268031909273	-0.661	0.0505	-1.0245
728.0	5.217939	-0.10006200000000001	8.274735000000002	0.03316125578789226	0.041887902047863905	-0.027925268031909273	-0.6607	0.0495	-1.0203
729.0	5.212053	-0.121644	8.274735000000002	0.04537856055185257	0.04363323129985824	-0.04014257279586958	-0.6603	0.0496	-1.0183
730.0	5.194395	-0.155979	8.268849	0.03490658503988659	0.04537856055185257	-0.048869219055841226	-0.661	0.0493	-1.0182
731.0	5.17968	-0.17952300000000002	8.256096000000001	0.054105206811824215	0.05235987755982989	-0.0715584993317675	-0.6612	0.0491	-1.0191
732.0	5.163984	-0.197181	8.248248	0.07504915783575616	0.07853981633974483	-0.08726646259971647	-0.6619	0.0484	-1.0218
733.0	5.142402000000001	-0.24525000000000002	8.259039	0.09250245035569947	0.08028514559173916	-0.09948376736367678	-0.6619	0.0476	-1.0269
734.0	5.1267059999999995	-0.307053	8.277678	0.09948376736367678	0.07853981633974483	-0.14835298641951802	-0.662	0.0467	-1.0342
735.0	5.118858	-0.364932	8.296317	0.16231562043547265	0.05759586531581287	-0.16231562043547265	-0.6623	0.0459	-1.0416
736.0	5.105124	-0.398286	8.320842	0.20943951023931956	0.054105206811824215	-0.19896753472735357	-0.6618	0.0442	-1.0514
737.0	5.099238000000001	-0.381609	8.341443	0.23911010752322315	0.019198621771937627	-0.19896753472735357	-0.6614	0.0421	-1.062
738.0	5.097276	-0.311958	8.377740000000001	0.21118483949131386	-0.024434609527920613	-0.19896753472735357	-0.6612	0.0398	-1.0673
739.0	5.087466	-0.288414	8.432676	0.1954768762233649	-0.08552113334772216	-0.18675022996339324	-0.6612	0.0369	-1.073
740.0	5.089428000000001	-0.24721200000000002	8.503308	0.2565634000431664	-0.17278759594743864	-0.1954768762233649	-0.6606	0.0342	-1.0771
741.0	5.082561	-0.23053500000000002	8.585712000000001	0.2722713633111154	-0.2007128639793479	-0.20943951023931956	-0.6597	0.031	-1.0757
742.0	5.080599	-0.17756100000000002	8.687736000000001	0.32114058236695664	-0.30019663134302466	-0.23911010752322315	-0.6594	0.0278	-1.0742
743.0	5.092371	-0.125568	8.784855	0.317649923862968	-0.43982297150257105	-0.24958208303518914	-0.6598	0.024	-1.0708
744.0	5.099238000000001	-0.104967	8.891784	0.39968039870670147	-0.6108652381980153	-0.29496064358704166	-0.6599	0.02	-1.067
745.0	5.092371	-0.091233	9.007542	0.3909537524467298	-0.7993607974134029	-0.3961897402027128	-0.6612	0.0152	-1.0623
746.0	5.066865	-0.002943	9.190989	0.291469985083053	-1.1135200627723822	-0.4537856055185257	-0.6634	0.0108	-1.0568
747.0	5.05215	-0.009810000000000001	9.34893	0.3385938748868999	-1.3735741213195374	-0.5078908123303499	-0.666	0.0065	-1.0477
748.0	5.0580359999999995	-0.0981	9.461745	0.35779249665883756	-1.4660765716752369	-0.5462880558742251	-0.6697	0.0007	-1.0399
749.0	5.100219000000001	-0.18344700000000003	9.53532	0.43458698374658805	-1.6214108751027323	-0.6283185307179586	-0.6739	-0.0052	-1.028
750.0	5.148288000000001	-0.23544	9.55494	0.5637413483941683	-1.7558012275062955	-0.7260569688296411	-0.6803	-0.0126	-1.0127
751.0	5.214015	-0.24034500000000003	9.555921	0.6126105674500097	-1.8552849948699723	-0.8080874436733745	-0.6874	-0.0213	-0.9985
752.0	5.278761	-0.329616	9.519624	0.7243116395776468	-1.9512781037296605	-0.9128071987930343	-0.6954	-0.0305	-0.9858
753.0	5.335659000000001	-0.320787	9.44703	0.6719517620178169	-2.069960492865275	-1.0210176124166828	-0.7033	-0.0404	-0.9722
754.0	5.432778	-0.315882	9.356778	0.6632251157578453	-2.129301687433082	-1.08035880698449	-0.7123	-0.0512	-0.9504
755.0	5.5642320000000005	-0.356103	9.238077	0.6754424205218056	-2.1956241990088667	-1.2374384396639797	-0.7209	-0.0633	-0.9288
756.0	5.745717	-0.522873	9.049725	0.7051130178057091	-2.288126649364566	-1.436405974391333	-0.7301	-0.0772	-0.9001
757.0	5.9428980000000005	-0.726921	8.888841000000001	0.6544984694978736	-2.314306588144481	-1.663298777150596	-0.7391	-0.0957	-0.8697
758.0	6.143022	-0.87309	8.748558000000001	0.5427973973702365	-2.2933626371205493	-1.8762289458939043	-0.747	-0.1148	-0.8395
759.0	6.3245070000000005	-0.9221400000000001	8.578845000000001	0.3769911184307752	-2.218313479284793	-2.035053907825388	-0.755	-0.1358	-0.8071
760.0	6.440265	-0.925083	8.425809000000001	0.12042771838760874	-2.0961404316451895	-2.138028333693054	-0.7613	-0.1578	-0.7747
761.0	6.368652	-0.792648	8.339481	-0.12740903539558607	-2.0001473227855016	-2.1432643214490366	-0.7672	-0.1807	-0.7428
762.0	6.10182	-0.6749280000000001	8.39736	-0.6946410422937431	-1.7470745812463238	-1.9931660057775245	-0.7708	-0.2043	-0.7076
763.0	5.730021	-0.9221400000000001	8.590617	-0.9442231253289323	-1.3421581947836396	-1.4922565104551517	-0.7742	-0.228	-0.6734
764.0	5.559327	-1.3008060000000001	8.869221000000001	-1.0088003076527223	-0.6422811647339133	-0.6527531402458793	-0.7758	-0.2503	-0.6466
765.0	5.244426	-1.704978	9.21159	-0.8691739674931761	0.06283185307179587	-0.019198621771937627	-0.7766	-0.2706	-0.6209
766.0	4.768641	-2.059119	9.512757	-0.6562437987498679	0.6003932626860493	0.42062434973063345	-0.7761	-0.2876	-0.6039
767.0	4.129029	-2.1572190000000004	9.757026000000002	-0.6510078109938848	0.7766715171374766	0.5951572749300664	-0.7753	-0.2988	-0.591
768.0	3.4227090000000002	-2.097378	10.009143	-0.8656833089891874	1.043706892692609	0.895353906273091	-0.7743	-0.3059	-0.5811
769.0	2.750724	-2.007126	10.31031	-1.1414453308042916	1.3369222070276563	1.1239920382843482	-0.7729	-0.3088	-0.5767
770.0	2.188611	-2.005164	10.646793	-1.2967796342317868	1.6336281798666923	1.24965574442794	-0.7711	-0.3073	-0.5775
771.0	1.8236790000000003	-2.1807630000000002	10.922454	-1.233947781159991	1.8517943363659835	1.2915436464758039	-0.7695	-0.3012	-0.5829
772.0	1.688301	-2.287692	11.043117	-1.0873401239924672	2.0158552860534504	1.31423292675173	-0.768	-0.2915	-0.5929
773.0	1.69713	-2.0777579999999998	11.030364	-0.9389871375729493	2.097885760897184	1.3578661580515883	-0.7658	-0.2788	-0.6064
774.0	1.5342840000000002	-1.673586	10.931283	-0.8482300164692442	2.1240656996770992	1.3997540600994522	-0.7639	-0.264	-0.6229
775.0	1.570581	-1.187991	10.793943	-0.6562437987498679	2.1694442602289516	1.4922565104551517	-0.7622	-0.2466	-0.6412
776.0	1.830546	-0.717111	10.691919000000002	-0.4782202150464463	2.2148228207808045	1.5934856070708228	-0.7591	-0.2295	-0.6607
777.0	2.298483	-0.436545	10.644831	-0.36302848441482055	2.260201381332657	1.6877333866785167	-0.7555	-0.2105	-0.6824
778.0	2.843919	-0.358065	10.582047000000001	-0.26005405854715513	2.2375121010567303	1.736602605734358	-0.7513	-0.1918	-0.7043
779.0	3.3854310000000005	-0.37866600000000006	10.462365	-0.2059488517353309	2.199114857512855	1.7523105690023069	-0.7461	-0.1732	-0.727
780.0	3.923019	-0.40711500000000006	10.304424000000001	-0.19024088846738194	2.1485003092050197	1.7435839227423353	-0.74	-0.1551	-0.7498
781.0	4.461588	-0.41496299999999997	10.142559	-0.2181661564992912	2.0856684561332237	1.7278759594743862	-0.7333	-0.1376	-0.7724
782.0	4.9795560000000005	-0.437526	9.993447	-0.24434609527920614	1.986184688769547	1.6999506914424771	-0.726	-0.1201	-0.7921
783.0	5.4700560000000005	-0.47774700000000003	9.853164	-0.33161255787892263	1.8727382873899157	1.642354826126664	-0.7189	-0.1032	-0.8101
784.0	5.90562	-0.515025	9.704052	-0.4310963252425994	1.7715091907742444	1.6004669240788003	-0.7113	-0.087	-0.825
785.0	6.257799	-0.5366070000000001	9.538263	-0.48171087355043496	1.6929693744344996	1.556833692778942	-0.7035	-0.072	-0.8379
786.0	6.496182	-0.553284	9.352854	-0.5393067388662478	1.6336281798666923	1.5289084247470326	-0.6962	-0.0558	-0.8499
787.0	6.638427	-0.547398	9.143901000000001	-0.5323254218582705	1.5690509975429023	1.5166911199830724	-0.6888	-0.0409	-0.8621
788.0	6.725736	-0.501291	8.924157	-0.5235987755982988	1.4695672301792255	1.467821900927231	-0.6812	-0.0262	-0.8758
789.0	6.777729	-0.419868	8.720109	-0.5166174585903216	1.356120828799594	1.413716694115407	-0.6733	-0.0115	-0.891
790.0	6.791463	-0.301167	8.542548	-0.4991641660703783	1.2566370614359172	1.3334315485236679	-0.6658	0.0034	-0.9071
791.0	6.801273000000001	-0.174618	8.370873	-0.5270894341022875	1.1501719770642633	1.2583823906879115	-0.6582	0.0175	-0.9241
792.0	6.826779	-0.026487000000000004	8.195274000000001	-0.5619960191421741	1.0506882097005865	1.1571532940722404	-0.6503	0.0319	-0.9427
793.0	6.8787720000000006	0.138321	7.987302000000001	-0.6073745796940266	1.0053096491487339	1.0873401239924672	-0.6418	0.0462	-0.9616
794.0	6.969024000000001	0.36591300000000004	7.770501	-0.7016223593017206	0.8918632477691024	1.0524335389525807	-0.6339	0.0606	-0.9822
795.0	7.129908	0.621954	7.540947000000001	-0.905825881785057	0.8028514559173916	0.9965830028887622	-0.6255	0.0748	-1.0035
796.0	7.388892	0.8554320000000001	7.301583	-1.0332349171806432	0.6981317007977318	0.9651670763528641	-0.6161	0.0889	-1.0245
797.0	7.754805	1.062423	7.035731999999999	-1.0297442586766545	0.6632251157578453	0.8691739674931761	-0.6068	0.1032	-1.0429
798.0	8.206065	1.233117	6.742413000000001	-0.905825881785057	0.640535835481919	0.6859143960337715	-0.5979	0.1168	-1.0559
799.0	8.696565	1.3783050000000001	6.424569000000001	-0.7068583470577035	0.6213372137099813	0.38746309394274114	-0.5897	0.1303	-1.064
800.0	9.185103	1.5127020000000002	6.0468839999999995	-0.635299847725936	0.6108652381980153	0.20420352248333654	-0.582	0.143	-1.0674
801.0	9.632439	1.640232	5.628978	-0.4886921905584123	0.5166174585903216	-0.1780235837034216	-0.5737	0.1551	-1.0673
802.0	9.992466	1.7569710000000003	5.18949	-0.40840704496667307	0.4014257279586958	-0.5166174585903216	-0.5667	0.1651	-1.0664
802.9999999999999	10.234772999999999	1.8089640000000002	4.759812	-0.3385938748868999	0.20420352248333654	-0.7452555906015788	-0.5602	0.1732	-1.0669
803.9999999999999	10.377018000000001	1.751085	4.348773	-0.24434609527920614	-0.03316125578789226	-0.8534660042252271	-0.5542	0.1797	-1.0685
805.0000000000001	10.406448000000001	1.635327	3.985803	-0.09948376736367678	-0.2722713633111154	-0.8098327729253689	-0.5484	0.1842	-1.0707
806.0	10.292652	1.518588	3.6767880000000006	0.04537856055185257	-0.4939281783143953	-0.6387905062299246	-0.5447	0.1866	-1.0739
807.0	10.029744	1.4057730000000002	3.445272	0.13264502315156904	-0.6038839211900381	-0.5323254218582705	-0.5426	0.1867	-1.0768
808.0	9.642249	1.330236	3.307932	0.19722220547535926	-0.7871434926494426	-0.25481807079117214	-0.5419	0.1851	-1.0804
809.0	9.199818	1.246851	3.303027	0.20420352248333654	-0.9442231253289323	0.08028514559173916	-0.5423	0.1818	-1.0843
810.0	7.481106	0.20601000000000003	4.233015	1.281071670963838	-1.260127719939906	0.054105206811824215	-0.5435	0.1777	-1.0894
811.0	5.9634990000000005	0.051993000000000004	5.16987	1.5795229730548683	-1.6091935703387719	-0.06632251157578452	-0.5478	0.1723	-1.0959
811.9999999999999	4.63032	0.115758	5.577966	1.02799892942466	-2.8221974004748307	-0.05759586531581287	-0.5531	0.1653	-1.0962
813.0000000000001	4.504752	0.479709	6.207768000000001	0.6073745796940266	-3.162536604613725	-0.10297442586766545	-0.5609	0.1585	-1.0916
814.0	4.877532	0.6258779999999999	7.124022	0.26878070480712674	-2.663372438543347	-0.23387411976724015	-0.571	0.1517	-1.0796
815.0	5.914449	-0.057879	8.250210000000001	0.5794493116621174	-2.0437805540853597	-0.778416846389471	-0.5822	0.1449	-1.0686
816.0	6.794406	-0.9044820000000001	8.891784	0.9651670763528641	-0.23911010752322315	-0.5253441048502933	-0.594	0.1374	-1.0485
817.0	6.594282000000001	-0.974133	9.424467	0.8726646259971648	-0.5602506898901798	-0.5550147021341968	-0.6051	0.1294	-1.032
818.0	6.614883000000001	-0.455184	10.095471	0.5078908123303499	-0.13264502315156904	-0.3700098014227979	-0.6156	0.121	-1.0141
819.0	6.480486	-0.508158	10.473156000000001	0.2879793265790644	-0.08377580409572781	-0.23736477827122882	-0.6252	0.1125	-0.9971
819.9999999999999	7.576263	0.090252	9.955188	0.312413936106985	-0.027925268031909273	-0.24783675378319478	-0.6344	0.1032	-0.9802
821.0000000000001	8.556282	0.022563	9.548073	0.41713369122664473	-0.013962634015954637	-0.30019663134302466	-0.6419	0.0943	-0.962
822.0000000000001	9.413676	-0.229554	9.685413	0.3944444109507185	0.027925268031909273	-0.2879793265790644	-0.6484	0.0872	-0.9498
823.0	9.158616	-0.693567	9.65304	0.2844886680750757	0.08377580409572781	-0.20943951023931956	-0.6528	0.079	-0.9399
824.0	8.381664	-0.9613800000000001	9.33912	0.23212879051524585	0.07330382858376185	-0.15707963267948966	-0.6553	0.0713	-0.9354
825.0	6.966081	-0.40221	8.784855	0.16580627893946132	0.041887902047863905	-0.11519173063162574	-0.6563	0.0637	-0.9288
826.0	5.743755	0.32471099999999997	8.684793	0.1361356816555577	0.017453292519943295	-0.09948376736367678	-0.6566	0.0573	-0.931
827.0	5.67018	0.28645200000000004	8.669097	0.1361356816555577	0.017453292519943295	-0.09948376736367678	-0.6566	0.0521	-0.9295
827.9999999999999	5.463189	-0.44439300000000004	8.440524000000002	0.1117010721276371	0.027925268031909273	-0.10297442586766545	-0.6572	0.0478	-0.9318
828.9999999999999	5.435721000000001	-0.544455	8.438562	0.11868238913561441	0.03316125578789226	-0.10821041362364843	-0.6575	0.0438	-0.934
830.0000000000001	5.459265	-0.318825	8.467992	0.08377580409572781	0.06632251157578452	-0.08726646259971647	-0.6572	0.0397	-0.929
831.0	5.413158	-0.31392000000000003	8.427771	0.07330382858376185	0.06283185307179587	-0.06283185307179587	-0.6565	0.0366	-0.9295
832.0	5.354298	-0.346293	8.402265000000002	0.059341194567807204	0.08377580409572781	-0.06632251157578452	-0.6563	0.0335	-0.929
833.0	5.269932000000001	-0.443412	8.364006	0.041887902047863905	0.08377580409572781	-0.061086523819801536	-0.6562	0.0318	-0.9299
834.0	5.247369000000001	-0.49540500000000004	8.327709	0.054105206811824215	0.09075712110370514	-0.0645771823237902	-0.6551	0.0295	-0.9293
835.0	5.241483000000001	-0.531702	8.303184000000002	0.054105206811824215	0.08726646259971647	-0.05759586531581287	-0.6544	0.028	-0.9285
836.0	5.262084	-0.543474	8.287488	0.0715584993317675	0.0715584993317675	-0.05235987755982989	-0.6534	0.0263	-0.9264
836.9999999999999	5.279742000000001	-0.5611320000000001	8.265906000000001	0.06632251157578452	0.07504915783575616	-0.054105206811824215	-0.6524	0.0246	-0.9245
838.0000000000001	5.260122	-0.488538	8.290431	0.06283185307179587	0.06806784082777885	-0.04014257279586958	-0.6513	0.0228	-0.9211
839.0	5.223825	-0.463032	8.308089	0.05585053606381855	0.05585053606381855	-0.038397243543875255	-0.6504	0.0211	-0.9175
840.0	5.1777180000000005	-0.459108	8.322804000000001	0.06632251157578452	0.048869219055841226	-0.03490658503988659	-0.6495	0.0199	-0.9215
841.0	5.133573	-0.46008899999999997	8.337519	0.0645771823237902	0.03490658503988659	-0.0471238898038469	-0.6489	0.0185	-0.9208
842.0	5.100219000000001	-0.458127	8.357139	0.05061454830783556	0.04014257279586958	-0.03490658503988659	-0.6482	0.0171	-0.9207
843.0	5.081580000000001	-0.45027900000000004	8.363025	0.0715584993317675	0.015707963267948967	-0.0471238898038469	-0.6474	0.0156	-0.9192
844.0	5.0835420000000004	-0.44537400000000005	8.370873	0.059341194567807204	0.020943951023931952	-0.041887902047863905	-0.6469	0.015	-0.9188
844.9999999999999	5.079618000000001	-0.46008899999999997	8.366949	0.1064650843716541	0.015707963267948967	-0.054105206811824215	-0.6468	0.0134	-0.9191
846.0000000000001	5.066865	-0.508158	8.362044000000001	0.10821041362364843	0.024434609527920613	-0.06632251157578452	-0.6466	0.0122	-0.9189
847.0000000000001	5.013891	-0.5640750000000001	8.359101	0.14486232791552936	0.024434609527920613	-0.1064650843716541	-0.6464	0.0114	-0.9186
848.0	4.974651000000001	-0.6190110000000001	8.355177000000001	0.16755160819145562	0.03665191429188092	-0.12740903539558607	-0.6457	0.0097	-0.9184
849.0	4.945221	-0.668061	8.351253	0.16755160819145562	0.03665191429188092	-0.12740903539558607	-0.6451	0.0081	-0.9184
850.0	4.969746000000001	-0.659232	8.320842	0.13962634015954636	0.07504915783575616	-0.1361356816555577	-0.6446	0.0066	-0.9185
851.0	4.988385	-0.645498	8.312013	0.14486232791552936	0.07853981633974483	-0.10821041362364843	-0.6448	0.0052	-0.9188
852.0	5.006043	-0.6288210000000001	8.305146	0.1291543646475804	0.08726646259971647	-0.09599310885968812	-0.6441	0.0035	-0.9192
852.9999999999999	5.014872	-0.591543	8.310051	0.12042771838760874	0.07853981633974483	-0.0890117918517108	-0.6435	0.0017	-0.9197
853.9999999999999	5.014872	-0.544455	8.312994000000002	0.08726646259971647	0.07504915783575616	-0.059341194567807204	-0.643	-0.0005	-0.9201
855.0000000000001	5.020758000000001	-0.481671	8.324766	0.059341194567807204	0.06981317007977318	-0.04363323129985824	-0.6423	-0.0022	-0.9204
856.0	5.027625	-0.40417200000000003	8.339481	0.0471238898038469	0.04537856055185257	-0.03665191429188092	-0.6415	-0.0039	-0.9206
857.0	5.073732000000001	-0.31686300000000006	8.357139	0.010471975511965976	0.038397243543875255	-0.017453292519943295	-0.6409	-0.0061	-0.9216
858.0	5.1061049999999994	-0.241326	8.36793	0.031415926535897934	0.013962634015954637	-0.006981317007977318	-0.6399	-0.0076	-0.9208
859.0	5.137497000000001	-0.165789	8.372835	0.013962634015954637	0.017453292519943295	0.005235987755982988	-0.6395	-0.0089	-0.9178
860.0	5.116896	-0.158922	8.39736	0.017453292519943295	-0.005235987755982988	-0.0017453292519943296	-0.6394	-0.0098	-0.9127
861.0	5.100219000000001	-0.149112	8.401284	0.0017453292519943296	0.010471975511965976	0.0017453292519943296	-0.6387	-0.0109	-0.9054
861.9999999999999	5.0835420000000004	-0.15499800000000002	8.409132	0.005235987755982988	0.0	0.0017453292519943296	-0.6385	-0.0117	-0.8975
863.0000000000001	5.066865	-0.182466	8.406189000000001	0.008726646259971648	0.006981317007977318	0.015707963267948967	-0.6388	-0.0124	-0.8907
864.0	5.043321000000001	-0.21189600000000003	8.396379	-0.0017453292519943296	0.015707963267948967	0.013962634015954637	-0.6389	-0.0126	-0.8862
865.0	5.020758000000001	-0.241326	8.385588	0.0017453292519943296	0.015707963267948967	0.003490658503988659	-0.6393	-0.0132	-0.8836
866.0	5.008986000000001	-0.278604	8.363025	0.006981317007977318	0.017453292519943295	0.0	-0.6396	-0.0141	-0.8838
867.0	5.003100000000001	-0.317844	8.345367000000001	0.031415926535897934	0.024434609527920613	-0.003490658503988659	-0.6403	-0.0148	-0.8841
868.0	5.004081	-0.34335000000000004	8.331633000000002	0.038397243543875255	0.05759586531581287	-0.024434609527920613	-0.6403	-0.0145	-0.8866
869.0	5.008986000000001	-0.36297	8.323785	0.04014257279586958	0.059341194567807204	-0.024434609527920613	-0.6403	-0.0145	-0.8912
869.9999999999999	5.011929	-0.368856	8.319861	0.041887902047863905	0.06283185307179587	-0.022689280275926284	-0.6399	-0.0148	-0.8977
871.0000000000001	5.012910000000001	-0.374742	8.32869	0.03316125578789226	0.08726646259971647	-0.013962634015954637	-0.64	-0.015	-0.9061
872.0000000000001	5.008005	-0.36983699999999997	8.333595	0.038397243543875255	0.07504915783575616	-0.020943951023931952	-0.6392	-0.0151	-0.9156
873.0	5.008005	-0.36002700000000004	8.341443	0.020943951023931952	0.06806784082777885	-0.012217304763960306	-0.6382	-0.0157	-0.9233
874.0	5.012910000000001	-0.344331	8.359101	0.031415926535897934	0.0645771823237902	-0.013962634015954637	-0.6375	-0.0165	-0.9271
875.0	5.015853	-0.32569200000000004	8.36793	0.005235987755982988	0.041887902047863905	0.0	-0.6363	-0.0167	-0.9269
876.0	5.019777	-0.302148	8.390493	0.015707963267948967	0.029670597283903602	0.0	-0.6356	-0.0165	-0.9231
877.0	5.021739	-0.28449	8.400303	0.005235987755982988	0.024434609527920613	0.003490658503988659	-0.6348	-0.0163	-0.9161
877.9999999999999	5.017815	-0.28056600000000004	8.408151	0.008726646259971648	0.027925268031909273	-0.008726646259971648	-0.635	-0.017	-0.9085
878.9999999999999	5.008005	-0.287433	8.415999000000001	-0.0	0.03490658503988659	-0.015707963267948967	-0.6347	-0.0177	-0.9033
880.0000000000001	4.990347000000001	-0.307053	8.421885000000001	0.019198621771937627	0.019198621771937627	-0.024434609527920613	-0.6346	-0.0181	-0.8999
881.0	4.976613	-0.327654	8.427771	0.029670597283903602	0.020943951023931952	-0.024434609527920613	-0.634	-0.0178	-0.8987
882.0	4.965822	-0.381609	8.434638	0.04014257279586958	0.013962634015954637	-0.04363323129985824	-0.6344	-0.0188	-0.8994
883.0	4.947183	-0.44439300000000004	8.439543	0.08377580409572781	0.013962634015954637	-0.08552113334772216	-0.6343	-0.0187	-0.9008
884.0	4.925601	-0.49246200000000007	8.437581	0.13439035240356337	0.005235987755982988	-0.10297442586766545	-0.6348	-0.0192	-0.9039
885.0	4.906962	-0.506196	8.457201	0.15009831567151233	-0.013962634015954637	-0.11519173063162574	-0.6357	-0.0202	-0.9089
886.0	4.886361	-0.538569	8.47584	0.15184364492350666	-0.04537856055185257	-0.1361356816555577	-0.6366	-0.0212	-0.9143
886.9999999999999	4.869684	-0.580752	8.523909	0.16929693744344995	-0.06981317007977318	-0.16231562043547265	-0.6363	-0.0228	-0.9206
888.0000000000001	4.8422160000000005	-0.6190110000000001	8.575902000000001	0.24434609527920614	-0.12566370614359174	-0.2129301687433082	-0.6369	-0.0245	-0.9265
889.0	4.831425	-0.6386310000000001	8.636724	0.30543261909900765	-0.17627825445142728	-0.26529004630313807	-0.6372	-0.0263	-0.9366
890.0	4.824558000000001	-0.616068	8.725014	0.34732052114687156	-0.29670597283903605	-0.317649923862968	-0.6381	-0.0297	-0.9404
891.0	4.8294630000000005	-0.5886	8.807418	0.3787364476827695	-0.4258603374866164	-0.34033920413889424	-0.6384	-0.0335	-0.9451
892.0	4.813767	-0.505215	8.922195	0.40491638646268446	-0.5009094953223726	-0.34732052114687156	-0.6392	-0.037	-0.94
893.0	4.752945	-0.26388900000000004	9.119376	0.28099800957108706	-0.7539822368615504	-0.3036872898470133	-0.6403	-0.0417	-0.9352
894.0	4.731363	-0.115758	9.297918000000001	0.2565634000431664	-1.0629055144645467	-0.23212879051524585	-0.6414	-0.0467	-0.9295
894.9999999999999	4.706838	-0.028449	9.471555	0.22689280275926285	-1.3508848410436112	-0.19896753472735357	-0.6433	-0.0516	-0.9225
896.0000000000001	4.682313000000001	0.062784	9.640287	0.21118483949131386	-1.6545721308906243	-0.17976891295541594	-0.6456	-0.0563	-0.9154
897.0000000000001	4.670541	0.152055	9.783513000000001	0.23561944901923448	-1.980948701013564	-0.18500490071139894	-0.6497	-0.0612	-0.9077
898.0	4.693104	0.167751	9.908100000000001	0.24434609527920614	-2.1101030656611446	-0.21467549799530256	-0.6547	-0.0663	-0.898
899.0	4.752945	0.10889100000000002	10.01601	0.3385938748868999	-2.399827721492203	-0.3036872898470133	-0.6612	-0.0717	-0.8791
900.0	4.834368	0.013734000000000001	10.056231	0.3455751918948773	-2.644173816771409	-0.4782202150464463	-0.6683	-0.0764	-0.8617
901.0	4.933449	-0.152055	10.102338000000001	0.48171087355043496	-2.802998778702893	-0.6649704450098396	-0.6777	-0.0819	-0.8378
902.0	5.062941	-0.422811	10.111167	0.778416846389471	-2.949606435870417	-0.9040805525330626	-0.6879	-0.0879	-0.8191
902.9999999999999	5.279742000000001	-0.8887860000000001	10.006200000000002	1.048942880448592	-3.0665434957540367	-1.2095131716320704	-0.6987	-0.095	-0.7927
903.9999999999999	5.549517	-1.3655519999999999	9.882594000000001	1.3386675362796507	-3.1066860685499065	-1.567305668290908	-0.7095	-0.1036	-0.7666
905.0000000000001	5.906601	-1.7442180000000003	9.72171	1.4067353771074296	-3.073524812762014	-1.7208946424664089	-0.7194	-0.1144	-0.734
906.0	6.332355	-2.018898	9.547092	1.3386675362796507	-2.9827676916583092	-1.9373154697137058	-0.7293	-0.1285	-0.6987
907.0	6.769881000000001	-2.149371	9.354816000000001	1.1309733552923256	-2.7977627909469103	-2.0018926520374962	-0.7377	-0.1449	-0.6641
908.0	7.139718	-2.141523	9.120357	0.8185594191853406	-2.6546457922833753	-1.9949113350295187	-0.7427	-0.1634	-0.624
909.0	7.376139	-2.061081	8.84862	0.4886921905584123	-2.530727415391778	-2.0263272615654166	-0.7466	-0.1863	-0.5834
910.0	7.445790000000001	-2.02086	8.674983000000001	0.1308996938995747	-2.199114857512855	-2.007128639793479	-0.7488	-0.2113	-0.5415
911.0	7.205445000000001	-2.048328	8.673021	-0.06283185307179587	-1.9739673840055867	-1.3788101090755203	-0.748	-0.2376	-0.5013
911.9999999999999	7.539966	-2.130732	8.779950000000001	-0.4625122517784973	-1.0768681484805014	-0.8220500776893293	-0.7456	-0.2635	-0.4633
913.0000000000001	7.238799	-2.434842	8.879031000000001	-0.5899212871740833	-0.312413936106985	-0.0890117918517108	-0.7426	-0.2875	-0.432
914.0	6.689439	-2.607498	8.901594000000001	-0.43982297150257105	0.08377580409572781	0.38222710618675815	-0.7391	-0.3089	-0.4021
915.0	5.967423	-2.615346	8.879031000000001	-0.6370451769779303	0.32114058236695664	0.747000919853573	-0.7354	-0.3275	-0.3802
916.0	5.1571169999999995	-2.553543	8.855487	-1.0419615634406147	0.5689773361501514	1.0210176124166828	-0.7315	-0.3414	-0.3634
917.0	4.319343000000001	-2.631042	8.859411	-1.2356931104119853	0.8307767239493009	1.0943214410004447	-0.7284	-0.3511	-0.3493
918.0	3.526695	-2.794869	8.912385	-1.2671090369478832	0.9581857593448869	1.096066770252439	-0.727	-0.3567	-0.3448
919.0	2.817432	-2.8968930000000004	9.017352	-1.293288975727798	1.1938052083641215	1.0349802464326374	-0.7255	-0.356	-0.3458
919.9999999999999	2.270034	-2.88414	9.069345	-1.371828792067543	1.413716694115407	0.9704030641088472	-0.7245	-0.351	-0.3525
921.0000000000001	2.04048	-2.7124650000000003	8.961435	-1.4067353771074296	1.6179202165987436	0.9128071987930343	-0.7247	-0.3432	-0.3635
922.0000000000001	1.2645089999999999	-2.4073740000000003	8.759349	-1.36659280431156	1.8099064343181197	0.8639379797371931	-0.725	-0.3331	-0.3775
923.0	1.126188	-1.8119070000000002	8.627895	-1.307251609743753	1.9896753472735358	0.8761552845011534	-0.7246	-0.3217	-0.3939
924.0	1.190934	-1.240965	8.640648	-0.9459684545809267	2.050761871093337	0.9197885158010117	-0.7241	-0.3092	-0.4128
925.0	1.3861530000000002	-0.905463	8.746596	-1.1693705988362009	2.2113321622768156	0.9459684545809267	-0.7228	-0.2956	-0.4337
926.0	1.642194	-0.737712	8.880012	-1.0140362954087054	2.3282692221604355	1.0053096491487339	-0.7213	-0.2821	-0.4552
927.0	1.95219	-0.541512	9.035991000000001	-0.9093165402890457	2.4556782575560216	1.085594794740473	-0.7185	-0.2688	-0.4787
927.9999999999999	2.317122	-0.32471099999999997	9.218457	-0.8447393579652555	2.5761059759436304	1.213003830136059	-0.7157	-0.2557	-0.5035
928.9999999999999	2.7330660000000004	-0.210915	9.399942000000001	-0.7609635538695277	2.6982790235832335	1.3089969389957472	-0.7128	-0.2421	-0.5293
930.0000000000001	3.175497	-0.21974400000000002	9.582408000000001	-0.6876597252857658	2.77332818141899	1.4049900478554354	-0.7097	-0.2278	-0.5563
931.0	3.638529	-0.28547100000000003	9.793323000000001	-0.6422811647339133	2.7995081201989045	1.4416419621473162	-0.7049	-0.213	-0.5834
932.0	4.20849	-0.384552	10.025820000000001	-0.6510078109938848	2.843141351498763	1.5219271077390555	-0.7003	-0.1977	-0.6111
933.0	4.805919	-0.612144	10.243602000000001	-0.6370451769779303	2.858849314766712	1.6091935703387719	-0.6953	-0.1823	-0.6397
934.0	5.415120000000001	-0.893691	10.431954	-0.6335545184739416	2.816961412718848	1.6755160819145565	-0.6898	-0.1669	-0.6666
935.0	6.0164729999999995	-1.1801430000000002	10.558503000000002	-0.6440264939859076	2.7192229746071654	1.7976891295541595	-0.6849	-0.1509	-0.6922
936.0	6.585453	-1.45188	10.619325	-0.6387905062299246	2.528982086139784	1.9093902016817965	-0.6795	-0.134	-0.7166
936.9999999999999	7.094592	-1.720674	10.605591	-0.6475171524898963	2.2427480888127134	2.069960492865275	-0.6749	-0.1161	-0.7384
938.0000000000001	7.546833	-1.965924	10.521225000000001	-0.6108652381980153	2.0402898955813713	2.134537675189065	-0.67	-0.0976	-0.7587
939.0	7.962777	-2.136618	10.390751999999999	-0.5183627878423158	1.65282680163863	2.2567107228286685	-0.6658	-0.0787	-0.7785
940.0	8.372835	-2.204307	10.208286000000001	-0.3839724354387525	1.2636183784438948	2.321287905152458	-0.6624	-0.0596	-0.7988
941.0	8.784855	-2.1631050000000003	9.943416000000001	-0.26005405854715513	0.9808750396208132	2.316051917396475	-0.6612	-0.0397	-0.8193
942.0	9.112509	-1.928646	9.617724	-0.26005405854715513	0.8587019919812102	2.241002759560719	-0.6607	-0.0188	-0.8404
943.0	9.409752000000001	-1.362609	9.267507	-0.4886921905584123	0.7993607974134029	2.134537675189065	-0.6618	0.0023	-0.8618
944.0	9.728577000000001	-0.672966	8.872164	-0.6963863715457375	0.8203047484373349	2.097885760897184	-0.6636	0.0248	-0.8836
944.9999999999999	10.078794000000002	-0.138321	8.423847	-0.9197885158010117	0.9354964790689606	1.9181168479417683	-0.6657	0.0478	-0.9057
946.0000000000001	10.37898	0.265851	7.878411000000001	-0.6998770300497261	1.1344640137963142	1.4957471689591404	-0.6685	0.0703	-0.9283
947.0000000000001	10.52613	0.736731	7.268229000000001	-0.32637657012293964	1.1205013797803596	0.8464846872172498	-0.6707	0.0923	-0.9528
948.0	10.515339	1.273338	6.662952000000001	-0.2565634000431664	0.8499753457212386	0.2426007660272118	-0.6728	0.1134	-0.9773
949.0	10.444707000000001	1.73637	6.144984	-0.38222710618675815	0.46600291028248597	-0.26878070480712674	-0.6739	0.1323	-1.0009
950.0	10.36917	2.041461	5.746698	-0.47298422729046335	0.2181661564992912	-0.6579891280018623	-0.6751	0.1492	-1.0203
951.0	10.236735000000001	2.191554	5.447493000000001	-0.48171087355043496	0.16755160819145562	-0.8255407361933178	-0.6758	0.1627	-1.0354
952.0	9.983637000000002	2.1503520000000003	5.226768000000001	-0.4241150082346221	0.1117010721276371	-1.085594794740473	-0.6758	0.1728	-1.046
952.9999999999999	9.626553	1.845261	5.039397000000001	-0.36826447217080355	0.048869219055841226	-1.2967796342317868	-0.6754	0.1805	-1.0512
953.9999999999999	9.152730000000002	1.428336	4.916772	-0.28099800957108706	-0.07504915783575616	-1.460840583919254	-0.675	0.184	-1.0553
955.0000000000001	8.610237000000001	1.1801430000000002	4.901076	-0.19722220547535926	-0.16755160819145562	-1.546361717266976	-0.6751	0.184	-1.0597
956.0	8.119737	1.0751760000000001	5.055093	-0.20943951023931956	-0.19198621771937624	-1.562069680534925	-0.6748	0.1808	-1.0647
957.0	7.770501	0.8721090000000001	5.341545	-0.22863813201125716	-0.19722220547535926	-1.5271630954950384	-0.6761	0.1745	-1.0697
958.0	7.553700000000001	0.535626	5.666256000000001	-0.21118483949131386	-0.20245819323134223	-1.4590952546672593	-0.6778	0.1659	-1.0754
959.0	7.341804	0.220725	5.93505	-0.143116998663535	-0.22514747350726852	-1.3805554383275145	-0.68	0.1557	-1.081
960.0	7.062219	0.017658	6.119478000000001	-0.10821041362364843	-0.2426007660272118	-1.260127719939906	-0.6828	0.1436	-1.0869
961.0	6.735546	-0.10104300000000001	6.224445	-0.09075712110370514	-0.29496064358704166	-1.1205013797803596	-0.6857	0.132	-1.0943
961.9999999999999	6.432417	-0.19423800000000002	6.272514	-0.08726646259971647	-0.34732052114687156	-0.9302604913129776	-0.689	0.1197	-1.1006
963.0000000000001	6.186186000000001	-0.275661	6.297039000000001	-0.024434609527920613	-0.38048177693476387	-0.7347836150896128	-0.6921	0.1067	-1.1097
964.0	5.972328	-0.357084	6.304887000000001	0.03490658503988659	-0.39269908169872414	-0.6370451769779303	-0.6953	0.0946	-1.1169
965.0	5.741793	-0.44145	6.300963	0.17976891295541594	-0.4188790204786391	-0.39269908169872414	-0.6985	0.0831	-1.1224
966.0	5.484771	-0.5277780000000001	6.276438000000001	0.26005405854715513	-0.43982297150257105	-0.14486232791552936	-0.7027	0.0718	-1.1281
967.0	5.24835	-0.57879	6.245046000000001	0.24783675378319478	-0.4293509959906051	0.1117010721276371	-0.7062	0.0623	-1.136
968.0	5.05215	-0.604296	6.216597000000001	0.3665191429188092	-0.4223696789826277	0.3735004599267865	-0.71	0.0543	-1.1314
969.0	4.164345	-1.602954	6.261723	2.014109956801456	-1.181587903600161	-0.3368485456349056	-0.7147	0.0479	-1.1263
969.9999999999999	3.2265090000000005	-1.782477	6.485391000000001	2.134537675189065	-1.7802358370342162	-0.5585053606381855	-0.72	0.0409	-1.1235
971.0000000000001	2.8674630000000003	-1.1183400000000001	6.94548	1.5428710587629875	-2.569124658935653	-0.22514747350726852	-0.7269	0.0324	-1.1153
972.0000000000001	2.8811970000000002	-0.565056	7.301583	0.6597344572538565	-2.981022362406315	0.14486232791552936	-0.7363	0.0241	-1.1062
973.0	3.8818170000000003	-0.8328690000000001	8.027523	0.9337511498169663	-3.057816849494065	-0.8133234314293576	-0.7484	0.0165	-1.0928
974.0	6.569757	-1.525455	8.747577000000001	1.4974924982111346	-0.40840704496667307	-0.7033676885537148	-0.7623	0.0072	-1.078
975.0	6.602130000000001	-0.950589	8.798589000000002	0.8569566627292158	-0.6021385919380436	-0.5410520681182421	-0.776	-0.0028	-1.0623
976.0	7.2927539999999995	0.104967	9.511776000000001	0.15707963267948966	0.054105206811824215	-0.05235987755982989	-0.7886	-0.0136	-1.0437
977.0	7.209369000000001	0.38357100000000005	9.745254	-0.031415926535897934	0.012217304763960306	0.04014257279586958	-0.8016	-0.0244	-1.0207
977.9999999999999	7.332975000000001	0.05297400000000001	9.909081	-0.041887902047863905	-0.08377580409572781	0.1308996938995747	-0.814	-0.0352	-1.0078
978.9999999999999	8.116794	1.053594	10.06506	0.03490658503988659	-0.1308996938995747	0.041887902047863905	-0.8255	-0.0459	-0.9957
980.0000000000001	9.069345	1.261566	10.016990999999999	-0.019198621771937627	-0.05759586531581287	0.0715584993317675	-0.8356	-0.0545	-0.9745
981.0	9.477441	0.47774700000000003	9.709938000000001	-0.008726646259971648	-0.008726646259971648	0.048869219055841226	-0.8441	-0.0608	-0.9651
982.0	9.502947	-0.145188	9.53532	0.03490658503988659	0.0	0.012217304763960306	-0.8494	-0.0663	-0.9567
983.0	8.574921	0.144207	9.022257	0.005235987755982988	0.020943951023931952	0.059341194567807204	-0.8517	-0.0714	-0.9547
984.0	5.918373	0.8809380000000001	8.538624	-0.061086523819801536	-0.015707963267948967	0.08203047484373349	-0.852	-0.0734	-0.9555
985.0	5.8997340000000005	0.253098	8.694603	-0.06632251157578452	-0.041887902047863905	0.06632251157578452	-0.8518	-0.0741	-0.9543
986.0	5.260122	-0.9280260000000001	8.157015000000001	-0.005235987755982988	-0.07679448708775051	0.020943951023931952	-0.8518	-0.0735	-0.9521
986.9999999999999	5.414139	-1.364571	8.084421	0.0471238898038469	-0.061086523819801536	-0.03665191429188092	-0.8517	-0.0734	-0.9498
988.0000000000001	5.382747	-1.094796	8.105022000000002	0.06283185307179587	-0.020943951023931952	-0.031415926535897934	-0.8519	-0.0735	-0.9487
989.0	5.418063	-1.126188	8.067744000000001	0.04014257279586958	-0.003490658503988659	-0.026179938779914945	-0.8517	-0.0735	-0.9451
990.0	5.380785	-1.202706	8.058915	0.04363323129985824	0.022689280275926284	-0.026179938779914945	-0.8519	-0.074	-0.9485
991.0	5.3454690000000005	-1.152675	8.08344	0.038397243543875255	0.04537856055185257	-0.03665191429188092	-0.8511	-0.0741	-0.946
992.0	5.354298	-1.146789	8.097174	0.059341194567807204	0.048869219055841226	-0.048869219055841226	-0.8514	-0.0743	-0.9452
993.0	5.331735	-1.19682	8.07363	0.06283185307179587	0.08377580409572781	-0.061086523819801536	-0.8517	-0.0747	-0.9413
994.0	5.350374	-1.26549	8.026542000000001	0.0890117918517108	0.08377580409572781	-0.07330382858376185	-0.8518	-0.0759	-0.9377
994.9999999999999	5.403348	-1.215459	8.020656	0.08377580409572781	0.08726646259971647	-0.06981317007977318	-0.8519	-0.0774	-0.9366
996.0000000000001	5.436702	-1.06929	8.062839	0.07504915783575616	0.05061454830783556	-0.048869219055841226	-0.8518	-0.0786	-0.938
997.0000000000001	5.451417	-0.9035010000000001	8.114832000000002	0.05061454830783556	0.03665191429188092	-0.041887902047863905	-0.851	-0.0796	-0.9388
998.0	5.434740000000001	-0.8142300000000001	8.141319	0.024434609527920613	0.015707963267948967	-0.013962634015954637	-0.8503	-0.0806	-0.9389
999.0	5.422968	-0.795591	8.162901	0.005235987755982988	-0.0017453292519943296	0.013962634015954637	-0.8502	-0.0815	-0.9394
1000.0	5.404329	-0.7906860000000001	8.184483	0.019198621771937627	-0.006981317007977318	0.010471975511965976	-0.8493	-0.082	-0.9401
1001.0	5.397462000000001	-0.777933	8.199198	0.017453292519943295	0.0017453292519943296	0.003490658503988659	-0.8494	-0.0832	-0.9403
1002.0	5.392557	-0.763218	8.200179	0.026179938779914945	0.006981317007977318	-0.003490658503988659	-0.8485	-0.0837	-0.9406
1002.9999999999999	5.364108	-0.7808760000000001	8.211951	0.04537856055185257	0.010471975511965976	-0.017453292519943295	-0.8478	-0.0845	-0.941
1003.9999999999999	5.331735	-0.8142300000000001	8.213913000000002	0.09250245035569947	0.006981317007977318	-0.05585053606381855	-0.8475	-0.0852	-0.9413
1005.0000000000001	5.299362	-0.886824	8.20116	0.14835298641951802	-0.008726646259971648	-0.10821041362364843	-0.8475	-0.0856	-0.9412
1006.0	5.277780000000001	-1.003563	8.16192	0.21118483949131386	0.029670597283903602	-0.16580627893946132	-0.8479	-0.086	-0.941
1007.0	5.272875	-1.0967580000000001	8.119737	0.23561944901923448	0.05061454830783556	-0.20420352248333654	-0.8477	-0.0873	-0.9408
1008.0	5.269932000000001	-1.146789	8.090307000000001	0.2530727415391778	0.08726646259971647	-0.21991148575128552	-0.8478	-0.0888	-0.9403
1009.0	5.2767990000000005	-1.091853	8.081478	0.2530727415391778	0.08377580409572781	-0.19896753472735357	-0.8465	-0.0913	-0.9402
1010.0	5.2895520000000005	-0.9545130000000001	8.09325	0.21118483949131386	0.08377580409572781	-0.16929693744344995	-0.8457	-0.0937	-0.9377
1011.0	5.287590000000001	-0.881919	8.106003000000001	0.13962634015954636	0.0471238898038469	-0.09250245035569947	-0.8445	-0.0965	-0.9328
1011.9999999999999	5.280723	-0.806382	8.126604	0.07330382858376185	0.054105206811824215	-0.061086523819801536	-0.8439	-0.0993	-0.9261
1013.0000000000001	5.301324	-0.726921	8.140338	0.054105206811824215	0.0471238898038469	-0.027925268031909273	-0.8435	-0.102	-0.9178
1014.0	5.328792000000001	-0.626859	8.158977	0.013962634015954637	0.041887902047863905	-0.019198621771937627	-0.8428	-0.1047	-0.9099
1015.0	5.360184	-0.522873	8.180559	0.015707963267948967	0.029670597283903602	-0.006981317007977318	-0.8424	-0.108	-0.9048
1016.0	5.378823000000001	-0.413001	8.209008	-0.0	0.03490658503988659	0.003490658503988659	-0.8411	-0.1109	-0.9013
1017.0	5.373918	-0.33844500000000005	8.238438	-0.013962634015954637	0.019198621771937627	0.019198621771937627	-0.8405	-0.1127	-0.9004
1018.0	5.364108	-0.298224	8.264925	-0.022689280275926284	0.012217304763960306	0.020943951023931952	-0.8401	-0.1146	-0.9011
1019.0	5.337621	-0.349236	8.271792	-0.038397243543875255	-0.003490658503988659	0.04363323129985824	-0.8404	-0.1152	-0.9025
1019.9999999999999	5.311134	-0.476766	8.257077	-0.038397243543875255	-0.012217304763960306	0.0471238898038469	-0.8407	-0.1162	-0.9056
1021.0000000000001	5.296419000000001	-0.5258160000000001	8.250210000000001	-0.04014257279586958	-0.013962634015954637	0.05061454830783556	-0.8417	-0.1161	-0.9116
1022.0000000000001	5.290533	-0.579771	8.241381	-0.03490658503988659	-0.015707963267948967	0.04014257279586958	-0.8421	-0.1161	-0.9189
1023.0	5.291514	-0.622935	8.219799	-0.03665191429188092	0.0017453292519943296	0.03665191429188092	-0.8421	-0.116	-0.928
1024.0	5.292495	-0.648441	8.204103000000002	-0.04014257279586958	0.0	0.0471238898038469	-0.8417	-0.1161	-0.936
1025.0	5.296419000000001	-0.660213	8.184483	-0.048869219055841226	0.006981317007977318	0.05759586531581287	-0.8415	-0.1157	-0.939
1026.0	5.296419000000001	-0.678852	8.173692	-0.038397243543875255	0.017453292519943295	0.054105206811824215	-0.8411	-0.1148	-0.9388
1027.0	5.299362	-0.687681	8.16192	-0.054105206811824215	0.029670597283903602	0.059341194567807204	-0.8415	-0.1145	-0.9347
1028.0	5.306229000000001	-0.701415	8.149167	-0.041887902047863905	0.015707963267948967	0.061086523819801536	-0.8414	-0.1138	-0.9268
1029.0	5.312115	-0.713187	8.138376000000001	-0.05585053606381855	0.013962634015954637	0.054105206811824215	-0.8409	-0.1134	-0.9196
1030.0	5.311134	-0.717111	8.147205000000001	-0.054105206811824215	0.012217304763960306	0.05061454830783556	-0.841	-0.1126	-0.9143
1031.0	5.30721	-0.721035	8.155053	-0.0471238898038469	0.0	0.05759586531581287	-0.8406	-0.1122	-0.9111
1032.0	5.300343000000001	-0.726921	8.156034	-0.05235987755982989	-0.006981317007977318	0.05061454830783556	-0.8406	-0.1116	-0.9102
1033.0	5.2944569999999995	-0.7288830000000001	8.173692	-0.05061454830783556	-0.022689280275926284	0.0471238898038469	-0.8406	-0.1108	-0.911
1034.0	5.2895520000000005	-0.737712	8.184483	-0.05235987755982989	-0.022689280275926284	0.041887902047863905	-0.8414	-0.1098	-0.9123
1035.0	5.280723	-0.754389	8.204103000000002	-0.05061454830783556	-0.041887902047863905	0.04537856055185257	-0.8429	-0.1081	-0.9167
1036.0	5.277780000000001	-0.7671420000000001	8.213913000000002	-0.05585053606381855	-0.04537856055185257	0.04537856055185257	-0.845	-0.1078	-0.9214
1037.0	5.268951	-0.788724	8.225685	-0.03490658503988659	-0.06981317007977318	0.03316125578789226	-0.8459	-0.1071	-0.9267
1038.0	5.261103	-0.817173	8.228628	-0.041887902047863905	-0.07853981633974483	0.026179938779914945	-0.847	-0.1067	-0.9358
1039.0	5.263065	-0.8299259999999999	8.223723000000001	-0.003490658503988659	-0.0890117918517108	0.0017453292519943296	-0.8479	-0.1059	-0.9461
1040.0	5.272875	-0.826983	8.200179	-0.017453292519943295	-0.06283185307179587	0.008726646259971648	-0.8491	-0.1058	-0.9544
1041.0	5.287590000000001	-0.8328690000000001	8.17173	0.015707963267948967	-0.059341194567807204	-0.012217304763960306	-0.8498	-0.1054	-0.9585
1042.0	5.306229000000001	-0.8328690000000001	8.141319	0.008726646259971648	-0.054105206811824215	-0.012217304763960306	-0.8505	-0.1054	-0.9622
1043.0	5.318982	-0.839736	8.110908	0.013962634015954637	-0.013962634015954637	-0.006981317007977318	-0.8507	-0.1052	-0.9606
1044.0	5.331735	-0.854451	8.089326	0.029670597283903602	0.0017453292519943296	-0.017453292519943295	-0.8511	-0.105	-0.9605
1045.0	5.3454690000000005	-0.8662230000000001	8.060877	0.041887902047863905	0.026179938779914945	-0.027925268031909273	-0.8504	-0.1055	-0.9596
1046.0	5.356260000000001	-0.8642610000000001	8.051067	0.059341194567807204	0.022689280275926284	-0.041887902047863905	-0.8496	-0.1051	-0.9588
1047.0	5.3709750000000005	-0.851508	8.035371000000001	0.04363323129985824	0.03316125578789226	-0.048869219055841226	-0.8495	-0.1053	-0.959
1048.0	5.377842	-0.8328690000000001	8.031447	0.05585053606381855	0.03490658503988659	-0.0471238898038469	-0.8489	-0.1054	-0.9576
1049.0	5.377842	-0.801477	8.039295000000001	0.04363323129985824	0.03316125578789226	-0.04014257279586958	-0.8499	-0.106	-0.9538
1050.0	5.371956	-0.7857810000000001	8.055972	0.0471238898038469	0.010471975511965976	-0.04537856055185257	-0.8492	-0.1061	-0.9496
1051.0	5.3631269999999995	-0.777933	8.082459	0.022689280275926284	0.019198621771937627	-0.024434609527920613	-0.8494	-0.1071	-0.9474
1052.0	5.3454690000000005	-0.7720470000000001	8.121699	0.031415926535897934	-0.013962634015954637	-0.04014257279586958	-0.8499	-0.1084	-0.9441
1053.0	5.333697	-0.762237	8.151129000000001	0.0017453292519943296	-0.03665191429188092	-0.04363323129985824	-0.8503	-0.1099	-0.9432
1054.0	5.3248679999999995	-0.738693	8.174673	0.005235987755982988	-0.06283185307179587	-0.03665191429188092	-0.8502	-0.1109	-0.9439
1055.0	5.322906	-0.717111	8.188407	-0.0017453292519943296	-0.061086523819801536	-0.027925268031909273	-0.8502	-0.1122	-0.9375
1056.0	5.323887	-0.6867000000000001	8.195274000000001	-0.0	-0.06981317007977318	-0.03316125578789226	-0.8502	-0.1132	-0.9367
1057.0	5.326830000000001	-0.6749280000000001	8.194293	-0.013962634015954637	-0.0715584993317675	-0.015707963267948967	-0.8497	-0.1144	-0.9356
1058.0	5.335659000000001	-0.669042	8.187426	0.008726646259971648	-0.07504915783575616	-0.03316125578789226	-0.8499	-0.1158	-0.9344
1059.0	5.342526	-0.69651	8.167806	0.003490658503988659	-0.06283185307179587	-0.038397243543875255	-0.8495	-0.1166	-0.9355
1060.0	5.348412000000001	-0.72594	8.154072000000001	0.041887902047863905	-0.06283185307179587	-0.059341194567807204	-0.8494	-0.1178	-0.9345
1061.0	5.360184	-0.7396739999999999	8.133471	0.041887902047863905	-0.03316125578789226	-0.07330382858376185	-0.8491	-0.1185	-0.9335
1062.0	5.371956	-0.7426170000000001	8.110908	0.06632251157578452	-0.04537856055185257	-0.07504915783575616	-0.8484	-0.1186	-0.9324
1063.0	5.3631269999999995	-0.722997	8.139357	0.054105206811824215	-0.07504915783575616	-0.059341194567807204	-0.8485	-0.1193	-0.9312
1064.0	5.343507	-0.70632	8.253153000000001	0.05061454830783556	-0.21118483949131386	-0.048869219055841226	-0.849	-0.1204	-0.9273
1065.0	5.308191000000001	-0.803439	8.322804000000001	0.05759586531581287	-0.3193952531149623	-0.09948376736367678	-0.8492	-0.1216	-0.9301
1066.0	5.269932000000001	-0.851508	8.389512	0.07504915783575616	-0.41364303272265607	-0.1291543646475804	-0.8506	-0.1231	-0.9277
1067.0	5.25816	-0.781857	8.445429	0.048869219055841226	-0.5235987755982988	-0.10471975511965978	-0.8521	-0.1247	-0.9245
1068.0	5.249331000000001	-0.687681	8.496441	-0.0017453292519943296	-0.6178465552059926	-0.04537856055185257	-0.8538	-0.1257	-0.9213
1069.0	5.241483000000001	-0.607239	8.585712000000001	0.015707963267948967	-0.6841690667817772	-0.026179938779914945	-0.8557	-0.127	-0.9143
1070.0	5.2208820000000005	-0.520911	8.708337	-0.017453292519943295	-0.8517206749732328	0.006981317007977318	-0.8581	-0.1279	-0.9092
1071.0	5.171832	-0.49442400000000003	8.880993	-0.031415926535897934	-1.117010721276371	0.008726646259971648	-0.8611	-0.1289	-0.9025
1072.0	5.137497000000001	-0.511101	9.048744000000001	-0.027925268031909273	-1.3857914260834978	0.0017453292519943296	-0.8652	-0.1299	-0.894
1073.0	5.1267059999999995	-0.522873	9.173331000000001	-0.015707963267948967	-1.6755160819145565	-0.027925268031909273	-0.8697	-0.131	-0.8839
1074.0	5.145345	-0.543474	9.20178	0.006981317007977318	-1.9547687622336491	-0.054105206811824215	-0.8746	-0.1321	-0.871
1075.0	5.186547	-0.474804	9.281241000000001	0.038397243543875255	-2.1031217486531673	-0.07853981633974483	-0.8807	-0.1325	-0.856
1076.0	5.217939	-0.493443	9.344025	0.09948376736367678	-2.38237442897226	-0.16580627893946132	-0.887	-0.1337	-0.8382
1077.0	5.224806	-0.646479	9.409752000000001	0.15358897417550102	-2.651155133779387	-0.24434609527920614	-0.8943	-0.1345	-0.8178
1078.0	5.219901	-0.8004960000000001	9.469593000000001	0.22514747350726852	-2.9321531433504737	-0.3560471674068432	-0.9025	-0.1361	-0.7936
1079.0	5.2287300000000005	-0.9231210000000001	9.495099	0.2932153143350474	-3.220132469929538	-0.5148721293383273	-0.9109	-0.1383	-0.7663
1080.0	5.273856	-1.0516320000000001	9.481365	0.39269908169872414	-3.509857125760597	-0.6457718232379019	-0.9205	-0.1423	-0.7347
1081.0	5.505372	-1.16739	9.418581	0.5148721293383273	-3.803072440095644	-0.8080874436733745	-0.9295	-0.1473	-0.6994
1082.0	5.829102	-1.4675760000000002	9.349911	0.6230825429619757	-3.8589229761594623	-0.9442231253289323	-0.9382	-0.1541	-0.6603
1083.0	6.365709000000001	-1.681434	9.296937	0.8813912722571364	-3.91826417072727	-1.2095131716320704	-0.946	-0.1625	-0.6181
1084.0	7.03377	-1.8187740000000001	9.256716	0.7749261878854823	-3.80132711084365	-1.3962634015954636	-0.9535	-0.172	-0.5716
1085.0	7.620408000000001	-1.9237410000000001	9.154692	0.5934119456780721	-3.553490357060455	-1.377064779823526	-0.9595	-0.184	-0.521
1086.0	8.261001	-2.0463660000000004	9.059535	0.5951572749300664	-3.4016467121369485	-1.4468779499032993	-0.9636	-0.1975	-0.4662
1087.0	8.800551	-2.065986	8.987922000000001	0.630063859969953	-3.1974431896536117	-1.5132004614790837	-0.9658	-0.2125	-0.4087
1088.0	9.223362000000002	-2.1150360000000004	8.908461	0.6178465552059926	-3.1049407392979123	-1.5132004614790837	-0.9655	-0.2296	-0.3505
1089.0	9.538263	-2.1719340000000003	8.866278000000001	0.4921828490624009	-2.841396022246769	-1.4730578886832142	-0.9635	-0.248	-0.2936
1090.0	9.345987000000001	-2.317122	8.905518	0.3700098014227979	-2.3858650874762484	-1.4590952546672593	-0.9588	-0.2667	-0.241
1091.0	8.87805	-2.513322	9.285165000000001	0.26878070480712674	-1.7994344588061537	-1.4206980111233845	-0.9526	-0.2856	-0.1927
1092.0	8.667135	-2.572182	9.789399000000001	0.10821041362364843	-0.635299847725936	-0.9704030641088472	-0.9446	-0.3044	-0.1511
1093.0	7.613541000000001	-2.946924	10.093509	0.10297442586766545	0.41538836197465046	-0.4293509959906051	-0.9367	-0.3221	-0.1173
1094.0	6.248970000000001	-3.298122	10.243602000000001	0.3769911184307752	0.9250245035569946	-0.07504915783575616	-0.9274	-0.3383	-0.0916
1095.0	4.926582	-3.4590060000000005	10.370151	0.3909537524467298	1.075122819228507	0.09773843811168245	-0.9184	-0.3522	-0.0748
1096.0	3.634605	-3.498246	10.488852	0.15707963267948966	1.3735741213195374	0.4537856055185257	-0.9108	-0.3628	-0.0669
1097.0	2.5005690000000005	-3.65913	10.584009	-0.1117010721276371	1.7418385934903409	0.7906341511534313	-0.904	-0.3714	-0.0681
1098.0	1.50093	-3.8170710000000003	10.660527	-0.1413716694115407	2.1153390534171272	0.9808750396208132	-0.8988	-0.3763	-0.0771
1099.0	0.604296	-3.8818170000000003	10.649735999999999	-0.15009831567151233	2.413790355508158	1.1082840750163994	-0.8953	-0.378	-0.0923
1100.0	0.232497	-3.765078	10.536921000000001	-0.2565634000431664	2.5813419636996136	1.1903145498601329	-0.8936	-0.3759	-0.1106
1101.0	0.060822	-3.546315	10.103319	-0.3420845333908886	2.66860842629933	1.254891732183923	-0.8938	-0.371	-0.1313
1102.0	-0.35316	-3.268692	9.577503	-0.41713369122664473	2.853613327010729	1.2845623294678266	-0.8954	-0.3626	-0.1535
1103.0	-0.023544	-2.7644580000000003	9.268488	-0.4014257279586958	3.113667385557884	1.3281955607676847	-0.8978	-0.3518	-0.1755
1104.0	0.555246	-2.345571	9.121338	-0.42062434973063345	3.394665395128971	1.361356816555577	-0.9007	-0.3394	-0.2014
1105.0	1.233117	-2.1326940000000003	9.074250000000001	-0.3909537524467298	3.6041049053682905	1.361356816555577	-0.9037	-0.3252	-0.2315
1106.0	1.90314	-1.984563	9.060516	-0.3508111796508603	3.7891098060796895	1.392772743091475	-0.9052	-0.3104	-0.2672
1107.0	2.58984	-1.810926	9.075231	-0.3508111796508603	3.944444109507185	1.4503686084072878	-0.9065	-0.2942	-0.3075
1108.0	3.338343	-1.6784910000000002	9.144882	-0.32114058236695664	4.000294645571003	1.4835298641951802	-0.9062	-0.2769	-0.3516
1109.0	4.140801	-1.6618140000000001	9.284184	-0.22689280275926285	4.117231705454624	1.5882496193148399	-0.9049	-0.259	-0.3997
1110.0	4.942278000000001	-1.718712	9.500985	-0.15707963267948966	4.1643555952584705	1.684242728174528	-0.9014	-0.2411	-0.4509
1111.0	5.711382	-1.8099450000000001	9.760950000000001	-0.19896753472735357	4.176572900022431	1.8308503853420517	-0.8966	-0.2221	-0.5059
1112.0	6.455961	-1.915893	10.034649	-0.24085543677521748	4.185299546282402	1.9879300180215413	-0.8898	-0.203	-0.5643
1113.0	7.157376	-2.086587	10.303443000000001	-0.25481807079117214	4.176572900022431	2.1153390534171272	-0.8805	-0.1836	-0.6238
1114.0	7.803855	-2.292597	10.561446	-0.26354471705114374	4.057890510886816	2.2427480888127134	-0.8691	-0.1629	-0.6826
1115.0	8.394417	-2.495664	10.769418000000002	-0.2984513020910304	3.937462792499207	2.2846359908605773	-0.8558	-0.1417	-0.7379
1116.0	8.912385	-2.7006930000000002	10.869480000000001	-0.35779249665883756	3.5395277230445004	2.3387411976724017	-0.8414	-0.1195	-0.7982
1117.0	9.377379	-2.8605960000000006	10.839069	-0.4188790204786391	2.935643801854462	2.3265238929084413	-0.8254	-0.0965	-0.8526
1118.0	9.821772000000001	-2.9616390000000004	10.684071	-0.39269908169872414	2.241002759560719	2.2479840765686965	-0.8089	-0.0731	-0.9035
1119.0	10.289709	-2.9243609999999998	10.415277000000001	-0.3909537524467298	1.514945790731078	2.071705822117269	-0.7921	-0.0485	-0.9498
1120.0	10.817487	-2.616327	10.002276000000002	-0.6597344572538565	0.9459684545809267	1.928588823453734	-0.7762	-0.0238	-0.9896
1121.0	11.384505	-2.015955	9.506871	-0.9337511498169663	0.7400196028455958	1.8954275676658419	-0.7607	0.0019	-1.0252
1122.0	12.01725	-1.489158	8.928081	-1.3107422682477414	0.5218534463463045	1.710422666954443	-0.7469	0.0283	-1.0554
1123.0	12.781449	-0.770085	8.206065	-1.4311699866353502	0.5393067388662478	1.3508848410436112	-0.7349	0.0555	-1.084
1124.0	13.677102000000001	0.151074	7.299621	-1.6615534478986018	0.8133234314293576	1.075122819228507	-0.7251	0.0829	-1.1085
1125.0	14.509971000000002	0.935874	6.17049	-1.514945790731078	1.0454522219446034	0.7208209810736581	-0.717	0.1101	-1.1319
1126.0	15.095628	1.509759	4.908924	-0.8063421144213803	0.8587019919812102	0.03490658503988659	-0.71	0.1365	-1.1436
1127.0	15.387966	2.083644	3.6807119999999998	-0.3455751918948773	0.3508111796508603	-0.8325220532012952	-0.7045	0.1612	-1.1555
1128.0	15.531192	2.753667	2.6349660000000004	-0.30543261909900765	0.06981317007977318	-1.2461650859239515	-0.7001	0.1833	-1.1656
1129.0	15.634197	3.274578	1.8403559999999999	-0.5323254218582705	-0.27576202181510406	-1.8779742751458985	-0.6971	0.2001	-1.1718
1130.0	15.635178000000002	3.346191	1.3008060000000001	-0.6143558967020041	-0.36826447217080355	-2.3369958684204075	-0.6951	0.2131	-1.1779
1131.0	15.437016000000002	3.0273660000000002	0.9123300000000001	-0.4886921905584123	-0.44331363000655966	-2.614503219487506	-0.6939	0.2213	-1.1859
1132.0	14.937687	2.7271800000000006	0.656289	-0.2234021442552742	-0.6038839211900381	-2.7139869868511823	-0.6929	0.224	-1.1937
1133.0	14.052825000000002	2.212155	0.5827140000000001	0.09948376736367678	-0.8290313946973066	-2.658136450787364	-0.6926	0.221	-1.1966
1134.0	12.877587	1.5539040000000002	0.781857	0.19722220547535926	-0.905825881785057	-2.5272367568877896	-0.6943	0.212	-1.1948
1135.0	11.657223	1.048689	1.3174830000000002	0.2897246558310587	-0.9913470151327791	-2.05599785884932	-0.6958	0.195	-1.192
1136.0	10.560465	0.671985	2.11896	0.3717551306747922	-0.937241808320955	-1.3334315485236679	-0.7	0.1749	-1.1874
1137.0	9.399942000000001	0.139302	3.0303090000000004	0.8063421144213803	-1.0000736613927508	-0.57246799465414	-0.7056	0.1519	-1.1793
1138.0	6.881715000000001	-1.4018490000000001	4.884399	1.4765485471872026	-1.4957471689591404	-0.38746309394274114	-0.7133	0.127	-1.1675
1139.0	4.890285	-2.799774	5.872266000000001	2.155481626212997	-2.3928464044842257	-0.45029494701453704	-0.7219	0.1016	-1.1528
1140.0	3.115656	-2.719332	6.155775	1.4835298641951802	-4.049163864626845	-0.2181661564992912	-0.7345	0.0766	-1.1346
1141.0	3.181383	-3.2284710000000003	6.919974000000001	1.8954275676658419	-4.122467693210607	-0.895353906273091	-0.7485	0.0493	-1.1089
1142.0	5.30721	-3.328533	8.568054	2.485348854839925	-0.783652834145454	-1.65282680163863	-0.7626	0.0216	-1.082
1143.0	5.341545	-1.6932060000000002	9.039915	0.9546951008408983	-0.07504915783575616	-0.8203047484373349	-0.7754	-0.0047	-1.0589
1144.0	5.60151	-0.86328	9.837468	0.2565634000431664	0.23911010752322315	-0.1954768762233649	-0.7867	-0.0286	-1.04
1145.0	5.413158	-0.9476460000000001	10.130787	0.20769418098732523	0.1361356816555577	-0.15533430342749532	-0.7985	-0.0472	-1.0206
1146.0	5.368032	-0.8554320000000001	10.401543	0.1832595714594046	0.06632251157578452	-0.1361356816555577	-0.8084	-0.0651	-1.0023
1147.0	5.702553000000001	-0.48461400000000004	10.628154	0.12042771838760874	0.0715584993317675	-0.0890117918517108	-0.8166	-0.0811	-0.9859
1148.0	7.511517	0.6248970000000001	9.80019	0.08377580409572781	0.054105206811824215	-0.06806784082777885	-0.8233	-0.0955	-0.9717
1149.0	8.780931	1.670643	9.680508000000001	0.05061454830783556	0.061086523819801536	-0.0471238898038469	-0.8289	-0.1076	-0.9619
1150.0	9.821772000000001	1.406754	10.115091	0.04363323129985824	0.03665191429188092	-0.017453292519943295	-0.83	-0.118	-0.9574
1151.0	9.111528	1.881558	9.962055000000001	-0.0017453292519943296	0.027925268031909273	0.019198621771937627	-0.8291	-0.1245	-0.9568
1152.0	6.457923	1.9904490000000001	8.817228	-0.017453292519943295	0.024434609527920613	0.031415926535897934	-0.8277	-0.128	-0.9575
1153.0	6.0243210000000005	0.36983699999999997	8.764254	0.019198621771937627	-0.008726646259971648	-0.003490658503988659	-0.8276	-0.1297	-0.9575
1154.0	5.480847	-0.49442400000000003	8.29926	0.03490658503988659	-0.006981317007977318	-0.03316125578789226	-0.8269	-0.1308	-0.9575
1155.0	5.501448	-0.436545	8.245305	0.08203047484373349	-0.003490658503988659	-0.054105206811824215	-0.8263	-0.1321	-0.9572
1156.0	5.507334	-0.49736700000000006	8.18154	0.10122909661567112	0.029670597283903602	-0.0715584993317675	-0.8264	-0.1328	-0.9571
1157.0	5.475942000000001	-0.663156	8.145243	0.10297442586766545	0.031415926535897934	-0.07853981633974483	-0.8259	-0.1333	-0.9576
1158.0	5.437683000000001	-0.645498	8.143281	0.08028514559173916	0.05759586531581287	-0.07853981633974483	-0.8257	-0.134	-0.9582
1159.0	5.371956	-0.703377	8.136414	0.07853981633974483	0.08377580409572781	-0.08377580409572781	-0.8251	-0.1341	-0.9584
1160.0	5.318982	-0.759294	8.121699	0.09250245035569947	0.09773843811168245	-0.0942477796076938	-0.8245	-0.1353	-0.9568
1161.0	5.280723	-0.820116	8.092269	0.10821041362364843	0.1117010721276371	-0.09599310885968812	-0.8235	-0.1363	-0.9544
1162.0	5.265027	-0.826002	8.085402	0.1117010721276371	0.1117010721276371	-0.08726646259971647	-0.8235	-0.1379	-0.9488
1163.0	5.295438	-0.7524270000000001	8.105022000000002	0.09250245035569947	0.12391837689159739	-0.06632251157578452	-0.8224	-0.1395	-0.9422
1164.0	5.319963	-0.663156	8.128566000000001	0.0942477796076938	0.09075712110370514	-0.0645771823237902	-0.8219	-0.1417	-0.9348
1165.0	5.333697	-0.5944860000000001	8.17173	0.06806784082777885	0.07679448708775051	-0.054105206811824215	-0.8213	-0.1433	-0.9285
1166.0	5.342526	-0.516987	8.194293	0.029670597283903602	0.04537856055185257	-0.03490658503988659	-0.8204	-0.145	-0.9242
1167.0	5.344488	-0.48559500000000005	8.209989	0.013962634015954637	0.03665191429188092	-0.027925268031909273	-0.8204	-0.1467	-0.9217
1168.0	5.331735	-0.486576	8.229609	0.017453292519943295	0.031415926535897934	-0.006981317007977318	-0.82	-0.1483	-0.9212
1169.0	5.309172	-0.475785	8.258058	0.013962634015954637	0.0	-0.015707963267948967	-0.8199	-0.1501	-0.9228
1170.0	5.2718940000000005	-0.475785	8.271792	0.03316125578789226	0.0	-0.019198621771937627	-0.82	-0.1515	-0.9256
1171.0	5.250312	-0.48559500000000005	8.27964	0.059341194567807204	0.010471975511965976	-0.03316125578789226	-0.8201	-0.1526	-0.9299
1172.0	5.235596999999999	-0.499329	8.272773	0.03665191429188092	0.024434609527920613	-0.026179938779914945	-0.8195	-0.1532	-0.9365
1173.0	5.231673	-0.517968	8.261001	0.0471238898038469	0.019198621771937627	-0.022689280275926284	-0.8198	-0.1543	-0.9442
1174.0	5.242464	-0.530721	8.242362	0.019198621771937627	0.03490658503988659	-0.020943951023931952	-0.819	-0.1551	-0.9532
1175.0	5.252274	-0.52974	8.225685	0.008726646259971648	0.024434609527920613	-0.008726646259971648	-0.8188	-0.1565	-0.9623
1176.0	5.262084	-0.517968	8.217837000000001	-0.017453292519943295	0.03490658503988659	0.010471975511965976	-0.8181	-0.1572	-0.9663
1177.0	5.275818	-0.5160060000000001	8.212932	-0.038397243543875255	0.03490658503988659	0.04014257279586958	-0.8177	-0.158	-0.9666
1178.0	5.285628	-0.5042340000000001	8.207046	-0.038397243543875255	0.015707963267948967	0.041887902047863905	-0.8168	-0.1582	-0.9627
1179.0	5.3023050000000005	-0.46597500000000003	8.196255	-0.06283185307179587	0.012217304763960306	0.05585053606381855	-0.8167	-0.1585	-0.9555
1180.0	5.331735	-0.424773	8.199198	-0.054105206811824215	-0.005235987755982988	0.048869219055841226	-0.8163	-0.1583	-0.9474
1181.0	5.341545	-0.391419	8.198217	-0.08552113334772216	0.012217304763960306	0.06283185307179587	-0.8164	-0.1587	-0.9414
1182.0	5.351355	-0.35904600000000003	8.211951	-0.0942477796076938	-0.017453292519943295	0.0715584993317675	-0.8171	-0.1592	-0.9373
1183.0	5.3454690000000005	-0.339426	8.225685	-0.12042771838760874	-0.024434609527920613	0.09075712110370514	-0.8178	-0.1584	-0.9363
1184.0	5.337621	-0.335502	8.236476	-0.1413716694115407	-0.03665191429188092	0.10297442586766545	-0.8188	-0.1573	-0.9368
1185.0	5.325849000000001	-0.351198	8.236476	-0.14486232791552936	-0.0471238898038469	0.1117010721276371	-0.8196	-0.1551	-0.9376
1186.0	5.316039000000001	-0.39043800000000006	8.237457000000001	-0.158824961931484	-0.03490658503988659	0.1117010721276371	-0.8203	-0.154	-0.9405
1187.0	5.301324	-0.426735	8.232552	-0.1361356816555577	-0.041887902047863905	0.11344640137963143	-0.8215	-0.1518	-0.9453
1188.0	5.290533	-0.47872800000000004	8.222742	-0.1308996938995747	-0.026179938779914945	0.09948376736367678	-0.8236	-0.1503	-0.9516
1189.0	5.281704	-0.5287590000000001	8.22078	-0.09599310885968812	-0.04014257279586958	0.08028514559173916	-0.8253	-0.1484	-0.9607
1190.0	5.277780000000001	-0.579771	8.20116	-0.08377580409572781	-0.015707963267948967	0.05759586531581287	-0.826	-0.1467	-0.97
1191.0	5.280723	-0.634707	8.188407	-0.05585053606381855	0.0	0.0471238898038469	-0.8265	-0.1449	-0.9729
1192.0	5.2767990000000005	-0.688662	8.173692	-0.020943951023931952	0.010471975511965976	0.03316125578789226	-0.8267	-0.1427	-0.9825
1193.0	5.278761	-0.738693	8.162901	-0.027925268031909273	0.010471975511965976	0.027925268031909273	-0.8269	-0.141	-0.9814
1194.0	5.275818	-0.769104	8.162901	-0.029670597283903602	-0.020943951023931952	0.022689280275926284	-0.8269	-0.1398	-0.9817
1195.0	5.2767990000000005	-0.7808760000000001	8.164863	-0.022689280275926284	-0.012217304763960306	0.031415926535897934	-0.8271	-0.139	-0.9832
1196.0	5.281704	-0.770085	8.165844	-0.031415926535897934	-0.013962634015954637	0.03665191429188092	-0.8274	-0.1378	-0.9846
1197.0	5.284647	-0.7435980000000001	8.169768	-0.054105206811824215	-0.041887902047863905	0.048869219055841226	-0.8273	-0.1376	-0.9838
1198.0	5.290533	-0.714168	8.172711	-0.07679448708775051	-0.027925268031909273	0.05061454830783556	-0.8267	-0.1377	-0.9836
1199.0	5.296419000000001	-0.6916049999999999	8.165844	-0.06283185307179587	-0.03665191429188092	0.04363323129985824	-0.8264	-0.1368	-0.9819
1200.0	5.303286	-0.6749280000000001	8.165844	-0.07679448708775051	-0.024434609527920613	0.05585053606381855	-0.8267	-0.1359	-0.9802
1201.0	5.305248	-0.660213	8.173692	-0.0715584993317675	-0.026179938779914945	0.048869219055841226	-0.8278	-0.1347	-0.9837
1202.0	5.308191000000001	-0.65727	8.174673	-0.05061454830783556	-0.013962634015954637	0.04537856055185257	-0.8278	-0.1339	-0.9781
1203.0	5.318982	-0.654327	8.170749	-0.059341194567807204	-0.022689280275926284	0.04363323129985824	-0.8284	-0.1334	-0.9808
1204.0	5.332716	-0.664137	8.150148	-0.038397243543875255	-0.020943951023931952	0.04014257279586958	-0.8294	-0.1327	-0.9795
1205.0	5.338602000000001	-0.689643	8.139357	-0.03316125578789226	-0.015707963267948967	0.027925268031909273	-0.8301	-0.1315	-0.976
1206.0	5.3454690000000005	-0.712206	8.128566000000001	-0.020943951023931952	-0.020943951023931952	0.017453292519943295	-0.8307	-0.1311	-0.9746
1207.0	5.352336	-0.7337880000000001	8.119737	-0.019198621771937627	0.0	0.024434609527920613	-0.8308	-0.1301	-0.976
1208.0	5.354298	-0.7396739999999999	8.120718	-0.008726646259971648	-0.006981317007977318	0.019198621771937627	-0.8314	-0.1289	-0.9775
1209.0	5.352336	-0.744579	8.126604	-0.031415926535897934	-0.003490658503988659	0.03316125578789226	-0.8314	-0.1284	-0.9775
1210.0	5.3454690000000005	-0.7435980000000001	8.1423	-0.03665191429188092	-0.010471975511965976	0.03316125578789226	-0.8316	-0.1283	-0.9777
1211.0	5.348412000000001	-0.7406550000000001	8.137395	-0.03490658503988659	-0.027925268031909273	0.041887902047863905	-0.8307	-0.1284	-0.9779
1212.0	5.353317	-0.736731	8.127585	-0.041887902047863905	0.0	0.031415926535897934	-0.8309	-0.1283	-0.9765
1213.0	5.353317	-0.738693	8.126604	-0.038397243543875255	-0.012217304763960306	0.027925268031909273	-0.8299	-0.128	-0.9752
1214.0	5.353317	-0.7416360000000001	8.128566000000001	-0.041887902047863905	0.0	0.031415926535897934	-0.83	-0.1275	-0.9748
1215.0	5.355279	-0.7406550000000001	8.136414	-0.019198621771937627	0.0017453292519943296	0.027925268031909273	-0.8296	-0.1275	-0.9744
1216.0	5.347431	-0.7573320000000001	8.145243	-0.013962634015954637	-0.020943951023931952	0.022689280275926284	-0.8299	-0.1269	-0.9725
1217.0	5.343507	-0.771066	8.157996	-0.013962634015954637	-0.027925268031909273	0.017453292519943295	-0.8305	-0.1265	-0.969
1218.0	5.343507	-0.786762	8.160939	-0.0017453292519943296	-0.05061454830783556	0.0017453292519943296	-0.8307	-0.1259	-0.9656
1219.0	5.348412000000001	-0.795591	8.159958	-0.005235987755982988	-0.04537856055185257	0.015707963267948967	-0.8308	-0.1259	-0.9639
1220.0	5.355279	-0.796572	8.15211	-0.013962634015954637	-0.04537856055185257	0.015707963267948967	-0.8312	-0.1256	-0.9624
1221.0	5.357241	-0.803439	8.157015000000001	-0.020943951023931952	-0.059341194567807204	0.006981317007977318	-0.8322	-0.1248	-0.9604
1222.0	5.355279	-0.807363	8.159958	-0.013962634015954637	-0.0715584993317675	0.010471975511965976	-0.8328	-0.1243	-0.9605
1223.0	5.350374	-0.803439	8.168787	-0.024434609527920613	-0.08726646259971647	0.012217304763960306	-0.8336	-0.1245	-0.9594
1224.0	5.337621	-0.793629	8.202141	-0.029670597283903602	-0.13962634015954636	0.006981317007977318	-0.8341	-0.1244	-0.9587
1225.0	5.336640000000001	-0.812268	8.225685	-0.012217304763960306	-0.19373154697137057	-0.026179938779914945	-0.8351	-0.1241	-0.9576
1226.0	5.315058	-0.8897670000000001	8.264925	0.029670597283903602	-0.22689280275926285	-0.048869219055841226	-0.8359	-0.1242	-0.9563
1227.0	5.249331000000001	-0.9898290000000001	8.364006	0.08028514559173916	-0.3595378259108319	-0.10297442586766545	-0.8365	-0.1247	-0.9551
1228.0	5.163984	-0.9898290000000001	8.514099	0.0715584993317675	-0.5515240436302081	-0.14486232791552936	-0.8382	-0.1248	-0.9528
1229.0	5.0786370000000005	-0.992772	8.668116000000001	0.0715584993317675	-0.5515240436302081	-0.14486232791552936	-0.8398	-0.125	-0.9505
1230.0	5.057055	-0.930969	8.775045	-0.03665191429188092	-0.9302604913129776	-0.10995574287564276	-0.8418	-0.1258	-0.9463
1231.0	5.0227200000000005	-0.9005580000000001	8.911404000000001	-0.012217304763960306	-1.1571532940722404	-0.09948376736367678	-0.8445	-0.1271	-0.9404
1232.0	4.978575	-0.9133110000000001	9.076212	-0.008726646259971648	-1.2880529879718152	-0.1413716694115407	-0.8486	-0.1283	-0.9328
1233.0	4.943259	-0.967266	9.236115	0.020943951023931952	-1.551597705022959	-0.16755160819145562	-0.853	-0.1294	-0.9241
1234.0	4.9412970000000005	-0.9937530000000001	9.372474	0.0715584993317675	-1.8395770316020235	-0.20769418098732523	-0.8583	-0.1312	-0.912
1235.0	4.9412970000000005	-0.997677	9.502947	0.08726646259971647	-2.1450096507010312	-0.24958208303518914	-0.8647	-0.1338	-0.8972
1236.0	4.981518	-0.877995	9.590256	0.12217304763960307	-2.4591689160600105	-0.2897246558310587	-0.8719	-0.1361	-0.8785
1237.0	5.033511	-0.737712	9.612819	0.12740903539558607	-2.7820548276789614	-0.3455751918948773	-0.8804	-0.1394	-0.855
1238.0	5.11101	-0.6621750000000001	9.551997	0.1361356816555577	-3.1014500807939234	-0.3909537524467298	-0.8897	-0.1427	-0.8259
1239.0	5.198319000000001	-0.632745	9.484308	0.1361356816555577	-3.2672563597333846	-0.4276056667386107	-0.9001	-0.1475	-0.7914
1240.0	5.301324	-0.803439	9.450954000000001	0.18151424220741028	-3.5238197597765515	-0.5061454830783556	-0.9123	-0.152	-0.7519
1241.0	5.486733	-1.111473	9.377379	0.26005405854715513	-3.7629298672997744	-0.6702064327658225	-0.9237	-0.1573	-0.7096
1242.0	5.684895	-1.374381	9.281241000000001	0.26005405854715513	-3.7629298672997744	-0.6702064327658225	-0.9342	-0.1623	-0.6689
1243.0	5.878152	-1.601973	9.178236	0.26005405854715513	-3.7629298672997744	-0.6702064327658225	-0.9442	-0.1669	-0.63
1244.0	6.044922	-1.8609570000000002	9.078174	0.26005405854715513	-3.7629298672997744	-0.6702064327658225	-0.9528	-0.1714	-0.594
1245.0	6.5913390000000005	-2.107188	8.926119000000002	0.5410520681182421	-3.473205211468716	-1.4730578886832142	-0.962	-0.1821	-0.5468
1246.0	7.195635000000001	-2.38383	8.727957000000002	0.6667157742618339	-3.3824480903650107	-1.5655603390389137	-0.9699	-0.1949	-0.4991
1247.0	7.833285	-2.6643960000000004	8.529795000000002	0.6667157742618339	-3.3824480903650107	-1.5655603390389137	-0.9766	-0.2066	-0.4571
1248.0	8.459163	-2.981259	8.370873	0.6667157742618339	-3.3824480903650107	-1.5655603390389137	-0.9816	-0.2185	-0.4213
1249.0	8.757387000000001	-3.081321	8.243343000000001	0.5811946409141117	-2.6773350725593015	-1.6510814723866356	-0.9829	-0.2354	-0.3776
1250.0	8.748558000000001	-3.208851	8.110908	0.5358160803622591	-2.291617307868555	-1.6545721308906243	-0.9807	-0.2544	-0.3367
1251.0	8.207046	-3.203946	8.18154	0.6370451769779303	-1.8779742751458985	-1.6824973989225338	-0.9773	-0.275	-0.2976
1252.0	7.6616100000000005	-3.3108750000000002	8.559225000000001	0.6597344572538565	-1.5271630954950384	-1.616174887346749	-0.9728	-0.298	-0.2548
1253.0	7.087725000000001	-3.4501770000000005	9.037953	0.5375614096142535	-0.4520402762665313	-1.0611601852125523	-0.967	-0.3221	-0.2089
1254.0	6.172452	-3.759192	9.392094	0.33161255787892263	0.5445427266222308	-0.4485496177625427	-0.9618	-0.3469	-0.1615
1255.0	4.782375	-4.043682	9.708957000000002	0.36302848441482055	1.239183768915974	-0.059341194567807204	-0.9549	-0.365	-0.1285
1256.0	3.3265710000000004	-4.191813000000001	10.049364	0.22165681500327983	1.7627825445142729	0.2303834612632515	-0.9485	-0.3803	-0.1015
1257.0	1.9600380000000002	-4.221243	10.366227	-0.22863813201125716	2.2549653935766734	0.5131268000863328	-0.9425	-0.3952	-0.0787
1258.0	0.5935050000000001	-4.250673000000001	10.68309	-0.22863813201125716	2.2549653935766734	0.5131268000863328	-0.9365	-0.41	-0.0559
1259.0	-0.33746400000000004	-4.439025	10.914606000000001	-0.7452555906015788	2.909463863074547	0.7627088831215221	-0.9344	-0.416	-0.059
1260.0	-0.986886	-4.40469	11.140236	-0.9424777960769379	3.1503192998497647	0.8290313946973066	-0.9332	-0.418	-0.0736
1261.0	-1.0643850000000001	-4.2575400000000005	11.17359	-1.2147491593880533	3.2899456400093112	0.9005898940290741	-0.9341	-0.4163	-0.0976
1262.0	-0.9574560000000001	-3.986784	10.939131	-1.4660765716752369	3.385938748868999	0.9634217471008699	-0.935	-0.4104	-0.1313
1263.0	-0.623916	-3.7140660000000003	10.644831	-1.6091935703387719	3.5238197597765515	1.0262536001726656	-0.937	-0.4012	-0.1733
1264.0	0.223668	-3.2863500000000005	10.510434	-1.6196655458507379	3.7280232822598878	1.090830782496456	-0.937	-0.3899	-0.2227
1265.0	1.274319	-2.88414	10.498662000000001	-1.567305668290908	3.8205257326155877	1.137954672300303	-0.9364	-0.3766	-0.2758
1266.0	2.380887	-2.631042	10.554579000000002	-1.457349925415265	3.9217548292312583	1.24965574442794	-0.9332	-0.3614	-0.3341
1267.0	3.442329	-2.4701580000000005	10.639926	-1.356120828799594	3.9531707557671565	1.3980087308474578	-0.9286	-0.3445	-0.3903
1268.0	4.558707	-2.3092740000000003	10.745874	-1.2880529879718152	3.9514254265151623	1.556833692778942	-0.9233	-0.3253	-0.4568
1269.0	5.605434000000001	-2.194497	10.917549000000001	-1.1571532940722404	3.923500158483253	1.7226399717184033	-0.9144	-0.3059	-0.5176
1270.0	6.623712	-2.1719340000000003	11.112768	-0.9756390518648302	3.8292523788755592	1.8849555921538759	-0.9041	-0.2857	-0.5759
1271.0	7.566453	-2.220984	11.289348	-0.8063421144213803	3.691371367968007	2.0367992370773824	-0.8916	-0.2636	-0.6312
1272.0	8.375778	-2.286711	11.406087000000001	-0.7243116395776468	3.600614246864302	2.1153390534171272	-0.8786	-0.2405	-0.6844
1273.0	9.040896	-2.3259510000000003	11.455137	-0.6213372137099813	3.363249468593073	2.2549653935766734	-0.8645	-0.2174	-0.7351
1274.0	9.60399	-2.3308560000000003	11.432574	-0.5672320068981571	3.118903373313867	2.3736477827122884	-0.85	-0.1927	-0.7844
1275.0	10.091547	-2.323008	11.305044000000002	-0.5864306286700948	2.865830631774689	2.462659574563999	-0.8351	-0.1668	-0.8339
1276.0	10.709577	-2.590821	11.074509	0.18675022996339324	2.419026343264141	2.4033183799961915	-0.8223	-0.1405	-0.88
1277.0	10.915587	-2.581011	10.209267	0.9337511498169663	1.5341444125030157	1.9704767255015982	-0.8095	-0.1139	-0.9277
1278.0	11.346246	-1.4852340000000002	9.359721	0.5288347633542818	1.1693705988362009	2.0682151636132806	-0.7969	-0.0892	-0.9663
1279.0	11.831841	-0.577809	8.749539	-0.7312929565856241	0.8901179185171081	2.05599785884932	-0.7866	-0.0645	-0.9997
1280.0	12.288987	-0.08142300000000001	8.222742	-1.2077678423800762	1.0367255756846316	1.8343410438460404	-0.7778	-0.0392	-1.0312
1281.0	12.603888	0.152055	7.593921000000001	-0.6928957130417489	1.0978120995044334	1.24965574442794	-0.7699	-0.014	-1.0595
1282.0	12.780468	0.542493	6.833646	-0.13788101090755203	0.9651670763528641	0.6178465552059926	-0.7628	0.0099	-1.0813
1283.0	12.914865	1.2380220000000002	6.047865000000001	-0.09948376736367678	0.7749261878854823	0.21642082724729686	-0.7565	0.0328	-1.1102
1284.0	13.000212	1.962981	5.274837	-0.2827433388230814	0.6457718232379019	-0.019198621771937627	-0.7507	0.0527	-1.1365
1285.0	13.002174	2.543733	4.560669	-0.26354471705114374	0.5689773361501514	-0.1466076571675237	-0.7456	0.0702	-1.155
1286.0	12.751038000000001	3.3304950000000004	3.9151710000000004	-0.11344640137963143	0.4310963252425994	-0.35779249665883756	-0.7404	0.0839	-1.1701
1287.0	12.804993	3.826881	3.8896650000000004	0.019198621771937627	0.22514747350726852	-0.5078908123303499	-0.7354	0.095	-1.1855
1288.0	12.515598	3.249072	3.8200140000000005	0.0715584993317675	0.022689280275926284	-0.5288347633542818	-0.7315	0.105	-1.1996
1289.0	12.068262	2.847843	3.505113	0.18675022996339324	-0.18500490071139894	-0.4572762640225143	-0.7271	0.1119	-1.2112
1290.0	11.568933000000001	2.812527	3.1382190000000003	0.3909537524467298	-0.3455751918948773	-0.30717794835100204	-0.7237	0.1154	-1.2193
1291.0	11.126502000000002	2.973411	2.912589	0.5183627878423158	-0.4118977034706618	-0.1361356816555577	-0.721	0.1139	-1.2268
1292.0	10.726253999999999	2.9361330000000003	2.873349	0.7627088831215221	-0.5148721293383273	-0.031415926535897934	-0.7201	0.1104	-1.2366
1293.0	10.465308	2.3426280000000004	3.002841	1.2060225131280815	-0.7243116395776468	0.038397243543875255	-0.7201	0.1042	-1.2353
1294.0	9.766836000000001	1.983582	2.323008	1.3037609512397643	-1.8465583486100006	-0.5218534463463045	-0.7239	0.0964	-1.2297
1295.0	8.892765	1.783458	1.830546	1.0314895879286488	-2.965314399138366	-0.8080874436733745	-0.73	0.0857	-1.2237
1296.0	8.652420000000001	1.266471	2.689902	0.9424777960769379	-2.410299697004169	-0.4625122517784973	-0.7389	0.0739	-1.2149
1297.0	8.297298	1.0732140000000001	3.783717	0.6422811647339133	-2.541199390903744	0.1291543646475804	-0.7505	0.0622	-1.199
1298.0	7.665534	0.7749900000000001	4.35564	0.42062434973063345	-2.949606435870417	0.1466076571675237	-0.7646	0.0505	-1.1793
1299.0	8.325747	0.04905	5.376861000000001	0.8691739674931761	-2.5342180738957665	-0.6667157742618339	-0.7805	0.0372	-1.1575
1300.0	10.248507	-0.24230700000000002	6.4922580000000005	0.8936085770210968	-0.1117010721276371	-0.36826447217080355	-0.7954	0.0232	-1.1363
1301.0	9.830601	-0.10692900000000001	6.961176	0.49567350756638956	-0.5323254218582705	-0.38571776469074687	-0.81	0.0103	-1.1137
1302.0	9.814905	-0.042183000000000005	7.758729000000001	0.3508111796508603	-0.1710422666954443	-0.1780235837034216	-0.8241	-0.0024	-1.0922
1303.0	9.357759	0.35414100000000004	8.174673	0.12740903539558607	-0.16929693744344995	-0.015707963267948967	-0.8378	-0.0144	-1.0709
1304.0	9.42741	0.21778200000000003	9.355797	0.048869219055841226	-0.09599310885968812	-0.003490658503988659	-0.8491	-0.0249	-1.0522
1305.0	9.589275	-0.120663	10.32993	0.09075712110370514	-0.10471975511965978	-0.027925268031909273	-0.8581	-0.0328	-1.0373
1306.0	9.244944	0.0	9.981675000000001	0.06981317007977318	-0.03316125578789226	-0.03665191429188092	-0.8653	-0.0388	-1.0256
1307.0	9.104661	-0.16088400000000003	9.436239	0.03490658503988659	0.017453292519943295	-0.017453292519943295	-0.8701	-0.0446	-1.0167
1308.0	9.242001	-0.23053500000000002	9.454878	-0.017453292519943295	0.010471975511965976	0.020943951023931952	-0.8724	-0.0497	-1.0117
1309.0	8.146224	0.199143	9.010485000000001	-0.0715584993317675	-0.026179938779914945	0.06806784082777885	-0.8728	-0.0529	-1.0094
1310.0	5.822235000000001	0.184428	8.42679	-0.12042771838760874	-0.006981317007977318	0.09773843811168245	-0.8735	-0.0545	-1.0071
1311.0	5.901696	-0.231516	8.457201	-0.11868238913561441	-0.026179938779914945	0.09948376736367678	-0.8739	-0.0554	-1.0051
1312.0	5.628978	-0.5375880000000001	8.125623000000001	-0.07679448708775051	-0.03316125578789226	0.08028514559173916	-0.8737	-0.0557	-1.0008
1313.0	5.64075	-0.918216	8.061858	-0.038397243543875255	-0.029670597283903602	0.0471238898038469	-0.8737	-0.0554	-0.9947
1314.0	5.541669	-1.026126	8.057934000000001	0.0017453292519943296	-0.026179938779914945	0.006981317007977318	-0.8738	-0.0549	-0.9867
1315.0	5.567175000000001	-0.973152	8.086383000000001	0.019198621771937627	-0.017453292519943295	-0.015707963267948967	-0.8738	-0.0549	-0.9785
1316.0	5.5083150000000005	-1.02024	8.098155	0.041887902047863905	0.0	-0.027925268031909273	-0.8739	-0.0547	-0.9713
1317.0	5.424930000000001	-1.126188	8.086383000000001	0.10471975511965978	0.006981317007977318	-0.08203047484373349	-0.874	-0.0544	-0.9666
1318.0	5.413158	-1.19682	8.038314	0.12042771838760874	0.013962634015954637	-0.09075712110370514	-0.8733	-0.0546	-0.9644
1319.0	5.4013860000000005	-1.276281	8.002017	0.1291543646475804	0.054105206811824215	-0.10821041362364843	-0.8735	-0.0548	-0.9645
1320.0	5.397462000000001	-1.2674520000000002	7.982397000000001	0.13264502315156904	0.08552113334772216	-0.1117010721276371	-0.8739	-0.0554	-0.9653
1321.0	5.383728	-1.2036870000000002	7.982397000000001	0.13788101090755203	0.0890117918517108	-0.10821041362364843	-0.8744	-0.0566	-0.9681
1322.0	5.371956	-1.126188	7.993188	0.10821041362364843	0.1117010721276371	-0.09948376736367678	-0.8743	-0.0579	-0.972
1323.0	5.369994	-1.0467270000000002	8.009865	0.09773843811168245	0.11519173063162574	-0.09599310885968812	-0.8736	-0.0599	-0.9787
1324.0	5.365089000000001	-1.001601	8.031447	0.08203047484373349	0.11344640137963143	-0.08203047484373349	-0.8733	-0.0616	-0.9874
1325.0	5.366070000000001	-0.940779	8.062839	0.0471238898038469	0.12042771838760874	-0.08028514559173916	-0.8729	-0.0637	-0.9968
1326.0	5.374899000000001	-0.874071	8.092269	0.038397243543875255	0.08726646259971647	-0.06981317007977318	-0.8721	-0.0659	-1.0035
1327.0	5.383728	-0.8142300000000001	8.115813000000001	0.03316125578789226	0.07853981633974483	-0.05759586531581287	-0.8714	-0.0681	-1.006
1328.0	5.380785	-0.791667	8.137395	0.041887902047863905	0.06981317007977318	-0.048869219055841226	-0.8712	-0.0703	-1.0048
1329.0	5.37588	-0.788724	8.158977	0.05061454830783556	0.059341194567807204	-0.054105206811824215	-0.8704	-0.0719	-1.0001
1330.0	5.374899000000001	-0.7975530000000001	8.182521	0.0471238898038469	0.07853981633974483	-0.054105206811824215	-0.8698	-0.0739	-0.9931
1331.0	5.367051000000001	-0.8220780000000001	8.194293	0.054105206811824215	0.06632251157578452	-0.05759586531581287	-0.8687	-0.0754	-0.9869
1332.0	5.357241	-0.852489	8.197236	0.08028514559173916	0.061086523819801536	-0.0645771823237902	-0.8673	-0.0774	-0.9832
1333.0	5.339583	-0.8721090000000001	8.195274000000001	0.08203047484373349	0.06632251157578452	-0.0715584993317675	-0.8674	-0.0783	-0.9815
1334.0	5.322906	-0.884862	8.194293	0.08377580409572781	0.061086523819801536	-0.07504915783575616	-0.8666	-0.0799	-0.9814
1335.0	5.300343000000001	-0.906444	8.187426	0.10297442586766545	0.04014257279586958	-0.08377580409572781	-0.8667	-0.0808	-0.9829
1336.0	5.288571	-0.9123300000000001	8.176635000000001	0.09599310885968812	0.05759586531581287	-0.07853981633974483	-0.8667	-0.0819	-0.9856
1337.0	5.280723	-0.906444	8.165844	0.09948376736367678	0.05585053606381855	-0.0890117918517108	-0.8673	-0.0836	-0.9911
1338.0	5.272875	-0.9035010000000001	8.157015000000001	0.11519173063162574	0.06632251157578452	-0.09250245035569947	-0.8673	-0.0852	-0.9985
1339.0	5.267970000000001	-0.89271	8.150148	0.12042771838760874	0.07504915783575616	-0.0942477796076938	-0.8666	-0.0869	-1.0038
1340.0	5.268951	-0.870147	8.145243	0.12042771838760874	0.1064650843716541	-0.1064650843716541	-0.8662	-0.0887	-1.0143
1341.0	5.273856	-0.8377740000000001	8.150148	0.1361356816555577	0.10471975511965978	-0.1064650843716541	-0.8656	-0.0905	-1.0181
1342.0	5.283666	-0.7985340000000001	8.1423	0.10995574287564276	0.1117010721276371	-0.0942477796076938	-0.8664	-0.0924	-1.0217
1343.0	5.2944569999999995	-0.770085	8.137395	0.12391837689159739	0.11519173063162574	-0.0942477796076938	-0.8657	-0.0951	-1.0219
1344.0	5.301324	-0.7426170000000001	8.134452000000001	0.1117010721276371	0.12566370614359174	-0.08377580409572781	-0.8652	-0.0974	-1.0223
1345.0	5.30721	-0.714168	8.137395	0.1117010721276371	0.12042771838760874	-0.0942477796076938	-0.8635	-0.1001	-1.0229
1346.0	5.306229000000001	-0.6916049999999999	8.146224	0.10122909661567112	0.1361356816555577	-0.09599310885968812	-0.8623	-0.1029	-1.0236
1347.0	5.301324	-0.660213	8.165844	0.1117010721276371	0.12042771838760874	-0.0942477796076938	-0.8603	-0.1054	-1.0238
1348.0	5.295438	-0.626859	8.186445	0.09250245035569947	0.10297442586766545	-0.08377580409572781	-0.8582	-0.1078	-1.023
1349.0	5.286609	-0.59841	8.207046	0.10995574287564276	0.07504915783575616	-0.07853981633974483	-0.8572	-0.1103	-1.0259
1350.0	5.273856	-0.57879	8.228628	0.09250245035569947	0.08203047484373349	-0.07853981633974483	-0.8556	-0.1126	-1.0246
1351.0	5.265027	-0.562113	8.241381	0.09599310885968812	0.06981317007977318	-0.08203047484373349	-0.8549	-0.1152	-1.0288
1352.0	5.2463880000000005	-0.538569	8.256096000000001	0.08552113334772216	0.07853981633974483	-0.0715584993317675	-0.8537	-0.1178	-1.0311
1353.0	5.235596999999999	-0.531702	8.267868	0.0890117918517108	0.04363323129985824	-0.05759586531581287	-0.8527	-0.1197	-1.0349
1354.0	5.2257869999999995	-0.5277780000000001	8.27964	0.08726646259971647	0.048869219055841226	-0.06632251157578452	-0.8521	-0.1213	-1.0372
1355.0	5.219901	-0.51993	8.287488	0.07853981633974483	0.04537856055185257	-0.06283185307179587	-0.852	-0.1233	-1.0367
1356.0	5.2208820000000005	-0.509139	8.287488	0.0942477796076938	0.03316125578789226	-0.06806784082777885	-0.8504	-0.1247	-1.0368
1357.0	5.2208820000000005	-0.509139	8.281602	0.07853981633974483	0.05235987755982989	-0.05759586531581287	-0.8502	-0.1263	-1.0345
1358.0	5.214996	-0.513063	8.280621	0.09948376736367678	0.04363323129985824	-0.0715584993317675	-0.8496	-0.1284	-1.0355
1359.0	5.211072000000001	-0.522873	8.271792	0.10297442586766545	0.04363323129985824	-0.07504915783575616	-0.8492	-0.1305	-1.0381
1360.0	5.209110000000001	-0.5258160000000001	8.267868	0.10122909661567112	0.06283185307179587	-0.08377580409572781	-0.8483	-0.133	-1.0371
1361.0	5.200281	-0.5258160000000001	8.267868	0.11868238913561441	0.04537856055185257	-0.0890117918517108	-0.8472	-0.1353	-1.0366
1362.0	5.202243	-0.533664	8.266887	0.11519173063162574	0.041887902047863905	-0.09075712110370514	-0.8456	-0.1377	-1.0369
1363.0	5.194395	-0.516987	8.266887	0.11868238913561441	0.03316125578789226	-0.07853981633974483	-0.8443	-0.1399	-1.0368
1364.0	5.186547	-0.48559500000000005	8.275716000000001	0.10297442586766545	0.020943951023931952	-0.0715584993317675	-0.8432	-0.1424	-1.0355
1365.0	5.181642	-0.455184	8.288469000000001	0.07853981633974483	0.020943951023931952	-0.07679448708775051	-0.8425	-0.1449	-1.0352
1366.0	5.168889000000001	-0.43164	8.29926	0.08203047484373349	0.0	-0.06806784082777885	-0.8425	-0.1475	-1.0342
1367.0	5.156136	-0.413001	8.30907	0.06632251157578452	0.0	-0.06632251157578452	-0.8415	-0.1498	-1.0354
1368.0	5.148288000000001	-0.3924	8.326728000000001	0.05585053606381855	-0.020943951023931952	-0.06806784082777885	-0.8418	-0.152	-1.034
1369.0	5.138478000000001	-0.374742	8.34831	0.06632251157578452	-0.054105206811824215	-0.0715584993317675	-0.8409	-0.1543	-1.0301
1370.0	5.132592	-0.361008	8.360082	0.061086523819801536	-0.05759586531581287	-0.061086523819801536	-0.8408	-0.1563	-1.0302
1371.0	5.139459	-0.346293	8.357139	0.07853981633974483	-0.06981317007977318	-0.0715584993317675	-0.8407	-0.158	-1.0296
1372.0	5.138478000000001	-0.327654	8.359101	0.059341194567807204	-0.07679448708775051	-0.07853981633974483	-0.8414	-0.1594	-1.028
1373.0	5.143383	-0.32176800000000005	8.366949	0.06981317007977318	-0.09250245035569947	-0.07504915783575616	-0.842	-0.1613	-1.0265
1374.0	5.138478000000001	-0.32569200000000004	8.366949	0.07504915783575616	-0.11519173063162574	-0.07504915783575616	-0.8425	-0.1636	-1.0262
1375.0	5.13063	-0.32373	8.393436000000001	0.06806784082777885	-0.17453292519943295	-0.06981317007977318	-0.842	-0.1657	-1.0255
1376.0	5.13063	-0.34531200000000006	8.458182	0.1361356816555577	-0.2792526803190927	-0.08726646259971647	-0.8425	-0.1676	-1.024
1377.0	5.122782	-0.47382300000000005	8.526852	0.1884955592153876	-0.3036872898470133	-0.1308996938995747	-0.8435	-0.17	-1.0217
1378.0	5.110029000000001	-0.600372	8.610237000000001	0.3665191429188092	-0.4328416544945937	-0.20943951023931956	-0.8439	-0.1729	-1.0181
1379.0	5.043321000000001	-0.43948800000000005	8.775045	0.18675022996339324	-0.7051130178057091	-0.2129301687433082	-0.8455	-0.1758	-1.015
1380.0	5.004081	-0.42379200000000006	8.951625	0.1884955592153876	-0.9756390518648302	-0.2059488517353309	-0.848	-0.1791	-1.0105
1381.0	4.925601	-0.391419	9.154692	0.17627825445142728	-1.319468914507713	-0.21642082724729686	-0.8508	-0.1823	-1.0046
1382.0	4.877532	-0.34236900000000003	9.371493000000001	0.13962634015954636	-1.6720254234105676	-0.20420352248333654	-0.8546	-0.1859	-0.9966
1383.0	4.832406	-0.29233800000000004	9.560826	0.1466076571675237	-1.843067690106012	-0.19896753472735357	-0.859	-0.1894	-0.9861
1384.0	4.839273	-0.30312900000000004	9.717786	0.1413716694115407	-2.1624629432209743	-0.22514747350726852	-0.8646	-0.1926	-0.9725
1385.0	4.869684	-0.358065	9.820791000000002	0.1308996938995747	-2.4748768793279594	-0.2775073510670984	-0.8723	-0.1963	-0.9559
1386.0	4.875570000000001	-0.40515300000000004	9.906138	0.16057029118347832	-2.78554548618295	-0.3752457891787809	-0.8814	-0.2006	-0.9361
1387.0	4.932468	-0.443412	9.958131	0.23212879051524585	-3.087487446777969	-0.5131268000863328	-0.8917	-0.2054	-0.9104
1388.0	4.997214	-0.438507	9.932625	0.3595378259108319	-3.331833542057175	-0.7539822368615504	-0.9037	-0.2098	-0.8793
1389.0	5.173794	-0.787743	9.823734000000002	0.5864306286700948	-3.4435346141848124	-1.0419615634406147	-0.9164	-0.2159	-0.8418
1390.0	5.353317	-0.918216	9.659907	0.6789330790257941	-3.4941491624926475	-1.1693705988362009	-0.9292	-0.2238	-0.7983
1391.0	5.733945	-1.185048	9.462726	0.7906341511534313	-3.625048856392222	-1.413716694115407	-0.9424	-0.2337	-0.7508
1392.0	6.206787	-1.477386	9.266526	0.9529497715889039	-3.607595563872279	-1.5969762655748114	-0.9551	-0.2456	-0.7012
1393.0	6.763995	-1.798173	9.094851	0.8499753457212386	-3.464478565208744	-1.7208946424664089	-0.967	-0.2598	-0.6507
1394.0	7.355538000000001	-1.9472850000000002	8.961435	0.7417649320975901	-3.2672563597333846	-1.8221237390820801	-0.9769	-0.2769	-0.6006
1395.0	7.903917	-1.968867	8.812323000000001	0.4328416544945937	-3.0770154712660034	-1.8936822384138476	-0.9849	-0.2954	-0.5512
1396.0	8.365968	-1.9884870000000001	8.622009	0.24783675378319478	-2.988003679414292	-1.8936822384138476	-0.9909	-0.3165	-0.5027
1397.0	8.61318	-1.996335	8.548434	-0.16057029118347832	-2.731440279371126	-1.900663555421825	-0.9941	-0.3394	-0.4575
1398.0	8.424828	-2.002221	8.680869000000001	-0.49741883681838395	-2.220058808536787	-1.9757127132575811	-0.9947	-0.3644	-0.4158
1399.0	8.457201	-1.839375	8.984979000000001	-0.9965830028887622	-1.5952309363228172	-2.155481626212997	-0.993	-0.3896	-0.3796
1400.0	8.333595	-2.010069	9.39798	-1.460840583919254	-0.4310963252425994	-2.0176006153054447	-0.9883	-0.416	-0.3504
1401.0	7.795026	-2.328894	9.675603	-1.3543754995475996	0.4468042885105484	-1.9338248112097172	-0.9821	-0.4427	-0.329
1402.0	6.897411	-2.528037	9.776646000000001	-1.0663961729685354	0.8918632477691024	-1.790707812546182	-0.9733	-0.4693	-0.3138
1403.0	5.805558	-2.546676	9.771741	-1.106538745764405	1.0000736613927508	-1.6441001553786585	-0.9633	-0.4955	-0.3032
1404.0	4.609719	-2.681073	9.695223	-1.3421581947836396	1.08035880698449	-1.2164944886400477	-0.9532	-0.5204	-0.2958
1405.0	3.283407	-2.956734	9.527472	-1.5219271077390555	1.1536626355682518	-0.7173303225696694	-0.9427	-0.5445	-0.2925
1406.0	1.80504	-3.11958	9.291051000000001	-1.6615534478986018	0.7696902001294994	-0.18675022996339324	-0.9322	-0.5657	-0.2927
1407.0	0.7239780000000001	-3.1637250000000003	9.037953	-1.9355701404617116	0.21467549799530256	0.4310963252425994	-0.9227	-0.5839	-0.2987
1408.0	0.5160060000000001	-3.4354620000000002	8.843715	-1.9163715186897738	0.20420352248333654	1.1100294042683936	-0.915	-0.5971	-0.3118
1409.0	0.295281	-3.882798	8.620047000000001	-1.7069320084504542	0.4572762640225143	1.7034413499464656	-0.9097	-0.6063	-0.3309
1410.0	0.074556	-3.917133	8.336538000000001	-1.2566370614359172	1.1239920382843482	1.9617500792416265	-0.9069	-0.6088	-0.3552
1411.0	-0.010791000000000002	-3.4992270000000003	8.163882000000001	-1.0559241974565694	1.4259339988793673	2.3666664657043106	-0.9062	-0.6052	-0.3824
1412.0	0.229554	-3.136257	8.164863	-1.069886831472524	1.5865042900628457	2.614503219487506	-0.9078	-0.5963	-0.4112
1413.0	0.71613	-2.956734	8.333595	-1.0210176124166828	1.8971728969178363	2.7157323161031766	-0.9117	-0.5803	-0.4428
1414.0	1.3115970000000001	-2.758572	8.621028	-0.8395033702092726	2.2671826983406342	2.682571060315284	-0.917	-0.5586	-0.4775
1415.0	2.119941	-2.46231	9.061497	-0.7260569688296411	2.6040312439755393	2.5761059759436304	-0.9232	-0.5312	-0.5155
1416.0	3.245148	-2.260224	9.620667000000001	-0.6841690667817772	2.748893571891069	2.5237460983838003	-0.9283	-0.5001	-0.5571
1417.0	4.205547	-2.107188	10.125882	-0.5934119456780721	3.061307507998054	2.4172810140121466	-0.9323	-0.4658	-0.5987
1418.0	4.805919	-1.7942490000000002	10.448631	-0.47472955654245763	3.3178709080412205	2.316051917396475	-0.9344	-0.4299	-0.6452
1419.0	5.234616	-1.4234310000000001	10.677204000000001	-0.3595378259108319	3.5238197597765515	2.2671826983406342	-0.9337	-0.3924	-0.6907
1420.0	5.868342	-1.222326	10.921473	-0.32114058236695664	3.729768611511882	2.2933626371205493	-0.9289	-0.355	-0.7306
1421.0	6.6698189999999995	-1.279224	11.214792000000001	-0.22863813201125716	3.8693949516714286	2.3509585024363617	-0.9212	-0.3185	-0.7736
1422.0	7.434018000000001	-1.458747	11.496339	-0.16755160819145562	3.91826417072727	2.377138441216277	-0.9106	-0.2812	-0.8146
1423.0	8.119737	-1.641213	11.715102	-0.06283185307179587	3.9217548292312583	2.3963370629882146	-0.8965	-0.2461	-0.8603
1424.0	8.772102	-1.852128	11.846556000000001	0.006981317007977318	3.8362336958835366	2.3928464044842257	-0.879	-0.2123	-0.9043
1425.0	9.385227	-2.112093	11.88972	-0.026179938779914945	3.6582101121801145	2.384119758224254	-0.8591	-0.1798	-0.9475
1426.0	9.921834	-2.34459	11.784753	-0.11519173063162574	3.3108895910332428	2.28987197861656	-0.8378	-0.1487	-0.9896
1427.0	10.352492999999999	-2.488797	11.491434	-0.3508111796508603	2.790781473938933	2.092649773141201	-0.8157	-0.1188	-1.0328
1428.0	10.671318000000001	-2.490759	10.998972	-0.6806784082777885	2.090904443889207	1.8936822384138476	-0.7924	-0.0901	-1.0695
1429.0	10.903815	-2.237661	10.288728	-0.8569566627292158	1.7069320084504542	1.7941984710501708	-0.7702	-0.0625	-1.1046
1430.0	11.143179	-1.701054	9.488232	-1.2985249634837812	1.0140362954087054	1.7086773377024487	-0.7502	-0.0352	-1.1421
1431.0	11.560103999999999	-0.976095	8.632800000000001	-1.457349925415265	0.5305800926062761	1.6301375213627038	-0.7316	-0.0081	-1.1724
1432.0	12.201678000000001	-0.290376	7.626294000000001	-1.106538745764405	0.4276056667386107	1.5236724369910497	-0.7149	0.0185	-1.2024
1433.0	12.886416000000002	0.21974400000000002	6.475581000000001	-0.26005405854715513	0.4852015320544236	1.0611601852125523	-0.7015	0.045	-1.2202
1434.0	13.338657	0.8652420000000001	5.304267	0.2530727415391778	0.3717551306747922	0.4276056667386107	-0.6902	0.0695	-1.2351
1435.0	13.443624000000002	1.679472	4.252635000000001	0.14486232791552936	0.008726646259971648	-0.1291543646475804	-0.6809	0.0911	-1.2509
1436.0	13.385745000000002	2.4122790000000003	3.428595	0.054105206811824215	-0.20420352248333654	-0.38746309394274114	-0.6742	0.1102	-1.2639
1437.0	13.340619000000002	2.934171	2.891988	-0.019198621771937627	-0.45029494701453704	-0.7871434926494426	-0.67	0.1259	-1.2712
1438.0	13.354353	3.2520150000000005	2.647719	0.04363323129985824	-0.4939281783143953	-1.117010721276371	-0.6692	0.1365	-1.2756
1439.0	13.329828000000001	3.281445	2.6673389999999997	0.1064650843716541	-0.4310963252425994	-1.3089969389957472	-0.67	0.1429	-1.2769
1440.0	13.140495	3.028347	2.7978120000000004	0.09599310885968812	-0.41015237421866746	-1.429424657383356	-0.6718	0.1457	-1.2756
1441.0	12.632337000000001	2.624175	2.9792970000000003	0.09599310885968812	-0.4258603374866164	-1.4590952546672593	-0.6745	0.1429	-1.2724
1442.0	11.759247000000002	2.260224	3.318723	0.1117010721276371	-0.4276056667386107	-1.4538592669112764	-0.6776	0.1356	-1.2669
1443.0	10.682109	2.044404	3.803337	0.18500490071139894	-0.46949356878647464	-1.3997540600994522	-0.6807	0.1242	-1.2645
1444.0	9.717786	1.715769	4.348773	0.19024088846738194	-0.5166174585903216	-1.2688543661998777	-0.6845	0.11	-1.2622
1445.0	9.025200000000002	1.1870100000000001	4.868703	0.18151424220741028	-0.5183627878423158	-1.1047934165124105	-0.689	0.0944	-1.2546
1446.0	8.432676	0.6582510000000001	5.2944569999999995	0.2234021442552742	-0.5235987755982988	-0.895353906273091	-0.6942	0.0776	-1.2462
1447.0	7.67142	0.28449	5.579928	0.1710422666954443	-0.7016223593017206	-0.6492624817418906	-0.699	0.0604	-1.2386
1448.0	6.718869	-0.003924	5.704515000000001	0.11344640137963143	-1.0000736613927508	-0.3560471674068432	-0.7039	0.0456	-1.2303
1449.0	5.833026	-0.305091	5.757489	0.09948376736367678	-1.08035880698449	-0.17627825445142728	-0.7088	0.032	-1.2217
1450.0	5.158098000000001	-0.664137	5.8310640000000005	0.15358897417550102	-1.0471975511965976	0.19896753472735357	-0.7148	0.0195	-1.2127
1451.0	4.733325	-1.024164	5.97429	0.20420352248333654	-0.7417649320975901	0.619591884457987	-0.721	0.0102	-1.2037
1452.0	4.4301960000000005	-1.5617520000000003	6.345108000000001	1.7715091907742444	-0.6230825429619757	0.8796459430051421	-0.7281	0.0016	-1.1947
1453.0	4.202604	-2.715408	5.698629	2.8204520712228365	-1.965240737745615	-0.5183627878423158	-0.7357	-0.0088	-1.1833
1454.0	3.6542250000000003	-2.5986690000000006	5.7800519999999995	2.2549653935766734	-2.647664475275398	-0.9337511498169663	-0.7453	-0.0203	-1.1685
1455.0	5.072751	-2.7046170000000003	7.198578	2.4888395133439136	-1.9949113350295187	-1.6877333866785167	-0.7551	-0.0345	-1.1519
1456.0	6.662952000000001	-0.8240400000000001	8.071668	1.24965574442794	-0.2897246558310587	-0.7661995416255106	-0.7643	-0.049	-1.1354
1457.0	7.514460000000001	0.16284600000000002	8.514099	0.18151424220741028	-0.11344640137963143	-0.22165681500327983	-0.7737	-0.063	-1.1202
1458.0	8.001036000000001	0.20797200000000002	8.918271	0.143116998663535	-0.054105206811824215	-0.1361356816555577	-0.7814	-0.0768	-1.1061
1459.0	8.3385	0.159903	9.190008	0.20769418098732523	-0.05235987755982989	-0.14835298641951802	-0.7887	-0.0904	-1.0927
1460.0	8.499384	0.35512200000000005	9.391113	0.17627825445142728	-0.07504915783575616	-0.12391837689159739	-0.7945	-0.1047	-1.0801
1461.0	8.626914	0.6425550000000001	9.471555	0.1064650843716541	-0.010471975511965976	-0.048869219055841226	-0.7998	-0.1196	-1.0687
1462.0	8.722071	1.0967580000000001	9.327348	0.0890117918517108	0.006981317007977318	-0.041887902047863905	-0.8041	-0.1336	-1.0582
1463.0	8.766216	2.286711	10.249488	0.03490658503988659	0.05759586531581287	-0.027925268031909273	-0.8069	-0.1453	-1.0509
1464.0	9.206685	2.218041	10.429992	-0.03316125578789226	0.027925268031909273	0.03665191429188092	-0.8078	-0.1536	-1.0458
1465.0	7.753824000000001	2.3308560000000003	9.219438	-0.1117010721276371	0.019198621771937627	0.10297442586766545	-0.8079	-0.1576	-1.0409
1466.0	6.174414	0.447336	8.538624	-0.14835298641951802	0.03490658503988659	0.12042771838760874	-0.8075	-0.1596	-1.0355
1467.0	5.540688	-0.574866	8.29926	-0.12042771838760874	0.027925268031909273	0.09948376736367678	-0.807	-0.1601	-1.0279
1468.0	5.449455	-0.673947	8.130528	-0.10995574287564276	0.0471238898038469	0.08203047484373349	-0.8076	-0.1603	-1.0196
1469.0	5.461227	-0.646479	8.099136	-0.054105206811824215	0.07853981633974483	0.03665191429188092	-0.8074	-0.1605	-1.0134
1470.0	5.521068	-0.7200540000000001	8.087364	0.038397243543875255	0.09075712110370514	-0.019198621771937627	-0.8073	-0.1604	-1.0102
1471.0	5.475942000000001	-0.8103060000000001	8.120718	0.06632251157578452	0.08552113334772216	-0.048869219055841226	-0.8072	-0.16	-1.009
1472.0	5.410215	-0.854451	8.140338	0.03490658503988659	0.09773843811168245	-0.0471238898038469	-0.8068	-0.1599	-1.0099
1473.0	5.419044	-0.975114	8.124642000000001	0.0715584993317675	0.08203047484373349	-0.0715584993317675	-0.8066	-0.1595	-1.0116
1474.0	5.420025	-1.0987200000000001	8.106984	0.10471975511965978	0.06981317007977318	-0.08377580409572781	-0.8064	-0.1587	-1.0155
1475.0	5.390595	-1.160523	8.106984	0.13788101090755203	0.059341194567807204	-0.08726646259971647	-0.8062	-0.1585	-1.0207
1476.0	5.390595	-1.1654280000000001	8.108946	0.14486232791552936	0.07853981633974483	-0.12217304763960307	-0.8062	-0.1595	-1.0276
1477.0	5.394519000000001	-1.119321	8.124642000000001	0.17627825445142728	0.09948376736367678	-0.13962634015954636	-0.8061	-0.1613	-1.0363
1478.0	5.387652	-1.0280880000000001	8.154072000000001	0.19373154697137057	0.09599310885968812	-0.15358897417550102	-0.8047	-0.1632	-1.0459
1479.0	5.399424000000001	-0.881919	8.162901	0.1780235837034216	0.10821041362364843	-0.1308996938995747	-0.8035	-0.1655	-1.0533
1480.0	5.403348	-0.795591	8.172711	0.17453292519943295	0.09948376736367678	-0.1291543646475804	-0.8021	-0.1682	-1.0559
1481.0	5.3709750000000005	-0.7661610000000001	8.18154	0.16755160819145562	0.10995574287564276	-0.11519173063162574	-0.8006	-0.1709	-1.0549
1482.0	5.3278110000000005	-0.72594	8.207046	0.16406094968746698	0.08726646259971647	-0.10821041362364843	-0.7995	-0.1741	-1.0506
1483.0	5.237559000000001	-0.7475220000000001	8.216856	0.15358897417550102	0.07330382858376185	-0.12566370614359174	-0.7984	-0.177	-1.0432
1484.0	5.165946	-0.7975530000000001	8.215875	0.21467549799530256	0.06632251157578452	-0.16580627893946132	-0.7974	-0.1813	-1.036
1485.0	5.141421	-0.795591	8.205084000000001	0.26005405854715513	0.08377580409572781	-0.21118483949131386	-0.7967	-0.1849	-1.031
1486.0	5.159079	-0.734769	8.206065	0.25132741228718347	0.1308996938995747	-0.2129301687433082	-0.796	-0.1886	-1.0277
1487.0	5.171832	-0.668061	8.221761	0.2234021442552742	0.13264502315156904	-0.19722220547535926	-0.7947	-0.1926	-1.0266
1488.0	5.180661000000001	-0.64746	8.227647000000001	0.2059488517353309	0.1413716694115407	-0.18675022996339324	-0.7942	-0.1965	-1.0276
1489.0	5.183604	-0.6199920000000001	8.231571	0.20943951023931956	0.1466076571675237	-0.17627825445142728	-0.7936	-0.2006	-1.0298
1490.0	5.176737	-0.599391	8.23059	0.16929693744344995	0.1413716694115407	-0.158824961931484	-0.7932	-0.2041	-1.0338
1491.0	5.176737	-0.567999	8.234514	0.1361356816555577	0.1291543646475804	-0.12740903539558607	-0.7922	-0.2084	-1.0398
1492.0	5.200281	-0.517968	8.239419	0.11693705988362008	0.10122909661567112	-0.11519173063162574	-0.7916	-0.2122	-1.0484
1493.0	5.273856	-0.39926700000000004	8.238438	0.09250245035569947	0.0942477796076938	-0.08377580409572781	-0.7912	-0.2159	-1.0608
1494.0	5.329773	-0.26290800000000003	8.250210000000001	0.08028514559173916	0.08377580409572781	-0.06632251157578452	-0.7901	-0.2192	-1.0727
1495.0	5.350374	-0.161865	8.277678	0.07679448708775051	0.0645771823237902	-0.05759586531581287	-0.7882	-0.2231	-1.0779
1496.0	5.330754	-0.11673900000000001	8.304165000000001	0.05061454830783556	0.06632251157578452	-0.04537856055185257	-0.7869	-0.2257	-1.0812
1497.0	5.306229000000001	-0.10104300000000001	8.316918000000001	0.048869219055841226	0.03490658503988659	-0.027925268031909273	-0.7859	-0.2276	-1.0848
1498.0	5.278761	-0.074556	8.324766	0.020943951023931952	0.03316125578789226	-0.006981317007977318	-0.7841	-0.2297	-1.0886
1499.0	5.236578000000001	-0.089271	8.339481	0.026179938779914945	0.020943951023931952	-0.005235987755982988	-0.7826	-0.2318	-1.089
1500.0	5.196357	-0.104967	8.347329	0.015707963267948967	0.019198621771937627	-0.020943951023931952	-0.7813	-0.2333	-1.0879
1501.0	5.170851000000001	-0.125568	8.345367000000001	0.015707963267948967	0.020943951023931952	-0.003490658503988659	-0.7807	-0.2344	-1.0874
1502.0	5.148288000000001	-0.142245	8.340462	0.010471975511965976	0.003490658503988659	-0.003490658503988659	-0.7795	-0.2352	-1.0854
1503.0	5.131611	-0.167751	8.333595	-0.005235987755982988	0.015707963267948967	0.0	-0.7786	-0.2354	-1.0815
1504.0	5.1218010000000005	-0.1962	8.322804000000001	0.008726646259971648	0.003490658503988659	-0.005235987755982988	-0.7781	-0.2362	-1.0777
1505.0	5.111991000000001	-0.23053500000000002	8.317899	0.008726646259971648	0.03665191429188092	-0.008726646259971648	-0.7788	-0.2358	-1.0788
1506.0	5.105124	-0.26879400000000003	8.307108000000001	0.013962634015954637	0.05061454830783556	-0.015707963267948967	-0.7791	-0.2363	-1.0796
1507.0	5.1012	-0.30901500000000004	8.294355000000001	0.04363323129985824	0.04363323129985824	-0.019198621771937627	-0.7787	-0.2364	-1.0793
1508.0	5.099238000000001	-0.331578	8.28945	0.031415926535897934	0.05759586531581287	-0.022689280275926284	-0.7798	-0.237	-1.0754
1509.0	5.111991000000001	-0.34236900000000003	8.276697	0.04014257279586958	0.06283185307179587	-0.03316125578789226	-0.7802	-0.237	-1.0744
1510.0	5.1267059999999995	-0.347274	8.268849	0.03490658503988659	0.06632251157578452	-0.024434609527920613	-0.7811	-0.2374	-1.0762
1511.0	5.132592	-0.34236900000000003	8.273754	0.041887902047863905	0.0715584993317675	-0.03316125578789226	-0.7809	-0.2378	-1.0751
1512.0	5.138478000000001	-0.347274	8.26983	0.03316125578789226	0.059341194567807204	-0.03316125578789226	-0.7807	-0.2389	-1.0795
1513.0	5.136515999999999	-0.33746400000000004	8.277678	0.020943951023931952	0.06981317007977318	-0.024434609527920613	-0.78	-0.2399	-1.0743
1514.0	5.132592	-0.317844	8.290431	0.026179938779914945	0.0471238898038469	-0.027925268031909273	-0.7793	-0.2406	-1.0746
1515.0	5.1267059999999995	-0.2943	8.307108000000001	0.015707963267948967	0.048869219055841226	-0.019198621771937627	-0.7785	-0.2418	-1.0753
1516.0	5.115915	-0.26977500000000004	8.324766	0.020943951023931952	0.031415926535897934	-0.020943951023931952	-0.7771	-0.2426	-1.0758
1517.0	5.1041430000000005	-0.25506	8.340462	0.017453292519943295	0.012217304763960306	-0.015707963267948967	-0.7766	-0.2442	-1.0744
1518.0	5.098257000000001	-0.253098	8.354196	0.022689280275926284	0.017453292519943295	-0.027925268031909273	-0.7751	-0.2447	-1.0744
1519.0	5.088447	-0.256041	8.361063	0.04014257279586958	0.013962634015954637	-0.029670597283903602	-0.7741	-0.2456	-1.0743
1520.0	5.084523	-0.261927	8.369892	0.03490658503988659	-0.010471975511965976	-0.04014257279586958	-0.7723	-0.2465	-1.0731
1521.0	5.076675	-0.266832	8.374797000000001	0.038397243543875255	-0.015707963267948967	-0.04363323129985824	-0.7717	-0.2474	-1.0735
1522.0	5.065884	-0.276642	8.386569	0.026179938779914945	-0.027925268031909273	-0.048869219055841226	-0.7716	-0.2476	-1.0683
1523.0	5.056074	-0.293319	8.400303	0.015707963267948967	-0.04537856055185257	-0.04363323129985824	-0.7716	-0.2484	-1.0731
1524.0	5.046264	-0.34138799999999997	8.415018	0.0471238898038469	-0.07853981633974483	-0.06806784082777885	-0.771	-0.2491	-1.0726
1525.0	5.027625	-0.401229	8.445429	0.0715584993317675	-0.10821041362364843	-0.10995574287564276	-0.7701	-0.2498	-1.071
1526.0	5.0099670000000005	-0.438507	8.479764	0.10471975511965978	-0.16406094968746698	-0.12566370614359174	-0.7708	-0.2511	-1.0694
1527.0	4.99329	-0.458127	8.530776000000001	0.12042771838760874	-0.1954768762233649	-0.13788101090755203	-0.7709	-0.252	-1.0682
1528.0	4.98348	-0.43556400000000006	8.596503	0.11693705988362008	-0.30543261909900765	-0.15707963267948966	-0.7715	-0.2537	-1.0665
1529.0	4.972689000000001	-0.459108	8.692641	0.17453292519943295	-0.4310963252425994	-0.19198621771937624	-0.7724	-0.2556	-1.064
1530.0	4.946202	-0.48951900000000004	8.816247	0.143116998663535	-0.62482787221397	-0.24609142453120045	-0.7744	-0.2579	-1.061
1531.0	4.887342	-0.46008899999999997	9.033048	0.17976891295541594	-0.9424777960769379	-0.27052603405912107	-0.7766	-0.2602	-1.0573
1532.0	4.838292000000001	-0.396324	9.242982000000001	0.17453292519943295	-1.2950343049797925	-0.25132741228718347	-0.7787	-0.2634	-1.0511
1533.0	4.800033	-0.36002700000000004	9.452916	0.19024088846738194	-1.6179202165987436	-0.2583087292951608	-0.7821	-0.2668	-1.0431
1534.0	4.752945	-0.322749	9.667755000000001	0.23561944901923448	-1.8029251173101424	-0.2583087292951608	-0.7877	-0.2704	-1.0322
1535.0	4.72842	-0.244269	9.835506	0.23561944901923448	-2.117084382669122	-0.2827433388230814	-0.7948	-0.2745	-1.0193
1536.0	4.742154	-0.210915	9.963036	0.25132741228718347	-2.4399702942880728	-0.30019663134302466	-0.8026	-0.2789	-1.003
1537.0	4.798071	-0.266832	10.019934000000001	0.38746309394274114	-2.6755897433073073	-0.3717551306747922	-0.8121	-0.2836	-0.9838
1538.0	4.844178	-0.30901500000000004	10.045440000000001	0.35779249665883756	-2.937389131106457	-0.4921828490624009	-0.8228	-0.2894	-0.9603
1539.0	4.948164	-0.454203	10.027782	0.5811946409141117	-3.1206487025658616	-0.6981317007977318	-0.8346	-0.2954	-0.9333
1540.0	5.086485	-0.615087	9.932625	0.6946410422937431	-3.181735226385663	-0.9494591130849153	-0.8468	-0.3029	-0.9012
1541.0	5.30721	-0.8760330000000001	9.714843	0.8744099552491591	-3.3213615665452094	-1.1082840750163994	-0.8593	-0.3123	-0.8637
1542.0	5.626035000000001	-1.172295	9.487251	1.0053096491487339	-3.41037335839692	-1.4381513036433275	-0.8726	-0.3231	-0.8213
1543.0	6.0115680000000005	-1.4479560000000002	9.252792000000001	1.1344640137963142	-3.4330626386728462	-1.7191493132144147	-0.8847	-0.3363	-0.7733
1544.0	6.500106	-1.635327	8.991846	1.1728612573401895	-3.373721444105039	-1.9233528356977512	-0.896	-0.352	-0.7202
1545.0	7.069086	-1.7569710000000003	8.734824	1.13271868454432	-3.220132469929538	-2.022836603061428	-0.9056	-0.3708	-0.664
1546.0	7.536042	-1.8070020000000002	8.482707000000001	0.9075712110370514	-3.0229102644541785	-2.076941809873252	-0.9129	-0.3917	-0.6078
1547.0	7.933347	-1.771686	8.246286000000001	0.757472895365539	-2.937389131106457	-2.050761871093337	-0.9178	-0.415	-0.5523
1548.0	8.228628	-1.7579520000000002	8.00496	0.47647488579445196	-2.8099800957108707	-2.080432468377241	-0.9206	-0.4399	-0.4999
1549.0	8.398341	-1.6255169999999999	7.825437	0.19024088846738194	-2.626720524251466	-2.0839231268812295	-0.9205	-0.467	-0.4495
1550.0	8.203122	-1.4185260000000002	7.788159000000001	-0.17453292519943295	-2.251474735072685	-2.092649773141201	-0.9181	-0.4953	-0.4023
1551.0	7.767558	-1.308654	8.028504	-0.7609635538695277	-1.6964600329384885	-2.038544566329377	-0.913	-0.5245	-0.3591
1552.0	7.6439520000000005	-1.379286	8.350272	-1.2374384396639797	-0.7103490055616922	-1.4381513036433275	-0.9057	-0.554	-0.3228
1553.0	6.947442000000001	-1.703016	8.595522	-1.3229595730117016	0.15184364492350666	-0.8988445647770797	-0.8974	-0.5825	-0.2945
1554.0	6.018435000000001	-2.041461	8.753463	-1.1833332328521553	0.41364303272265607	-0.6859143960337715	-0.8882	-0.6092	-0.2747
1555.0	4.947183	-2.301426	8.877069	-1.0629055144645467	0.7103490055616922	-0.2426007660272118	-0.879	-0.6327	-0.2622
1556.0	3.990708	-2.5417710000000002	9.035991000000001	-1.24965574442794	0.9721483933608416	0.23212879051524585	-0.87	-0.6545	-0.2545
1557.0	3.100941	-2.81547	9.261621000000002	-1.3334315485236679	1.286307658719821	0.6527531402458793	-0.8622	-0.6729	-0.2489
1558.0	2.323989	-3.1038840000000003	9.5157	-1.2985249634837812	1.6214108751027323	0.9826203688728075	-0.8564	-0.6881	-0.2454
1559.0	1.623555	-3.290274	9.720729	-1.181587903600161	1.8832102629018816	1.233947781159991	-0.8528	-0.699	-0.2451
1560.0	1.293939	-3.447234	9.831582000000001	-1.1728612573401895	1.99142067652553	1.3473941825396225	-0.8517	-0.7067	-0.2487
1561.0	1.19682	-3.415842	9.718767000000001	-1.2095131716320704	2.192133540504878	1.5428710587629875	-0.8535	-0.7097	-0.2589
1562.0	0.75537	-3.1686300000000003	9.568674000000001	-1.239183768915974	2.363175807200322	1.689478715930511	-0.8585	-0.7096	-0.2751
1563.0	0.877014	-2.620251	9.5157	-1.2217304763960306	2.570869988187648	1.8291050560900572	-0.8659	-0.7063	-0.2958
1564.0	1.207611	-2.0934540000000004	9.600066	-1.1676252695842066	2.7785641691749725	1.9582594207376378	-0.8757	-0.7008	-0.3212
1565.0	1.645137	-1.7324460000000002	9.759969	-1.0786134777324956	2.949606435870417	2.0437805540853597	-0.8878	-0.6941	-0.3509
1566.0	2.086587	-1.44207	9.931644	-0.9564404300928926	3.115412714809878	2.113593724165133	-0.9034	-0.6846	-0.384
1567.0	2.551581	-1.123245	10.111167	-0.8901179185171081	3.1712632508736966	2.131047016685076	-0.9214	-0.6748	-0.4229
1568.0	3.097017	-0.826002	10.331892	-0.7661995416255106	3.263765701229396	2.117084382669122	-0.9419	-0.6642	-0.4672
1569.0	3.7356480000000003	-0.6052770000000001	10.606572	-0.7120943348136864	3.373721444105039	2.080432468377241	-0.9651	-0.6539	-0.5192
1570.0	4.4252910000000005	-0.491481	10.924415999999999	-0.7138396640656808	3.4819318577286875	2.038544566329377	-0.9898	-0.6413	-0.5775
1571.0	5.137497000000001	-0.46891800000000006	11.247165	-0.7295476273336297	3.5203291012725626	2.0001473227855016	-1.0154	-0.6284	-0.6444
1572.0	5.84676	-0.544455	11.546370000000001	-0.7539822368615504	3.5255650890285457	1.9687313962496036	-1.0399	-0.612	-0.7132
1573.0	6.5481750000000005	-0.705339	11.813202	-0.7522369076095561	3.4819318577286875	1.960004749989632	-1.0617	-0.5925	-0.7849
1574.0	7.235856000000001	-0.9093870000000001	12.008421	-0.7330382858376184	3.347541505325124	1.9844393595175527	-1.0796	-0.5694	-0.862
1575.0	7.875468	-1.130112	12.081015	-0.7312929565856241	3.139847324337799	2.097885760897184	-1.0921	-0.5414	-0.9409
1576.0	8.788779	-1.8442800000000001	12.004497	0.26005405854715513	2.6179938779914944	2.2497294058206907	-1.0975	-0.5091	-1.025
1577.0	8.980074	-2.037537	10.734102000000002	1.4922565104551517	1.0559241974565694	1.8395770316020235	-1.0961	-0.4744	-1.1092
1578.0	9.769779	-1.083024	9.886518	0.18675022996339324	0.32812189937493397	2.466150233067988	-1.089	-0.4375	-1.1885
1579.0	10.603629	-0.320787	9.555921	-1.1309733552923256	0.783652834145454	3.178244567881674	-1.0769	-0.3972	-1.2604
1580.0	11.152008	-0.181485	9.158616	-1.1536626355682518	1.0262536001726656	3.2236231284335264	-1.0598	-0.3524	-1.3277
1581.0	11.341341	-0.016677	8.476821000000001	-0.5113814708343386	0.9861110273767962	2.78554548618295	-1.0384	-0.3029	-1.3842
1582.0	11.486529	0.617049	7.693983	-0.05759586531581287	0.8203047484373349	2.2741640153486116	-1.013	-0.2531	-1.4344
1583.0	11.754342	1.475424	6.867	-0.020943951023931952	0.7365289443416071	1.7348572764823638	-0.9876	-0.2051	-1.4778
1584.0	12.105540000000001	2.304369	6.015492	-0.10995574287564276	0.8796459430051421	1.0576695267085636	-0.9612	-0.1591	-1.5121
1585.0	12.333132	3.085245	5.178699000000001	-0.1308996938995747	0.8639379797371931	0.26529004630313807	-0.9361	-0.1176	-1.5375
1586.0	12.045699	4.370355	4.4174430000000005	-0.16231562043547265	0.7522369076095561	-0.11519173063162574	-0.9125	-0.0807	-1.5509
1587.0	12.349809	5.102181000000001	4.8167100000000005	-0.28099800957108706	0.44331363000655966	-0.7696902001294994	-0.8917	-0.0475	-1.565
1588.0	11.985858	4.596966	4.782375	-0.3595378259108319	0.2426007660272118	-1.213003830136059	-0.8706	-0.0183	-1.5776
1589.0	11.464947	4.183965	4.209471	-0.29670597283903605	0.1117010721276371	-1.467821900927231	-0.85	0.0053	-1.5839
1590.0	11.090205000000001	4.337982	3.679731	-0.19373154697137057	-0.03316125578789226	-1.5114551322270893	-0.83	0.0197	-1.5923
1591.0	10.944036	4.42431	3.432519	0.017453292519943295	-0.21991148575128552	-1.3788101090755203	-0.8124	0.0253	-1.5969
1592.0	10.937169	3.8945700000000003	3.281445	0.5358160803622591	-0.6370451769779303	-1.3910274138394807	-0.7974	0.0241	-1.5986
1593.0	10.42803	3.402108	2.726199	0.5393067388662478	-1.1135200627723822	-1.4468779499032993	-0.7853	0.018	-1.5975
1594.0	10.187685	3.14901	2.08953	0.23212879051524585	-1.900663555421825	-1.4957471689591404	-0.7773	0.0071	-1.5916
1595.0	9.620667000000001	2.5290179999999998	2.201364	-0.054105206811824215	-2.2706733568446227	-1.457349925415265	-0.7738	-0.0065	-1.5847
1596.0	9.544149	1.516626	3.184326	0.25132741228718347	-1.5987215948268059	-1.1484266478122689	-0.7738	-0.0231	-1.5784
1597.0	8.856468000000001	0.46107000000000004	3.842577	0.33510321638291124	-2.0106192982974678	-0.7504915783575618	-0.7774	-0.0405	-1.5642
1598.0	8.21097	-0.59841	4.226148	0.5183627878423158	-2.5080381351158514	-0.40491638646268446	-0.7857	-0.0589	-1.5464
1599.0	8.431695000000001	-1.817793	4.921677000000001	0.9424777960769379	-2.302089283380521	-0.8412486994612669	-0.7976	-0.0793	-1.5311
1600.0	9.637344	-2.647719	5.784957	1.6598081186466074	-0.6928957130417489	-0.8255407361933178	-0.8109	-0.1001	-1.5092
1601.0000000000002	9.32931	-2.287692	6.253875	1.0978120995044334	-0.5654866776461628	-0.7190756518216638	-0.8243	-0.121	-1.4885
1602.0	9.487251	-1.213497	7.140699000000001	0.3944444109507185	0.1117010721276371	-0.29670597283903605	-0.8376	-0.1402	-1.4689
1603.0	9.204723000000001	-1.4813100000000001	8.032428	0.32114058236695664	-0.03316125578789226	-0.21991148575128552	-0.8499	-0.1578	-1.4516
1604.0	8.645553	-2.1631050000000003	9.092889	0.40491638646268446	0.05759586531581287	-0.26878070480712674	-0.8599	-0.1742	-1.4371
1605.0	8.584731	-1.901178	9.565731	0.25481807079117214	0.11868238913561441	-0.17976891295541594	-0.8675	-0.1896	-1.4251
1605.9999999999998	8.170749	-1.40283	9.155673	0.19896753472735357	0.11868238913561441	-0.15358897417550102	-0.8737	-0.204	-1.4146
1607.0	8.414037	-0.9447030000000001	9.077193000000001	0.22689280275926285	0.12566370614359174	-0.16057029118347832	-0.8773	-0.2172	-1.406
1607.9999999999998	8.567073	-0.38749500000000003	9.225324	0.26878070480712674	0.15009831567151233	-0.18675022996339324	-0.8782	-0.2294	-1.4016
1609.0	7.864677	0.487557	9.042858	0.27576202181510406	0.1291543646475804	-0.19373154697137057	-0.8767	-0.239	-1.4
1610.0000000000002	6.218559000000001	1.080081	8.69166	0.22689280275926285	0.12566370614359174	-0.16406094968746698	-0.8751	-0.2464	-1.3997
1611.0	6.172452	0.5366070000000001	8.692641	0.19896753472735357	0.1291543646475804	-0.1466076571675237	-0.8728	-0.2521	-1.4003
1612.0	5.510277	-0.516987	8.26983	0.1780235837034216	0.13788101090755203	-0.1361356816555577	-0.8706	-0.2575	-1.4013
1613.0	5.619168	-0.40711500000000006	8.300241	0.14835298641951802	0.13788101090755203	-0.10995574287564276	-0.8679	-0.2626	-1.4017
1614.0	5.582871000000001	-0.07848000000000001	8.320842	0.10471975511965978	0.10471975511965978	-0.09075712110370514	-0.8654	-0.2673	-1.4027
1614.9999999999998	5.485752000000001	-0.261927	8.267868	0.06981317007977318	0.1117010721276371	-0.06806784082777885	-0.8626	-0.2714	-1.4034
1616.0	5.430816	-0.319806	8.286507	0.05061454830783556	0.08028514559173916	-0.048869219055841226	-0.8605	-0.275	-1.4019
1617.0000000000002	5.392557	-0.271737	8.300241	0.029670597283903602	0.07679448708775051	-0.03490658503988659	-0.8589	-0.2792	-1.3984
1618.0	5.382747	-0.209934	8.314956	0.026179938779914945	0.05061454830783556	-0.027925268031909273	-0.8567	-0.2825	-1.3925
1619.0000000000002	5.3709750000000005	-0.20797200000000002	8.31888	0.010471975511965976	0.054105206811824215	-0.022689280275926284	-0.855	-0.2853	-1.3852
1620.0	5.377842	-0.23936400000000002	8.29926	0.013962634015954637	0.041887902047863905	-0.013962634015954637	-0.8536	-0.2875	-1.3779
1621.0	5.364108	-0.248193	8.297298	0.020943951023931952	0.031415926535897934	0.0	-0.8527	-0.2893	-1.3723
1622.0	5.337621	-0.23936400000000002	8.290431	0.005235987755982988	0.038397243543875255	-0.006981317007977318	-0.8524	-0.2905	-1.3694
1623.0	5.3023050000000005	-0.253098	8.29926	0.022689280275926284	0.027925268031909273	-0.015707963267948967	-0.8518	-0.2917	-1.3684
1623.9999999999998	5.279742000000001	-0.278604	8.300241	0.020943951023931952	0.012217304763960306	-0.003490658503988659	-0.8517	-0.2926	-1.3693
1625.0	5.269932000000001	-0.314901	8.298279	0.013962634015954637	0.005235987755982988	-0.008726646259971648	-0.8509	-0.2936	-1.3704
1626.0000000000002	5.266008000000001	-0.32569200000000004	8.291412	0.013962634015954637	-0.003490658503988659	-0.012217304763960306	-0.8511	-0.294	-1.374
1627.0	5.2591410000000005	-0.34335000000000004	8.276697	0.026179938779914945	-0.006981317007977318	-0.015707963267948967	-0.8505	-0.2941	-1.3794
1628.0	5.222844	-0.41496299999999997	8.273754	0.07504915783575616	0.0	-0.024434609527920613	-0.8505	-0.2946	-1.3871
1629.0	5.16987	-0.48461400000000004	8.268849	0.09948376736367678	0.022689280275926284	-0.05759586531581287	-0.8502	-0.295	-1.3955
1630.0	5.133573	-0.547398	8.265906000000001	0.13264502315156904	0.041887902047863905	-0.0890117918517108	-0.8492	-0.296	-1.4046
1630.9999999999998	5.116896	-0.566037	8.250210000000001	0.15009831567151233	0.04537856055185257	-0.11344640137963143	-0.8479	-0.2974	-1.4102
1632.0	5.115915	-0.5935050000000001	8.238438	0.158824961931484	0.08552113334772216	-0.12042771838760874	-0.8471	-0.2987	-1.4116
1632.9999999999998	5.13063	-0.5974290000000001	8.214894000000001	0.158824961931484	0.10122909661567112	-0.13439035240356337	-0.8466	-0.3006	-1.4093
1634.0	5.142402000000001	-0.5611320000000001	8.194293	0.143116998663535	0.12566370614359174	-0.12740903539558607	-0.8456	-0.3028	-1.403
1635.0000000000002	5.148288000000001	-0.513063	8.184483	0.1291543646475804	0.12217304763960307	-0.10471975511965978	-0.8455	-0.3047	-1.3951
1636.0	5.148288000000001	-0.46107000000000004	8.18154	0.10122909661567112	0.13264502315156904	-0.08203047484373349	-0.8438	-0.3076	-1.3882
1637.0	5.153193	-0.39043800000000006	8.199198	0.07853981633974483	0.11693705988362008	-0.061086523819801536	-0.8431	-0.3107	-1.3836
1638.0	5.178699000000001	-0.281547	8.213913000000002	0.05585053606381855	0.08726646259971647	-0.03316125578789226	-0.8422	-0.3138	-1.3811
1639.0	5.227749000000001	-0.187371	8.229609	0.041887902047863905	0.08203047484373349	-0.019198621771937627	-0.8408	-0.3167	-1.3807
1639.9999999999998	5.260122	-0.10791	8.250210000000001	0.029670597283903602	0.06806784082777885	-0.019198621771937627	-0.8403	-0.319	-1.3818
1641.0	5.2718940000000005	-0.074556	8.272773	0.019198621771937627	0.0715584993317675	-0.017453292519943295	-0.8398	-0.3212	-1.3848
1642.0000000000002	5.268951	-0.047088	8.304165000000001	0.03490658503988659	0.05585053606381855	-0.027925268031909273	-0.8392	-0.3239	-1.3891
1643.0	5.24835	-0.04905	8.325747	0.038397243543875255	0.05585053606381855	-0.024434609527920613	-0.8384	-0.3254	-1.3963
1644.0000000000002	5.230692	-0.067689	8.340462	0.048869219055841226	0.0471238898038469	-0.012217304763960306	-0.8378	-0.3268	-1.4071
1645.0	5.2032240000000005	-0.102024	8.349291000000001	0.038397243543875255	0.04014257279586958	-0.026179938779914945	-0.8373	-0.3283	-1.4145
1646.0	5.1777180000000005	-0.152055	8.356158	0.06283185307179587	0.04014257279586958	-0.038397243543875255	-0.8365	-0.3293	-1.423
1647.0	5.142402000000001	-0.21189600000000003	8.353215	0.059341194567807204	0.04537856055185257	-0.04537856055185257	-0.8361	-0.3301	-1.4267
1648.0	5.119839000000001	-0.271737	8.346348	0.07504915783575616	0.03665191429188092	-0.06283185307179587	-0.8357	-0.3308	-1.4327
1648.9999999999998	5.099238000000001	-0.302148	8.334576	0.06632251157578452	0.06283185307179587	-0.07853981633974483	-0.8352	-0.332	-1.434
1650.0	5.081580000000001	-0.32373	8.326728000000001	0.09948376736367678	0.0715584993317675	-0.08726646259971647	-0.8343	-0.3335	-1.4355
1651.0000000000002	5.070789	-0.331578	8.315937	0.10297442586766545	0.08377580409572781	-0.10122909661567112	-0.8334	-0.3348	-1.4373
1652.0	5.066865	-0.32667300000000005	8.295336	0.1117010721276371	0.09948376736367678	-0.1117010721276371	-0.8321	-0.3364	-1.4377
1653.0	5.059998	-0.308034	8.290431	0.10821041362364843	0.11693705988362008	-0.12391837689159739	-0.8307	-0.3379	-1.4367
1654.0	5.051169000000001	-0.295281	8.295336	0.11344640137963143	0.10471975511965978	-0.12740903539558607	-0.8287	-0.3395	-1.4342
1655.0	5.046264	-0.276642	8.304165000000001	0.09773843811168245	0.0942477796076938	-0.12217304763960307	-0.8271	-0.3415	-1.4356
1655.9999999999998	5.046264	-0.24623100000000003	8.310051	0.11693705988362008	0.08203047484373349	-0.11344640137963143	-0.8263	-0.3439	-1.4356
1657.0	5.059998	-0.19521900000000003	8.312013	0.08726646259971647	0.09773843811168245	-0.11868238913561441	-0.8242	-0.3459	-1.4373
1657.9999999999998	5.068827000000001	-0.132435	8.316918000000001	0.08377580409572781	0.08377580409572781	-0.10471975511965978	-0.8227	-0.3489	-1.4359
1659.0	5.074713	-0.08338500000000001	8.340462	0.06981317007977318	0.054105206811824215	-0.09773843811168245	-0.821	-0.3515	-1.4375
1660.0000000000002	5.077656	-0.048069	8.362044000000001	0.07504915783575616	0.017453292519943295	-0.09599310885968812	-0.8197	-0.3539	-1.4368
1661.0	5.070789	-0.044145	8.410112999999999	0.07504915783575616	0.0	-0.0942477796076938	-0.8188	-0.3566	-1.4312
1662.0	5.050188	-0.069651	8.471916	0.13264502315156904	-0.06981317007977318	-0.10821041362364843	-0.8177	-0.359	-1.4321
1663.0	5.029587	-0.12360600000000001	8.522928	0.1884955592153876	-0.1064650843716541	-0.1413716694115407	-0.8164	-0.3624	-1.4301
1664.0	5.002119	-0.145188	8.601408000000001	0.23561944901923448	-0.19896753472735357	-0.19373154697137057	-0.816	-0.3659	-1.4325
1664.9999999999998	4.961898000000001	-0.13734000000000002	8.697546	0.24783675378319478	-0.2722713633111154	-0.1954768762233649	-0.8157	-0.3693	-1.4302
1666.0	4.9383539999999995	-0.188352	8.807418	0.317649923862968	-0.4188790204786391	-0.24085543677521748	-0.8149	-0.3732	-1.4255
1667.0000000000002	4.9108860000000005	-0.289395	8.945739000000001	0.4118977034706618	-0.5707226654021458	-0.3193952531149623	-0.816	-0.3782	-1.4221
1668.0	4.8422160000000005	-0.21974400000000002	9.153711000000001	0.34033920413889424	-0.8761552845011534	-0.3543018381548489	-0.8173	-0.3829	-1.4155
1669.0000000000002	4.789242000000001	-0.243288	9.375417	0.3420845333908886	-1.218239817892042	-0.38222710618675815	-0.8208	-0.3888	-1.4076
1670.0	4.733325	-0.28547100000000003	9.58437	0.3909537524467298	-1.5289084247470326	-0.4293509959906051	-0.8252	-0.3961	-1.397
1671.0	4.709781	-0.23347800000000002	9.739368	0.39968039870670147	-1.6772614111665507	-0.4537856055185257	-0.8307	-0.4034	-1.3874
1672.0	4.713705	-0.197181	9.857088	0.4537856055185257	-1.9216075064457567	-0.47123889803846897	-0.8383	-0.4113	-1.3703
1673.0	4.769622	-0.164808	9.923796000000001	0.5846852994181004	-2.1205750411731104	-0.5201081170943103	-0.8485	-0.4197	-1.3531
1673.9999999999998	4.838292000000001	-0.129492	9.909081	0.5323254218582705	-2.309070600388498	-0.5864306286700948	-0.8602	-0.4294	-1.3269
1675.0	4.940316000000001	-0.201105	9.879651	0.6544984694978736	-2.464404903815993	-0.6806784082777885	-0.8738	-0.4405	-1.3028
1676.0000000000002	5.0531310000000005	-0.24525000000000002	9.808038000000002	0.7539822368615504	-2.572615317439642	-0.8360127117052838	-0.8885	-0.4521	-1.276
1677.0	5.146326	-0.259965	9.698166	0.8534660042252271	-2.707005669843205	-1.0314895879286488	-0.9041	-0.4645	-1.2446
1678.0	5.320944	-0.5366070000000001	9.479403000000001	0.9267698328089891	-2.7401669256310974	-1.14493598930828	-0.9201	-0.4781	-1.2103
1679.0	5.518125	-0.7239780000000001	9.186084000000001	1.0576695267085636	-2.8099800957108707	-1.4224433403753787	-0.9361	-0.4937	-1.1723
1680.0	5.753565000000001	-0.8093250000000001	8.872164	1.0786134777324956	-2.8605946440187062	-1.6964600329384885	-0.951	-0.5107	-1.1317
1680.9999999999998	5.9939100000000005	-0.9800190000000001	8.581788000000001	1.1187560505283651	-2.8832839242946324	-1.9216075064457567	-0.9656	-0.5307	-1.0895
1682.0	6.266628000000001	-1.00062	8.294355000000001	0.9599310885968813	-2.8501226685067405	-2.092649773141201	-0.9776	-0.5538	-1.0449
1682.9999999999998	6.507954	-0.9574560000000001	8.018694	0.6597344572538565	-2.7942721324429214	-2.1746802479849343	-0.9874	-0.5789	-0.9988
1684.0	6.829722000000001	-0.8721090000000001	7.784235	0.3595378259108319	-2.705260340591211	-2.253220064324679	-0.9949	-0.6058	-0.9524
1685.0000000000002	7.15149	-0.762237	7.527213000000001	0.23561944901923448	-2.644173816771409	-2.2706733568446227	-0.9994	-0.6341	-0.9059
1686.0	7.487973	-0.64746	7.285887000000001	0.05061454830783556	-2.541199390903744	-2.371902453460294	-1.0011	-0.6649	-0.8593
1687.0	7.790121000000001	-0.5071770000000001	7.024941	-0.09599310885968812	-2.399827721492203	-2.405063709248186	-1.0	-0.6965	-0.814
1688.0	7.958853	-0.30411	6.8375699999999995	-0.2792526803190927	-2.234021442552742	-2.4225170017681297	-0.9955	-0.7292	-0.7706
1689.0	7.830342000000001	-0.070632	6.826779	-0.6038839211900381	-2.007128639793479	-2.441715623540067	-0.9886	-0.7623	-0.7304
1689.9999999999998	7.596864	-0.16677000000000003	7.14168	-1.1519173063162575	-1.5166911199830724	-2.1101030656611446	-0.979	-0.7948	-0.6939
1691.0	7.6439520000000005	-0.968247	7.539966	-1.2042771838760873	-1.13271868454432	-1.5166911199830724	-0.9676	-0.8248	-0.6612
1692.0000000000002	7.202502	-1.837413	7.942176	-0.9145525280450286	-0.13264502315156904	-0.1413716694115407	-0.9564	-0.8505	-0.6324
1693.0	6.549156	-2.464272	8.331633000000002	-0.4869468613064179	0.4380776422505767	0.9302604913129776	-0.9466	-0.872	-0.6078
1694.0000000000002	5.7447360000000005	-2.914551	8.71128	-0.5567600313861911	0.6946410422937431	1.7488199104983182	-0.9384	-0.8874	-0.5873
1695.0	4.969746000000001	-3.2314140000000005	9.136053	-0.8587019919812102	0.8970992355250854	2.2811453323565885	-0.9335	-0.8962	-0.5716
1696.0	4.182984	-3.498246	9.596142	-1.054178868204575	1.19729586686811	2.483603525587931	-0.9322	-0.8969	-0.5641
1697.0	3.471759	-3.704256	10.098414000000002	-1.1292280260403313	1.5533430342749532	2.4225170017681297	-0.9337	-0.8908	-0.5639
1698.0	2.8811970000000002	-3.8003940000000003	10.562427	-1.1519173063162575	1.7069320084504542	2.316051917396475	-0.9384	-0.8776	-0.5729
1698.9999999999998	2.584935	-3.8543490000000005	10.892043000000001	-1.2514010736799344	2.0036379812894904	2.092649773141201	-0.9447	-0.8576	-0.59
1700.0	2.392659	-3.6189090000000004	10.919511	-1.3002702927357754	2.2549653935766734	1.8517943363659835	-0.9534	-0.8315	-0.6144
1701.0000000000002	1.921779	-2.6330040000000006	10.865556	-1.2967796342317868	2.467895562319982	1.6301375213627038	-0.963	-0.801	-0.6449
1702.0	1.9423800000000002	-1.669662	10.825334999999999	-1.233947781159991	2.6197392072434886	1.467821900927231	-0.9714	-0.768	-0.6813
1703.0	2.206269	-0.9898290000000001	10.835145	-1.1885692206081384	2.7192229746071654	1.371828792067543	-0.9776	-0.7328	-0.7234
1704.0	2.58984	-0.577809	10.849860000000001	-1.1693705988362009	2.7593655474030347	1.361356816555577	-0.9813	-0.6976	-0.7706
1705.0	2.9792970000000003	-0.26388900000000004	10.839069	-1.0786134777324956	2.829178717482808	1.3962634015954636	-0.9804	-0.6633	-0.8208
1705.9999999999998	3.371697	0.003924	10.797867	-0.9773843811168246	2.895501229058593	1.488765851951163	-0.9759	-0.6303	-0.8722
1707.0	3.774888	0.17952300000000002	10.757646000000001	-0.8883725892651138	2.9007372168145755	1.5795229730548683	-0.9682	-0.598	-0.9213
1707.9999999999998	4.1937750000000005	0.244269	10.740969	-0.8395033702092726	2.8623399732707004	1.6510814723866356	-0.9576	-0.568	-0.967
1709.0	4.64994	0.21680100000000002	10.753722000000002	-0.7976154681614086	2.827433388230814	1.6964600329384885	-0.9445	-0.538	-1.009
1710.0000000000002	5.134554	0.12851100000000001	10.780209000000001	-0.7941248096574199	2.7680921936630067	1.726130630222392	-0.9293	-0.5094	-1.0472
1711.0	5.651541	-0.013734000000000001	10.82043	-0.7853981633974483	2.754129559647052	1.7383479349863522	-0.9121	-0.4811	-1.0834
1712.0	6.164604	-0.20208600000000002	10.851822000000002	-0.7923794804054256	2.7296949501191317	1.7819811662862104	-0.8932	-0.4522	-1.1207
1713.0	6.635484	-0.410058	10.845936	-0.7801621756414654	2.6459191460234033	1.8640116411299439	-0.875	-0.4232	-1.1579
1714.0	7.039656000000001	-0.5935050000000001	10.775304	-0.7557275661135446	2.506292805863857	1.9722220547535925	-0.8557	-0.3941	-1.196
1714.9999999999998	7.360443	-0.729864	10.637964	-0.7347836150896128	2.2794000031045942	2.1485003092050197	-0.8363	-0.3641	-1.2348
1716.0	7.6439520000000005	-0.828945	10.470213	-0.6510078109938848	1.9669860669976094	2.319542575900464	-0.8171	-0.3332	-1.2726
1717.0000000000002	7.9156889999999995	-0.897615	10.26126	-0.5864306286700948	1.8256143975860686	2.398082392240209	-0.7972	-0.3017	-1.3099
1718.0	8.157996	-0.906444	9.99639	-0.3385938748868999	1.541125729510993	2.485348854839925	-0.7776	-0.268	-1.3464
1719.0000000000002	8.354196	-0.7730279999999999	9.670698	-0.1291543646475804	1.3159782560037245	2.5132741228718345	-0.7596	-0.2346	-1.3823
1720.0	8.506251	-0.406134	9.30969	-0.10297442586766545	1.1100294042683936	2.509783464367846	-0.7423	-0.2005	-1.4176
1721.0	8.626914	0.149112	8.930043000000001	-0.3543018381548489	0.9459684545809267	2.443460952792061	-0.7258	-0.1659	-1.4491
1722.0	8.779950000000001	0.779895	8.530776000000001	-0.6597344572538565	0.8831366015091308	2.2968532956245378	-0.7107	-0.1313	-1.4762
1723.0	9.021276	1.3812480000000003	8.10306	-0.7941248096574199	0.8674286382411819	1.9303341527057283	-0.6959	-0.0964	-1.5008
1723.9999999999998	9.372474	1.9001970000000001	7.638066	-0.7941248096574199	0.8621926504851988	1.6912240451825054	-0.6819	-0.061	-1.5214
1725.0	9.811962	2.3544	7.146585000000001	-0.6440264939859076	0.8377580409572782	1.096066770252439	-0.6686	-0.0271	-1.5335
1726.0000000000002	10.254393	2.8164510000000003	6.608016	-0.4869468613064179	0.8063421144213803	0.4869468613064179	-0.656	0.0051	-1.5442
1727.0	10.602648	3.274578	6.048846000000001	-0.3909537524467298	0.6963863715457375	-0.08203047484373349	-0.644	0.0333	-1.5498
1728.0	10.855746000000002	3.675807	5.498505000000001	-0.3193952531149623	0.4886921905584123	-0.6161012259539983	-0.6328	0.0584	-1.5548
1729.0	11.046059999999999	3.937734	4.991328	-0.33335788713091696	0.29670597283903605	-1.0367255756846316	-0.6214	0.08	-1.5576
1730.0	11.198115	3.9092850000000006	4.5420300000000005	-0.3193952531149623	0.20420352248333654	-1.356120828799594	-0.6104	0.0982	-1.5589
1730.9999999999998	11.256975	3.6326430000000003	4.128048000000001	-0.23561944901923448	0.07504915783575616	-1.4660765716752369	-0.601	0.1114	-1.56
1732.0	11.154951	3.249072	3.764097	-0.1117010721276371	-0.1064650843716541	-1.556833692778942	-0.5932	0.1199	-1.5598
1732.9999999999998	10.875366000000001	2.852748	3.4943220000000004	0.041887902047863905	-0.3036872898470133	-1.5254177662430441	-0.5863	0.1231	-1.5568
1734.0	10.454517000000001	2.454462	3.371697	0.2007128639793479	-0.5183627878423158	-1.3526301702956054	-0.5808	0.1211	-1.552
1735.0000000000002	9.994428	1.855071	3.446253	0.757472895365539	-0.778416846389471	-1.1623892818282233	-0.578	0.1154	-1.5488
1736.0	9.3195	1.2507750000000002	3.071511	1.2897983172238097	-1.6877333866785167	-1.4590952546672593	-0.5761	0.1053	-1.5446
1737.0	8.713242000000001	1.053594	2.760534	1.2845623294678266	-2.138028333693054	-1.4905111812031575	-0.5774	0.0921	-1.5368
1738.0	8.155053	0.6337260000000001	3.278502	0.895353906273091	-2.5499260371637154	-1.1082840750163994	-0.5821	0.0743	-1.5212
1739.0	7.899012000000001	-0.007848	4.1555159999999995	0.8970992355250854	-2.0158552860534504	-0.4869468613064179	-0.5898	0.0549	-1.5125
1739.9999999999998	7.084782	-0.547398	4.626396000000001	0.7417649320975901	-2.462659574563999	-0.27576202181510406	-0.6005	0.0343	-1.501
1741.0	6.642351000000001	-0.9142920000000001	5.100219000000001	0.6876597252857658	-2.939134460358451	-0.2583087292951608	-0.6132	0.0136	-1.4816
1742.0000000000002	7.480125	-2.009088	6.134193	1.7418385934903409	-1.7889624832941877	-1.0943214410004447	-0.63	-0.0101	-1.4593
1743.0	9.076212	-1.998297	6.892506	1.3526301702956054	-0.1710422666954443	-0.7033676885537148	-0.6475	-0.0348	-1.4387
1744.0000000000002	9.054630000000001	-1.22625	7.434999	0.8604473212332044	-0.35779249665883756	-0.6318091892219474	-0.665	-0.0591	-1.4159
1745.0	9.080136	-0.340407	8.040276	0.317649923862968	0.12740903539558607	-0.24085543677521748	-0.6802	-0.0828	-1.3951
1746.0	9.044820000000001	-0.37278	8.881974	0.2234021442552742	-0.019198621771937627	-0.17278759594743864	-0.6961	-0.1039	-1.3725
1747.0	9.031086	-0.63765	9.738387000000001	0.25132741228718347	0.024434609527920613	-0.16406094968746698	-0.7106	-0.123	-1.3571
1748.0	9.071307000000001	-0.474804	9.801171	0.14486232791552936	0.04363323129985824	-0.08203047484373349	-0.7211	-0.1383	-1.3472
1748.9999999999998	8.83881	-0.164808	9.453897000000001	0.061086523819801536	0.05759586531581287	-0.038397243543875255	-0.73	-0.1519	-1.3316
1750.0	9.184122	0.11772	9.492156000000001	0.03316125578789226	0.06283185307179587	-0.022689280275926284	-0.7364	-0.164	-1.3184
1751.0000000000002	9.182160000000001	0.2943	9.517662	0.005235987755982988	0.048869219055841226	0.0017453292519943296	-0.7412	-0.1746	-1.3143
1752.0	7.964739	1.232136	8.962416	-0.03490658503988659	0.03316125578789226	0.04014257279586958	-0.7411	-0.1809	-1.3126
1753.0	6.043941	1.121283	8.665173	-0.08377580409572781	0.020943951023931952	0.06806784082777885	-0.7399	-0.1846	-1.3097
1754.0	5.8006530000000005	0.28056600000000004	8.530776000000001	-0.0715584993317675	0.006981317007977318	0.06632251157578452	-0.7384	-0.1867	-1.3094
1755.0	5.5083150000000005	-0.479709	8.215875	-0.0471238898038469	0.041887902047863905	0.029670597283903602	-0.7387	-0.1873	-1.3092
1755.9999999999998	5.491638	-0.36689400000000005	8.197236	0.017453292519943295	0.05759586531581287	-0.015707963267948967	-0.7377	-0.1881	-1.3089
1757.0	5.467113	-0.40711500000000006	8.157996	0.024434609527920613	0.06632251157578452	-0.017453292519943295	-0.7371	-0.1882	-1.3091
1757.9999999999998	5.419044	-0.595467	8.115813000000001	0.038397243543875255	0.07504915783575616	-0.04014257279586958	-0.737	-0.188	-1.3097
1759.0	5.38569	-0.677871	8.116794	0.03490658503988659	0.09250245035569947	-0.038397243543875255	-0.7364	-0.1877	-1.3103
1760.0000000000002	5.346450000000001	-0.754389	8.110908	0.041887902047863905	0.11868238913561441	-0.04014257279586958	-0.7361	-0.1881	-1.3109
1761.0	5.336640000000001	-0.817173	8.090307000000001	0.06806784082777885	0.11693705988362008	-0.054105206811824215	-0.735	-0.1877	-1.3118
1762.0	5.350374	-0.8466030000000001	8.08344	0.06283185307179587	0.13788101090755203	-0.03490658503988659	-0.7343	-0.1879	-1.3128
1763.0	5.382747	-0.8721090000000001	8.075592	0.07504915783575616	0.12042771838760874	-0.054105206811824215	-0.7336	-0.1883	-1.3139
1764.0	5.3935379999999995	-0.8426790000000001	8.098155	0.04363323129985824	0.12566370614359174	-0.031415926535897934	-0.733	-0.1889	-1.3149
1764.9999999999998	5.386671000000001	-0.763218	8.135433	0.015707963267948967	0.10471975511965978	-0.012217304763960306	-0.7316	-0.1905	-1.3161
1766.0	5.379804	-0.6660990000000001	8.176635000000001	-0.0	0.08552113334772216	0.0	-0.7302	-0.1916	-1.3175
1767.0000000000002	5.372937	-0.603315	8.209989	-0.03316125578789226	0.06806784082777885	0.031415926535897934	-0.7283	-0.1925	-1.3182
1768.0	5.365089000000001	-0.5944860000000001	8.235495	-0.041887902047863905	0.041887902047863905	0.05585053606381855	-0.7267	-0.1927	-1.318
1769.0000000000002	5.353317	-0.604296	8.253153000000001	-0.06981317007977318	0.024434609527920613	0.05759586531581287	-0.7256	-0.1931	-1.3148
1770.0	5.349393	-0.612144	8.267868	-0.05061454830783556	0.020943951023931952	0.05061454830783556	-0.7243	-0.193	-1.3097
1771.0	5.347431	-0.6062580000000001	8.290431	-0.0471238898038469	0.019198621771937627	0.05759586531581287	-0.7237	-0.1937	-1.3023
1772.0	5.332716	-0.611163	8.304165000000001	-0.041887902047863905	0.006981317007977318	0.048869219055841226	-0.723	-0.194	-1.2954
1773.0	5.320944	-0.614106	8.312013	-0.04537856055185257	-0.013962634015954637	0.05585053606381855	-0.7226	-0.1936	-1.2901
1773.9999999999998	5.312115	-0.620973	8.301222	-0.06283185307179587	-0.015707963267948967	0.061086523819801536	-0.7223	-0.1932	-1.2864
1775.0	5.303286	-0.639612	8.284545000000001	-0.06283185307179587	-0.022689280275926284	0.07330382858376185	-0.7222	-0.1924	-1.2848
1776.0000000000002	5.290533	-0.6749280000000001	8.256096000000001	-0.08203047484373349	-0.013962634015954637	0.07504915783575616	-0.7222	-0.1917	-1.285
1777.0	5.273856	-0.71613	8.224704000000001	-0.08726646259971647	-0.017453292519943295	0.08203047484373349	-0.7235	-0.1902	-1.2864
1778.0	5.255217	-0.7514460000000001	8.198217	-0.07853981633974483	0.006981317007977318	0.05759586531581287	-0.7247	-0.1902	-1.289
1779.0	5.240502	-0.7749900000000001	8.184483	-0.059341194567807204	0.012217304763960306	0.04537856055185257	-0.7249	-0.1893	-1.2941
1780.0	5.221863	-0.7857810000000001	8.17173	-0.029670597283903602	0.03316125578789226	0.029670597283903602	-0.7254	-0.1882	-1.3008
1780.9999999999998	5.205186	-0.7995150000000001	8.155053	-0.027925268031909273	0.041887902047863905	0.019198621771937627	-0.7251	-0.1867	-1.3101
1782.0	5.196357	-0.812268	8.145243	-0.012217304763960306	0.05061454830783556	-0.006981317007977318	-0.7249	-0.1854	-1.3185
1782.9999999999998	5.1904710000000005	-0.8318880000000001	8.131509	-0.008726646259971648	0.059341194567807204	0.0	-0.7244	-0.1848	-1.3245
1784.0	5.1904710000000005	-0.8573940000000001	8.129547	-0.0	0.048869219055841226	-0.006981317007977318	-0.7242	-0.1841	-1.3269
1785.0000000000002	5.1904710000000005	-0.877014	8.129547	0.008726646259971648	0.05759586531581287	-0.020943951023931952	-0.7239	-0.1827	-1.325
1786.0	5.193414	-0.881919	8.140338	0.013962634015954637	0.04014257279586958	-0.019198621771937627	-0.7238	-0.1822	-1.3202
1787.0	5.198319000000001	-0.8662230000000001	8.158977	0.020943951023931952	0.03316125578789226	-0.022689280275926284	-0.7232	-0.182	-1.3126
1788.0	5.212053	-0.834831	8.175654000000002	-0.0	0.03316125578789226	-0.022689280275926284	-0.7226	-0.182	-1.3056
1789.0	5.224806	-0.793629	8.189388000000001	0.003490658503988659	0.019198621771937627	-0.010471975511965976	-0.7224	-0.1821	-1.3003
1789.9999999999998	5.231673	-0.7651800000000001	8.20116	-0.031415926535897934	0.026179938779914945	0.012217304763960306	-0.7218	-0.1824	-1.2973
1791.0	5.243445	-0.7426170000000001	8.216856	-0.022689280275926284	0.0	0.010471975511965976	-0.722	-0.1828	-1.2953
1792.0000000000002	5.250312	-0.7337880000000001	8.216856	-0.038397243543875255	0.0017453292519943296	0.027925268031909273	-0.7225	-0.1833	-1.2962
1793.0	5.251293	-0.738693	8.219799	-0.03316125578789226	0.006981317007977318	0.005235987755982988	-0.7232	-0.1826	-1.2986
1794.0000000000002	5.244426	-0.749484	8.219799	-0.0017453292519943296	0.0017453292519943296	-0.003490658503988659	-0.7242	-0.184	-1.3031
1795.0	5.235596999999999	-0.769104	8.219799	0.010471975511965976	0.003490658503988659	-0.013962634015954637	-0.7245	-0.1842	-1.3089
1796.0	5.232654	-0.782838	8.217837000000001	0.026179938779914945	0.006981317007977318	-0.024434609527920613	-0.7252	-0.1844	-1.3182
1797.0	5.235596999999999	-0.7897050000000001	8.215875	0.038397243543875255	-0.003490658503988659	-0.03316125578789226	-0.725	-0.185	-1.3259
1798.0	5.231673	-0.801477	8.215875	0.0471238898038469	-0.006981317007977318	-0.031415926535897934	-0.7257	-0.1851	-1.3307
1798.9999999999998	5.222844	-0.8240400000000001	8.211951	0.038397243543875255	-0.013962634015954637	-0.03665191429188092	-0.7259	-0.1852	-1.3381
1800.0	5.216958000000001	-0.84366	8.209989	0.04537856055185257	-0.006981317007977318	-0.04363323129985824	-0.7264	-0.1859	-1.3464
1801.0000000000002	5.204205	-0.86328	8.212932	0.06806784082777885	-0.027925268031909273	-0.06632251157578452	-0.7262	-0.1863	-1.3463
1802.0	5.199300000000001	-0.869166	8.221761	0.0645771823237902	-0.026179938779914945	-0.05585053606381855	-0.7259	-0.1873	-1.3483
1803.0	5.200281	-0.8573940000000001	8.233533000000001	0.07679448708775051	-0.03316125578789226	-0.06632251157578452	-0.7258	-0.189	-1.3474
1804.0	5.2081290000000005	-0.839736	8.243343000000001	0.07330382858376185	-0.03316125578789226	-0.06981317007977318	-0.7253	-0.1887	-1.3469
1805.0	5.216958000000001	-0.816192	8.257077	0.06632251157578452	-0.06981317007977318	-0.07853981633974483	-0.7252	-0.1906	-1.3456
1805.9999999999998	5.221863	-0.8004960000000001	8.261982	0.08552113334772216	-0.07679448708775051	-0.08203047484373349	-0.7254	-0.1918	-1.3423
1807.0	5.222844	-0.8093250000000001	8.280621	0.09599310885968812	-0.09948376736367678	-0.07853981633974483	-0.7255	-0.1929	-1.3419
1807.9999999999998	5.213034	-0.8328690000000001	8.322804000000001	0.14835298641951802	-0.16231562043547265	-0.09075712110370514	-0.7255	-0.1945	-1.3435
1809.0	5.206167	-0.8642610000000001	8.373816000000001	0.15184364492350666	-0.19373154697137057	-0.0942477796076938	-0.7263	-0.1968	-1.3402
1810.0000000000002	5.1777180000000005	-0.9329310000000001	8.471916	0.19722220547535926	-0.30019663134302466	-0.13788101090755203	-0.7267	-0.1986	-1.3342
1811.0	5.1267059999999995	-0.960399	8.602389	0.25132741228718347	-0.44505895925855404	-0.21118483949131386	-0.7284	-0.2011	-1.3337
1812.0	5.063922	-0.8789760000000001	8.795646	0.1954768762233649	-0.7190756518216638	-0.23736477827122882	-0.7306	-0.204	-1.3271
1813.0	5.033511	-0.8132490000000001	8.974188	0.16406094968746698	-1.0088003076527223	-0.18675022996339324	-0.733	-0.2067	-1.3197
1814.0	4.969746000000001	-0.7671420000000001	9.174312	0.13439035240356337	-1.3334315485236679	-0.19722220547535926	-0.7366	-0.2103	-1.3128
1814.9999999999998	4.912848	-0.7396739999999999	9.360702000000002	0.12217304763960307	-1.6580627893946132	-0.22863813201125716	-0.741	-0.2138	-1.3061
1816.0	4.848102	-0.7328070000000001	9.585351000000001	0.11693705988362008	-1.8186330805780915	-0.24085543677521748	-0.7472	-0.2178	-1.2943
1817.0000000000002	4.825539	-0.736731	9.765855	0.1884955592153876	-2.158972284716986	-0.30717794835100204	-0.7545	-0.2222	-1.2846
1818.0	4.8039570000000005	-0.7573320000000001	9.923796000000001	0.25481807079117214	-2.4748768793279594	-0.4118977034706618	-0.7656	-0.2267	-1.2672
1819.0000000000002	4.85595	-0.703377	10.034649	0.32637657012293964	-2.8082347664588765	-0.44505895925855404	-0.7799	-0.232	-1.2449
1820.0	4.8981330000000005	-0.498348	10.070946	0.2844886680750757	-3.1642819338657198	-0.45029494701453704	-0.7963	-0.2385	-1.2177
1821.0	4.957974	-0.499329	10.053288	0.41364303272265607	-3.436553297176835	-0.5358160803622591	-0.8153	-0.2454	-1.187
1822.0	5.1061049999999994	-0.825021	9.925758	0.5253441048502933	-3.5360370645405115	-0.6736970912698113	-0.8355	-0.2528	-1.1519
1823.0	5.261103	-1.2507750000000002	9.791361	0.8220500776893293	-3.6425021489121656	-1.0629055144645467	-0.8576	-0.2621	-1.1138
1823.9999999999998	5.500467	-1.5715620000000001	9.611838	1.0297442586766545	-3.7646751965517686	-1.413716694115407	-0.88	-0.2731	-1.0682
1825.0	5.885019	-1.760895	9.461745	1.054178868204575	-3.8117990863556157	-1.6336281798666923	-0.9031	-0.2868	-1.0181
1826.0000000000002	6.342165	-1.9561140000000001	9.28026	1.0663961729685354	-3.7367499285198593	-1.827359726838063	-0.9243	-0.3024	-0.9658
1827.0	6.881715000000001	-2.1631050000000003	9.094851	1.2461650859239515	-3.5761796373363812	-1.9757127132575811	-0.9458	-0.3213	-0.9059
1828.0	7.378101	-2.371077	8.913366	1.5009831567151235	-3.4557519189487724	-2.17293491873294	-0.963	-0.3429	-0.8473
1829.0	7.764615	-2.5064550000000003	8.716185	1.53588974175501	-3.405137370640937	-2.2060961745208325	-0.9768	-0.3661	-0.7883
1830.0	8.175654000000002	-2.6624339999999997	8.486631000000001	1.3055062804917585	-3.2655110304813904	-2.230530784048753	-0.9883	-0.3922	-0.7282
1830.9999999999998	8.505270000000001	-2.7222750000000002	8.267868	1.1187560505283651	-3.0159289474462017	-2.235766771804736	-0.9953	-0.4209	-0.6681
1832.0	8.776026	-2.565315	8.018694	0.9354964790689606	-2.652900463031381	-2.2636920398366454	-0.9992	-0.4507	-0.6084
1832.9999999999998	8.592579	-2.0169360000000003	7.859772	-0.0645771823237902	-2.0943951023931953	-2.0315632493213998	-0.9997	-0.4815	-0.5522
1834.0	8.039295000000001	-1.7000730000000002	8.21097	-1.0559241974565694	-1.0925761117484503	-1.4416419621473162	-0.9982	-0.5122	-0.501
1835.0000000000002	7.698888000000001	-1.983582	8.674002	-1.2514010736799344	-0.47647488579445196	-1.096066770252439	-0.994	-0.5407	-0.4558
1836.0	6.757128	-2.5692390000000005	9.041877	-1.0157816246606999	0.42062434973063345	-0.6387905062299246	-0.9892	-0.5674	-0.4194
1837.0	5.6760660000000005	-3.036195	9.344025	-0.6894050545377601	1.0506882097005865	-0.28623399732707	-0.9838	-0.5902	-0.3906
1838.0	4.589118	-3.165687	9.572598000000001	-0.9459684545809267	1.583013631558857	0.1308996938995747	-0.9775	-0.609	-0.3707
1839.0	3.568878	-3.2853689999999998	9.810981	-1.345648853287628	2.022836603061428	0.49567350756638956	-0.9715	-0.6234	-0.3608
1839.9999999999998	2.582973	-3.537486	10.068003000000001	-1.5219271077390555	2.4085543677521746	0.7278022980816354	-0.9657	-0.6332	-0.3608
1841.0	1.740294	-3.7317240000000003	10.269108	-1.546361717266976	2.694788365079245	0.8674286382411819	-0.9616	-0.6369	-0.3703
1842.0000000000002	0.998658	-3.8818170000000003	10.539864000000001	-1.5638150097869192	2.8082347664588765	0.9162978572970231	-0.9575	-0.6363	-0.3907
1843.0	0.744579	-4.195737	10.737045	-1.6510814723866356	2.9827676916583092	0.9948376736367679	-0.9538	-0.631	-0.4191
1844.0000000000002	0.8995770000000001	-4.346811	10.471193999999999	-1.7313666179783749	3.0944687637859465	1.0716321607245183	-0.95	-0.6212	-0.4533
1845.0	0.811287	-4.00248	10.108224	-1.8029251173101424	3.1747539093776855	1.1466813185602747	-0.9467	-0.6074	-0.4909
1846.0	1.3684950000000002	-3.3265710000000004	9.880632000000002	-1.8099064343181197	3.251548396465436	1.2164944886400477	-0.9418	-0.5907	-0.5306
1847.0	2.0296890000000003	-2.740914	9.795285000000002	-1.7715091907742444	3.3335788713091694	1.3386675362796507	-0.9355	-0.5711	-0.5713
1848.0	2.8331280000000003	-2.4691769999999997	9.822753	-1.7243853009703975	3.3649947978450676	1.494001839707146	-0.928	-0.5494	-0.6132
1848.9999999999998	3.673845	-2.349495	9.944397	-1.6336281798666923	3.4138640169009085	1.5812683023068625	-0.9186	-0.5259	-0.6563
1850.0	4.558707	-2.178801	10.141578	-1.5132004614790837	3.4697145529647275	1.7959438003021653	-0.9068	-0.4992	-0.7016
1851.0000000000002	5.438664	-1.9924110000000002	10.429011	-1.3491395117916167	3.51509311351658	2.022836603061428	-0.8929	-0.4715	-0.7485
1852.0	6.233274	-1.861938	10.747836	-1.213003830136059	3.532546406036523	2.2322761133007476	-0.8777	-0.4423	-0.7959
1853.0	6.9906060000000005	-1.847223	11.064699	-1.0768681484805014	3.51509311351658	2.424262331020124	-0.8612	-0.4115	-0.8429
1854.0	7.711641	-1.847223	11.346246	-1.0122909661567112	3.4121186876489142	2.5516713664157096	-0.843	-0.3788	-0.8891
1855.0	8.362044000000001	-1.870767	11.565009000000002	-1.0000736613927508	3.3754667733570334	2.611012560983517	-0.8237	-0.3455	-0.9342
1855.9999999999998	8.925138	-1.894311	11.691558	-0.9477137838329209	3.2428217502054646	2.663372438543347	-0.8034	-0.3103	-0.9783
1857.0	9.390132000000001	-1.896273	11.696463	-0.9285151620609834	3.045599544730105	2.6720990848033184	-0.7828	-0.2749	-1.0223
1857.9999999999998	9.808038000000002	-2.0041830000000003	11.607192000000001	-0.8796459430051421	2.7820548276789614	2.6459191460234033	-0.7622	-0.2386	-1.0647
1859.0	10.198476000000001	-2.4770250000000003	10.869480000000001	0.6771877497737998	2.1240656996770992	2.303834612632515	-0.7427	-0.2028	-1.1027
1860.0000000000002	10.449612	-1.7255790000000002	9.837468	1.281071670963838	0.9721483933608416	1.9181168479417683	-0.725	-0.1704	-1.1334
1861.0	11.053908000000002	-0.249174	9.195894000000001	0.5846852994181004	0.6492624817418906	2.56388867117967	-0.7103	-0.1395	-1.1561
1862.0	11.983896000000001	0.475785	8.648496000000002	-1.075122819228507	0.7103490055616922	2.8064894372068823	-0.6981	-0.1087	-1.1702
1863.0	12.69414	0.891729	7.850943000000001	-1.0018189906447452	1.0506882097005865	2.600540585471551	-0.6886	-0.077	-1.1779
1864.0	13.297455	1.686339	6.918993	-0.4415683007545654	1.2147491593880533	2.129301687433082	-0.6816	-0.0467	-1.181
1864.9999999999998	13.718304000000002	2.5976879999999998	5.873247	-0.2897246558310587	1.1693705988362009	1.7976891295541595	-0.6756	-0.0173	-1.183
1866.0	13.94982	3.474702	4.674465	-0.054105206811824215	0.7120943348136864	1.1885692206081384	-0.6728	0.0093	-1.1843
1867.0000000000002	14.149944	4.4301960000000005	3.527676	0.15533430342749532	0.12566370614359174	0.4991641660703783	-0.6711	0.0338	-1.185
1868.0	14.353011000000002	5.446512	2.4377850000000003	0.26354471705114374	-0.12042771838760874	0.17278759594743864	-0.6722	0.0548	-1.1856
1869.0000000000002	14.544306	6.779691000000001	1.9620000000000002	0.5794493116621174	-0.5951572749300664	-0.49567350756638956	-0.6751	0.0722	-1.1857
1870.0	14.795442000000001	6.89643	1.694187	0.9389871375729493	-1.0681415022205298	-1.1676252695842066	-0.6793	0.0867	-1.1865
1871.0	14.662026000000001	6.369633	0.9142920000000001	1.1676252695842066	-1.6493361431346414	-1.7610372152622786	-0.6842	0.0965	-1.1868
1872.0	13.679064000000002	6.651180000000001	0.288414	0.8203047484373349	-2.291617307868555	-2.0996310901491784	-0.6906	0.1001	-1.1873
1873.0	12.932523000000002	6.809121000000001	1.043784	0.15184364492350666	-2.134537675189065	-1.8675022996339325	-0.6985	0.0964	-1.1872
1873.9999999999998	11.942694000000001	6.1184970000000005	1.9894680000000002	-0.006981317007977318	-1.6807520696705394	-1.4835298641951802	-0.7069	0.0871	-1.1878
1875.0	10.595781	5.011929	2.561391	-0.13264502315156904	-1.965240737745615	-1.3247049022636963	-0.7168	0.0736	-1.1842
1876.0000000000002	10.147464000000001	3.6620730000000004	3.505113	-0.03316125578789226	-2.49931148885588	-1.3212142437597074	-0.7286	0.0565	-1.1682
1877.0	11.527731000000001	1.2233070000000001	4.827501	1.1623892818282233	-1.5341444125030157	-1.192059879112127	-0.7417	0.0359	-1.1507
1878.0	11.010744	-0.361008	5.449455	1.5638150097869192	-0.26703537555513246	-0.6981317007977318	-0.7545	0.0136	-1.1301
1879.0	10.217115000000002	-0.377685	6.528555	1.3299408900196792	-0.7941248096574199	-0.9669124056048586	-0.7664	-0.0104	-1.111
1880.0	9.919872000000002	0.031392	7.901955	0.6475171524898963	0.12566370614359174	-0.4625122517784973	-0.7775	-0.0341	-1.087
1880.9999999999998	9.082098	-0.7769520000000001	8.852544	0.4537856055185257	-0.022689280275926284	-0.3909537524467298	-0.7866	-0.056	-1.0656
1882.0	8.814285	-1.8089640000000002	9.606933	0.40491638646268446	0.020943951023931952	-0.27576202181510406	-0.7938	-0.0753	-1.0467
1882.9999999999998	8.396379	-2.1572190000000004	9.293013	0.44505895925855404	0.020943951023931952	-0.312413936106985	-0.799	-0.0925	-1.0301
1884.0	8.316918000000001	-2.058138	8.879031000000001	0.32812189937493397	0.10821041362364843	-0.22165681500327983	-0.8035	-0.1073	-1.014
1885.0000000000002	8.729919	-1.691244	8.988903	0.2530727415391778	0.10122909661567112	-0.1884955592153876	-0.8067	-0.1215	-1.0004
1886.0	8.395398	-1.067328	8.929062	0.23212879051524585	0.10297442586766545	-0.18500490071139894	-0.8078	-0.1343	-0.997
1887.0	6.3166590000000005	0.601353	8.526852	0.21467549799530256	0.1117010721276371	-0.16929693744344995	-0.8083	-0.1453	-0.9929
1888.0	6.094953	1.4979870000000002	8.805456	0.17278759594743864	0.11693705988362008	-0.1361356816555577	-0.8085	-0.1547	-0.9904
1889.0	6.104763	0.825021	8.602389	0.143116998663535	0.11519173063162574	-0.12391837689159739	-0.8083	-0.1622	-0.9843
1889.9999999999998	5.610339	-0.243288	8.169768	0.09599310885968812	0.13788101090755203	-0.07853981633974483	-0.8076	-0.168	-0.9849
1891.0	5.633883000000001	-0.161865	8.246286000000001	0.027925268031909273	0.15358897417550102	-0.03665191429188092	-0.8065	-0.1728	-0.9865
1892.0000000000002	5.566194	0.05886	8.252172	-0.019198621771937627	0.1466076571675237	-0.003490658503988659	-0.8059	-0.1772	-0.9807
1893.0	5.584833000000001	0.003924	8.203122	-0.05235987755982989	0.13788101090755203	0.03316125578789226	-0.8044	-0.181	-0.9816
1894.0000000000002	5.554422000000001	-0.047088	8.216856	-0.0645771823237902	0.12042771838760874	0.03665191429188092	-0.8031	-0.1838	-0.9845
1895.0	5.528916000000001	-0.06867000000000001	8.232552	-0.06806784082777885	0.11693705988362008	0.041887902047863905	-0.8024	-0.1855	-0.9837
1896.0	5.517144	-0.05886	8.247267	-0.07679448708775051	0.11344640137963143	0.061086523819801536	-0.8013	-0.1871	-0.9836
1897.0	5.461227	-0.10104300000000001	8.256096000000001	-0.07504915783575616	0.07853981633974483	0.0715584993317675	-0.7997	-0.1881	-0.9853
1898.0	5.407272000000001	-0.165789	8.268849	-0.0715584993317675	0.04363323129985824	0.06981317007977318	-0.7975	-0.1888	-0.9854
1898.9999999999998	5.3631269999999995	-0.18639	8.291412	-0.0942477796076938	0.026179938779914945	0.0715584993317675	-0.7955	-0.189	-0.9876
1900.0	5.341545	-0.258984	8.297298	-0.07853981633974483	0.0	0.07504915783575616	-0.7946	-0.1885	-0.9879
1901.0000000000002	5.323887	-0.357084	8.30907	-0.08377580409572781	0.0017453292519943296	0.07679448708775051	-0.7943	-0.1876	-0.9878
1902.0	5.313096	-0.430659	8.319861	-0.06632251157578452	-0.012217304763960306	0.0645771823237902	-0.7931	-0.1866	-0.9944
1903.0	5.315058	-0.49442400000000003	8.316918000000001	-0.05585053606381855	-0.020943951023931952	0.059341194567807204	-0.7935	-0.1856	-0.9935
1904.0	5.325849000000001	-0.5523030000000001	8.308089	-0.03316125578789226	-0.019198621771937627	0.04014257279586958	-0.7928	-0.185	-0.9908
1905.0	5.332716	-0.591543	8.285526	-0.0017453292519943296	-0.024434609527920613	0.015707963267948967	-0.7929	-0.1846	-0.9918
1905.9999999999998	5.3405640000000005	-0.626859	8.261982	0.015707963267948967	0.0017453292519943296	0.006981317007977318	-0.793	-0.1836	-0.9921
1907.0	5.341545	-0.655308	8.245305	0.038397243543875255	-0.015707963267948967	0.003490658503988659	-0.7937	-0.1829	-0.9912
1907.9999999999998	5.342526	-0.6837570000000001	8.238438	0.012217304763960306	-0.031415926535897934	0.008726646259971648	-0.7939	-0.1824	-0.9909
1909.0	5.348412000000001	-0.678852	8.232552	0.008726646259971648	-0.04014257279586958	0.019198621771937627	-0.7948	-0.1816	-0.9903
1910.0000000000002	5.357241	-0.6435360000000001	8.237457000000001	-0.015707963267948967	-0.05759586531581287	0.05585053606381855	-0.7953	-0.1817	-0.9898
1911.0	5.365089000000001	-0.583695	8.239419	-0.061086523819801536	-0.07853981633974483	0.08726646259971647	-0.7954	-0.1812	-0.989
1912.0	5.378823000000001	-0.505215	8.235495	-0.09948376736367678	-0.13439035240356337	0.12566370614359174	-0.7963	-0.1812	-0.9886
1913.0	5.391576	-0.419868	8.219799	-0.19024088846738194	-0.13264502315156904	0.15707963267948966	-0.7965	-0.1806	-0.9884
1914.0	5.392557	-0.332559	8.178597	-0.2129301687433082	-0.1308996938995747	0.17278759594743864	-0.7973	-0.1799	-0.9876
1914.9999999999998	5.377842	-0.31392000000000003	8.134452000000001	-0.26703537555513246	-0.06283185307179587	0.16057029118347832	-0.7978	-0.1786	-0.9873
1916.0	5.318982	-0.413001	8.12268	-0.1466076571675237	-0.010471975511965976	0.09075712110370514	-0.7984	-0.1765	-0.9863
1917.0000000000002	5.255217	-0.5944860000000001	8.123661	-0.0	0.048869219055841226	0.003490658503988659	-0.7982	-0.1738	-0.9858
1918.0	5.2287300000000005	-0.72594	8.106003000000001	0.10471975511965978	0.07504915783575616	-0.05585053606381855	-0.7992	-0.1722	-0.9852
1919.0000000000002	5.221863	-0.8318880000000001	8.095212	0.1710422666954443	0.09948376736367678	-0.09599310885968812	-0.7993	-0.1709	-0.9847
1920.0	5.235596999999999	-0.850527	8.06382	0.16755160819145562	0.1117010721276371	-0.10995574287564276	-0.7994	-0.1696	-0.9844
1921.0	5.252274	-0.860337	8.038314	0.16929693744344995	0.12042771838760874	-0.09948376736367678	-0.7993	-0.1697	-0.983
1922.0	5.237559000000001	-0.905463	8.043219	0.10821041362364843	0.09948376736367678	-0.07853981633974483	-0.7986	-0.1694	-0.9796
1923.0	5.218920000000001	-0.9662850000000001	8.068725	0.09250245035569947	0.07330382858376185	-0.0715584993317675	-0.7982	-0.1698	-0.9743
1923.9999999999998	5.209110000000001	-1.01043	8.117775	0.08552113334772216	0.054105206811824215	-0.06632251157578452	-0.7976	-0.1705	-0.9677
1925.0	5.206167	-1.011411	8.173692	0.059341194567807204	0.04363323129985824	-0.06283185307179587	-0.7973	-0.1715	-0.9597
1926.0000000000002	5.247369000000001	-0.908406	8.196255	0.07330382858376185	0.041887902047863905	-0.061086523819801536	-0.7965	-0.1746	-0.9527
1927.0	5.300343000000001	-0.721035	8.193312	0.07853981633974483	0.03490658503988659	-0.06806784082777885	-0.7964	-0.1776	-0.9471
1928.0	5.322906	-0.592524	8.194293	0.09075712110370514	0.03665191429188092	-0.06981317007977318	-0.7958	-0.1803	-0.9436
1929.0	5.31702	-0.520911	8.202141	0.1064650843716541	0.038397243543875255	-0.06981317007977318	-0.7952	-0.1823	-0.9428
1930.0	5.278761	-0.574866	8.226666	0.10821041362364843	0.048869219055841226	-0.08028514559173916	-0.7947	-0.1843	-0.9439
1930.9999999999998	5.237559000000001	-0.648441	8.243343000000001	0.13264502315156904	0.04363323129985824	-0.10471975511965978	-0.7945	-0.1858	-0.9466
1932.0	5.231673	-0.679833	8.239419	0.1413716694115407	0.06632251157578452	-0.1291543646475804	-0.7946	-0.1873	-0.9508
1932.9999999999998	5.2257869999999995	-0.672966	8.235495	0.14835298641951802	0.061086523819801536	-0.1361356816555577	-0.7936	-0.1889	-0.957
1934.0	5.216958000000001	-0.654327	8.252172	0.1291543646475804	0.04363323129985824	-0.1291543646475804	-0.7931	-0.1906	-0.9649
1935.0000000000002	5.217939	-0.6199920000000001	8.28945	0.10471975511965978	0.0017453292519943296	-0.11868238913561441	-0.7929	-0.1929	-0.9734
1936.0	5.209110000000001	-0.592524	8.347329	0.10297442586766545	-0.06632251157578452	-0.10471975511965978	-0.7924	-0.1945	-0.9819
1937.0	5.188509000000001	-0.6092010000000001	8.413056000000001	0.17278759594743864	-0.13264502315156904	-0.10297442586766545	-0.7913	-0.1969	-0.9866
1938.0	5.151231	-0.669042	8.553339000000001	0.2565634000431664	-0.2565634000431664	-0.1361356816555577	-0.791	-0.1989	-0.9871
1939.0	5.125725	-0.713187	8.694603	0.3752457891787809	-0.43982297150257105	-0.19373154697137057	-0.7905	-0.2017	-0.9827
1939.9999999999998	5.055093	-0.5160060000000001	8.889822	0.4625122517784973	-0.5270894341022875	-0.20420352248333654	-0.7908	-0.205	-0.9736
1941.0	4.981518	-0.46205100000000005	9.130167	0.19373154697137057	-0.8901179185171081	-0.2234021442552742	-0.7917	-0.2082	-0.9623
1942.0000000000002	4.905	-0.376704	9.366588	0.15009831567151233	-1.2688543661998777	-0.22689280275926285	-0.7932	-0.2121	-0.951
1943.0	4.822596	-0.315882	9.636363	0.09773843811168245	-1.6283921921107094	-0.20245819323134223	-0.7964	-0.2157	-0.9395
1944.0000000000002	4.755888000000001	-0.32373	9.893385	0.09075712110370514	-2.054252529597326	-0.23736477827122882	-0.8009	-0.2196	-0.9273
1945.0	4.695066000000001	-0.351198	10.118034000000002	0.0890117918517108	-2.467895562319982	-0.2879793265790644	-0.8066	-0.2235	-0.9153
1946.0	4.680351000000001	-0.374742	10.293633	0.15707963267948966	-2.827433388230814	-0.3420845333908886	-0.814	-0.2276	-0.9001
1947.0	4.734306	-0.379647	10.425087	0.18151424220741028	-3.0037116426822412	-0.38746309394274114	-0.824	-0.2321	-0.8826
1948.0	4.78728	-0.48951900000000004	10.474137	0.32114058236695664	-3.3388148590651525	-0.5061454830783556	-0.8354	-0.2373	-0.8626
1948.9999999999998	4.866741	-0.5287590000000001	10.485909	0.5846852994181004	-3.600614246864302	-0.7016223593017206	-0.849	-0.2433	-0.8401
1950.0	5.044302	-1.0143540000000002	10.405467	0.8255407361933178	-3.771656513559746	-0.9948376736367679	-0.8626	-0.2495	-0.8152
1951.0000000000002	5.369994	-1.4312790000000002	10.266165	1.1833332328521553	-3.881612256435389	-1.3648474750595658	-0.8774	-0.257	-0.7842
1952.0	5.844798	-1.984563	10.132749	1.6371188383706812	-3.771656513559746	-1.7418385934903409	-0.8916	-0.2666	-0.7453
1953.0	6.412796999999999	-2.433861	9.929682	1.816887751326097	-3.679154063204047	-1.9163715186897738	-0.9052	-0.2792	-0.7068
1954.0	6.95529	-2.68794	9.706995000000001	1.980948701013564	-3.4400439556808236	-2.111848394913139	-0.9177	-0.2947	-0.6607
1955.0	7.411455	-2.855691	9.38817	1.9826940302655582	-3.2969269570172886	-2.2479840765686965	-0.9273	-0.313	-0.609
1955.9999999999998	7.749900000000001	-2.9891070000000006	9.060516	1.8203784098300857	-3.0962140930379407	-2.316051917396475	-0.9347	-0.3336	-0.5512
1957.0	7.875468	-3.018537	8.870202	1.3997540600994522	-2.638937829015426	-2.3055799418845093	-0.9387	-0.3572	-0.4946
1957.9999999999998	7.570377000000001	-2.789964	8.87805	0.5323254218582705	-1.8849555921538759	-2.230530784048753	-0.9396	-0.383	-0.4359
1959.0	7.160319	-2.706579	9.202761	-0.5759586531581288	-0.9075712110370514	-1.843067690106012	-0.9373	-0.4102	-0.3807
1960.0000000000002	6.9395940000000005	-2.780154	9.595161000000001	-0.9442231253289323	-0.19198621771937624	-1.546361717266976	-0.9331	-0.439	-0.3299
1961.0	6.112611	-3.1892310000000004	9.803133	-0.905825881785057	0.7347836150896128	-1.1431906600562858	-0.9272	-0.4683	-0.2875
1962.0	5.045283	-3.37464	9.865917000000001	-0.5393067388662478	1.192059879112127	-0.7557275661135446	-0.9209	-0.4958	-0.2551
1963.0	3.947544	-3.39426	9.912024	-0.7173303225696694	1.53588974175501	-0.17453292519943295	-0.915	-0.5213	-0.2244
1964.0	2.9302470000000005	-3.507075	9.964998000000001	-1.096066770252439	1.9024088846738192	0.4415683007545654	-0.9096	-0.5434	-0.204
1964.9999999999998	2.035575	-3.7356480000000003	10.112148	-1.2426744274199626	2.2427480888127134	0.9285151620609834	-0.9049	-0.5619	-0.1933
1966.0	1.2497940000000003	-3.981879	10.29069	-1.254891732183923	2.3649211364523164	1.1292280260403313	-0.9039	-0.5766	-0.1967
1967.0000000000002	0.6749280000000001	-4.226148	10.373094	-1.286307658719821	2.562143341927676	1.4486232791552935	-0.9043	-0.5861	-0.2059
1968.0	0.611163	-4.484151000000001	10.282842	-1.4067353771074296	2.736676267127109	1.6947147036864938	-0.9076	-0.5903	-0.2253
1969.0000000000002	0.698472	-4.624434	9.910062	-1.481784534943186	2.8571039855147173	1.8727382873899157	-0.9132	-0.5894	-0.2531
1970.0	0.635688	-4.3693740000000005	9.522567	-1.488765851951163	2.991494337918281	1.9757127132575811	-0.9211	-0.5828	-0.2894
1971.0	1.1281500000000002	-3.67875	9.356778	-1.457349925415265	3.092723434533952	2.0455258833373544	-0.9301	-0.5709	-0.33
1972.0	1.8079830000000001	-3.0979980000000005	9.350892000000002	-1.36659280431156	3.1922072018976286	2.0839231268812295	-0.9405	-0.5509	-0.3776
1973.0	2.512341	-2.780154	9.433296	-1.3247049022636963	3.2480577379614473	2.1031217486531673	-0.9501	-0.5263	-0.4282
1973.9999999999998	3.218661	-2.531961	9.566712	-1.1641346110802178	3.331833542057175	2.111848394913139	-0.9586	-0.4979	-0.4824
1975.0	3.942639	-2.245509	9.751140000000001	-1.0227629416686772	3.385938748868999	2.1153390534171272	-0.9671	-0.4665	-0.538
1976.0000000000002	4.6793700000000005	-1.9580760000000001	9.973827	-0.9180431865490174	3.406882699892931	2.134537675189065	-0.9724	-0.4322	-0.5945
1977.0	5.412177	-1.749123	10.215152999999999	-0.8901179185171081	3.3719761148530445	2.158972284716986	-0.9762	-0.3953	-0.6529
1978.0	6.1234020000000005	-1.641213	10.460403000000001	-0.9285151620609834	3.2986722862692828	2.202605516016844	-0.976	-0.3567	-0.7137
1979.0	6.819912	-1.602954	10.708596	-0.9354964790689606	3.2236231284335264	2.2148228207808045	-0.9734	-0.3159	-0.7726
1980.0	7.512498000000001	-1.6058970000000001	10.954827000000002	-0.9791297103688189	3.1014500807939234	2.2148228207808045	-0.9682	-0.2734	-0.8284
1980.9999999999998	8.17173	-1.650042	11.169666000000001	-1.0053096491487339	2.9304078140984795	2.1903882112528836	-0.9596	-0.2307	-0.8836
1982.0	8.737767000000002	-1.703016	11.294253000000001	-1.0576695267085636	2.7017696820872223	2.155481626212997	-0.9468	-0.1903	-0.9345
1982.9999999999998	9.181179	-1.7147880000000002	11.279538	-0.9145525280450286	2.3265238929084413	2.1676989309769574	-0.9323	-0.1488	-0.9839
1984.0	9.528453	-1.997316	10.888119000000001	-0.1466076571675237	1.3910274138394807	1.858775653373961	-0.916	-0.1082	-1.0293
1985.0000000000002	9.837468	-1.4970060000000003	10.34955	-1.0978120995044334	1.0716321607245183	2.007128639793479	-0.8987	-0.0667	-1.0719
1986.0	10.314233999999999	-0.571923	10.073889	-1.6650441064025905	1.0978120995044334	2.2497294058206907	-0.8796	-0.0246	-1.1096
1987.0	10.584009	-0.34335000000000004	9.636363	-1.806415775814131	0.9791297103688189	2.0821777976292353	-0.8606	0.0179	-1.1433
1988.0	10.927359	-0.1962	9.124281000000002	-1.1397000015522971	0.9616764178488756	1.6091935703387719	-0.842	0.0599	-1.1727
1989.0	11.227545000000001	0.21974400000000002	8.507232	-0.6981317007977318	0.9930923443847735	1.2304571226560024	-0.8227	0.1	-1.1976
1989.9999999999998	11.478681	0.868185	7.767558	-0.6998770300497261	1.0053096491487339	0.8831366015091308	-0.8036	0.1374	-1.219
1991.0	11.60523	1.526436	6.93567	-0.6911503837897546	0.8901179185171081	0.43458698374658805	-0.7856	0.1728	-1.2366
1992.0000000000002	11.610135000000001	2.065005	6.107706	-0.6422811647339133	0.7696902001294994	-0.06806784082777885	-0.7692	0.204	-1.2499
1993.0	11.559123	2.5407900000000003	5.383728	-0.49567350756638956	0.45553093477052004	-0.2879793265790644	-0.754	0.231	-1.2605
1994.0000000000002	11.502225000000001	3.3010650000000004	5.046264	-0.4310963252425994	0.2007128639793479	-0.6143558967020041	-0.7402	0.2548	-1.2686
1995.0	11.401182	3.2333760000000002	4.9412970000000005	-0.3752457891787809	0.022689280275926284	-0.8272860654453121	-0.7276	0.2743	-1.2746
1996.0	11.014668	2.686959	4.57146	-0.3141592653589793	-0.14486232791552936	-0.9546951008408983	-0.717	0.2888	-1.2788
1997.0	10.739988	2.748762	4.366431	-0.23911010752322315	-0.2722713633111154	-1.0000736613927508	-0.7081	0.2975	-1.2818
1998.0	10.298538	2.869425	4.2320340000000005	-0.15184364492350666	-0.40317105721069013	-0.9686577348568529	-0.7001	0.3016	-1.2816
1998.9999999999998	9.822753	2.7320850000000005	4.204566	-0.10471975511965978	-0.47298422729046335	-0.9354964790689606	-0.6957	0.3025	-1.2787
2000.0	9.298899	2.353419	4.294818	-0.029670597283903602	-0.5672320068981571	-0.8045967851693859	-0.6932	0.3005	-1.2716
2001.0000000000002	8.799570000000001	1.9404180000000002	4.511619	0.08377580409572781	-0.5951572749300664	-0.6387905062299246	-0.6923	0.2959	-1.2611
2002.0	8.346348	1.619631	4.8039570000000005	0.19896753472735357	-0.6178465552059926	-0.44505895925855404	-0.6933	0.2899	-1.2482
2003.0	7.899012000000001	1.318464	5.098257000000001	0.2844886680750757	-0.6527531402458793	-0.23911010752322315	-0.6955	0.2836	-1.2342
2004.0	7.431075	0.996696	5.356260000000001	0.36302848441482055	-0.7068583470577035	-0.03316125578789226	-0.6989	0.2768	-1.2222
2005.0	6.956271	0.33844500000000005	5.673123	0.6335545184739416	-0.7435102613495844	0.16580627893946132	-0.7027	0.2698	-1.2103
2005.9999999999998	6.0468839999999995	-0.299205	5.412177	1.6877333866785167	-0.9110618695410401	-0.03665191429188092	-0.7079	0.2615	-1.2005
2007.0	5.240502	-0.558189	5.755527000000001	2.1223203704251046	-1.75754655675829	-0.8621926504851988	-0.7139	0.2518	-1.1909
2007.9999999999998	4.788261	-0.604296	6.372576	2.1746802479849343	-2.080432468377241	-1.0140362954087054	-0.7221	0.2396	-1.1806
2009.0	4.346811	-0.024525	6.786558	1.4730578886832142	-2.2776546738526	-0.5619960191421741	-0.7306	0.2255	-1.1697
2010.0000000000002	4.229091	0.22563	7.21035	0.5777039824101231	-2.895501229058593	-0.21991148575128552	-0.7406	0.2114	-1.1581
2011.0	5.117877000000001	0.031392	8.022618	0.5445427266222308	-2.652900463031381	-0.635299847725936	-0.7519	0.1974	-1.1461
2012.0	7.127946000000001	-0.645498	8.710299000000001	1.0035643198967394	-1.7941984710501708	-0.8569566627292158	-0.7643	0.1825	-1.1334
2013.0	7.068105000000001	-0.632745	8.827038000000002	0.8604473212332044	-0.17976891295541594	-0.3368485456349056	-0.7762	0.1664	-1.121
2014.0	7.377120000000001	-0.12851100000000001	9.391113	0.598647933434055	-0.5323254218582705	-0.35779249665883756	-0.7875	0.1497	-1.1055
2014.9999999999998	7.3996830000000005	0.52974	9.502947	0.28099800957108706	-0.25481807079117214	-0.143116998663535	-0.7985	0.1328	-1.0874
2016.0	8.121699	0.7485030000000001	10.09449	0.11693705988362008	-0.2583087292951608	0.017453292519943295	-0.8094	0.1175	-1.0655
2017.0000000000002	8.661249	0.7661610000000001	10.064079000000001	0.12391837689159739	-0.1954768762233649	-0.017453292519943295	-0.8192	0.1048	-1.0415
2018.0	8.908461	0.616068	9.745254	0.08726646259971647	-0.12217304763960307	-0.003490658503988659	-0.8278	0.0958	-1.0185
2019.0000000000002	9.185103	-0.161865	9.596142	0.08028514559173916	-0.1117010721276371	0.005235987755982988	-0.8347	0.0883	-0.9988
2020.0	9.140958	-0.509139	9.452916	0.012217304763960306	-0.020943951023931952	0.012217304763960306	-0.8388	0.0822	-0.9842
2021.0	8.095212	-0.380628	8.898651000000001	-0.038397243543875255	0.0	0.054105206811824215	-0.842	0.0772	-0.9755
2022.0	5.958594000000001	0.167751	8.448372	-0.09948376736367678	0.020943951023931952	0.08377580409572781	-0.843	0.074	-0.9718
2023.0	5.957612999999999	-0.026487000000000004	8.551377	-0.09948376736367678	-0.015707963267948967	0.06981317007977318	-0.8448	0.0721	-0.9695
2023.9999999999998	5.62113	-0.7563510000000001	8.185464000000001	-0.027925268031909273	-0.054105206811824215	0.019198621771937627	-0.8464	0.0712	-0.9695
2025.0	5.631921000000001	-1.22625	8.080497000000001	0.0017453292519943296	-0.06632251157578452	-0.008726646259971648	-0.8481	0.0712	-0.9722
2026.0000000000002	5.4700560000000005	-1.220364	8.042238	0.09250245035569947	-0.05585053606381855	-0.06806784082777885	-0.8491	0.0712	-0.977
2027.0	5.427873000000001	-1.2821670000000003	8.01477	0.13962634015954636	-0.03316125578789226	-0.1064650843716541	-0.8504	0.0708	-0.9846
2028.0	5.3964810000000005	-1.3066920000000002	8.000055	0.16580627893946132	-0.027925268031909273	-0.12391837689159739	-0.851	0.0704	-0.9917
2029.0	5.346450000000001	-1.312578	8.008884	0.15009831567151233	-0.010471975511965976	-0.12566370614359174	-0.8511	0.0699	-1.0014
2030.0	5.314077	-1.3861530000000002	7.99515	0.1466076571675237	0.03490658503988659	-0.12566370614359174	-0.8516	0.0697	-1.0134
2030.9999999999998	5.299362	-1.44207	7.982397000000001	0.16231562043547265	0.041887902047863905	-0.13264502315156904	-0.8522	0.0684	-1.0153
2032.0	5.329773	-1.4185260000000002	7.990245000000001	0.15184364492350666	0.054105206811824215	-0.11693705988362008	-0.8525	0.066	-1.0125
2032.9999999999998	5.384709000000001	-1.295901	8.016732000000001	0.12042771838760874	0.05061454830783556	-0.09948376736367678	-0.8523	0.0643	-1.0132
2034.0	5.447493000000001	-1.124226	8.042238	0.0715584993317675	0.06632251157578452	-0.06806784082777885	-0.8514	0.0618	-1.0108
2035.0000000000002	5.473980000000001	-0.964323	8.090307000000001	0.048869219055841226	0.04014257279586958	-0.04014257279586958	-0.8507	0.0596	-1.0089
2036.0	5.484771	-0.835812	8.133471	0.013962634015954637	0.03490658503988659	-0.031415926535897934	-0.85	0.0574	-1.0069
2037.0	5.505372	-0.7651800000000001	8.160939	-0.0017453292519943296	0.038397243543875255	0.0	-0.8489	0.0554	-1.0054
2038.0	5.496543000000001	-0.7485030000000001	8.177616	0.0017453292519943296	0.03490658503988659	-0.003490658503988659	-0.8477	0.0536	-1.0058
2039.0	5.482809	-0.7435980000000001	8.188407	-0.008726646259971648	0.031415926535897934	0.003490658503988659	-0.848	0.052	-1.0028
2039.9999999999998	5.467113	-0.7426170000000001	8.192331	0.013962634015954637	0.013962634015954637	-0.006981317007977318	-0.8475	0.0504	-0.9964
2041.0	5.4622079999999995	-0.759294	8.189388000000001	-0.0017453292519943296	0.03316125578789226	-0.0017453292519943296	-0.8464	0.0488	-0.997
2042.0000000000002	5.441607	-0.795591	8.18154	0.026179938779914945	0.04014257279586958	-0.019198621771937627	-0.8466	0.0485	-0.9995
2043.0	5.414139	-0.877014	8.162901	0.03490658503988659	0.03490658503988659	-0.03316125578789226	-0.8469	0.0481	-0.9985
2044.0000000000002	5.389614	-0.9525510000000001	8.150148	0.059341194567807204	0.054105206811824215	-0.05585053606381855	-0.8475	0.0479	-1.0023
2045.0	5.369013000000001	-1.0408410000000001	8.119737	0.07679448708775051	0.048869219055841226	-0.06981317007977318	-0.8479	0.0472	-1.0037
2046.0	5.355279	-1.102644	8.09325	0.11519173063162574	0.06981317007977318	-0.09250245035569947	-0.8475	0.047	-1.0077
2047.0	5.342526	-1.1310930000000001	8.068725	0.13264502315156904	0.08726646259971647	-0.11868238913561441	-0.8473	0.0457	-1.0036
2048.0	5.336640000000001	-1.1458080000000002	8.049105	0.13962634015954636	0.10821041362364843	-0.13788101090755203	-0.8473	0.0443	-1.0018
2049.0	5.329773	-1.139922	8.038314	0.15358897417550102	0.12391837689159739	-0.1361356816555577	-0.8457	0.0429	-1.0003
2050.0	5.3248679999999995	-1.124226	8.037333	0.1413716694115407	0.1361356816555577	-0.1291543646475804	-0.8449	0.0405	-1.0013
2051.0	5.322906	-1.078119	8.048124000000001	0.1413716694115407	0.1291543646475804	-0.1117010721276371	-0.8436	0.0386	-1.0018
2052.0	5.333697	-1.025145	8.055972	0.11868238913561441	0.12740903539558607	-0.0942477796076938	-0.8423	0.0364	-1.0028
2053.0	5.346450000000001	-0.939798	8.081478	0.09250245035569947	0.09599310885968812	-0.07679448708775051	-0.8405	0.0334	-1.0027
2054.0	5.367051000000001	-0.849546	8.104041	0.05061454830783556	0.08377580409572781	-0.03316125578789226	-0.8391	0.0311	-1.0005
2055.0	5.380785	-0.762237	8.130528	0.029670597283903602	0.048869219055841226	-0.031415926535897934	-0.8377	0.0283	-0.9996
2056.0	5.387652	-0.6857190000000001	8.157996	0.005235987755982988	0.041887902047863905	-0.0017453292519943296	-0.8368	0.0254	-0.9964
2057.0	5.38569	-0.6180300000000001	8.188407	-0.015707963267948967	0.041887902047863905	0.008726646259971648	-0.8354	0.0235	-1.0006
2058.0	5.3709750000000005	-0.596448	8.208027000000001	-0.027925268031909273	0.038397243543875255	0.017453292519943295	-0.835	0.0218	-1.0026
2059.0	5.352336	-0.589581	8.227647000000001	-0.012217304763960306	0.022689280275926284	0.006981317007977318	-0.8339	0.0208	-1.0043
2060.0	5.3278110000000005	-0.600372	8.231571	-0.020943951023931952	0.029670597283903602	0.012217304763960306	-0.8333	0.0199	-1.004
2061.0	5.308191000000001	-0.6278400000000001	8.234514	-0.013962634015954637	0.03316125578789226	0.008726646259971648	-0.8333	0.0198	-1.0038
2062.0	5.285628	-0.6582510000000001	8.228628	0.006981317007977318	0.003490658503988659	-0.010471975511965976	-0.8331	0.0193	-1.0043
2063.0	5.272875	-0.71613	8.209008	0.003490658503988659	0.038397243543875255	-0.008726646259971648	-0.833	0.0193	-1.0044
2064.0	5.262084	-0.764199	8.194293	0.027925268031909273	0.026179938779914945	-0.020943951023931952	-0.8328	0.0191	-1.0048
2065.0	5.25816	-0.795591	8.186445	0.019198621771937627	0.024434609527920613	-0.012217304763960306	-0.8323	0.019	-1.0051
2066.0	5.252274	-0.8220780000000001	8.18154	0.019198621771937627	0.020943951023931952	-0.012217304763960306	-0.8319	0.0191	-1.0057
2067.0	5.245407	-0.854451	8.177616	0.015707963267948967	0.031415926535897934	-0.008726646259971648	-0.8315	0.0188	-1.006
2068.0	5.24835	-0.850527	8.173692	0.029670597283903602	0.003490658503988659	-0.015707963267948967	-0.8301	0.0186	-1.0062
2069.0	5.260122	-0.8426790000000001	8.16192	0.019198621771937627	0.04014257279586958	-0.024434609527920613	-0.8304	0.0185	-1.0064
2070.0	5.269932000000001	-0.826002	8.16192	0.020943951023931952	0.026179938779914945	-0.027925268031909273	-0.8306	0.0182	-1.0062
2071.0	5.2767990000000005	-0.821097	8.16192	0.017453292519943295	0.029670597283903602	-0.015707963267948967	-0.8306	0.0175	-1.0063
2072.0	5.286609	-0.80442	8.164863	0.03316125578789226	0.013962634015954637	-0.029670597283903602	-0.8299	0.0165	-1.0066
2073.0	5.2895520000000005	-0.786762	8.170749	0.020943951023931952	0.03665191429188092	-0.027925268031909273	-0.8287	0.0153	-1.0069
2074.0	5.280723	-0.783819	8.18154	0.020943951023931952	0.024434609527920613	-0.03316125578789226	-0.8283	0.0148	-1.0059
2075.0	5.269932000000001	-0.787743	8.19135	0.038397243543875255	0.003490658503988659	-0.03316125578789226	-0.8281	0.0143	-1.0036
2076.0	5.263065	-0.787743	8.195274000000001	0.020943951023931952	0.008726646259971648	-0.038397243543875255	-0.8278	0.0133	-0.9998
2077.0	5.266989000000001	-0.771066	8.203122	0.027925268031909273	0.0017453292519943296	-0.03316125578789226	-0.8282	0.0125	-0.9939
2078.0	5.249331000000001	-0.7573320000000001	8.223723000000001	0.017453292519943295	0.008726646259971648	-0.029670597283903602	-0.8285	0.0118	-0.9859
2079.0	5.239521000000001	-0.7396739999999999	8.247267	0.006981317007977318	-0.031415926535897934	-0.022689280275926284	-0.8287	0.0109	-0.9785
2080.0	5.233635	-0.7318260000000001	8.274735000000002	-0.017453292519943295	-0.0645771823237902	-0.008726646259971648	-0.8282	0.0109	-0.9721
2081.0	5.221863	-0.7524270000000001	8.28945	-0.017453292519943295	-0.09773843811168245	-0.012217304763960306	-0.828	0.01	-0.9685
2082.0	5.2257869999999995	-0.779895	8.276697	0.012217304763960306	-0.09075712110370514	-0.015707963267948967	-0.8283	0.0097	-0.9659
2083.0	5.232654	-0.79461	8.261001	0.03316125578789226	-0.08377580409572781	-0.048869219055841226	-0.8295	0.0097	-0.9654
2084.0	5.243445	-0.7808760000000001	8.258058	0.05061454830783556	-0.08726646259971647	-0.054105206811824215	-0.8298	0.0094	-0.9664
2085.0	5.250312	-0.783819	8.263944	0.041887902047863905	-0.10122909661567112	-0.048869219055841226	-0.8304	0.0086	-0.969
2086.0	5.243445	-0.811287	8.294355000000001	0.0890117918517108	-0.1361356816555577	-0.05759586531581287	-0.8311	0.0079	-0.9721
2087.0	5.232654	-0.8416980000000001	8.312994000000002	0.12391837689159739	-0.19373154697137057	-0.07504915783575616	-0.8311	0.0077	-0.9771
2088.0	5.23854	-0.886824	8.345367000000001	0.1291543646475804	-0.23736477827122882	-0.1117010721276371	-0.8316	0.0067	-0.9841
2089.0	5.210091	-0.9711900000000001	8.417961	0.19722220547535926	-0.33510321638291124	-0.15707963267948966	-0.8326	0.0053	-0.9902
2090.0	5.125725	-0.9800190000000001	8.560206	0.2059488517353309	-0.4834562028024293	-0.1954768762233649	-0.8335	0.0032	-0.9936
2091.0	5.068827000000001	-0.9123300000000001	8.748558000000001	0.1780235837034216	-0.6318091892219474	-0.2007128639793479	-0.8348	0.0016	-0.9919
2092.0	5.005062000000001	-0.851508	8.961435	0.16755160819145562	-0.9267698328089891	-0.19024088846738194	-0.8366	-0.0006	-0.9854
2093.0	4.962879	-0.786762	9.168426	0.16057029118347832	-1.2234758056480248	-0.19024088846738194	-0.8392	-0.0033	-0.9736
2094.0	4.922658	-0.744579	9.342063000000001	0.1413716694115407	-1.5323990832510213	-0.17627825445142728	-0.8434	-0.0066	-0.9582
2095.0	4.897152	-0.724959	9.496080000000001	0.15184364492350666	-1.8011797880581482	-0.1832595714594046	-0.8481	-0.0096	-0.9408
2096.0	4.8981330000000005	-0.72594	9.629496000000001	0.21991148575128552	-2.0856684561332237	-0.24434609527920614	-0.8545	-0.0128	-0.9235
2097.0	4.888323000000001	-0.753408	9.766836000000001	0.23561944901923448	-2.2375121010567303	-0.27052603405912107	-0.8624	-0.017	-0.905
2098.0	4.896171	-0.7396739999999999	9.880632000000002	0.2775073510670984	-2.546435378659727	-0.3735004599267865	-0.8717	-0.0213	-0.8849
2099.0	4.967784	-0.6837570000000001	9.945378000000002	0.2844886680750757	-2.8902652413026098	-0.4537856055185257	-0.8815	-0.0256	-0.8636
2100.0	5.044302	-0.781857	9.937529999999999	0.32986722862692824	-3.2532937257174304	-0.6143558967020041	-0.8942	-0.0311	-0.8396
2101.0	5.161041	-1.058499	9.879651	0.45553093477052004	-3.551745027808461	-0.8744099552491591	-0.9077	-0.0375	-0.8132
2102.0	5.392557	-1.4803290000000002	9.821772000000001	0.7208209810736581	-3.7454765747798313	-1.2514010736799344	-0.9216	-0.0447	-0.7847
2103.0	5.684895	-1.832508	9.734463	0.8901179185171081	-3.824016391119576	-1.577777643802874	-0.9358	-0.0538	-0.7538
2104.0	6.2303310000000005	-2.0463660000000004	9.669717	0.9232791743050003	-3.8100537571036215	-1.6807520696705394	-0.9487	-0.0652	-0.72
2105.0	6.872886	-2.28573	9.588294000000001	0.8342673824532895	-3.6302848441482056	-1.7610372152622786	-0.961	-0.0797	-0.6812
2106.0	7.510536	-2.439747	9.494118	0.8534660042252271	-3.2550390549694246	-1.7872171540421935	-0.9722	-0.0968	-0.6397
2107.0	8.085402	-2.3956020000000002	9.301842	0.7086036763096978	-2.981022362406315	-1.7889624832941877	-0.982	-0.1158	-0.5936
2108.0	8.415018	-2.3426280000000004	9.095832000000001	0.2303834612632515	-2.693043035827251	-1.6964600329384885	-0.9894	-0.1368	-0.5456
2109.0	8.42679	-2.4760440000000004	8.979093	-0.15707963267948966	-2.199114857512855	-1.6388641676226756	-0.9946	-0.16	-0.4923
2110.0	8.136414	-2.6231940000000002	9.070326	-0.24783675378319478	-1.8203784098300857	-1.6004669240788003	-0.997	-0.1839	-0.4424
2111.0	8.223723000000001	-2.581011	9.272412000000001	-0.4642575810304917	-0.9093165402890457	-1.4468779499032993	-0.9974	-0.2094	-0.3956
2112.0	7.644933	-2.585916	9.347949	-0.6597344572538565	-0.003490658503988659	-1.1135200627723822	-0.9952	-0.2353	-0.3547
2113.0	6.838551000000001	-2.7036360000000004	9.303804000000001	-0.5026548245743669	0.3839724354387525	-0.8970992355250854	-0.9919	-0.2609	-0.3206
2114.0	5.806539	-2.839995	9.193932	-0.48171087355043496	0.6702064327658225	-0.6178465552059926	-0.9878	-0.2849	-0.2928
2115.0	4.706838	-2.887083	9.092889	-0.5253441048502933	1.0297442586766545	-0.26703537555513246	-0.9835	-0.306	-0.2738
2116.0	3.58065	-3.0008790000000003	8.986941	-0.4921828490624009	1.3648474750595658	0.04014257279586958	-0.9788	-0.3249	-0.2598
2117.0	2.507436	-3.253977	8.95653	-0.4625122517784973	1.4922565104551517	0.17278759594743864	-0.9734	-0.3413	-0.2538
2118.0	1.668681	-3.4697970000000002	8.929062	-0.5044001538263612	1.7174039839624204	0.4328416544945937	-0.9695	-0.3548	-0.2538
2119.0	1.135998	-3.471759	8.823114	-0.6143558967020041	1.8936822384138476	0.6370451769779303	-0.9661	-0.3652	-0.2632
2120.0	1.007487	-3.378564	8.507232	-0.7033676885537148	2.0734511513692633	0.7923794804054256	-0.9632	-0.3726	-0.2762
2121.0	0.5032530000000001	-3.3275520000000003	8.114832000000002	-0.7347836150896128	2.282890661608583	0.9302604913129776	-0.9607	-0.3755	-0.2957
2122.0	0.602334	-3.056796	7.873506	-0.7487462491055673	2.4539329283040274	1.064650843716541	-0.9595	-0.376	-0.3161
2123.0	0.8956530000000001	-2.749743	7.816608	-0.7417649320975901	2.542944720155738	1.1955505376161157	-0.9575	-0.3736	-0.3425
2124.0	1.2036870000000002	-2.5496190000000003	7.8421140000000005	-0.7086036763096978	2.652900463031381	1.2671090369478832	-0.9562	-0.3682	-0.3672
2125.0	1.538208	-2.368134	7.9235370000000005	-0.6475171524898963	2.750638901143063	1.3910274138394807	-0.9546	-0.3612	-0.404
2126.0	1.984563	-2.161143	8.090307000000001	-0.5934119456780721	2.8448866807507573	1.5376350710070041	-0.9531	-0.3498	-0.4423
2127.0	2.53098	-2.026746	8.347329	-0.5323254218582705	2.970550386894349	1.6964600329384885	-0.9516	-0.336	-0.4812
2128.0	3.1392	-1.985544	8.670078	-0.4363323129985824	3.1014500807939234	1.8256143975860686	-0.9489	-0.32	-0.5234
2129.0	3.771945	-1.9924110000000002	9.016371000000001	-0.3508111796508603	3.209660494417572	1.9582594207376378	-0.9456	-0.3021	-0.5691
2130.0	4.393899	-2.014974	9.382284	-0.32114058236695664	3.2428217502054646	2.0053833105414847	-0.9416	-0.2826	-0.6164
2131.0	4.99329	-2.0757960000000004	9.746235	-0.26005405854715513	3.2602750427254077	2.076941809873252	-0.9365	-0.2619	-0.6649
2132.0	5.595624000000001	-2.194497	10.11411	-0.2181661564992912	3.2306044454415037	2.097885760897184	-0.9299	-0.2394	-0.7174
2133.0	6.213654	-2.34459	10.450593	-0.1884955592153876	3.13635666583381	2.0682151636132806	-0.9225	-0.2153	-0.7681
2134.0	6.843456000000001	-2.5015500000000004	10.75176	-0.2792526803190927	3.001966313430247	2.007128639793479	-0.9135	-0.1911	-0.8248
2135.0	7.449714	-2.649681	10.982295	-0.4293509959906051	2.78554548618295	1.9198621771937625	-0.902	-0.1648	-0.8723
2136.0	8.001036000000001	-2.774268	11.109825	-0.635299847725936	2.5010568181078745	1.8099064343181197	-0.8884	-0.1396	-0.921
2137.0	8.514099	-2.918475	11.184381	-0.3438298626428829	2.309070600388498	1.8500490071139892	-0.8734	-0.1154	-0.9705
2138.0	9.077193000000001	-3.522771	10.336797	1.3857914260834978	0.9773843811168246	1.3369222070276563	-0.8593	-0.0934	-1.0161
2139.0	9.851202	-2.847843	9.340101	0.8674286382411819	-0.06981317007977318	1.5760323145508794	-0.8457	-0.0729	-1.0563
2140.0	10.952865000000001	-1.720674	8.912385	-0.7906341511534313	0.4468042885105484	2.288126649364566	-0.8331	-0.052	-1.094
2141.0	12.032945999999999	-0.861318	8.766216	-1.7697638615222502	1.2566370614359172	2.4609142453120048	-0.8195	-0.0293	-1.1279
2142.0	12.595059000000001	-0.40024800000000005	8.451315000000001	-1.6022122533307945	1.520181778487061	2.0018926520374962	-0.807	-0.0055	-1.1593
2143.0	12.809898000000002	0.10398600000000001	7.931385000000001	-1.4329153158873444	1.488765851951163	1.684242728174528	-0.7936	0.0192	-1.1881
2144.0	12.871701000000002	0.894672	7.3643670000000006	-1.3735741213195374	1.2775810124598492	1.2304571226560024	-0.7804	0.0446	-1.2146
2145.0	12.917808	1.6932060000000002	6.77871	-1.3962634015954636	1.1728612573401895	0.8133234314293576	-0.7681	0.0692	-1.2387
2146.0	12.954105	2.208231	6.195015	-0.9337511498169663	1.085594794740473	0.21991148575128552	-0.7563	0.0925	-1.2596
2147.0	12.787335000000002	2.666358	5.461227	-0.4415683007545654	0.8203047484373349	-0.4572762640225143	-0.7442	0.1149	-1.2787
2148.0	12.464586	3.814128	5.540688	-0.5235987755982988	0.5480333851262195	-0.937241808320955	-0.7317	0.1363	-1.2968
2149.0	11.872062	3.769983	5.753565000000001	-0.8185594191853406	0.30194196059501904	-1.3299408900196792	-0.7182	0.1566	-1.3156
2150.0	10.886156999999999	3.0685680000000004	5.394519000000001	-0.9250245035569946	0.21118483949131386	-1.509709802975095	-0.7046	0.1738	-1.3331
2151.0	9.846297000000002	2.606517	4.764717	-0.9529497715889039	-0.012217304763960306	-1.816887751326097	-0.6926	0.1853	-1.3479
2152.0	9.246906000000001	2.566296	4.328172	-0.9075712110370514	-0.2303834612632515	-2.0018926520374962	-0.681	0.1916	-1.3589
2153.0	8.932005	2.4750630000000005	4.133934	-0.8464846872172498	-0.4625122517784973	-2.0176006153054447	-0.6729	0.1943	-1.3645
2154.0	8.704413	2.0463660000000004	4.027986	-0.7557275661135446	-0.6736970912698113	-1.8901915799098588	-0.6665	0.1921	-1.3655
2155.0	8.411094	1.536246	3.9789360000000005	-0.5550147021341968	-0.8290313946973066	-1.6458454846306527	-0.6629	0.1865	-1.362
2156.0	8.041257	0.6759090000000001	3.9838410000000004	-0.3665191429188092	-0.9162978572970231	-1.467821900927231	-0.6618	0.1788	-1.3576
2157.0	7.715565	0.335502	3.882798	1.567305668290908	-1.260127719939906	-1.3089969389957472	-0.6642	0.1679	-1.3513
2158.0	7.263324	0.5846760000000001	4.023081	2.2811453323565885	-1.811651763570114	-1.0297442586766545	-0.6688	0.1536	-1.3446
2159.0	6.895449	0.1962	4.657788	1.642354826126664	-2.157226955464991	-0.3543018381548489	-0.6764	0.1373	-1.337
2160.0	6.446151	0.024525	5.2944569999999995	1.5184364492350666	-2.0053833105414847	-0.15707963267948966	-0.6867	0.1193	-1.3279
2161.0	5.906601	0.006867000000000001	5.782014	1.1763519158441782	-2.2776546738526	-0.3036872898470133	-0.7	0.101	-1.3177
2162.0	7.333956000000001	-0.90252	6.806178	2.101376419401173	-2.2252947962927703	-1.5865042900628457	-0.7154	0.0815	-1.3044
2163.0	8.265906000000001	-0.9290070000000001	7.280982	2.239257430308725	-0.8709192967451704	-1.3089969389957472	-0.7306	0.0576	-1.2927
2164.0	8.455239	0.351198	7.920594	1.2636183784438948	-0.20420352248333654	-0.7958701389094143	-0.7451	0.0339	-1.2824
2165.0	8.380683	0.9329310000000001	8.523909	0.32114058236695664	0.13788101090755203	-0.291469985083053	-0.7586	0.0101	-1.2742
2166.0	8.238438	1.237041	8.843715	0.15533430342749532	0.003490658503988659	-0.12217304763960307	-0.7711	-0.0132	-1.2663
2167.0	8.255115	1.506816	9.448992	0.1780235837034216	0.04537856055185257	-0.09948376736367678	-0.7825	-0.034	-1.2568
2168.0	8.433657	1.041822	9.853164	0.07504915783575616	0.03316125578789226	-0.031415926535897934	-0.7918	-0.0508	-1.2455
2169.0	8.486631000000001	0.998658	9.723672	0.026179938779914945	0.03665191429188092	0.013962634015954637	-0.7993	-0.0658	-1.2317
2170.0	8.633781	0.9280260000000001	9.558864000000002	-0.003490658503988659	0.04014257279586958	0.020943951023931952	-0.8042	-0.0788	-1.2168
2171.0	8.915328	0.7808760000000001	9.511776000000001	0.003490658503988659	0.03316125578789226	0.017453292519943295	-0.8067	-0.0901	-1.2036
2172.0	7.2319320000000005	1.5499800000000001	8.890803	-0.03665191429188092	0.048869219055841226	0.041887902047863905	-0.8069	-0.0987	-1.195
2173.0	6.035112	1.441089	8.805456	-0.0645771823237902	0.024434609527920613	0.06632251157578452	-0.8068	-0.1027	-1.1903
2174.0	5.61132	0.047088	8.503308	-0.06283185307179587	0.012217304763960306	0.061086523819801536	-0.807	-0.1045	-1.1883
2175.0	5.497524	-0.5974290000000001	8.21097	-0.06283185307179587	0.04363323129985824	0.061086523819801536	-0.8072	-0.1054	-1.1886
2176.0	5.502429	-0.306072	8.194293	-0.0715584993317675	0.03665191429188092	0.05585053606381855	-0.808	-0.1049	-1.1897
2177.0	5.463189	-0.422811	8.128566000000001	-0.08726646259971647	0.06283185307179587	0.07330382858376185	-0.8086	-0.1045	-1.193
2178.0	5.418063	-0.611163	8.100117000000001	-0.07853981633974483	0.05759586531581287	0.06981317007977318	-0.809	-0.1039	-1.1978
2179.0	5.421006	-0.63765	8.095212	-0.07679448708775051	0.0715584993317675	0.06632251157578452	-0.81	-0.103	-1.2061
2180.0	5.430816	-0.6386310000000001	8.101098	-0.08726646259971647	0.06981317007977318	0.06981317007977318	-0.8113	-0.1017	-1.2144
2181.0	5.4317969999999995	-0.668061	8.111889	-0.07504915783575616	0.054105206811824215	0.06806784082777885	-0.8117	-0.1007	-1.2226
2182.0	5.436702	-0.7102440000000001	8.120718	-0.09075712110370514	0.0715584993317675	0.061086523819801536	-0.8124	-0.0998	-1.2291
2183.0	5.449455	-0.7426170000000001	8.106984	-0.06806784082777885	0.05235987755982989	0.05585053606381855	-0.8124	-0.0992	-1.2304
2184.0	5.4396450000000005	-0.7406550000000001	8.11287	-0.07679448708775051	0.0471238898038469	0.05759586531581287	-0.8124	-0.0984	-1.2395
2185.0	5.421006	-0.737712	8.140338	-0.054105206811824215	0.04363323129985824	0.05061454830783556	-0.8123	-0.0967	-1.2455
2186.0	5.400405	-0.791667	8.16192	-0.041887902047863905	0.022689280275926284	0.04014257279586958	-0.8114	-0.0961	-1.2459
2187.0	5.381766	-0.826002	8.18154	-0.029670597283903602	0.03665191429188092	0.03490658503988659	-0.8114	-0.0945	-1.2477
2188.0	5.373918	-0.850527	8.185464000000001	0.0017453292519943296	0.020943951023931952	0.019198621771937627	-0.8112	-0.093	-1.2471
2189.0	5.366070000000001	-0.9035010000000001	8.176635000000001	-0.0	0.015707963267948967	0.006981317007977318	-0.8097	-0.0918	-1.2468
2190.0	5.357241	-0.950589	8.173692	0.03316125578789226	0.013962634015954637	-0.024434609527920613	-0.8079	-0.0904	-1.2476
2191.0	5.353317	-0.981981	8.165844	0.06283185307179587	0.027925268031909273	-0.03490658503988659	-0.8069	-0.0898	-1.2488
2192.0	5.349393	-1.005525	8.155053	0.08726646259971647	0.04537856055185257	-0.0645771823237902	-0.8059	-0.0893	-1.2501
2193.0	5.349393	-1.011411	8.149167	0.11344640137963143	0.048869219055841226	-0.06981317007977318	-0.8056	-0.0888	-1.2544
2194.0	5.351355	-1.01043	8.147205000000001	0.10821041362364843	0.054105206811824215	-0.06806784082777885	-0.8056	-0.0886	-1.2489
2195.0	5.356260000000001	-0.9898290000000001	8.144262000000001	0.1117010721276371	0.04537856055185257	-0.061086523819801536	-0.8057	-0.089	-1.2452
2196.0	5.361165	-0.9525510000000001	8.140338	0.08377580409572781	0.05585053606381855	-0.05585053606381855	-0.8066	-0.0907	-1.247
2197.0	5.361165	-0.910368	8.138376000000001	0.08377580409572781	0.05585053606381855	-0.05585053606381855	-0.8064	-0.0927	-1.2468
2198.0	5.365089000000001	-0.8672040000000001	8.127585	0.07504915783575616	0.048869219055841226	-0.04014257279586958	-0.8065	-0.0943	-1.2454
2199.0	5.366070000000001	-0.8220780000000001	8.131509	0.0645771823237902	0.0471238898038469	-0.03665191429188092	-0.8067	-0.0962	-1.2427
2200.0	5.364108	-0.7740090000000001	8.13249	0.0471238898038469	0.054105206811824215	-0.04537856055185257	-0.8064	-0.0984	-1.2435
2201.0	5.3582220000000005	-0.736731	8.143281	0.04014257279586958	0.0645771823237902	-0.029670597283903602	-0.8064	-0.0999	-1.2398
2202.0	5.354298	-0.707301	8.146224	0.0471238898038469	0.06632251157578452	-0.03490658503988659	-0.8064	-0.1014	-1.2396
2203.0	5.349393	-0.687681	8.150148	0.041887902047863905	0.05585053606381855	-0.03316125578789226	-0.8056	-0.1031	-1.2385
2204.0	5.347431	-0.664137	8.153091	0.0471238898038469	0.041887902047863905	-0.019198621771937627	-0.8053	-0.1045	-1.2385
2205.0	5.346450000000001	-0.645498	8.160939	0.012217304763960306	0.03665191429188092	-0.013962634015954637	-0.8042	-0.1062	-1.2372
2206.0	5.344488	-0.6199920000000001	8.165844	-0.005235987755982988	0.020943951023931952	0.010471975511965976	-0.8028	-0.1066	-1.2353
2207.0	5.339583	-0.599391	8.169768	-0.04014257279586958	0.012217304763960306	0.048869219055841226	-0.8013	-0.1067	-1.2331
2208.0	5.333697	-0.569961	8.187426	-0.08203047484373349	0.0017453292519943296	0.059341194567807204	-0.8003	-0.1074	-1.2346
2209.0	5.328792000000001	-0.5405310000000001	8.19135	-0.09599310885968812	-0.008726646259971648	0.06283185307179587	-0.7995	-0.107	-1.2359
2210.0	5.326830000000001	-0.522873	8.190369	-0.1413716694115407	-0.003490658503988659	0.08726646259971647	-0.7998	-0.1071	-1.2343
2211.0	5.316039000000001	-0.538569	8.175654000000002	-0.1361356816555577	-0.013962634015954637	0.07853981633974483	-0.7991	-0.1069	-1.2372
2212.0	5.296419000000001	-0.589581	8.164863	-0.1117010721276371	0.012217304763960306	0.05585053606381855	-0.7991	-0.1064	-1.2378
2213.0	5.264046	-0.6867000000000001	8.163882000000001	-0.013962634015954637	0.027925268031909273	0.0	-0.7985	-0.1059	-1.2385
2214.0	5.236578000000001	-0.7769520000000001	8.164863	0.04363323129985824	0.041887902047863905	-0.05235987755982989	-0.7982	-0.1052	-1.2383
2215.0	5.213034	-0.8642610000000001	8.153091	0.0890117918517108	0.04014257279586958	-0.06806784082777885	-0.7977	-0.1045	-1.2383
2216.0	5.191452	-0.935874	8.144262000000001	0.11693705988362008	0.06981317007977318	-0.09599310885968812	-0.7975	-0.1043	-1.2385
2217.0	5.176737	-0.9937530000000001	8.148186	0.15184364492350666	0.061086523819801536	-0.10122909661567112	-0.797	-0.1049	-1.2385
2218.0	5.164965	-1.041822	8.149167	0.1780235837034216	0.04014257279586958	-0.11344640137963143	-0.7968	-0.1051	-1.2387
2219.0	5.154174	-1.05948	8.174673	0.14486232791552936	0.010471975511965976	-0.09773843811168245	-0.7968	-0.1068	-1.2392
2220.0	5.137497000000001	-1.043784	8.219799	0.09599310885968812	-0.04363323129985824	-0.08203047484373349	-0.7962	-0.1079	-1.2391
2221.0	5.145345	-0.982962	8.26983	0.04537856055185257	-0.10297442586766545	-0.06632251157578452	-0.796	-0.1094	-1.2392
2222.0	5.166926999999999	-0.868185	8.307108000000001	0.026179938779914945	-0.1308996938995747	-0.04363323129985824	-0.7954	-0.1109	-1.2386
2223.0	5.210091	-0.722997	8.310051	-0.008726646259971648	-0.12566370614359174	-0.012217304763960306	-0.7954	-0.1125	-1.2382
2224.0	5.239521000000001	-0.615087	8.323785	-0.04014257279586958	-0.14835298641951802	0.005235987755982988	-0.7953	-0.114	-1.2371
2225.0	5.255217	-0.5523030000000001	8.371854	-0.026179938779914945	-0.19722220547535926	0.003490658503988659	-0.7956	-0.1155	-1.2362
2226.0	5.249331000000001	-0.589581	8.444448000000001	-0.005235987755982988	-0.23387411976724015	-0.026179938779914945	-0.796	-0.1171	-1.2347
2227.0	5.16987	-0.727902	8.581788000000001	0.18675022996339324	-0.36477381366681483	-0.059341194567807204	-0.7974	-0.1184	-1.2323
2228.0	5.06196	-0.6817950000000002	8.791722	0.2844886680750757	-0.4537856055185257	-0.1413716694115407	-0.7986	-0.1198	-1.2273
2229.0	5.044302	-0.6425550000000001	8.903556	0.14835298641951802	-0.7539822368615504	-0.15358897417550102	-0.8004	-0.121	-1.2193
2230.0	5.059017000000001	-0.567018	8.974188	0.09948376736367678	-0.9337511498169663	-0.1466076571675237	-0.8027	-0.1222	-1.2089
2231.0	5.051169000000001	-0.512082	9.052668	0.0471238898038469	-1.1554079648202462	-0.08726646259971647	-0.8065	-0.1238	-1.1948
2232.0	5.04234	-0.49246200000000007	9.147825000000001	-0.008726646259971648	-1.3543754995475996	-0.03316125578789226	-0.8117	-0.1258	-1.1794
2233.0	5.012910000000001	-0.5591700000000001	9.289089	-0.026179938779914945	-1.6144295580947547	-0.026179938779914945	-0.8182	-0.1272	-1.1643
2234.0	4.991328	-0.6425550000000001	9.43722	0.013962634015954637	-1.8552849948699723	-0.06981317007977318	-0.8256	-0.1292	-1.1488
2235.0	4.975632	-0.7190730000000001	9.568674000000001	0.07853981633974483	-1.9984019935335073	-0.09948376736367678	-0.8348	-0.1313	-1.1331
2236.0	4.997214	-0.749484	9.689337	0.17627825445142728	-2.2968532956245378	-0.18675022996339324	-0.8456	-0.1334	-1.1165
2237.0	5.087466	-0.63765	9.720729	0.23911010752322315	-2.6179938779914944	-0.30019663134302466	-0.8577	-0.1358	-1.099
2238.0	5.217939	-0.7435980000000001	9.666774	0.32637657012293964	-2.981022362406315	-0.4293509959906051	-0.8715	-0.1389	-1.0794
2239.0	5.239521000000001	-0.8240400000000001	9.718767000000001	0.41364303272265607	-3.352777493081107	-0.5672320068981571	-0.8869	-0.1426	-1.0582
2240.0	5.267970000000001	-1.031031	9.788418	0.5026548245743669	-3.703588672731967	-0.7086036763096978	-0.9042	-0.1476	-1.0347
2241.0	5.472018	-1.541151	9.850221000000001	0.5759586531581288	-3.871140280923423	-1.0227629416686772	-0.921	-0.1538	-1.0095
2242.0	5.825178	-2.092473	9.923796000000001	0.9512044423369096	-4.035201230610889	-1.2252211349000195	-0.9384	-0.1618	-0.9791
2243.0	6.247008000000001	-2.3524380000000003	9.945378000000002	1.1187560505283651	-4.043927876870861	-1.5952309363228172	-0.9558	-0.173	-0.9415
2244.0	6.890544	-2.6143650000000003	9.983637000000002	1.0821041362364843	-4.042182547618867	-1.8291050560900572	-0.9727	-0.1871	-0.8973
2245.0	7.494840000000001	-2.9253420000000006	9.944397	1.2304571226560024	-3.834488366631542	-2.05599785884932	-0.9885	-0.2044	-0.8449
2246.0	7.960815	-2.9842020000000002	9.857088	1.4014993893514465	-3.7070793312359562	-2.2322761133007476	-1.0017	-0.2248	-0.7858
2247.0	8.234514	-3.0401190000000002	9.773703	1.1833332328521553	-3.556981015564444	-2.2497294058206907	-1.0133	-0.2482	-0.7208
2248.0	8.434638	-3.132333	9.72171	1.0018189906447452	-3.4156093461529027	-2.2444934180647076	-1.0225	-0.2741	-0.656
2249.0	8.19135	-3.2117940000000003	9.742311	0.7452555906015788	-2.8693212902786778	-2.2218041377887814	-1.0282	-0.3027	-0.5927
2250.0	7.839171	-3.115656	10.086642000000001	0.013962634015954637	-2.0472712125893486	-2.2165681500327987	-1.0297	-0.3327	-0.5336
2251.0	7.585092	-2.83509	10.468251	-0.7627088831215221	-0.8098327729253689	-1.9879300180215413	-1.029	-0.3647	-0.4811
2252.0	6.653142000000001	-2.8704060000000005	10.622268	-1.007054978400728	0.13264502315156904	-1.6824973989225338	-1.0253	-0.3968	-0.4387
2253.0	5.67018	-3.0930930000000005	10.802772000000001	-1.007054978400728	0.13264502315156904	-1.6824973989225338	-1.0202	-0.4258	-0.4035
2254.0	4.392918	-3.204927	10.694862	-0.4991641660703783	0.7993607974134029	-1.0227629416686772	-1.0105	-0.4555	-0.3796
2255.0	3.263787	-3.1078080000000003	10.63404	-0.5637413483941683	1.0157816246606999	-0.7365289443416071	-1.0004	-0.4829	-0.3665
2256.0	2.2965210000000003	-3.240243	10.580085	-0.7819075048934596	1.4992378274631293	-0.0890117918517108	-0.9901	-0.5069	-0.3657
2257.0	1.507797	-3.4884360000000005	10.482966000000001	-0.8237954069413236	1.911135530933791	0.46600291028248597	-0.9785	-0.5273	-0.3744
2258.0	0.771066	-3.63951	10.327968	-0.7260569688296411	2.1851522234969005	0.8674286382411819	-0.9671	-0.5428	-0.3934
2259.0	0.551322	-3.740553	10.078794000000002	-0.7557275661135446	2.3858650874762484	1.2095131716320704	-0.9562	-0.5532	-0.4155
2260.0	0.48559500000000005	-3.883779	9.547092	-0.8412486994612669	2.584832622203602	1.4765485471872026	-0.9459	-0.5586	-0.4461
2261.0	0.25702200000000003	-3.883779	9.011466	-0.895353906273091	2.710496328347194	1.5882496193148399	-0.9363	-0.5578	-0.479
2262.0	0.646479	-3.4933410000000005	8.724033	-0.9407324668249436	2.9478611066184226	1.7348572764823638	-0.925	-0.5518	-0.5138
2263.0	1.124226	-3.0881880000000006	8.460144000000001	-0.9599310885968813	3.2009338481576006	1.8256143975860686	-0.9134	-0.543	-0.5579
2264.0	1.7569710000000003	-2.759553	8.487612	-0.9546951008408983	3.41037335839692	1.8762289458939043	-0.9029	-0.5271	-0.6017
2265.0	2.36421	-2.581011	8.569035000000001	-0.905825881785057	3.595378259108319	1.9058995431778079	-0.8903	-0.5072	-0.6487
2266.0	3.017556	-2.406393	8.737767000000002	-0.8674286382411819	3.7576938795437917	1.9460421159736774	-0.8752	-0.4844	-0.6957
2267.0	3.7827360000000003	-2.17782	9.022257	-0.7993607974134029	3.8990655489553325	2.0315632493213998	-0.8585	-0.4586	-0.7466
2268.0	4.634244	-2.009088	9.406809	-0.7993607974134029	3.9531707557671565	2.10835773640915	-0.8386	-0.4319	-0.7957
2269.0	5.527935	-1.982601	9.853164	-0.7853981633974483	4.045673206122856	2.272418686096617	-0.8163	-0.4046	-0.8491
2270.0	6.445170000000001	-2.057157	10.321101	-0.7522369076095561	4.106759729942658	2.4574235868080163	-0.7916	-0.3768	-0.8992
2271.0	7.352595000000001	-2.16801	10.794924000000002	-0.6754424205218056	4.122467693210607	2.651155133779387	-0.7636	-0.3496	-0.9501
2272.0	8.23059	-2.289654	11.235393	-0.6702064327658225	4.043927876870861	2.8256880589788196	-0.735	-0.324	-0.9991
2273.0	9.048744000000001	-2.435823	11.629755000000001	-0.7016223593017206	3.8432150128915135	2.9304078140984795	-0.7042	-0.2977	-1.0408
2274.0	9.79038	-2.586897	11.920131000000001	-0.7347836150896128	3.686135380212024	2.935643801854462	-0.6715	-0.2717	-1.088
2275.0	10.931283	-3.3304950000000004	12.033927	0.3560471674068432	3.1049407392979123	2.7890361446869387	-0.6394	-0.2459	-1.1284
2276.0	11.003877	-3.358944	10.882233	1.5132004614790837	1.3857914260834978	1.8535396656179781	-0.6072	-0.223	-1.1677
2277.0	11.770038	-2.205288	9.955188	-0.06806784082777885	0.3455751918948773	2.101376419401173	-0.5772	-0.2036	-1.1965
2278.0	12.893283	-0.8721090000000001	9.608895	-2.34223185617639	0.8534660042252271	2.815216083466854	-0.5511	-0.1806	-1.2254
2279.0	13.645710000000001	-0.24034500000000003	9.172350000000002	-2.9618237406343773	1.3107422682477414	2.960078411382383	-0.5268	-0.1547	-1.2502
2280.0	13.896846000000002	-0.024525	8.31888	-2.2078415037728267	1.260127719939906	2.462659574563999	-0.5059	-0.1277	-1.2731
2281.0	14.294151000000001	0.542493	7.367310000000001	-1.843067690106012	1.335176877775662	2.2933626371205493	-0.488	-0.0994	-1.2915
2282.0	14.691456	1.225269	6.346089000000001	-1.1484266478122689	1.5114551322270893	2.008873969045473	-0.4726	-0.0701	-1.3081
2283.0	14.880789	1.827603	5.148288000000001	-0.4241150082346221	1.4451326206513049	1.345648853287628	-0.4584	-0.0437	-1.3233
2284.0	14.797404	2.4721200000000003	3.9122280000000003	0.07504915783575616	0.9564404300928926	0.41713369122664473	-0.4474	-0.0193	-1.3302
2285.0	14.078331	3.8592540000000004	2.8449	-0.054105206811824215	0.317649923862968	-0.41015237421866746	-0.4377	0.0007	-1.3383
2286.0	14.317695	4.500828	3.126447	-0.29670597283903605	-0.07853981633974483	-1.0454522219446034	-0.4313	0.0208	-1.3424
2287.0	13.791879	3.744477	3.201003	-0.2879793265790644	-0.21642082724729686	-1.3596114873035827	-0.4253	0.0404	-1.3512
2288.0	12.850119000000001	2.750724	2.7644580000000003	-0.22689280275926285	-0.33510321638291124	-1.7976891295541595	-0.4192	0.0516	-1.3556
2289.0	12.143799000000001	2.4426900000000002	2.4122790000000003	-0.026179938779914945	-0.46949356878647464	-2.050761871093337	-0.4146	0.0564	-1.3588
2290.0	11.773962	2.5044930000000005	2.4083550000000002	0.33335788713091696	-0.6789330790257941	-2.2148228207808045	-0.4106	0.0548	-1.3598
2291.0	11.132388	2.254338	2.4525	0.7557275661135446	-0.9162978572970231	-2.2375121010567303	-0.4078	0.0468	-1.3589
2292.0	10.481004	1.8894060000000001	2.5712010000000003	1.3020156219877697	-1.1047934165124105	-2.0839231268812295	-0.4069	0.0331	-1.3553
2293.0	10.028763	1.598049	2.87433	1.99142067652553	-1.319468914507713	-1.8046704465621368	-0.4082	0.0154	-1.3496
2294.0	9.740349	1.4018490000000001	3.220623	2.1450096507010312	-1.4660765716752369	-1.642354826126664	-0.4116	-0.0068	-1.3412
2295.0	9.072288	1.424412	3.908304	1.5219271077390555	-1.7610372152622786	-1.0192722831646885	-0.4168	-0.0309	-1.3305
2296.0	8.370873	1.2497940000000003	4.805919	0.9581857593448869	-1.8011797880581482	-0.3700098014227979	-0.4241	-0.056	-1.3179
2297.0	7.5242700000000005	1.227231	5.4092340000000005	0.5899212871740833	-2.253220064324679	-0.17453292519943295	-0.4333	-0.0805	-1.3042
2298.0	6.826779	1.150713	5.795748000000001	0.7714355293814937	-2.631956512007449	-0.6003932626860493	-0.4451	-0.1037	-1.2881
2299.0	7.627275	0.18639	6.643332000000001	1.6790067404185451	-0.8080874436733745	-1.2740903539558606	-0.4573	-0.1289	-1.2695
2300.0	8.965359000000001	-0.21680100000000002	7.340823	1.520181778487061	0.03490658503988659	-0.9459684545809267	-0.4691	-0.154	-1.2509
2301.0	8.399322	0.10398600000000001	8.159958	1.0786134777324956	-0.4468042885105484	-0.8831366015091308	-0.4798	-0.178	-1.2332
2302.0	7.914708	0.08338500000000001	8.526852	0.5515240436302081	0.1466076571675237	-0.43458698374658805	-0.4894	-0.1995	-1.2166
2303.0	7.539966	-0.10006200000000001	8.932986	0.39968039870670147	0.019198621771937627	-0.33510321638291124	-0.4977	-0.218	-1.2011
2304.0	7.299621	-0.17658	9.435258000000001	0.4590215932745087	0.07504915783575616	-0.35779249665883756	-0.5048	-0.2343	-1.1855
2305.0	7.553700000000001	-0.5709420000000001	9.523548	0.3961897402027128	0.1466076571675237	-0.29670597283903605	-0.5102	-0.2478	-1.1712
2306.0	7.834266	-0.727902	9.287127	0.2583087292951608	0.17278759594743864	-0.21118483949131386	-0.5133	-0.2607	-1.1571
2307.0	8.224704000000001	-0.90252	9.276336	0.24085543677521748	0.16231562043547265	-0.18675022996339324	-0.5137	-0.2735	-1.1429
2308.0	8.4366	-0.9201779999999999	9.342063000000001	0.20420352248333654	0.1466076571675237	-0.15009831567151233	-0.5119	-0.2857	-1.1307
2309.0	7.163262	0.001962	8.895708	0.17453292519943295	0.11868238913561441	-0.12391837689159739	-0.5095	-0.2947	-1.1228
2310.0	5.408253	0.42869700000000005	8.597484	0.11693705988362008	0.12042771838760874	-0.08726646259971647	-0.5074	-0.3017	-1.117
2311.0	5.593662000000001	0.10791	8.184483	0.08028514559173916	0.1117010721276371	-0.0645771823237902	-0.5054	-0.3063	-1.1142
2312.0	5.639769	0.072594	8.221761	0.061086523819801536	0.1308996938995747	-0.059341194567807204	-0.5033	-0.311	-1.1142
2313.0	5.556384	0.1962	8.239419	0.06632251157578452	0.15009831567151233	-0.06632251157578452	-0.5014	-0.3154	-1.1155
2314.0	5.441607	0.10791	8.231571	0.08377580409572781	0.13264502315156904	-0.08377580409572781	-0.4998	-0.3184	-1.1195
2315.0	5.3709750000000005	-0.001962	8.261001	0.08726646259971647	0.143116998663535	-0.07330382858376185	-0.4987	-0.3208	-1.1243
2316.0	5.330754	-0.102024	8.267868	0.09773843811168245	0.12566370614359174	-0.07853981633974483	-0.497	-0.3227	-1.1312
2317.0	5.303286	-0.092214	8.264925	0.08726646259971647	0.12042771838760874	-0.07330382858376185	-0.4963	-0.3244	-1.14
2318.0	5.267970000000001	-0.151074	8.267868	0.07853981633974483	0.09075712110370514	-0.06632251157578452	-0.4943	-0.326	-1.1497
2319.0	5.256198	-0.226611	8.264925	0.0890117918517108	0.0942477796076938	-0.07853981633974483	-0.4924	-0.3279	-1.1576
2320.0	5.249331000000001	-0.299205	8.276697	0.09599310885968812	0.09599310885968812	-0.09075712110370514	-0.4901	-0.3298	-1.1613
2321.0	5.237559000000001	-0.364932	8.290431	0.12566370614359174	0.1117010721276371	-0.09250245035569947	-0.488	-0.3318	-1.1608
2322.0	5.235596999999999	-0.36002700000000004	8.291412	0.143116998663535	0.13264502315156904	-0.10995574287564276	-0.486	-0.3333	-1.1565
2323.0	5.240502	-0.296262	8.294355000000001	0.14835298641951802	0.11344640137963143	-0.11868238913561441	-0.4851	-0.3353	-1.1493
2324.0	5.23854	-0.251136	8.286507	0.11344640137963143	0.11693705988362008	-0.10471975511965978	-0.483	-0.3374	-1.1411
2325.0	5.231673	-0.220725	8.290431	0.11693705988362008	0.10821041362364843	-0.09773843811168245	-0.4813	-0.3398	-1.1356
2326.0	5.226768000000001	-0.192276	8.28945	0.09948376736367678	0.10471975511965978	-0.08377580409572781	-0.4799	-0.3418	-1.1321
2327.0	5.226768000000001	-0.17658	8.283564	0.09948376736367678	0.08552113334772216	-0.08028514559173916	-0.4779	-0.3441	-1.1307
2328.0	5.229711000000001	-0.12262500000000001	8.283564	0.06632251157578452	0.08377580409572781	-0.06283185307179587	-0.4767	-0.3462	-1.1306
2329.0	5.23854	-0.060822	8.28945	0.059341194567807204	0.06981317007977318	-0.04363323129985824	-0.476	-0.3481	-1.1318
2330.0	5.244426	0.027468000000000003	8.301222	0.03490658503988659	0.05061454830783556	-0.03490658503988659	-0.4751	-0.3495	-1.1356
2331.0	5.253255	0.112815	8.313975000000001	0.006981317007977318	0.027925268031909273	-0.003490658503988659	-0.4749	-0.351	-1.1412
2332.0	5.252274	0.175599	8.327709	0.005235987755982988	0.013962634015954637	0.008726646259971648	-0.475	-0.353	-1.1477
2333.0	5.242464	0.19325699999999998	8.340462	-0.006981317007977318	0.005235987755982988	0.019198621771937627	-0.4746	-0.3538	-1.1554
2334.0	5.234616	0.1962	8.34831	-0.010471975511965976	0.003490658503988659	0.024434609527920613	-0.4743	-0.355	-1.1634
2335.0	5.224806	0.19129500000000002	8.349291000000001	-0.03490658503988659	0.0017453292519943296	0.03665191429188092	-0.4737	-0.3557	-1.1752
2336.0	5.214996	0.17265600000000003	8.346348	-0.026179938779914945	-0.006981317007977318	0.041887902047863905	-0.4738	-0.3568	-1.1768
2337.0	5.202243	0.141264	8.339481	-0.03490658503988659	-0.012217304763960306	0.03665191429188092	-0.4737	-0.357	-1.1774
2338.0	5.188509000000001	0.0981	8.336538000000001	-0.03490658503988659	-0.0017453292519943296	0.04537856055185257	-0.4736	-0.3574	-1.1764
2339.0	5.178699000000001	0.05297400000000001	8.329671	-0.015707963267948967	-0.012217304763960306	0.013962634015954637	-0.473	-0.3577	-1.1755
2340.0	5.16987	-0.0049050000000000005	8.311031999999999	-0.020943951023931952	0.003490658503988659	0.019198621771937627	-0.4727	-0.3579	-1.1746
2341.0	5.165946	-0.051012	8.298279	-0.006981317007977318	-0.003490658503988659	0.003490658503988659	-0.4724	-0.3576	-1.175
2342.0	5.165946	-0.093195	8.284545000000001	-0.006981317007977318	0.015707963267948967	-0.0017453292519943296	-0.4717	-0.3564	-1.1745
2343.0	5.166926999999999	-0.12360600000000001	8.270811	0.008726646259971648	0.022689280275926284	-0.019198621771937627	-0.4707	-0.3565	-1.1753
2344.0	5.164965	-0.149112	8.261982	0.006981317007977318	0.031415926535897934	-0.024434609527920613	-0.4707	-0.3558	-1.1756
2345.0	5.166926999999999	-0.163827	8.258058	0.020943951023931952	0.04537856055185257	-0.015707963267948967	-0.471	-0.3552	-1.1695
2346.0	5.163003	-0.16873200000000002	8.259039	0.024434609527920613	0.0471238898038469	-0.022689280275926284	-0.4705	-0.3543	-1.1715
2347.0	5.158098000000001	-0.164808	8.265906000000001	0.013962634015954637	0.041887902047863905	-0.013962634015954637	-0.471	-0.3548	-1.1724
2348.0	5.159079	-0.148131	8.268849	0.006981317007977318	0.03316125578789226	-0.015707963267948967	-0.4713	-0.3547	-1.1705
2349.0	5.154174	-0.121644	8.273754	-0.013962634015954637	0.03316125578789226	0.0	-0.472	-0.3542	-1.1688
2350.0	5.155155	-0.08436600000000001	8.281602	-0.026179938779914945	0.015707963267948967	-0.005235987755982988	-0.4725	-0.3546	-1.1662
2351.0	5.1522120000000005	-0.051012	8.287488	-0.038397243543875255	0.020943951023931952	0.010471975511965976	-0.4724	-0.355	-1.1653
2352.0	5.144364	-0.020601	8.303184000000002	-0.0715584993317675	0.012217304763960306	0.0471238898038469	-0.4717	-0.3553	-1.1681
2353.0	5.132592	-0.008829	8.323785	-0.07853981633974483	-0.017453292519943295	0.04014257279586958	-0.4719	-0.3553	-1.1676
2354.0	5.131611	-0.011772	8.335557	-0.0942477796076938	-0.020943951023931952	0.03316125578789226	-0.472	-0.3555	-1.1676
2355.0	5.128668000000001	-0.041202	8.336538000000001	-0.0890117918517108	-0.026179938779914945	0.026179938779914945	-0.4711	-0.3557	-1.1677
2356.0	5.1090480000000005	-0.076518	8.388531	-0.06981317007977318	-0.06632251157578452	0.003490658503988659	-0.4711	-0.3555	-1.168
2357.0	5.077656	-0.124587	8.440524000000002	0.017453292519943295	-0.14486232791552936	-0.017453292519943295	-0.4707	-0.3548	-1.1675
2358.0	5.048226	-0.20012400000000002	8.467992	0.08028514559173916	-0.18500490071139894	-0.06806784082777885	-0.4706	-0.3549	-1.1695
2359.0	5.005062000000001	-0.26977500000000004	8.558244	0.1117010721276371	-0.2303834612632515	-0.1064650843716541	-0.4703	-0.3553	-1.1698
2360.0	4.964841	-0.42771600000000004	8.703432000000001	0.23911010752322315	-0.4066617157146788	-0.15533430342749532	-0.4705	-0.3552	-1.1704
2361.0	4.921677000000001	-0.6523650000000001	8.880012	0.4293509959906051	-0.598647933434055	-0.29670597283903605	-0.4716	-0.3567	-1.1669
2362.0	4.818672	-0.663156	9.167445	0.3752457891787809	-0.9756390518648302	-0.460766922526503	-0.4742	-0.359	-1.16
2363.0	4.739211	-0.770085	9.493137	0.3665191429188092	-1.4224433403753787	-0.57246799465414	-0.477	-0.362	-1.1535
2364.0	4.667598	-0.744579	9.803133	0.3368485456349056	-1.9041542139258134	-0.6527531402458793	-0.4815	-0.366	-1.1455
2365.0	4.581270000000001	-0.6670800000000001	10.122939	0.3769911184307752	-2.357939819444339	-0.640535835481919	-0.4879	-0.3712	-1.135
2366.0	4.5371250000000005	-0.455184	10.331892	0.33161255787892263	-2.5830872929516078	-0.5934119456780721	-0.4957	-0.3775	-1.1219
2367.0	4.55184	-0.322749	10.498662000000001	0.36302848441482055	-2.9792770331543204	-0.5235987755982988	-0.5054	-0.3841	-1.1057
2368.0	4.5420300000000005	-0.184428	10.654641000000002	0.36302848441482055	-3.3649947978450676	-0.5201081170943103	-0.5181	-0.3915	-1.0856
2369.0	4.568517	-0.152055	10.732140000000001	0.5759586531581288	-3.6564647829281203	-0.6003932626860493	-0.5321	-0.3995	-1.0621
2370.0	4.62051	-0.148131	10.718406	0.7993607974134029	-3.8693949516714286	-0.8325220532012952	-0.5482	-0.4093	-1.0343
2371.0	4.729401	-0.152055	10.609515	0.9896016858807849	-3.9950586578150205	-1.1536626355682518	-0.5653	-0.4193	-1.0023
2372.0	5.008986000000001	-0.49050000000000005	10.347588	1.1414453308042916	-4.026474584350918	-1.5132004614790837	-0.5835	-0.4311	-0.9656
2373.0	5.430816	-0.7288830000000001	10.005219	1.3683381335635545	-3.935717463247213	-1.6545721308906243	-0.601	-0.4453	-0.9263
2374.0	5.959575000000001	-1.060461	9.656964	1.6126842288427605	-3.771656513559746	-1.9495327744776663	-0.6172	-0.4605	-0.8825
2375.0	6.620769000000001	-1.2851100000000002	9.30969	1.684242728174528	-3.4941491624926475	-2.0193459445574393	-0.6322	-0.4782	-0.8357
2376.0	7.192692	-1.5117209999999999	8.942796	1.413716694115407	-3.2759830059933566	-2.0106192982974678	-0.6456	-0.4977	-0.7867
2377.0	7.7047740000000005	-1.647099	8.614161000000001	1.064650843716541	-3.0508355324860883	-1.9757127132575811	-0.6557	-0.5198	-0.7369
2378.0	7.937271000000001	-1.7285220000000001	8.364987000000001	0.6475171524898963	-2.6720990848033184	-1.9687313962496036	-0.6621	-0.5438	-0.6875
2379.0	7.735185	-1.7432370000000001	8.352234000000001	0.40491638646268446	-2.420771672516135	-1.9722220547535925	-0.6654	-0.569	-0.6394
2380.0	7.509555	-1.8727289999999999	8.640648	-0.3159045946109737	-1.6929693744344996	-1.9390607989657	-0.665	-0.5945	-0.5933
2381.0	7.2594	-2.17782	9.024219	-0.8255407361933178	-0.6161012259539983	-1.5009831567151235	-0.6617	-0.6205	-0.5511
2382.0	6.586434000000001	-2.532942	9.289089	-0.9878563566287906	0.41538836197465046	-1.0157816246606999	-0.6557	-0.6449	-0.5138
2383.0	5.641731	-2.779173	9.469593000000001	-0.8988445647770797	1.0192722831646885	-0.5253441048502933	-0.649	-0.6684	-0.4809
2384.0	4.592061	-2.911608	9.627534	-1.02799892942466	1.4032447186034411	0.006981317007977318	-0.6417	-0.6886	-0.4544
2385.0	3.467835	-3.149991	9.771741	-1.2967796342317868	1.7662732030182615	0.5480333851262195	-0.6333	-0.7051	-0.4363
2386.0	2.4721200000000003	-3.542391	9.998352000000002	-1.3439035240356338	1.928588823453734	0.7749261878854823	-0.6256	-0.7187	-0.4274
2387.0	1.5440940000000003	-3.8808360000000004	10.226925	-1.3526301702956054	2.246238747316702	1.1554079648202462	-0.619	-0.7272	-0.4285
2388.0	0.965304	-4.1555159999999995	10.419201000000001	-1.3247049022636963	2.509783464367846	1.4259339988793673	-0.6134	-0.731	-0.4392
2389.0	0.851508	-4.324248000000001	10.400562	-1.387536755335492	2.694788365079245	1.6301375213627038	-0.6094	-0.7314	-0.4587
2390.0	0.803439	-4.226148	10.129806	-1.488765851951163	2.848377339254746	1.7697638615222502	-0.6071	-0.7283	-0.4843
2391.0	0.8191350000000001	-3.858273	9.835506	-1.546361717266976	2.9618237406343773	1.8256143975860686	-0.6063	-0.7211	-0.5154
2392.0	1.230174	-3.295179	9.714843	-1.5707963267948966	3.029891581462156	1.843067690106012	-0.6067	-0.7103	-0.5515
2393.0	1.832508	-2.8164510000000003	9.751140000000001	-1.562069680534925	3.129375348825833	1.8570303241219668	-0.6075	-0.6949	-0.5926
2394.0	2.492721	-2.464272	9.869841000000001	-1.551597705022959	3.2114058236695664	1.8919369091618534	-0.6095	-0.6798	-0.6373
2395.0	3.161763	-2.147409	10.033668	-1.4852751934471744	3.2777283352453512	1.9390607989657	-0.6115	-0.6628	-0.6838
2396.0	3.804318	-1.8060210000000003	10.214172	-1.3735741213195374	3.30565360327726	1.9792033717615698	-0.6135	-0.6439	-0.7291
2397.0	4.44393	-1.516626	10.419201000000001	-1.2950343049797925	3.3091442617812485	2.0245819323134224	-0.6152	-0.6243	-0.772
2398.0	5.090409	-1.3341600000000002	10.639926	-1.202531854624093	3.246312408709453	2.035053907825388	-0.6168	-0.6036	-0.8126
2399.0	5.765337000000001	-1.224288	10.869480000000001	-1.1763519158441782	3.2236231284335264	2.0472712125893486	-0.6175	-0.5817	-0.8507
2400.0	6.433398	-1.191915	11.100996	-1.1362093430483085	3.1450833120937816	2.0612338466053033	-0.6184	-0.5585	-0.8896
2401.0	7.025922	-1.21644	11.278557	-1.096066770252439	3.024655593706173	2.029817920069405	-0.6176	-0.534	-0.9309
2402.0	7.535061000000001	-1.241946	11.352132000000001	-1.0157816246606999	2.815216083466854	1.9931660057775245	-0.6159	-0.5089	-0.9757
2403.0	7.939233000000001	-1.247832	11.291310000000001	-0.9773843811168246	2.464404903815993	1.9722220547535925	-0.6124	-0.4823	-1.0231
2404.0	8.261982	-1.243908	11.099034	-0.9930923443847735	1.9792033717615698	1.9792033717615698	-0.6072	-0.4527	-1.0732
2405.0	8.578845000000001	-1.181124	10.794924000000002	-0.9826203688728075	1.6877333866785167	1.9774580425095754	-0.6009	-0.4208	-1.1241
2406.0	8.969283	-1.005525	10.393695000000001	-1.0297442586766545	1.1641346110802178	2.0420352248333655	-0.5926	-0.387	-1.1753
2407.0	9.414657	-0.6190110000000001	9.929682	-1.1397000015522971	0.7749261878854823	2.158972284716986	-0.5837	-0.3515	-1.2259
2408.0	10.016990999999999	-0.037278	9.410733	-1.4433872913993107	0.5270894341022875	2.3474678439323733	-0.5743	-0.3126	-1.2747
2409.0	10.769418000000002	0.5366070000000001	8.752482	-1.567305668290908	0.6021385919380436	2.522000769131806	-0.5642	-0.2708	-1.3209
2410.0	11.603268000000002	1.021221	7.914708	-1.1554079648202462	0.8464846872172498	2.4556782575560216	-0.5526	-0.2274	-1.3639
2411.0	12.399840000000001	1.469538	6.933708	-0.5009094953223726	1.0297442586766545	2.050761871093337	-0.5401	-0.1827	-1.4042
2412.0	12.964896000000001	1.999278	5.918373	-0.2181661564992912	0.9965830028887622	1.7174039839624204	-0.5268	-0.1387	-1.4364
2413.0	13.255272	2.6388900000000004	4.965822	-0.005235987755982988	0.6894050545377601	0.9826203688728075	-0.5133	-0.096	-1.4661
2414.0	13.395555	3.245148	4.15944	-0.017453292519943295	0.1466076571675237	0.2303834612632515	-0.4991	-0.056	-1.4837
2415.0	13.481883000000002	3.7268190000000003	3.5384670000000003	0.0017453292519943296	-0.23911010752322315	-0.460766922526503	-0.4863	-0.0205	-1.4955
2416.0	13.482864000000001	4.019157	3.121542	0.1291543646475804	-0.3961897402027128	-0.9843656981248018	-0.4745	0.0109	-1.5068
2417.0	13.339637999999999	4.0691880000000005	2.8321470000000004	0.30194196059501904	-0.4188790204786391	-1.3229595730117016	-0.4637	0.0376	-1.5156
2418.0	12.903093	3.952449	2.632023	0.3385938748868999	-0.40491638646268446	-1.4189526818713898	-0.4532	0.0562	-1.5212
2419.0	12.128103	3.822957	2.587878	0.32637657012293964	-0.4258603374866164	-1.4695672301792255	-0.4441	0.0688	-1.5254
2420.0	11.115711000000001	3.1980600000000003	2.587878	1.3823007675795091	-0.6475171524898963	-1.6179202165987436	-0.4362	0.0745	-1.528
2421.0	10.057212	3.304008	2.497626	1.9792033717615698	-1.361356816555577	-1.9774580425095754	-0.4316	0.0722	-1.5257
2422.0	9.067383000000001	3.5551440000000003	2.5643340000000006	1.5742869852988852	-1.9565140914856434	-1.8971728969178363	-0.4297	0.0633	-1.5225
2423.0	8.316918000000001	3.294198	3.3707160000000003	1.1030480872604163	-2.178170906488923	-1.5934856070708228	-0.4328	0.0484	-1.5126
2424.0	7.618446	3.036195	4.406652	0.5201081170943103	-2.4399702942880728	-0.9669124056048586	-0.4389	0.0296	-1.5065
2425.0	6.877791	2.229813	5.1267059999999995	0.4537856055185257	-2.839650692994774	-0.8883725892651138	-0.4482	0.0096	-1.4989
2426.0	8.584731	0.25800300000000004	6.196977	1.7680185322702557	-2.4574235868080163	-1.5114551322270893	-0.4606	-0.0126	-1.4824
2427.0	9.262602000000001	-0.7435980000000001	6.490296	1.8465583486100006	-0.1710422666954443	-0.8325220532012952	-0.4741	-0.0377	-1.4656
2428.0	9.489213000000001	0.621954	7.316298000000001	0.8342673824532895	-0.2722713633111154	-0.6161012259539983	-0.4878	-0.0638	-1.4509
2429.0	9.215514	1.280205	7.927461000000001	0.0715584993317675	0.05061454830783556	-0.12391837689159739	-0.501	-0.0904	-1.4334
2430.0	9.146844	0.991791	8.298279	0.12391837689159739	0.054105206811824215	-0.07504915783575616	-0.5132	-0.1151	-1.4208
2431.0	8.939853000000001	0.5160060000000001	9.051687	0.2059488517353309	0.015707963267948967	-0.15009831567151233	-0.5244	-0.137	-1.4083
2432.0	8.980074	-0.064746	9.749178	0.19373154697137057	-0.010471975511965976	-0.12566370614359174	-0.5346	-0.1552	-1.3955
2433.0	9.166464000000001	-0.314901	9.690318000000001	0.09773843811168245	0.04537856055185257	-0.06981317007977318	-0.5419	-0.17	-1.3851
2434.0	9.409752000000001	-0.553284	9.371493000000001	0.038397243543875255	0.08726646259971647	-0.04363323129985824	-0.5473	-0.1821	-1.3763
2435.0	9.669717	-0.27958500000000003	9.259659000000001	0.09250245035569947	0.0890117918517108	-0.07504915783575616	-0.5497	-0.1932	-1.3691
2436.0	7.441866000000001	1.261566	8.688717	0.09599310885968812	0.09599310885968812	-0.0890117918517108	-0.5488	-0.2024	-1.3679
2437.0	6.273495	1.9100070000000002	8.821152	0.08726646259971647	0.06981317007977318	-0.07504915783575616	-0.5465	-0.2084	-1.3668
2438.0	5.634864	0.125568	8.351253	0.08726646259971647	0.08377580409572781	-0.07504915783575616	-0.5446	-0.2115	-1.3647
2439.0	5.61132	-0.9790380000000001	8.045181000000001	0.11868238913561441	0.08552113334772216	-0.08203047484373349	-0.5428	-0.214	-1.3669
2440.0	5.474961	-0.49050000000000005	8.101098	0.12391837689159739	0.10821041362364843	-0.10122909661567112	-0.5418	-0.2161	-1.3644
2441.0	5.559327	-0.438507	8.059896	0.09948376736367678	0.1466076571675237	-0.09948376736367678	-0.5403	-0.218	-1.3627
2442.0	5.556384	-0.533664	8.0442	0.12217304763960307	0.15009831567151233	-0.09948376736367678	-0.5388	-0.2201	-1.3632
2443.0	5.455341000000001	-0.595467	8.081478	0.12566370614359174	0.15009831567151233	-0.09948376736367678	-0.5367	-0.222	-1.3631
2444.0	5.419044	-0.648441	8.099136	0.12740903539558607	0.158824961931484	-0.09948376736367678	-0.5349	-0.2242	-1.3641
2445.0	5.4092340000000005	-0.607239	8.128566000000001	0.1361356816555577	0.15707963267948966	-0.09773843811168245	-0.533	-0.2267	-1.3642
2446.0	5.407272000000001	-0.5846760000000001	8.145243	0.12042771838760874	0.13788101090755203	-0.09250245035569947	-0.531	-0.2287	-1.3649
2447.0	5.404329	-0.596448	8.141319	0.1291543646475804	0.12566370614359174	-0.09075712110370514	-0.5294	-0.2309	-1.3655
2448.0	5.412177	-0.5738850000000001	8.141319	0.11868238913561441	0.10821041362364843	-0.09250245035569947	-0.5277	-0.2337	-1.3667
2449.0	5.422968	-0.508158	8.17173	0.10471975511965978	0.10471975511965978	-0.08377580409572781	-0.5253	-0.2357	-1.367
2450.0	5.425911000000001	-0.46891800000000006	8.205084000000001	0.1291543646475804	0.09948376736367678	-0.09075712110370514	-0.5233	-0.2381	-1.3678
2451.0	5.412177	-0.45224100000000006	8.226666	0.11344640137963143	0.1064650843716541	-0.07504915783575616	-0.5205	-0.2404	-1.3687
2452.0	5.406291	-0.426735	8.239419	0.10821041362364843	0.08203047484373349	-0.07853981633974483	-0.5188	-0.2424	-1.3692
2453.0	5.391576	-0.41103900000000004	8.261982	0.09599310885968812	0.0715584993317675	-0.07330382858376185	-0.517	-0.2444	-1.3697
2454.0	5.348412000000001	-0.41692500000000005	8.268849	0.10471975511965978	0.054105206811824215	-0.06632251157578452	-0.5158	-0.2468	-1.3693
2455.0	5.316039000000001	-0.413001	8.274735000000002	0.11519173063162574	0.05235987755982989	-0.08726646259971647	-0.5145	-0.2486	-1.3698
2456.0	5.300343000000001	-0.413982	8.266887	0.10821041362364843	0.05759586531581287	-0.08377580409572781	-0.513	-0.2514	-1.37
2457.0	5.30721	-0.413982	8.253153000000001	0.1308996938995747	0.06806784082777885	-0.09075712110370514	-0.511	-0.254	-1.3689
2458.0	5.311134	-0.39926700000000004	8.246286000000001	0.11519173063162574	0.07853981633974483	-0.09075712110370514	-0.5092	-0.2553	-1.3653
2459.0	5.310153000000001	-0.37081800000000004	8.223723000000001	0.12217304763960307	0.09250245035569947	-0.08377580409572781	-0.5079	-0.2573	-1.3603
2460.0	5.3023050000000005	-0.34138799999999997	8.218818	0.10471975511965978	0.09773843811168245	-0.07504915783575616	-0.5068	-0.2594	-1.3535
2461.0	5.296419000000001	-0.329616	8.212932	0.08552113334772216	0.08552113334772216	-0.05585053606381855	-0.506	-0.2617	-1.3455
2462.0	5.286609	-0.319806	8.209008	0.09075712110370514	0.08203047484373349	-0.0645771823237902	-0.5043	-0.2639	-1.3386
2463.0	5.287590000000001	-0.295281	8.200179	0.07853981633974483	0.08726646259971647	-0.04537856055185257	-0.5028	-0.2662	-1.3336
2464.0	5.305248	-0.256041	8.209989	0.08377580409572781	0.0645771823237902	-0.048869219055841226	-0.5009	-0.2679	-1.3306
2465.0	5.314077	-0.214839	8.212932	0.059341194567807204	0.0645771823237902	-0.04014257279586958	-0.4992	-0.2698	-1.3298
2466.0	5.311134	-0.17069399999999998	8.226666	0.054105206811824215	0.05759586531581287	-0.03665191429188092	-0.4979	-0.2709	-1.3305
2467.0	5.298381000000001	-0.125568	8.248248	0.054105206811824215	0.029670597283903602	-0.027925268031909273	-0.4973	-0.2727	-1.3326
2468.0	5.281704	-0.090252	8.263944	0.013962634015954637	0.03490658503988659	-0.012217304763960306	-0.4961	-0.2745	-1.337
2469.0	5.261103	-0.08829	8.280621	-0.0017453292519943296	0.027925268031909273	-0.012217304763960306	-0.4959	-0.2765	-1.3427
2470.0	5.247369000000001	-0.094176	8.282583	0.0017453292519943296	0.012217304763960306	0.0017453292519943296	-0.4941	-0.2775	-1.3507
2471.0	5.234616	-0.099081	8.280621	-0.012217304763960306	0.022689280275926284	0.0	-0.493	-0.2782	-1.3596
2472.0	5.218920000000001	-0.112815	8.282583	0.0017453292519943296	0.0017453292519943296	-0.003490658503988659	-0.4916	-0.2792	-1.3676
2473.0	5.206167	-0.135378	8.284545000000001	0.010471975511965976	0.024434609527920613	-0.015707963267948967	-0.4903	-0.28	-1.372
2474.0	5.196357	-0.158922	8.275716000000001	0.017453292519943295	0.03490658503988659	-0.026179938779914945	-0.4895	-0.2807	-1.3729
2475.0	5.191452	-0.187371	8.265906000000001	0.031415926535897934	0.024434609527920613	-0.038397243543875255	-0.4887	-0.2814	-1.3693
2476.0	5.191452	-0.21974400000000002	8.253153000000001	0.04537856055185257	0.05235987755982989	-0.04537856055185257	-0.4883	-0.2821	-1.3621
2477.0	5.185566	-0.260946	8.250210000000001	0.0471238898038469	0.048869219055841226	-0.04537856055185257	-0.4878	-0.2823	-1.3548
2478.0	5.182623	-0.29724300000000003	8.252172	0.04363323129985824	0.05759586531581287	-0.04014257279586958	-0.4872	-0.2833	-1.3485
2479.0	5.17968	-0.30312900000000004	8.249229	0.05061454830783556	0.054105206811824215	-0.05585053606381855	-0.4856	-0.2834	-1.3438
2480.0	5.174775	-0.293319	8.261001	0.06283185307179587	0.04014257279586958	-0.0645771823237902	-0.4857	-0.2841	-1.3401
2481.0	5.166926999999999	-0.29724300000000003	8.277678	0.059341194567807204	0.013962634015954637	-0.05585053606381855	-0.4855	-0.2851	-1.3389
2482.0	5.168889000000001	-0.289395	8.284545000000001	0.06632251157578452	0.022689280275926284	-0.054105206811824215	-0.4855	-0.2858	-1.3392
2483.0	5.1728130000000005	-0.259965	8.303184000000002	0.06632251157578452	0.005235987755982988	-0.05759586531581287	-0.4859	-0.2864	-1.3421
2484.0	5.161041	-0.258984	8.353215	0.04537856055185257	-0.010471975511965976	-0.05759586531581287	-0.4859	-0.2872	-1.3463
2485.0	5.140440000000001	-0.277623	8.394417	0.07504915783575616	-0.06283185307179587	-0.07330382858376185	-0.486	-0.2886	-1.3517
2486.0	5.114934	-0.288414	8.409132	0.09599310885968812	-0.07330382858376185	-0.1064650843716541	-0.4869	-0.2897	-1.3583
2487.0	5.085504	-0.270756	8.453277	0.12740903539558607	-0.1064650843716541	-0.11344640137963143	-0.4868	-0.2913	-1.3676
2488.0	5.04234	-0.28547100000000003	8.538624	0.14486232791552936	-0.21118483949131386	-0.1413716694115407	-0.487	-0.2926	-1.3726
2489.0	4.99329	-0.43360200000000004	8.661249	0.2303834612632515	-0.32637657012293964	-0.22863813201125716	-0.4885	-0.2946	-1.3746
2490.0	4.977594	-0.586638	8.785836	0.3246312408709453	-0.41015237421866746	-0.3735004599267865	-0.4894	-0.2968	-1.3776
2491.0	4.945221	-0.591543	8.924157	0.41538836197465046	-0.5777039824101231	-0.4258603374866164	-0.4904	-0.2994	-1.3773
2492.0	4.890285	-0.566037	9.152730000000002	0.24783675378319478	-0.8779006137531478	-0.4782202150464463	-0.4921	-0.3025	-1.3747
2493.0	4.83633	-0.442431	9.365607	0.24434609527920614	-1.2252211349000195	-0.4537856055185257	-0.4941	-0.3067	-1.3715
2494.0	4.814748000000001	-0.36198900000000006	9.519624	0.24434609527920614	-1.541125729510993	-0.4241150082346221	-0.4976	-0.3112	-1.3648
2495.0	4.801995	-0.208953	9.656964	0.26354471705114374	-1.8221237390820801	-0.3665191429188092	-0.5025	-0.3159	-1.3582
2496.0	4.813767	-0.08142300000000001	9.775665000000002	0.27052603405912107	-2.087413785385218	-0.31066860685499065	-0.5081	-0.3209	-1.3493
2497.0	4.876551	-0.02943	9.838448999999999	0.2932153143350474	-2.1746802479849343	-0.2897246558310587	-0.5167	-0.3257	-1.3354
2498.0	4.96386	0.002943	9.823734000000002	0.3420845333908886	-2.3893557459802373	-0.312413936106985	-0.5272	-0.3311	-1.3222
2499.0	5.070789	0.08436600000000001	9.752121	0.41713369122664473	-2.530727415391778	-0.36826447217080355	-0.5393	-0.3367	-1.3074
2500.0	5.184585	0.125568	9.648135000000002	0.5305800926062761	-2.638937829015426	-0.5096361415823443	-0.5532	-0.3424	-1.2874
2501.0	5.310153000000001	-0.035316	9.517662	0.7120943348136864	-2.754129559647052	-0.7435102613495844	-0.57	-0.3482	-1.2647
2502.0	5.476923	-0.238383	9.292032	0.8342673824532895	-2.8780479365386493	-1.0122909661567112	-0.5881	-0.3553	-1.2409
2503.0	5.705496	-0.590562	9.038934000000001	0.8970992355250854	-2.9286624848464853	-1.319468914507713	-0.6073	-0.3632	-1.2109
2504.0	5.965461	-0.963342	8.801532	1.0140362954087054	-2.9897490086662866	-1.5114551322270893	-0.6267	-0.3725	-1.179
2505.0	6.2990010000000005	-1.3243500000000001	8.570997	1.192059879112127	-2.991494337918281	-1.8325957145940461	-0.6456	-0.3835	-1.149
2506.0	6.623712	-1.5470370000000002	8.336538000000001	1.0245082709206714	-2.937389131106457	-2.0437805540853597	-0.6629	-0.397	-1.1167
2507.0	7.007283000000001	-1.6677000000000002	8.105022000000002	0.7243116395776468	-2.832669375986797	-2.138028333693054	-0.6789	-0.4128	-1.0833
2508.0	7.365348000000001	-1.6765290000000002	7.879392000000001	0.33335788713091696	-2.694788365079245	-2.193878869756872	-0.6927	-0.4307	-1.0448
2509.0	7.693002000000001	-1.568619	7.651800000000001	-0.15184364492350666	-2.588323280707591	-2.1886428820008894	-0.7039	-0.4522	-1.0039
2510.0	7.9411950000000004	-1.3979249999999999	7.423227000000001	-0.38746309394274114	-2.541199390903744	-2.209586833024821	-0.7129	-0.4752	-0.9637
2511.0	8.099136	-1.21644	7.308450000000001	-0.8063421144213803	-2.321287905152458	-2.2584560520806627	-0.7182	-0.4994	-0.9254
2512.0	8.02458	-1.1046060000000002	7.366329	-1.2199851471440364	-1.8640116411299439	-2.343977185428385	-0.7208	-0.5231	-0.8868
2513.0	7.646895	-1.130112	7.6743630000000005	-1.5393804002589988	-1.1292280260403313	-2.260201381332657	-0.7198	-0.5465	-0.8554
2514.0	7.569396	-1.1634660000000001	8.119737	-1.715658654710426	-0.054105206811824215	-1.7121679962064371	-0.7161	-0.5685	-0.8313
2515.0	7.083801	-1.50093	8.562168	-1.668534764906579	0.7871434926494426	-1.1641346110802178	-0.7095	-0.5878	-0.8084
2516.0	6.389253	-2.003202	8.930043000000001	-1.478293876439197	1.218239817892042	-0.5969026041820608	-0.7015	-0.6037	-0.7928
2517.0	5.3964810000000005	-2.43288	9.198837000000001	-1.4695672301792255	1.2950343049797925	-0.2897246558310587	-0.6914	-0.6154	-0.784
2518.0	4.384089	-2.8017360000000004	9.46665	-1.5882496193148399	1.3962634015954636	0.34033920413889424	-0.6817	-0.6224	-0.7855
2519.0	3.4148610000000006	-3.201003	9.758988	-1.6580627893946132	1.5079644737231008	0.905825881785057	-0.6709	-0.6221	-0.7953
2520.0	2.495664	-3.5934030000000003	10.067022	-1.6283921921107094	1.5987215948268059	1.3631021458075714	-0.6601	-0.6167	-0.8099
2521.0	1.669662	-3.8445390000000006	10.269108	-1.610938899590766	1.5795229730548683	1.7558012275062955	-0.6496	-0.6056	-0.8294
2522.0	1.1369790000000002	-3.937734	10.341702000000002	-1.6458454846306527	1.6458454846306527	2.1031217486531673	-0.64	-0.5891	-0.8535
2523.0	0.9859050000000001	-3.802356	10.246545000000001	-1.6336281798666923	1.7243853009703975	2.2549653935766734	-0.6313	-0.5667	-0.8794
2524.0	0.6435360000000001	-3.571821	10.093509	-1.5184364492350666	2.008873969045473	2.483603525587931	-0.6228	-0.5393	-0.9064
2525.0	0.7318260000000001	-3.0940740000000004	10.002276000000002	-1.265363707695889	2.343977185428385	2.611012560983517	-0.6142	-0.5073	-0.9336
2526.0	1.050651	-2.5093980000000005	10.046421	-1.0419615634406147	2.6232298657474775	2.6563911215353695	-0.6057	-0.472	-0.9617
2527.0	1.5843150000000001	-1.993392	10.219077	-0.8761552845011534	2.815216083466854	2.6738444140553126	-0.5963	-0.434	-0.9895
2528.0	2.190573	-1.588239	10.422144000000001	-0.6946410422937431	2.9740410453983377	2.626720524251466	-0.5846	-0.3941	-1.017
2529.0	2.8301849999999997	-1.2184020000000002	10.641888	-0.5218534463463045	3.113667385557884	2.5446900494077327	-0.5712	-0.3536	-1.0445
2530.0	3.5208090000000003	-0.891729	10.878309	-0.42062434973063345	3.1503192998497647	2.4975661596038856	-0.5552	-0.3121	-1.0711
2531.0	4.28697	-0.6670800000000001	11.128464000000001	-0.317649923862968	3.251548396465436	2.405063709248186	-0.5366	-0.2719	-1.0958
2532.0	5.081580000000001	-0.533664	11.325645000000002	-0.26005405854715513	3.284709652253328	2.3509585024363617	-0.5141	-0.233	-1.1198
2533.0	5.790843000000001	-0.5729040000000001	11.440422	-0.24609142453120045	3.2428217502054646	2.309070600388498	-0.489	-0.1963	-1.1427
2534.0	6.410835	-0.6435360000000001	11.441403	-0.1884955592153876	3.152064629101759	2.2968532956245378	-0.4615	-0.1619	-1.163
2535.0	6.97491	-0.70632	11.328588000000002	-0.17453292519943295	2.9827676916583092	2.3509585024363617	-0.4335	-0.1298	-1.1799
2536.0	7.507593	-0.8054010000000001	11.092167000000002	-0.2129301687433082	2.865830631774689	2.398082392240209	-0.4048	-0.0999	-1.1935
2537.0	8.013789	-0.9280260000000001	10.721349	-0.26354471705114374	2.483603525587931	2.520255439879812	-0.376	-0.0715	-1.202
2538.0	8.588655	-1.1693520000000002	10.171008	-0.2565634000431664	1.9844393595175527	2.6668630970473357	-0.3475	-0.0447	-1.2076
2539.0	8.904537	-1.070271	9.205704	0.4886921905584123	1.0035643198967394	2.522000769131806	-0.3213	-0.02	-1.2111
2540.0	9.528453	-0.17658	8.493498	0.24085543677521748	0.3508111796508603	2.490584842595908	-0.2984	0.0018	-1.2134
2541.0	10.205343000000001	0.533664	7.883316000000001	-0.5061454830783556	0.20943951023931956	2.647664475275398	-0.2789	0.0235	-1.2158
2542.0	10.669355999999999	1.025145	7.166205000000001	-0.4415683007545654	0.17627825445142728	2.3230332344044524	-0.263	0.0454	-1.2181
2543.0	11.116692	1.639251	6.376500000000001	-0.19896753472735357	0.1832595714594046	1.9966566642815131	-0.2506	0.0669	-1.2193
2544.0	11.480642999999999	2.398545	5.539707	0.2129301687433082	0.20420352248333654	1.1798425743481666	-0.2413	0.0867	-1.2204
2545.0	11.750418	3.265749	4.72842	0.21118483949131386	0.13439035240356337	0.2879793265790644	-0.2345	0.1045	-1.2219
2546.0	11.971143	4.057416000000001	4.0387770000000005	-0.06981317007977318	0.006981317007977318	-0.4939281783143953	-0.2304	0.1199	-1.2231
2547.0	12.050604	4.5930420000000005	3.3599250000000005	-0.008726646259971648	-0.1884955592153876	-1.24965574442794	-0.2285	0.1325	-1.2254
2548.0	12.068262	5.219901	2.829204	0.3385938748868999	-0.5532693728822025	-2.0315632493213998	-0.2284	0.1415	-1.228
2549.0	12.377277000000001	5.582871000000001	2.616327	0.4520402762665313	-0.7243116395776468	-2.652900463031381	-0.2297	0.1469	-1.2285
2550.0	12.327246	5.196357	1.963962	0.5358160803622591	-1.1868238913561442	-2.8518679977587347	-0.232	0.1485	-1.2256
2551.0	11.996649000000001	5.011929	1.093815	0.4782202150464463	-1.900663555421825	-3.0787608005179976	-0.235	0.1459	-1.2178
2552.0	11.424726000000001	4.925601	1.2527370000000002	-0.07504915783575616	-2.6738444140553126	-2.839650692994774	-0.2405	0.1377	-1.2041
2553.0	10.998972	4.197699	2.218041	-0.7208209810736581	-2.4294983187761066	-1.8291050560900572	-0.2483	0.1266	-1.186
2554.0	10.982295	1.9924110000000002	3.1588200000000004	0.18151424220741028	-2.2689280275926285	-1.551597705022959	-0.2582	0.1144	-1.1656
2555.0	12.581325	-1.312578	3.770964	1.7226399717184033	-0.05759586531581287	-0.6841690667817772	-0.2692	0.0993	-1.1461
2556.0	12.070224	-0.34236900000000003	4.464531	1.5481070465189704	0.08028514559173916	-0.6440264939859076	-0.2794	0.0837	-1.1295
2557.0	12.02706	0.6180300000000001	5.733945	0.4852015320544236	0.14835298641951802	-0.42062434973063345	-0.2896	0.0665	-1.1156
2558.0	11.489472000000001	-0.300186	6.392196	-0.003490658503988659	0.10471975511965978	-0.027925268031909273	-0.2994	0.0506	-1.104
2559.0	10.82043	-0.759294	7.3006020000000005	0.09250245035569947	0.12217304763960307	-0.06806784082777885	-0.3083	0.0368	-1.095
2560.0	10.156293000000002	-1.192896	8.334576	0.05235987755982989	0.07504915783575616	-0.03490658503988659	-0.3164	0.025	-1.0889
2561.0	9.67266	-1.7295030000000002	9.425448000000001	0.013962634015954637	0.06632251157578452	-0.006981317007977318	-0.3236	0.0154	-1.0858
2562.0	9.506871	-2.09934	9.640287	-0.005235987755982988	0.0715584993317675	0.006981317007977318	-0.3283	0.0083	-1.086
2563.0	9.152730000000002	-1.870767	9.128205000000001	-0.0	0.06632251157578452	0.003490658503988659	-0.3302	0.0018	-1.0893
2564.0	8.374797000000001	-0.278604	8.761311000000001	-0.006981317007977318	0.05061454830783556	0.005235987755982988	-0.3311	-0.0037	-1.0983
2565.0	6.028245000000001	2.282787	8.772102	0.008726646259971648	0.024434609527920613	0.0	-0.3307	-0.0064	-1.1028
2566.0	5.838912	0.617049	8.698527	0.0017453292519943296	0.012217304763960306	0.0	-0.3303	-0.0087	-1.1114
2567.0	5.366070000000001	-0.836793	8.147205000000001	-0.006981317007977318	0.038397243543875255	-0.0017453292519943296	-0.3295	-0.0091	-1.1105
2568.0	5.3454690000000005	-0.40515300000000004	8.224704000000001	0.017453292519943295	0.04014257279586958	-0.024434609527920613	-0.3294	-0.0095	-1.1108
2569.0	5.369013000000001	-0.46695600000000004	8.145243	0.019198621771937627	0.048869219055841226	-0.024434609527920613	-0.3288	-0.0097	-1.1118
2570.0	5.377842	-0.580752	8.110908	0.008726646259971648	0.06981317007977318	-0.027925268031909273	-0.328	-0.0098	-1.1095
2571.0	5.361165	-0.576828	8.129547	0.029670597283903602	0.0890117918517108	-0.027925268031909273	-0.3273	-0.01	-1.1098
2572.0	5.367051000000001	-0.607239	8.123661	0.029670597283903602	0.0890117918517108	-0.027925268031909273	-0.327	-0.01	-1.1106
2573.0	5.367051000000001	-0.614106	8.140338	0.029670597283903602	0.09948376736367678	-0.03490658503988659	-0.3269	-0.0096	-1.1121
2574.0	5.394519000000001	-0.614106	8.138376000000001	0.03665191429188092	0.09948376736367678	-0.03665191429188092	-0.3258	-0.0096	-1.1101
2575.0	5.425911000000001	-0.615087	8.143281	0.05235987755982989	0.10122909661567112	-0.04537856055185257	-0.3244	-0.0098	-1.1128
2576.0	5.450436	-0.615087	8.137395	0.05585053606381855	0.11693705988362008	-0.04363323129985824	-0.3243	-0.0098	-1.1084
2577.0	5.434740000000001	-0.60822	8.151129000000001	0.07853981633974483	0.1117010721276371	-0.05759586531581287	-0.3242	-0.0105	-1.1123
2578.0	5.410215	-0.575847	8.175654000000002	0.06806784082777885	0.11868238913561441	-0.048869219055841226	-0.3236	-0.0111	-1.1149
2579.0	5.3886330000000005	-0.5483790000000001	8.19135	0.048869219055841226	0.10471975511965978	-0.03316125578789226	-0.3229	-0.0121	-1.1149
2580.0	5.366070000000001	-0.523854	8.21097	0.03316125578789226	0.08726646259971647	-0.012217304763960306	-0.3225	-0.0134	-1.1203
2581.0	5.349393	-0.531702	8.235495	0.008726646259971648	0.06632251157578452	-0.017453292519943295	-0.3214	-0.014	-1.1183
2582.0	5.334677999999999	-0.547398	8.251191	0.006981317007977318	0.06632251157578452	-0.012217304763960306	-0.3203	-0.015	-1.1164
2583.0	5.3248679999999995	-0.553284	8.264925	0.026179938779914945	0.038397243543875255	-0.006981317007977318	-0.3191	-0.0159	-1.1164
2584.0	5.316039000000001	-0.557208	8.270811	0.029670597283903602	0.03665191429188092	-0.020943951023931952	-0.3176	-0.0165	-1.1187
2585.0	5.310153000000001	-0.556227	8.274735000000002	0.038397243543875255	0.03490658503988659	-0.015707963267948967	-0.3169	-0.0174	-1.1174
2586.0	5.299362	-0.553284	8.274735000000002	0.0471238898038469	0.026179938779914945	-0.027925268031909273	-0.3151	-0.0185	-1.1173
2587.0	5.291514	-0.553284	8.272773	0.05585053606381855	0.026179938779914945	-0.027925268031909273	-0.3138	-0.0191	-1.1167
2588.0	5.284647	-0.562113	8.267868	0.059341194567807204	0.013962634015954637	-0.04537856055185257	-0.3125	-0.0195	-1.1138
2589.0	5.279742000000001	-0.5827140000000001	8.266887	0.0471238898038469	0.010471975511965976	-0.027925268031909273	-0.3116	-0.0202	-1.1121
2590.0	5.266989000000001	-0.5974290000000001	8.261001	0.059341194567807204	0.012217304763960306	-0.03316125578789226	-0.3106	-0.0203	-1.1077
2591.0	5.262084	-0.5886	8.245305	0.029670597283903602	0.03316125578789226	-0.008726646259971648	-0.3101	-0.0211	-1.1088
2592.0	5.256198	-0.565056	8.243343000000001	0.0471238898038469	0.019198621771937627	-0.010471975511965976	-0.3093	-0.0215	-1.1098
2593.0	5.254236	-0.5395500000000001	8.234514	0.019198621771937627	-0.0017453292519943296	0.0	-0.3096	-0.0224	-1.1094
2594.0	5.243445	-0.517968	8.236476	0.017453292519943295	0.006981317007977318	0.0	-0.3094	-0.023	-1.1062
2595.0	5.236578000000001	-0.486576	8.222742	-0.005235987755982988	0.015707963267948967	0.005235987755982988	-0.3095	-0.0239	-1.1065
2596.0	5.239521000000001	-0.463032	8.223723000000001	-0.010471975511965976	0.017453292519943295	0.017453292519943295	-0.3095	-0.0243	-1.1064
2597.0	5.243445	-0.436545	8.22078	-0.026179938779914945	0.020943951023931952	0.017453292519943295	-0.3093	-0.0248	-1.1064
2598.0	5.251293	-0.422811	8.225685	-0.03490658503988659	0.006981317007977318	0.03316125578789226	-0.3093	-0.0254	-1.1067
2599.0	5.247369000000001	-0.413001	8.214894000000001	-0.03490658503988659	0.013962634015954637	0.031415926535897934	-0.3094	-0.0254	-1.1066
2600.0	5.251293	-0.422811	8.209989	-0.03490658503988659	0.024434609527920613	0.024434609527920613	-0.3097	-0.0254	-1.1067
2601.0	5.24835	-0.44537400000000005	8.202141	-0.0017453292519943296	0.027925268031909273	0.006981317007977318	-0.3099	-0.0252	-1.1068
2602.0	5.2463880000000005	-0.475785	8.195274000000001	0.005235987755982988	0.04363323129985824	0.0	-0.3105	-0.025	-1.107
2603.0	5.234616	-0.491481	8.193312	0.006981317007977318	0.03490658503988659	-0.003490658503988659	-0.3099	-0.0249	-1.107
2604.0	5.235596999999999	-0.516987	8.189388000000001	0.017453292519943295	0.05061454830783556	-0.006981317007977318	-0.3103	-0.0246	-1.1073
2605.0	5.2287300000000005	-0.5483790000000001	8.20116	0.03490658503988659	0.031415926535897934	-0.012217304763960306	-0.3094	-0.0244	-1.1077
2606.0	5.223825	-0.5738850000000001	8.219799	0.041887902047863905	0.031415926535897934	-0.019198621771937627	-0.3093	-0.0243	-1.1079
2607.0	5.219901	-0.586638	8.227647000000001	0.04363323129985824	0.0017453292519943296	-0.022689280275926284	-0.3089	-0.0239	-1.1074
2608.0	5.212053	-0.596448	8.227647000000001	0.041887902047863905	0.003490658503988659	-0.026179938779914945	-0.3086	-0.0237	-1.1071
2609.0	5.206167	-0.616068	8.242362	0.054105206811824215	-0.005235987755982988	-0.04537856055185257	-0.3079	-0.0238	-1.1066
2610.0	5.201262000000001	-0.620973	8.254134	0.06283185307179587	-0.006981317007977318	-0.041887902047863905	-0.3075	-0.0246	-1.1044
2611.0	5.197338000000001	-0.6190110000000001	8.264925	0.08726646259971647	-0.010471975511965976	-0.054105206811824215	-0.3063	-0.0253	-1.1004
2612.0	5.188509000000001	-0.616068	8.271792	0.10995574287564276	-0.0017453292519943296	-0.054105206811824215	-0.3062	-0.0266	-1.0945
2613.0	5.182623	-0.623916	8.274735000000002	0.12391837689159739	0.012217304763960306	-0.05759586531581287	-0.3059	-0.0274	-1.0862
2614.0	5.173794	-0.620973	8.282583	0.12740903539558607	-0.003490658503988659	-0.06981317007977318	-0.3056	-0.0288	-1.0787
2615.0	5.16987	-0.6190110000000001	8.287488	0.11868238913561441	0.003490658503988659	-0.08203047484373349	-0.3058	-0.0301	-1.0729
2616.0	5.158098000000001	-0.636669	8.280621	0.1413716694115407	-0.010471975511965976	-0.10471975511965978	-0.3058	-0.0315	-1.0688
2617.0	5.150250000000001	-0.670023	8.317899	0.15358897417550102	-0.022689280275926284	-0.12042771838760874	-0.3061	-0.0333	-1.0671
2618.0	5.150250000000001	-0.69651	8.373816000000001	0.18500490071139894	-0.06981317007977318	-0.1413716694115407	-0.3066	-0.0348	-1.0677
2619.0	5.151231	-0.749484	8.39736	0.2530727415391778	-0.12566370614359174	-0.17453292519943295	-0.3076	-0.0368	-1.0688
2620.0	5.1267059999999995	-0.7995150000000001	8.47584	0.3420845333908886	-0.16231562043547265	-0.24958208303518914	-0.3082	-0.0388	-1.0712
2621.0	5.11101	-0.786762	8.557263	0.3787364476827695	-0.2303834612632515	-0.317649923862968	-0.3089	-0.0415	-1.0751
2622.0	5.084523	-0.721035	8.633781	0.30543261909900765	-0.34732052114687156	-0.3385938748868999	-0.3091	-0.0438	-1.0809
2623.0	5.075694	-0.7406550000000001	8.759349	0.08028514559173916	-0.5078908123303499	-0.42062434973063345	-0.3096	-0.0472	-1.0883
2624.0	5.033511	-0.51993	8.914347	0.23561944901923448	-0.6946410422937431	-0.38222710618675815	-0.3108	-0.051	-1.0946
2625.0	5.028606	-0.40515300000000004	9.050706	0.20769418098732523	-0.9442231253289323	-0.30019663134302466	-0.3126	-0.0548	-1.0964
2626.0	5.020758000000001	-0.29135700000000003	9.180198	0.16231562043547265	-1.181587903600161	-0.28099800957108706	-0.3151	-0.0588	-1.0936
2627.0	5.026644	-0.16873200000000002	9.247887	0.158824961931484	-1.392772743091475	-0.2530727415391778	-0.3186	-0.0626	-1.0866
2628.0	5.023701	-0.047088	9.288108	0.15707963267948966	-1.4905111812031575	-0.2303834612632515	-0.3235	-0.0673	-1.074
2629.0	5.074713	0.073575	9.305766	0.17453292519943295	-1.6458454846306527	-0.19722220547535926	-0.3291	-0.0716	-1.0584
2630.0	5.1571169999999995	0.135378	9.239058	0.12391837689159739	-1.8133970928221086	-0.24085543677521748	-0.3374	-0.0758	-1.0429
2631.0	5.242464	0.112815	9.161559	0.143116998663535	-1.8709929581379212	-0.2897246558310587	-0.3473	-0.0791	-1.0279
2632.0	5.390595	-0.011772	9.047763	0.2530727415391778	-1.9390607989657	-0.3787364476827695	-0.3578	-0.0833	-1.0138
2633.0	5.509296	-0.037278	8.871183	0.26354471705114374	-1.9565140914856434	-0.4834562028024293	-0.3698	-0.0872	-1.0001
2634.0	5.6760660000000005	-0.308034	8.658306000000001	0.6265732014659643	-1.9634954084936207	-0.6318091892219474	-0.3829	-0.0913	-0.9867
2635.0	5.840874	-0.48069000000000006	8.451315000000001	0.38571776469074687	-1.980948701013564	-0.7051130178057091	-0.3967	-0.0956	-0.9735
2636.0	6.008625	-0.600372	8.247267	0.47647488579445196	-2.028072590817411	-0.8534660042252271	-0.4114	-0.1006	-0.9615
2637.0	6.171471	-0.698472	8.067744000000001	0.4520402762665313	-2.054252529597326	-0.9826203688728075	-0.4261	-0.1076	-0.9491
2638.0	6.349032	-0.802458	7.906860000000001	0.4782202150464463	-2.117084382669122	-1.1082840750163994	-0.4403	-0.1149	-0.9372
2639.0	6.486372	-0.8103060000000001	7.7812920000000005	0.4258603374866164	-2.178170906488923	-1.2095131716320704	-0.4547	-0.1234	-0.9278
2640.0	6.6649140000000004	-0.770085	7.664553000000001	0.2722713633111154	-2.21307749152881	-1.281071670963838	-0.4672	-0.1331	-0.9131
2641.0	6.890544	-0.770085	7.5625290000000005	0.19373154697137057	-2.2113321622768156	-1.3212142437597074	-0.4791	-0.1439	-0.8963
2642.0	7.083801	-0.7435980000000001	7.464429000000001	0.11519173063162574	-2.1886428820008894	-1.4206980111233845	-0.4906	-0.1557	-0.8741
2643.0	7.3947780000000005	-0.689643	7.379082	0.006981317007977318	-2.118829711921116	-1.5219271077390555	-0.5014	-0.1678	-0.8513
2644.0	7.589997000000001	-0.622935	7.256457000000001	-0.11693705988362008	-2.007128639793479	-1.5847589608108512	-0.5111	-0.1811	-0.828
2645.0	7.786197	-0.46597500000000003	7.094592	-0.4572762640225143	-1.9512781037296605	-1.6406094968746698	-0.5201	-0.1952	-0.8059
2646.0	7.997112	-0.38259000000000004	6.87681	-0.7260569688296411	-1.8256143975860686	-1.7139133254584316	-0.5272	-0.2098	-0.7813
2647.0	8.182521	-0.347274	6.653142000000001	-0.8813912722571364	-1.7034413499464656	-1.7872171540421935	-0.533	-0.2231	-0.7598
2648.0	8.284545000000001	-0.28449	6.464790000000001	-0.9651670763528641	-1.603957582582789	-1.8099064343181197	-0.5379	-0.2372	-0.7401
2649.0	8.246286000000001	-0.26487	6.431436	-1.2531464029319286	-1.3037609512397643	-1.8919369091618534	-0.5422	-0.2511	-0.7198
2650.0	7.9235370000000005	-0.332559	6.6168450000000005	-1.5219271077390555	-0.8290313946973066	-2.050761871093337	-0.5455	-0.2653	-0.7041
2651.0	7.7253750000000005	-0.29233800000000004	6.941556	-1.806415775814131	-0.1064650843716541	-2.050761871093337	-0.5476	-0.2791	-0.6906
2652.0	7.329051000000001	-0.37866600000000006	7.34769	-2.0612338466053033	0.8168140899333461	-1.9058995431778079	-0.5479	-0.2925	-0.6821
2653.0	6.633522	-0.6955290000000001	7.691040000000001	-1.9826940302655582	1.4346606451393389	-1.7139133254584316	-0.5463	-0.3058	-0.6758
2654.0	5.855589	-1.012392	7.988283000000001	-1.9181168479417683	1.610938899590766	-1.5952309363228172	-0.5422	-0.3181	-0.6737
2655.0	5.000157000000001	-1.340046	8.281602	-1.9547687622336491	1.8692476288859268	-1.239183768915974	-0.5359	-0.3292	-0.6775
2656.0	4.027005	-1.6186500000000001	8.55432	-2.0036379812894904	1.9565140914856434	-0.7819075048934596	-0.528	-0.3393	-0.6841
2657.0	2.7428760000000003	-1.812888	8.710299000000001	-2.1659536017249628	1.551597705022959	-0.22863813201125716	-0.5189	-0.3475	-0.6964
2658.0	1.607859	-1.948266	8.812323000000001	-2.357939819444339	0.8674286382411819	0.4380776422505767	-0.5088	-0.353	-0.7091
2659.0	1.033974	-2.240604	8.923176	-2.171189589480946	0.7993607974134029	1.2164944886400477	-0.499	-0.3532	-0.7286
2660.0	1.101663	-2.626137	9.007542	-1.4276793281313616	1.202531854624093	1.9425514574696887	-0.4892	-0.3492	-0.7473
2661.0	1.084005	-3.047967	9.038934000000001	-1.0122909661567112	1.4625859131712482	2.275909344600606	-0.4808	-0.3418	-0.7673
2662.0	1.1654280000000001	-3.145086	8.991846	-0.4118977034706618	1.790707812546182	2.843141351498763	-0.4737	-0.3298	-0.788
2663.0	1.4577660000000001	-2.91357	8.986941	-0.1291543646475804	1.9460421159736774	3.3283428835531863	-0.4686	-0.3143	-0.8089
2664.0	2.039499	-2.684016	9.067383000000001	0.0715584993317675	2.1258110289290935	3.639011490408177	-0.4652	-0.2948	-0.8281
2665.0	2.7418950000000004	-2.5800300000000003	9.217476	0.3385938748868999	2.309070600388498	3.785619147575701	-0.4638	-0.2717	-0.8445
2666.0	3.6149850000000003	-2.49174	9.452916	0.5270894341022875	2.4312436480281012	3.7926004645836784	-0.4633	-0.2449	-0.8639
2667.0	4.9030380000000005	-2.444652	9.814905	0.5811946409141117	2.466150233067988	3.7908551353316837	-0.4644	-0.2163	-0.8793
2668.0	6.193053	-2.513322	10.150407	0.6754424205218056	2.588323280707591	3.76118453804778	-0.4655	-0.1856	-0.8973
2669.0	7.11225	-2.461329	10.274994000000001	0.7661995416255106	2.6040312439755393	3.6896260387160127	-0.4644	-0.1561	-0.9123
2670.0	7.693983	-2.1807630000000002	10.160217000000001	0.6719517620178169	2.546435378659727	3.6198128686362394	-0.4623	-0.1263	-0.9307
2671.0	8.238438	-1.827603	9.906138	0.36826447217080355	2.387610416728243	3.501130479500625	-0.4587	-0.0966	-0.9496
2672.0	8.882955	-1.5048540000000001	9.565731	-0.16231562043547265	2.1048670779051615	3.368485456349056	-0.453	-0.0666	-0.9693
2673.0	9.474498	-1.0555560000000002	9.112509	-0.8150687606813519	1.6720254234105676	3.160791275361731	-0.4455	-0.0357	-0.9882
2674.0	10.022877000000001	-0.586638	8.523909	-0.9948376736367679	1.4556045961632709	2.9897490086662866	-0.4373	-0.0047	-1.0072
2675.0	10.601667	-0.07161300000000001	7.746957	-0.9861110273767962	1.0314895879286488	2.520255439879812	-0.4278	0.0254	-1.0252
2676.0	11.270709	0.380628	6.7688999999999995	-0.5899212871740833	0.7033676885537148	1.827359726838063	-0.4182	0.0539	-1.0417
2677.0	11.875005	0.783819	5.612301	-0.09250245035569947	0.3735004599267865	0.9005898940290741	-0.4084	0.0807	-1.0563
2678.0	12.309588	1.376343	4.437063	0.3368485456349056	-0.027925268031909273	-0.019198621771937627	-0.3986	0.1044	-1.0689
2679.0	12.642147	1.7579520000000002	3.229452	1.111774733520388	-0.6824237375297829	-0.9704030641088472	-0.3911	0.1244	-1.0781
2680.0	12.959010000000001	2.300445	2.0856060000000003	1.4032447186034411	-0.9005898940290741	-1.4922565104551517	-0.3854	0.1392	-1.0844
2681.0	13.273911	2.810565	1.3498560000000002	1.9792033717615698	-1.281071670963838	-1.6388641676226756	-0.3818	0.1486	-1.0876
2682.0	13.623147000000001	3.147048	2.061081	1.9565140914856434	-1.6475908138826472	-1.8535396656179781	-0.381	0.1512	-1.0878
2683.0	13.531914	2.602593	2.6447760000000002	1.8849555921538759	-0.4642575810304917	-1.3735741213195374	-0.3814	0.1476	-1.0859
2684.0	12.84129	2.7624960000000005	3.1725540000000003	1.7191493132144147	-0.36826447217080355	-1.1588986233242349	-0.3823	0.1383	-1.0811
2685.0	12.822651	3.480588	4.01229	0.8761552845011534	0.05585053606381855	-0.6457718232379019	-0.3844	0.1251	-1.0729
2686.0	11.851461	3.2559389999999997	4.781394000000001	0.3159045946109737	0.1466076571675237	-0.3490658503988659	-0.3873	0.1091	-1.0638
2687.0	11.022516	2.9596770000000006	5.77809	0.2426007660272118	0.11693705988362008	-0.24958208303518914	-0.3909	0.0918	-1.0516
2688.0	10.17297	2.65851	6.804216	0.19024088846738194	0.19024088846738194	-0.17453292519943295	-0.3948	0.0741	-1.0385
2689.0	9.415638	2.5643340000000006	7.877430000000001	0.06283185307179587	0.15358897417550102	-0.0942477796076938	-0.3976	0.0568	-1.0265
2690.0	8.609256	2.119941	8.932986	-0.027925268031909273	0.16929693744344995	-0.022689280275926284	-0.3994	0.0423	-1.0176
2691.0	7.7047740000000005	1.587258	9.670698	0.05061454830783556	0.16755160819145562	-0.061086523819801536	-0.3999	0.0303	-1.0113
2692.0	6.748299	1.148751	9.087003000000001	0.11868238913561441	0.16580627893946132	-0.09250245035569947	-0.399	0.0218	-1.009
2693.0	6.2833049999999995	1.315521	8.767197000000001	0.15184364492350666	0.1291543646475804	-0.11868238913561441	-0.3982	0.0159	-1.01
2694.0	6.345108000000001	0.7720470000000001	8.638686000000002	0.18151424220741028	0.1117010721276371	-0.10821041362364843	-0.3976	0.0118	-1.0126
2695.0	5.612301	-0.281547	8.377740000000001	0.19896753472735357	0.08377580409572781	-0.12391837689159739	-0.3968	0.009	-1.0173
2696.0	5.6809709999999995	-0.29724300000000003	8.383626000000001	0.17627825445142728	0.04363323129985824	-0.09948376736367678	-0.3955	0.0073	-1.0231
2697.0	5.584833000000001	-0.201105	8.337519	0.1064650843716541	0.0	-0.05759586531581287	-0.3941	0.0052	-1.0311
2698.0	5.599548	-0.283509	8.316918000000001	0.0645771823237902	-0.05759586531581287	-0.03316125578789226	-0.394	0.0032	-1.0401
2699.0	5.555403	-0.36297	8.332614000000001	0.020943951023931952	-0.07504915783575616	-0.020943951023931952	-0.3929	0.0023	-1.0488
2700.0	5.505372	-0.298224	8.365968	0.027925268031909273	-0.09075712110370514	-0.019198621771937627	-0.3924	0.0008	-1.0541
2701.0	5.490657	-0.182466	8.35812	0.006981317007977318	-0.09948376736367678	0.013962634015954637	-0.3921	-0.0005	-1.0553
2702.0	5.481828	-0.139302	8.32869	-0.0017453292519943296	-0.12042771838760874	0.013962634015954637	-0.3923	-0.002	-1.0531
2703.0	5.468094000000001	-0.08338500000000001	8.287488	-0.013962634015954637	-0.11693705988362008	0.022689280275926284	-0.3925	-0.0036	-1.0459
2704.0	5.456322	-0.066708	8.226666	-0.041887902047863905	-0.07504915783575616	0.04014257279586958	-0.3929	-0.0047	-1.0374
2705.0	5.452398	-0.11673900000000001	8.159958	-0.027925268031909273	-0.03665191429188092	0.026179938779914945	-0.3934	-0.0055	-1.0295
2706.0	5.432778	-0.21974400000000002	8.104041	0.008726646259971648	0.020943951023931952	0.0	-0.3945	-0.0063	-1.0235
2707.0	5.404329	-0.35904600000000003	8.064801000000001	0.041887902047863905	0.04014257279586958	-0.026179938779914945	-0.3955	-0.006	-1.0198
2708.0	5.374899000000001	-0.458127	8.03439	0.09773843811168245	0.06632251157578452	-0.05061454830783556	-0.3953	-0.0063	-1.0185
2709.0	5.364108	-0.522873	8.011827	0.13439035240356337	0.10122909661567112	-0.08203047484373349	-0.3961	-0.007	-1.0186
2710.0	5.369994	-0.541512	7.993188	0.16057029118347832	0.11344640137963143	-0.09948376736367678	-0.3971	-0.0078	-1.0209
2711.0	5.383728	-0.555246	7.9794540000000005	0.16406094968746698	0.11868238913561441	-0.0942477796076938	-0.3978	-0.0082	-1.0253
2712.0	5.386671000000001	-0.550341	7.988283000000001	0.143116998663535	0.12217304763960307	-0.07330382858376185	-0.3982	-0.0094	-1.0305
2713.0	5.380785	-0.553284	8.025561000000001	0.13788101090755203	0.1064650843716541	-0.06806784082777885	-0.3982	-0.0101	-1.037
2714.0	5.374899000000001	-0.5287590000000001	8.075592	0.1064650843716541	0.10471975511965978	-0.061086523819801536	-0.398	-0.0109	-1.0464
2715.0	5.379804	-0.469899	8.111889	0.08203047484373349	0.06981317007977318	-0.05759586531581287	-0.3974	-0.0121	-1.0563
2716.0	5.392557	-0.40024800000000005	8.129547	0.0715584993317675	0.08028514559173916	-0.05061454830783556	-0.3968	-0.0137	-1.061
2717.0	5.418063	-0.302148	8.135433	0.04537856055185257	0.08203047484373349	-0.03665191429188092	-0.3947	-0.0157	-1.0641
2718.0	5.442588	-0.21189600000000003	8.130528	0.04363323129985824	0.07853981633974483	-0.029670597283903602	-0.3935	-0.0171	-1.0696
2719.0	5.451417	-0.14028300000000002	8.121699	0.03316125578789226	0.1064650843716541	-0.015707963267948967	-0.3927	-0.0184	-1.0722
2720.0	5.441607	-0.111834	8.115813000000001	0.026179938779914945	0.10297442586766545	-0.006981317007977318	-0.3913	-0.0193	-1.0747
2721.0	5.421006	-0.08632800000000002	8.118756000000001	-0.0	0.1413716694115407	0.0	-0.3894	-0.0208	-1.0768
2722.0	5.405310000000001	-0.069651	8.113851	-0.03490658503988659	0.15184364492350666	0.015707963267948967	-0.3878	-0.021	-1.0767
2723.0	5.390595	-0.042183000000000005	8.104041	-0.059341194567807204	0.1466076571675237	0.04537856055185257	-0.3865	-0.0216	-1.078
2724.0	5.373918	-0.032373	8.101098	-0.10471975511965978	0.13962634015954636	0.05759586531581287	-0.3853	-0.0222	-1.0776
2725.0	5.355279	-0.04022100000000001	8.11287	-0.12391837689159739	0.1291543646475804	0.06283185307179587	-0.3844	-0.0222	-1.0764
2726.0	5.339583	-0.038259	8.134452000000001	-0.1308996938995747	0.1291543646475804	0.0645771823237902	-0.3834	-0.0219	-1.0779
2727.0	5.31702	-0.059841000000000005	8.175654000000002	-0.1361356816555577	0.0942477796076938	0.07853981633974483	-0.3837	-0.0219	-1.0799
2728.0	5.296419000000001	-0.10300500000000001	8.219799	-0.1064650843716541	0.06283185307179587	0.06981317007977318	-0.3838	-0.0213	-1.0766
2729.0	5.278761	-0.155979	8.261001	-0.0645771823237902	0.038397243543875255	0.06806784082777885	-0.3838	-0.0209	-1.0747
2730.0	5.265027	-0.199143	8.28945	-0.04014257279586958	0.019198621771937627	0.0471238898038469	-0.3839	-0.0209	-1.0743
2731.0	5.2591410000000005	-0.250155	8.312013	-0.029670597283903602	0.015707963267948967	0.03490658503988659	-0.3836	-0.0196	-1.0773
2732.0	5.251293	-0.300186	8.330652	0.0017453292519943296	-0.010471975511965976	0.008726646259971648	-0.3838	-0.0192	-1.0825
2733.0	5.252274	-0.33746400000000004	8.337519	-0.0017453292519943296	0.006981317007977318	0.015707963267948967	-0.3836	-0.0185	-1.0841
2734.0	5.257179000000001	-0.36983699999999997	8.337519	-0.0	-0.012217304763960306	0.006981317007977318	-0.3833	-0.0176	-1.0846
2735.0	5.262084	-0.401229	8.326728000000001	0.003490658503988659	0.006981317007977318	0.012217304763960306	-0.383	-0.017	-1.0827
2736.0	5.269932000000001	-0.42183	8.308089	0.020943951023931952	0.005235987755982988	0.006981317007977318	-0.3821	-0.0166	-1.0832
2737.0	5.280723	-0.419868	8.261001	0.005235987755982988	0.03490658503988659	0.005235987755982988	-0.3817	-0.0157	-1.0824
2738.0	5.265027	-0.40024800000000005	8.22078	-0.0	0.04537856055185257	0.010471975511965976	-0.3807	-0.0152	-1.082
2739.0	5.254236	-0.35414100000000004	8.22078	-0.020943951023931952	0.031415926535897934	0.013962634015954637	-0.3802	-0.015	-1.0821
2740.0	5.285628	-0.37179900000000005	8.298279	-0.027925268031909273	-0.03665191429188092	0.027925268031909273	-0.3793	-0.0143	-1.0793
2741.0	5.257179000000001	-0.44046900000000005	8.237457000000001	0.06632251157578452	0.003490658503988659	-0.015707963267948967	-0.3798	-0.0147	-1.0744
2742.0	5.244426	-0.401229	8.197236	0.05061454830783556	0.03665191429188092	-0.013962634015954637	-0.3791	-0.0144	-1.0687
2743.0	5.263065	-0.346293	8.200179	0.029670597283903602	0.015707963267948967	-0.003490658503988659	-0.3795	-0.0148	-1.0669
2744.0	5.2718940000000005	-0.35316	8.227647000000001	0.013962634015954637	0.0	-0.0017453292519943296	-0.3785	-0.0143	-1.0659
2745.0	5.255217	-0.305091	8.239419	-0.008726646259971648	-0.015707963267948967	0.019198621771937627	-0.3788	-0.014	-1.0673
2746.0	5.245407	-0.258984	8.237457000000001	-0.022689280275926284	-0.019198621771937627	0.038397243543875255	-0.3784	-0.0142	-1.0661
2747.0	5.254236	-0.267813	8.261001	-0.026179938779914945	-0.006981317007977318	0.03490658503988659	-0.379	-0.0146	-1.0658
2748.0	5.260122	-0.276642	8.280621	-0.003490658503988659	-0.012217304763960306	0.020943951023931952	-0.3791	-0.0146	-1.0656
2749.0	5.2718940000000005	-0.28645200000000004	8.262963000000001	-0.013962634015954637	-0.015707963267948967	0.022689280275926284	-0.3795	-0.0143	-1.065
2750.0	5.24835	-0.24623100000000003	8.185464000000001	-0.006981317007977318	-0.03316125578789226	0.03316125578789226	-0.3793	-0.0147	-1.0648
2751.0	5.274837	-0.159903	8.242362	-0.0017453292519943296	-0.0471238898038469	0.024434609527920613	-0.3795	-0.0146	-1.0645
2752.0	5.293476	-0.17952300000000002	8.277678	-0.005235987755982988	-0.03665191429188092	0.03665191429188092	-0.3797	-0.015	-1.064
2753.0	5.2718940000000005	-0.226611	8.268849	-0.022689280275926284	-0.03665191429188092	0.03665191429188092	-0.3798	-0.0146	-1.0633
2754.0	5.254236	-0.21778200000000003	8.238438	-0.03665191429188092	-0.0471238898038469	0.04014257279586958	-0.3805	-0.0146	-1.063
2755.0	5.274837	-0.253098	8.228628	-0.015707963267948967	-0.03665191429188092	0.03665191429188092	-0.3802	-0.015	-1.0626
2756.0	5.286609	-0.2943	8.237457000000001	-0.026179938779914945	-0.017453292519943295	0.048869219055841226	-0.3817	-0.0149	-1.0622
2757.0	5.267970000000001	-0.28645200000000004	8.218818	-0.005235987755982988	-0.017453292519943295	0.03316125578789226	-0.3816	-0.0144	-1.0621
2758.0	5.282685	-0.275661	8.203122	-0.013962634015954637	0.003490658503988659	0.03316125578789226	-0.3819	-0.0143	-1.0619
2759.0	5.285628	-0.283509	8.190369	0.005235987755982988	0.003490658503988659	0.027925268031909273	-0.3814	-0.0142	-1.0618
2760.0	5.280723	-0.290376	8.170749	-0.006981317007977318	0.019198621771937627	0.027925268031909273	-0.382	-0.0136	-1.0616
2761.0	5.2895520000000005	-0.295281	8.162901	0.008726646259971648	0.022689280275926284	0.029670597283903602	-0.3821	-0.0135	-1.06
2762.0	5.290533	-0.299205	8.163882000000001	0.013962634015954637	0.024434609527920613	0.026179938779914945	-0.3827	-0.013	-1.0569
2763.0	5.2944569999999995	-0.30312900000000004	8.159958	-0.010471975511965976	0.020943951023931952	0.03316125578789226	-0.3825	-0.0127	-1.0516
2764.0	5.309172	-0.295281	8.159958	-0.0	0.006981317007977318	0.04014257279586958	-0.3835	-0.0128	-1.0445
2765.0	5.309172	-0.293319	8.163882000000001	-0.020943951023931952	0.012217304763960306	0.04014257279586958	-0.3845	-0.0123	-1.0364
2766.0	5.305248	-0.293319	8.172711	-0.015707963267948967	0.006981317007977318	0.04363323129985824	-0.3842	-0.0115	-1.0296
2767.0	5.311134	-0.290376	8.19135	-0.03490658503988659	0.0	0.048869219055841226	-0.384	-0.0114	-1.0245
2768.0	5.308191000000001	-0.29724300000000003	8.214894000000001	-0.017453292519943295	-0.015707963267948967	0.05061454830783556	-0.3843	-0.0113	-1.0215
2769.0	5.309172	-0.300186	8.245305	-0.024434609527920613	-0.038397243543875255	0.0471238898038469	-0.3848	-0.0107	-1.0198
2770.0	5.309172	-0.296262	8.26983	-0.020943951023931952	-0.06981317007977318	0.061086523819801536	-0.3851	-0.0102	-1.021
2771.0	5.303286	-0.287433	8.285526	-0.008726646259971648	-0.10122909661567112	0.04014257279586958	-0.3856	-0.0096	-1.0227
2772.0	5.308191000000001	-0.28645200000000004	8.300241	-0.012217304763960306	-0.11344640137963143	0.05759586531581287	-0.386	-0.0093	-1.0263
2773.0	5.313096	-0.29135700000000003	8.32869	-0.031415926535897934	-0.1466076571675237	0.07504915783575616	-0.3866	-0.0093	-1.0318
2774.0	5.322906	-0.310977	8.342424000000001	-0.017453292519943295	-0.1884955592153876	0.061086523819801536	-0.3869	-0.0092	-1.0391
2775.0	5.341545	-0.32373	8.353215	-0.03490658503988659	-0.20245819323134223	0.0715584993317675	-0.387	-0.0092	-1.0471
2776.0	5.349393	-0.367875	8.374797000000001	-0.029670597283903602	-0.23212879051524585	0.06806784082777885	-0.3874	-0.009	-1.0532
2777.0	5.347431	-0.43164	8.398341	-0.003490658503988659	-0.26703537555513246	0.03665191429188092	-0.3887	-0.0085	-1.0558
2778.0	5.350374	-0.475785	8.415999000000001	0.019198621771937627	-0.33510321638291124	-0.017453292519943295	-0.3903	-0.0079	-1.0542
2779.0	5.356260000000001	-0.49442400000000003	8.420904	-0.0	-0.3368485456349056	-0.04014257279586958	-0.3917	-0.0081	-1.0477
2780.0	5.362146	-0.446355	8.434638	-0.09599310885968812	-0.38746309394274114	-0.1117010721276371	-0.3934	-0.0079	-1.0379
2781.0	5.311134	-0.469899	8.480745	-0.4118977034706618	-0.41713369122664473	-0.29670597283903605	-0.3952	-0.0078	-1.029
2782.0	5.3023050000000005	-0.48559500000000005	8.511156000000001	-0.45553093477052004	-0.47647488579445196	-0.44505895925855404	-0.3975	-0.0082	-1.0213
2783.0	5.303286	-0.50031	8.516061	-0.7330382858376184	-0.49741883681838395	-0.6335545184739416	-0.4	-0.0077	-1.0157
2784.0	5.298381000000001	-0.586638	8.510175	-0.9232791743050003	-0.5358160803622591	-0.8587019919812102	-0.4027	-0.0071	-1.0121
2785.0	5.278761	-0.701415	8.493498	-1.007054978400728	-0.5148721293383273	-0.9581857593448869	-0.4059	-0.0069	-1.01
2786.0	5.283666	-0.7671420000000001	8.4366	-1.1187560505283651	-0.4852015320544236	-1.1431906600562858	-0.41	-0.0069	-1.0099
2787.0	5.3248679999999995	-0.7985340000000001	8.349291000000001	-1.2112585008840648	-0.3839724354387525	-1.3055062804917585	-0.4133	-0.0073	-1.0103
2788.0	5.38569	-0.7995150000000001	8.248248	-1.3421581947836396	-0.2722713633111154	-1.4416419621473162	-0.4161	-0.007	-1.0123
2789.0	5.469075	-0.7759710000000001	8.156034	-1.5725416560468908	-0.13264502315156904	-1.5725416560468908	-0.4183	-0.007	-1.0179
2790.0	5.558346	-0.8103060000000001	8.040276	-1.75754655675829	-0.012217304763960306	-1.7819811662862104	-0.4203	-0.0077	-1.0226
2791.0	5.791824000000001	-0.8652420000000001	7.908822000000001	-1.8081611050661253	0.15358897417550102	-2.049016541841343	-0.4214	-0.0085	-1.0319
2792.0	5.9811570000000005	-0.9711900000000001	7.833285	-1.7558012275062955	0.2844886680750757	-2.1886428820008894	-0.4216	-0.0087	-1.034
2793.0	6.0674850000000005	-1.00062	7.763634000000001	-1.7523105690023069	0.47298422729046335	-2.420771672516135	-0.4205	-0.0104	-1.0385
2794.0	6.102801	-0.916254	7.690059000000001	-1.907644872429802	0.5305800926062761	-2.572615317439642	-0.4179	-0.0127	-1.0413
2795.0	6.147927000000001	-0.839736	7.626294000000001	-2.0891591146372126	0.5864306286700948	-2.738421596379103	-0.4134	-0.0157	-1.0463
2796.0	6.196977	-0.8142300000000001	7.61256	-2.1362830044410597	0.6440264939859076	-2.90248254606657	-0.4074	-0.0186	-1.0508
2797.0	6.198939	-0.8004960000000001	7.628256	-2.1676989309769574	0.6963863715457375	-3.05956217874606	-0.3997	-0.0215	-1.0567
2798.0	6.108687000000001	-0.788724	7.635123	-2.199114857512855	0.6859143960337715	-3.1084313978019007	-0.3908	-0.0259	-1.0635
2799.0	5.946822	-0.7995150000000001	7.622370000000001	-2.3282692221604355	0.609119908946021	-3.1695179216217024	-0.3811	-0.0299	-1.07
2800.0	5.803596000000001	-0.820116	7.628256	-2.413790355508158	0.5201081170943103	-3.1573006168577424	-0.3706	-0.0342	-1.0801
2801.0	5.5916999999999994	-0.781857	7.628256	-2.410299697004169	0.4852015320544236	-3.1119220563058896	-0.3593	-0.0377	-1.086
2802.0	5.368032	-0.7004340000000001	7.596864	-2.3003439541285267	0.44505895925855404	-2.991494337918281	-0.3476	-0.0418	-1.0988
2803.0	5.230692	-0.6759090000000001	7.609617	-2.1240656996770992	0.4223696789826277	-2.7646015351590183	-0.3362	-0.0454	-1.1081
2804.0	5.144364	-0.693567	7.692021	-1.8308503853420517	0.4625122517784973	-2.424262331020124	-0.3249	-0.0487	-1.1189
2805.0	5.062941	-0.692586	7.816608	-1.5812683023068625	0.49567350756638956	-2.1886428820008894	-0.3145	-0.0512	-1.1245
2806.0	4.952088000000001	-0.6621750000000001	7.928442	-1.0349802464326374	0.5951572749300664	-1.6702800941585734	-0.3033	-0.0535	-1.1308
2807.0	4.843197000000001	-0.5709420000000001	8.02458	-0.5689773361501514	0.6632251157578453	-1.117010721276371	-0.2922	-0.0555	-1.1372
2808.0	4.7784510000000004	-0.506196	8.10306	-0.2565634000431664	0.6946410422937431	-0.5619960191421741	-0.2816	-0.057	-1.1416
2809.0	4.75785	-0.47284200000000004	8.156034	0.08726646259971647	0.6719517620178169	-0.08726646259971647	-0.2713	-0.0587	-1.1525
2810.0	4.721553	-0.43164	8.157996	0.33510321638291124	0.619591884457987	0.3089232776029963	-0.2605	-0.0597	-1.1576
2811.0	4.638168	-0.322749	8.091288	0.4276056667386107	0.5515240436302081	0.6161012259539983	-0.2506	-0.0615	-1.1623
2812.0	4.523391	-0.174618	7.933347	0.5358160803622591	0.3368485456349056	0.7644542123735163	-0.2418	-0.0625	-1.1672
2813.0	4.364469000000001	0.026487000000000004	7.708698000000001	0.5131268000863328	-0.012217304763960306	1.0454522219446034	-0.2343	-0.0629	-1.1713
2814.0	4.240863	0.5640750000000001	7.486011	-0.22689280275926285	-0.4677482395344803	1.3980087308474578	-0.2286	-0.062	-1.1728
2815.0	4.106466	0.5944860000000001	7.240761	-0.6667157742618339	-1.043706892692609	1.4102260356114182	-0.2255	-0.0595	-1.1753
2816.0	4.7048760000000005	-0.17756100000000002	7.414398	0.20245819323134223	-0.6789330790257941	0.04537856055185257	-0.224	-0.0574	-1.176
2817.0	5.441607	-0.082404	7.666515	0.18151424220741028	-0.0017453292519943296	-0.03316125578789226	-0.2242	-0.055	-1.1769
2818.0	5.191452	-0.12262500000000001	7.595883000000001	0.13439035240356337	-0.36302848441482055	-0.026179938779914945	-0.2255	-0.0528	-1.1782
2819.0	5.6633130000000005	-0.26977500000000004	7.778349000000001	0.17976891295541594	-0.17278759594743864	0.06981317007977318	-0.2281	-0.0501	-1.1732
2820.0	5.811444000000001	-0.20208600000000002	7.874487	0.05585053606381855	-0.07853981633974483	0.10995574287564276	-0.2321	-0.0479	-1.1725
2821.0	6.007644000000001	-0.24721200000000002	8.032428	-0.027925268031909273	-0.04537856055185257	0.16231562043547265	-0.2365	-0.0446	-1.1711
2822.0	6.163623	-0.417906	8.226666	-0.05235987755982989	-0.03665191429188092	0.1780235837034216	-0.2402	-0.0418	-1.1686
2823.0	6.411816	-0.6278400000000001	8.462106	-0.12042771838760874	0.020943951023931952	0.21467549799530256	-0.2438	-0.0391	-1.1665
2824.0	6.6040920000000005	-1.1369790000000002	8.644572	-0.14835298641951802	0.041887902047863905	0.22863813201125716	-0.2465	-0.0366	-1.1647
2825.0	6.786558	-1.162485	8.817228	-0.16755160819145562	0.041887902047863905	0.22689280275926285	-0.2479	-0.0363	-1.164
2826.0	6.242103	-0.38749500000000003	8.56413	-0.1780235837034216	0.03665191429188092	0.2181661564992912	-0.2482	-0.0352	-1.1638
2827.0	5.586795	-0.567018	8.258058	-0.17453292519943295	0.0017453292519943296	0.19722220547535926	-0.2493	-0.0345	-1.1631
2828.0	5.9478029999999995	-0.630783	8.290431	-0.15358897417550102	0.015707963267948967	0.18500490071139894	-0.2493	-0.0329	-1.1633
2829.0	5.5916999999999994	-0.587619	8.115813000000001	-0.15707963267948966	0.03490658503988659	0.16406094968746698	-0.2496	-0.0309	-1.1633
2830.0	5.551479	-0.795591	8.071668	-0.0942477796076938	0.006981317007977318	0.11519173063162574	-0.2494	-0.0282	-1.1637
2831.0	5.483790000000001	-0.950589	8.021637	-0.06283185307179587	0.013962634015954637	0.07679448708775051	-0.2492	-0.0264	-1.1639
2832.0	5.493600000000001	-1.02024	8.002017	0.008726646259971648	0.024434609527920613	0.012217304763960306	-0.2498	-0.024	-1.1642
2833.0	5.468094000000001	-1.0987200000000001	7.990245000000001	0.04014257279586958	0.024434609527920613	-0.026179938779914945	-0.25	-0.022	-1.1642
2834.0	5.440626	-1.204668	7.972587	0.05235987755982989	0.05585053606381855	-0.05585053606381855	-0.2501	-0.0211	-1.1644
2835.0	5.432778	-1.281186	7.947081000000001	0.08203047484373349	0.09075712110370514	-0.09075712110370514	-0.2497	-0.0196	-1.1645
2836.0	5.454360000000001	-1.290996	7.951986000000001	0.10821041362364843	0.10821041362364843	-0.10471975511965978	-0.2498	-0.0194	-1.1629
2837.0	5.450436	-1.303749	7.945119	0.13264502315156904	0.10821041362364843	-0.12217304763960307	-0.2493	-0.0186	-1.1588
2838.0	5.450436	-1.279224	7.970625	0.12740903539558607	0.09948376736367678	-0.11344640137963143	-0.2489	-0.0191	-1.153
2839.0	5.463189	-1.200744	8.010846	0.15184364492350666	0.059341194567807204	-0.12217304763960307	-0.2484	-0.0199	-1.1456
2840.0	5.472999	-1.1183400000000001	8.041257	0.11344640137963143	0.05759586531581287	-0.07504915783575616	-0.2479	-0.0213	-1.1379
2841.0	5.485752000000001	-1.00062	8.075592	0.0890117918517108	0.03490658503988659	-0.05585053606381855	-0.2476	-0.0224	-1.1323
2842.0	5.502429	-0.886824	8.106003000000001	0.048869219055841226	0.024434609527920613	-0.029670597283903602	-0.2473	-0.0241	-1.1284
2843.0	5.512239	-0.795591	8.127585	0.008726646259971648	0.012217304763960306	0.0	-0.2462	-0.0258	-1.127
2844.0	5.5387260000000005	-0.701415	8.169768	0.006981317007977318	0.012217304763960306	0.015707963267948967	-0.2457	-0.0269	-1.1281
2845.0	5.559327	-0.6062580000000001	8.211951	-0.041887902047863905	0.027925268031909273	0.061086523819801536	-0.2449	-0.0288	-1.1293
2846.0	5.553441000000001	-0.569961	8.219799	-0.07504915783575616	0.0	0.08203047484373349	-0.2448	-0.0291	-1.1319
2847.0	5.5612889999999995	-0.523854	8.221761	-0.10995574287564276	-0.005235987755982988	0.11519173063162574	-0.2436	-0.03	-1.1374
2848.0	5.563251000000001	-0.516987	8.213913000000002	-0.11344640137963143	-0.012217304763960306	0.11519173063162574	-0.2435	-0.0295	-1.1441
2849.0	5.546574000000001	-0.5640750000000001	8.184483	-0.12740903539558607	-0.012217304763960306	0.1291543646475804	-0.2428	-0.0298	-1.1527
2850.0	5.5338210000000005	-0.602334	8.163882000000001	-0.12391837689159739	-0.019198621771937627	0.12217304763960307	-0.2425	-0.0294	-1.1603
2851.0	5.530878	-0.665118	8.139357	-0.12391837689159739	-0.024434609527920613	0.12042771838760874	-0.2424	-0.0289	-1.166
2852.0	5.523029999999999	-0.729864	8.124642000000001	-0.11868238913561441	-0.005235987755982988	0.11868238913561441	-0.2419	-0.0278	-1.167
2853.0	5.515182	-0.792648	8.11287	-0.09599310885968812	-0.006981317007977318	0.10821041362364843	-0.2419	-0.0259	-1.1638
2854.0	5.503410000000001	-0.848565	8.092269	-0.10471975511965978	0.010471975511965976	0.10821041362364843	-0.2417	-0.0246	-1.1557
2855.0	5.4926189999999995	-0.8995770000000001	8.070687	-0.07504915783575616	0.020943951023931952	0.09773843811168245	-0.2423	-0.0228	-1.1477
2856.0	5.459265	-0.958437	8.035371000000001	-0.0715584993317675	0.03316125578789226	0.08203047484373349	-0.2425	-0.0212	-1.1422
2857.0	5.429835000000001	-1.025145	8.029485000000001	-0.05061454830783556	0.008726646259971648	0.06981317007977318	-0.2431	-0.0194	-1.1378
2858.0	5.406291	-1.0791000000000002	8.008884	-0.026179938779914945	0.005235987755982988	0.061086523819801536	-0.2434	-0.0179	-1.136
2859.0	5.399424000000001	-1.10853	7.996131000000001	-0.003490658503988659	0.013962634015954637	0.026179938779914945	-0.2443	-0.0159	-1.1366
2860.0	5.3964810000000005	-1.120302	7.989264	-0.008726646259971648	0.015707963267948967	0.012217304763960306	-0.2451	-0.0148	-1.1385
2861.0	5.387652	-1.124226	7.9843589999999995	-0.003490658503988659	0.027925268031909273	0.015707963267948967	-0.2459	-0.0138	-1.1407
2862.0	5.379804	-1.123245	7.982397000000001	0.015707963267948967	0.020943951023931952	0.003490658503988659	-0.247	-0.0127	-1.1459
2863.0	5.376861000000001	-1.1281500000000002	7.980435000000001	0.008726646259971648	0.03316125578789226	0.003490658503988659	-0.2483	-0.0123	-1.152
2864.0	5.374899000000001	-1.130112	7.9843589999999995	0.017453292519943295	0.024434609527920613	0.0	-0.2495	-0.0123	-1.1618
2865.0	5.381766	-1.125207	7.988283000000001	0.015707963267948967	0.015707963267948967	-0.008726646259971648	-0.2494	-0.0121	-1.168
2866.0	5.407272000000001	-1.106568	8.008884	0.013962634015954637	0.03665191429188092	-0.005235987755982988	-0.2496	-0.0124	-1.1753
2867.0	5.437683000000001	-1.050651	8.010846	0.008726646259971648	0.022689280275926284	0.003490658503988659	-0.2504	-0.0123	-1.1781
2868.0	5.4573030000000005	-1.002582	8.030466	-0.003490658503988659	0.020943951023931952	0.005235987755982988	-0.2507	-0.0134	-1.1819
2869.0	5.466132000000001	-0.967266	8.046162	-0.010471975511965976	0.038397243543875255	0.024434609527920613	-0.2508	-0.0137	-1.1824
2870.0	5.467113	-0.9466650000000001	8.055972	-0.020943951023931952	0.026179938779914945	0.03490658503988659	-0.2511	-0.0136	-1.1828
2871.0	5.463189	-0.927045	8.072649	-0.019198621771937627	0.020943951023931952	0.03665191429188092	-0.2502	-0.0134	-1.1815
2872.0	5.461227	-0.911349	8.081478	-0.022689280275926284	0.015707963267948967	0.05061454830783556	-0.2499	-0.0138	-1.1821
2873.0	5.456322	-0.893691	8.086383000000001	-0.029670597283903602	0.006981317007977318	0.04537856055185257	-0.2492	-0.0137	-1.1819
2874.0	5.449455	-0.8829	8.086383000000001	-0.031415926535897934	-0.003490658503988659	0.05759586531581287	-0.2484	-0.0132	-1.1803
2875.0	5.442588	-0.877995	8.089326	-0.0471238898038469	0.0	0.06632251157578452	-0.248	-0.0127	-1.1814
2876.0	5.438664	-0.885843	8.089326	-0.03490658503988659	-0.013962634015954637	0.061086523819801536	-0.2476	-0.0124	-1.1799
2877.0	5.4317969999999995	-0.907425	8.084421	-0.04014257279586958	-0.022689280275926284	0.06283185307179587	-0.2476	-0.0125	-1.1812
2878.0	5.4268920000000005	-0.929988	8.07363	-0.026179938779914945	0.0	0.06632251157578452	-0.2477	-0.0115	-1.1799
2879.0	5.422968	-0.939798	8.069706	-0.026179938779914945	-0.029670597283903602	0.0645771823237902	-0.2477	-0.0112	-1.1797
2880.0	5.420025	-0.942741	8.074611	-0.038397243543875255	-0.024434609527920613	0.06981317007977318	-0.2479	-0.0106	-1.1757
2881.0	5.421006	-0.95157	8.069706	-0.038397243543875255	-0.027925268031909273	0.07853981633974483	-0.2484	-0.0103	-1.1792
2882.0	5.421987	-0.958437	8.068725	-0.020943951023931952	-0.041887902047863905	0.06632251157578452	-0.2482	-0.0098	-1.176
2883.0	5.425911000000001	-0.9692280000000001	8.070687	-0.029670597283903602	-0.04014257279586958	0.07853981633974483	-0.2486	-0.0096	-1.1772
2884.0	5.432778	-0.981981	8.064801000000001	-0.048869219055841226	-0.03316125578789226	0.07853981633974483	-0.2481	-0.009	-1.1787
2885.0	5.435721000000001	-0.9937530000000001	8.058915	-0.03490658503988659	-0.027925268031909273	0.08028514559173916	-0.2492	-0.0086	-1.1767
2886.0	5.434740000000001	-1.001601	8.055972	-0.03316125578789226	-0.03316125578789226	0.07330382858376185	-0.2494	-0.0081	-1.1747
2887.0	5.436702	-1.021221	8.05401	-0.04014257279586958	-0.017453292519943295	0.06981317007977318	-0.2493	-0.0076	-1.174
2888.0	5.437683000000001	-1.036917	8.049105	-0.019198621771937627	-0.03490658503988659	0.054105206811824215	-0.2493	-0.0073	-1.1722
2889.0	5.4317969999999995	-1.0575180000000002	8.037333	-0.017453292519943295	-0.027925268031909273	0.061086523819801536	-0.2497	-0.0064	-1.1701
2890.0	5.425911000000001	-1.0810620000000002	8.030466	-0.008726646259971648	-0.03490658503988659	0.048869219055841226	-0.2498	-0.0064	-1.1706
2891.0	5.417082000000001	-1.101663	8.038314	-0.017453292519943295	-0.041887902047863905	0.038397243543875255	-0.2502	-0.006	-1.1662
2892.0	5.422968	-1.1458080000000002	8.054991000000001	-0.006981317007977318	-0.06283185307179587	0.027925268031909273	-0.2505	-0.0055	-1.1662
2893.0	5.405310000000001	-1.192896	8.047143	0.020943951023931952	-0.06981317007977318	0.012217304763960306	-0.251	-0.0049	-1.1637
2894.0	5.404329	-1.214478	8.027523	0.0471238898038469	-0.07504915783575616	0.0	-0.252	-0.005	-1.1607
2895.0	5.420025	-1.207611	8.025561000000001	0.024434609527920613	-0.059341194567807204	-0.003490658503988659	-0.2524	-0.0052	-1.1621
2896.0	5.440626	-1.202706	8.018694	0.026179938779914945	-0.054105206811824215	-0.003490658503988659	-0.253	-0.0055	-1.1622
2897.0	5.451417	-1.185048	7.99515	0.020943951023931952	-0.022689280275926284	0.0	-0.2535	-0.0058	-1.1614
2898.0	5.468094000000001	-1.170333	7.978473000000001	0.041887902047863905	-0.03490658503988659	-0.006981317007977318	-0.254	-0.0059	-1.1612
2899.0	5.483790000000001	-1.166409	7.9843589999999995	0.026179938779914945	-0.010471975511965976	-0.003490658503988659	-0.2538	-0.006	-1.1608
2900.0	5.494581000000001	-1.1772	7.980435000000001	0.048869219055841226	-0.03316125578789226	-0.020943951023931952	-0.254	-0.006	-1.1604
2901.0	5.511258	-1.182105	7.957872000000001	0.05235987755982989	-0.015707963267948967	-0.03490658503988659	-0.2546	-0.0064	-1.1598
2902.0	5.512239	-1.161504	7.935309	0.0645771823237902	-0.022689280275926284	-0.04537856055185257	-0.2549	-0.0072	-1.1596
2903.0	5.526954000000001	-1.139922	7.938252	0.08203047484373349	-0.012217304763960306	-0.048869219055841226	-0.2553	-0.0081	-1.1597
2904.0	5.5338210000000005	-1.1418840000000001	7.963758	0.10821041362364843	-0.03490658503988659	-0.048869219055841226	-0.2556	-0.0085	-1.1588
2905.0	5.512239	-1.1634660000000001	7.974549	0.11693705988362008	-0.054105206811824215	-0.06632251157578452	-0.2557	-0.0088	-1.1583
2906.0	5.498505000000001	-1.179162	7.98534	0.1413716694115407	-0.059341194567807204	-0.08203047484373349	-0.2557	-0.0098	-1.1577
2907.0	5.498505000000001	-1.175238	8.021637	0.15009831567151233	-0.06806784082777885	-0.07504915783575616	-0.2561	-0.0105	-1.1574
2908.0	5.488695	-1.161504	8.0442	0.1291543646475804	-0.07504915783575616	-0.07853981633974483	-0.2561	-0.0117	-1.1567
2909.0	5.493600000000001	-1.143846	8.050086	0.14835298641951802	-0.1117010721276371	-0.08377580409572781	-0.2566	-0.0135	-1.1564
2910.0	5.506353000000001	-1.1075490000000001	8.062839	0.13264502315156904	-0.09948376736367678	-0.08203047484373349	-0.2562	-0.0154	-1.1553
2911.0	5.506353000000001	-1.071252	8.096193000000001	0.143116998663535	-0.13788101090755203	-0.07330382858376185	-0.256	-0.0167	-1.1515
2912.0	5.5132200000000005	-1.050651	8.127585	0.12217304763960307	-0.19373154697137057	-0.06981317007977318	-0.2562	-0.0181	-1.1452
2913.0	5.5259730000000005	-1.024164	8.155053	0.12042771838760874	-0.23911010752322315	-0.09250245035569947	-0.2568	-0.0199	-1.1366
2914.0	5.536764000000001	-0.996696	8.178597	0.09948376736367678	-0.2879793265790644	-0.12740903539558607	-0.2576	-0.0221	-1.1276
2915.0	5.522049	-0.9947340000000001	8.205084000000001	0.05235987755982989	-0.317649923862968	-0.16580627893946132	-0.2587	-0.0245	-1.1188
2916.0	5.488695	-0.996696	8.263944	0.04014257279586958	-0.34732052114687156	-0.20943951023931956	-0.2604	-0.0262	-1.1117
2917.0	5.435721000000001	-0.9849240000000001	8.339481	-0.08377580409572781	-0.40491638646268446	-0.3368485456349056	-0.2621	-0.0283	-1.1067
2918.0	5.410215	-0.918216	8.420904	-0.20245819323134223	-0.45029494701453704	-0.4241150082346221	-0.2639	-0.0301	-1.1033
2919.0	5.376861000000001	-0.886824	8.486631000000001	-0.38746309394274114	-0.4939281783143953	-0.5201081170943103	-0.2665	-0.0321	-1.1014
2920.0	5.344488	-0.8475840000000001	8.555301	-0.6003932626860493	-0.5218534463463045	-0.6754424205218056	-0.2695	-0.0331	-1.1005
2921.0	5.299362	-0.8554320000000001	8.604351000000001	-0.8604473212332044	-0.5096361415823443	-0.8726646259971648	-0.272	-0.035	-1.102
2922.0	5.221863	-0.9201779999999999	8.653401	-1.1484266478122689	-0.4904375198104066	-1.1466813185602747	-0.2745	-0.0364	-1.1053
2923.0	5.138478000000001	-1.009449	8.713242000000001	-1.3212142437597074	-0.4520402762665313	-1.2985249634837812	-0.277	-0.0367	-1.1107
2924.0	5.076675	-1.1046060000000002	8.777007000000001	-1.6947147036864938	-0.32986722862692824	-1.6598081186466074	-0.279	-0.0365	-1.1179
2925.0	5.117877000000001	-1.106568	8.817228	-2.197369528260861	-0.09948376736367678	-2.0053833105414847	-0.2802	-0.0359	-1.1237
2926.0	5.178699000000001	-1.124226	8.784855	-2.7523842303950574	0.15009831567151233	-2.343977185428385	-0.2806	-0.0345	-1.1277
2927.0	5.330754	-1.140903	8.689698	-3.1747539093776855	0.43982297150257105	-2.638937829015426	-0.2791	-0.0316	-1.1282
2928.0	5.448474	-1.135017	8.570997	-3.7000980142279785	0.7522369076095561	-2.9042278753185644	-0.2776	-0.0277	-1.1266
2929.0	5.61132	-1.029069	8.440524000000002	-3.9287361462392356	0.9093165402890457	-3.0944687637859465	-0.2737	-0.022	-1.1227
2930.0	6.0547320000000004	-1.143846	8.276697	-4.244640740850209	1.2304571226560024	-3.7908551353316837	-0.2687	-0.0154	-1.1205
2931.0	6.649218	-1.454823	8.205084000000001	-3.7419859162758424	1.843067690106012	-4.586725274241099	-0.2607	-0.0074	-1.122
2932.0	7.022979	-1.387134	8.045181000000001	-3.1590459461097367	2.3177972466484698	-5.08763476956347	-0.2505	0.0008	-1.1278
2933.0	7.2594	-1.090872	7.738128	-3.392920065876977	2.3055799418845093	-5.340707511102648	-0.2366	0.0085	-1.137
2934.0	7.504650000000001	-0.8995770000000001	7.355538000000001	-3.7681658550557575	2.171189589480946	-5.492551156026155	-0.22	0.016	-1.1497
2935.0	7.746957	-0.9280260000000001	7.000416	-3.7262779530078936	2.049016541841343	-5.588544264885843	-0.2011	0.0255	-1.1656
2936.0	7.958853	-0.9554940000000001	6.673743000000001	-3.6320301734002	1.9984019935335073	-5.581562947877866	-0.1801	0.0346	-1.1839
2937.0	7.993188	-0.9476460000000001	6.357861000000001	-3.4138640169009085	1.8151424220741028	-5.482079180514189	-0.1573	0.0436	-1.2042
2938.0	7.970625	-0.9859050000000001	6.053751	-3.3388148590651525	1.4643312424232426	-5.234242426730994	-0.1333	0.0528	-1.2273
2939.0	7.876449	-1.140903	5.783976	-3.1712632508736966	1.069886831472524	-4.9218284906240095	-0.1088	0.062	-1.2519
2940.0	7.494840000000001	-1.1222640000000002	5.579928	-2.7680921936630067	0.7487462491055673	-4.506440128649358	-0.0843	0.0709	-1.2769
2941.0	6.973929	-0.816192	5.354298	-2.319542575900464	0.4904375198104066	-3.9269908169872414	-0.0612	0.0799	-1.2959
2942.0	6.695325	-0.806382	5.284647	-2.0315632493213998	0.39269908169872414	-3.166027263117714	-0.039	0.0897	-1.311
2943.0	6.514821	-0.9888480000000001	5.394519000000001	-1.4189526818713898	0.30543261909900765	-2.754129559647052	-0.0192	0.0995	-1.3275
2944.0	6.262704	-1.03005	5.606415	-0.7644542123735163	0.1954768762233649	-1.9565140914856434	-0.0024	0.1095	-1.3392
2945.0	5.936031	-0.8711280000000001	5.814387	-0.28623399732707	0.12566370614359174	-1.2583823906879115	0.0119	0.1176	-1.3477
2946.0	5.629959	-0.6847380000000001	6.032169000000001	0.09075712110370514	0.07853981633974483	-0.7417649320975901	0.0237	0.1248	-1.3523
2947.0	5.405310000000001	-0.534645	6.270552	0.4066617157146788	0.020943951023931952	-0.4380776422505767	0.0323	0.1307	-1.3556
2948.0	5.257179000000001	-0.35414100000000004	6.540327	0.5218534463463045	-0.017453292519943295	-0.27576202181510406	0.0391	0.1345	-1.3563
2949.0	5.162022	-0.094176	6.842475	0.5550147021341968	-0.048869219055841226	-0.24434609527920614	0.044	0.1368	-1.3552
2950.0	5.123763	0.18344700000000003	7.157376	0.598647933434055	-0.05759586531581287	-0.24434609527920614	0.0475	0.1365	-1.3523
2951.0	5.12082	0.42869700000000005	7.430094	0.6719517620178169	-0.006981317007977318	-0.35255650890285456	0.0492	0.1347	-1.3514
2952.0	5.090409	0.7092630000000001	7.626294000000001	0.6510078109938848	0.024434609527920613	-0.5166174585903216	0.0496	0.1305	-1.3513
2953.0	5.092371	1.025145	7.772463	0.5183627878423158	-0.019198621771937627	-0.7016223593017206	0.0496	0.1253	-1.3453
2954.0	5.1473070000000005	1.310616	7.889202000000001	0.32986722862692824	-0.061086523819801536	-0.895353906273091	0.0488	0.1193	-1.3403
2955.0	5.202243	1.5028920000000001	7.9794540000000005	0.26005405854715513	-0.08028514559173916	-1.085594794740473	0.0483	0.1126	-1.3379
2956.0	5.198319000000001	1.668681	8.02458	0.1117010721276371	-0.15009831567151233	-1.171115928088195	0.0472	0.1051	-1.3312
2957.0	5.197338000000001	1.8060210000000003	8.043219	-0.1361356816555577	-0.27401669256310973	-1.2374384396639797	0.0468	0.0975	-1.3309
2958.0	5.202243	1.798173	8.025561000000001	-0.35779249665883756	-0.35779249665883756	-1.1955505376161157	0.0459	0.0905	-1.3292
2959.0	5.079618000000001	1.8246600000000002	7.999074	-1.02799892942466	-0.4310963252425994	-1.075122819228507	0.0454	0.0834	-1.3309
2960.0	4.956012	2.519208	8.350272	-3.1642819338657198	0.05235987755982989	-0.08203047484373349	0.0445	0.0787	-1.3304
2961.0	4.3870320000000005	0.016677	9.24102	-1.345648853287628	0.7365289443416071	-0.5934119456780721	0.0448	0.0792	-1.331
2962.0	3.4570440000000002	-1.705959	9.883575	-0.757472895365539	0.6562437987498679	-0.23387411976724015	0.0452	0.0806	-1.3283
2963.0	3.48255	-3.5188470000000005	9.751140000000001	0.26703537555513246	-0.059341194567807204	0.008726646259971648	0.0454	0.0826	-1.3276
2964.0	3.7268190000000003	-2.95281	9.845316	0.07853981633974483	0.05585053606381855	-0.020943951023931952	0.0464	0.0847	-1.3267
2965.0	3.6169470000000006	-2.8635390000000003	9.98658	-0.10471975511965978	-0.11693705988362008	0.0942477796076938	0.0463	0.0885	-1.3235
2966.0	3.6630540000000003	-3.535524	9.981675000000001	0.08028514559173916	-0.10995574287564276	-0.017453292519943295	0.0472	0.093	-1.3266
2967.0	3.7307430000000004	-3.934791	10.050345	0.22689280275926285	-0.10995574287564276	-0.12217304763960307	0.0471	0.0978	-1.3236
2968.0	3.7915650000000003	-4.152573	10.149426	0.2722713633111154	-0.07853981633974483	-0.17976891295541594	0.0476	0.1019	-1.3227
2969.0	3.971088	-4.450797000000001	10.198476000000001	0.2932153143350474	-0.061086523819801536	-0.2007128639793479	0.0479	0.1065	-1.3193
2970.0	4.119219	-5.2895520000000005	9.828639	0.27052603405912107	0.0	-0.19024088846738194	0.0486	0.1093	-1.3179
2971.0	4.696047	-2.9155320000000002	8.881974	0.23561944901923448	0.012217304763960306	-0.16929693744344995	0.0485	0.1069	-1.3161
2972.0	5.667237	-1.419507	8.186445	0.20420352248333654	0.05759586531581287	-0.15009831567151233	0.0482	0.1047	-1.3163
2973.0	5.6937240000000005	0.167751	8.283564	0.14486232791552936	0.07679448708775051	-0.11519173063162574	0.0475	0.1026	-1.3159
2974.0	5.473980000000001	-0.601353	8.153091	0.10122909661567112	0.0942477796076938	-0.08203047484373349	0.0471	0.1003	-1.3152
2975.0	5.618187	-0.885843	7.986321000000001	0.0890117918517108	0.1117010721276371	-0.07330382858376185	0.0473	0.0975	-1.3154
2976.0	5.657427	-0.39926700000000004	8.02458	0.08377580409572781	0.10821041362364843	-0.07504915783575616	0.0472	0.095	-1.316
2977.0	5.688819	-0.175599	8.032428	0.041887902047863905	0.12740903539558607	-0.04014257279586958	0.0476	0.0923	-1.3163
2978.0	5.707458	-0.064746	8.027523	0.026179938779914945	0.10821041362364843	-0.020943951023931952	0.0483	0.0902	-1.3168
2979.0	5.700591	0.046107	8.047143	0.008726646259971648	0.10297442586766545	-0.006981317007977318	0.0486	0.0885	-1.3172
2980.0	5.675085	0.047088	8.055972	0.008726646259971648	0.10297442586766545	-0.006981317007977318	0.0491	0.0874	-1.3179
2981.0	5.634864	0.003924	8.076573000000002	0.003490658503988659	0.0890117918517108	0.0	0.0503	0.0865	-1.3177
2982.0	5.595624000000001	0.0049050000000000005	8.100117000000001	-0.0017453292519943296	0.09075712110370514	0.0	0.0513	0.0859	-1.3179
2983.0	5.55246	-0.045126	8.108946	0.008726646259971648	0.08377580409572781	-0.006981317007977318	0.0527	0.0853	-1.3181
2984.0	5.516163000000001	-0.126549	8.123661	0.005235987755982988	0.10122909661567112	-0.019198621771937627	0.0546	0.0854	-1.3184
2985.0	5.478885	-0.199143	8.1423	0.022689280275926284	0.10471975511965978	-0.038397243543875255	0.0562	0.085	-1.3189
2986.0	5.451417	-0.251136	8.154072000000001	0.059341194567807204	0.1117010721276371	-0.04537856055185257	0.0575	0.0846	-1.3178
2987.0	5.421006	-0.306072	8.15211	0.05585053606381855	0.1361356816555577	-0.0715584993317675	0.0585	0.0844	-1.3157
2988.0	5.395500000000001	-0.34335000000000004	8.157015000000001	0.07504915783575616	0.12566370614359174	-0.06981317007977318	0.0598	0.0842	-1.311
2989.0	5.374899000000001	-0.35904600000000003	8.147205000000001	0.08552113334772216	0.13788101090755203	-0.07504915783575616	0.0611	0.0833	-1.3054
2990.0	5.352336	-0.37866600000000006	8.154072000000001	0.1064650843716541	0.15184364492350666	-0.08203047484373349	0.0628	0.0827	-1.2979
2991.0	5.335659000000001	-0.36983699999999997	8.157996	0.09250245035569947	0.1466076571675237	-0.07853981633974483	0.0635	0.0821	-1.2918
2992.0	5.319963	-0.351198	8.167806	0.10297442586766545	0.1361356816555577	-0.08203047484373349	0.0646	0.0813	-1.287
2993.0	5.306229000000001	-0.332559	8.180559	0.09250245035569947	0.13264502315156904	-0.07504915783575616	0.0651	0.0805	-1.2846
2994.0	5.299362	-0.300186	8.189388000000001	0.09075712110370514	0.12740903539558607	-0.08028514559173916	0.0655	0.079	-1.2846
2995.0	5.298381000000001	-0.232497	8.195274000000001	0.08726646259971647	0.1291543646475804	-0.07504915783575616	0.0665	0.0779	-1.2852
2996.0	5.301324	-0.17167500000000002	8.20116	0.07679448708775051	0.1117010721276371	-0.06283185307179587	0.0679	0.0765	-1.2872
2997.0	5.309172	-0.11772	8.208027000000001	0.05061454830783556	0.10122909661567112	-0.048869219055841226	0.0689	0.0755	-1.2912
2998.0	5.310153000000001	-0.050031000000000006	8.212932	0.020943951023931952	0.0942477796076938	-0.024434609527920613	0.0701	0.0745	-1.2973
2999.0	5.313096	0.038259	8.222742	-0.020943951023931952	0.0890117918517108	0.012217304763960306	0.0713	0.0739	-1.3042
3000.0	5.31702	0.10398600000000001	8.216856	-0.09948376736367678	0.10471975511965978	0.04537856055185257	0.0721	0.0732	-1.3129
3001.0	5.316039000000001	0.13145400000000002	8.221761	-0.12217304763960307	0.0942477796076938	0.06981317007977318	0.0738	0.0724	-1.3217
3002.0	5.310153000000001	0.13145400000000002	8.236476	-0.13264502315156904	0.0715584993317675	0.0715584993317675	0.0756	0.0715	-1.3262
3003.0	5.30721	0.14616900000000002	8.2404	-0.13264502315156904	0.054105206811824215	0.09599310885968812	0.0781	0.0718	-1.3268
3004.0	5.298381000000001	0.150093	8.266887	-0.15533430342749532	0.027925268031909273	0.09075712110370514	0.0793	0.0723	-1.3233
3005.0	5.292495	0.10791	8.292393	-0.13962634015954636	-0.006981317007977318	0.0942477796076938	0.0799	0.0731	-1.3161
3006.0	5.281704	0.039240000000000004	8.300241	-0.12217304763960307	-0.015707963267948967	0.08726646259971647	0.0799	0.0741	-1.3089
3007.0	5.274837	-0.022563	8.310051	-0.08203047484373349	-0.026179938779914945	0.06981317007977318	0.0809	0.075	-1.3026
3008.0	5.2718940000000005	-0.10791	8.313975000000001	-0.07679448708775051	-0.015707963267948967	0.0645771823237902	0.0809	0.0761	-1.2989
3009.0	5.265027	-0.208953	8.323785	-0.0471238898038469	-0.031415926535897934	0.048869219055841226	0.0801	0.0769	-1.2975
3010.0	5.255217	-0.25702200000000003	8.332614000000001	-0.059341194567807204	-0.029670597283903602	0.05061454830783556	0.0806	0.0784	-1.2978
3011.0	5.25816	-0.267813	8.327709	-0.059341194567807204	-0.03316125578789226	0.05759586531581287	0.0799	0.0796	-1.2975
3012.0	5.255217	-0.265851	8.307108000000001	-0.0890117918517108	-0.027925268031909273	0.059341194567807204	0.0784	0.0808	-1.301
3013.0	5.254236	-0.28449	8.29926	-0.07504915783575616	-0.027925268031909273	0.06806784082777885	0.0758	0.0818	-1.3053
3014.0	5.254236	-0.315882	8.264925	-0.07679448708775051	-0.024434609527920613	0.061086523819801536	0.0745	0.0828	-1.3114
3015.0	5.2463880000000005	-0.33844500000000005	8.235495	-0.054105206811824215	-0.024434609527920613	0.05759586531581287	0.0733	0.0835	-1.3188
3016.0	5.241483000000001	-0.334521	8.219799	-0.022689280275926284	0.005235987755982988	0.03490658503988659	0.0722	0.0846	-1.3271
3017.0	5.237559000000001	-0.334521	8.20116	0.0017453292519943296	0.024434609527920613	0.019198621771937627	0.0711	0.085	-1.337
3018.0	5.2257869999999995	-0.320787	8.184483	0.003490658503988659	0.020943951023931952	0.015707963267948967	0.0703	0.0855	-1.3417
3019.0	5.218920000000001	-0.32667300000000005	8.192331	-0.010471975511965976	0.03316125578789226	0.010471975511965976	0.0706	0.0861	-1.3463
3020.0	5.2287300000000005	-0.380628	8.262963000000001	0.026179938779914945	-0.026179938779914945	0.0017453292519943296	0.0701	0.086	-1.3483
3021.0	5.214015	-0.47284200000000004	8.223723000000001	0.04014257279586958	-0.013962634015954637	-0.012217304763960306	0.0704	0.0866	-1.3484
3022.0	5.2032240000000005	-0.48951900000000004	8.236476	0.09250245035569947	-0.005235987755982988	-0.022689280275926284	0.0707	0.0872	-1.3498
3023.0	5.217939	-0.47284200000000004	8.271792	0.06283185307179587	-0.027925268031909273	-0.015707963267948967	0.0718	0.0871	-1.3509
3024.0	5.2208820000000005	-0.493443	8.300241	0.06632251157578452	-0.05585053606381855	-0.029670597283903602	0.0721	0.0874	-1.3505
3025.0	5.214996	-0.46008899999999997	8.29926	0.08377580409572781	-0.07853981633974483	-0.022689280275926284	0.0731	0.0872	-1.3508
3026.0	5.227749000000001	-0.39926700000000004	8.303184000000002	0.059341194567807204	-0.07853981633974483	-0.015707963267948967	0.0729	0.0866	-1.3503
3027.0	5.245407	-0.336483	8.317899	0.03316125578789226	-0.08028514559173916	-0.006981317007977318	0.0725	0.0865	-1.3463
3028.0	5.2591410000000005	-0.308034	8.333595	0.013962634015954637	-0.08377580409572781	0.005235987755982988	0.0719	0.0855	-1.3457
3029.0	5.280723	-0.271737	8.312994000000002	-0.015707963267948967	-0.07853981633974483	0.022689280275926284	0.071	0.0849	-1.3434
3030.0	5.301324	-0.214839	8.224704000000001	-0.026179938779914945	-0.08377580409572781	0.03316125578789226	0.0692	0.0844	-1.3407
3031.0	5.338602000000001	-0.12360600000000001	8.233533000000001	-0.03490658503988659	-0.048869219055841226	0.038397243543875255	0.0677	0.0842	-1.3375
3032.0	5.380785	-0.12753	8.200179	-0.013962634015954637	-0.024434609527920613	0.029670597283903602	0.0669	0.0836	-1.3383
3033.0	5.38569	-0.149112	8.15211	0.010471975511965976	-0.013962634015954637	0.015707963267948967	0.0658	0.083	-1.3395
3034.0	5.402367	-0.120663	8.118756000000001	0.015707963267948967	-0.022689280275926284	0.008726646259971648	0.0651	0.0822	-1.3431
3035.0	5.429835000000001	-0.12360600000000001	8.114832000000002	0.013962634015954637	0.0	0.017453292519943295	0.0644	0.0817	-1.3462
3036.0	5.420025	-0.167751	8.127585	0.029670597283903602	-0.003490658503988659	0.0	0.0644	0.0809	-1.3457
3037.0	5.4013860000000005	-0.22857300000000003	8.127585	0.04363323129985824	-0.029670597283903602	0.0	0.0641	0.0806	-1.3448
3038.0	5.405310000000001	-0.249174	8.125623000000001	0.06981317007977318	-0.026179938779914945	-0.006981317007977318	0.0642	0.0805	-1.3437
3039.0	5.4013860000000005	-0.25211700000000004	8.136414	0.05061454830783556	-0.029670597283903602	-0.006981317007977318	0.0644	0.0801	-1.3414
3040.0	5.369994	-0.26879400000000003	8.157015000000001	0.04014257279586958	-0.06632251157578452	-0.010471975511965976	0.0648	0.0797	-1.3409
3041.0	5.343507	-0.315882	8.225685	0.05585053606381855	-0.09250245035569947	-0.015707963267948967	0.0644	0.0786	-1.3415
3042.0	5.311134	-0.35512200000000005	8.31888	0.10297442586766545	-0.16755160819145562	-0.026179938779914945	0.0641	0.0785	-1.336
3043.0	5.284647	-0.41103900000000004	8.415999000000001	0.15009831567151233	-0.29670597283903605	-0.09075712110370514	0.0633	0.0775	-1.331
3044.0	5.273856	-0.453222	8.494479	0.17453292519943295	-0.4014257279586958	-0.158824961931484	0.062	0.0772	-1.3253
3045.0	5.272875	-0.44046900000000005	8.551377	0.054105206811824215	-0.4939281783143953	-0.23911010752322315	0.0595	0.0764	-1.3201
3046.0	5.291514	-0.34236900000000003	8.558244	-0.38048177693476387	-0.5393067388662478	-0.45029494701453704	0.0574	0.0757	-1.3181
3047.0	5.329773	-0.301167	8.541567	-0.582939970166106	-0.5148721293383273	-0.5916666164260777	0.0544	0.0754	-1.3171
3048.0	5.334677999999999	-0.332559	8.537643	-0.7766715171374766	-0.5078908123303499	-0.8255407361933178	0.0512	0.0756	-1.3152
3049.0	5.373918	-0.340407	8.512137000000001	-1.0245082709206714	-0.47647488579445196	-1.048942880448592	0.0474	0.0765	-1.3147
3050.0	5.438664	-0.42869700000000005	8.449353	-1.254891732183923	-0.41538836197465046	-1.3002702927357754	0.0434	0.0786	-1.3137
3051.0	5.506353000000001	-0.483633	8.349291000000001	-1.481784534943186	-0.33510321638291124	-1.5934856070708228	0.0396	0.0817	-1.3128
3052.0	5.587776	-0.516987	8.209989	-1.7889624832941877	-0.22514747350726852	-1.9163715186897738	0.0357	0.0858	-1.3119
3053.0	5.662332000000001	-0.5729040000000001	8.049105	-2.012364627549462	-0.12042771838760874	-2.2689280275926285	0.0329	0.0916	-1.3113
3054.0	5.716287	-0.613125	7.917651000000001	-2.155481626212997	-0.06283185307179587	-2.4399702942880728	0.0301	0.0978	-1.3104
3055.0	5.786919	-0.687681	7.828380000000001	-2.4277529895241123	0.03316125578789226	-2.832669375986797	0.028	0.1066	-1.3102
3056.0	5.896791	-0.7995150000000001	7.782273000000001	-2.717477645355171	0.10297442586766545	-3.2777283352453512	0.0265	0.1167	-1.3107
3057.0	6.083181	-0.851508	7.774425	-2.78554548618295	0.2007128639793479	-3.864158963915446	0.0263	0.1279	-1.311
3058.0	6.509916	-0.7406550000000001	7.901955	-2.8466320100027516	0.630063859969953	-4.274311338134114	0.0271	0.1403	-1.3114
3059.0	6.848361000000001	-0.555246	7.946100000000001	-3.07177948351002	1.1885692206081384	-4.4418629463255686	0.0291	0.1535	-1.3122
3060.0	6.954309	-0.48951900000000004	7.885278	-3.073524812762014	1.2636183784438948	-4.551818689201212	0.0328	0.1672	-1.3134
3061.0	7.085763000000001	-0.344331	7.784235	-3.05956217874606	1.171115928088195	-4.754276882432554	0.0384	0.1817	-1.314
3062.0	7.211331	-0.206991	7.650819000000001	-3.2271137869375153	1.111774733520388	-4.801400772236401	0.0447	0.1967	-1.3125
3063.0	7.228008000000001	-0.120663	7.457562	-3.3091442617812485	1.101302758008422	-4.708898321880701	0.0516	0.2126	-1.3087
3064.0	7.048485	-0.08829	7.166205000000001	-3.1381019950858047	0.8831366015091308	-4.53087473817728	0.0584	0.2293	-1.3033
3065.0	6.84738	-0.046107	6.850323	-2.8867745827986213	0.41364303272265607	-4.218460802070294	0.0653	0.246	-1.2968
3066.0	6.683553000000001	-0.10006200000000001	6.581529000000001	-2.6075219024795286	0.08203047484373349	-3.7192966359999162	0.0722	0.2633	-1.2912
3067.0	6.5020679999999995	-0.180504	6.400044	-2.424262331020124	-0.003490658503988659	-3.420845333908886	0.0778	0.2802	-1.2872
3068.0	6.140079	-0.344331	6.142041	-1.9617500792416265	-0.11868238913561441	-2.722713633111154	0.0824	0.2968	-1.2848
3069.0	5.791824000000001	-0.601353	6.012549	-1.5428710587629875	-0.10821041362364843	-1.9774580425095754	0.0858	0.3132	-1.2841
3070.0	5.620149	-0.59841	6.030207000000001	-1.0838494654884787	-0.11693705988362008	-1.2758356832078548	0.0877	0.3286	-1.2826
3071.0	5.391576	-0.622935	6.109668	-0.7120943348136864	-0.10297442586766545	-0.6754424205218056	0.0871	0.3434	-1.2828
3072.0	5.176737	-0.591543	6.259761	-0.3787364476827695	-0.11693705988362008	-0.27052603405912107	0.0855	0.3562	-1.2844
3073.0	5.1012	-0.426735	6.511877999999999	-0.26005405854715513	-0.09075712110370514	0.0	0.0828	0.3676	-1.2876
3074.0	5.213034	-0.19521900000000003	6.871905000000001	-0.07853981633974483	-0.03490658503988659	0.08377580409572781	0.0811	0.3769	-1.2929
3075.0	5.309172	0.045126	7.24959	0.0471238898038469	-0.024434609527920613	0.1466076571675237	0.0794	0.385	-1.2988
3076.0	5.3248679999999995	0.37081800000000004	7.570377000000001	0.1361356816555577	-0.017453292519943295	0.14835298641951802	0.0775	0.3905	-1.3017
3077.0	5.281704	0.746541	7.803855	0.16929693744344995	0.03316125578789226	0.10821041362364843	0.0764	0.3948	-1.3012
3078.0	5.219901	1.101663	7.973568	0.2181661564992912	0.06806784082777885	0.015707963267948967	0.0755	0.3976	-1.297
3079.0	5.1953759999999996	1.419507	8.115813000000001	0.24085543677521748	0.1117010721276371	-0.13439035240356337	0.0748	0.399	-1.2888
3080.0	5.247369000000001	1.6804530000000002	8.244324	0.2565634000431664	0.13264502315156904	-0.22863813201125716	0.0747	0.3995	-1.28
3081.0	5.361165	1.8913680000000002	8.360082	0.2775073510670984	0.18675022996339324	-0.4590215932745087	0.0755	0.3985	-1.2726
3082.0	5.442588	2.037537	8.425809000000001	0.2059488517353309	0.2530727415391778	-0.7208209810736581	0.0763	0.397	-1.2674
3083.0	5.486733	2.119941	8.435619	0.15707963267948966	0.2303834612632515	-0.9983283321407566	0.0779	0.3941	-1.265
3084.0	5.545593	2.159181	8.393436000000001	0.09599310885968812	0.2007128639793479	-1.270599695451872	0.0781	0.3908	-1.2641
3085.0	5.608377	2.139561	8.319861	0.017453292519943295	0.16406094968746698	-1.5009831567151235	0.0784	0.3865	-1.2645
3086.0	5.639769	2.057157	8.23059	-0.013962634015954637	0.11519173063162574	-1.6458454846306527	0.0782	0.3818	-1.2669
3087.0	5.638788	1.9276650000000002	8.141319	-0.0715584993317675	-0.03665191429188092	-1.6999506914424771	0.0781	0.377	-1.2706
3088.0	5.655465	1.75599	8.069706	-0.11693705988362008	-0.22514747350726852	-1.75754655675829	0.0781	0.3714	-1.2778
3089.0	5.721192000000001	1.531341	8.007903	-0.143116998663535	-0.3455751918948773	-1.7627825445142729	0.0771	0.3658	-1.2858
3090.0	5.770242	1.289034	7.954929	-0.12391837689159739	-0.43982297150257105	-1.726130630222392	0.0757	0.3598	-1.2937
3091.0	5.776128	1.0428030000000001	7.897050000000001	-0.17278759594743864	-0.4834562028024293	-1.6301375213627038	0.0736	0.3543	-1.3013
3092.0	5.795748000000001	0.777933	7.845057	-0.17976891295541594	-0.5480333851262195	-1.5219271077390555	0.0713	0.3484	-1.3055
3093.0	5.835969	0.47774700000000003	7.802874	-0.16580627893946132	-0.5777039824101231	-1.4625859131712482	0.0678	0.3432	-1.3098
3094.0	5.838912	0.169713	7.759710000000001	-0.0942477796076938	-0.6021385919380436	-1.3596114873035827	0.064	0.338	-1.3112
3095.0	5.717268	-0.094176	7.662591000000001	-0.09075712110370514	-0.7155849933176751	-1.2304571226560024	0.0598	0.3327	-1.3094
3096.0	5.485752000000001	-0.31392000000000003	7.4634480000000005	-0.20420352248333654	-0.9704030641088472	-1.0786134777324956	0.0549	0.3284	-1.3068
3097.0	5.4445500000000004	0.2943	7.469334	-1.408480706359424	-0.9354964790689606	-0.23736477827122882	0.0492	0.3239	-1.3043
3098.0	4.951107	-0.454203	7.700850000000001	-2.6860617188192735	-0.3455751918948773	0.5497787143782138	0.0425	0.3229	-1.2985
3099.0	4.00248	-1.7814960000000002	8.319861	-2.0367992370773824	0.24609142453120045	1.0035643198967394	0.0369	0.3252	-1.2925
3100.0	3.4197660000000005	-3.4894170000000004	8.907480000000001	-1.2758356832078548	0.5567600313861911	1.0210176124166828	0.0328	0.3303	-1.2878
3101.0	3.8003940000000003	-4.045644	8.890803	0.4625122517784973	0.9634217471008699	0.6579891280018623	0.0295	0.336	-1.2813
3102.0	4.08096	-3.6571680000000004	8.575902000000001	0.09250245035569947	1.0559241974565694	0.32114058236695664	0.0281	0.3417	-1.2775
3103.0	4.199661	-3.4560630000000003	8.642610000000001	-0.3892084231947355	0.8936085770210968	0.1884955592153876	0.0281	0.3485	-1.2711
3104.0	4.00248	-3.4599870000000004	9.063459000000002	-0.24783675378319478	0.6614797865058508	0.16929693744344995	0.0291	0.3558	-1.2647
3105.0	4.073112	-3.4541010000000005	9.411714	-0.1308996938995747	0.4520402762665313	0.09773843811168245	0.0315	0.364	-1.2598
3106.0	4.318362	-3.5884980000000004	9.814905	-0.031415926535897934	0.34732052114687156	0.05585053606381855	0.036	0.3722	-1.2602
3107.0	4.317381	-4.289913	10.001295	0.05235987755982989	0.1291543646475804	-0.006981317007977318	0.0411	0.3808	-1.2566
3108.0	4.752945	-3.571821	9.884556000000002	0.05235987755982989	0.03490658503988659	0.0017453292519943296	0.0477	0.3871	-1.2531
3109.0	5.6329020000000005	-2.238642	9.317538	0.03490658503988659	-0.022689280275926284	0.0	0.0546	0.3902	-1.2566
3110.0	6.14106	-0.511101	8.751501000000001	0.048869219055841226	-0.07504915783575616	0.003490658503988659	0.0598	0.3909	-1.2559
3111.0	5.691762000000001	0.060822	8.793684	0.038397243543875255	-0.0715584993317675	-0.019198621771937627	0.0646	0.3911	-1.2586
3112.0	5.343507	-0.24034500000000003	9.137034	0.03316125578789226	-0.08726646259971647	-0.015707963267948967	0.0679	0.392	-1.2589
3113.0	5.161041	-0.26977500000000004	9.105642000000001	0.005235987755982988	-0.08726646259971647	0.0	0.0699	0.3919	-1.2585
3114.0	5.338602000000001	-0.11968200000000001	8.731881000000001	-0.015707963267948967	-0.054105206811824215	0.03316125578789226	0.0718	0.3921	-1.2597
3115.0	5.384709000000001	-0.013734000000000001	8.487612	-0.015707963267948967	-0.020943951023931952	0.03316125578789226	0.0727	0.392	-1.2607
3116.0	5.3935379999999995	0.273699	8.28945	-0.06632251157578452	0.038397243543875255	0.061086523819801536	0.0728	0.3921	-1.2579
3117.0	5.472018	0.35021700000000006	8.104041	-0.12391837689159739	0.06981317007977318	0.11693705988362008	0.0723	0.392	-1.2588
3118.0	5.532839999999999	0.34236900000000003	7.980435000000001	-0.16057029118347832	0.12740903539558607	0.12391837689159739	0.0724	0.3927	-1.2623
3119.0	5.548536	0.318825	7.932366	-0.158824961931484	0.143116998663535	0.12566370614359174	0.0715	0.3934	-1.2596
3120.0	5.55246	0.302148	7.9235370000000005	-0.14835298641951802	0.15358897417550102	0.11693705988362008	0.0717	0.3945	-1.2606
3121.0	5.555403	0.288414	7.913727	-0.13264502315156904	0.14486232791552936	0.11519173063162574	0.0721	0.3953	-1.2585
3122.0	5.537745	0.221706	7.934328	-0.09948376736367678	0.1308996938995747	0.11519173063162574	0.0726	0.397	-1.258
3123.0	5.5259730000000005	0.145188	7.9490430000000005	-0.09250245035569947	0.1291543646475804	0.10995574287564276	0.0739	0.3982	-1.2585
3124.0	5.505372	0.0981	7.988283000000001	-0.0890117918517108	0.08726646259971647	0.0942477796076938	0.0744	0.4	-1.2586
3125.0	5.482809	0.051012	8.045181000000001	-0.0942477796076938	0.0942477796076938	0.08377580409572781	0.0754	0.4016	-1.2594
3126.0	5.460246	-0.036297	8.11287	-0.08377580409572781	0.0715584993317675	0.0890117918517108	0.0764	0.4032	-1.2592
3127.0	5.436702	-0.144207	8.170749	-0.08726646259971647	0.05235987755982989	0.08552113334772216	0.0776	0.4043	-1.2599
3128.0	5.412177	-0.192276	8.22078	-0.10471975511965978	0.041887902047863905	0.07853981633974483	0.0783	0.4048	-1.2599
3129.0	5.392557	-0.203067	8.248248	-0.08726646259971647	0.031415926535897934	0.07853981633974483	0.0794	0.4059	-1.2602
3130.0	5.378823000000001	-0.210915	8.248248	-0.09948376736367678	0.03665191429188092	0.08726646259971647	0.0803	0.4072	-1.2604
3131.0	5.365089000000001	-0.22268700000000002	8.254134	-0.08203047484373349	0.031415926535897934	0.07853981633974483	0.0807	0.4085	-1.2608
3132.0	5.369013000000001	-0.226611	8.233533000000001	-0.08726646259971647	0.04014257279586958	0.06981317007977318	0.0823	0.4093	-1.2611
3133.0	5.3631269999999995	-0.23642100000000002	8.223723000000001	-0.05759586531581287	0.04014257279586958	0.054105206811824215	0.0832	0.4108	-1.261
3134.0	5.357241	-0.241326	8.204103000000002	-0.059341194567807204	0.05585053606381855	0.0645771823237902	0.0843	0.4118	-1.2605
3135.0	5.347431	-0.237402	8.192331	-0.0715584993317675	0.06981317007977318	0.06283185307179587	0.0843	0.4131	-1.2581
3136.0	5.341545	-0.25506	8.179578000000001	-0.05061454830783556	0.05585053606381855	0.05585053606381855	0.0853	0.4143	-1.2539
3137.0	5.336640000000001	-0.26879400000000003	8.17173	-0.05061454830783556	0.061086523819801536	0.05235987755982989	0.0862	0.4157	-1.2474
3138.0	5.332716	-0.28056600000000004	8.159958	-0.029670597283903602	0.07330382858376185	0.04014257279586958	0.0871	0.417	-1.2399
3139.0	5.330754	-0.28645200000000004	8.15211	-0.038397243543875255	0.07330382858376185	0.0471238898038469	0.0876	0.4178	-1.2322
3140.0	5.328792000000001	-0.281547	8.157015000000001	-0.024434609527920613	0.06283185307179587	0.04014257279586958	0.088	0.4182	-1.2265
3141.0	5.3248679999999995	-0.26977500000000004	8.162901	-0.017453292519943295	0.059341194567807204	0.024434609527920613	0.0889	0.4193	-1.2232
3142.0	5.316039000000001	-0.25506	8.169768	-0.031415926535897934	0.06283185307179587	0.03665191429188092	0.0888	0.42	-1.2227
3143.0	5.30721	-0.259965	8.182521	-0.012217304763960306	0.04537856055185257	0.019198621771937627	0.0887	0.421	-1.224
3144.0	5.303286	-0.26290800000000003	8.198217	-0.029670597283903602	0.05759586531581287	0.015707963267948967	0.0893	0.4214	-1.2257
3145.0	5.300343000000001	-0.261927	8.204103000000002	-0.024434609527920613	0.048869219055841226	0.012217304763960306	0.0902	0.4217	-1.2286
3146.0	5.301324	-0.25702200000000003	8.206065	-0.003490658503988659	0.041887902047863905	0.017453292519943295	0.0906	0.4223	-1.2343
3147.0	5.3023050000000005	-0.254079	8.20116	-0.012217304763960306	0.061086523819801536	0.024434609527920613	0.0913	0.423	-1.2419
3148.0	5.304267	-0.249174	8.204103000000002	0.0017453292519943296	0.041887902047863905	0.006981317007977318	0.0916	0.4237	-1.251
3149.0	5.30721	-0.24623100000000003	8.206065	-0.017453292519943295	0.04014257279586958	0.019198621771937627	0.0925	0.4241	-1.2587
3150.0	5.310153000000001	-0.25211700000000004	8.205084000000001	0.0017453292519943296	0.03316125578789226	0.0017453292519943296	0.0934	0.4247	-1.2623
3151.0	5.310153000000001	-0.26290800000000003	8.20116	-0.0	0.04537856055185257	0.017453292519943295	0.094	0.4248	-1.2619
3152.0	5.319963	-0.265851	8.20116	0.0017453292519943296	0.04363323129985824	0.006981317007977318	0.0946	0.4251	-1.2568
3153.0	5.325849000000001	-0.26290800000000003	8.193312	0.006981317007977318	0.027925268031909273	-0.0017453292519943296	0.095	0.4245	-1.249
3154.0	5.3278110000000005	-0.258984	8.192331	0.008726646259971648	0.027925268031909273	0.0	0.0952	0.4245	-1.2418
3155.0	5.331735	-0.25702200000000003	8.193312	0.017453292519943295	0.015707963267948967	0.0	0.0953	0.4243	-1.238
3156.0	5.3278110000000005	-0.243288	8.20116	0.0017453292519943296	0.026179938779914945	0.008726646259971648	0.0951	0.4239	-1.235
3157.0	5.321925	-0.237402	8.216856	0.005235987755982988	0.010471975511965976	0.019198621771937627	0.0948	0.4237	-1.2342
3158.0	5.311134	-0.231516	8.221761	-0.010471975511965976	0.003490658503988659	0.013962634015954637	0.0945	0.4228	-1.2346
3159.0	5.304267	-0.221706	8.231571	0.005235987755982988	0.010471975511965976	0.012217304763960306	0.0941	0.4226	-1.2366
3160.0	5.298381000000001	-0.209934	8.235495	-0.008726646259971648	0.008726646259971648	0.017453292519943295	0.0931	0.4221	-1.2411
3161.0	5.2944569999999995	-0.198162	8.241381	-0.008726646259971648	0.0	0.019198621771937627	0.093	0.4221	-1.2467
3162.0	5.2895520000000005	-0.19129500000000002	8.244324	-0.017453292519943295	-0.0017453292519943296	0.03490658503988659	0.0923	0.4217	-1.2527
3163.0	5.287590000000001	-0.192276	8.248248	-0.017453292519943295	0.0	0.03316125578789226	0.092	0.4215	-1.2601
3164.0	5.2895520000000005	-0.19129500000000002	8.249229	-0.022689280275926284	-0.020943951023931952	0.03490658503988659	0.0915	0.4214	-1.2663
3165.0	5.287590000000001	-0.18540900000000002	8.244324	-0.031415926535897934	-0.003490658503988659	0.041887902047863905	0.0911	0.4216	-1.2684
3166.0	5.288571	-0.19325699999999998	8.238438	-0.031415926535897934	-0.003490658503988659	0.03665191429188092	0.091	0.4218	-1.2691
3167.0	5.292495	-0.199143	8.226666	-0.03490658503988659	0.0	0.048869219055841226	0.0908	0.4221	-1.268
3168.0	5.296419000000001	-0.212877	8.212932	-0.026179938779914945	-0.003490658503988659	0.03316125578789226	0.0909	0.4225	-1.2669
3169.0	5.2974000000000006	-0.23053500000000002	8.199198	-0.019198621771937627	0.012217304763960306	0.027925268031909273	0.0911	0.423	-1.2674
3170.0	5.2944569999999995	-0.24721200000000002	8.189388000000001	-0.020943951023931952	0.027925268031909273	0.029670597283903602	0.0917	0.4233	-1.2666
3171.0	5.295438	-0.258984	8.183502	-0.003490658503988659	0.020943951023931952	0.008726646259971648	0.0913	0.4237	-1.2662
3172.0	5.291514	-0.26879400000000003	8.178597	-0.013962634015954637	0.024434609527920613	0.015707963267948967	0.0915	0.4239	-1.267
3173.0	5.291514	-0.26388900000000004	8.175654000000002	-0.0017453292519943296	0.020943951023931952	0.008726646259971648	0.0915	0.425	-1.2673
3174.0	5.290533	-0.267813	8.170749	-0.012217304763960306	0.027925268031909273	0.024434609527920613	0.0914	0.4257	-1.2682
3175.0	5.2895520000000005	-0.278604	8.170749	-0.005235987755982988	0.012217304763960306	0.012217304763960306	0.0909	0.4263	-1.2701
3176.0	5.2895520000000005	-0.289395	8.169768	-0.005235987755982988	0.031415926535897934	0.010471975511965976	0.0904	0.4264	-1.2732
3177.0	5.285628	-0.29724300000000003	8.169768	0.003490658503988659	0.020943951023931952	0.0017453292519943296	0.0899	0.4266	-1.2725
3178.0	5.282685	-0.296262	8.184483	0.010471975511965976	0.019198621771937627	0.010471975511965976	0.0895	0.427	-1.2744
3179.0	5.278761	-0.293319	8.187426	-0.005235987755982988	0.03316125578789226	0.015707963267948967	0.0893	0.4269	-1.2764
3180.0	5.2767990000000005	-0.288414	8.197236	0.008726646259971648	0.013962634015954637	0.005235987755982988	0.0889	0.4274	-1.2717
3181.0	5.2767990000000005	-0.28449	8.20116	-0.005235987755982988	0.024434609527920613	0.005235987755982988	0.0892	0.4274	-1.2685
3182.0	5.277780000000001	-0.281547	8.199198	-0.0	0.012217304763960306	-0.003490658503988659	0.0888	0.4275	-1.2686
3183.0	5.280723	-0.28449	8.198217	-0.0017453292519943296	0.03316125578789226	0.0	0.0887	0.4273	-1.2693
3184.0	5.280723	-0.276642	8.195274000000001	-0.020943951023931952	0.027925268031909273	0.020943951023931952	0.0894	0.4275	-1.2689
3185.0	5.282685	-0.26388900000000004	8.190369	-0.010471975511965976	0.026179938779914945	0.013962634015954637	0.0903	0.4277	-1.2679
3186.0	5.282685	-0.258984	8.187426	-0.031415926535897934	0.04537856055185257	0.019198621771937627	0.0906	0.4284	-1.2668
3187.0	5.286609	-0.25506	8.183502	-0.020943951023931952	0.03665191429188092	0.029670597283903602	0.0917	0.4282	-1.2682
3188.0	5.288571	-0.250155	8.177616	-0.029670597283903602	0.0645771823237902	0.029670597283903602	0.0923	0.4287	-1.266
3189.0	5.291514	-0.23642100000000002	8.180559	-0.0471238898038469	0.07679448708775051	0.03665191429188092	0.093	0.429	-1.2618
3190.0	5.295438	-0.22857300000000003	8.187426	-0.04014257279586958	0.05061454830783556	0.03316125578789226	0.0938	0.429	-1.2656
3191.0	5.296419000000001	-0.243288	8.195274000000001	-0.0471238898038469	0.05585053606381855	0.04014257279586958	0.0945	0.4298	-1.2669
3192.0	5.295438	-0.25702200000000003	8.209989	-0.03316125578789226	0.029670597283903602	0.027925268031909273	0.0955	0.4305	-1.2664
3193.0	5.291514	-0.272718	8.218818	-0.019198621771937627	0.03665191429188092	0.026179938779914945	0.0961	0.4309	-1.2644
3194.0	5.287590000000001	-0.287433	8.226666	-0.019198621771937627	0.03665191429188092	0.029670597283903602	0.096	0.431	-1.2645
3195.0	5.282685	-0.30411	8.231571	-0.017453292519943295	0.03665191429188092	0.012217304763960306	0.0961	0.4311	-1.2646
3196.0	5.2767990000000005	-0.314901	8.227647000000001	-0.026179938779914945	0.05759586531581287	0.031415926535897934	0.0969	0.4313	-1.264
3197.0	5.266989000000001	-0.315882	8.226666	-0.005235987755982988	0.05759586531581287	0.006981317007977318	0.097	0.4318	-1.2641
3198.0	5.262084	-0.31392000000000003	8.225685	-0.012217304763960306	0.06632251157578452	0.022689280275926284	0.0972	0.4316	-1.2638
3199.0	5.255217	-0.308034	8.228628	-0.03316125578789226	0.06806784082777885	0.04014257279586958	0.0973	0.4322	-1.2642
3200.0	5.243445	-0.28645200000000004	8.233533000000001	-0.05235987755982989	0.054105206811824215	0.05061454830783556	0.0974	0.4329	-1.2642
3201.0	5.231673	-0.248193	8.234514	-0.0942477796076938	0.04537856055185257	0.07853981633974483	0.0972	0.4326	-1.2646
3202.0000000000005	5.222844	-0.208953	8.239419	-0.09773843811168245	0.015707963267948967	0.09075712110370514	0.0973	0.4331	-1.2648
3203.0	5.216958000000001	-0.182466	8.245305	-0.12740903539558607	0.008726646259971648	0.10995574287564276	0.0979	0.4332	-1.2654
3204.0	5.211072000000001	-0.16873200000000002	8.253153000000001	-0.1308996938995747	0.0	0.10821041362364843	0.0992	0.4338	-1.265
3204.9999999999995	5.214015	-0.17952300000000002	8.264925	-0.13788101090755203	-0.017453292519943295	0.1064650843716541	0.1003	0.4348	-1.2649
3206.0	5.211072000000001	-0.18933300000000003	8.27964	-0.13788101090755203	-0.006981317007977318	0.12042771838760874	0.1009	0.4357	-1.2651
3207.0	5.212053	-0.20797200000000002	8.28945	-0.13962634015954636	-0.027925268031909273	0.10821041362364843	0.1013	0.4368	-1.2631
3208.0	5.211072000000001	-0.23347800000000002	8.295336	-0.13264502315156904	-0.022689280275926284	0.09948376736367678	0.1021	0.4388	-1.259
3209.0000000000005	5.214015	-0.273699	8.293374	-0.12042771838760874	-0.019198621771937627	0.09250245035569947	0.1023	0.4397	-1.2519
3210.0	5.218920000000001	-0.32667300000000005	8.284545000000001	-0.12042771838760874	-0.029670597283903602	0.08726646259971647	0.1023	0.4407	-1.243
3211.0	5.221863	-0.39043800000000006	8.273754	-0.11693705988362008	-0.019198621771937627	0.09075712110370514	0.1023	0.4422	-1.2352
3211.9999999999995	5.2287300000000005	-0.459108	8.259039	-0.07853981633974483	-0.022689280275926284	0.07679448708775051	0.103	0.4436	-1.2281
3213.0000000000005	5.232654	-0.512082	8.238438	-0.06806784082777885	-0.006981317007977318	0.06632251157578452	0.1028	0.4453	-1.224
3214.0	5.241483000000001	-0.565056	8.222742	-0.038397243543875255	-0.003490658503988659	0.05061454830783556	0.1021	0.4465	-1.2215
3215.0	5.242464	-0.5827140000000001	8.211951	-0.020943951023931952	0.013962634015954637	0.03665191429188092	0.1011	0.4475	-1.2218
3215.9999999999995	5.2463880000000005	-0.583695	8.205084000000001	-0.017453292519943295	0.013962634015954637	0.027925268031909273	0.1007	0.4483	-1.2222
3217.0	5.251293	-0.575847	8.21097	-0.017453292519943295	0.003490658503988659	0.027925268031909273	0.1002	0.4494	-1.2246
3218.0	5.255217	-0.567999	8.209008	-0.03316125578789226	0.003490658503988659	0.03316125578789226	0.1001	0.4501	-1.2289
3219.0	5.25816	-0.558189	8.21097	-0.038397243543875255	-0.0017453292519943296	0.04014257279586958	0.1002	0.4509	-1.2361
3220.0000000000005	5.266008000000001	-0.550341	8.209989	-0.059341194567807204	-0.003490658503988659	0.041887902047863905	0.1007	0.4513	-1.2451
3221.0	5.270913	-0.52974	8.212932	-0.05585053606381855	0.0017453292519943296	0.054105206811824215	0.1011	0.452	-1.2529
3222.0	5.272875	-0.506196	8.211951	-0.06632251157578452	-0.015707963267948967	0.05235987755982989	0.1018	0.4527	-1.2576
3222.9999999999995	5.277780000000001	-0.49442400000000003	8.213913000000002	-0.0715584993317675	0.017453292519943295	0.05759586531581287	0.1019	0.4531	-1.2578
3224.0	5.279742000000001	-0.487557	8.211951	-0.054105206811824215	0.019198621771937627	0.05585053606381855	0.102	0.4536	-1.2537
3225.0	5.277780000000001	-0.49246200000000007	8.205084000000001	-0.04363323129985824	0.019198621771937627	0.048869219055841226	0.1024	0.4546	-1.2457
3226.0	5.275818	-0.508158	8.196255	-0.04537856055185257	0.041887902047863905	0.03665191429188092	0.1025	0.4552	-1.2382
3227.0000000000005	5.278761	-0.5287590000000001	8.187426	-0.010471975511965976	0.038397243543875255	0.022689280275926284	0.1027	0.4554	-1.2334
3228.0	5.2718940000000005	-0.547398	8.182521	-0.029670597283903602	0.048869219055841226	0.03316125578789226	0.1021	0.4558	-1.2304
3229.0	5.266008000000001	-0.567018	8.18154	-0.008726646259971648	0.03316125578789226	0.015707963267948967	0.1016	0.4566	-1.2294
3229.9999999999995	5.260122	-0.579771	8.184483	-0.022689280275926284	0.048869219055841226	0.029670597283903602	0.101	0.4577	-1.2298
3231.0	5.257179000000001	-0.589581	8.18154	-0.03665191429188092	0.041887902047863905	0.029670597283903602	0.1004	0.4582	-1.2314
3232.0	5.255217	-0.600372	8.185464000000001	-0.020943951023931952	0.024434609527920613	0.017453292519943295	0.0988	0.4584	-1.235
3233.0	5.24835	-0.599391	8.198217	-0.03665191429188092	0.027925268031909273	0.027925268031909273	0.0984	0.4591	-1.2408
3234.0000000000005	5.241483000000001	-0.592524	8.215875	-0.03316125578789226	0.017453292519943295	0.019198621771937627	0.0983	0.4598	-1.2497
3235.0	5.236578000000001	-0.5846760000000001	8.227647000000001	-0.041887902047863905	0.012217304763960306	0.024434609527920613	0.0981	0.4602	-1.2578
3236.0	5.235596999999999	-0.5886	8.237457000000001	-0.013962634015954637	0.003490658503988659	0.022689280275926284	0.0979	0.46	-1.2635
3236.9999999999995	5.232654	-0.595467	8.233533000000001	-0.013962634015954637	0.015707963267948967	0.005235987755982988	0.098	0.4599	-1.2704
3238.0000000000005	5.236578000000001	-0.599391	8.234514	-0.017453292519943295	0.010471975511965976	0.012217304763960306	0.0979	0.4598	-1.2716
3239.0	5.241483000000001	-0.610182	8.234514	0.0017453292519943296	0.010471975511965976	-0.017453292519943295	0.0984	0.4597	-1.2708
3240.0	5.242464	-0.617049	8.236476	0.020943951023931952	0.003490658503988659	-0.005235987755982988	0.099	0.4595	-1.272
3240.9999999999995	5.245407	-0.6278400000000001	8.242362	0.03316125578789226	0.0	-0.013962634015954637	0.0994	0.4597	-1.2732
3242.0	5.244426	-0.636669	8.23059	0.027925268031909273	0.005235987755982988	-0.026179938779914945	0.1002	0.4594	-1.2728
3243.0	5.245407	-0.6504030000000001	8.218818	0.06283185307179587	0.006981317007977318	-0.03665191429188092	0.1003	0.4591	-1.2707
3244.0	5.247369000000001	-0.6582510000000001	8.203122	0.059341194567807204	0.024434609527920613	-0.03490658503988659	0.1003	0.4587	-1.2685
3245.0000000000005	5.250312	-0.664137	8.196255	0.06632251157578452	0.027925268031909273	-0.041887902047863905	0.1003	0.4588	-1.269
3246.0	5.245407	-0.6533460000000001	8.197236	0.05061454830783556	0.022689280275926284	-0.04537856055185257	0.1003	0.4591	-1.2702
3247.0	5.23854	-0.648441	8.20116	0.054105206811824215	-0.0017453292519943296	-0.048869219055841226	0.0997	0.4592	-1.2688
3247.9999999999995	5.227749000000001	-0.654327	8.211951	0.0715584993317675	0.006981317007977318	-0.059341194567807204	0.0993	0.4587	-1.269
3249.0	5.229711000000001	-0.671004	8.259039	0.0942477796076938	-0.024434609527920613	-0.06632251157578452	0.0987	0.4587	-1.2719
3250.0	5.2208820000000005	-0.7102440000000001	8.274735000000002	0.12042771838760874	-0.03665191429188092	-0.07679448708775051	0.098	0.458	-1.2701
3251.0	5.186547	-0.7239780000000001	8.30907	0.16755160819145562	-0.05585053606381855	-0.09773843811168245	0.0975	0.457	-1.2718
3252.0000000000005	5.168889000000001	-0.663156	8.350272	0.17278759594743864	-0.12740903539558607	-0.10297442586766545	0.0964	0.4561	-1.2677
3253.0	5.178699000000001	-0.6062580000000001	8.371854	0.13439035240356337	-0.14486232791552936	-0.07853981633974483	0.0958	0.4548	-1.2659
3254.0	5.182623	-0.550341	8.417961	0.12391837689159739	-0.21642082724729686	-0.07504915783575616	0.0951	0.4536	-1.2662
3254.9999999999995	5.178699000000001	-0.517968	8.479764	0.1291543646475804	-0.30019663134302466	-0.048869219055841226	0.0946	0.4512	-1.2653
3256.0	5.143383	-0.550341	8.570997	0.2234021442552742	-0.45029494701453704	-0.07504915783575616	0.0927	0.4492	-1.265
3257.0	5.100219000000001	-0.589581	8.709318000000001	0.22689280275926285	-0.5305800926062761	-0.09948376736367678	0.091	0.4467	-1.2631
3258.0	4.99329	-0.5395500000000001	8.948682	0.143116998663535	-0.8168140899333461	-0.15358897417550102	0.0881	0.4449	-1.2635
3259.0000000000005	4.936392	-0.443412	9.105642000000001	0.1064650843716541	-1.1501719770642633	-0.1413716694115407	0.084	0.4426	-1.2595
3260.0	4.9079429999999995	-0.340407	9.261621000000002	0.11693705988362008	-1.4067353771074296	-0.12217304763960307	0.078	0.4403	-1.2569
3261.0	4.919715	-0.244269	9.377379	0.13439035240356337	-1.6667894356545847	-0.09948376736367678	0.0701	0.4383	-1.2492
3261.9999999999995	4.933449	-0.237402	9.465669	0.1361356816555577	-1.8500490071139892	-0.08377580409572781	0.0606	0.4368	-1.2488
3263.0000000000005	4.931487000000001	-0.232497	9.544149	0.15707963267948966	-1.9565140914856434	-0.08726646259971647	0.049	0.4348	-1.2455
3264.0	4.96386	-0.276642	9.583389	0.1780235837034216	-2.1537362969610028	-0.09948376736367678	0.035	0.4333	-1.2391
3265.0	5.027625	-0.317844	9.596142	0.158824961931484	-2.3509585024363617	-0.14486232791552936	0.0189	0.4316	-1.2323
3265.9999999999995	5.112972	-0.351198	9.591237000000001	0.20943951023931956	-2.569124658935653	-0.2583087292951608	0.0016	0.4291	-1.2248
3267.0	5.209110000000001	-0.351198	9.547092	0.2722713633111154	-2.8064894372068823	-0.3612831551628262	-0.0181	0.4276	-1.2162
3268.0	5.4013860000000005	-0.493443	9.376398	0.3769911184307752	-2.993239667170275	-0.5550147021341968	-0.0396	0.4248	-1.2061
3269.0	5.608377	-0.8328690000000001	9.252792000000001	0.598647933434055	-3.080506129769992	-0.8796459430051421	-0.0637	0.4213	-1.1952
3270.0000000000005	5.8742280000000004	-1.234098	9.144882	0.7330382858376184	-3.080506129769992	-1.0419615634406147	-0.089	0.4167	-1.1824
3271.0	6.29802	-1.554885	9.045801	0.8237954069413236	-2.9670597283903604	-1.2793263417118435	-0.1152	0.4106	-1.1693
3272.0	6.701211000000001	-1.760895	8.922195	0.6178465552059926	-2.8815385950426378	-1.4154620233674011	-0.1422	0.4032	-1.1546
3272.9999999999995	7.160319	-2.0336130000000003	8.821152	0.6178465552059926	-2.6738444140553126	-1.5254177662430441	-0.1697	0.3944	-1.1391
3274.0	7.482087000000001	-2.147409	8.680869000000001	0.47472955654245763	-2.5778513051956247	-1.6057029118347832	-0.1971	0.3839	-1.1229
3275.0	7.779330000000001	-2.1150360000000004	8.513118	0.08377580409572781	-2.424262331020124	-1.6091935703387719	-0.2253	0.3726	-1.106
3276.0	7.930404	-2.03067	8.504289	-0.17278759594743864	-2.3352505391684133	-1.5847589608108512	-0.2518	0.3613	-1.0882
3277.0000000000005	7.635123	-2.042442	8.775045	-0.6510078109938848	-1.9565140914856434	-1.5760323145508794	-0.278	0.349	-1.0703
3278.0	7.3692720000000005	-2.264148	9.199818	-0.9197885158010117	-1.1763519158441782	-1.5847589608108512	-0.302	0.3369	-1.0528
3279.0	6.7895010000000005	-2.4515190000000002	9.632439	-1.0210176124166828	-0.1954768762233649	-1.36659280431156	-0.3229	0.3254	-1.0359
3279.9999999999995	5.988024000000001	-2.624175	9.98658	-0.9634217471008699	0.6876597252857658	-1.1536626355682518	-0.341	0.3154	-1.0194
3281.0	4.889304	-2.8262610000000006	10.265184	-0.8377580409572782	1.3177235852557188	-0.9494591130849153	-0.3562	0.3062	-1.0028
3282.0	3.784698	-3.0607200000000003	10.544769	-0.905825881785057	1.778490507782222	-0.6824237375297829	-0.3673	0.2982	-0.988
3283.0	2.645757	-3.2265090000000005	10.796886	-0.9616764178488756	1.9617500792416265	-0.5113814708343386	-0.375	0.2923	-0.9766
3284.0000000000005	1.654947	-3.4953030000000003	11.050965000000001	-0.9930923443847735	2.282890661608583	-0.21642082724729686	-0.3793	0.2884	-0.9699
3285.0	0.6523650000000001	-3.8121660000000004	11.270709	-1.0297442586766545	2.5516713664157096	0.08552113334772216	-0.3784	0.2871	-0.9703
3286.0	-0.206991	-4.0642830000000005	11.244222000000002	-1.1274826967883367	2.572615317439642	0.38222710618675815	-0.3746	0.2881	-0.9763
3286.9999999999995	-0.560151	-4.215357000000001	10.912644	-1.3421581947836396	2.387610416728243	0.6894050545377601	-0.3668	0.2905	-0.988
3288.0000000000005	-0.7749900000000001	-4.126086	10.495719000000001	-1.4503686084072878	2.1659536017249628	1.0402162341886205	-0.3562	0.2959	-1.0025
3289.0	-0.550341	-3.947544	10.12392	-1.408480706359424	2.1240656996770992	1.4206980111233845	-0.3433	0.3038	-1.0205
3290.0	0.002943	-3.742515	9.906138	-1.3107422682477414	2.1362830044410597	1.5847589608108512	-0.3282	0.315	-1.0416
3290.9999999999995	0.8387550000000001	-3.578688	9.815885999999999	-1.064650843716541	2.2549653935766734	1.8675022996339325	-0.311	0.3285	-1.0658
3292.0	1.751085	-3.4344810000000003	9.807057	-0.8342673824532895	2.4591689160600105	2.076941809873252	-0.2923	0.3441	-1.0909
3293.0	2.652624	-3.244167	9.842373000000002	-0.6946410422937431	2.6337018412594433	2.193878869756872	-0.2718	0.3615	-1.1169
3294.0	3.556125	-3.022461	9.926739000000001	-0.630063859969953	2.7139869868511823	2.2218041377887814	-0.2487	0.3806	-1.1395
3295.0000000000005	4.520448	-2.8762920000000003	10.075851	-0.6143558967020041	2.8466320100027516	2.2252947962927703	-0.2251	0.4007	-1.1567
3296.0	5.534802000000001	-2.809584	10.298538	-0.5934119456780721	2.8902652413026098	2.2148228207808045	-0.2005	0.4215	-1.1684
3297.0	6.530517	-2.752686	10.541826	-0.5148721293383273	2.9199358385865137	2.1746802479849343	-0.1736	0.4434	-1.1754
3297.9999999999995	7.378101	-2.651643	10.714482	-0.5044001538263612	2.937389131106457	2.178170906488923	-0.1453	0.4647	-1.1807
3299.0	8.048124000000001	-2.528037	10.801791	-0.4537856055185257	2.9042278753185644	2.1676989309769574	-0.1157	0.4853	-1.1865
3300.0	8.556282	-2.3956020000000002	10.794924000000002	-0.3665191429188092	2.7820548276789614	2.1432643214490366	-0.0848	0.504	-1.1933
3301.0	8.932005	-2.250414	10.704672	-0.23736477827122882	2.6127578902355113	2.0682151636132806	-0.0529	0.5228	-1.2018
3302.0000000000005	9.268488	-2.062062	10.508472	-0.25481807079117214	2.3963370629882146	1.9792033717615698	-0.0212	0.5403	-1.2113
3303.0	9.609876	-1.7599140000000002	10.161198	-0.28623399732707	2.2584560520806627	1.9146261894377796	0.0101	0.5575	-1.2211
3304.0	9.913005	-1.215459	9.660888	-0.5270894341022875	1.9477874452256716	1.7837264955382048	0.0403	0.5734	-1.2305
3304.9999999999995	10.252431	-0.610182	9.044820000000001	-0.8080874436733745	1.5533430342749532	1.5446163880149817	0.0695	0.589	-1.2408
3306.0	10.671318000000001	0.10594800000000001	8.278659000000001	-0.778416846389471	1.2095131716320704	1.2060225131280815	0.0972	0.6033	-1.2525
3307.0	11.108844000000001	0.885843	7.353576000000001	-0.5707226654021458	0.9180431865490174	0.8395033702092726	0.1224	0.6177	-1.2646
3308.0	11.537541	1.670643	6.322545	-0.26529004630313807	0.598647933434055	0.3735004599267865	0.1445	0.6306	-1.2785
3309.0000000000005	11.924055000000001	2.5005690000000005	5.242464	-0.1710422666954443	0.4363323129985824	0.12391837689159739	0.1641	0.6431	-1.2868
3310.0	12.243861	3.3452100000000002	4.200642	-0.1361356816555577	0.08726646259971647	-0.3543018381548489	0.1796	0.6544	-1.2901
3311.0	12.513636000000002	4.04172	3.264768	-0.21642082724729686	-0.18675022996339324	-0.7696902001294994	0.1913	0.6651	-1.2949
3311.9999999999995	12.701988	4.531239	2.5025310000000003	-0.14835298641951802	-0.3595378259108319	-1.1082840750163994	0.1995	0.6743	-1.2964
3313.0000000000005	12.747114000000002	4.77747	1.954152	0.003490658503988659	-0.5113814708343386	-1.3159782560037245	0.2038	0.6819	-1.2973
3314.0	12.662748	4.1810220000000005	1.670643	1.2164944886400477	-0.8796459430051421	-1.551597705022959	0.2041	0.6884	-1.298
3315.0	12.182058000000001	3.5512200000000003	1.2517559999999999	2.4539329283040274	-1.7086773377024487	-2.0053833105414847	0.2002	0.6913	-1.2978
3315.9999999999995	11.728836000000001	3.478626	1.097739	2.5342180738957665	-2.0018926520374962	-1.9128808601857852	0.1919	0.6898	-1.2974
3317.0	10.841031000000001	3.307932	1.609821	2.0437805540853597	-2.3125612588924866	-1.3840460968315034	0.1787	0.6839	-1.2978
3318.0	9.649116000000001	3.175497	2.7566100000000002	1.1152653920243765	-2.3596851486963333	-0.3769911184307752	0.1613	0.6752	-1.2944
3319.0	8.374797000000001	2.752686	3.625776	0.6213372137099813	-2.8745572780346604	0.19722220547535926	0.1408	0.6651	-1.2946
3320.0000000000005	7.7430330000000005	2.055195	4.433139000000001	0.6824237375297829	-3.2724923474893677	-0.19373154697137057	0.1169	0.6543	-1.2952
3321.0	9.492156000000001	0.815211	6.047865000000001	1.5341444125030157	-1.0018189906447452	-1.111774733520388	0.09	0.6412	-1.2896
3322.0	9.911043	1.215459	6.991587	0.8936085770210968	0.6440264939859076	-0.6283185307179586	0.0636	0.626	-1.2838
3322.9999999999995	9.573579	1.50093	7.905879	0.28099800957108706	-0.26354471705114374	-0.3385938748868999	0.0386	0.6106	-1.2814
3324.0	8.945739000000001	1.782477	8.487612	0.10471975511965978	0.054105206811824215	-0.08726646259971647	0.0147	0.5948	-1.2781
3325.0	8.938872	2.0002590000000002	9.279279	0.05235987755982989	0.06981317007977318	-0.04363323129985824	-0.006	0.5814	-1.2767
3326.0	8.653401	1.6284600000000002	9.945378000000002	0.017453292519943295	0.013962634015954637	-0.012217304763960306	-0.024	0.5706	-1.2695
3327.0000000000005	8.757387000000001	1.1801430000000002	10.068984	-0.008726646259971648	0.03316125578789226	0.003490658503988659	-0.0384	0.5626	-1.268
3328.0	9.153711000000001	0.7190730000000001	9.686394000000002	-0.015707963267948967	0.024434609527920613	0.013962634015954637	-0.0486	0.5571	-1.2651
3329.0	9.632439	0.50031	9.665793	-0.027925268031909273	0.027925268031909273	0.03316125578789226	-0.0563	0.552	-1.262
3329.9999999999995	9.473517000000001	0.533664	9.713862	0.020943951023931952	0.012217304763960306	0.019198621771937627	-0.0598	0.5481	-1.2613
3331.0	6.94548	1.2448890000000001	8.894727	0.013962634015954637	-0.020943951023931952	0.015707963267948967	-0.06	0.5447	-1.2612
3332.0	5.777109	0.384552	8.644572	0.041887902047863905	-0.06283185307179587	-0.017453292519943295	-0.0601	0.5442	-1.263
3333.0	5.486733	-0.29233800000000004	8.324766	0.0645771823237902	-0.027925268031909273	-0.04363323129985824	-0.06	0.5432	-1.2591
3334.0000000000005	5.625054	-0.410058	8.229609	0.09599310885968812	-0.003490658503988659	-0.06632251157578452	-0.0597	0.5432	-1.2575
3335.0	5.464170000000001	-0.454203	8.182521	0.09599310885968812	0.013962634015954637	-0.06981317007977318	-0.0595	0.542	-1.2538
3336.0	5.447493000000001	-0.5287590000000001	8.149167	0.07679448708775051	0.0	-0.0715584993317675	-0.0598	0.5418	-1.2571
3336.9999999999995	5.410215	-0.546417	8.147205000000001	0.06632251157578452	0.03316125578789226	-0.08203047484373349	-0.06	0.5418	-1.2531
3338.0000000000005	5.346450000000001	-0.614106	8.139357	0.0942477796076938	0.05759586531581287	-0.08726646259971647	-0.0605	0.5413	-1.2534
3339.0	5.2974000000000006	-0.640593	8.119737	0.08377580409572781	0.09599310885968812	-0.08726646259971647	-0.061	0.5401	-1.2532
3340.0	5.2944569999999995	-0.614106	8.088345	0.0715584993317675	0.13788101090755203	-0.08028514559173916	-0.0616	0.5389	-1.2529
3340.9999999999995	5.299362	-0.630783	8.062839	0.07853981633974483	0.13962634015954636	-0.07504915783575616	-0.0617	0.5381	-1.2527
3342.0	5.332716	-0.596448	8.069706	0.07504915783575616	0.15009831567151233	-0.0645771823237902	-0.0613	0.537	-1.2528
3343.0	5.353317	-0.534645	8.095212	0.07504915783575616	0.1308996938995747	-0.07330382858376185	-0.0608	0.5357	-1.2537
3344.0	5.366070000000001	-0.463032	8.136414	0.0471238898038469	0.1117010721276371	-0.05061454830783556	-0.0604	0.5341	-1.2549
3345.0000000000005	5.369013000000001	-0.437526	8.167806	0.059341194567807204	0.07504915783575616	-0.05759586531581287	-0.06	0.5331	-1.2553
3346.0	5.366070000000001	-0.43262100000000003	8.190369	0.05235987755982989	0.05235987755982989	-0.04363323129985824	-0.0591	0.5319	-1.2554
3347.0	5.371956	-0.380628	8.219799	0.024434609527920613	0.041887902047863905	-0.026179938779914945	-0.0583	0.5301	-1.256
3347.9999999999995	5.379804	-0.33059700000000003	8.248248	0.026179938779914945	0.017453292519943295	-0.027925268031909273	-0.0579	0.529	-1.2561
3349.0	5.381766	-0.315882	8.276697	0.03490658503988659	0.024434609527920613	-0.022689280275926284	-0.057	0.5285	-1.2563
3350.0	5.37588	-0.334521	8.296317	0.041887902047863905	0.017453292519943295	-0.026179938779914945	-0.0563	0.5275	-1.2566
3351.0	5.343507	-0.35021700000000006	8.305146	0.038397243543875255	0.03316125578789226	-0.04363323129985824	-0.0553	0.5262	-1.2574
3352.0000000000005	5.300343000000001	-0.410058	8.295336	0.07679448708775051	0.012217304763960306	-0.054105206811824215	-0.0552	0.5252	-1.2581
3353.0	5.279742000000001	-0.44537400000000005	8.273754	0.08377580409572781	0.031415926535897934	-0.06806784082777885	-0.0548	0.5247	-1.258
3354.0	5.25816	-0.47284200000000004	8.236476	0.11344640137963143	0.054105206811824215	-0.08726646259971647	-0.0543	0.5246	-1.255
3354.9999999999995	5.252274	-0.476766	8.216856	0.10995574287564276	0.07679448708775051	-0.09075712110370514	-0.0544	0.5236	-1.2515
3356.0	5.250312	-0.475785	8.214894000000001	0.12740903539558607	0.06981317007977318	-0.0942477796076938	-0.0539	0.5227	-1.2465
3357.0	5.23854	-0.48069000000000006	8.200179	0.10297442586766545	0.07330382858376185	-0.08377580409572781	-0.0538	0.5218	-1.2397
3358.0	5.227749000000001	-0.464994	8.186445	0.10471975511965978	0.07504915783575616	-0.08726646259971647	-0.0539	0.5207	-1.2326
3359.0000000000005	5.214996	-0.437526	8.177616	0.09075712110370514	0.08726646259971647	-0.07504915783575616	-0.0542	0.5195	-1.2279
3360.0	5.204205	-0.406134	8.175654000000002	0.09250245035569947	0.07504915783575616	-0.061086523819801536	-0.0544	0.5175	-1.2248
3361.0	5.217939	-0.37278	8.18154	0.08552113334772216	0.07679448708775051	-0.06283185307179587	-0.0551	0.5159	-1.2242
3361.9999999999995	5.234616	-0.306072	8.185464000000001	0.08203047484373349	0.07330382858376185	-0.061086523819801536	-0.0548	0.5144	-1.2254
3363.0000000000005	5.23854	-0.272718	8.205084000000001	0.07504915783575616	0.06632251157578452	-0.06981317007977318	-0.055	0.5128	-1.2274
3364.0	5.237559000000001	-0.26977500000000004	8.222742	0.08377580409572781	0.07330382858376185	-0.07853981633974483	-0.0553	0.5109	-1.2308
3365.0	5.226768000000001	-0.296262	8.235495	0.11693705988362008	0.07504915783575616	-0.10821041362364843	-0.0555	0.5102	-1.2366
3365.9999999999995	5.214996	-0.32176800000000005	8.226666	0.1413716694115407	0.1117010721276371	-0.12391837689159739	-0.0556	0.5091	-1.2437
3367.0	5.209110000000001	-0.339426	8.232552	0.16231562043547265	0.10821041362364843	-0.13788101090755203	-0.0553	0.5077	-1.2529
3368.0	5.201262000000001	-0.35904600000000003	8.242362	0.16057029118347832	0.11693705988362008	-0.14835298641951802	-0.0542	0.5058	-1.2624
3369.0	5.196357	-0.358065	8.251191	0.18151424220741028	0.12042771838760874	-0.16057029118347832	-0.0535	0.5042	-1.2694
3370.0000000000005	5.163003	-0.36297	8.263944	0.18151424220741028	0.12391837689159739	-0.158824961931484	-0.0527	0.503	-1.2711
3371.0	5.133573	-0.363951	8.290431	0.16755160819145562	0.11868238913561441	-0.158824961931484	-0.0522	0.5011	-1.2692
3372.0	5.114934	-0.32471099999999997	8.332614000000001	0.16057029118347832	0.08028514559173916	-0.15707963267948966	-0.0517	0.499	-1.2628
3372.9999999999995	5.103162	-0.281547	8.402265000000002	0.14486232791552936	0.022689280275926284	-0.1413716694115407	-0.0513	0.4969	-1.2557
3374.0	5.0786370000000005	-0.251136	8.493498	0.15707963267948966	-0.05585053606381855	-0.158824961931484	-0.0505	0.4945	-1.2499
3375.0	5.064903	-0.270756	8.536662	0.18675022996339324	-0.09599310885968812	-0.17976891295541594	-0.0502	0.4919	-1.2457
3376.0	5.045283	-0.436545	8.634762	0.3438298626428829	-0.1466076571675237	-0.2792526803190927	-0.0504	0.4888	-1.243
3377.0000000000005	5.026644	-0.580752	8.754444	0.5026548245743669	-0.21991148575128552	-0.4625122517784973	-0.0515	0.486	-1.2435
3378.0	4.997214	-0.671985	8.896689	0.635299847725936	-0.36302848441482055	-0.62482787221397	-0.0534	0.4826	-1.2445
3379.0	4.92462	-0.5277780000000001	9.060516	0.2844886680750757	-0.6440264939859076	-0.757472895365539	-0.0563	0.4784	-1.2464
3379.9999999999995	4.939335	-0.577809	9.331272	0.49741883681838395	-0.9878563566287906	-0.7906341511534313	-0.0611	0.4737	-1.2507
3381.0	4.950126000000001	-0.443412	9.577503	0.4380776422505767	-1.2112585008840648	-0.757472895365539	-0.0656	0.469	-1.2558
3382.0	4.921677000000001	-0.376704	9.773703	0.4852015320544236	-1.5707963267948966	-0.7243116395776468	-0.073	0.4633	-1.2613
3383.0	4.913829000000001	-0.38749500000000003	9.950283	0.5148721293383273	-1.9408061282176945	-0.7382742735936013	-0.0823	0.4575	-1.2682
3384.0000000000005	4.947183	-0.37376100000000007	10.066041	0.6335545184739416	-2.2287854547967587	-0.7504915783575618	-0.0932	0.4503	-1.2695
3385.0	4.9717080000000005	-0.307053	10.208286000000001	0.7801621756414654	-2.490584842595908	-0.7993607974134029	-0.1067	0.4421	-1.2725
3386.0	5.030568000000001	-0.150093	10.264203	0.9075712110370514	-2.693043035827251	-0.9023352232810684	-0.1228	0.4335	-1.2742
3386.9999999999995	5.085504	-0.070632	10.270089	1.0629055144645467	-2.865830631774689	-1.075122819228507	-0.141	0.4235	-1.2705
3388.0000000000005	5.193414	-0.096138	10.196514000000002	1.1292280260403313	-2.9443704481144337	-1.1833332328521553	-0.1613	0.4123	-1.264
3389.0	5.398443	-0.358065	10.043478	1.171115928088195	-3.05956217874606	-1.424188669627373	-0.1844	0.3999	-1.2543
3390.0	5.627016	-0.479709	9.768798	1.239183768915974	-3.0839967882739803	-1.6720254234105676	-0.2088	0.3861	-1.2416
3390.9999999999995	5.919354000000001	-0.694548	9.482346000000001	1.1588986233242349	-2.960078411382383	-1.837831702350029	-0.2366	0.3705	-1.227
3392.0	6.328431	-0.8642610000000001	9.218457	0.9930923443847735	-2.802998778702893	-1.9879300180215413	-0.2644	0.3542	-1.2108
3393.0	6.694344	-0.950589	8.918271	0.7958701389094143	-2.6738444140553126	-2.087413785385218	-0.2928	0.3352	-1.1928
3394.0	7.0514280000000005	-1.002582	8.614161000000001	0.6771877497737998	-2.602285914723545	-2.2218041377887814	-0.3225	0.3156	-1.1762
3395.0000000000005	7.331994	-1.024164	8.294355000000001	0.4537856055185257	-2.4731315500759647	-2.2776546738526	-0.3523	0.2946	-1.1544
3396.0	7.350633	-1.025145	8.129547	0.03490658503988659	-2.2113321622768156	-2.2846359908605773	-0.3808	0.2726	-1.1296
3397.0	7.229970000000001	-1.125207	8.231571	-0.46600291028248597	-1.715658654710426	-1.858775653373961	-0.4092	0.2502	-1.1053
3397.9999999999995	7.530156	-1.5970680000000002	8.510175	-0.7417649320975901	-0.619591884457987	-0.757472895365539	-0.4351	0.229	-1.0832
3399.0	7.1505090000000004	-2.298483	8.758368	-0.5026548245743669	-0.07679448708775051	-0.03316125578789226	-0.458	0.2101	-1.0628
3400.0	6.5226690000000005	-2.68794	8.919252	-0.57246799465414	0.21118483949131386	0.6318091892219474	-0.4778	0.1939	-1.0442
3401.0	5.859513000000001	-2.9292659999999997	9.085041	-0.778416846389471	0.3543018381548489	0.9442231253289323	-0.4949	0.1812	-1.0264
3402.0000000000005	5.081580000000001	-3.209832	9.268488	-1.0995574287564276	0.7033676885537148	1.4556045961632709	-0.5088	0.1724	-1.0176
3403.0	4.303647	-3.510018	9.463707000000001	-1.1641346110802178	1.0471975511965976	1.6580627893946132	-0.5195	0.1688	-1.0119
3404.0	3.4933410000000005	-3.7317240000000003	9.673641	-1.1990411961201044	1.340412865531645	1.6999506914424771	-0.5269	0.1731	-1.009
3404.9999999999995	2.7468000000000004	-3.8798550000000005	9.905157	-1.3229595730117016	1.603957582582789	1.6702800941585734	-0.5298	0.1827	-1.0104
3406.0	2.252376	-3.961278	10.008162	-1.377064779823526	1.7924531417981764	1.5760323145508794	-0.5308	0.1973	-1.0154
3407.0	1.934532	-3.871026	9.855126	-1.3823007675795091	1.911135530933791	1.4643312424232426	-0.5273	0.2168	-1.0239
3408.0	1.20663	-3.3324570000000002	9.585351000000001	-1.3491395117916167	2.069960492865275	1.4014993893514465	-0.523	0.2398	-1.0337
3409.0000000000005	1.1801430000000002	-2.5456950000000003	9.423486	-1.3299408900196792	2.241002759560719	1.3247049022636963	-0.5151	0.2661	-1.0467
3410.0	1.390077	-1.985544	9.383265000000002	-1.2740903539558606	2.3858650874762484	1.2461650859239515	-0.506	0.2941	-1.0641
3411.0	1.645137	-1.649061	9.371493000000001	-1.270599695451872	2.522000769131806	1.2042771838760873	-0.4941	0.324	-1.0847
3411.9999999999995	1.978677	-1.2851100000000002	9.361683000000001	-1.2217304763960306	2.6057765732275344	1.1344640137963142	-0.4814	0.3543	-1.1024
3413.0000000000005	2.363229	-0.915273	9.385227	-1.2112585008840648	2.647664475275398	1.0733774899765127	-0.4663	0.3849	-1.1198
3414.0	2.7978120000000004	-0.64746	9.453897000000001	-1.2095131716320704	2.6459191460234033	1.0454522219446034	-0.4498	0.4124	-1.1409
3415.0	3.306951	-0.49246200000000007	9.559845000000001	-1.2793263417118435	2.6598817800393584	1.0210176124166828	-0.4323	0.4401	-1.1612
3415.9999999999995	3.868083	-0.424773	9.7119	-1.2723450247038663	2.66860842629933	0.9878563566287906	-0.4129	0.4675	-1.1834
3417.0	4.4684550000000005	-0.38847600000000004	9.906138	-1.319468914507713	2.710496328347194	0.9826203688728075	-0.3923	0.4943	-1.2055
3418.0	5.072751	-0.381609	10.120977000000002	-1.3700834628155487	2.717477645355171	1.0105456369047168	-0.3694	0.5219	-1.229
3419.0	5.631921000000001	-0.44537400000000005	10.306386	-1.3543754995475996	2.6982790235832335	1.0419615634406147	-0.3448	0.549	-1.2513
3420.0000000000005	6.134193	-0.550341	10.448631	-1.2950343049797925	2.5795966344476193	1.1292280260403313	-0.3191	0.5772	-1.2741
3421.0	6.589377	-0.659232	10.549674	-1.2514010736799344	2.5010568181078745	1.2077678423800762	-0.2913	0.6053	-1.2963
3422.0	7.0082640000000005	-0.7661610000000001	10.593819000000002	-1.1030480872604163	2.2846359908605773	1.4067353771074296	-0.2617	0.634	-1.3176
3422.9999999999995	7.374177	-0.8416980000000001	10.532997000000002	-0.9075712110370514	2.007128639793479	1.684242728174528	-0.231	0.663	-1.3381
3424.0	7.684173	-0.9133110000000001	10.379961000000002	-0.32812189937493397	1.6126842288427605	1.9669860669976094	-0.1993	0.6927	-1.3577
3425.0	7.887240000000001	-1.460709	10.017972000000002	1.1955505376161157	0.7295476273336297	1.6650441064025905	-0.1671	0.7192	-1.3763
3426.0	8.088345	-1.1546370000000001	9.56475	0.783652834145454	0.24958208303518914	1.9338248112097172	-0.1351	0.7441	-1.3942
3427.0000000000005	8.639667000000001	-0.102024	9.126243	0.23736477827122882	0.16057029118347832	2.155481626212997	-0.1045	0.768	-1.4105
3428.0	9.107604	0.31293899999999997	8.588655	-0.13962634015954636	0.17453292519943295	2.171189589480946	-0.0738	0.79	-1.4244
3429.0	9.506871	1.013373	7.963758	0.11519173063162574	0.2129301687433082	1.7348572764823638	-0.0456	0.8105	-1.4374
3429.9999999999995	9.889461	1.835451	7.281963	-0.054105206811824215	0.17453292519943295	1.3334315485236679	-0.0178	0.8288	-1.4461
3431.0	10.204362000000001	2.553543	6.532479	-0.2565634000431664	0.06283185307179587	0.9704030641088472	0.0073	0.845	-1.4515
3432.0	10.491795	3.1990410000000002	5.799672	-0.26878070480712674	-0.10995574287564276	0.5951572749300664	0.0301	0.86	-1.4537
3433.0	10.746855	3.750363	5.123763	-0.07330382858376185	-0.32986722862692824	0.2722713633111154	0.0493	0.8734	-1.4529
3434.0000000000005	10.979352	4.2624450000000005	4.491018	0.029670597283903602	-0.460766922526503	0.1361356816555577	0.0651	0.8841	-1.4508
3435.0	11.23245	5.241483000000001	4.017195	0.24085543677521748	-0.8098327729253689	-0.10821041362364843	0.0777	0.894	-1.4494
3436.0	11.377638	5.333697	3.595365	0.4258603374866164	-1.1466813185602747	-0.26529004630313807	0.0877	0.9031	-1.4484
3436.9999999999995	11.109825	4.629339	3.1382190000000003	0.6754424205218056	-1.5428710587629875	-0.32812189937493397	0.0933	0.9105	-1.4487
3438.0000000000005	10.951884000000002	4.398804	2.7968310000000005	1.0297442586766545	-1.7924531417981764	-0.2827433388230814	0.0936	0.916	-1.4505
3439.0	10.870461	3.931848	2.523132	1.764527873766267	-1.9268434942017398	-0.22514747350726852	0.0898	0.918	-1.4523
3440.0	10.309329	3.908304	2.8449	1.7523105690023069	-1.9774580425095754	-0.19373154697137057	0.0814	0.9169	-1.4561
3440.9999999999995	9.679527	3.601251	3.7121040000000005	0.9791297103688189	-1.9547687622336491	0.29670597283903605	0.0695	0.9138	-1.4623
3442.0	9.764874	2.4525	4.651902000000001	0.9983283321407566	-1.843067690106012	0.031415926535897934	0.0539	0.9081	-1.4695
3443.0	10.538883	2.371077	5.489676	1.4276793281313616	-0.5969026041820608	-1.0245082709206714	0.0363	0.8991	-1.4797
3444.0	10.171008	2.113074	6.143022	0.9878563566287906	-0.06632251157578452	-0.6667157742618339	0.019	0.8881	-1.4891
3445.0000000000005	9.853164	2.245509	7.0386750000000005	0.6265732014659643	-0.008726646259971648	-0.460766922526503	0.0014	0.8764	-1.4953
3446.0	9.506871	2.0041830000000003	7.745976	0.39968039870670147	0.03316125578789226	-0.2827433388230814	-0.0162	0.8629	-1.4979
3447.0	9.111528	1.7471610000000002	8.349291000000001	0.3368485456349056	0.09948376736367678	-0.22514747350726852	-0.0312	0.8502	-1.4978
3447.9999999999995	8.55432	1.6264980000000002	8.947701	0.2792526803190927	0.08552113334772216	-0.21642082724729686	-0.0435	0.837	-1.4934
3449.0	7.908822000000001	1.406754	9.567693	0.30543261909900765	0.07853981633974483	-0.2181661564992912	-0.0539	0.8256	-1.4887
3450.0	7.825437	0.6513840000000001	9.627534	0.3455751918948773	0.09948376736367678	-0.2303834612632515	-0.0621	0.8151	-1.4846
3451.0	7.848000000000001	0.318825	9.244944	0.36302848441482055	0.13788101090755203	-0.26005405854715513	-0.0679	0.8053	-1.4825
3452.0000000000005	7.182882	0.953532	8.833905	0.3438298626428829	0.1884955592153876	-0.24609142453120045	-0.0711	0.7959	-1.4833
3453.0	5.90562	0.635688	8.560206	0.33335788713091696	0.1832595714594046	-0.2426007660272118	-0.0724	0.788	-1.4858
3454.0	5.809482	0.560151	8.513118	0.23911010752322315	0.23387411976724015	-0.2007128639793479	-0.073	0.7814	-1.4898
3454.9999999999995	5.659389	0.092214	8.246286000000001	0.18675022996339324	0.20943951023931956	-0.13962634015954636	-0.0731	0.7759	-1.4956
3456.0	5.56227	0.051012	8.185464000000001	0.11868238913561441	0.19373154697137057	-0.09948376736367678	-0.0731	0.7716	-1.5027
3457.0	5.502429	0.05886	8.222742	0.12042771838760874	0.158824961931484	-0.08726646259971647	-0.0735	0.7668	-1.5098
3458.0	5.510277	0.104967	8.215875	0.09250245035569947	0.15009831567151233	-0.0645771823237902	-0.0733	0.7627	-1.522
3459.0000000000005	5.565213000000001	0.237402	8.212932	0.048869219055841226	0.1291543646475804	-0.048869219055841226	-0.0727	0.7593	-1.5326
3460.0	5.528916000000001	0.35021700000000006	8.253153000000001	0.03316125578789226	0.13264502315156904	-0.04537856055185257	-0.0714	0.7567	-1.5466
3461.0	5.498505000000001	0.42084900000000003	8.284545000000001	0.008726646259971648	0.1064650843716541	-0.03665191429188092	-0.0705	0.7539	-1.5548
3461.9999999999995	5.454360000000001	0.44537400000000005	8.306127	-0.020943951023931952	0.07853981633974483	-0.003490658503988659	-0.069	0.7519	-1.5578
3463.0000000000005	5.387652	0.409077	8.320842	-0.05235987755982989	0.08726646259971647	0.010471975511965976	-0.0676	0.7508	-1.5589
3464.0	5.323887	0.35316	8.326728000000001	-0.054105206811824215	0.054105206811824215	0.024434609527920613	-0.0667	0.7493	-1.5608
3465.0	5.291514	0.310977	8.339481	-0.08726646259971647	0.05759586531581287	0.04014257279586958	-0.0658	0.7484	-1.5627
3465.9999999999995	5.272875	0.248193	8.347329	-0.08377580409572781	0.03316125578789226	0.041887902047863905	-0.0643	0.7481	-1.561
3467.0	5.257179000000001	0.203067	8.340462	-0.05235987755982989	0.03490658503988659	0.03316125578789226	-0.0625	0.7479	-1.5624
3468.0	5.2463880000000005	0.129492	8.32869	-0.013962634015954637	0.026179938779914945	0.019198621771937627	-0.0618	0.7485	-1.5601
3469.0	5.213034	0.051993000000000004	8.321823	0.0017453292519943296	0.038397243543875255	-0.003490658503988659	-0.0616	0.7482	-1.5602
3470.0000000000005	5.184585	-0.035316	8.332614000000001	0.020943951023931952	0.03316125578789226	-0.017453292519943295	-0.0613	0.7489	-1.5551
3471.0	5.17968	-0.09711900000000001	8.320842	0.05061454830783556	0.031415926535897934	-0.04014257279586958	-0.0606	0.7499	-1.554
3472.0	5.17968	-0.153036	8.311031999999999	0.03490658503988659	0.04363323129985824	-0.04537856055185257	-0.0607	0.7501	-1.5549
3472.9999999999995	5.182623	-0.19325699999999998	8.303184000000002	0.05585053606381855	0.038397243543875255	-0.05061454830783556	-0.061	0.7498	-1.556
3474.0	5.188509000000001	-0.23053500000000002	8.292393	0.05061454830783556	0.06981317007977318	-0.054105206811824215	-0.0613	0.7496	-1.5545
3475.0	5.1904710000000005	-0.237402	8.274735000000002	0.05061454830783556	0.06981317007977318	-0.04363323129985824	-0.0615	0.7498	-1.5519
3476.0	5.185566	-0.22268700000000002	8.255115	0.03665191429188092	0.07504915783575616	-0.04014257279586958	-0.0616	0.7496	-1.5559
3477.0000000000005	5.173794	-0.203067	8.251191	0.054105206811824215	0.07504915783575616	-0.04014257279586958	-0.0617	0.7493	-1.5582
3478.0	5.163984	-0.16677000000000003	8.264925	0.059341194567807204	0.06283185307179587	-0.03665191429188092	-0.0613	0.7486	-1.5547
3479.0	5.186547	-0.114777	8.268849	0.05759586531581287	0.06806784082777885	-0.015707963267948967	-0.0606	0.7481	-1.5555
3479.9999999999995	5.212053	-0.033354	8.263944	0.041887902047863905	0.0645771823237902	-0.017453292519943295	-0.0599	0.7468	-1.5566
3481.0	5.216958000000001	0.016677	8.287488	0.020943951023931952	0.04363323129985824	-0.008726646259971648	-0.0588	0.7456	-1.5558
3482.0	5.219901	0.055917	8.301222	0.026179938779914945	0.008726646259971648	-0.013962634015954637	-0.0581	0.7449	-1.5564
3483.0	5.210091	0.08534699999999999	8.310051	-0.0	0.013962634015954637	0.012217304763960306	-0.0568	0.7433	-1.5548
3484.0000000000005	5.1953759999999996	0.10398600000000001	8.329671	0.008726646259971648	-0.006981317007977318	0.012217304763960306	-0.056	0.7433	-1.5544
3485.0	5.17968	0.104967	8.347329	-0.012217304763960306	-0.027925268031909273	0.017453292519943295	-0.0549	0.7427	-1.554
3486.0	5.170851000000001	0.118701	8.366949	-0.022689280275926284	-0.04014257279586958	0.024434609527920613	-0.0544	0.7424	-1.5509
3486.9999999999995	5.167908000000001	0.13145400000000002	8.364006	-0.029670597283903602	-0.0471238898038469	0.038397243543875255	-0.0538	0.7419	-1.5468
3488.0000000000005	5.167908000000001	0.145188	8.361063	-0.04363323129985824	-0.04537856055185257	0.05061454830783556	-0.0537	0.7418	-1.5499
3489.0	5.163984	0.155979	8.35812	-0.05585053606381855	-0.054105206811824215	0.05235987755982989	-0.0536	0.7416	-1.5471
3490.0	5.164965	0.14322600000000002	8.334576	-0.08028514559173916	-0.024434609527920613	0.06632251157578452	-0.054	0.7417	-1.5456
3490.9999999999995	5.158098000000001	0.12753	8.301222	-0.08552113334772216	-0.012217304763960306	0.05759586531581287	-0.0546	0.742	-1.5452
3492.0	5.136515999999999	0.08436600000000001	8.305146	-0.1117010721276371	-0.04537856055185257	0.041887902047863905	-0.0546	0.7428	-1.5446
3493.0	5.111991000000001	0.000981	8.321823	-0.09599310885968812	-0.05759586531581287	0.026179938779914945	-0.055	0.7444	-1.5446
3494.0	5.090409	-0.087309	8.365968	-0.038397243543875255	-0.07853981633974483	0.0	-0.0565	0.7451	-1.5438
3495.0000000000005	5.0403780000000005	-0.21385800000000002	8.415999000000001	0.08377580409572781	-0.1117010721276371	-0.07330382858376185	-0.0578	0.7455	-1.543
3496.0	4.985442	-0.380628	8.452296	0.2565634000431664	-0.19198621771937624	-0.16406094968746698	-0.0587	0.7449	-1.5426
3497.0	4.91481	-0.538569	8.582769	0.3961897402027128	-0.3595378259108319	-0.2827433388230814	-0.0601	0.7443	-1.542
3497.9999999999995	4.884399	-0.835812	8.785836	0.6754424205218056	-0.5811946409141117	-0.5201081170943103	-0.0621	0.7426	-1.5419
3499.0	4.822596	-1.105587	9.077193000000001	0.6562437987498679	-0.7592182246175333	-0.6562437987498679	-0.0657	0.74	-1.5416
3500.0	4.6872180000000006	-1.0388789999999999	9.5157	0.4293509959906051	-1.3648474750595658	-0.7871434926494426	-0.0712	0.7366	-1.5404
3501.0	4.586175000000001	-0.7730279999999999	9.920853000000001	0.24783675378319478	-2.0053833105414847	-0.7557275661135446	-0.0802	0.7322	-1.5382
3502.0000000000005	4.510638	-0.50031	10.257336000000002	0.11868238913561441	-2.5795966344476193	-0.6178465552059926	-0.0925	0.7268	-1.5349
3503.0	4.494942	-0.21680100000000002	10.576161	0.15707963267948966	-3.134611336581816	-0.49567350756638956	-0.1084	0.7212	-1.5292
3504.0	4.445892	-0.157941	10.814544000000001	0.32986722862692824	-3.6058502346202848	-0.47123889803846897	-0.1272	0.7145	-1.5217
3504.9999999999995	4.522410000000001	-0.259965	10.988181	0.5078908123303499	-3.9479347680111734	-0.5811946409141117	-0.1511	0.7076	-1.5111
3506.0	4.642092	-0.40024800000000005	11.064699	0.6754424205218056	-4.024729255098924	-0.7068583470577035	-0.1795	0.7002	-1.4955
3507.0	4.841235	-0.563094	10.945017	0.9686577348568529	-4.131194339470578	-1.0314895879286488	-0.2132	0.6916	-1.4756
3508.0	5.194395	-0.630783	10.697805	1.1292280260403313	-4.0631264986427995	-1.340412865531645	-0.2517	0.6812	-1.4497
3509.0000000000005	5.76828	-0.7769520000000001	10.319139000000002	1.4590952546672593	-3.7000980142279785	-1.6179202165987436	-0.2926	0.6691	-1.4201
3510.0	6.388272000000001	-0.9574560000000001	9.633420000000001	1.811651763570114	-3.1712632508736966	-1.7662732030182615	-0.3362	0.6541	-1.3896
3511.0	6.8405130000000005	-1.077138	8.84862	1.4311699866353502	-2.7995081201989045	-1.7523105690023069	-0.3797	0.6362	-1.3588
3511.9999999999995	7.02396	-1.112454	8.307108000000001	1.0210176124166828	-2.6057765732275344	-1.6824973989225338	-0.4228	0.6167	-1.3289
3513.0000000000005	6.657066	-1.341027	8.0442	0.013962634015954637	-1.9687313962496036	-1.562069680534925	-0.4644	0.5962	-1.3019
3514.0	6.053751	-1.6117830000000002	8.109927	-0.6510078109938848	-1.1780972450961724	-1.6266468628587152	-0.5031	0.5753	-1.2775
3515.0	5.381766	-1.7098830000000003	8.450334000000002	-1.0314895879286488	-0.291469985083053	-1.7313666179783749	-0.5375	0.5546	-1.2566
3515.9999999999995	4.905	-1.83447	8.945739000000001	-1.4049900478554354	0.9302604913129776	-1.3753194505715316	-0.5675	0.5351	-1.2408
3517.0	4.085865	-2.1797820000000003	9.379341	-1.5114551322270893	1.7592918860102842	-1.0140362954087054	-0.5903	0.5179	-1.2315
3518.0	3.1029030000000004	-2.42307	9.737406	-1.429424657383356	2.0996310901491784	-0.57246799465414	-0.6044	0.5044	-1.2289
3519.0	2.112093	-2.524113	10.111167	-1.460840583919254	2.2113321622768156	-0.2792526803190927	-0.6121	0.4954	-1.2336
3520.0000000000005	1.266471	-2.9243609999999998	10.653660000000002	-1.5323990832510213	2.464404903815993	0.40840704496667307	-0.6116	0.4925	-1.2417
3521.0	0.6199920000000001	-3.5580870000000004	11.308968000000002	-1.3788101090755203	2.6773350725593015	1.1431906600562858	-0.6035	0.4966	-1.2519
3522.0	0.273699	-4.146687	11.740608000000002	-1.137954672300303	2.7820548276789614	1.7802358370342162	-0.5881	0.5062	-1.2624
3522.9999999999995	0.48559500000000005	-4.378203	11.907378000000001	-0.9477137838329209	2.7646015351590183	2.3369958684204075	-0.5653	0.5209	-1.2728
3524.0	1.031031	-4.2879510000000005	11.785734000000001	-0.7976154681614086	2.7157323161031766	2.7349309378751143	-0.5357	0.54	-1.282
3525.0	1.574505	-4.119219	11.427669000000002	-0.6998770300497261	2.665117767795341	2.9164451800825244	-0.5004	0.563	-1.2921
3526.0	1.931589	-3.799413	11.010744	-0.5323254218582705	2.5254914276357945	2.935643801854462	-0.4593	0.5899	-1.3036
3527.0000000000005	2.628099	-3.2265090000000005	10.773342000000001	-0.34732052114687156	2.368411794956305	2.8466320100027516	-0.4147	0.6185	-1.3167
3528.0	3.341286	-2.7311039999999998	10.650717000000002	-0.1291543646475804	2.2636920398366454	2.588323280707591	-0.3679	0.6476	-1.3304
3529.0	3.902418	-2.272977	10.540845000000001	0.13264502315156904	2.139773662945048	2.2148228207808045	-0.3187	0.6764	-1.3448
3529.9999999999995	4.401747	-1.6981110000000001	10.425087	0.1291543646475804	2.0647245051092917	1.8500490071139892	-0.2686	0.7036	-1.3575
3531.0	4.913829000000001	-1.114416	10.342683000000001	-0.026179938779914945	2.028072590817411	1.5323990832510213	-0.2192	0.7275	-1.3704
3532.0	5.3886330000000005	-0.654327	10.248507	-0.09948376736367678	2.022836603061428	1.3683381335635545	-0.1707	0.7489	-1.383
3533.0	5.772204	-0.32667300000000005	10.119015000000001	-0.19373154697137057	1.9373154697137058	1.0210176124166828	-0.1239	0.7666	-1.394
3534.0000000000005	6.0802380000000005	-0.034335000000000004	9.981675000000001	-0.3141592653589793	1.8221237390820801	0.6789330790257941	-0.0805	0.7818	-1.4073
3535.0	6.386310000000001	0.223668	9.855126	-0.4415683007545654	1.7034413499464656	0.39968039870670147	-0.0403	0.7942	-1.42
3536.0	6.678648	0.469899	9.745254	-0.5672320068981571	1.5969762655748114	0.1780235837034216	-0.0038	0.8028	-1.4265
3536.9999999999995	6.93567	0.738693	9.608895	-0.7452555906015788	1.5603243512829308	0.026179938779914945	0.0291	0.8092	-1.4355
3538.0000000000005	7.174053	1.072233	9.445068000000001	-0.8325220532012952	1.5341444125030157	-0.059341194567807204	0.0585	0.8141	-1.4385
3539.0	7.413417000000001	1.396944	9.256716	-1.0768681484805014	1.5271630954950384	-0.07853981633974483	0.0844	0.8186	-1.441
3540.0	7.658667	1.598049	9.047763	-1.2356931104119853	1.4835298641951802	-0.09773843811168245	0.1068	0.823	-1.4405
3540.9999999999995	7.926480000000001	1.751085	8.774064000000001	-1.2793263417118435	1.4695672301792255	-0.08203047484373349	0.1262	0.8286	-1.4351
3542.0	8.287488	1.9423800000000002	8.450334000000002	-1.213003830136059	1.5323990832510213	-0.026179938779914945	0.1431	0.8344	-1.43
3543.0	8.710299000000001	2.165067	8.028504	-1.14493598930828	1.5690509975429023	0.12740903539558607	0.1574	0.8415	-1.4265
3544.0	9.169407	2.3387040000000003	7.48503	-1.0245082709206714	1.4992378274631293	0.2617993877991494	0.1715	0.8492	-1.4202
3545.0000000000005	9.626553	2.48193	6.813045000000001	-0.9232791743050003	1.4119713648634127	0.3246312408709453	0.1843	0.8571	-1.4138
3546.0	10.042497000000001	2.6133840000000004	6.021378	-0.7487462491055673	1.1763519158441782	0.4677482395344803	0.1969	0.8661	-1.4109
3547.0	10.404486	2.7311039999999998	5.16987	-0.5707226654021458	0.8115781021773633	0.6073745796940266	0.2087	0.8759	-1.4033
3547.9999999999995	10.75176	2.794869	4.322286	-0.38571776469074687	0.3490658503988659	0.7330382858376184	0.219	0.8851	-1.3984
3549.0	11.152008	2.780154	3.5541630000000004	-0.10821041362364843	-0.026179938779914945	0.8168140899333461	0.2294	0.8941	-1.3921
3550.0	11.55618	2.749743	2.873349	0.23387411976724015	-0.23387411976724015	0.8360127117052838	0.2389	0.9019	-1.3856
3551.0	11.805354000000001	2.760534	2.292597	0.4904375198104066	-0.3717551306747922	0.8621926504851988	0.2473	0.9082	-1.3855
3552.0000000000005	11.826936	2.78604	1.835451	0.5759586531581288	-0.4869468613064179	0.8621926504851988	0.2546	0.9131	-1.3879
3553.0	11.606211000000002	2.449557	1.4312790000000002	1.307251609743753	-1.1152653920243765	0.5759586531581288	0.2611	0.9163	-1.386
3554.0	11.061756	2.40345	0.950589	1.3543754995475996	-2.2549653935766734	-0.05759586531581287	0.264	0.9164	-1.3898
3554.9999999999995	10.358379000000001	2.350476	1.7344080000000002	0.8499753457212386	-2.309070600388498	-0.2617993877991494	0.2627	0.9143	-1.3915
3556.0	9.730539	2.720313	3.101922	0.4590215932745087	-2.097885760897184	0.05061454830783556	0.2541	0.9092	-1.3917
3557.0	8.932986	2.9057220000000004	3.925962	-0.1064650843716541	-2.651155133779387	-0.008726646259971648	0.2421	0.9029	-1.39
3558.0	8.706375	2.829204	4.831425	-0.23212879051524585	-2.6563911215353695	-0.1361356816555577	0.2263	0.8975	-1.3888
3559.0000000000005	8.674002	2.591802	5.896791	-0.2897246558310587	-2.1275563581810877	-0.11344640137963143	0.2069	0.8924	-1.3858
3560.0	9.351873000000001	1.3675140000000001	7.057314000000001	0.47123889803846897	-1.1623892818282233	-0.5044001538263612	0.1861	0.8861	-1.3852
3561.0	9.055611	0.374742	7.684173	0.757472895365539	-0.4834562028024293	-0.3089232776029963	0.1644	0.8793	-1.3821
3561.9999999999995	8.623971000000001	0.110853	8.40717	0.7347836150896128	-0.47298422729046335	-0.36826447217080355	0.1421	0.8718	-1.3768
3563.0000000000005	8.515080000000001	0.6817950000000002	9.303804000000001	0.3368485456349056	-0.1413716694115407	-0.1832595714594046	0.1192	0.8643	-1.3758
3564.0	8.594541	0.614106	10.227906	0.1291543646475804	-0.06283185307179587	-0.05585053606381855	0.0982	0.858	-1.3703
3565.0	8.710299000000001	0.20012400000000002	10.014047999999999	0.15533430342749532	-0.0471238898038469	-0.05759586531581287	0.0806	0.8531	-1.3663
3565.9999999999995	8.767197000000001	-0.49442400000000003	9.358740000000001	0.14835298641951802	-0.03665191429188092	-0.07504915783575616	0.068	0.8495	-1.3647
3567.0	9.023238	-0.943722	9.305766	0.0715584993317675	-0.006981317007977318	-0.027925268031909273	0.0585	0.8466	-1.364
3568.0	8.662230000000001	-1.213497	9.210609	0.05061454830783556	0.003490658503988659	-0.027925268031909273	0.0518	0.8426	-1.3642
3569.0	8.002998	-1.323369	8.931024	0.05235987755982989	-0.005235987755982988	-0.04537856055185257	0.0485	0.838	-1.3648
3570.0000000000005	6.552099000000001	-0.40515300000000004	8.473878000000001	0.06981317007977318	-0.024434609527920613	-0.07504915783575616	0.0459	0.8344	-1.3657
3571.0	6.128307	0.22857300000000003	8.500365	0.0890117918517108	-0.022689280275926284	-0.07330382858376185	0.0443	0.8313	-1.3667
3572.0	5.992929	0.093195	8.400303	0.12740903539558607	0.012217304763960306	-0.07853981633974483	0.0432	0.8293	-1.3672
3572.9999999999995	5.734926000000001	-0.505215	8.198217	0.10821041362364843	0.026179938779914945	-0.08203047484373349	0.0435	0.8282	-1.3674
3574.0	5.600529	-0.70632	8.182521	0.07853981633974483	0.05759586531581287	-0.06632251157578452	0.0429	0.8272	-1.3679
3575.0	5.559327	-0.5591700000000001	8.177616	0.054105206811824215	0.07853981633974483	-0.059341194567807204	0.0423	0.8258	-1.3685
3576.0	5.4955620000000005	-0.579771	8.136414	0.06632251157578452	0.09075712110370514	-0.06981317007977318	0.0419	0.825	-1.3689
3577.0000000000005	5.434740000000001	-0.7092630000000001	8.128566000000001	0.07679448708775051	0.12566370614359174	-0.07853981633974483	0.0417	0.824	-1.3696
3578.0	5.406291	-0.734769	8.127585	0.09599310885968812	0.1308996938995747	-0.07330382858376185	0.0418	0.8231	-1.3703
3579.0	5.399424000000001	-0.693567	8.123661	0.0715584993317675	0.11519173063162574	-0.06632251157578452	0.0413	0.8212	-1.3706
3579.9999999999995	5.404329	-0.6768900000000001	8.15211	0.07330382858376185	0.09075712110370514	-0.05759586531581287	0.0415	0.8201	-1.3713
3581.0	5.421006	-0.626859	8.180559	0.059341194567807204	0.06632251157578452	-0.061086523819801536	0.0417	0.8188	-1.371
3582.0	5.420025	-0.576828	8.194293	0.048869219055841226	0.05061454830783556	-0.03490658503988659	0.0427	0.817	-1.3691
3583.0	5.424930000000001	-0.565056	8.214894000000001	0.059341194567807204	0.03316125578789226	-0.029670597283903602	0.0426	0.8153	-1.3658
3584.0000000000005	5.412177	-0.5640750000000001	8.227647000000001	0.03490658503988659	0.038397243543875255	-0.019198621771937627	0.0431	0.8142	-1.36
3585.0	5.404329	-0.565056	8.234514	0.03665191429188092	0.008726646259971648	-0.027925268031909273	0.0433	0.8138	-1.3527
3586.0	5.404329	-0.551322	8.256096000000001	0.03490658503988659	0.015707963267948967	-0.024434609527920613	0.0436	0.8125	-1.3464
3586.9999999999995	5.398443	-0.516987	8.265906000000001	0.03490658503988659	0.0017453292519943296	-0.026179938779914945	0.0433	0.8111	-1.3409
3588.0000000000005	5.3935379999999995	-0.508158	8.266887	0.05061454830783556	-0.010471975511965976	-0.010471975511965976	0.0433	0.81	-1.3375
3589.0	5.380785	-0.532683	8.255115	0.03490658503988659	-0.006981317007977318	-0.006981317007977318	0.0434	0.8092	-1.3367
3590.0	5.366070000000001	-0.546417	8.231571	0.03665191429188092	-0.027925268031909273	-0.024434609527920613	0.0436	0.8083	-1.3374
3590.9999999999995	5.3454690000000005	-0.574866	8.211951	0.029670597283903602	-0.012217304763960306	-0.026179938779914945	0.0432	0.807	-1.339
3592.0	5.318982	-0.607239	8.200179	0.06283185307179587	-0.003490658503988659	-0.038397243543875255	0.0422	0.8071	-1.3432
3593.0	5.2895520000000005	-0.640593	8.170749	0.08726646259971647	0.0017453292519943296	-0.06283185307179587	0.041	0.807	-1.348
3594.0	5.272875	-0.671004	8.15211	0.10297442586766545	0.008726646259971648	-0.06283185307179587	0.0408	0.806	-1.3556
3595.0000000000005	5.260122	-0.679833	8.141319	0.1308996938995747	0.024434609527920613	-0.08203047484373349	0.0407	0.8042	-1.3642
3596.0	5.253255	-0.6847380000000001	8.115813000000001	0.12566370614359174	0.05235987755982989	-0.08726646259971647	0.0408	0.8034	-1.3723
3597.0	5.247369000000001	-0.6857190000000001	8.110908	0.1308996938995747	0.054105206811824215	-0.09075712110370514	0.0408	0.8023	-1.3786
3597.9999999999995	5.247369000000001	-0.673947	8.104041	0.12217304763960307	0.08552113334772216	-0.08377580409572781	0.0408	0.8008	-1.3807
3599.0	5.253255	-0.6533460000000001	8.106003000000001	0.1117010721276371	0.09250245035569947	-0.08726646259971647	0.0413	0.7998	-1.3787
3600.0	5.263065	-0.630783	8.114832000000002	0.08552113334772216	0.10122909661567112	-0.06981317007977318	0.041	0.7986	-1.3729
3601.0	5.279742000000001	-0.590562	8.127585	0.07330382858376185	0.09599310885968812	-0.06981317007977318	0.0409	0.798	-1.3661
3602.0000000000005	5.2974000000000006	-0.535626	8.141319	0.08377580409572781	0.06981317007977318	-0.06632251157578452	0.0411	0.7962	-1.3592
3603.0	5.316039000000001	-0.482652	8.165844	0.05235987755982989	0.05759586531581287	-0.059341194567807204	0.0414	0.7937	-1.3551
3604.0	5.31702	-0.447336	8.195274000000001	0.06806784082777885	0.041887902047863905	-0.061086523819801536	0.0411	0.7923	-1.3519
3604.9999999999995	5.30721	-0.42771600000000004	8.214894000000001	0.06806784082777885	0.024434609527920613	-0.06981317007977318	0.0401	0.7907	-1.3524
3606.0	5.296419000000001	-0.41888700000000006	8.248248	0.08552113334772216	0.019198621771937627	-0.06806784082777885	0.0403	0.7894	-1.3535
3607.0	5.280723	-0.42869700000000005	8.263944	0.0942477796076938	0.017453292519943295	-0.07330382858376185	0.0395	0.7882	-1.3564
3608.0	5.2591410000000005	-0.45027900000000004	8.276697	0.13264502315156904	0.012217304763960306	-0.0942477796076938	0.0388	0.7868	-1.3609
3609.0000000000005	5.243445	-0.474804	8.282583	0.158824961931484	0.015707963267948967	-0.10821041362364843	0.0366	0.7854	-1.3677
3610.0	5.242464	-0.482652	8.281602	0.16580627893946132	0.019198621771937627	-0.11868238913561441	0.0355	0.7838	-1.3747
3611.0	5.235596999999999	-0.47284200000000004	8.263944	0.14486232791552936	0.03316125578789226	-0.12042771838760874	0.0351	0.7824	-1.3832
3611.9999999999995	5.210091	-0.46597500000000003	8.276697	0.12217304763960307	0.041887902047863905	-0.10471975511965978	0.034	0.7809	-1.3897
3613.0000000000005	5.193414	-0.430659	8.323785	0.09948376736367678	-0.024434609527920613	-0.08203047484373349	0.0331	0.7794	-1.3987
3614.0	5.185566	-0.385533	8.374797000000001	0.020943951023931952	-0.10821041362364843	-0.06632251157578452	0.0327	0.7777	-1.4001
3615.0	5.1600600000000005	-0.40417200000000003	8.450334000000002	0.07853981633974483	-0.2234021442552742	-0.08203047484373349	0.0319	0.7764	-1.4065
3615.9999999999995	5.114934	-0.544455	8.55432	0.20245819323134223	-0.33335788713091696	-0.1780235837034216	0.03	0.7746	-1.4037
3617.0	5.073732000000001	-0.6435360000000001	8.718147	0.30194196059501904	-0.4118977034706618	-0.2530727415391778	0.0282	0.7728	-1.4055
3618.0	4.9844610000000005	-0.64746	8.987922000000001	0.19024088846738194	-0.6928957130417489	-0.3717551306747922	0.0263	0.771	-1.405
3619.0	4.905	-0.517968	9.314595	0.2844886680750757	-1.1554079648202462	-0.39968039870670147	0.0235	0.7681	-1.4051
3620.0000000000005	4.812786	-0.42771600000000004	9.656964	0.20420352248333654	-1.6807520696705394	-0.36302848441482055	0.0189	0.7654	-1.4043
3621.0	4.762755	-0.293319	10.014047999999999	0.1361356816555577	-2.2322761133007476	-0.3420845333908886	0.0102	0.7624	-1.4031
3622.0	4.68918	-0.161865	10.332873	0.11693705988362008	-2.8082347664588765	-0.291469985083053	-0.0003	0.7595	-1.4014
3622.9999999999995	4.588137000000001	-0.06867000000000001	10.584009	0.11519173063162574	-3.342305517569141	-0.21118483949131386	-0.0145	0.7564	-1.394
3624.0	4.522410000000001	-0.075537	10.785114	0.15184364492350666	-3.5779249665883754	-0.21642082724729686	-0.0329	0.753	-1.3902
3625.0	4.4684550000000005	-0.113796	10.939131	0.24958208303518914	-3.9653880605311165	-0.29496064358704166	-0.0556	0.7493	-1.3766
3626.0	4.5243720000000005	-0.165789	10.992105	0.4625122517784973	-4.279547325890096	-0.5707226654021458	-0.0825	0.7453	-1.3699
3627.0000000000005	4.646997000000001	-0.36689400000000005	10.961694	0.7417649320975901	-4.459316238845512	-0.9599310885968813	-0.1133	0.7399	-1.3549
3628.0	4.93443	-0.75537	10.743912	1.0262536001726656	-4.546582701445229	-1.3543754995475996	-0.1481	0.7334	-1.3395
3629.0	5.459265	-1.2095730000000002	10.452555	1.1623892818282233	-4.399975044277705	-1.6231562043547265	-0.1872	0.7256	-1.3229
3629.9999999999995	6.136155	-1.5960870000000003	10.119996	1.1362093430483085	-4.267330021126136	-1.7505652397503124	-0.2299	0.7155	-1.304
3631.0	6.865038	-1.975734	9.78057	1.160643952576229	-3.9287361462392356	-1.9163715186897738	-0.2745	0.7028	-1.2775
3632.0	7.515441	-2.222946	9.399942000000001	1.0786134777324956	-3.712315318991939	-1.9931660057775245	-0.3244	0.6846	-1.2484
3633.0	8.078535	-2.3730390000000003	9.047763	0.6754424205218056	-3.530801076784529	-1.9774580425095754	-0.3748	0.6642	-1.218
3634.0000000000005	8.472897000000001	-2.4554430000000003	8.718147	0.2844886680750757	-3.3388148590651525	-1.9949113350295187	-0.4241	0.6414	-1.1845
3635.0	8.898651000000001	-2.581011	8.425809000000001	0.10297442586766545	-2.9042278753185644	-2.0263272615654166	-0.4715	0.6172	-1.1503
3636.0	8.853525	-2.440728	8.168787	-0.4625122517784973	-2.4452062820440554	-2.2706733568446227	-0.518	0.5904	-1.1137
3636.9999999999995	8.314956	-2.021841	8.302203	-0.9302604913129776	-2.069960492865275	-2.398082392240209	-0.5606	0.5636	-1.0785
3638.0000000000005	8.15211	-1.6108020000000003	8.743653	-1.7069320084504542	-0.9477137838329209	-2.4015730507441972	-0.6008	0.5363	-1.0446
3639.0	7.241742	-1.679472	9.104661	-1.9128808601857852	0.10471975511965978	-2.234021442552742	-0.6356	0.5102	-1.0112
3640.0	6.07239	-1.978677	9.311652	-1.5865042900628457	0.5899212871740833	-1.9477874452256716	-0.6659	0.4846	-0.982
3640.9999999999995	4.774527000000001	-2.2396230000000004	9.412695000000001	-1.5114551322270893	0.9093165402890457	-1.3753194505715316	-0.6901	0.4614	-0.9621
3642.0	3.694446	-2.5044930000000005	9.512757	-1.6790067404185451	1.2566370614359172	-0.5777039824101231	-0.7068	0.4438	-0.9467
3643.0	2.775249	-2.8449	9.596142	-1.7296212887263804	1.4259339988793673	-0.16231562043547265	-0.7176	0.4299	-0.9358
3644.0	2.035575	-3.1990410000000002	9.684432000000001	-1.6336281798666923	1.7139133254584316	0.5899212871740833	-0.7254	0.4197	-0.9321
3645.0000000000005	1.364571	-3.3236280000000002	9.771741	-1.4765485471872026	1.9565140914856434	1.192059879112127	-0.7281	0.4137	-0.9333
3646.0	1.1693520000000002	-3.4737210000000003	9.913986	-1.3962634015954636	2.223549467040776	1.7086773377024487	-0.7261	0.413	-0.9399
3647.0	1.4705190000000001	-3.6964080000000004	9.706014	-1.3491395117916167	2.438224965036078	2.0402898955813713	-0.7206	0.4168	-0.9504
3647.9999999999995	1.3390650000000002	-3.7523250000000004	9.293013	-1.3037609512397643	2.609267231731523	2.218313479284793	-0.7116	0.4247	-0.9646
3649.0	1.793268	-3.349134	9.001656	-1.254891732183923	2.7768188399229783	2.2811453323565885	-0.6989	0.4369	-0.9814
3650.0	2.46231	-2.736009	8.901594000000001	-1.19729586686811	2.8571039855147173	2.260201381332657	-0.6839	0.4531	-1.0012
3651.0	3.2510339999999998	-2.2317750000000003	8.920233	-1.0122909661567112	3.0106929596902186	2.1956241990088667	-0.6661	0.4724	-1.0228
3652.0000000000005	4.003461000000001	-1.852128	8.98596	-0.7644542123735163	3.1450833120937816	2.117084382669122	-0.6453	0.4937	-1.0474
3653.0	4.749021	-1.4508990000000002	9.067383000000001	-0.5602506898901798	3.2306044454415037	2.0734511513692633	-0.622	0.5159	-1.0725
3654.0	5.480847	-0.9898290000000001	9.151749	-0.3839724354387525	3.288200310757317	2.0734511513692633	-0.5968	0.5383	-1.1002
3654.9999999999995	6.169509000000001	-0.612144	9.232191	-0.24085543677521748	3.314380249537232	2.134537675189065	-0.5692	0.5598	-1.1289
3656.0	6.787539	-0.38749500000000003	9.283203	-0.16057029118347832	3.3108895910332428	2.230530784048753	-0.5393	0.5799	-1.1596
3657.0	7.349652	-0.26487	9.298899	-0.022689280275926284	3.303908274025266	2.282890661608583	-0.5068	0.5989	-1.1913
3658.0	7.8676200000000005	-0.223668	9.274374	0.10821041362364843	3.2306044454415037	2.356194490192345	-0.4728	0.6158	-1.2224
3659.0000000000005	8.303184000000002	-0.24623100000000003	9.222381	0.158824961931484	3.1450833120937816	2.413790355508158	-0.4375	0.631	-1.2528
3660.0	8.649477000000001	-0.298224	9.162540000000002	0.13962634015954636	3.000220984178253	2.410299697004169	-0.3994	0.6448	-1.2817
3661.0	8.971245	-0.35512200000000005	9.107604	0.054105206811824215	2.832669375986797	2.3649211364523164	-0.3597	0.6574	-1.3095
3661.9999999999995	9.29007	-0.429678	9.049725	-0.08552113334772216	2.707005669843205	2.3265238929084413	-0.3188	0.6691	-1.3365
3663.0000000000005	9.596142	-0.545436	8.981055	-0.13439035240356337	2.644173816771409	2.298598624876532	-0.2775	0.6799	-1.3647
3664.0	9.883575	-0.664137	8.880012	-0.23561944901923448	2.5132741228718345	2.218313479284793	-0.2332	0.6905	-1.3942
3665.0	10.116071999999999	-0.7180920000000001	8.707356	-0.30543261909900765	2.371902453460294	2.1432643214490366	-0.1878	0.7013	-1.4235
3665.9999999999995	10.306386	-0.5886	8.473878000000001	-0.3735004599267865	2.1851522234969005	2.076941809873252	-0.1411	0.7123	-1.453
3667.0	10.490814	-0.32373	8.223723000000001	-0.5183627878423158	1.9442967867216832	2.029817920069405	-0.0946	0.7232	-1.4814
3668.0	10.736064	-0.04022100000000001	7.973568	-0.5846852994181004	1.7348572764823638	1.8936822384138476	-0.0464	0.735	-1.5094
3669.0	11.054889000000001	0.293319	7.683192	-0.5846852994181004	1.6702800941585734	1.6266468628587152	0.001	0.7463	-1.5357
3670.0000000000005	11.375676	0.702396	7.296678000000001	-0.5689773361501514	1.5987215948268059	1.457349925415265	0.0482	0.7576	-1.5618
3671.0	11.597382	1.1801430000000002	6.764976	-0.6038839211900381	1.5079644737231008	1.0681415022205298	0.0935	0.7683	-1.5858
3672.0	11.710197	1.686339	6.090048	-0.6667157742618339	1.3055062804917585	0.6492624817418906	0.1385	0.7791	-1.6072
3672.9999999999995	11.76219	2.17782	5.328792000000001	-0.6614797865058508	0.9930923443847735	0.1954768762233649	0.1808	0.7903	-1.624
3674.0	11.801430000000002	2.606517	4.56165	-0.5881759579220891	0.6213372137099813	-0.22165681500327983	0.22	0.8002	-1.6342
3675.0	11.856366	2.953791	3.878874	-0.46600291028248597	0.26703537555513246	-0.5410520681182421	0.2545	0.8089	-1.6389
3676.0	11.898549000000001	3.1342950000000003	3.299103	-0.41538836197465046	0.10821041362364843	-0.6440264939859076	0.2839	0.8169	-1.6375
3677.0000000000005	11.885796000000001	3.140181	2.8036980000000002	-0.29670597283903605	-0.2007128639793479	-0.8045967851693859	0.3082	0.8242	-1.6313
3678.0	11.731779	3.097017	2.3995260000000003	-0.18675022996339324	-0.48171087355043496	-0.8883725892651138	0.3268	0.8303	-1.6248
3679.0	11.453175	2.9655630000000004	2.119941	-0.07679448708775051	-0.7278022980816354	-0.9023352232810684	0.34	0.8359	-1.6193
3679.9999999999995	11.131407000000001	2.7134460000000002	2.0345940000000002	0.05061454830783556	-0.9180431865490174	-0.8447393579652555	0.3475	0.8401	-1.6149
3681.0	10.822392	2.3436090000000003	2.164086	0.1954768762233649	-1.0088003076527223	-0.7016223593017206	0.3499	0.843	-1.6126
3682.0	10.481004	1.9325700000000001	2.4858540000000002	0.32812189937493397	-1.0419615634406147	-0.5270894341022875	0.3473	0.8452	-1.613
3683.0	10.040535000000002	1.5617520000000003	2.943981	0.3752457891787809	-1.0663961729685354	-0.41538836197465046	0.3399	0.8454	-1.6146
3684.0000000000005	9.480384	1.189953	3.477645	0.41538836197465046	-1.13271868454432	-0.1291543646475804	0.3288	0.8447	-1.6182
3685.0	8.334576	0.205029	4.34583	1.19729586686811	-1.4102260356114182	-0.20943951023931956	0.3148	0.8427	-1.6245
3686.0	6.825798	-0.513063	5.221863	1.4538592669112764	-1.8517943363659835	-0.7051130178057091	0.2985	0.8382	-1.6341
3686.9999999999995	5.7064770000000005	-1.130112	6.403968000000001	1.6702800941585734	-2.0734511513692633	-0.9983283321407566	0.279	0.8299	-1.6477
3688.0000000000005	5.139459	-1.0084680000000001	7.101459	1.3421581947836396	-2.193878869756872	-0.9948376736367679	0.2571	0.8191	-1.6581
3689.0	4.959936000000001	-0.934893	7.635123	1.0210176124166828	-2.548180707911721	-0.8534660042252271	0.2324	0.806	-1.6643
3690.0	6.941556	-1.7962110000000002	8.790741	1.3910274138394807	-2.1694442602289516	-1.2845623294678266	0.2053	0.7915	-1.6703
3690.9999999999995	6.938613000000001	-1.8737100000000002	9.174312	1.2164944886400477	-0.1466076571675237	-0.6143558967020041	0.1791	0.7749	-1.6783
3692.0	6.947442000000001	-1.0467270000000002	9.797247	0.7749261878854823	-0.5934119456780721	-0.5864306286700948	0.1536	0.7564	-1.6797
3693.0	6.873867000000001	-0.40221	10.221039000000001	0.24434609527920614	0.054105206811824215	-0.20769418098732523	0.1305	0.7372	-1.6828
3694.0	6.924879	-0.644517	10.455498000000002	0.12391837689159739	-0.048869219055841226	-0.08377580409572781	0.1085	0.7193	-1.687
3695.0000000000005	7.402626000000001	0.006867000000000001	10.34955	0.15009831567151233	-0.08203047484373349	-0.10821041362364843	0.0888	0.7021	-1.6891
3696.0	8.369892	0.493443	10.199457	0.11693705988362008	-0.041887902047863905	-0.07853981633974483	0.0711	0.6865	-1.6901
3697.0	8.975169000000001	0.8475840000000001	9.640287	0.05759586531581287	-0.003490658503988659	-0.05061454830783556	0.0568	0.6736	-1.6888
3697.9999999999995	9.071307000000001	0.505215	9.524529000000001	0.04363323129985824	0.0471238898038469	-0.03665191429188092	0.0455	0.6635	-1.6908
3699.0	8.790741	0.241326	9.495099	0.05585053606381855	0.038397243543875255	-0.04537856055185257	0.0378	0.6554	-1.6951
3700.0	6.358842	0.987867	8.76033	0.029670597283903602	0.038397243543875255	-0.03316125578789226	0.0341	0.6482	-1.6981
3701.0	5.936031	1.022202	8.716185	0.020943951023931952	0.054105206811824215	-0.024434609527920613	0.0311	0.6441	-1.698
3702.0000000000005	5.5916999999999994	0.133416	8.354196	0.012217304763960306	0.05759586531581287	-0.019198621771937627	0.0292	0.6414	-1.6993
3703.0	5.467113	-0.567018	8.172711	0.022689280275926284	0.06632251157578452	-0.03316125578789226	0.0278	0.6403	-1.6983
3704.0	5.347431	-0.33059700000000003	8.157996	-0.0	0.10471975511965978	-0.024434609527920613	0.0277	0.6395	-1.6984
3704.9999999999995	5.381766	-0.364932	8.138376000000001	0.020943951023931952	0.10821041362364843	-0.031415926535897934	0.0272	0.6377	-1.7
3706.0	5.320944	-0.459108	8.133471	0.006981317007977318	0.12042771838760874	-0.024434609527920613	0.0276	0.6372	-1.7006
3707.0	5.286609	-0.463032	8.184483	0.015707963267948967	0.10122909661567112	-0.024434609527920613	0.0283	0.6365	-1.7033
3708.0	5.2718940000000005	-0.45616500000000004	8.206065	-0.005235987755982988	0.10297442586766545	-0.013962634015954637	0.0291	0.6359	-1.7011
3709.0000000000005	5.288571	-0.43164	8.231571	0.003490658503988659	0.09599310885968812	-0.012217304763960306	0.0312	0.6348	-1.7014
3710.0	5.30721	-0.44439300000000004	8.239419	-0.012217304763960306	0.0890117918517108	-0.003490658503988659	0.0327	0.6353	-1.7008
3711.0	5.329773	-0.47088	8.246286000000001	-0.005235987755982988	0.06632251157578452	-0.003490658503988659	0.0354	0.635	-1.6998
3711.9999999999995	5.339583	-0.45224100000000006	8.285526	-0.008726646259971648	0.06981317007977318	0.012217304763960306	0.0368	0.6352	-1.6996
3713.0000000000005	5.337621	-0.453222	8.31888	-0.019198621771937627	0.04363323129985824	0.019198621771937627	0.0389	0.6349	-1.7005
3714.0	5.334677999999999	-0.454203	8.344386	-0.029670597283903602	0.022689280275926284	0.03316125578789226	0.0396	0.634	-1.6986
3715.0	5.330754	-0.446355	8.364987000000001	-0.015707963267948967	0.017453292519943295	0.027925268031909273	0.0411	0.6347	-1.697
3715.9999999999995	5.325849000000001	-0.438507	8.371854	-0.04014257279586958	-0.012217304763960306	0.04363323129985824	0.0417	0.6345	-1.6953
3717.0	5.31702	-0.42084900000000003	8.381664	-0.06632251157578452	-0.041887902047863905	0.059341194567807204	0.0421	0.6347	-1.6933
3718.0	5.309172	-0.396324	8.393436000000001	-0.09599310885968812	-0.0645771823237902	0.09075712110370514	0.0427	0.6342	-1.6942
3719.0	5.3023050000000005	-0.36198900000000006	8.390493	-0.14835298641951802	-0.08028514559173916	0.11344640137963143	0.0428	0.6352	-1.6937
3720.0000000000005	5.30721	-0.314901	8.383626000000001	-0.1832595714594046	-0.11519173063162574	0.15533430342749532	0.0426	0.6361	-1.6929
3721.0	5.301324	-0.277623	8.356158	-0.24085543677521748	-0.11344640137963143	0.1710422666954443	0.0423	0.6375	-1.6915
3722.0	5.291514	-0.293319	8.314956	-0.24958208303518914	-0.10297442586766545	0.16231562043547265	0.0425	0.6388	-1.6914
3722.9999999999995	5.2767990000000005	-0.38357100000000005	8.276697	-0.19373154697137057	-0.0471238898038469	0.12740903539558607	0.0424	0.6409	-1.6907
3724.0	5.218920000000001	-0.501291	8.242362	-0.10297442586766545	-0.017453292519943295	0.06981317007977318	0.0419	0.6436	-1.6898
3725.0	5.180661000000001	-0.611163	8.205084000000001	-0.005235987755982988	0.0	0.003490658503988659	0.0413	0.6454	-1.6888
3726.0	5.173794	-0.722016	8.184483	0.048869219055841226	0.0471238898038469	-0.041887902047863905	0.0404	0.6477	-1.6883
3727.0000000000005	5.143383	-0.7848	8.160939	0.06632251157578452	0.048869219055841226	-0.07504915783575616	0.0403	0.6492	-1.6872
3728.0	5.129649000000001	-0.858375	8.134452000000001	0.09599310885968812	0.04537856055185257	-0.0715584993317675	0.0397	0.6513	-1.6871
3729.0	5.128668000000001	-0.925083	8.121699	0.08726646259971647	0.054105206811824215	-0.06806784082777885	0.0394	0.6521	-1.6869
3729.9999999999995	5.113953	-0.973152	8.121699	0.09075712110370514	0.031415926535897934	-0.0645771823237902	0.0395	0.6529	-1.687
3731.0	5.123763	-1.012392	8.148186	0.07853981633974483	0.013962634015954637	-0.05759586531581287	0.0394	0.6528	-1.687
3732.0	5.148288000000001	-0.9810000000000001	8.17173	0.03665191429188092	-0.006981317007977318	-0.048869219055841226	0.0392	0.6524	-1.688
3733.0	5.173794	-0.8878050000000001	8.192331	0.026179938779914945	-0.017453292519943295	-0.04014257279586958	0.0387	0.6513	-1.688
3734.0000000000005	5.2208820000000005	-0.7740090000000001	8.212932	0.017453292519943295	-0.015707963267948967	-0.031415926535897934	0.0385	0.6498	-1.6871
3735.0	5.247369000000001	-0.692586	8.231571	0.010471975511965976	-0.03316125578789226	-0.022689280275926284	0.0389	0.6489	-1.6838
3736.0	5.236578000000001	-0.63765	8.2404	0.013962634015954637	-0.04014257279586958	-0.019198621771937627	0.0395	0.6474	-1.6788
3736.9999999999995	5.241483000000001	-0.6504030000000001	8.244324	0.026179938779914945	-0.031415926535897934	-0.03665191429188092	0.0391	0.6465	-1.6715
3738.0000000000005	5.239521000000001	-0.660213	8.245305	0.08028514559173916	-0.022689280275926284	-0.059341194567807204	0.0386	0.6455	-1.664
3739.0	5.226768000000001	-0.670023	8.233533000000001	0.12391837689159739	-0.010471975511965976	-0.08203047484373349	0.038	0.6446	-1.6565
3740.0	5.223825	-0.703377	8.213913000000002	0.12740903539558607	0.017453292519943295	-0.08377580409572781	0.0377	0.643	-1.6511
3740.9999999999995	5.216958000000001	-0.730845	8.203122	0.15009831567151233	0.024434609527920613	-0.10821041362364843	0.0365	0.6421	-1.6484
3742.0	5.2081290000000005	-0.753408	8.202141	0.16755160819145562	0.04363323129985824	-0.11693705988362008	0.0357	0.641	-1.6469
3743.0	5.2081290000000005	-0.754389	8.194293	0.17278759594743864	0.03490658503988659	-0.12042771838760874	0.0348	0.6398	-1.6475
3744.0	5.210091	-0.759294	8.209989	0.16755160819145562	0.012217304763960306	-0.12217304763960307	0.0343	0.6381	-1.6505
3745.0000000000005	5.197338000000001	-0.7396739999999999	8.241381	0.1291543646475804	-0.022689280275926284	-0.1291543646475804	0.0331	0.6365	-1.6554
3746.0	5.1953759999999996	-0.6955290000000001	8.26983	0.1413716694115407	-0.0645771823237902	-0.13264502315156904	0.0321	0.634	-1.6621
3747.0	5.1904710000000005	-0.645498	8.354196	0.1291543646475804	-0.12217304763960307	-0.1308996938995747	0.0316	0.6315	-1.6708
3747.9999999999995	5.148288000000001	-0.6768900000000001	8.474859	0.12391837689159739	-0.19896753472735357	-0.15009831567151233	0.0307	0.6291	-1.6798
3749.0	5.098257000000001	-0.71613	8.607294	0.20245819323134223	-0.3560471674068432	-0.20245819323134223	0.029	0.6265	-1.6883
3750.0	5.037434999999999	-0.632745	8.80938	0.11868238913561441	-0.5358160803622591	-0.26354471705114374	0.0263	0.6237	-1.6934
3751.0	4.994271	-0.398286	8.998713	0.07853981633974483	-0.8168140899333461	-0.19373154697137057	0.0234	0.6209	-1.6934
3752.0000000000005	4.942278000000001	-0.266832	9.21159	-0.010471975511965976	-1.1431906600562858	-0.09773843811168245	0.0189	0.6182	-1.6895
3753.0	4.871646	-0.16873200000000002	9.455859	-0.04537856055185257	-1.4957471689591404	-0.041887902047863905	0.0123	0.6156	-1.6814
3754.0	4.817691	-0.096138	9.660888	-0.08203047484373349	-1.8936822384138476	-0.003490658503988659	0.0031	0.6134	-1.6715
3754.9999999999995	4.78728	-0.08829	9.853164	-0.09250245035569947	-2.080432468377241	-0.006981317007977318	-0.0087	0.6112	-1.6601
3756.0	4.75785	-0.161865	10.042497000000001	-0.038397243543875255	-2.4155356847601523	-0.061086523819801536	-0.0234	0.6101	-1.6506
3757.0	4.76766	-0.24034500000000003	10.170027	0.017453292519943295	-2.750638901143063	-0.17453292519943295	-0.0422	0.6092	-1.6414
3758.0	4.795128	-0.214839	10.254393	0.038397243543875255	-3.141592653589793	-0.3089232776029963	-0.0639	0.6082	-1.6328
3759.0000000000005	4.837311	-0.203067	10.323063000000001	0.09075712110370514	-3.4836771869806817	-0.44505895925855404	-0.0898	0.6064	-1.6225
3760.0	4.9412970000000005	-0.339426	10.307367000000001	0.18151424220741028	-3.771656513559746	-0.6143558967020041	-0.1197	0.6056	-1.612
3761.0	5.128668000000001	-0.72594	10.278918	0.19896753472735357	-3.8885935734433663	-0.7120943348136864	-0.1536	0.6035	-1.6007
3761.9999999999995	5.577966	-1.283148	10.26126	0.4293509959906051	-3.972369377539094	-0.9791297103688189	-0.1923	0.6007	-1.5886
3763.0000000000005	6.207768000000001	-1.6981110000000001	10.212209999999999	0.5602506898901798	-3.8065630985996326	-1.2164944886400477	-0.2332	0.5968	-1.5746
3764.0	6.825798	-2.0601	10.146483	0.36826447217080355	-3.607595563872279	-1.3840460968315034	-0.2768	0.5906	-1.5587
3765.0	7.461486000000001	-2.4858540000000002	10.069965	0.4939281783143953	-3.431317309420852	-1.5742869852988852	-0.3214	0.5816	-1.545
3765.9999999999995	7.919613000000001	-2.646738	9.955188	0.5497787143782138	-3.1974431896536117	-1.7627825445142729	-0.3675	0.5709	-1.5188
3767.0	8.119737	-2.653605	9.850221000000001	0.11868238913561441	-2.977531703902326	-1.8500490071139892	-0.4128	0.5575	-1.4967
3768.0	8.01477	-2.6683200000000005	9.964017	-0.23736477827122882	-2.6790804018112957	-1.9216075064457567	-0.4582	0.5427	-1.466
3769.0	8.225685	-2.5761060000000002	10.281861000000001	-0.7871434926494426	-1.8832102629018816	-2.4225170017681297	-0.5014	0.5271	-1.4347
3770.0000000000005	8.043219	-2.716389	10.594800000000001	-1.038470904936626	-0.5654866776461628	-2.6127578902355113	-0.5408	0.5093	-1.4043
3771.0	7.408512	-2.9292659999999997	10.650717000000002	-0.9145525280450286	0.04014257279586958	-2.743657584135086	-0.5758	0.491	-1.3807
3772.0	6.387291	-2.8723680000000003	10.503567	-0.7993607974134029	0.2583087292951608	-2.6371924997634317	-0.6042	0.4718	-1.3588
3772.9999999999995	5.322906	-2.946924	10.320120000000001	-0.8063421144213803	0.5934119456780721	-2.235766771804736	-0.628	0.4514	-1.3413
3774.0	4.3262100000000006	-3.1087890000000002	10.146483	-0.7696902001294994	0.8028514559173916	-1.9303341527057283	-0.6455	0.4314	-1.3273
3775.0	3.2559389999999997	-3.1676490000000004	9.941454000000002	-0.6335545184739416	1.1466813185602747	-1.2234758056480248	-0.6582	0.4132	-1.3144
3776.0	2.293578	-3.3609060000000004	9.717786	-0.5201081170943103	1.3578661580515883	-0.4869468613064179	-0.6645	0.3957	-1.3136
3777.0000000000005	1.554885	-3.6169470000000006	9.471555	-0.5480333851262195	1.4748032179352084	0.21118483949131386	-0.6661	0.3823	-1.3106
3778.0	1.179162	-3.8543490000000005	9.030105	-0.6178465552059926	1.5760323145508794	0.788888821901437	-0.661	0.3707	-1.3174
3779.0	0.5483790000000001	-4.170231	8.428752	-0.6702064327658225	1.736602605734358	1.213003830136059	-0.6506	0.3624	-1.327
3779.9999999999995	0.332559	-4.184946	7.891164000000001	-0.6981317007977318	1.9373154697137058	1.520181778487061	-0.6365	0.3583	-1.3423
3781.0	0.530721	-3.987765	7.648857	-0.7173303225696694	2.0455258833373544	1.6266468628587152	-0.6182	0.3576	-1.3545
3782.0	0.9290070000000001	-3.7807740000000005	7.611579000000001	-0.7941248096574199	2.2636920398366454	1.7959438003021653	-0.596	0.3609	-1.3737
3783.0	1.2772620000000001	-3.537486	7.642971	-0.8185594191853406	2.4766222085799536	1.8849555921538759	-0.569	0.3692	-1.3892
3784.0000000000005	1.630422	-3.2265090000000005	7.719489000000001	-0.8168140899333461	2.7192229746071654	1.9093902016817965	-0.5386	0.3818	-1.4098
3785.0	2.084625	-2.877273	7.861734	-0.773180858633488	2.91469985083053	1.9216075064457567	-0.4983	0.3993	-1.4329
3786.0	2.657529	-2.5702200000000004	8.084421	-0.7295476273336297	3.085742117525975	1.9250981649497454	-0.4544	0.4193	-1.4557
3786.9999999999995	3.306951	-2.3396850000000002	8.368911	-0.7278022980816354	3.160791275361731	1.9722220547535925	-0.4062	0.4402	-1.4798
3788.0000000000005	3.970107	-2.154276	8.699508000000002	-0.6928957130417489	3.3213615665452094	2.008873969045473	-0.3547	0.4617	-1.5026
3789.0	4.613643000000001	-2.002221	9.045801	-0.6719517620178169	3.4400439556808236	2.101376419401173	-0.2996	0.4836	-1.5286
3790.0	5.240502	-1.9090260000000001	9.399942000000001	-0.6370451769779303	3.5220744305245573	2.199114857512855	-0.2398	0.5041	-1.5489
3790.9999999999995	5.86638	-1.8737100000000002	9.766836000000001	-0.6126105674500097	3.563962332572421	2.2863813201125716	-0.1773	0.5238	-1.571
3792.0	6.488334	-1.886463	10.135691999999999	-0.6038839211900381	3.590142271352336	2.3300145514124297	-0.1121	0.5419	-1.5872
3793.0	7.093611	-1.921779	10.491795	-0.6614797865058508	3.532546406036523	2.316051917396475	-0.0448	0.5586	-1.6082
3794.0	7.668477	-1.9551330000000002	10.821411	-0.7103490055616922	3.47495054072071	2.2706733568446227	0.0239	0.5735	-1.6226
3795.0000000000005	8.215875	-1.995354	11.110806	-0.8464846872172498	3.3196162372932148	2.129301687433082	0.0873	0.585	-1.6342
3796.0	8.7309	-2.022822	11.321721	-1.043706892692609	3.045599544730105	1.9058995431778079	0.1501	0.5956	-1.6432
3797.0	9.172350000000002	-2.019879	11.405106000000002	-1.2217304763960306	2.7087509990951992	1.6720254234105676	0.2116	0.6057	-1.6492
3797.9999999999995	9.520605000000002	-1.9237410000000001	11.319759	-1.3369222070276563	2.2741640153486116	1.4713125594312197	0.271	0.6157	-1.6533
3799.0	9.851202	-1.847223	11.0853	-1.0821041362364843	1.6650441064025905	1.1082840750163994	0.3271	0.6254	-1.6547
3800.0	10.032687	-1.3567230000000001	10.608534	-1.3247049022636963	1.4189526818713898	1.0245082709206714	0.3783	0.6358	-1.6559
3801.0	10.542807	-0.565056	10.315215000000002	-1.907644872429802	1.3473941825396225	1.08035880698449	0.425	0.648	-1.6543
3802.0000000000005	10.900872	-0.010791000000000002	9.85905	-1.879719604397893	1.3316862192716734	0.9756390518648302	0.4673	0.6622	-1.6512
3803.0	11.316816	0.446355	9.251811000000002	-1.319468914507713	1.3596114873035827	0.635299847725936	0.505	0.6774	-1.6471
3804.0	11.711178	0.930969	8.467992	-0.9337511498169663	1.31423292675173	0.16057029118347832	0.5385	0.6933	-1.643
3804.9999999999995	12.029022	1.523493	7.518384	-0.9267698328089891	1.0402162341886205	-0.3385938748868999	0.5681	0.7102	-1.6378
3806.0	12.210507	2.13858	6.510897	-1.069886831472524	0.598647933434055	-0.7976154681614086	0.5933	0.7283	-1.6327
3807.0	12.288987	2.661453	5.592681000000001	-1.085594794740473	0.3769911184307752	-0.9773843811168246	0.6143	0.7466	-1.627
3808.0	12.384144000000001	2.95281	4.965822	-0.905825881785057	0.054105206811824215	-1.265363707695889	0.6305	0.7656	-1.6221
3809.0000000000005	12.304683	3.200022	4.500828	-0.5480333851262195	-0.15533430342749532	-1.4381513036433275	0.642	0.7841	-1.6168
3810.0	12.204621000000001	3.0636630000000005	4.278141	-0.21467549799530256	-0.38048177693476387	-1.4625859131712482	0.6491	0.8019	-1.6122
3811.0	11.652318000000001	2.624175	3.8523870000000002	0.041887902047863905	-0.619591884457987	-1.3439035240356338	0.6537	0.8174	-1.6067
3811.9999999999995	11.157894	2.4201270000000004	3.5845740000000004	0.29670597283903605	-0.8150687606813519	-1.1187560505283651	0.6534	0.83	-1.6018
3813.0000000000005	10.515339	2.281806	3.477645	0.5567600313861911	-0.9232791743050003	-0.7749261878854823	0.6486	0.8401	-1.595
3814.0	9.809019000000001	2.087568	3.571821	0.7155849933176751	-0.9669124056048586	-0.5864306286700948	0.6406	0.8484	-1.588
3815.0	9.087003000000001	1.778553	3.870045	0.9791297103688189	-1.007054978400728	-0.2129301687433082	0.6297	0.8531	-1.5817
3815.9999999999995	8.422866	1.4381460000000001	4.288932	1.1466813185602747	-1.0419615634406147	0.13264502315156904	0.616	0.8549	-1.579
3817.0	7.8244560000000005	1.153656	4.7225340000000005	1.1623892818282233	-1.017526953912694	0.46949356878647464	0.6008	0.8525	-1.5794
3818.0	7.065162	0.6248970000000001	5.214015	1.281071670963838	-0.9651670763528641	0.7452555906015788	0.5849	0.8465	-1.5832
3819.0	5.818311	0.025506	5.416101	1.8640116411299439	-1.392772743091475	0.03316125578789226	0.5692	0.8368	-1.5904
3820.0000000000005	4.828482	-0.8191350000000001	5.921316000000001	2.118829711921116	-1.6790067404185451	-0.39793506945470714	0.5533	0.8231	-1.6
3821.0	4.337001	-0.9849240000000001	6.546213000000001	2.754129559647052	-2.0682151636132806	-1.307251609743753	0.534	0.8051	-1.6121
3822.0	4.2624450000000005	-0.181485	7.103421	2.4574235868080163	-2.0734511513692633	-1.3508848410436112	0.5134	0.7834	-1.6269
3822.9999999999995	4.437063	0.29135700000000003	7.724394	1.2514010736799344	-2.424262331020124	-0.7312929565856241	0.4918	0.7592	-1.644
3824.0	6.210711	-0.12360600000000001	8.738748000000001	1.0995574287564276	-2.21307749152881	-1.117010721276371	0.4672	0.7345	-1.6628
3825.0	6.975891	-0.44145	9.184122	1.2409290981679681	-0.15358897417550102	-0.8150687606813519	0.4427	0.7093	-1.6809
3826.0	6.748299	-0.31392000000000003	9.495099	1.007054978400728	-0.6841690667817772	-0.7120943348136864	0.4194	0.6831	-1.6971
3827.0000000000005	7.034751	0.201105	9.997371	0.8761552845011534	-0.5497787143782138	-0.6335545184739416	0.3964	0.6581	-1.7085
3828.0	7.165224000000001	0.7563510000000001	10.031706	0.5323254218582705	-0.19896753472735357	-0.48171087355043496	0.3742	0.6335	-1.7155
3829.0	7.997112	1.054575	10.260279	0.3839724354387525	-0.14835298641951802	-0.3490658503988659	0.3525	0.6115	-1.7165
3829.9999999999995	8.662230000000001	1.5862770000000002	10.117053000000002	0.4782202150464463	-0.07330382858376185	-0.4014257279586958	0.3325	0.5914	-1.7142
3831.0	8.957511	1.6206120000000002	9.858069	0.4852015320544236	0.06632251157578452	-0.3839724354387525	0.3166	0.5744	-1.7103
3832.0	8.832924	0.8083440000000001	9.657945000000002	0.40840704496667307	0.18675022996339324	-0.3141592653589793	0.3042	0.5608	-1.7072
3833.0	8.427771	0.24230700000000002	9.387189	0.3665191429188092	0.17278759594743864	-0.29670597283903605	0.295	0.5498	-1.7059
3834.0000000000005	6.482448000000001	0.644517	8.71128	0.32812189937493397	0.1710422666954443	-0.2583087292951608	0.2904	0.5391	-1.7066
3835.0	5.597586000000001	0.95157	8.584731	0.26005405854715513	0.16231562043547265	-0.20769418098732523	0.2874	0.5302	-1.7084
3836.0	5.756508	0.702396	8.556282	0.2181661564992912	0.15533430342749532	-0.19722220547535926	0.2846	0.5229	-1.7117
3836.9999999999995	5.443569	0.053955	8.312994000000002	0.2234021442552742	0.15707963267948966	-0.2007128639793479	0.2826	0.5162	-1.7161
3838.0000000000005	5.468094000000001	-0.212877	8.311031999999999	0.2234021442552742	0.18500490071139894	-0.19722220547535926	0.2816	0.5112	-1.7226
3839.0	5.429835000000001	-0.062784	8.347329	0.21467549799530256	0.16929693744344995	-0.19024088846738194	0.282	0.5056	-1.7307
3840.0	5.420025	0.10594800000000001	8.395398	0.20769418098732523	0.16755160819145562	-0.1832595714594046	0.2832	0.5006	-1.7438
3840.9999999999995	5.348412000000001	0.121644	8.41698	0.1832595714594046	0.158824961931484	-0.1710422666954443	0.2838	0.4962	-1.7559
3842.0	5.287590000000001	0.025506	8.434638	0.16580627893946132	0.16231562043547265	-0.15009831567151233	0.2857	0.4916	-1.7652
3843.0	5.288571	0.02943	8.430714000000002	0.1413716694115407	0.1413716694115407	-0.1413716694115407	0.2865	0.4876	-1.7737
3844.0	5.282685	-0.005886	8.404227	0.15184364492350666	0.12566370614359174	-0.13264502315156904	0.2882	0.484	-1.7764
3845.0000000000005	5.286609	-0.026487000000000004	8.383626000000001	0.13439035240356337	0.10995574287564276	-0.11519173063162574	0.2898	0.4807	-1.7746
3846.0	5.288571	0.059841000000000005	8.404227	0.11693705988362008	0.09075712110370514	-0.10821041362364843	0.2921	0.478	-1.774
3847.0	5.281704	0.16873200000000002	8.434638	0.09075712110370514	0.05759586531581287	-0.0890117918517108	0.2938	0.4753	-1.7747
3847.9999999999995	5.2718940000000005	0.254079	8.447391	0.0471238898038469	0.03665191429188092	-0.05585053606381855	0.2956	0.472	-1.7745
3849.0	5.252274	0.32373	8.457201	0.020943951023931952	-0.0017453292519943296	-0.03316125578789226	0.2964	0.4693	-1.7749
3850.0	5.2208820000000005	0.352179	8.463087	-0.005235987755982988	-0.020943951023931952	0.0017453292519943296	0.2974	0.4674	-1.772
3851.0	5.181642	0.357084	8.46603	-0.03490658503988659	-0.006981317007977318	0.03665191429188092	0.2979	0.4655	-1.7699
3852.0000000000005	5.156136	0.35512200000000005	8.455239	-0.041887902047863905	-0.012217304763960306	0.019198621771937627	0.2978	0.4647	-1.7687
3853.0	5.140440000000001	0.352179	8.433657	-0.054105206811824215	-0.006981317007977318	0.022689280275926284	0.298	0.4637	-1.7655
3854.0	5.124744	0.32176800000000005	8.405208	-0.026179938779914945	0.0	0.020943951023931952	0.2976	0.4628	-1.7663
3854.9999999999995	5.108067000000001	0.260946	8.378721	-0.0017453292519943296	0.03316125578789226	-0.0017453292519943296	0.2969	0.4625	-1.7711
3856.0	5.093352	0.180504	8.347329	0.020943951023931952	0.0645771823237902	-0.029670597283903602	0.2968	0.4621	-1.7715
3857.0	5.0835420000000004	0.093195	8.324766	0.06632251157578452	0.061086523819801536	-0.048869219055841226	0.2962	0.4619	-1.7701
3858.0	5.069808000000001	0.005886	8.319861	0.08377580409572781	0.0645771823237902	-0.06632251157578452	0.2962	0.4621	-1.7691
3859.0000000000005	5.060979000000001	-0.06572700000000001	8.311031999999999	0.10122909661567112	0.06283185307179587	-0.08726646259971647	0.2963	0.4625	-1.769
3860.0	5.046264	-0.12360600000000001	8.31888	0.12042771838760874	0.07853981633974483	-0.09948376736367678	0.2969	0.4619	-1.7675
3861.0	5.03253	-0.17952300000000002	8.323785	0.1413716694115407	0.08377580409572781	-0.11693705988362008	0.2978	0.4615	-1.7665
3861.9999999999995	5.018796000000001	-0.208953	8.322804000000001	0.18675022996339324	0.07504915783575616	-0.14486232791552936	0.2988	0.4606	-1.7667
3863.0000000000005	4.9923090000000006	-0.182466	8.330652	0.17453292519943295	0.0890117918517108	-0.14835298641951802	0.3008	0.4592	-1.7664
3864.0	4.976613	-0.112815	8.343405	0.12566370614359174	0.10471975511965978	-0.12566370614359174	0.3023	0.4577	-1.7647
3865.0	4.965822	-0.020601	8.361063	0.09075712110370514	0.10122909661567112	-0.11868238913561441	0.3037	0.4558	-1.7636
3865.9999999999995	4.970727000000001	0.061803000000000004	8.369892	0.06632251157578452	0.12217304763960307	-0.1117010721276371	0.3045	0.4539	-1.7624
3867.0	4.981518	0.145188	8.365968	0.0645771823237902	0.11693705988362008	-0.10297442586766545	0.3064	0.4523	-1.7638
3868.0	4.985442	0.20601000000000003	8.362044000000001	0.054105206811824215	0.11693705988362008	-0.09075712110370514	0.3078	0.4503	-1.7639
3869.0	4.987404	0.251136	8.365968	0.054105206811824215	0.12217304763960307	-0.07853981633974483	0.3099	0.4479	-1.7644
3870.0000000000005	4.997214	0.307053	8.364987000000001	0.054105206811824215	0.09250245035569947	-0.07853981633974483	0.311	0.4459	-1.7643
3871.0	4.999176000000001	0.361008	8.375778	0.048869219055841226	0.06283185307179587	-0.061086523819801536	0.3128	0.4438	-1.7666
3872.0	5.005062000000001	0.403191	8.39736	0.04363323129985824	0.059341194567807204	-0.05759586531581287	0.3135	0.4419	-1.7653
3872.9999999999995	5.0099670000000005	0.410058	8.420904	0.048869219055841226	0.027925268031909273	-0.059341194567807204	0.3135	0.4408	-1.7659
3874.0	4.988385	0.409077	8.490555	0.010471975511965976	-0.038397243543875255	-0.054105206811824215	0.3137	0.4397	-1.7661
3875.0	4.966803	0.37376100000000007	8.57394	0.003490658503988659	-0.15184364492350666	-0.054105206811824215	0.3143	0.4386	-1.7657
3876.0	4.931487000000001	0.265851	8.674002	0.07504915783575616	-0.26703537555513246	-0.08726646259971647	0.3143	0.4373	-1.7661
3877.0000000000005	4.890285	0.070632	8.780931	0.20245819323134223	-0.38048177693476387	-0.1954768762233649	0.3132	0.4363	-1.7654
3878.0	4.878513000000001	-0.050031000000000006	8.850582000000001	0.29670597283903605	-0.47298422729046335	-0.30019663134302466	0.3114	0.4347	-1.7654
3879.0	4.861836	-0.104967	8.951625	0.3420845333908886	-0.5323254218582705	-0.32114058236695664	0.3083	0.4332	-1.7655
3879.9999999999995	4.819653000000001	-0.181485	9.119376	0.40840704496667307	-0.7627088831215221	-0.3961897402027128	0.3028	0.431	-1.7654
3881.0	4.736268	-0.23642100000000002	9.385227	0.2932153143350474	-1.1693705988362009	-0.5078908123303499	0.2963	0.4287	-1.7647
3882.0	4.6793700000000005	-0.293319	9.740349	0.4363323129985824	-1.6720254234105676	-0.5934119456780721	0.288	0.4258	-1.7639
3883.0	4.605795	-0.29233800000000004	10.085661	0.5061454830783556	-2.129301687433082	-0.6736970912698113	0.2761	0.422	-1.7626
3884.0000000000005	4.5930420000000005	-0.41496299999999997	10.379961000000002	0.6108652381980153	-2.5534166956677042	-0.7749261878854823	0.2598	0.4177	-1.7612
3885.0	4.5930420000000005	-0.49442400000000003	10.582047000000001	0.8604473212332044	-2.9059732045705586	-0.9285151620609834	0.2388	0.4117	-1.7589
3886.0	4.701933	-0.6248970000000001	10.728216	0.9738937226128358	-3.0543261909900767	-1.038470904936626	0.2139	0.4042	-1.7556
3886.9999999999995	4.782375	-0.8083440000000001	10.80081	1.2356931104119853	-3.2899456400093112	-1.3055062804917585	0.1842	0.3942	-1.7516
3888.0000000000005	4.892247	-1.0516320000000001	10.839069	1.4713125594312197	-3.429571980168858	-1.5987215948268059	0.1496	0.3823	-1.7444
3889.0	5.1061049999999994	-1.429317	10.782171	1.6475908138826472	-3.4941491624926475	-1.9477874452256716	0.1107	0.3679	-1.7338
3890.0	5.374899000000001	-1.738332	10.621287	1.7976891295541595	-3.3894294073729876	-2.3177972466484698	0.0683	0.3508	-1.7201
3890.9999999999995	5.664294000000001	-1.95219	10.289709	1.6947147036864938	-3.1956978604016175	-2.5778513051956247	0.0225	0.3306	-1.7025
3892.0	5.7143250000000005	-1.931589	9.908100000000001	1.5027284859671177	-3.07177948351002	-2.68082573106329	-0.0255	0.3072	-1.6831
3893.0	5.432778	-1.9080450000000002	9.746235	0.6475171524898963	-2.6860617188192735	-2.743657584135086	-0.0735	0.2817	-1.6624
3894.0	4.801014	-2.1935160000000002	9.818829	-0.6440264939859076	-2.0193459445574393	-2.5970499269675624	-0.1208	0.2565	-1.6429
3895.0000000000005	4.527315000000001	-2.8468620000000002	10.062117	-1.361356816555577	-1.1344640137963142	-1.9303341527057283	-0.1651	0.2335	-1.6254
3896.0	3.9200760000000003	-3.5482770000000006	10.298538	-1.6196655458507379	0.041887902047863905	-0.7539822368615504	-0.2053	0.2132	-1.611
3897.0	3.1970790000000004	-3.987765	10.466289	-1.603957582582789	0.7103490055616922	0.16231562043547265	-0.2393	0.1984	-1.6004
3897.9999999999995	2.4083550000000002	-4.1555159999999995	10.622268	-1.7523105690023069	1.0122909661567112	0.9250245035569946	-0.2667	0.189	-1.5946
3899.0	1.640232	-4.095675	10.826316	-1.9216075064457567	1.1484266478122689	1.2409290981679681	-0.287	0.1866	-1.5924
3900.0	0.95157	-4.021119	11.097072	-2.151990967709008	1.4748032179352084	1.7016960206944713	-0.2993	0.1922	-1.5957
3901.0	0.37866600000000006	-3.9750120000000004	11.456118	-2.179916235740918	1.8605209826259552	1.965240737745615	-0.3041	0.207	-1.6035
3902.0000000000005	0.08142300000000001	-4.058397	11.755323	-2.0839231268812295	2.2218041377887814	2.0891591146372126	-0.3007	0.2301	-1.6159
3903.0	0.19129500000000002	-4.1378580000000005	11.835765	-1.907644872429802	2.4958208303518914	2.1485003092050197	-0.2894	0.2605	-1.6304
3904.0	0.6867000000000001	-3.784698	11.696463	-1.6598081186466074	2.6982790235832335	2.1694442602289516	-0.2696	0.2963	-1.645
3904.9999999999995	0.911349	-3.0734730000000003	11.451213000000001	-1.494001839707146	2.780309498426967	2.155481626212997	-0.2426	0.3358	-1.6563
3906.0	1.441089	-2.1582000000000003	11.243241	-1.18507856210415	2.9251718263424964	2.1258110289290935	-0.2106	0.3779	-1.6654
3907.0	2.190573	-1.364571	11.168685000000002	-0.9232791743050003	2.991494337918281	2.1153390534171272	-0.1734	0.4203	-1.6699
3908.0	3.014613	-0.869166	11.159856	-0.7295476273336297	3.0159289474462017	2.1258110289290935	-0.1314	0.4621	-1.6734
3909.0000000000005	3.7788120000000003	-0.576828	11.156913000000001	-0.5550147021341968	2.9548424236264	2.139773662945048	-0.0852	0.5021	-1.6765
3910.0	4.487094	-0.37278	11.108844000000001	-0.4415683007545654	2.827433388230814	2.1485003092050197	-0.0354	0.5393	-1.681
3911.0	5.138478000000001	-0.266832	11.005839	-0.44505895925855404	2.6249751949994717	2.158972284716986	0.0169	0.5727	-1.6853
3911.9999999999995	5.799672	-0.275661	10.883214	-0.46600291028248597	2.4818581963359363	2.1642082724729685	0.0705	0.6028	-1.6917
3913.0000000000005	6.4795050000000005	-0.35904600000000003	10.723311	-0.5619960191421741	2.241002759560719	2.202605516016844	0.1251	0.63	-1.6967
3914.0	7.07301	-0.455184	10.488852	-0.6475171524898963	1.9792033717615698	2.2549653935766734	0.1785	0.6543	-1.7021
3915.0	7.503669	-0.542493	10.156293000000002	-0.7330382858376184	1.6406094968746698	2.3474678439323733	0.2302	0.6754	-1.7067
3915.9999999999995	7.8117030000000005	-0.6621750000000001	9.764874	-0.6527531402458793	1.2479104151759457	2.384119758224254	0.2811	0.694	-1.7124
3917.0	8.010846	-0.7730279999999999	9.340101	-0.3839724354387525	0.8674286382411819	2.3352505391684133	0.329	0.7105	-1.7175
3918.0	8.1423	-0.770085	8.916309	-0.23561944901923448	0.6963863715457375	2.235766771804736	0.3744	0.7249	-1.7227
3919.0	8.278659000000001	-0.622935	8.522928	-0.015707963267948967	0.41364303272265607	2.1467549799530254	0.4157	0.7374	-1.7243
3920.0000000000005	8.49546	-0.41692500000000005	8.195274000000001	0.12391837689159739	0.28623399732707	1.8849555921538759	0.4528	0.7481	-1.7226
3921.0	8.788779	-0.126549	7.927461000000001	0.1291543646475804	0.40317105721069013	1.5219271077390555	0.4863	0.7567	-1.7164
3922.0	9.044820000000001	0.265851	7.670439000000001	0.022689280275926284	0.6335545184739416	1.096066770252439	0.5166	0.764	-1.7071
3922.9999999999995	9.171369	0.727902	7.3996830000000005	-0.24434609527920614	0.8796459430051421	0.6911503837897546	0.5429	0.7694	-1.702
3924.0	9.226305	1.182105	7.144623	-0.47472955654245763	0.9477137838329209	0.27576202181510406	0.5673	0.7736	-1.6927
3925.0	9.275355000000001	1.577448	6.913107	-0.5532693728822025	0.9512044423369096	0.09075712110370514	0.5893	0.777	-1.6846
3926.0	9.330291	1.9453230000000001	6.698268	-0.6178465552059926	0.8377580409572782	-0.24609142453120045	0.6087	0.7806	-1.6753
3927.0000000000005	9.425448000000001	2.264148	6.488334	-0.6178465552059926	0.6771877497737998	-0.4939281783143953	0.6249	0.7845	-1.6658
3928.0	9.551997	2.4721200000000003	6.272514	-0.5846852994181004	0.5148721293383273	-0.6579891280018623	0.6385	0.7885	-1.6555
3929.0	9.638325	2.553543	6.020397000000001	-0.5480333851262195	0.4118977034706618	-0.7382742735936013	0.6495	0.7933	-1.6464
3929.9999999999995	9.57456	2.5712010000000003	5.704515000000001	-0.4852015320544236	0.2844886680750757	-0.8045967851693859	0.659	0.7989	-1.6385
3931.0	9.376398	2.518227	5.348412000000001	-0.46600291028248597	0.2129301687433082	-0.8569566627292158	0.6656	0.8057	-1.6315
3932.0	9.114471	2.3544	4.998195	-0.4258603374866164	0.041887902047863905	-0.8639379797371931	0.6707	0.8134	-1.6237
3933.0	8.889822	2.084625	4.699971000000001	-0.3752457891787809	-0.12566370614359174	-0.8674286382411819	0.6728	0.8212	-1.6133
3934.0000000000005	8.724033	1.78542	4.474341	-0.2303834612632515	-0.26529004630313807	-0.8377580409572782	0.6734	0.8301	-1.6018
3935.0	8.612199	1.4979870000000002	4.359564000000001	-0.08726646259971647	-0.3455751918948773	-0.7382742735936013	0.6707	0.8386	-1.5948
3936.0	8.498403	1.228212	4.335039	0.09599310885968812	-0.3839724354387525	-0.6056292504420324	0.6661	0.8457	-1.5834
3936.9999999999995	8.315937	0.9810000000000001	4.378203	0.22689280275926285	-0.45553093477052004	-0.41538836197465046	0.6599	0.8519	-1.574
3938.0000000000005	8.055972	0.7651800000000001	4.464531	0.26703537555513246	-0.4834562028024293	-0.29670597283903605	0.6514	0.8568	-1.566
3939.0	7.752843	0.565056	4.595004	0.33161255787892263	-0.5288347633542818	-0.03490658503988659	0.6428	0.8599	-1.5624
3940.0	7.449714	0.351198	4.765698	0.40317105721069013	-0.5270894341022875	0.22514747350726852	0.6337	0.8624	-1.557
3940.9999999999995	7.0896870000000005	-0.39534300000000006	5.207148000000001	1.6790067404185451	-0.6632251157578453	0.4118977034706618	0.6247	0.8615	-1.5566
3942.0	6.178338000000001	-0.9231210000000001	4.933449	2.319542575900464	-1.8046704465621368	-0.31066860685499065	0.6129	0.8564	-1.5564
3943.0	5.496543000000001	-0.730845	5.373918	2.138028333693054	-2.234021442552742	-0.10821041362364843	0.5997	0.8481	-1.5572
3944.0	5.215977	-0.551322	6.279381000000001	1.4468779499032993	-2.1415189921970423	0.05759586531581287	0.5835	0.8363	-1.561
3945.0000000000005	4.7352870000000005	0.17952300000000002	6.838551000000001	1.0576695267085636	-2.405063709248186	0.06806784082777885	0.5652	0.8227	-1.5639
3946.0	4.583232000000001	0.726921	7.198578	0.6161012259539983	-2.8693212902786778	-0.5009094953223726	0.5444	0.809	-1.5703
3947.0	5.728059	0.677871	8.13249	1.0681415022205298	-1.8535396656179781	-1.171115928088195	0.5217	0.7933	-1.5785
3947.9999999999995	7.611579000000001	0.07848000000000001	8.817228	0.9267698328089891	0.09948376736367678	-0.4572762640225143	0.5013	0.7776	-1.5841
3949.0	7.510536	0.630783	9.073269000000002	0.4782202150464463	-0.19722220547535926	-0.39269908169872414	0.4803	0.7615	-1.5896
3950.0	7.658667	1.4401080000000002	9.635382	0.16929693744344995	-0.003490658503988659	-0.158824961931484	0.4592	0.745	-1.5947
3951.0	7.589997000000001	1.78542	9.558864000000002	0.17453292519943295	-0.07504915783575616	-0.15009831567151233	0.439	0.7308	-1.5984
3952.0000000000005	8.212932	2.078739	10.264203	0.23911010752322315	-0.013962634015954637	-0.15009831567151233	0.4216	0.7196	-1.6008
3953.0	8.665173	1.9051020000000003	10.285785	0.18675022996339324	0.041887902047863905	-0.12042771838760874	0.4067	0.7112	-1.6027
3954.0	8.712261	1.6382700000000001	9.748197000000001	0.16231562043547265	0.07853981633974483	-0.10471975511965978	0.3949	0.7042	-1.6047
3954.9999999999995	8.959473000000001	0.859356	9.557883	0.16231562043547265	0.10471975511965978	-0.11693705988362008	0.3872	0.6988	-1.6058
3956.0	8.892765	0.290376	9.534339000000001	0.18151424220741028	0.12566370614359174	-0.12217304763960307	0.3828	0.6933	-1.6074
3957.0	7.586073	0.31293899999999997	8.912385	0.17453292519943295	0.1291543646475804	-0.1308996938995747	0.3834	0.6889	-1.6085
3958.0	5.5642320000000005	0.8789760000000001	8.525871	0.17976891295541594	0.1361356816555577	-0.13264502315156904	0.3826	0.6854	-1.61
3959.0000000000005	5.526954000000001	0.261927	8.519985	0.22165681500327983	0.12217304763960307	-0.16580627893946132	0.3822	0.6825	-1.6102
3960.0	5.283666	-0.6062580000000001	8.170749	0.2565634000431664	0.16755160819145562	-0.1832595714594046	0.383	0.6801	-1.6114
3961.0	5.367051000000001	-0.41692500000000005	8.235495	0.26878070480712674	0.16406094968746698	-0.20245819323134223	0.3833	0.6772	-1.6126
3961.9999999999995	5.351355	-0.270756	8.242362	0.19722220547535926	0.1832595714594046	-0.16231562043547265	0.3847	0.6746	-1.6143
3963.0000000000005	5.300343000000001	-0.37866600000000006	8.222742	0.19024088846738194	0.18675022996339324	-0.1466076571675237	0.3865	0.6713	-1.6141
3964.0	5.266989000000001	-0.32373	8.287488	0.1780235837034216	0.20769418098732523	-0.13264502315156904	0.3883	0.6688	-1.613
3965.0	5.229711000000001	-0.26290800000000003	8.335557	0.17453292519943295	0.19198621771937624	-0.11693705988362008	0.3903	0.6656	-1.6089
3965.9999999999995	5.210091	-0.205029	8.381664	0.13439035240356337	0.1710422666954443	-0.10297442586766545	0.3916	0.6629	-1.6026
3967.0	5.198319000000001	-0.139302	8.412075000000002	0.10821041362364843	0.12566370614359174	-0.08203047484373349	0.3921	0.6602	-1.5956
3968.0	5.215977	-0.08142300000000001	8.418942	0.07330382858376185	0.09948376736367678	-0.05585053606381855	0.3934	0.6579	-1.5894
3969.0	5.253255	0.028449	8.440524000000002	0.06632251157578452	0.061086523819801536	-0.05759586531581287	0.395	0.6557	-1.5851
3970.0000000000005	5.270913	0.17265600000000003	8.461125000000001	0.038397243543875255	0.05235987755982989	-0.03490658503988659	0.3955	0.6533	-1.5833
3971.0	5.252274	0.258984	8.462106	0.038397243543875255	0.029670597283903602	-0.03490658503988659	0.3968	0.6517	-1.5828
3972.0	5.223825	0.243288	8.46603	0.026179938779914945	0.015707963267948967	-0.022689280275926284	0.3973	0.65	-1.584
3972.9999999999995	5.1953759999999996	0.273699	8.46603	0.008726646259971648	-0.003490658503988659	-0.008726646259971648	0.397	0.6497	-1.5858
3974.0	5.166926999999999	0.278604	8.467992	-0.0017453292519943296	-0.003490658503988659	0.012217304763960306	0.3971	0.6492	-1.5897
3975.0	5.150250000000001	0.251136	8.453277	-0.008726646259971648	-0.015707963267948967	0.017453292519943295	0.3969	0.649	-1.5954
3976.0	5.133573	0.209934	8.437581	-0.005235987755982988	-0.017453292519943295	0.019198621771937627	0.3976	0.6487	-1.6042
3977.0000000000005	5.113953	0.154017	8.418942	-0.0017453292519943296	-0.015707963267948967	0.013962634015954637	0.3977	0.6487	-1.6129
3978.0	5.0913900000000005	0.110853	8.400303	0.013962634015954637	-0.03316125578789226	0.0	0.3976	0.6483	-1.6209
3979.0	5.075694	0.069651	8.379702	0.017453292519943295	0.0	-0.006981317007977318	0.3977	0.648	-1.6241
3979.9999999999995	5.064903	0.022563	8.360082	0.020943951023931952	0.003490658503988659	-0.024434609527920613	0.3984	0.6479	-1.6232
3981.0	5.064903	-0.010791000000000002	8.3385	0.041887902047863905	0.015707963267948967	-0.03316125578789226	0.3984	0.6479	-1.6179
3982.0	5.065884	-0.033354	8.324766	0.03490658503988659	0.038397243543875255	-0.020943951023931952	0.3977	0.6479	-1.6101
3983.0	5.066865	-0.04905	8.312994000000002	0.031415926535897934	0.04537856055185257	-0.03665191429188092	0.3981	0.6477	-1.6026
3984.0000000000005	5.072751	-0.056898	8.297298	0.024434609527920613	0.05759586531581287	-0.03665191429188092	0.3976	0.6468	-1.5972
3985.0	5.073732000000001	-0.044145	8.293374	0.010471975511965976	0.06806784082777885	-0.019198621771937627	0.3981	0.6462	-1.5933
3986.0	5.081580000000001	-0.025506	8.28945	0.0017453292519943296	0.061086523819801536	-0.013962634015954637	0.3971	0.6457	-1.5926
3986.9999999999995	5.092371	0.002943	8.293374	-0.003490658503988659	0.0471238898038469	-0.005235987755982988	0.3967	0.6454	-1.5931
3988.0000000000005	5.102181000000001	0.021582000000000004	8.305146	-0.006981317007977318	0.05061454830783556	-0.003490658503988659	0.3962	0.6443	-1.5949
3989.0	5.100219000000001	0.025506	8.312013	0.017453292519943295	0.04537856055185257	-0.010471975511965976	0.3957	0.6447	-1.5982
3990.0	5.087466	0.038259	8.337519	0.019198621771937627	0.05759586531581287	-0.027925268031909273	0.3954	0.6444	-1.6043
3990.9999999999995	5.069808000000001	0.041202	8.360082	0.010471975511965976	0.05061454830783556	-0.031415926535897934	0.3949	0.6442	-1.6142
3992.0	5.056074	0.024525	8.373816000000001	0.026179938779914945	0.03490658503988659	-0.03316125578789226	0.395	0.6436	-1.6248
3993.0	5.036454	0.012753	8.392455	0.038397243543875255	0.027925268031909273	-0.04537856055185257	0.3951	0.6439	-1.6318
3994.0	5.015853	-0.003924	8.410112999999999	0.026179938779914945	0.020943951023931952	-0.0471238898038469	0.3951	0.6436	-1.6428
3995.0000000000005	5.008005	-0.017658	8.414037	0.038397243543875255	0.015707963267948967	-0.041887902047863905	0.3944	0.6432	-1.6474
3996.0	5.001138000000001	-0.023544	8.413056000000001	0.020943951023931952	0.020943951023931952	-0.04537856055185257	0.3951	0.6427	-1.653
3997.0	4.994271	-0.032373	8.411094	0.03665191429188092	0.017453292519943295	-0.05235987755982989	0.3952	0.642	-1.6506
3997.9999999999995	4.991328	-0.02943	8.413056000000001	0.05061454830783556	0.019198621771937627	-0.0645771823237902	0.3957	0.6422	-1.6527
3999.0	4.991328	-0.024525	8.41698	0.059341194567807204	0.003490658503988659	-0.06632251157578452	0.3961	0.6417	-1.653
4000.0	4.991328	-0.024525	8.414037	0.054105206811824215	0.003490658503988659	-0.07853981633974483	0.3964	0.6412	-1.6526
4001.0	4.986423	-0.019620000000000002	8.40717	0.0715584993317675	-0.003490658503988659	-0.0890117918517108	0.397	0.6403	-1.6493
4002.0000000000005	4.9717080000000005	-0.002943	8.431695000000001	0.041887902047863905	-0.041887902047863905	-0.09948376736367678	0.397	0.6393	-1.6479
4003.0	4.964841	0.000981	8.470935	0.0645771823237902	-0.0715584993317675	-0.09948376736367678	0.3963	0.638	-1.6482
4004.0	4.943259	-0.057879	8.526852	0.10297442586766545	-0.1291543646475804	-0.11868238913561441	0.3953	0.6374	-1.6442
4004.9999999999995	4.91481	-0.167751	8.61318	0.18675022996339324	-0.2129301687433082	-0.18500490071139894	0.3939	0.6366	-1.6428
4006.0	4.889304	-0.278604	8.726976	0.2844886680750757	-0.32986722862692824	-0.26529004630313807	0.3924	0.6362	-1.6387
4007.0	4.8598740000000005	-0.328635	8.875107	0.38746309394274114	-0.5044001538263612	-0.35779249665883756	0.3897	0.6351	-1.6412
4008.0	4.789242000000001	-0.327654	9.115452000000001	0.32114058236695664	-0.8342673824532895	-0.41015237421866746	0.3861	0.6333	-1.6402
4009.0000000000005	4.707819	-0.221706	9.421524000000002	0.3543018381548489	-1.2880529879718152	-0.40317105721069013	0.3812	0.6306	-1.6347
4010.0	4.629339	-0.133416	9.733482	0.34732052114687156	-1.509709802975095	-0.40317105721069013	0.3744	0.6274	-1.6337
4011.0	4.570479	-0.025506	10.051326	0.3543018381548489	-2.0053833105414847	-0.39269908169872414	0.3648	0.6245	-1.6313
4011.9999999999995	4.505733	0.089271	10.313253	0.33510321638291124	-2.492330171847903	-0.32986722862692824	0.3522	0.6206	-1.6305
4013.0000000000005	4.460607	0.13439700000000002	10.532016000000002	0.33335788713091696	-2.9286624848464853	-0.31066860685499065	0.3311	0.6153	-1.6284
4014.0	4.460607	0.11772	10.717425	0.4537856055185257	-3.2812189937493397	-0.3787364476827695	0.307	0.6104	-1.6242
4015.0	4.465512	0.14616900000000002	10.821411	0.5113814708343386	-3.6599554414321087	-0.5305800926062761	0.2766	0.6046	-1.6217
4015.9999999999995	4.543011	-0.006867000000000001	10.884195	0.8272860654453121	-3.897320219703338	-0.8482300164692442	0.2408	0.5974	-1.6149
4017.0	4.616586000000001	-0.18639	10.839069	0.8988445647770797	-4.010766621082969	-1.0332349171806432	0.1989	0.5888	-1.6078
4018.0	4.841235	-0.512082	10.656603	1.1239920382843482	-4.136430327226561	-1.4538592669112764	0.1527	0.5789	-1.5955
4019.0	5.17968	-0.9093870000000001	10.367208	1.3264502315156905	-4.166100924510465	-1.7994344588061537	0.1003	0.5659	-1.5893
4020.0000000000005	5.6760660000000005	-1.2360600000000002	10.047402	1.3491395117916167	-4.005530633326987	-2.035053907825388	0.0451	0.5515	-1.5751
4021.0	6.350994	-1.5696	9.737406	1.3788101090755203	-3.639011490408177	-2.1676989309769574	-0.0136	0.5326	-1.5624
4022.0	7.018074	-1.821717	9.430353	1.2828170002158321	-3.366740127097062	-2.223549467040776	-0.0725	0.5129	-1.5423
4022.9999999999995	7.619427	-1.9718100000000003	9.067383000000001	1.1501719770642633	-3.2375857624494815	-2.199114857512855	-0.1286	0.4909	-1.5245
4024.0	7.972587	-1.936494	8.716185	0.7941248096574199	-2.963569069886372	-2.1886428820008894	-0.1844	0.4662	-1.503
4025.0	8.158977	-1.911969	8.455239	0.24783675378319478	-2.5150194521238287	-2.158972284716986	-0.2381	0.4397	-1.4809
4026.0	7.793064	-1.6726050000000001	8.415999000000001	-0.57246799465414	-1.8709929581379212	-2.05599785884932	-0.2882	0.4142	-1.4581
4027.0000000000005	7.496802000000001	-1.7579520000000002	8.777988	-1.0978120995044334	-0.8220500776893293	-1.3596114873035827	-0.3334	0.3903	-1.4366
4028.0	7.113231	-2.0934540000000004	9.183141	-1.0419615634406147	0.0942477796076938	-0.6702064327658225	-0.3726	0.3696	-1.4162
4029.0	6.2146349999999995	-2.592783	9.488232	-0.7417649320975901	0.5061454830783556	-0.08377580409572781	-0.4053	0.3519	-1.3975
4029.9999999999995	5.134554	-2.921418	9.740349	-0.767944870877505	0.6789330790257941	0.22165681500327983	-0.4324	0.3381	-1.3813
4031.0	3.931848	-3.0636630000000005	9.954207	-1.0873401239924672	1.0768681484805014	0.8028514559173916	-0.4528	0.3304	-1.3671
4032.0	2.792907	-3.277521	10.187685	-1.2514010736799344	1.488765851951163	1.2514010736799344	-0.4672	0.3282	-1.3571
4033.0	1.7442180000000003	-3.5198280000000004	10.494738000000002	-1.2444197566719568	1.9058995431778079	1.5341444125030157	-0.474	0.3319	-1.3495
4034.0000000000005	0.949608	-3.7317240000000003	10.795905000000001	-1.239183768915974	2.2479840765686965	1.7505652397503124	-0.4754	0.3412	-1.3459
4035.0	0.368856	-3.819033	11.051946000000001	-1.3002702927357754	2.522000769131806	1.8832102629018816	-0.4698	0.3559	-1.3449
4036.0	0.419868	-3.871026	11.118654	-1.3177235852557188	2.658136450787364	1.9303341527057283	-0.4592	0.3742	-1.3473
4036.9999999999995	0.506196	-3.5580870000000004	10.875366000000001	-1.3247049022636963	2.9112091923265417	1.9634954084936207	-0.4435	0.3955	-1.3514
4038.0000000000005	0.64746	-2.87433	10.636002000000001	-1.2636183784438948	3.1171580440618727	1.9355701404617116	-0.425	0.4188	-1.3568
4039.0	1.260585	-2.039499	10.537902	-1.2060225131280815	3.3178709080412205	1.8936822384138476	-0.4026	0.4451	-1.3618
4040.0	1.9561140000000001	-1.4302980000000003	10.51632	-1.1397000015522971	3.434807967924841	1.8517943363659835	-0.3775	0.4724	-1.3663
4040.9999999999995	2.645757	-1.044765	10.537902	-1.0454522219446034	3.4697145529647275	1.8256143975860686	-0.3485	0.5005	-1.3705
4042.0	3.3530580000000003	-0.712206	10.587933	-0.9424777960769379	3.485422516232676	1.7872171540421935	-0.3192	0.5277	-1.3751
4043.0	4.105485	-0.38357100000000005	10.681128000000001	-0.8936085770210968	3.4976398209966364	1.7680185322702557	-0.2876	0.5545	-1.3815
4044.0	4.9079429999999995	-0.20601000000000003	10.818468000000001	-0.8482300164692442	3.4993851502486306	1.7767451785302275	-0.2541	0.5808	-1.3907
4045.0000000000005	5.745717	-0.19129500000000002	10.973466	-0.783652834145454	3.4819318577286875	1.7994344588061537	-0.2191	0.6065	-1.4033
4046.0	6.488334	-0.241326	11.115711000000001	-0.7347836150896128	3.431317309420852	1.8186330805780915	-0.183	0.6313	-1.4182
4047.0	7.167186000000001	-0.379647	11.231469	-0.7592182246175333	3.2724923474893677	1.8291050560900572	-0.1457	0.6554	-1.4341
4047.9999999999995	7.778349000000001	-0.5817330000000001	11.284443000000001	-0.7976154681614086	3.045599544730105	1.8448130193580063	-0.1077	0.6781	-1.4515
4049.0	8.330652	-0.796572	11.265804000000001	-0.783652834145454	2.872811948782666	1.858775653373961	-0.0679	0.7006	-1.4699
4050.0	8.846658000000001	-0.965304	11.137293	-0.7801621756414654	2.450442269800039	1.8832102629018816	-0.0281	0.7222	-1.4906
4051.0	9.30969	-1.0408410000000001	10.879290000000001	-0.7819075048934596	1.9565140914856434	1.9966566642815131	0.0111	0.7431	-1.511
4052.0000000000005	9.740349	-1.004544	10.48689	-0.8220500776893293	1.4503686084072878	2.1676989309769574	0.0506	0.7633	-1.5316
4053.0	10.09449	-0.74556	9.953226	-0.8325220532012952	0.9878563566287906	2.3509585024363617	0.0896	0.7831	-1.5488
4054.0	10.448631	-0.204048	9.345006	-1.090830782496456	0.6370451769779303	2.6249751949994717	0.1273	0.8019	-1.5599
4054.9999999999995	10.933245000000001	0.391419	8.650458	-1.345648853287628	0.5218534463463045	2.7471482426390748	0.1634	0.821	-1.5641
4056.0	11.554218	0.858375	7.813665	-1.3578661580515883	0.6003932626860493	2.710496328347194	0.197	0.8403	-1.5635
4057.0	12.193830000000002	1.239003	6.825798	-1.0349802464326374	0.9093165402890457	2.356194490192345	0.2298	0.859	-1.557
4058.0	12.641166	1.650042	5.777109	-0.5672320068981571	1.1641346110802178	1.684242728174528	0.2609	0.878	-1.5502
4059.0000000000005	12.798126	2.181744	4.7480400000000005	-0.30717794835100204	1.0140362954087054	0.8342673824532895	0.2892	0.8944	-1.5434
4060.0	12.745152	2.686959	3.848463	-0.45029494701453704	0.5393067388662478	0.024434609527920613	0.3149	0.91	-1.5385
4061.0	12.690216000000001	2.97243	3.1588200000000004	-0.5480333851262195	0.06806784082777885	-0.7103490055616922	0.3369	0.9239	-1.5337
4061.9999999999995	12.71376	3.0656250000000003	2.7389520000000003	-0.5410520681182421	-0.061086523819801536	-1.2967796342317868	0.3552	0.9376	-1.5308
4063.0000000000005	12.781449	2.8615770000000005	2.5643340000000006	-0.48171087355043496	-0.14486232791552936	-1.509709802975095	0.3683	0.9489	-1.5273
4064.0	12.719646000000001	2.401488	2.5025310000000003	-0.5009094953223726	-0.08377580409572781	-1.7715091907742444	0.3776	0.9606	-1.5271
4065.0	12.347847	1.882539	2.5456950000000003	-0.5567600313861911	-0.06632251157578452	-1.848303677861995	0.3819	0.9703	-1.5282
4065.9999999999995	11.678804999999999	1.414602	2.725218	-0.4904375198104066	-0.16755160819145562	-1.8011797880581482	0.3835	0.9782	-1.5323
4067.0	10.861632	1.012392	3.048948	-0.32288591161895097	-0.26703537555513246	-1.6667894356545847	0.3791	0.9842	-1.5376
4068.0	10.106262000000001	0.659232	3.497265	-0.18675022996339324	-0.4014257279586958	-1.429424657383356	0.3714	0.9884	-1.5431
4069.0	9.485289	0.206991	3.987765	-0.14835298641951802	-0.45553093477052004	-1.260127719939906	0.3599	0.9932	-1.5484
4070.0000000000005	8.850582000000001	-0.229554	4.413519000000001	-0.13788101090755203	-0.5654866776461628	-0.8831366015091308	0.3456	0.9975	-1.5497
4071.0	7.958853	-1.074195	4.809843000000001	0.4782202150464463	-0.8621926504851988	-0.39968039870670147	0.3303	1.0018	-1.5453
4072.0	6.667857	-1.967886	4.588137000000001	2.8501226685067405	-1.7976891295541595	-0.6457718232379019	0.3137	1.0025	-1.5433
4072.9999999999995	5.804577	-1.297863	4.478265	2.937389131106457	-2.4958208303518914	-0.24609142453120045	0.295	1.0001	-1.5419
4074.0	5.1267059999999995	-1.011411	4.734306	2.303834612632515	-2.6860617188192735	-0.024434609527920613	0.274	0.9921	-1.5437
4075.0	4.770603	-1.355742	5.6073960000000005	2.694788365079245	-3.12413936106985	-1.9181168479417683	0.2517	0.9807	-1.5447
4076.0	7.045542	-0.701415	6.991587	2.895501229058593	-1.7139133254584316	-2.076941809873252	0.2245	0.9649	-1.5466
4077.0000000000005	7.1583570000000005	0.592524	7.335918	1.335176877775662	0.19198621771937624	-0.9093165402890457	0.1988	0.9462	-1.5497
4078.0	7.461486000000001	1.939437	8.200179	0.3735004599267865	0.05585053606381855	-0.3368485456349056	0.1733	0.9251	-1.5537
4079.0	7.421265	2.074815	8.575902000000001	0.054105206811824215	-0.019198621771937627	-0.06981317007977318	0.1498	0.9031	-1.5554
4079.9999999999995	7.639047	2.125827	9.00558	0.003490658503988659	-0.03316125578789226	0.0	0.1276	0.8806	-1.56
4081.0	8.054991000000001	2.97243	9.346968	-0.16755160819145562	-0.024434609527920613	0.1361356816555577	0.1066	0.8583	-1.5705
4082.0	8.759349	3.7258380000000004	10.086642000000001	-0.19198621771937624	-0.03665191429188092	0.16929693744344995	0.0874	0.8381	-1.5763
4083.0	9.000675000000001	2.9263230000000005	10.551636	-0.17278759594743864	-0.019198621771937627	0.16231562043547265	0.0724	0.822	-1.5823
4084.0000000000005	9.112509	2.548638	10.577142	-0.12042771838760874	0.012217304763960306	0.1413716694115407	0.0616	0.8099	-1.5818
4085.0	8.965359000000001	2.888064	9.981675000000001	-0.10471975511965978	0.03490658503988659	0.12042771838760874	0.0546	0.8016	-1.5803
4086.0	6.270552	2.288673	8.888841000000001	-0.1117010721276371	0.024434609527920613	0.11868238913561441	0.0537	0.7968	-1.5844
4086.9999999999995	5.815368	1.0791000000000002	8.849601	-0.10821041362364843	0.015707963267948967	0.10297442586766545	0.0529	0.7956	-1.5871
4088.0000000000005	5.278761	-0.250155	8.274735000000002	-0.09948376736367678	0.015707963267948967	0.07853981633974483	0.0543	0.7976	-1.5854
4089.0	5.257179000000001	-0.413982	8.198217	-0.07504915783575616	0.013962634015954637	0.05759586531581287	0.0548	0.7996	-1.5859
4090.0	5.197338000000001	-0.5160060000000001	8.118756000000001	-0.04363323129985824	0.038397243543875255	0.024434609527920613	0.0561	0.8026	-1.5831
4090.9999999999995	5.207148000000001	-0.8387550000000001	8.056953	0.0017453292519943296	0.04537856055185257	-0.024434609527920613	0.0572	0.8045	-1.5813
4092.0	5.222844	-0.9035010000000001	8.076573000000002	0.020943951023931952	0.054105206811824215	-0.03316125578789226	0.0586	0.8063	-1.5774
4093.0	5.217939	-0.8878050000000001	8.110908	0.04537856055185257	0.06981317007977318	-0.061086523819801536	0.0591	0.8073	-1.575
4094.0	5.1953759999999996	-0.874071	8.15211	0.0471238898038469	0.08377580409572781	-0.061086523819801536	0.06	0.8088	-1.5736
4095.0000000000005	5.191452	-0.916254	8.169768	0.06632251157578452	0.07504915783575616	-0.06981317007977318	0.0597	0.809	-1.5774
4096.0	5.207148000000001	-0.9554940000000001	8.177616	0.10995574287564276	0.06632251157578452	-0.0942477796076938	0.0605	0.8094	-1.5726
4097.0	5.244426	-0.967266	8.183502	0.1466076571675237	0.07330382858376185	-0.11519173063162574	0.0607	0.8094	-1.5711
4098.0	5.295438	-0.9368550000000001	8.199198	0.16406094968746698	0.07679448708775051	-0.13264502315156904	0.0605	0.8076	-1.5705
4099.0	5.328792000000001	-0.869166	8.215875	0.18151424220741028	0.08203047484373349	-0.13264502315156904	0.0601	0.806	-1.5712
4100.0	5.353317	-0.782838	8.234514	0.15358897417550102	0.08726646259971647	-0.12042771838760874	0.0602	0.8036	-1.5718
4101.0	5.355279	-0.7004340000000001	8.251191	0.1466076571675237	0.06981317007977318	-0.10122909661567112	0.0595	0.8017	-1.5719
4102.0	5.341545	-0.620973	8.253153000000001	0.11868238913561441	0.07330382858376185	-0.09075712110370514	0.0597	0.7992	-1.5729
4103.0	5.278761	-0.599391	8.280621	0.11693705988362008	0.05061454830783556	-0.09075712110370514	0.0599	0.7972	-1.5738
4104.0	5.236578000000001	-0.599391	8.28945	0.10821041362364843	0.0471238898038469	-0.08552113334772216	0.0595	0.7946	-1.5757
4105.0	5.217939	-0.576828	8.284545000000001	0.1291543646475804	0.048869219055841226	-0.10297442586766545	0.0596	0.7921	-1.5763
4106.0	5.201262000000001	-0.545436	8.272773	0.1466076571675237	0.06981317007977318	-0.11519173063162574	0.0593	0.7903	-1.5773
4107.0	5.194395	-0.5071770000000001	8.270811	0.16231562043547265	0.08203047484373349	-0.12042771838760874	0.0595	0.7878	-1.5777
4108.0	5.192433	-0.46891800000000006	8.265906000000001	0.16231562043547265	0.09599310885968812	-0.12566370614359174	0.0593	0.7859	-1.5789
4109.0	5.1904710000000005	-0.45126	8.26983	0.15707963267948966	0.09599310885968812	-0.12042771838760874	0.0598	0.784	-1.5799
4110.0	5.174775	-0.446355	8.270811	0.158824961931484	0.12042771838760874	-0.09948376736367678	0.0598	0.7818	-1.5813
4111.0	5.159079	-0.446355	8.274735000000002	0.14835298641951802	0.10821041362364843	-0.09948376736367678	0.0609	0.7794	-1.583
4112.0	5.155155	-0.443412	8.278659000000001	0.12391837689159739	0.10471975511965978	-0.09773843811168245	0.0614	0.7777	-1.5836
4113.0	5.194395	-0.396324	8.26002	0.10122909661567112	0.0890117918517108	-0.06283185307179587	0.0619	0.7756	-1.5818
4114.0	5.214996	-0.32667300000000005	8.263944	0.08552113334772216	0.07853981633974483	-0.06632251157578452	0.0624	0.7735	-1.5777
4115.0	5.223825	-0.256041	8.281602	0.0715584993317675	0.07853981633974483	-0.054105206811824215	0.0638	0.7715	-1.5721
4116.0	5.226768000000001	-0.18639	8.306127	0.03490658503988659	0.061086523819801536	-0.029670597283903602	0.064	0.7685	-1.565
4117.0	5.213034	-0.145188	8.325747	0.019198621771937627	0.041887902047863905	-0.012217304763960306	0.0643	0.7664	-1.5587
4118.0	5.181642	-0.139302	8.352234000000001	0.019198621771937627	0.031415926535897934	-0.013962634015954637	0.0649	0.7649	-1.5545
4119.0	5.1522120000000005	-0.13439700000000002	8.364987000000001	-0.0017453292519943296	0.03490658503988659	-0.010471975511965976	0.065	0.7639	-1.5517
4120.0	5.13063	-0.153036	8.373816000000001	0.019198621771937627	0.006981317007977318	-0.013962634015954637	0.0648	0.7627	-1.551
4121.0	5.115915	-0.180504	8.370873	0.020943951023931952	0.022689280275926284	-0.024434609527920613	0.0649	0.7616	-1.5514
4122.0	5.105124	-0.203067	8.36793	0.020943951023931952	0.017453292519943295	-0.027925268031909273	0.0645	0.7611	-1.5535
4123.0	5.099238000000001	-0.220725	8.364006	0.017453292519943295	0.026179938779914945	-0.027925268031909273	0.0643	0.7602	-1.5571
4124.0	5.0913900000000005	-0.244269	8.359101	0.03490658503988659	0.015707963267948967	-0.027925268031909273	0.064	0.76	-1.5638
4125.0	5.084523	-0.270756	8.350272	0.008726646259971648	0.04537856055185257	-0.024434609527920613	0.0631	0.7596	-1.5713
4126.0	5.0786370000000005	-0.293319	8.342424000000001	0.020943951023931952	0.03316125578789226	-0.024434609527920613	0.0633	0.7597	-1.5803
4127.0	5.079618000000001	-0.30312900000000004	8.334576	0.017453292519943295	0.038397243543875255	-0.020943951023931952	0.0641	0.7595	-1.5881
4128.0	5.089428000000001	-0.293319	8.327709	0.027925268031909273	0.04363323129985824	-0.03665191429188092	0.0643	0.7586	-1.5928
4129.0	5.0913900000000005	-0.28449	8.327709	0.020943951023931952	0.03490658503988659	-0.031415926535897934	0.0653	0.7579	-1.5926
4130.0	5.092371	-0.266832	8.327709	0.026179938779914945	0.024434609527920613	-0.029670597283903602	0.0656	0.7575	-1.59
4131.0	5.093352	-0.249174	8.321823	0.026179938779914945	0.027925268031909273	-0.03490658503988659	0.0655	0.7575	-1.5826
4132.0	5.0835420000000004	-0.243288	8.331633000000002	0.020943951023931952	0.03665191429188092	-0.024434609527920613	0.0665	0.7571	-1.5753
4133.0	5.066865	-0.23544	8.359101	0.006981317007977318	-0.012217304763960306	-0.031415926535897934	0.0668	0.7574	-1.5692
4134.0	5.056074	-0.23053500000000002	8.372835	-0.006981317007977318	-0.33161255787892263	-0.020943951023931952	0.0669	0.7565	-1.5657
4135.0	5.038416	-0.220725	8.392455	-0.022689280275926284	-0.05585053606381855	-0.006981317007977318	0.0666	0.7563	-1.5636
4136.0	5.026644	-0.204048	8.40717	-0.03490658503988659	-0.048869219055841226	-0.003490658503988659	0.0663	0.7564	-1.5644
4137.0	5.020758000000001	-0.180504	8.42679	-0.0471238898038469	-0.10995574287564276	0.012217304763960306	0.0656	0.7562	-1.5654
4138.0	5.014872	-0.17069399999999998	8.452296	-0.07504915783575616	-0.12740903539558607	0.015707963267948967	0.0641	0.7567	-1.5685
4139.0	5.023701	-0.17167500000000002	8.486631000000001	-0.0715584993317675	-0.18500490071139894	0.012217304763960306	0.0624	0.7564	-1.5727
4140.0	5.0227200000000005	-0.220725	8.517042	-0.05759586531581287	-0.2303834612632515	-0.003490658503988659	0.0604	0.7565	-1.579
4141.0	5.002119	-0.306072	8.590617	-0.012217304763960306	-0.2583087292951608	-0.03490658503988659	0.0578	0.7561	-1.5875
4142.0	4.978575	-0.35414100000000004	8.696565	0.03316125578789226	-0.3700098014227979	-0.06981317007977318	0.0543	0.7558	-1.5956
4143.0	4.9157910000000005	-0.33059700000000003	8.876088000000001	0.019198621771937627	-0.5899212871740833	-0.10297442586766545	0.0511	0.7556	-1.5994
4144.0	4.839273	-0.26879400000000003	9.095832000000001	-0.031415926535897934	-0.9128071987930343	-0.07504915783575616	0.046	0.7561	-1.6017
4145.0	4.789242000000001	-0.249174	9.313614000000001	-0.022689280275926284	-1.2636183784438948	-0.0471238898038469	0.0414	0.7561	-1.6021
4146.0	4.724496	-0.182466	9.551997	-0.0715584993317675	-1.642354826126664	-0.0017453292519943296	0.0344	0.7557	-1.5982
4147.0	4.675446000000001	-0.153036	9.765855	-0.07504915783575616	-2.022836603061428	0.015707963267948967	0.026	0.7563	-1.5942
4148.0	4.6362060000000005	-0.14322600000000002	9.958131	-0.0715584993317675	-2.199114857512855	0.027925268031909273	0.0144	0.7561	-1.5892
4149.0	4.621491000000001	-0.157941	10.126863	-0.04537856055185257	-2.590068609959585	-0.003490658503988659	-0.0001	0.7568	-1.5842
4150.0	4.603833	-0.139302	10.273031999999999	-0.013962634015954637	-2.9827676916583092	-0.048869219055841226	-0.0172	0.757	-1.5774
4151.0	4.568517	-0.12360600000000001	10.371132	0.031415926535897934	-3.3580134808370903	-0.14835298641951802	-0.0388	0.7572	-1.5675
4152.0	4.55184	-0.180504	10.387809	0.06632251157578452	-3.6826447217080354	-0.33161255787892263	-0.0646	0.7574	-1.5564
4153.0	4.608738	-0.35512200000000005	10.328949	0.23212879051524585	-3.98284135305106	-0.5288347633542818	-0.0944	0.7568	-1.5447
4154.0	4.801014	-0.6827759999999999	10.223001	0.32812189937493397	-4.124213022462601	-0.6527531402458793	-0.1282	0.7555	-1.5307
4155.0	5.125725	-1.2233070000000001	10.112148	0.5969026041820608	-4.3406338497098975	-0.9983283321407566	-0.1675	0.7534	-1.5116
4156.0	5.634864	-1.851147	10.007181000000001	1.0105456369047168	-4.317944569433972	-1.424188669627373	-0.2112	0.7495	-1.4903
4157.0	6.317640000000001	-2.166048	9.936549	0.9093165402890457	-4.150392961242516	-1.6720254234105676	-0.2582	0.7428	-1.4676
4158.0	7.137756	-2.5064550000000003	9.885537000000001	0.6806784082777885	-3.86590429316744	-1.8011797880581482	-0.3076	0.7335	-1.4468
4159.0	7.8676200000000005	-2.8753110000000004	9.806076000000001	0.8639379797371931	-3.6093408931242736	-1.9844393595175527	-0.3583	0.7212	-1.4209
4160.0	8.468973	-3.0038220000000004	9.727596	0.6143558967020041	-3.3615041393410787	-1.9879300180215413	-0.4105	0.7059	-1.3891
4161.0	8.899632	-3.072492	9.67266	0.39269908169872414	-3.1869712141416455	-1.9512781037296605	-0.4611	0.688	-1.3557
4162.0	9.090927	-3.243186	9.69228	0.06632251157578452	-2.638937829015426	-1.9739673840055867	-0.5132	0.665	-1.3223
4163.0	8.62299	-3.409956	9.914966999999999	-0.18151424220741028	-1.9425514574696887	-2.1275563581810877	-0.5645	0.64	-1.2892
4164.0	8.842734	-3.3579630000000003	10.333853999999999	-0.4991641660703783	-0.640535835481919	-1.8919369091618534	-0.6094	0.6143	-1.2557
4165.0	8.206065	-3.362868	10.647774	-0.5375614096142535	0.28099800957108706	-1.551597705022959	-0.6512	0.5874	-1.2288
4166.0	7.276077000000001	-3.480588	10.752741000000002	-0.158824961931484	0.8464846872172498	-1.281071670963838	-0.6848	0.5618	-1.2062
4167.0	5.956632	-3.73761	10.678185000000001	-0.08203047484373349	1.0000736613927508	-1.101302758008422	-0.7145	0.5368	-1.1866
4168.0	4.452759	-3.740553	10.499643	-0.24434609527920614	1.1903145498601329	-0.6335545184739416	-0.7358	0.5153	-1.1666
4169.0	3.0401190000000002	-3.641472	10.306386	-0.5235987755982988	1.36659280431156	-0.11344640137963143	-0.7532	0.496	-1.1552
4170.0	1.6981110000000001	-3.799413	10.05525	-0.7033676885537148	1.4224433403753787	0.3665191429188092	-0.7629	0.4815	-1.1514
4171.0	0.5258160000000001	-3.962259	9.749178	-0.7906341511534313	1.265363707695889	0.7661995416255106	-0.7697	0.4713	-1.1548
4172.0	-0.23544	-3.9769740000000002	9.439182	-0.8552113334772214	1.335176877775662	1.1466813185602747	-0.7677	0.4689	-1.1607
4173.0	-0.163827	-3.9887460000000003	9.000675000000001	-0.7714355293814937	1.6179202165987436	1.4660765716752369	-0.7616	0.4715	-1.1718
4174.0	-0.705339	-4.073112	8.448372	-0.7382742735936013	1.8517943363659835	1.6091935703387719	-0.7528	0.4778	-1.1861
4175.0	-0.46107000000000004	-3.792546	8.027523	-0.6859143960337715	2.316051917396475	1.8517943363659835	-0.7396	0.4894	-1.2026
4176.0	-0.082404	-3.31578	7.792083000000001	-0.6527531402458793	2.66860842629933	1.9774580425095754	-0.7238	0.5044	-1.2202
4177.0	0.5405310000000001	-2.9616390000000004	7.728318	-0.6143558967020041	2.9199358385865137	2.0001473227855016	-0.7041	0.5236	-1.2403
4178.0	1.292958	-2.793888	7.805817	-0.57246799465414	3.1764992386296798	1.9792033717615698	-0.6815	0.5456	-1.261
4179.0	2.105226	-2.6673389999999997	7.989264	-0.5550147021341968	3.447025272688801	1.932079481957723	-0.655	0.5708	-1.2835
4180.0	3.0695490000000003	-2.5093980000000005	8.304165000000001	-0.5410520681182421	3.553490357060455	1.9495327744776663	-0.6248	0.5964	-1.3071
4181.0	4.14963	-2.38383	8.715204	-0.5515240436302081	3.771656513559746	1.986184688769547	-0.5897	0.6231	-1.3331
4182.0	5.127687000000001	-2.3269320000000002	9.124281000000002	-0.46949356878647464	3.9112828537192925	2.0891591146372126	-0.5517	0.6489	-1.3603
4183.0	5.9860619999999995	-2.270034	9.524529000000001	-0.3961897402027128	4.033455901358895	2.2427480888127134	-0.5075	0.6749	-1.3899
4184.0	6.82776	-2.247471	9.909081	-0.3089232776029963	4.080579791162743	2.4347343065320897	-0.4599	0.6998	-1.4192
4185.0	7.682211000000001	-2.323989	10.299519000000002	-0.25132741228718347	4.113741046950635	2.665117767795341	-0.4076	0.7242	-1.4491
4186.0	8.598465	-2.454462	10.688976	-0.1832595714594046	4.061381169390804	2.8466320100027516	-0.3526	0.7473	-1.479
4187.0	9.506871	-2.587878	11.039193000000001	-0.16580627893946132	4.031710572106901	2.907718533822553	-0.2931	0.7696	-1.5063
4188.0	10.320120000000001	-2.6742060000000003	11.255013	-0.18675022996339324	3.8292523788755592	2.9530970943744053	-0.2316	0.7902	-1.5307
4189.0	11.041155	-2.714427	11.293272	-0.38571776469074687	3.490658503988659	2.871066619530672	-0.1671	0.8095	-1.5514
4190.0	11.699406000000002	-3.036195	11.078433	-0.3543018381548489	2.935643801854462	2.647664475275398	-0.102	0.8282	-1.5686
4191.0	12.136932000000002	-2.651643	10.389771	0.054105206811824215	1.953023432981655	1.8832102629018816	-0.0376	0.8438	-1.5848
4192.0	12.818727	-1.274319	9.888480000000001	-1.1536626355682518	1.3945180723434694	1.8221237390820801	0.0243	0.8594	-1.6014
4193.0	13.540743	-0.5375880000000001	9.326367000000001	-1.9390607989657	1.3002702927357754	1.8570303241219668	0.0831	0.8754	-1.6152
4194.0	13.996908000000001	-0.026487000000000004	8.500365	-2.2846359908605773	1.2426744274199626	1.631882850614698	0.1384	0.8935	-1.6282
4195.0	14.301018000000001	0.7180920000000001	7.488954	-1.616174887346749	1.1641346110802178	1.0210176124166828	0.1899	0.9113	-1.639
4196.0	14.537439000000001	1.632384	6.300963	-0.9512044423369096	0.9930923443847735	0.5061454830783556	0.2368	0.9298	-1.6474
4197.0	14.633577	2.5015500000000004	5.026644	-0.6387905062299246	0.7609635538695277	-0.017453292519943295	0.2776	0.9478	-1.6556
4198.0	14.517819000000001	3.2373000000000003	3.83571	-0.5218534463463045	0.38571776469074687	-0.582939970166106	0.3119	0.9649	-1.6639
4199.0	14.256873	3.8111850000000005	2.857653	-0.5218534463463045	-0.04537856055185257	-1.0367255756846316	0.3394	0.981	-1.6724
4200.0	13.945896000000001	4.543011	2.221965	-0.4537856055185257	-0.22689280275926285	-1.2217304763960306	0.3595	0.9972	-1.6815
4201.0	13.749696	4.50279	2.149371	-0.2932153143350474	-0.4380776422505767	-1.4433872913993107	0.3739	1.0141	-1.6873
4202.0	13.161096	3.4835310000000006	1.953171	-0.08552113334772216	-0.5480333851262195	-1.4922565104551517	0.3832	1.0295	-1.689
4203.0	12.391992000000002	3.101922	1.8060210000000003	0.06283185307179587	-0.6318091892219474	-1.36659280431156	0.3865	1.0419	-1.687
4204.0	11.646432	2.904741	1.934532	0.23212879051524585	-0.7278022980816354	-1.137954672300303	0.3851	1.0504	-1.6824
4205.0	10.902834	2.4691769999999997	2.288673	0.41538836197465046	-0.7958701389094143	-0.8429940287132611	0.3783	1.0561	-1.6752
4206.0	10.067022	1.861938	2.853729	0.582939970166106	-0.8709192967451704	-0.5550147021341968	0.3668	1.0595	-1.6696
4207.0	9.195894000000001	1.305711	3.552201	0.6161012259539983	-0.8831366015091308	-0.41015237421866746	0.3531	1.0607	-1.6655
4208.0	8.373816000000001	0.8054010000000001	4.266369	0.6422811647339133	-1.0140362954087054	-0.09250245035569947	0.337	1.0605	-1.6652
4209.0	7.595883000000001	0.062784	4.990347000000001	0.8621926504851988	-1.2322024519079966	0.2234021442552742	0.3195	1.0583	-1.6669
4210.0	6.609978	-0.46597500000000003	5.213034	1.8325957145940461	-1.9198621771937625	-0.16057029118347832	0.2997	1.0529	-1.672
4211.0	5.926221	-0.70632	5.56227	1.8849555921538759	-2.384119758224254	-0.39968039870670147	0.278	1.0447	-1.6787
4212.0	5.696667000000001	-1.035936	6.121440000000001	2.0839231268812295	-2.1031217486531673	-0.5707226654021458	0.253	1.033	-1.6884
4213.0	5.30721	-1.219383	6.572700000000001	2.2043508452688383	-1.9024088846738192	-0.6422811647339133	0.227	1.0176	-1.7005
4214.0	5.863437	-1.8658620000000001	7.299621	2.3544491609403506	-2.3108159296404924	-1.3596114873035827	0.1985	0.9988	-1.7154
4215.0	7.18092	-1.4656140000000002	7.9411950000000004	2.4068090385001804	-0.8237954069413236	-1.4486232791552935	0.1678	0.9763	-1.7344
4216.0	7.596864	-0.0049050000000000005	8.451315000000001	1.1274826967883367	-0.10995574287564276	-0.757472895365539	0.139	0.9503	-1.7531
4217.0	7.681230000000001	0.8299259999999999	8.939853000000001	0.2722713633111154	0.08028514559173916	-0.3036872898470133	0.1114	0.9238	-1.767
4218.0	7.827399000000001	0.5395500000000001	9.119376	0.2234021442552742	0.061086523819801536	-0.16929693744344995	0.0852	0.8971	-1.7853
4219.0	8.145243	1.0065060000000001	9.256716	0.22863813201125716	0.07504915783575616	-0.15533430342749532	0.0608	0.8722	-1.7954
4220.0	8.61318	1.533303	9.750159	0.12566370614359174	0.09250245035569947	-0.10297442586766545	0.0396	0.8485	-1.8007
4221.0	8.830962000000001	1.6314030000000002	9.938511	0.024434609527920613	0.054105206811824215	-0.029670597283903602	0.022	0.8266	-1.8051
4222.0	8.686755	1.827603	9.787437	0.017453292519943295	0.0715584993317675	-0.020943951023931952	0.0092	0.8084	-1.8091
4223.0	8.725014	1.916874	9.690318000000001	0.020943951023931952	0.06632251157578452	-0.015707963267948967	0.0005	0.7933	-1.8124
4224.0	7.821513	2.52117	9.281241000000001	-0.0	0.06283185307179587	0.003490658503988659	-0.0045	0.7827	-1.8156
4225.0	6.23916	2.135637	8.890803	-0.026179938779914945	0.05235987755982989	0.027925268031909273	-0.0047	0.776	-1.8146
4226.0	5.643693000000001	0.641574	8.567073	-0.03665191429188092	0.06806784082777885	0.038397243543875255	-0.0051	0.7732	-1.8142
4227.0	5.503410000000001	-0.271737	8.247267	-0.012217304763960306	0.06981317007977318	-0.0017453292519943296	-0.0047	0.7721	-1.8146
4228.0	5.485752000000001	-0.023544	8.225685	-0.0017453292519943296	0.11693705988362008	-0.026179938779914945	-0.005	0.7717	-1.8094
4229.0	5.400405	-0.175599	8.163882000000001	0.04537856055185257	0.1291543646475804	-0.06283185307179587	-0.0052	0.771	-1.8095
4230.0	5.403348	-0.44537400000000005	8.114832000000002	0.054105206811824215	0.1413716694115407	-0.07504915783575616	-0.0054	0.7707	-1.8107
4231.0	5.380785	-0.45714600000000005	8.124642000000001	0.054105206811824215	0.13264502315156904	-0.05061454830783556	-0.0046	0.7706	-1.8108
4232.0	5.339583	-0.43164	8.163882000000001	0.03490658503988659	0.11693705988362008	-0.04363323129985824	-0.0035	0.7703	-1.813
4233.0	5.330754	-0.42771600000000004	8.185464000000001	0.038397243543875255	0.1064650843716541	-0.03490658503988659	-0.0024	0.7706	-1.8145
4234.0	5.366070000000001	-0.44145	8.177616	0.029670597283903602	0.11519173063162574	-0.027925268031909273	-0.0011	0.7696	-1.8141
4235.0	5.369994	-0.458127	8.178597	0.022689280275926284	0.10471975511965978	-0.015707963267948967	0.0001	0.769	-1.8173
4236.0	5.369013000000001	-0.41103900000000004	8.203122	0.008726646259971648	0.09599310885968812	-0.020943951023931952	0.0026	0.7682	-1.8153
4237.0	5.374899000000001	-0.357084	8.234514	-0.0	0.09075712110370514	-0.017453292519943295	0.0036	0.7673	-1.8166
4238.0	5.360184	-0.30999600000000005	8.267868	0.0017453292519943296	0.061086523819801536	-0.010471975511965976	0.0058	0.7669	-1.8161
4239.0	5.346450000000001	-0.26388900000000004	8.292393	-0.013962634015954637	0.06283185307179587	-0.012217304763960306	0.0076	0.7659	-1.8155
4240.0	5.336640000000001	-0.254079	8.30907	-0.006981317007977318	0.04537856055185257	0.0	0.0101	0.7652	-1.815
4241.0	5.321925	-0.29135700000000003	8.307108000000001	0.003490658503988659	0.041887902047863905	-0.006981317007977318	0.0107	0.7646	-1.816
4242.0	5.305248	-0.335502	8.301222	0.013962634015954637	0.024434609527920613	-0.005235987755982988	0.012	0.7643	-1.8134
4243.0	5.286609	-0.358065	8.297298	0.041887902047863905	0.024434609527920613	-0.026179938779914945	0.0125	0.7639	-1.8119
4244.0	5.273856	-0.361008	8.301222	0.03490658503988659	0.04537856055185257	-0.012217304763960306	0.0134	0.7637	-1.8111
4245.0	5.260122	-0.36689400000000005	8.300241	0.0471238898038469	0.027925268031909273	-0.024434609527920613	0.0135	0.7638	-1.809
4246.0	5.254236	-0.36983699999999997	8.302203	0.017453292519943295	0.03316125578789226	-0.013962634015954637	0.0138	0.7637	-1.8101
4247.0	5.253255	-0.35904600000000003	8.29926	0.026179938779914945	0.015707963267948967	-0.013962634015954637	0.0143	0.7631	-1.8099
4248.0	5.251293	-0.364932	8.294355000000001	0.026179938779914945	0.015707963267948967	-0.015707963267948967	0.0146	0.7624	-1.8094
4249.0	5.2463880000000005	-0.361008	8.283564	0.015707963267948967	0.019198621771937627	-0.012217304763960306	0.0144	0.7614	-1.8096
4250.0	5.240502	-0.347274	8.272773	0.020943951023931952	0.010471975511965976	-0.005235987755982988	0.0142	0.7612	-1.8102
4251.0	5.239521000000001	-0.322749	8.264925	-0.0	0.027925268031909273	0.003490658503988659	0.0139	0.761	-1.8107
4252.0	5.237559000000001	-0.29233800000000004	8.261001	0.008726646259971648	0.019198621771937627	0.005235987755982988	0.0143	0.7608	-1.8106
4253.0	5.239521000000001	-0.258984	8.261001	-0.013962634015954637	0.03490658503988659	0.022689280275926284	0.0149	0.7606	-1.8112
4254.0	5.243445	-0.243288	8.259039	-0.010471975511965976	0.022689280275926284	0.027925268031909273	0.0155	0.7604	-1.8115
4255.0	5.251293	-0.237402	8.252172	-0.03490658503988659	0.027925268031909273	0.03665191429188092	0.0152	0.7599	-1.8113
4256.0	5.256198	-0.23445900000000003	8.246286000000001	-0.03316125578789226	0.013962634015954637	0.03665191429188092	0.0152	0.76	-1.811
4257.0	5.256198	-0.23445900000000003	8.248248	-0.05235987755982989	0.015707963267948967	0.054105206811824215	0.0154	0.7603	-1.8111
4258.0	5.264046	-0.21582	8.258058	-0.08726646259971647	0.0017453292519943296	0.07330382858376185	0.0157	0.7603	-1.8108
4259.0	5.266989000000001	-0.18344700000000003	8.264925	-0.10821041362364843	-0.012217304763960306	0.09075712110370514	0.017	0.7615	-1.8109
4260.0	5.277780000000001	-0.149112	8.266887	-0.14486232791552936	-0.048869219055841226	0.1117010721276371	0.0175	0.7621	-1.8103
4261.0	5.2767990000000005	-0.121644	8.253153000000001	-0.22514747350726852	-0.054105206811824215	0.13788101090755203	0.0183	0.7632	-1.8096
4262.0	5.272875	-0.111834	8.239419	-0.25481807079117214	-0.06632251157578452	0.158824961931484	0.0183	0.7645	-1.8062
4263.0	5.2463880000000005	-0.164808	8.233533000000001	-0.3036872898470133	-0.041887902047863905	0.16929693744344995	0.0181	0.7665	-1.8012
4264.0	5.201262000000001	-0.298224	8.239419	-0.23212879051524585	-0.03665191429188092	0.13962634015954636	0.018	0.7689	-1.793
4265.0	5.176737	-0.45126	8.225685	-0.17976891295541594	-0.013962634015954637	0.06981317007977318	0.0185	0.7715	-1.7845
4266.0	5.153193	-0.5856570000000001	8.213913000000002	-0.026179938779914945	0.013962634015954637	0.024434609527920613	0.0188	0.774	-1.776
4267.0	5.137497000000001	-0.6768900000000001	8.209989	0.0471238898038469	0.05585053606381855	-0.03490658503988659	0.0181	0.7768	-1.7699
4268.0	5.134554	-0.7180920000000001	8.202141	0.10471975511965978	0.04537856055185257	-0.07330382858376185	0.0181	0.7794	-1.7652
4269.0	5.139459	-0.7416360000000001	8.194293	0.09250245035569947	0.041887902047863905	-0.06283185307179587	0.0172	0.781	-1.7624
4270.0	5.110029000000001	-0.7897050000000001	8.209008	0.07504915783575616	0.008726646259971648	-0.05585053606381855	0.0166	0.7827	-1.7623
4271.0	5.098257000000001	-0.820116	8.235495	0.04363323129985824	-0.015707963267948967	-0.05061454830783556	0.0166	0.7838	-1.7629
4272.0	5.0913900000000005	-0.834831	8.272773	0.038397243543875255	-0.04014257279586958	-0.04363323129985824	0.0162	0.7852	-1.7661
4273.0	5.099238000000001	-0.8142300000000001	8.301222	-0.0	-0.048869219055841226	-0.012217304763960306	0.0156	0.7856	-1.771
4274.0	5.13063	-0.704358	8.305146	-0.0017453292519943296	-0.0942477796076938	-0.026179938779914945	0.0147	0.7851	-1.7789
4275.0	5.153193	-0.556227	8.339481	0.0017453292519943296	-0.11344640137963143	-0.031415926535897934	0.0148	0.7844	-1.7874
4276.0	5.165946	-0.430659	8.383626000000001	-0.020943951023931952	-0.1413716694115407	-0.003490658503988659	0.0133	0.7843	-1.796
4277.0	5.168889000000001	-0.361008	8.437581	-0.017453292519943295	-0.2234021442552742	-0.012217304763960306	0.0129	0.7836	-1.8006
4278.0	5.153193	-0.376704	8.482707000000001	-0.008726646259971648	-0.30543261909900765	-0.006981317007977318	0.011	0.7827	-1.8019
4279.0	5.118858	-0.44537400000000005	8.56413	0.012217304763960306	-0.3420845333908886	-0.024434609527920613	0.0096	0.7825	-1.7983
4280.0	5.008986000000001	-0.516987	8.775045	0.013962634015954637	-0.4939281783143953	-0.07504915783575616	0.0066	0.782	-1.7916
4281.0	4.961898000000001	-0.508158	8.953587	-0.005235987755982988	-0.7958701389094143	-0.09948376736367678	0.0026	0.7815	-1.7825
4282.0	4.922658	-0.44145	9.118395	-0.0471238898038469	-1.08035880698449	-0.07330382858376185	-0.0031	0.78	-1.7743
4283.0	4.894209	-0.35904600000000003	9.283203	-0.09948376736367678	-1.3962634015954636	-0.012217304763960306	-0.0102	0.7795	-1.7672
4284.0	4.871646	-0.27468000000000004	9.43722	-0.1361356816555577	-1.710422666954443	0.04537856055185257	-0.0193	0.7804	-1.762
4285.0	4.856931	-0.214839	9.557883	-0.16406094968746698	-1.8465583486100006	0.07504915783575616	-0.0317	0.7812	-1.7575
4286.0	4.862817	-0.157941	9.657945000000002	-0.17278759594743864	-2.157226955464991	0.11693705988362008	-0.0463	0.7815	-1.7537
4287.0	4.890285	-0.145188	9.713862	-0.18151424220741028	-2.443460952792061	0.13439035240356337	-0.0651	0.7829	-1.7494
4288.0	4.925601	-0.145188	9.756045	-0.16231562043547265	-2.689552377323262	0.08377580409572781	-0.0865	0.7851	-1.7464
4289.0	4.956012	-0.126549	9.758007000000001	-0.12217304763960307	-2.9199358385865137	0.05061454830783556	-0.1117	0.7873	-1.7427
4290.0	5.087466	-0.136359	9.586332	-0.04363323129985824	-3.1642819338657198	-0.003490658503988659	-0.1399	0.7898	-1.7392
4291.0	5.185566	-0.26388900000000004	9.455859	0.048869219055841226	-3.3772121026090276	-0.1308996938995747	-0.172	0.7926	-1.7346
4292.0	5.322906	-0.48951900000000004	9.328329	0.10122909661567112	-3.485422516232676	-0.2007128639793479	-0.2071	0.7964	-1.7289
4293.0	5.524992000000001	-0.6837570000000001	9.208647000000001	0.18675022996339324	-3.6599554414321087	-0.3508111796508603	-0.245	0.7984	-1.7157
4294.0	5.809482	-0.960399	9.101718	0.2181661564992912	-3.7891098060796895	-0.5026548245743669	-0.2868	0.7991	-1.7032
4295.0	6.327450000000001	-1.4381460000000001	9.016371000000001	0.36302848441482055	-3.808308427851627	-0.7609635538695277	-0.3304	0.7988	-1.6866
4296.0	7.029846000000001	-1.83447	8.972226000000001	0.5759586531581288	-3.5499996985564666	-0.9896016858807849	-0.3758	0.7973	-1.6654
4297.0	7.551738000000001	-2.1375990000000002	8.918271	0.45029494701453704	-3.4191000046568916	-1.160643952576229	-0.4221	0.7938	-1.638
4298.0	8.059896	-2.4368040000000004	8.877069	0.3508111796508603	-3.344050846821135	-1.2287117934040082	-0.4695	0.7874	-1.6091
4299.0	8.524890000000001	-2.693826	8.767197000000001	0.28099800957108706	-3.258529713473413	-1.4416419621473162	-0.5174	0.7796	-1.5813
4300.0	9.004599	-2.824299	8.684793	0.1361356816555577	-3.118903373313867	-1.583013631558857	-0.5656	0.7699	-1.5506
4301.0	9.301842	-2.8900259999999998	8.668116000000001	-0.17278759594743864	-2.761110876655029	-1.6179202165987436	-0.6125	0.7582	-1.5187
4302.0	9.154692	-2.9969550000000003	8.85843	-0.4991641660703783	-2.2043508452688383	-1.9093902016817965	-0.6585	0.7444	-1.4857
4303.0	9.001656	-2.9596770000000006	9.313614000000001	-0.7801621756414654	-1.286307658719821	-2.412045026256163	-0.7028	0.7299	-1.4548
4304.0	8.719128000000001	-3.0960360000000002	9.814905	-0.6963863715457375	-0.1832595714594046	-2.5534166956677042	-0.7435	0.7135	-1.4221
4305.0	7.9490430000000005	-3.219642	10.128825	-0.5550147021341968	0.20245819323134223	-2.5813419636996136	-0.7802	0.6957	-1.3918
4306.0	6.839532000000001	-3.44331	10.259298000000001	-0.16406094968746698	0.7295476273336297	-2.4539329283040274	-0.8122	0.6763	-1.3693
4307.0	5.80752	-3.6287190000000002	10.304424000000001	-0.0	1.059414855960558	-2.05599785884932	-0.8381	0.6559	-1.3571
4308.0	4.7607930000000005	-3.724857	10.287747	-0.03490658503988659	1.2828170002158321	-1.4398966328953218	-0.8585	0.6357	-1.348
4309.0	3.7621350000000002	-3.8465010000000004	10.274994000000001	-0.12740903539558607	1.4625859131712482	-0.7487462491055673	-0.8717	0.6162	-1.344
4310.0	2.649681	-4.0221	10.183761	-0.25132741228718347	1.4556045961632709	-0.05585053606381855	-0.8788	0.5979	-1.3491
4311.0	1.576467	-4.170231	9.949302000000001	-0.3455751918948773	1.3578661580515883	0.6021385919380436	-0.8791	0.5834	-1.3532
4312.0	1.005525	-4.224186	9.502947	-0.5410520681182421	1.1466813185602747	0.9267698328089891	-0.8691	0.5745	-1.3669
4313.0	0.5189490000000001	-4.503771	8.816247	-0.5567600313861911	1.1519173063162575	1.4643312424232426	-0.8531	0.5712	-1.389
4314.0	0.249174	-4.519467000000001	8.158977	-0.4328416544945937	1.3439035240356338	1.8971728969178363	-0.8295	0.5751	-1.4134
4315.0	0.37278	-4.285008	7.749900000000001	-0.312413936106985	1.7470745812463238	2.2113321622768156	-0.8003	0.5842	-1.4396
4316.0	0.689643	-3.9681450000000003	7.526232	-0.21118483949131386	2.1624629432209743	2.34223185617639	-0.7625	0.5994	-1.4646
4317.0	1.092834	-3.66894	7.424208000000001	-0.20245819323134223	2.492330171847903	2.331759880664424	-0.719	0.6203	-1.489
4318.0	1.55979	-3.380526	7.402626000000001	-0.19024088846738194	2.6232298657474775	2.2776546738526	-0.6669	0.6458	-1.5146
4319.0	2.0905110000000002	-3.0950550000000003	7.480125	-0.21991148575128552	2.907718533822553	2.1153390534171272	-0.6094	0.6741	-1.5373
4320.0	2.785059	-2.8262610000000006	7.693983	-0.25132741228718347	3.1590459461097367	1.9181168479417683	-0.5445	0.7041	-1.5548
4321.0	3.672864	-2.615346	8.042238	-0.32986722862692824	3.4382986264288293	1.7872171540421935	-0.4762	0.7327	-1.5761
4322.0	4.544973	-2.443671	8.454258000000001	-0.39269908169872414	3.733259270015871	1.7016960206944713	-0.4059	0.7579	-1.5886
4323.0	5.338602000000001	-2.250414	8.864316	-0.4241150082346221	3.9706240482870996	1.6807520696705394	-0.3328	0.7788	-1.5951
4324.0	6.012549	-2.065986	9.236115	-0.4625122517784973	4.070107815650776	1.7313666179783749	-0.2577	0.7949	-1.597
4325.0	6.593301	-1.930608	9.589275	-0.5759586531581288	4.207988826558329	1.778490507782222	-0.1829	0.808	-1.597
4326.0	7.206426	-1.8913680000000002	9.961074000000002	-0.6667157742618339	4.303981935418016	1.8814649336498872	-0.1109	0.8175	-1.5929
4327.0	7.8980310000000005	-1.935513	10.385847	-0.6963863715457375	4.326671215693943	1.9896753472735358	-0.0407	0.8244	-1.5871
4328.0	8.629857000000001	-2.062062	10.834164000000001	-0.7330382858376184	4.30572726467001	2.0961404316451895	0.0253	0.8285	-1.5791
4329.0	9.379341	-2.20725	11.263842000000002	-0.7819075048934596	4.2062434973063345	2.1432643214490366	0.0882	0.831	-1.5713
4330.0	10.111167	-2.3377230000000004	11.592477	0.5113814708343386	3.907792195215304	2.076941809873252	0.1479	0.8325	-1.563
4331.0	11.005839	-3.661092	11.607192000000001	1.9408061282176945	3.284709652253328	1.1135200627723822	0.2033	0.8298	-1.5581
4332.0	11.011725	-3.185307	10.582047000000001	1.0210176124166828	1.4538592669112764	0.2932153143350474	0.2516	0.8248	-1.554
4333.0	11.912283	-1.4999490000000002	9.738387000000001	-1.2531464029319286	0.9023352232810684	0.9756390518648302	0.2945	0.8215	-1.5515
4334.0	12.890340000000002	-0.884862	9.226305	-1.7034413499464656	1.1938052083641215	0.9075712110370514	0.3321	0.8202	-1.5496
4335.0	13.574097	-0.5886	8.493498	-1.4311699866353502	1.710422666954443	0.5864306286700948	0.3672	0.8206	-1.5483
4336.0	13.883112	0.28056600000000004	7.502688000000001	-1.642354826126664	1.7558012275062955	0.4468042885105484	0.399	0.8225	-1.5468
4337.0	14.041053000000002	1.084986	6.297039000000001	-2.132792345937071	1.3700834628155487	0.2932153143350474	0.4272	0.8264	-1.5457
4338.0	14.108742	1.7471610000000002	5.006043	-1.9826940302655582	1.1344640137963142	0.13962634015954636	0.4519	0.8322	-1.54
4339.0	14.053806000000002	2.351457	3.723876	-1.6790067404185451	0.6736970912698113	-0.28099800957108706	0.4715	0.84	-1.5319
4340.0	13.901751	2.8978740000000003	2.557467	-1.2915436464758039	0.26529004630313807	-0.7347836150896128	0.4853	0.8491	-1.52
4341.0	13.431852000000001	4.628358	1.705959	-0.8970992355250854	-0.17627825445142728	-1.160643952576229	0.4949	0.8632	-1.5047
4342.0	13.743810000000002	4.552821000000001	1.928646	-0.5899212871740833	-0.5585053606381855	-1.429424657383356	0.5011	0.8791	-1.4891
4343.0	13.080654	3.240243	2.015955	-0.23561944901923448	-0.8517206749732328	-1.5236724369910497	0.5052	0.8952	-1.4761
4344.0	12.198735000000001	2.9106270000000003	1.7913060000000003	0.008726646259971648	-0.9634217471008699	-1.488765851951163	0.5045	0.9089	-1.4652
4345.0	11.482605000000001	2.9106270000000003	1.772667	0.7243116395776468	-1.2356931104119853	-1.3020156219877697	0.4988	0.9204	-1.458
4346.0	11.018592	2.428956	1.963962	1.5603243512829308	-1.4748032179352084	-0.9459684545809267	0.4886	0.9281	-1.4539
4347.0	10.322082	2.353419	2.369115	2.071705822117269	-1.7278759594743862	-0.6562437987498679	0.4738	0.931	-1.4521
4348.0	9.404847	2.307312	3.3216660000000005	1.5917402778188285	-1.9355701404617116	-0.3700098014227979	0.4542	0.9295	-1.4555
4349.0	8.431695000000001	1.9620000000000002	4.316400000000001	1.4556045961632709	-1.8552849948699723	-0.46600291028248597	0.4325	0.9235	-1.4627
4350.0	7.474239000000001	1.917855	5.156136	1.2583823906879115	-2.197369528260861	-0.8918632477691024	0.4074	0.9147	-1.4737
4351.0	8.857449	0.848565	6.403968000000001	1.4800392056911915	-2.377138441216277	-1.3334315485236679	0.3805	0.9019	-1.4864
4352.0	9.087003000000001	0.16677000000000003	6.9366509999999995	1.8640116411299439	-0.41538836197465046	-1.1344640137963142	0.3538	0.886	-1.5002
4353.0	8.590617	0.764199	7.695945	1.4433872913993107	-0.7016223593017206	-1.0402162341886205	0.327	0.8662	-1.5111
4354.0	8.642610000000001	1.8639000000000001	8.561187	0.6143558967020041	0.006981317007977318	-0.4276056667386107	0.3025	0.8459	-1.5186
4355.0	8.265906000000001	1.4999490000000002	8.954568	0.25132741228718347	-0.11344640137963143	-0.24085543677521748	0.2816	0.8258	-1.5223
4356.0	7.933347	1.200744	9.385227	0.312413936106985	-0.019198621771937627	-0.2234021442552742	0.2618	0.8069	-1.5221
4357.0	7.914708	0.8240400000000001	9.793323000000001	0.312413936106985	-0.03665191429188092	-0.23387411976724015	0.2449	0.7901	-1.5187
4358.0	8.124642000000001	0.50031	9.64323	0.23736477827122882	0.03316125578789226	-0.16057029118347832	0.2303	0.7766	-1.5164
4359.0	8.392455	0.499329	9.451935	0.15184364492350666	0.09075712110370514	-0.12217304763960307	0.2188	0.7641	-1.5154
4360.0	8.693622	0.174618	9.335196	0.18500490071139894	0.09599310885968812	-0.13962634015954636	0.2099	0.753	-1.5165
4361.0	6.745356	0.9447030000000001	8.759349	0.18151424220741028	0.12566370614359174	-0.158824961931484	0.2047	0.744	-1.5195
4362.0	5.977233	1.377324	8.824095	0.15184364492350666	0.1466076571675237	-0.15009831567151233	0.201	0.7373	-1.5227
4363.0	5.946822	0.583695	8.584731	0.1361356816555577	0.15358897417550102	-0.1413716694115407	0.1995	0.7332	-1.5265
4364.0	5.4651510000000005	-0.596448	8.176635000000001	0.12391837689159739	0.13962634015954636	-0.12566370614359174	0.198	0.7299	-1.5327
4365.0	5.473980000000001	-0.35021700000000006	8.222742	0.08377580409572781	0.15358897417550102	-0.09773843811168245	0.1969	0.7264	-1.5404
4366.0	5.473980000000001	-0.220725	8.246286000000001	0.10471975511965978	0.13788101090755203	-0.08726646259971647	0.1961	0.7239	-1.5472
4367.0	5.4622079999999995	-0.283509	8.229609	0.06806784082777885	0.11693705988362008	-0.07504915783575616	0.1964	0.7217	-1.5579
4368.0	5.448474	-0.253098	8.280621	0.029670597283903602	0.0715584993317675	-0.017453292519943295	0.1965	0.7188	-1.5659
4369.0	5.469075	-0.192276	8.308089	-0.006981317007977318	0.04014257279586958	0.006981317007977318	0.1965	0.7171	-1.5693
4370.0	5.489676	-0.08338500000000001	8.351253	-0.038397243543875255	0.027925268031909273	0.03316125578789226	0.1978	0.7156	-1.5701
4371.0	5.486733	-0.057879	8.376759	-0.08726646259971647	-0.008726646259971648	0.061086523819801536	0.1991	0.7139	-1.5686
4372.0	5.476923	-0.072594	8.373816000000001	-0.09773843811168245	-0.04014257279586958	0.07679448708775051	0.1995	0.7134	-1.5675
4373.0	5.467113	-0.08632800000000002	8.360082	-0.10471975511965978	-0.04537856055185257	0.08726646259971647	0.2002	0.7129	-1.5685
4374.0	5.446512	-0.129492	8.364987000000001	-0.10122909661567112	-0.048869219055841226	0.08726646259971647	0.2009	0.713	-1.568
4375.0	5.425911000000001	-0.135378	8.363025	-0.09599310885968812	-0.054105206811824215	0.08726646259971647	0.201	0.7143	-1.5659
4376.0	5.408253	-0.144207	8.3385	-0.12042771838760874	-0.03316125578789226	0.0942477796076938	0.2014	0.7152	-1.5674
4377.0	5.395500000000001	-0.208953	8.308089	-0.11519173063162574	-0.027925268031909273	0.09075712110370514	0.2008	0.7165	-1.5646
4378.0	5.384709000000001	-0.278604	8.27964	-0.10995574287564276	-0.04537856055185257	0.09948376736367678	0.2009	0.7176	-1.5643
4379.0	5.381766	-0.339426	8.253153000000001	-0.11868238913561441	-0.038397243543875255	0.1117010721276371	0.2003	0.7185	-1.5645
4380.0	5.381766	-0.379647	8.227647000000001	-0.1308996938995747	-0.041887902047863905	0.1117010721276371	0.1992	0.7198	-1.566
4381.0	5.379804	-0.413982	8.206065	-0.12217304763960307	-0.06283185307179587	0.10821041362364843	0.1982	0.7214	-1.5656
4382.0	5.377842	-0.43556400000000006	8.19135	-0.12217304763960307	-0.041887902047863905	0.11344640137963143	0.1971	0.723	-1.5679
4383.0	5.371956	-0.45126	8.180559	-0.1361356816555577	-0.04363323129985824	0.10297442586766545	0.1966	0.7243	-1.5664
4384.0	5.362146	-0.47382300000000005	8.17173	-0.12391837689159739	-0.041887902047863905	0.09948376736367678	0.1964	0.7257	-1.5646
4385.0	5.355279	-0.5160060000000001	8.156034	-0.11868238913561441	-0.03316125578789226	0.10297442586766545	0.1961	0.7264	-1.5658
4386.0	5.349393	-0.563094	8.15211	-0.09773843811168245	-0.022689280275926284	0.09075712110370514	0.1961	0.7278	-1.5675
4387.0	5.341545	-0.603315	8.151129000000001	-0.0715584993317675	-0.017453292519943295	0.08552113334772216	0.1957	0.7292	-1.5658
4388.0	5.334677999999999	-0.641574	8.146224	-0.0715584993317675	-0.008726646259971648	0.06632251157578452	0.1964	0.7308	-1.5635
4389.0	5.328792000000001	-0.6817950000000002	8.139357	-0.03490658503988659	-0.008726646259971648	0.054105206811824215	0.1959	0.7329	-1.5623
4390.0	5.322906	-0.7288830000000001	8.134452000000001	-0.027925268031909273	-0.008726646259971648	0.04537856055185257	0.1965	0.7342	-1.5614
4391.0	5.318001000000001	-0.758313	8.129547	-0.026179938779914945	0.0	0.029670597283903602	0.1962	0.7356	-1.5609
4392.0	5.312115	-0.779895	8.129547	-0.005235987755982988	0.003490658503988659	0.012217304763960306	0.1976	0.7361	-1.5577
4393.0	5.313096	-0.803439	8.12268	-0.008726646259971648	0.010471975511965976	0.015707963267948967	0.1975	0.7372	-1.555
4394.0	5.311134	-0.8142300000000001	8.121699	0.005235987755982988	0.019198621771937627	-0.003490658503988659	0.1981	0.738	-1.5549
4395.0	5.308191000000001	-0.807363	8.127585	-0.0017453292519943296	0.019198621771937627	0.003490658503988659	0.1974	0.7389	-1.5517
4396.0	5.306229000000001	-0.791667	8.131509	0.003490658503988659	0.012217304763960306	0.003490658503988659	0.1975	0.7393	-1.5484
4397.0	5.30721	-0.7730279999999999	8.136414	-0.008726646259971648	0.017453292519943295	0.006981317007977318	0.1972	0.7393	-1.549
4398.0	5.304267	-0.7435980000000001	8.141319	-0.0017453292519943296	0.0	0.010471975511965976	0.1969	0.7399	-1.5495
4399.0	5.309172	-0.7092630000000001	8.153091	-0.026179938779914945	0.010471975511965976	0.027925268031909273	0.1975	0.7396	-1.5496
4400.0	5.312115	-0.672966	8.15211	-0.03490658503988659	-0.0017453292519943296	0.03316125578789226	0.1969	0.7397	-1.5493
4401.0	5.318001000000001	-0.6386310000000001	8.155053	-0.06632251157578452	-0.012217304763960306	0.05061454830783556	0.1972	0.74	-1.55
4402.0	5.31702	-0.617049	8.167806	-0.08726646259971647	-0.024434609527920613	0.05585053606381855	0.1972	0.7408	-1.55
4403.0	5.315058	-0.591543	8.183502	-0.10821041362364843	-0.027925268031909273	0.059341194567807204	0.1965	0.7415	-1.5504
4404.0	5.309172	-0.577809	8.193312	-0.09250245035569947	-0.04537856055185257	0.07330382858376185	0.1965	0.7421	-1.5496
4405.0	5.312115	-0.574866	8.200179	-0.10471975511965978	-0.06283185307179587	0.07679448708775051	0.1962	0.7431	-1.5501
4406.0	5.313096	-0.576828	8.203122	-0.11693705988362008	-0.06806784082777885	0.07853981633974483	0.1961	0.744	-1.5496
4407.0	5.312115	-0.586638	8.202141	-0.10821041362364843	-0.07679448708775051	0.07853981633974483	0.1962	0.7457	-1.5495
4408.0	5.31702	-0.613125	8.198217	-0.1117010721276371	-0.07853981633974483	0.061086523819801536	0.1956	0.746	-1.5488
4409.0	5.313096	-0.64746	8.195274000000001	-0.08028514559173916	-0.09250245035569947	0.054105206811824215	0.1946	0.7472	-1.5487
4410.0	5.30721	-0.692586	8.192331	-0.06283185307179587	-0.08726646259971647	0.05061454830783556	0.1948	0.7487	-1.5478
4411.0	5.30721	-0.7426170000000001	8.193312	-0.04014257279586958	-0.10122909661567112	0.03665191429188092	0.1937	0.7499	-1.5478
4412.0	5.310153000000001	-0.7769520000000001	8.190369	-0.026179938779914945	-0.1064650843716541	0.029670597283903602	0.1927	0.7509	-1.5451
4413.0	5.313096	-0.803439	8.196255	-0.0	-0.13962634015954636	0.006981317007977318	0.1928	0.7515	-1.5421
4414.0	5.325849000000001	-0.7995150000000001	8.212932	-0.008726646259971648	-0.16231562043547265	0.005235987755982988	0.1915	0.7525	-1.5368
4415.0	5.321925	-0.787743	8.261001	-0.05585053606381855	-0.2426007660272118	0.019198621771937627	0.1907	0.753	-1.53
4416.0	5.264046	-0.812268	8.359101	-0.08552113334772216	-0.28099800957108706	0.022689280275926284	0.1887	0.7541	-1.5212
4417.0	5.194395	-0.8652420000000001	8.499384	-0.15184364492350666	-0.45553093477052004	-0.008726646259971648	0.1861	0.7542	-1.5138
4418.0	5.1473070000000005	-0.835812	8.645553	-0.0942477796076938	-0.6492624817418906	-0.019198621771937627	0.1838	0.7561	-1.5078
4419.0	5.107086	-0.7661610000000001	8.797608	-0.1361356816555577	-0.8726646259971648	-0.006981317007977318	0.1791	0.7569	-1.5042
4420.0	5.071770000000001	-0.7328070000000001	8.950644	-0.18500490071139894	-1.1082840750163994	0.024434609527920613	0.1732	0.7573	-1.5019
4421.0	5.0403780000000005	-0.703377	9.102699	-0.14835298641951802	-1.36659280431156	0.031415926535897934	0.1662	0.7584	-1.5013
4422.0	5.005062000000001	-0.721035	9.259659000000001	-0.19024088846738194	-1.6580627893946132	0.013962634015954637	0.1568	0.7597	-1.5012
4423.0	4.991328	-0.726921	9.392094	-0.16929693744344995	-1.790707812546182	0.012217304763960306	0.1448	0.7616	-1.5021
4424.0	4.981518	-0.760275	9.504909	-0.12740903539558607	-2.0821777976292353	-0.012217304763960306	0.1308	0.7633	-1.5038
4425.0	4.977594	-0.7985340000000001	9.579465	-0.09948376736367678	-2.3666664657043106	-0.027925268031909273	0.1143	0.7647	-1.5069
4426.0	5.038416	-0.817173	9.611838	-0.08377580409572781	-2.6965336943312392	-0.08028514559173916	0.0955	0.7663	-1.51
4427.0	5.093352	-0.7975530000000001	9.605952	-0.059341194567807204	-2.9827676916583092	-0.12391837689159739	0.0736	0.7682	-1.5105
4428.0	5.1571169999999995	-0.8328690000000001	9.524529000000001	0.008726646259971648	-3.2794736644973455	-0.16580627893946132	0.0481	0.7689	-1.5058
4429.0	5.244426	-0.861318	9.43722	0.003490658503988659	-3.4400439556808236	-0.17976891295541594	0.0204	0.7702	-1.4946
4430.0	5.371956	-0.828945	9.359721	0.03316125578789226	-3.729768611511882	-0.1780235837034216	-0.0107	0.7712	-1.4779
4431.0	5.547555	-0.827964	9.283203	0.012217304763960306	-3.9933133285630262	-0.2129301687433082	-0.0453	0.7714	-1.4563
4432.0	5.785938	-0.8907480000000001	9.177255	0.013962634015954637	-4.209734155810323	-0.23212879051524585	-0.0826	0.7713	-1.4326
4433.0	6.291153	-1.00062	9.098775	-0.005235987755982988	-4.333652532701921	-0.3159045946109737	-0.1238	0.7702	-1.4084
4434.0	6.985701	-1.3655519999999999	9.069345	0.019198621771937627	-4.0875611081707195	-0.5096361415823443	-0.1669	0.7687	-1.3845
4435.0	7.732242	-1.68732	9.021276	0.291469985083053	-3.827507049623565	-0.767944870877505	-0.2124	0.7671	-1.3591
4436.0	8.206065	-1.8560520000000003	8.957511	0.18151424220741028	-3.717551306747922	-0.8133234314293576	-0.2588	0.7636	-1.3342
4437.0	8.651439	-2.07972	8.743653	0.027925268031909273	-3.6651914291880923	-0.9442231253289323	-0.3061	0.7596	-1.3081
4438.0	9.224343000000001	-2.237661	8.620047000000001	-0.08203047484373349	-3.4871678454846706	-1.0629055144645467	-0.3537	0.7542	-1.2822
4439.0	9.633420000000001	-2.4515190000000002	8.541567	-0.2879793265790644	-2.9949849964222692	-1.0925761117484503	-0.4008	0.7477	-1.2574
4440.0	9.637344	-2.7517050000000003	8.497422	-0.4677482395344803	-2.480112867083942	-1.2217304763960306	-0.4462	0.7409	-1.236
4441.0	9.087003000000001	-3.00186	8.851563	-0.6911503837897546	-1.6371188383706812	-1.546361717266976	-0.4892	0.733	-1.2146
4442.0	8.513118	-2.9253420000000006	9.606933	-0.8936085770210968	-1.0611601852125523	-2.5394540616517496	-0.5291	0.7244	-1.1948
4443.0	7.488954	-3.017556	10.316196000000001	-1.0419615634406147	0.33510321638291124	-2.480112867083942	-0.564	0.7136	-1.1744
4444.0	5.959575000000001	-3.1293900000000003	10.748816999999999	-0.8395033702092726	1.2322024519079966	-2.7558748888990463	-0.5955	0.7004	-1.1553
4445.0	4.340925	-3.294198	11.086281000000001	-0.3909537524467298	1.7802358370342162	-2.7977627909469103	-0.622	0.6853	-1.1408
4446.0	3.113694	-3.5041320000000002	11.383524000000001	-0.2583087292951608	2.26543736908864	-2.4469516112960497	-0.6432	0.6687	-1.1278
4447.0	2.045385	-3.6503010000000002	11.781810000000002	-0.35255650890285456	2.8099800957108707	-1.7924531417981764	-0.6594	0.6502	-1.1207
4448.0	0.854451	-3.9808980000000003	12.08592	-0.32986722862692824	3.2602750427254077	-1.038470904936626	-0.6701	0.6319	-1.1178
4449.0	-0.19325699999999998	-4.314438000000001	12.253671000000002	-0.24783675378319478	3.4191000046568916	-0.6702064327658225	-0.6729	0.613	-1.1238
4450.0	-0.870147	-4.499847	12.292911000000002	-0.11519173063162574	3.5726889788323923	0.048869219055841226	-0.671	0.5946	-1.1344
4451.0	-0.9908100000000001	-4.575384	11.892663	-0.158824961931484	3.532546406036523	0.7487462491055673	-0.6629	0.5782	-1.1508
4452.0	-1.0084680000000001	-4.812786	11.116692	-0.3368485456349056	3.4714598822167217	1.4346606451393389	-0.65	0.5631	-1.1726
4453.0	-0.6847380000000001	-4.870665	10.423125	-0.39793506945470714	3.4417892849328178	1.986184688769547	-0.6319	0.5523	-1.1987
4454.0	0.133416	-4.6793700000000005	9.99639	-0.3089232776029963	3.478441199224699	2.4015730507441972	-0.6084	0.5466	-1.2288
4455.0	1.1477700000000002	-4.499847	9.732501000000001	-0.20943951023931956	3.4993851502486306	2.6773350725593015	-0.58	0.5455	-1.2592
4456.0	2.185668	-4.3997850000000005	9.548073	0.04363323129985824	3.595378259108319	2.7715828521669956	-0.5482	0.5498	-1.2927
4457.0	3.229452	-4.301685	9.448011	0.28099800957108706	3.7000980142279785	2.9461157773664284	-0.5107	0.558	-1.3261
4458.0	4.313457	-4.106466	9.44703	0.5515240436302081	3.808308427851627	3.0508355324860883	-0.469	0.5697	-1.3665
4459.0	5.456322	-3.887703	9.549054000000002	0.7330382858376184	3.904301536711315	3.141592653589793	-0.4242	0.5842	-1.4007
4460.0	6.629598	-3.750363	9.739368	0.9023352232810684	3.9339721339952187	3.2358404331974873	-0.3748	0.5992	-1.4389
4461.0	7.801893000000001	-3.750363	9.981675000000001	1.0122909661567112	3.904301536711315	3.326597554301192	-0.3208	0.6145	-1.4725
4462.0	8.908461	-3.8523870000000002	10.217115000000002	1.0786134777324956	3.864158963915446	3.352777493081107	-0.2548	0.6289	-1.5105
4463.0	9.91791	-3.970107	10.406448000000001	1.1484266478122689	3.7629298672997744	3.3545228223331014	-0.185	0.6408	-1.544
4464.0	10.797867	-4.035834	10.515339	1.0873401239924672	3.5936329298563248	3.2602750427254077	-0.1124	0.6498	-1.5768
4465.0	11.546370000000001	-4.036815	10.492776000000001	0.7819075048934596	3.344050846821135	3.0473448739820994	-0.0375	0.6557	-1.6052
4466.0	12.163419000000001	-3.99267	10.328949	0.32986722862692824	2.9461157773664284	2.6878070480712677	0.0393	0.6586	-1.632
4467.0	12.678444	-3.8818170000000003	9.992466	-0.25481807079117214	2.520255439879812	2.2444934180647076	0.1152	0.66	-1.6536
4468.0	13.140495	-3.702294	9.496080000000001	-0.8395033702092726	1.9739673840055867	1.7435839227423353	0.1894	0.6594	-1.669
4469.0	13.551534	-3.3314760000000003	8.837829000000001	-1.0629055144645467	1.8552849948699723	1.5236724369910497	0.2608	0.66	-1.6821
4470.0	13.850739	-2.409336	8.100117000000001	-1.8291050560900572	1.3910274138394807	1.3857914260834978	0.3283	0.6623	-1.6879
4471.0	14.198994	-1.6382700000000001	7.330032	-2.028072590817411	1.1362093430483085	1.1030480872604163	0.39	0.6661	-1.6928
4472.0	14.593356000000002	-1.0280880000000001	6.495201000000001	-1.4503686084072878	1.08035880698449	0.3612831551628262	0.4391	0.6715	-1.69
4473.0	14.908257	-0.221706	5.566194	-1.0821041362364843	1.1222467090323538	-0.4991641660703783	0.4819	0.6799	-1.6862
4474.0	15.027939000000002	0.768123	4.559688	-1.1903145498601329	0.9564404300928926	-1.3823007675795091	0.5183	0.6905	-1.6793
4475.0	14.993604000000001	1.723617	3.5551440000000003	-1.3543754995475996	0.8255407361933178	-1.8151424220741028	0.548	0.7037	-1.6712
4476.0	14.851359	2.473101	2.617308	-1.530653753999027	0.43982297150257105	-2.5935592684635735	0.5703	0.7203	-1.6609
4477.0	14.632596000000001	2.9655630000000004	1.8246600000000002	-1.4695672301792255	0.05235987755982989	-3.160791275361731	0.5859	0.7394	-1.6506
4478.0	14.336334	3.290274	1.228212	-1.2671090369478832	-0.3368485456349056	-3.3824480903650107	0.5948	0.7597	-1.6391
4479.0	13.967478	3.362868	0.885843	-0.9861110273767962	-0.6789330790257941	-3.204424506661589	0.5967	0.7803	-1.6286
4480.0	13.613337	2.823318	0.722016	-0.5899212871740833	-0.9459684545809267	-2.710496328347194	0.5928	0.799	-1.6178
4481.0	13.089483000000001	2.3956020000000002	0.679833	-0.16755160819145562	-1.0227629416686772	-1.980948701013564	0.5841	0.8166	-1.6089
4482.0	12.344904	2.126808	0.792648	0.07853981633974483	-1.0663961729685354	-1.5638150097869192	0.5708	0.8323	-1.6002
4483.0	11.441403	1.6833960000000001	1.0732140000000001	0.49567350756638956	-1.1239920382843482	-0.640535835481919	0.5541	0.8457	-1.5936
4484.0	10.509453	1.072233	1.642194	0.7243116395776468	-1.1676252695842066	0.3961897402027128	0.5357	0.856	-1.5876
4485.0	9.168426	-0.182466	2.135637	1.6545721308906243	-1.3997540600994522	0.9512044423369096	0.5163	0.8625	-1.5841
4486.0	7.452657000000001	-1.3115970000000001	2.812527	2.1415189921970423	-2.2322761133007476	0.4468042885105484	0.4956	0.8635	-1.5821
4487.0	6.29802	-1.9727910000000002	4.052511000000001	2.6459191460234033	-3.162536604613725	-0.32637657012293964	0.4728	0.8587	-1.5817
4488.0	8.069706	-2.688921	5.883057	2.9618237406343773	-3.532546406036523	-1.137954672300303	0.4472	0.8475	-1.5804
4489.0	9.82962	-0.758313	6.971967	3.5220744305245573	-1.5446163880149817	-2.4696408915719763	0.4209	0.828	-1.5798
4490.0	9.527472	0.997677	8.068725	0.9721483933608416	0.32288591161895097	-0.7923794804054256	0.3981	0.8068	-1.5774
4491.0	9.063459000000002	1.0898910000000002	8.802513000000001	-0.017453292519943295	0.19373154697137057	-0.041887902047863905	0.3782	0.7842	-1.5763
4492.0	8.796627	0.9908100000000001	9.27045	-0.017453292519943295	0.015707963267948967	-0.003490658503988659	0.36	0.7625	-1.5759
4493.0	8.585712000000001	1.263528	9.713862	-0.05759586531581287	0.022689280275926284	0.03665191429188092	0.3433	0.7399	-1.5784
4494.0	8.519004	1.315521	9.946359000000001	-0.15707963267948966	0.015707963267948967	0.11868238913561441	0.3281	0.72	-1.5821
4495.0	9.022257	1.9227600000000002	10.300500000000001	-0.15707963267948966	0.0017453292519943296	0.1291543646475804	0.3136	0.7019	-1.5882
4496.0	10.024839	2.572182	10.495719000000001	-0.1117010721276371	0.005235987755982988	0.11519173063162574	0.3012	0.6872	-1.593
4497.0	10.47708	2.950848	10.146483	-0.12217304763960307	0.0471238898038469	0.1117010721276371	0.2928	0.676	-1.5985
4498.0	8.036352	3.470778	9.162540000000002	-0.11693705988362008	0.03665191429188092	0.10297442586766545	0.2898	0.6694	-1.6043
4499.0	5.657427	1.406754	8.821152	-0.1413716694115407	0.012217304763960306	0.09948376736367678	0.2902	0.6691	-1.6116
4500.0	5.383728	-0.5140440000000001	8.351253	-0.09250245035569947	0.0	0.06283185307179587	0.2911	0.6703	-1.6198
4501.0	5.367051000000001	-0.760275	8.106984	-0.041887902047863905	0.0	0.04014257279586958	0.2917	0.6721	-1.6285
4502.0	5.277780000000001	-0.737712	8.05401	0.03316125578789226	0.04014257279586958	-0.04014257279586958	0.2921	0.6734	-1.6334
4503.0	5.291514	-0.967266	7.997112	0.09948376736367678	0.07504915783575616	-0.08726646259971647	0.2934	0.6754	-1.6336
4504.0	5.3278110000000005	-1.0172970000000001	7.988283000000001	0.08203047484373349	0.07504915783575616	-0.09075712110370514	0.2938	0.677	-1.6302
4505.0	5.337621	-0.9662850000000001	8.026542000000001	0.09599310885968812	0.054105206811824215	-0.06981317007977318	0.2946	0.6775	-1.6222
4506.0	5.314077	-0.939798	8.067744000000001	0.07504915783575616	0.07679448708775051	-0.0645771823237902	0.2948	0.6778	-1.614
4507.0	5.3278110000000005	-0.9378360000000001	8.087364	0.07853981633974483	0.06283185307179587	-0.05759586531581287	0.2949	0.6771	-1.6078
4508.0	5.352336	-0.9123300000000001	8.09325	0.054105206811824215	0.08203047484373349	-0.054105206811824215	0.2954	0.6773	-1.6041
4509.0	5.383728	-0.886824	8.105022000000002	0.059341194567807204	0.05759586531581287	-0.05235987755982989	0.2957	0.6765	-1.6026
4510.0	5.429835000000001	-0.7730279999999999	8.127585	0.029670597283903602	0.04537856055185257	-0.038397243543875255	0.2951	0.6756	-1.6032
4511.0	5.4396450000000005	-0.607239	8.189388000000001	0.027925268031909273	0.024434609527920613	-0.029670597283903602	0.2942	0.6746	-1.6043
4512.0	5.433758999999999	-0.475785	8.236476	0.003490658503988659	0.022689280275926284	-0.006981317007977318	0.2941	0.6739	-1.6073
4513.0	5.427873000000001	-0.455184	8.247267	-0.008726646259971648	0.012217304763960306	-0.0017453292519943296	0.2936	0.6732	-1.613
4514.0	5.424930000000001	-0.43556400000000006	8.249229	-0.013962634015954637	-0.003490658503988659	0.027925268031909273	0.2934	0.6722	-1.6178
4515.0	5.4092340000000005	-0.443412	8.243343000000001	-0.03665191429188092	-0.015707963267948967	0.03316125578789226	0.2929	0.6717	-1.6286
4516.0	5.394519000000001	-0.45027900000000004	8.254134	-0.029670597283903602	-0.017453292519943295	0.04014257279586958	0.2928	0.6712	-1.6401
4517.0	5.390595	-0.44929800000000003	8.254134	-0.04363323129985824	-0.0017453292519943296	0.048869219055841226	0.2924	0.6716	-1.6458
4518.0	5.390595	-0.46205100000000005	8.246286000000001	-0.05061454830783556	-0.015707963267948967	0.048869219055841226	0.2916	0.6713	-1.6474
4519.0	5.392557	-0.49442400000000003	8.226666	-0.03316125578789226	0.005235987755982988	0.038397243543875255	0.292	0.6711	-1.648
4520.0	5.392557	-0.526797	8.215875	-0.03490658503988659	-0.010471975511965976	0.031415926535897934	0.2918	0.6711	-1.648
4521.0	5.389614	-0.5709420000000001	8.196255	-0.022689280275926284	0.0	0.024434609527920613	0.2928	0.6709	-1.6463
4522.0	5.387652	-0.60822	8.175654000000002	-0.008726646259971648	0.013962634015954637	0.012217304763960306	0.2929	0.6711	-1.6444
4523.0	5.383728	-0.640593	8.153091	0.005235987755982988	0.010471975511965976	-0.012217304763960306	0.2936	0.6714	-1.6432
4524.0	5.376861000000001	-0.6611940000000001	8.134452000000001	-0.0	0.015707963267948967	-0.0017453292519943296	0.2936	0.6716	-1.6444
4525.0	5.37588	-0.6660990000000001	8.124642000000001	0.003490658503988659	0.022689280275926284	0.005235987755982988	0.2938	0.6724	-1.6411
4526.0	5.372937	-0.664137	8.115813000000001	-0.005235987755982988	0.031415926535897934	0.012217304763960306	0.2942	0.6726	-1.6378
4527.0	5.369013000000001	-0.664137	8.111889	-0.0	0.024434609527920613	0.005235987755982988	0.2952	0.6721	-1.638
4528.0	5.371956	-0.664137	8.109927	-0.020943951023931952	0.038397243543875255	0.006981317007977318	0.2953	0.6723	-1.6404
4529.0	5.373918	-0.6523650000000001	8.11287	-0.0017453292519943296	0.03490658503988659	0.008726646259971648	0.2948	0.673	-1.6422
4530.0	5.374899000000001	-0.645498	8.11287	-0.022689280275926284	0.048869219055841226	0.012217304763960306	0.2946	0.6735	-1.6445
4531.0	5.380785	-0.629802	8.116794	-0.0	0.04537856055185257	0.0	0.2941	0.6738	-1.6435
4532.0	5.376861000000001	-0.6190110000000001	8.117775	-0.005235987755982988	0.05759586531581287	0.006981317007977318	0.2937	0.6741	-1.6468
4533.0	5.367051000000001	-0.6180300000000001	8.123661	0.0017453292519943296	0.048869219055841226	-0.019198621771937627	0.2937	0.6738	-1.645
4534.0	5.360184	-0.6278400000000001	8.129547	-0.0	0.0645771823237902	-0.008726646259971648	0.294	0.6738	-1.6437
4535.0	5.351355	-0.656289	8.12268	-0.006981317007977318	0.0715584993317675	-0.019198621771937627	0.2949	0.6736	-1.6442
4536.0	5.341545	-0.6867000000000001	8.120718	0.019198621771937627	0.08552113334772216	-0.027925268031909273	0.2954	0.6731	-1.6441
4537.0	5.332716	-0.7102440000000001	8.118756000000001	0.029670597283903602	0.09773843811168245	-0.048869219055841226	0.2962	0.6742	-1.6431
4538.0	5.319963	-0.7337880000000001	8.12268	0.054105206811824215	0.10122909661567112	-0.05759586531581287	0.2972	0.6739	-1.6436
4539.0	5.309172	-0.736731	8.126604	0.054105206811824215	0.09075712110370514	-0.05235987755982989	0.2981	0.6737	-1.6405
4540.0	5.306229000000001	-0.707301	8.139357	0.029670597283903602	0.09250245035569947	-0.041887902047863905	0.2998	0.6731	-1.6386
4541.0	5.291514	-0.6847380000000001	8.155053	0.020943951023931952	0.0890117918517108	-0.029670597283903602	0.3006	0.6731	-1.6384
4542.0	5.283666	-0.6670800000000001	8.179578000000001	0.013962634015954637	0.0471238898038469	-0.012217304763960306	0.3021	0.6717	-1.6365
4543.0	5.281704	-0.6386310000000001	8.197236	0.0017453292519943296	0.022689280275926284	-0.006981317007977318	0.3026	0.6719	-1.6358
4544.0	5.278761	-0.60822	8.21097	-0.006981317007977318	0.006981317007977318	0.005235987755982988	0.3035	0.6715	-1.6377
4545.0	5.272875	-0.575847	8.225685	-0.017453292519943295	-0.003490658503988659	0.003490658503988659	0.3042	0.6712	-1.6357
4546.0	5.270913	-0.5493600000000001	8.239419	-0.031415926535897934	0.012217304763960306	0.022689280275926284	0.3047	0.6715	-1.6357
4547.0	5.264046	-0.533664	8.248248	-0.024434609527920613	0.008726646259971648	0.017453292519943295	0.3048	0.6709	-1.6349
4548.0	5.260122	-0.515025	8.251191	-0.020943951023931952	0.0	0.012217304763960306	0.3053	0.6707	-1.6344
4549.0	5.254236	-0.526797	8.246286000000001	-0.026179938779914945	0.012217304763960306	0.003490658503988659	0.3051	0.6709	-1.6346
4550.0	5.23854	-0.563094	8.239419	-0.013962634015954637	-0.015707963267948967	-0.015707963267948967	0.3046	0.6715	-1.6344
4551.0	5.2287300000000005	-0.6062580000000001	8.241381	0.005235987755982988	-0.013962634015954637	-0.038397243543875255	0.3048	0.6717	-1.6342
4552.0	5.218920000000001	-0.6386310000000001	8.236476	0.026179938779914945	-0.05235987755982989	-0.05585053606381855	0.3045	0.6723	-1.6338
4553.0	5.211072000000001	-0.671004	8.246286000000001	0.03316125578789226	-0.08028514559173916	-0.061086523819801536	0.3035	0.6724	-1.6344
4554.0	5.194395	-0.713187	8.259039	0.041887902047863905	-0.10122909661567112	-0.059341194567807204	0.3031	0.672	-1.6331
4555.0	5.186547	-0.7514460000000001	8.277678	0.09599310885968812	-0.1466076571675237	-0.08726646259971647	0.302	0.6721	-1.6333
4556.0	5.180661000000001	-0.754389	8.304165000000001	0.08377580409572781	-0.158824961931484	-0.09250245035569947	0.3012	0.6719	-1.6333
4557.0	5.17968	-0.7337880000000001	8.362044000000001	0.06283185307179587	-0.2583087292951608	-0.0890117918517108	0.2998	0.6713	-1.634
4558.0	5.1473070000000005	-0.734769	8.458182	0.05585053606381855	-0.3490658503988659	-0.1064650843716541	0.2983	0.6708	-1.6331
4559.0	5.056074	-0.692586	8.663211	0.08377580409572781	-0.5131268000863328	-0.1361356816555577	0.2965	0.6706	-1.6337
4560.0	5.0070239999999995	-0.632745	8.845677	0.07504915783575616	-0.6475171524898963	-0.13788101090755203	0.2938	0.6692	-1.631
4561.0	4.960917	-0.579771	9.026181000000001	0.012217304763960306	-0.921533845053006	-0.1291543646475804	0.2888	0.6675	-1.6278
4562.0	4.922658	-0.5611320000000001	9.217476	0.024434609527920613	-1.218239817892042	-0.11519173063162574	0.2833	0.6667	-1.621
4563.0	4.902057	-0.524835	9.381303	0.029670597283903602	-1.5132004614790837	-0.12391837689159739	0.2753	0.6653	-1.6123
4564.0	4.890285	-0.499329	9.52551	0.06283185307179587	-1.8256143975860686	-0.14486232791552936	0.2641	0.6649	-1.6031
4565.0	4.893228000000001	-0.5189490000000001	9.64323	0.07330382858376185	-2.0891591146372126	-0.17976891295541594	0.2501	0.6632	-1.5948
4566.0	4.888323000000001	-0.565056	9.756045	0.17453292519943295	-2.3666664657043106	-0.27401669256310973	0.2336	0.6615	-1.587
4567.0	4.919715	-0.604296	9.814905	0.20420352248333654	-2.5010568181078745	-0.312413936106985	0.2131	0.6601	-1.5816
4568.0	4.997214	-0.610182	9.807057	0.22514747350726852	-2.754129559647052	-0.3787364476827695	0.1893	0.6586	-1.5768
4569.0	5.139459	-0.7288830000000001	9.680508000000001	0.2722713633111154	-3.0647981665020425	-0.4904375198104066	0.1613	0.6555	-1.5719
4570.0	5.287590000000001	-0.9780570000000001	9.540225000000001	0.3839724354387525	-3.262020371977402	-0.6457718232379019	0.1303	0.653	-1.5672
4571.0	5.488695	-1.231155	9.360702000000002	0.5393067388662478	-3.420845333908886	-0.895353906273091	0.0954	0.6497	-1.5634
4572.0	5.779071	-1.523493	9.151749	0.6911503837897546	-3.495894491744642	-1.1955505376161157	0.057	0.6449	-1.5596
4573.0	6.103782	-1.7245980000000003	8.934948	0.7853981633974483	-3.502875808752619	-1.3247049022636963	0.0163	0.6385	-1.5566
4574.0	6.563871000000001	-1.8099450000000001	8.725014	0.8360127117052838	-3.4697145529647275	-1.53588974175501	-0.0255	0.6296	-1.5515
4575.0	7.018074	-1.9198170000000003	8.498403	0.6841690667817772	-3.331833542057175	-1.6214108751027323	-0.0697	0.6185	-1.543
4576.0	7.572339	-2.135637	8.245305	0.7766715171374766	-3.082251459021986	-1.7383479349863522	-0.115	0.606	-1.5285
4577.0	7.993188	-2.211174	7.932366	0.9721483933608416	-2.841396022246769	-1.9128808601857852	-0.1614	0.591	-1.5089
4578.0	8.372835	-2.185668	7.623351	0.8447393579652555	-2.6773350725593015	-1.9460421159736774	-0.2067	0.5741	-1.484
4579.0	8.634762	-2.0905110000000002	7.34769	0.5113814708343386	-2.467895562319982	-1.9390607989657	-0.2523	0.5542	-1.4566
4580.0	8.736786	-1.961019	7.165224000000001	0.32637657012293964	-2.3108159296404924	-1.9268434942017398	-0.2963	0.5333	-1.4293
4581.0	8.647515	-1.8482040000000002	7.091649	0.10471975511965978	-1.907644872429802	-1.9128808601857852	-0.3385	0.5109	-1.4044
4582.0	8.233533000000001	-1.681434	7.236837	-0.24958208303518914	-1.392772743091475	-1.8832102629018816	-0.3775	0.4885	-1.3817
4583.0	7.5242700000000005	-1.793268	7.613541000000001	-0.5515240436302081	-0.783652834145454	-1.7418385934903409	-0.4139	0.4657	-1.3626
4584.0	6.884658	-2.134656	8.085402	-0.778416846389471	0.059341194567807204	-1.2671090369478832	-0.4465	0.4446	-1.345
4585.0	6.066504	-2.49174	8.570016	-0.8325220532012952	0.9634217471008699	-0.7295476273336297	-0.4738	0.4259	-1.3314
4586.0	5.021739	-2.749743	8.974188	-0.8028514559173916	1.293288975727798	-0.22514747350726852	-0.4947	0.4093	-1.3226
4587.0	3.971088	-3.0577769999999997	9.366588	-0.7435102613495844	1.733111947230369	0.0	-0.5101	0.3954	-1.3209
4588.0	2.988126	-3.337362	9.747216000000002	-0.8569566627292158	1.960004749989632	0.4118977034706618	-0.5193	0.385	-1.3228
4589.0	2.1935160000000002	-3.5335620000000003	10.09449	-1.1030480872604163	2.2113321622768156	0.7801621756414654	-0.5219	0.3791	-1.3282
4590.0	1.585296	-3.656187	10.364265	-1.2147491593880533	2.4015730507441972	1.0419615634406147	-0.5185	0.3771	-1.3389
4591.0	1.181124	-3.733686	10.553598000000001	-1.218239817892042	2.5743606466916362	1.213003830136059	-0.5081	0.3795	-1.351
4592.0	1.090872	-3.759192	10.556541000000001	-1.1728612573401895	2.693043035827251	1.286307658719821	-0.492	0.3854	-1.3599
4593.0	1.341027	-3.575745	10.371132	-1.1623892818282233	2.748893571891069	1.31423292675173	-0.47	0.3949	-1.3701
4594.0	1.475424	-3.216699	10.106262000000001	-1.2007865253720986	2.8780479365386493	1.361356816555577	-0.444	0.408	-1.3814
4595.0	1.8531090000000001	-2.758572	9.901233000000001	-1.2217304763960306	2.9408797896104453	1.3578661580515883	-0.414	0.4231	-1.3967
4596.0	2.427975	-2.297502	9.817848	-1.2426744274199626	3.0106929596902186	1.3945180723434694	-0.3823	0.4407	-1.412
4597.0	3.1578390000000005	-1.935513	9.860031000000001	-1.2060225131280815	3.040363556974122	1.408480706359424	-0.3477	0.4598	-1.4256
4598.0	3.8818170000000003	-1.704978	9.956169	-1.2077678423800762	3.0421088862261167	1.4625859131712482	-0.3126	0.4799	-1.4404
4599.0	4.5675360000000005	-1.5303600000000002	10.078794000000002	-1.2077678423800762	3.057816849494065	1.530653753999027	-0.2745	0.5006	-1.4562
4600.0	5.234616	-1.3537800000000002	10.221039000000001	-1.1501719770642633	3.040363556974122	1.567305668290908	-0.2366	0.522	-1.4688
4601.0	5.886981	-1.198782	10.375056	-1.1082840750163994	3.0490902032340936	1.656317460142619	-0.1974	0.5435	-1.482
4602.0	6.500106	-1.084986	10.511415	-1.0314895879286488	3.024655593706173	1.7296212887263804	-0.1583	0.5647	-1.4961
4603.0	7.052409	-1.012392	10.611477	-0.9913470151327791	3.0211649352021843	1.8256143975860686	-0.1175	0.5862	-1.5136
4604.0	7.54389	-0.9888480000000001	10.695843000000002	-0.9285151620609834	2.949606435870417	1.8849555921538759	-0.0759	0.6071	-1.5249
4605.0	7.972587	-0.992772	10.732140000000001	-0.8674286382411819	2.8501226685067405	1.9338248112097172	-0.0325	0.6288	-1.5394
4606.0	8.346348	-0.9859050000000001	10.716444000000001	-0.8185594191853406	2.78554548618295	1.9390607989657	0.0112	0.6499	-1.55
4607.0	8.676945	-0.9692280000000001	10.636983	-0.778416846389471	2.638937829015426	1.9250981649497454	0.0576	0.6708	-1.558
4608.0	8.977131	-0.948627	10.492776000000001	-0.7661995416255106	2.4486969405480448	1.8919369091618534	0.109	0.6934	-1.5719
4609.0	9.230229	-0.885843	10.277937000000001	-0.7539822368615504	2.241002759560719	1.827359726838063	0.1613	0.7165	-1.5799
4610.0	9.424467	-0.717111	9.95715	-0.8150687606813519	2.0106192982974678	1.7732545200262386	0.2138	0.7376	-1.5886
4611.0	9.583389	-0.39043800000000006	9.573579	-0.9337511498169663	1.7610372152622786	1.6807520696705394	0.2661	0.7589	-1.5902
4612.0	9.778608	-0.035316	9.152730000000002	-0.9948376736367679	1.6091935703387719	1.4835298641951802	0.3175	0.7793	-1.5954
4613.0	10.009143	0.36002700000000004	8.677926000000001	-0.9965830028887622	1.5323990832510213	1.3439035240356338	0.3675	0.7993	-1.5911
4614.0	10.272051	0.86328	8.105022000000002	-1.0471975511965976	1.3735741213195374	1.0297442586766545	0.4153	0.8181	-1.5934
4615.0	10.563408	1.443051	7.432056000000001	-1.069886831472524	1.2252211349000195	0.6632251157578453	0.4596	0.8361	-1.5838
4616.0	10.847897999999999	2.0002590000000002	6.668838	-0.9250245035569946	0.9791297103688189	0.21991148575128552	0.501	0.8526	-1.5796
4617.0	11.11473	2.5064550000000003	5.844798	-0.6963863715457375	0.6876597252857658	-0.26529004630313807	0.5375	0.8693	-1.573
4618.0	11.339379	3.00186	5.031549	-0.5044001538263612	0.32812189937493397	-0.6946410422937431	0.565	0.8822	-1.5615
4619.0	11.55618	3.46293	4.297761	-0.4537856055185257	0.17453292519943295	-0.8569566627292158	0.5866	0.8943	-1.5509
4620.0	11.720007	3.7513440000000005	3.6865980000000005	-0.32637657012293964	-0.08726646259971647	-1.075122819228507	0.6033	0.9056	-1.5403
4621.0	11.803392	3.8455200000000005	3.179421	-0.08203047484373349	-0.3612831551628262	-1.165879940332212	0.6149	0.9158	-1.5321
4622.0	11.731779	3.857292	2.7566100000000002	0.14486232791552936	-0.5777039824101231	-1.1344640137963142	0.6209	0.9244	-1.5249
4623.0	11.522826000000002	3.7954890000000003	2.463291	0.3839724354387525	-0.8045967851693859	-0.9738937226128358	0.622	0.9317	-1.5193
4624.0	11.178495	3.5973270000000004	2.336742	0.8098327729253689	-1.0157816246606999	-0.7557275661135446	0.6187	0.9368	-1.5152
4625.0	10.727235	2.8949309999999997	2.445633	1.5550883635269475	-1.6982053621904827	-1.2060225131280815	0.6103	0.9384	-1.5136
4626.0	9.555921	2.596707	2.474082	1.4398966328953218	-2.0437805540853597	-1.3508848410436112	0.5967	0.9373	-1.5132
4627.0	8.632800000000001	2.0757960000000004	3.101922	1.541125729510993	-2.1624629432209743	-1.5725416560468908	0.5783	0.933	-1.5154
4628.0	7.731261000000001	1.4361840000000001	4.089789000000001	1.7453292519943295	-2.012364627549462	-1.816887751326097	0.5562	0.9265	-1.5192
4629.0	6.804216	0.916254	4.683294	1.7558012275062955	-2.333505209916418	-1.9722220547535925	0.5309	0.9163	-1.5249
4630.0	6.841494000000001	0.753408	5.666256000000001	1.048942880448592	-2.9862583501622977	-1.8221237390820801	0.5015	0.9037	-1.5313
4631.0	8.980074	-1.344951	6.87681	2.0367992370773824	-1.6667894356545847	-1.631882850614698	0.4685	0.888	-1.5386
4632.0	8.55432	-1.1546370000000001	7.1887680000000005	2.012364627549462	-0.2617993877991494	-1.0314895879286488	0.4371	0.8697	-1.5451
4633.0	8.932005	0.615087	8.444448000000001	1.2461650859239515	-0.5934119456780721	-0.8796459430051421	0.406	0.8497	-1.5506
4634.0	8.398341	0.7435980000000001	8.965359000000001	0.22689280275926285	0.17976891295541594	-0.23736477827122882	0.3769	0.8302	-1.5528
4635.0	8.258058	0.39534300000000006	9.243963	0.024434609527920613	-0.08203047484373349	-0.08203047484373349	0.3501	0.8126	-1.5529
4636.0	8.634762	0.30411	9.80019	0.20420352248333654	-0.0645771823237902	-0.15358897417550102	0.3264	0.7963	-1.5507
4637.0	8.871183	0.434583	9.808038000000002	0.18675022996339324	0.005235987755982988	-0.1413716694115407	0.3062	0.7813	-1.5486
4638.0	9.155673	0.545436	9.45684	0.17976891295541594	0.0471238898038469	-0.12391837689159739	0.2896	0.7686	-1.5468
4639.0	9.418581	0.6199920000000001	9.540225000000001	0.1780235837034216	0.09075712110370514	-0.12566370614359174	0.2772	0.7577	-1.5474
4640.0	8.772102	0.377685	9.208647000000001	0.15184364492350666	0.11693705988362008	-0.12391837689159739	0.2704	0.7487	-1.5489
4641.0	6.094953	2.144466	8.606313	0.15707963267948966	0.11344640137963143	-0.11868238913561441	0.2682	0.7421	-1.5525
4642.0	6.044922	1.7128260000000002	8.877069	0.0890117918517108	0.1291543646475804	-0.07679448708775051	0.2668	0.7383	-1.5545
4643.0	5.278761	-0.306072	8.136414	0.06283185307179587	0.10821041362364843	-0.061086523819801536	0.2666	0.736	-1.5594
4644.0	5.4955620000000005	-0.626859	8.076573000000002	0.020943951023931952	0.11693705988362008	-0.03665191429188092	0.2672	0.7342	-1.5653
4645.0	5.378823000000001	-0.032373	8.148186	0.008726646259971648	0.11344640137963143	-0.026179938779914945	0.2677	0.7324	-1.5746
4646.0	5.451417	-0.112815	8.143281	-0.0	0.1117010721276371	-0.005235987755982988	0.269	0.7311	-1.5834
4647.0	5.433758999999999	-0.158922	8.178597	-0.013962634015954637	0.11344640137963143	0.012217304763960306	0.2706	0.7299	-1.5915
4648.0	5.381766	-0.061803000000000004	8.257077	-0.026179938779914945	0.10297442586766545	0.008726646259971648	0.2721	0.7285	-1.5944
4649.0	5.390595	-0.075537	8.277678	-0.029670597283903602	0.08028514559173916	0.026179938779914945	0.273	0.728	-1.594
4650.0	5.392557	-0.072594	8.296317	-0.05061454830783556	0.08028514559173916	0.03665191429188092	0.2743	0.7278	-1.5888
4651.0	5.386671000000001	-0.095157	8.306127	-0.04363323129985824	0.06632251157578452	0.03316125578789226	0.275	0.7275	-1.5814
4652.0	5.390595	-0.163827	8.294355000000001	-0.05061454830783556	0.06283185307179587	0.04014257279586958	0.2759	0.7276	-1.5741
4653.0	5.376861000000001	-0.206991	8.300241	-0.041887902047863905	0.05235987755982989	0.022689280275926284	0.2765	0.7277	-1.5695
4654.0	5.3631269999999995	-0.259965	8.301222	-0.029670597283903602	0.054105206811824215	0.022689280275926284	0.2763	0.7289	-1.5663
4655.0	5.352336	-0.301167	8.298279	-0.005235987755982988	0.04014257279586958	0.006981317007977318	0.2766	0.7291	-1.5654
4656.0	5.349393	-0.306072	8.297298	-0.027925268031909273	0.04537856055185257	0.020943951023931952	0.2768	0.7296	-1.5655
4657.0	5.339583	-0.315882	8.301222	-0.017453292519943295	0.020943951023931952	0.015707963267948967	0.2766	0.7306	-1.5676
4658.0	5.326830000000001	-0.335502	8.29926	-0.031415926535897934	0.012217304763960306	0.029670597283903602	0.2762	0.7311	-1.5713
4659.0	5.318982	-0.349236	8.296317	-0.03665191429188092	0.008726646259971648	0.027925268031909273	0.277	0.7313	-1.5764
4660.0	5.322906	-0.364932	8.285526	-0.031415926535897934	0.006981317007977318	0.03665191429188092	0.2765	0.7317	-1.5833
4661.0	5.330754	-0.376704	8.277678	-0.015707963267948967	0.005235987755982988	0.022689280275926284	0.2768	0.7324	-1.5912
4662.0	5.337621	-0.380628	8.265906000000001	-0.013962634015954637	0.010471975511965976	0.027925268031909273	0.2764	0.7325	-1.6006
4663.0	5.338602000000001	-0.38259000000000004	8.247267	0.017453292519943295	0.012217304763960306	0.013962634015954637	0.2761	0.7326	-1.6095
4664.0	5.334677999999999	-0.38847600000000004	8.23059	0.017453292519943295	0.03490658503988659	-0.0017453292519943296	0.276	0.7319	-1.6119
4665.0	5.329773	-0.398286	8.221761	0.019198621771937627	0.03316125578789226	-0.005235987755982988	0.276	0.732	-1.6187
4666.0	5.318982	-0.41202000000000005	8.214894000000001	0.03665191429188092	0.027925268031909273	-0.012217304763960306	0.2759	0.732	-1.6169
4667.0	5.310153000000001	-0.425754	8.20116	0.022689280275926284	0.03490658503988659	-0.006981317007977318	0.2765	0.7318	-1.6171
4668.0	5.3023050000000005	-0.434583	8.198217	0.03490658503988659	0.027925268031909273	-0.012217304763960306	0.2772	0.732	-1.6166
4669.0	5.292495	-0.44145	8.190369	0.029670597283903602	0.041887902047863905	-0.010471975511965976	0.2775	0.7324	-1.6171
4670.0	5.282685	-0.430659	8.193312	0.03490658503988659	0.04363323129985824	-0.022689280275926284	0.2778	0.7321	-1.6166
4671.0	5.2718940000000005	-0.419868	8.196255	0.03665191429188092	0.054105206811824215	-0.005235987755982988	0.2784	0.7319	-1.6169
4672.0	5.254236	-0.41103900000000004	8.206065	0.019198621771937627	0.041887902047863905	-0.003490658503988659	0.2787	0.7321	-1.6143
4673.0	5.240502	-0.398286	8.217837000000001	0.027925268031909273	0.048869219055841226	-0.013962634015954637	0.2793	0.7321	-1.611
4674.0	5.227749000000001	-0.397305	8.223723000000001	0.020943951023931952	0.06981317007977318	-0.012217304763960306	0.2782	0.7317	-1.6114
4675.0	5.216958000000001	-0.3924	8.227647000000001	0.03490658503988659	0.06981317007977318	-0.03665191429188092	0.2792	0.732	-1.6052
4676.0	5.211072000000001	-0.394362	8.226666	0.024434609527920613	0.06981317007977318	-0.019198621771937627	0.2792	0.7317	-1.6077
4677.0	5.204205	-0.401229	8.233533000000001	0.041887902047863905	0.07504915783575616	-0.048869219055841226	0.2794	0.7314	-1.6053
4678.0	5.197338000000001	-0.408096	8.232552	0.03665191429188092	0.08726646259971647	-0.04014257279586958	0.2796	0.7309	-1.6092
4679.0	5.191452	-0.413001	8.242362	0.054105206811824215	0.0715584993317675	-0.0471238898038469	0.2797	0.7296	-1.6137
4680.0	5.181642	-0.41496299999999997	8.252172	0.038397243543875255	0.07504915783575616	-0.04537856055185257	0.2805	0.7291	-1.6148
4681.0	5.1728130000000005	-0.41496299999999997	8.261001	0.0471238898038469	0.059341194567807204	-0.04363323129985824	0.281	0.7282	-1.6111
4682.0	5.170851000000001	-0.40221	8.273754	0.017453292519943295	0.05061454830783556	-0.031415926535897934	0.2815	0.7269	-1.6148
4683.0	5.163984	-0.38357100000000005	8.286507	0.024434609527920613	0.03665191429188092	-0.03665191429188092	0.2826	0.7267	-1.6127
4684.0	5.161041	-0.36297	8.297298	0.008726646259971648	0.027925268031909273	-0.027925268031909273	0.285	0.7261	-1.6144
4685.0	5.159079	-0.34531200000000006	8.306127	0.020943951023931952	0.010471975511965976	-0.03316125578789226	0.2853	0.7254	-1.6129
4686.0	5.154174	-0.32667300000000005	8.313975000000001	0.017453292519943295	0.015707963267948967	-0.024434609527920613	0.2858	0.7243	-1.613
4687.0	5.149269	-0.308034	8.314956	0.005235987755982988	0.012217304763960306	-0.029670597283903602	0.2865	0.724	-1.6116
4688.0	5.145345	-0.296262	8.31888	-0.008726646259971648	0.020943951023931952	-0.024434609527920613	0.2864	0.7239	-1.6086
4689.0	5.137497000000001	-0.281547	8.31888	-0.003490658503988659	0.003490658503988659	-0.026179938779914945	0.2864	0.7239	-1.601
4690.0	5.13063	-0.295281	8.316918000000001	-0.005235987755982988	0.006981317007977318	-0.03490658503988659	0.2864	0.7238	-1.6007
4691.0	5.116896	-0.30901500000000004	8.323785	0.010471975511965976	-0.006981317007977318	-0.04014257279586958	0.2871	0.7241	-1.6016
4692.0	5.1061049999999994	-0.32667300000000005	8.32869	0.005235987755982988	-0.010471975511965976	-0.048869219055841226	0.2866	0.7242	-1.5995
4693.0	5.1012	-0.340407	8.335557	0.019198621771937627	-0.04363323129985824	-0.06806784082777885	0.2862	0.7236	-1.5995
4694.0	5.093352	-0.37572300000000003	8.354196	0.04014257279586958	-0.06283185307179587	-0.07853981633974483	0.2857	0.7237	-1.5985
4695.0	5.074713	-0.41594400000000004	8.373816000000001	0.09250245035569947	-0.1064650843716541	-0.10122909661567112	0.2851	0.7233	-1.5987
4696.0	5.06196	-0.419868	8.417961	0.08377580409572781	-0.17278759594743864	-0.09075712110370514	0.2845	0.7228	-1.5983
4697.0	5.063922	-0.381609	8.480745	0.0715584993317675	-0.2722713633111154	-0.08203047484373349	0.2832	0.7224	-1.5988
4698.0	5.048226	-0.35904600000000003	8.571978000000001	0.0645771823237902	-0.33510321638291124	-0.07853981633974483	0.2821	0.7219	-1.5979
4699.0	5.011929	-0.413982	8.696565	0.10122909661567112	-0.5166174585903216	-0.10821041362364843	0.28	0.7215	-1.5984
4700.0	4.9236390000000005	-0.381609	8.921214	0.054105206811824215	-0.8150687606813519	-0.12217304763960307	0.2764	0.7211	-1.5986
4701.0	4.8853800000000005	-0.2943	9.119376	0.020943951023931952	-1.1519173063162575	-0.0942477796076938	0.271	0.72	-1.5982
4702.0	4.841235	-0.21385800000000002	9.317538	-0.020943951023931952	-1.4800392056911915	-0.05061454830783556	0.2644	0.7192	-1.5968
4703.0	4.8039570000000005	-0.124587	9.473517000000001	-0.038397243543875255	-1.7715091907742444	-0.006981317007977318	0.2553	0.7186	-1.5957
4704.0	4.801995	-0.019620000000000002	9.615762	-0.029670597283903602	-1.9198621771937625	0.0017453292519943296	0.2435	0.718	-1.5936
4705.0	4.828482	-0.036297	9.713862	-0.029670597283903602	-2.193878869756872	-0.012217304763960306	0.2284	0.7174	-1.5906
4706.0	4.860855	-0.092214	9.772722	0.020943951023931952	-2.480112867083942	-0.0942477796076938	0.2107	0.717	-1.5855
4707.0	4.856931	-0.175599	9.809019000000001	0.012217304763960306	-2.7419122548830916	-0.16929693744344995	0.1893	0.7161	-1.578
4708.0	4.882437	-0.241326	9.802152	0.054105206811824215	-3.0089476304382243	-0.2617993877991494	0.1645	0.7155	-1.5669
4709.0	4.935411	-0.244269	9.760950000000001	0.11868238913561441	-3.2602750427254077	-0.38048177693476387	0.1355	0.7145	-1.5524
4710.0	5.105124	-0.41103900000000004	9.606933	0.26005405854715513	-3.51509311351658	-0.5201081170943103	0.1035	0.7133	-1.5349
4711.0	5.3405640000000005	-0.8416980000000001	9.457821000000001	0.3438298626428829	-3.633775502652194	-0.6370451769779303	0.0669	0.711	-1.5185
4712.0	5.674104000000001	-1.372419	9.30969	0.6073745796940266	-3.7507125625358144	-0.9773843811168246	0.0285	0.7079	-1.5015
4713.0	6.15087	-1.7775720000000002	9.196875	0.9843656981248018	-3.785619147575701	-1.3631021458075714	-0.0138	0.7024	-1.4855
4714.0	6.678648	-2.087568	9.048744000000001	0.9546951008408983	-3.6704274169440754	-1.5987215948268059	-0.0587	0.6957	-1.4697
4715.0	7.330032	-2.363229	8.957511	1.0297442586766545	-3.4819318577286875	-1.7627825445142729	-0.1051	0.6858	-1.4543
4716.0	7.830342000000001	-2.527056	8.832924	1.2252211349000195	-3.232349774693498	-1.9704767255015982	-0.1522	0.6734	-1.4371
4717.0	8.302203	-2.562372	8.669097	1.2583823906879115	-3.162536604613725	-2.029817920069405	-0.2012	0.6579	-1.421
4718.0	8.629857000000001	-2.612403	8.513118	1.0943214410004447	-3.0264009229581674	-2.0367992370773824	-0.2488	0.6398	-1.4056
4719.0	8.921214	-2.7566100000000002	8.406189000000001	0.8517206749732328	-2.748893571891069	-2.022836603061428	-0.2969	0.6192	-1.3921
4720.0	8.891784	-2.779173	8.360082	0.8255407361933178	-2.26543736908864	-2.0367992370773824	-0.3421	0.5956	-1.3781
4721.0	8.386569	-2.547657	8.577864	0.3961897402027128	-1.610938899590766	-1.9460421159736774	-0.3853	0.5715	-1.3619
4722.0	8.115813000000001	-2.333799	8.960454	-0.15184364492350666	-0.7435102613495844	-1.5934856070708228	-0.4247	0.546	-1.3416
4723.0	7.472277000000001	-2.538828	9.322443000000002	-0.38746309394274114	0.42062434973063345	-1.0733774899765127	-0.4601	0.5206	-1.3189
4724.0	6.524631	-3.002841	9.569655000000001	-0.2565634000431664	0.8237954069413236	-0.8621926504851988	-0.4883	0.4969	-1.2951
4725.0	5.242464	-3.2333760000000002	9.654021	0.1308996938995747	1.3299408900196792	-0.5131268000863328	-0.5121	0.4753	-1.2737
4726.0	4.113333	-3.3314760000000003	9.727596	0.17453292519943295	1.5341444125030157	-0.09075712110370514	-0.5294	0.4565	-1.2574
4727.0	3.0950550000000003	-3.4913790000000002	9.816867	-0.17453292519943295	1.7558012275062955	0.4415683007545654	-0.5402	0.4403	-1.2471
4728.0	2.24649	-3.6964080000000004	9.885537000000001	-0.4328416544945937	2.007128639793479	0.8796459430051421	-0.5453	0.4287	-1.2418
4729.0	1.417545	-3.803337	9.851202	-0.5061454830783556	2.150245638457014	1.192059879112127	-0.544	0.4202	-1.2437
4730.0	0.848565	-3.878874	9.736425	-0.5410520681182421	2.176425577236929	1.4416419621473162	-0.5373	0.4174	-1.2493
4731.0	0.7426170000000001	-3.9455820000000004	9.393075000000001	-0.6213372137099813	2.1624629432209743	1.5481070465189704	-0.5262	0.4175	-1.2605
4732.0	0.448317	-3.8808360000000004	8.928081	-0.7871434926494426	2.251474735072685	1.7627825445142729	-0.5104	0.4227	-1.2758
4733.0	0.512082	-3.5629920000000004	8.532738	-0.8482300164692442	2.4452062820440554	1.8936822384138476	-0.4898	0.4309	-1.2968
4734.0	0.9093870000000001	-3.0930930000000005	8.335557	-0.8115781021773633	2.736676267127109	1.960004749989632	-0.4676	0.442	-1.3184
4735.0	1.58922	-2.745819	8.334576	-0.747000919853573	3.01941960595019	1.9634954084936207	-0.4419	0.4559	-1.3395
4736.0	2.329875	-2.596707	8.447391	-0.7696902001294994	3.302162944773271	1.9547687622336491	-0.4133	0.4723	-1.364
4737.0	3.082302	-2.5152840000000003	8.642610000000001	-0.8028514559173916	3.4121186876489142	1.9512781037296605	-0.382	0.4906	-1.3844
4738.0	3.8749500000000006	-2.388735	8.918271	-0.8482300164692442	3.6145768808802563	1.9477874452256716	-0.3481	0.5094	-1.4058
4739.0	4.759812	-2.2661100000000003	9.29988	-0.9145525280450286	3.808308427851627	1.9547687622336491	-0.3113	0.5292	-1.4256
4740.0	5.721192000000001	-2.21706	9.769779	-0.9546951008408983	3.9426987802551907	2.0176006153054447	-0.272	0.5491	-1.4438
4741.0	6.676686	-2.248452	10.255374000000002	-1.017526953912694	4.036946559862884	2.129301687433082	-0.2287	0.5704	-1.463
4742.0	7.571358000000001	-2.3259510000000003	10.719387000000001	-1.017526953912694	4.064871827894794	2.2584560520806627	-0.1825	0.5919	-1.4785
4743.0	8.39736	-2.392659	11.143179	-1.0210176124166828	4.047418535374851	2.4085543677521746	-0.1343	0.6129	-1.4948
4744.0	9.165483	-2.427975	11.494377	-1.0210176124166828	3.9968039870670147	2.4731315500759647	-0.0825	0.6328	-1.51
4745.0	9.862974000000001	-2.465253	11.747475000000001	-1.064650843716541	3.827507049623565	2.5516713664157096	-0.0275	0.6529	-1.5285
4746.0	10.411353	-2.5986690000000006	11.932884	-0.9564404300928926	3.529055747532534	2.609267231731523	0.0279	0.6732	-1.5389
4747.0	10.827297	-3.376602	11.468871	0.7696902001294994	2.4172810140121466	1.8919369091618534	0.086	0.6919	-1.5525
4748.0	11.223621	-2.775249	10.657584000000002	0.11693705988362008	1.2566370614359172	1.4765485471872026	0.142	0.7077	-1.5627
4749.0	11.782791000000001	-1.521531	9.963036	-1.5725416560468908	0.9965830028887622	1.9792033717615698	0.1963	0.7223	-1.5705
4750.0	12.337056	-0.45126	9.315576	-2.3108159296404924	0.9808750396208132	2.10835773640915	0.247	0.7371	-1.5775
4751.0	12.777525	0.44145	8.538624	-3.0647981665020425	1.0192722831646885	2.2776546738526	0.2959	0.7535	-1.5812
4752.0	13.140495	0.950589	7.564491	-2.62846585350346	0.9878563566287906	2.131047016685076	0.3411	0.7711	-1.5831
4753.0	13.483845	1.2576420000000001	6.450075	-1.5742869852988852	0.9494591130849153	1.5655603390389137	0.3855	0.7908	-1.5811
4754.0	13.657482000000002	1.614726	5.330754	-0.7051130178057091	0.7155849933176751	0.7208209810736581	0.4269	0.8112	-1.577
4755.0	13.529952	2.144466	4.24773	-0.4939281783143953	0.29670597283903605	-0.12391837689159739	0.4631	0.831	-1.5669
4756.0	13.384764	2.787021	3.274578	-0.5864306286700948	-0.09075712110370514	-0.8744099552491591	0.4922	0.8483	-1.5621
4757.0	13.295493	3.9769740000000002	3.015594	-0.6108652381980153	-0.18675022996339324	-1.1833332328521553	0.5149	0.867	-1.5508
4758.0	13.130685000000001	3.728781	3.1431240000000003	-0.609119908946021	-0.23736477827122882	-1.642354826126664	0.5326	0.887	-1.542
4759.0	12.659805	2.794869	3.160782	-0.5340707511102649	-0.2775073510670984	-1.879719604397893	0.5464	0.9077	-1.5286
4760.0	12.030003	2.027727	3.0989790000000004	-0.4590215932745087	-0.32288591161895097	-1.9216075064457567	0.5553	0.9269	-1.5185
4761.0	11.358018	1.419507	3.141162	-0.28099800957108706	-0.4188790204786391	-1.8343410438460404	0.56	0.9426	-1.5054
4762.0	10.628154	1.179162	3.39426	-0.015707963267948967	-0.5201081170943103	-1.6214108751027323	0.5596	0.9547	-1.4999
4763.0	9.835506	1.1418840000000001	3.8111850000000005	0.13439035240356337	-0.5480333851262195	-1.4905111812031575	0.5532	0.9631	-1.4918
4764.0	9.139977	1.060461	4.299723	0.40491638646268446	-0.5550147021341968	-1.1588986233242349	0.5412	0.9692	-1.49
4765.0	8.651439	0.807363	4.810824	0.5969026041820608	-0.5131268000863328	-0.7923794804054256	0.5275	0.9735	-1.4891
4766.0	8.1423	0.531702	5.230692	0.7417649320975901	-0.5550147021341968	-0.4625122517784973	0.5137	0.976	-1.4875
4767.0	7.557624000000001	0.35414100000000004	5.539707	0.7853981633974483	-0.6230825429619757	-0.20420352248333654	0.4998	0.9765	-1.4884
4768.0	6.882696	0.21385800000000002	5.785938	1.5760323145508794	-0.8255407361933178	-0.08203047484373349	0.4862	0.975	-1.4894
4769.0	6.281343000000001	-0.704358	5.884038	2.7820548276789614	-1.5184364492350666	-0.8360127117052838	0.4719	0.969	-1.4946
4770.0	5.716287	-0.5738850000000001	5.801634000000001	2.710496328347194	-1.70518667919846	-0.9494591130849153	0.4568	0.9581	-1.501
4771.0	5.432778	-0.41202000000000005	6.136155	2.4888395133439136	-1.7016960206944713	-1.0349802464326374	0.4405	0.9444	-1.5102
4772.0	5.408253	-0.159903	6.745356	2.0996310901491784	-1.3700834628155487	-0.9634217471008699	0.423	0.9265	-1.5195
4773.0	5.419044	0.22268700000000002	7.349652	1.900663555421825	-1.4381513036433275	-1.3997540600994522	0.4054	0.9076	-1.531
4774.0	6.8375699999999995	0.419868	8.117775	1.3299408900196792	-0.1291543646475804	-0.8220500776893293	0.3882	0.886	-1.5418
4775.0	6.927822000000001	0.63765	8.355177000000001	0.8447393579652555	-0.4485496177625427	-0.62482787221397	0.3714	0.8636	-1.5537
4776.0	7.005321	1.2095730000000002	8.674983000000001	0.6126105674500097	-0.2879793265790644	-0.1466076571675237	0.3546	0.842	-1.5643
4777.0	7.118136000000001	0.976095	8.873145000000001	0.2722713633111154	-0.11344640137963143	-0.2722713633111154	0.3388	0.8204	-1.5752
4778.0	7.350633	0.8985960000000001	9.044820000000001	0.2827433388230814	-0.15009831567151233	-0.22165681500327983	0.3236	0.7997	-1.5844
4779.0	7.5595859999999995	1.7913060000000003	9.294975	0.28623399732707	-0.07679448708775051	-0.20420352248333654	0.3104	0.7823	-1.5907
4780.0	7.890183	1.645137	9.685413	0.21642082724729686	0.008726646259971648	-0.1413716694115407	0.3	0.7682	-1.5928
4781.0	7.933347	1.4352030000000002	9.634401	0.15184364492350666	0.08377580409572781	-0.10821041362364843	0.2921	0.7564	-1.5919
4782.0	7.729299000000001	1.184067	9.296937	0.15358897417550102	0.09773843811168245	-0.09773843811168245	0.2876	0.7483	-1.5874
4783.0	7.47522	0.8103060000000001	8.951625	0.12740903539558607	0.10297442586766545	-0.09250245035569947	0.2844	0.7415	-1.5821
4784.0	5.854608000000001	0.621954	8.401284	0.11519173063162574	0.09773843811168245	-0.07853981633974483	0.282	0.7368	-1.5778
4785.0	5.648598	0.36198900000000006	8.360082	0.07853981633974483	0.10471975511965978	-0.0715584993317675	0.2809	0.7337	-1.5758
4786.0	5.568156	-0.28645200000000004	8.228628	0.08552113334772216	0.09948376736367678	-0.07504915783575616	0.2806	0.7307	-1.5745
4787.0	5.541669	-0.149112	8.21097	0.08203047484373349	0.12217304763960307	-0.08726646259971647	0.2801	0.7284	-1.5763
4788.0	5.4926189999999995	-0.125568	8.196255	0.11519173063162574	0.13788101090755203	-0.10297442586766545	0.2803	0.7267	-1.578
4789.0	5.452398	-0.208953	8.199198	0.13264502315156904	0.1413716694115407	-0.10297442586766545	0.2802	0.7248	-1.5817
4790.0	5.344488	-0.238383	8.226666	0.1064650843716541	0.158824961931484	-0.0942477796076938	0.2805	0.7232	-1.5866
4791.0	5.306229000000001	-0.204048	8.26002	0.0890117918517108	0.1291543646475804	-0.07679448708775051	0.2811	0.7216	-1.5943
4792.0	5.310153000000001	-0.197181	8.259039	0.04363323129985824	0.15358897417550102	-0.061086523819801536	0.2823	0.7206	-1.6036
4793.0	5.333697	-0.19129500000000002	8.250210000000001	0.04537856055185257	0.15184364492350666	-0.05759586531581287	0.284	0.7186	-1.6136
4794.0	5.332716	-0.199143	8.244324	0.041887902047863905	0.1710422666954443	-0.05759586531581287	0.2861	0.7177	-1.619
4795.0	5.311134	-0.178542	8.264925	0.04363323129985824	0.158824961931484	-0.05235987755982989	0.2875	0.7167	-1.6207
4796.0	5.288571	-0.148131	8.293374	0.031415926535897934	0.158824961931484	-0.05585053606381855	0.2895	0.7161	-1.6184
4797.0	5.263065	-0.10889100000000002	8.323785	0.029670597283903602	0.1308996938995747	-0.04537856055185257	0.2913	0.7154	-1.6119
4798.0	5.247369000000001	-0.08632800000000002	8.340462	0.015707963267948967	0.13439035240356337	-0.04014257279586958	0.2927	0.7142	-1.6043
4799.0	5.239521000000001	-0.10398600000000001	8.351253	0.022689280275926284	0.09948376736367678	-0.048869219055841226	0.2943	0.7139	-1.5993
4800.0	5.2257869999999995	-0.153036	8.352234000000001	0.026179938779914945	0.08028514559173916	-0.038397243543875255	0.2964	0.7137	-1.5956
4801.0	5.213034	-0.19129500000000002	8.357139	0.03665191429188092	0.06632251157578452	-0.048869219055841226	0.2975	0.7134	-1.595
4802.0	5.202243	-0.198162	8.372835	0.04363323129985824	0.07504915783575616	-0.04363323129985824	0.2977	0.7127	-1.5954
4803.0	5.1904710000000005	-0.18933300000000003	8.379702	0.048869219055841226	0.04537856055185257	-0.03665191429188092	0.298	0.7127	-1.5973
4804.0	5.194395	-0.19129500000000002	8.386569	0.048869219055841226	0.03490658503988659	-0.04537856055185257	0.2983	0.7123	-1.5998
4805.0	5.194395	-0.190314	8.372835	0.0645771823237902	0.048869219055841226	-0.05061454830783556	0.2977	0.7114	-1.6054
4806.0	5.201262000000001	-0.198162	8.351253	0.06806784082777885	0.04014257279586958	-0.038397243543875255	0.2982	0.7108	-1.6109
4807.0	5.202243	-0.204048	8.337519	0.08377580409572781	0.03665191429188092	-0.041887902047863905	0.2978	0.71	-1.6239
4808.0	5.191452	-0.19325699999999998	8.330652	0.0645771823237902	0.048869219055841226	-0.041887902047863905	0.2976	0.71	-1.6317
4809.0	5.187528	-0.17069399999999998	8.323785	0.07330382858376185	0.04014257279586958	-0.03665191429188092	0.2974	0.7077	-1.6367
4810.0	5.178699000000001	-0.14616900000000002	8.323785	0.06283185307179587	0.031415926535897934	-0.03316125578789226	0.2978	0.7067	-1.6382
4811.0	5.170851000000001	-0.11968200000000001	8.322804000000001	0.054105206811824215	0.019198621771937627	-0.03316125578789226	0.2981	0.705	-1.6423
4812.0	5.164965	-0.10300500000000001	8.321823	0.026179938779914945	0.03490658503988659	-0.017453292519943295	0.2985	0.704	-1.6401
4813.0	5.163003	-0.08142300000000001	8.315937	0.026179938779914945	0.015707963267948967	-0.024434609527920613	0.2989	0.7031	-1.6392
4814.0	5.145345	-0.051012	8.313975000000001	-0.008726646259971648	0.027925268031909273	0.0017453292519943296	0.299	0.7024	-1.638
4815.0	5.141421	-0.028449	8.320842	-0.008726646259971648	0.024434609527920613	0.003490658503988659	0.2996	0.7016	-1.6378
4816.0	5.131611	-0.012753	8.335557	-0.005235987755982988	0.024434609527920613	0.012217304763960306	0.2991	0.7019	-1.6379
4817.0	5.119839000000001	-0.006867000000000001	8.340462	-0.029670597283903602	0.019198621771937627	0.017453292519943295	0.2989	0.7015	-1.6349
4818.0	5.1218010000000005	-0.008829	8.343405	-0.020943951023931952	0.015707963267948967	0.013962634015954637	0.2991	0.701	-1.6347
4819.0	5.116896	-0.017658	8.336538000000001	-0.017453292519943295	0.027925268031909273	0.010471975511965976	0.2994	0.7017	-1.6366
4820.0	5.119839000000001	-0.035316	8.326728000000001	-0.020943951023931952	0.03490658503988659	0.015707963267948967	0.2987	0.7016	-1.6387
4821.0	5.12082	-0.05886	8.316918000000001	-0.0017453292519943296	0.03665191429188092	-0.003490658503988659	0.2989	0.7021	-1.637
4822.0	5.117877000000001	-0.075537	8.313975000000001	0.008726646259971648	0.03665191429188092	-0.015707963267948967	0.2981	0.7024	-1.6351
4823.0	5.11101	-0.099081	8.313975000000001	-0.013962634015954637	0.03490658503988659	0.0	0.298	0.7026	-1.6373
4824.0	5.1061049999999994	-0.11772	8.319861	-0.0017453292519943296	0.03490658503988659	-0.015707963267948967	0.2975	0.7026	-1.6382
4825.0	5.097276	-0.130473	8.326728000000001	-0.008726646259971648	0.03316125578789226	-0.010471975511965976	0.2974	0.7024	-1.6411
4826.0	5.085504	-0.135378	8.333595	-0.005235987755982988	0.006981317007977318	-0.020943951023931952	0.2981	0.702	-1.6437
4827.0	5.0835420000000004	-0.133416	8.329671	-0.013962634015954637	0.027925268031909273	0.0	0.2989	0.7017	-1.641
4828.0	5.074713	-0.132435	8.326728000000001	-0.024434609527920613	0.0	0.0	0.2995	0.701	-1.6431
4829.0	5.064903	-0.144207	8.3385	-0.029670597283903602	0.003490658503988659	-0.003490658503988659	0.3007	0.7018	-1.6405
4830.0	5.0531310000000005	-0.152055	8.349291000000001	-0.017453292519943295	0.013962634015954637	-0.003490658503988659	0.3011	0.7024	-1.6421
4831.0	5.047245	-0.16284600000000002	8.360082	-0.006981317007977318	0.012217304763960306	-0.019198621771937627	0.3014	0.7031	-1.6391
4832.0	5.038416	-0.17265600000000003	8.362044000000001	0.017453292519943295	0.003490658503988659	-0.041887902047863905	0.3019	0.7029	-1.644
4833.0	5.037434999999999	-0.174618	8.370873	0.022689280275926284	-0.015707963267948967	-0.04014257279586958	0.3027	0.7037	-1.6394
4834.0	5.039397000000001	-0.17069399999999998	8.365968	0.03316125578789226	0.0	-0.05061454830783556	0.3031	0.7038	-1.6401
4835.0	5.046264	-0.158922	8.36793	0.019198621771937627	-0.015707963267948967	-0.054105206811824215	0.3036	0.7042	-1.6343
4836.0	5.055093	-0.16088400000000003	8.359101	0.003490658503988659	-0.010471975511965976	-0.04363323129985824	0.3034	0.7042	-1.6331
4837.0	5.059998	-0.17167500000000002	8.357139	0.013962634015954637	-0.020943951023931952	-0.05759586531581287	0.3038	0.705	-1.6322
4838.0	5.06196	-0.17265600000000003	8.36793	-0.0	-0.015707963267948967	-0.048869219055841226	0.3036	0.7048	-1.6311
4839.0	5.059017000000001	-0.173637	8.390493	0.005235987755982988	-0.05759586531581287	-0.06632251157578452	0.3027	0.7042	-1.631
4840.0	5.0531310000000005	-0.19325699999999998	8.415999000000001	0.03316125578789226	-0.08726646259971647	-0.08203047484373349	0.3022	0.7032	-1.6302
4841.0	5.04234	-0.208953	8.439543	0.0890117918517108	-0.13788101090755203	-0.0942477796076938	0.3016	0.7024	-1.6303
4842.0	5.033511	-0.204048	8.48565	0.0942477796076938	-0.16580627893946132	-0.09948376736367678	0.3008	0.7018	-1.6298
4843.0	5.012910000000001	-0.184428	8.551377	0.10471975511965978	-0.25481807079117214	-0.10995574287564276	0.2992	0.7008	-1.6299
4844.0	4.981518	-0.203067	8.663211	0.13264502315156904	-0.39793506945470714	-0.12391837689159739	0.2973	0.6995	-1.6297
4845.0	4.912848	-0.19521900000000003	8.834886000000001	0.11693705988362008	-0.6754424205218056	-0.1308996938995747	0.2944	0.6986	-1.6296
4846.0	4.839273	-0.158922	9.074250000000001	0.1117010721276371	-1.0210176124166828	-0.1291543646475804	0.2899	0.6968	-1.6285
4847.0	4.76766	-0.133416	9.32931	0.10821041362364843	-1.4032447186034411	-0.15533430342749532	0.2834	0.6953	-1.6285
4848.0	4.698009	-0.10791	9.579465	0.12217304763960307	-1.5934856070708228	-0.1466076571675237	0.2751	0.6939	-1.6271
4849.0	4.651902000000001	-0.054936000000000006	9.764874	0.14486232791552936	-1.9739673840055867	-0.1413716694115407	0.2643	0.6922	-1.6254
4850.0	4.64013	0.053955	9.91791	0.08552113334772216	-2.3073252711365035	-0.1710422666954443	0.2502	0.6902	-1.6227
4851.0	4.6185480000000005	0.11772	10.071927	0.010471975511965976	-2.647664475275398	-0.16231562043547265	0.232	0.688	-1.6193
4852.0	4.587156	0.132435	10.210248	0.03316125578789226	-3.0665434957540367	-0.16755160819145562	0.2114	0.6855	-1.6138
4853.0	4.557726000000001	0.05297400000000001	10.314233999999999	0.026179938779914945	-3.4609879067047555	-0.24085543677521748	0.1861	0.6832	-1.6047
4854.0	4.532220000000001	-0.044145	10.363284	0.16231562043547265	-3.8467056713955023	-0.3944444109507185	0.1567	0.6806	-1.5911
4855.0	4.665636	-0.27958500000000003	10.295595000000002	0.26005405854715513	-4.0037853040749924	-0.5096361415823443	0.1236	0.6776	-1.5745
4856.0	4.894209	-0.632745	10.12392	0.5009094953223726	-4.2394047530942265	-0.8237954069413236	0.0851	0.6739	-1.5538
4857.0	5.219901	-0.9800190000000001	9.870822	0.7609635538695277	-4.324925886441949	-1.1484266478122689	0.0435	0.6683	-1.5311
4858.0	5.7447360000000005	-1.281186	9.59418	1.0000736613927508	-4.356341812977846	-1.4416419621473162	-0.002	0.6613	-1.5084
4859.0	6.431436	-1.622574	9.36855	0.9913470151327791	-4.145156973486532	-1.5917402778188285	-0.0497	0.652	-1.486
4860.0	7.2750960000000005	-1.9914300000000003	9.178236	1.1554079648202462	-3.7419859162758424	-1.7627825445142729	-0.0989	0.6402	-1.463
4861.0	7.9794540000000005	-2.133675	8.924157	1.2007865253720986	-3.488913174736665	-1.8675022996339325	-0.1483	0.6255	-1.4403
4862.0	8.555301	-2.1748770000000004	8.643591	1.0925761117484503	-3.2183871406775437	-1.8552849948699723	-0.1991	0.6085	-1.4159
4863.0	8.941815	-2.208231	8.449353	0.757472895365539	-2.9164451800825244	-1.8308503853420517	-0.2484	0.5886	-1.3928
4864.0	9.174312	-2.281806	8.301222	0.5393067388662478	-2.426007660272118	-1.8203784098300857	-0.2956	0.5674	-1.3709
4865.0	8.774064000000001	-2.10915	8.457201	0.05061454830783556	-1.733111947230369	-1.88670092140587	-0.3402	0.5442	-1.351
4866.0	8.572959	-1.8629190000000002	8.821152	-0.6213372137099813	-0.8691739674931761	-1.9425514574696887	-0.3791	0.5209	-1.3329
4867.0	8.128566000000001	-1.944342	9.25083	-0.9669124056048586	0.36477381366681483	-1.7296212887263804	-0.4138	0.498	-1.3158
4868.0	7.2594	-2.3269320000000002	9.514719	-0.895353906273091	0.8150687606813519	-1.6057029118347832	-0.4408	0.4762	-1.2966
4869.0	6.0194160000000005	-2.5986690000000006	9.605952	-0.4537856055185257	1.3473941825396225	-1.335176877775662	-0.462	0.4555	-1.2778
4870.0	4.557726000000001	-2.681073	9.592218	-0.3665191429188092	1.5638150097869192	-0.8848819307611251	-0.476	0.4369	-1.2579
4871.0	3.280464	-2.8635390000000003	9.609876	-0.6213372137099813	1.668534764906579	-0.26878070480712674	-0.4843	0.4208	-1.2398
4872.0	2.166048	-3.180402	9.605952	-0.8761552845011534	1.806415775814131	0.3490658503988659	-0.4853	0.4085	-1.226
4873.0	1.213497	-3.4599870000000004	9.495099	-0.9162978572970231	1.7959438003021653	0.8569566627292158	-0.48	0.3998	-1.2193
4874.0	0.469899	-3.5777070000000006	9.362664	-0.9721483933608416	1.6912240451825054	1.3055062804917585	-0.4698	0.3943	-1.2169
4875.0	0.398286	-3.7807740000000005	9.028143	-1.0402162341886205	1.6999506914424771	1.5219271077390555	-0.4561	0.3922	-1.2203
4876.0	0.21385800000000002	-3.970107	8.600427000000002	-1.1030480872604163	1.8308503853420517	1.858775653373961	-0.4381	0.3944	-1.2267
4877.0	0.306072	-3.828843	8.244324	-1.048942880448592	2.1467549799530254	2.097885760897184	-0.4169	0.3992	-1.2364
4878.0	0.705339	-3.373659	8.116794	-0.9407324668249436	2.485348854839925	2.1868975527488947	-0.3934	0.407	-1.2482
4879.0	1.347894	-2.9292659999999997	8.177616	-0.9424777960769379	2.792526803190927	2.209586833024821	-0.3683	0.4174	-1.265
4880.0	2.072853	-2.641833	8.366949	-1.0035643198967394	3.045599544730105	2.1624629432209743	-0.3411	0.4308	-1.2803
4881.0	2.8272420000000005	-2.4368040000000004	8.627895	-1.0332349171806432	3.1590459461097367	2.1153390534171272	-0.3119	0.4455	-1.2999
4882.0	3.626757	-2.199402	8.959473000000001	-1.0838494654884787	3.3719761148530445	2.008873969045473	-0.2801	0.4609	-1.3162
4883.0	4.521429	-1.953171	9.364626000000001	-1.0576695267085636	3.5185837720205684	1.9058995431778079	-0.2481	0.4769	-1.3324
4884.0	5.434740000000001	-1.782477	9.799209000000001	-1.0629055144645467	3.6686820876920807	1.8605209826259552	-0.2121	0.4936	-1.3434
4885.0	6.269571	-1.690263	10.226925	-1.0663961729685354	3.7454765747798313	1.8779742751458985	-0.1739	0.5097	-1.3556
4886.0	7.013169	-1.632384	10.620306000000001	-1.0663961729685354	3.796091123087667	1.9547687622336491	-0.1335	0.524	-1.3652
4887.0	7.708698000000001	-1.587258	10.973466	-1.017526953912694	3.7786378305677233	2.0367992370773824	-0.0912	0.5384	-1.376
4888.0	8.385588	-1.603935	11.280519	-1.0088003076527223	3.754203221039803	2.0891591146372126	-0.0472	0.5522	-1.3857
4889.0	9.036972	-1.684377	11.529693	-1.0210176124166828	3.611086222376268	2.2008601867648494	-0.0018	0.5658	-1.3945
4890.0	9.654021	-1.790325	11.690577000000001	-1.0454522219446034	3.363249468593073	2.235766771804736	0.0449	0.5787	-1.405
4891.0	10.210248	-1.88352	11.703330000000001	-1.0576695267085636	3.0229102644541785	2.1956241990088667	0.0919	0.5914	-1.4137
4892.0	10.644831	-2.362248	11.445327	0.022689280275926284	2.2776546738526	1.6912240451825054	0.1382	0.604	-1.4221
4893.0	10.850841	-1.944342	10.739988	-0.317649923862968	1.4660765716752369	1.4206980111233845	0.1839	0.6145	-1.4304
4894.0	11.374695000000001	-0.567999	10.167084000000001	-1.1484266478122689	1.2688543661998777	1.6702800941585734	0.2254	0.6244	-1.4399
4895.0	12.00744	0.44439300000000004	9.502947	-2.5656340004316642	1.1187560505283651	2.035053907825388	0.2651	0.636	-1.4471
4896.0	12.673539000000002	1.093815	8.605332	-2.5673793296836585	1.2304571226560024	1.965240737745615	0.3025	0.6496	-1.4521
4897.0	13.236633	1.518588	7.447752	-1.4311699866353502	1.2356931104119853	1.5062191444711064	0.3369	0.6649	-1.4523
4898.0	13.597641000000001	2.071872	6.11163	-0.3420845333908886	0.9180431865490174	0.7487462491055673	0.3682	0.6797	-1.4535
4899.0	13.730076	2.920437	4.758831	-0.16755160819145562	0.3700098014227979	-0.015707963267948967	0.3977	0.6939	-1.4533
4900.0	13.712418	3.8298240000000003	3.556125	-0.40840704496667307	-0.15707963267948966	-0.6824237375297829	0.421	0.7069	-1.4561
4901.0	13.656501	4.543992	2.625156	-0.4415683007545654	-0.3420845333908886	-0.9669124056048586	0.4392	0.7202	-1.454
4902.0	13.659444000000002	5.5083150000000005	2.082663	-0.3385938748868999	-0.49741883681838395	-1.4398966328953218	0.4511	0.7324	-1.453
4903.0	13.750677	5.544612000000001	2.049309	-0.14835298641951802	-0.5637413483941683	-1.75754655675829	0.459	0.7454	-1.448
4904.0	13.319037	4.60089	1.899216	-0.09250245035569947	-0.6475171524898963	-1.8552849948699723	0.463	0.7572	-1.4466
4905.0	12.597021000000002	3.957354	1.839375	0.019198621771937627	-0.8255407361933178	-1.8133970928221086	0.4631	0.7662	-1.441
4906.0	11.708235	3.6130230000000005	2.03067	0.317649923862968	-0.921533845053006	-1.6214108751027323	0.4575	0.7724	-1.4406
4907.0	10.784133	3.153915	2.532942	0.8028514559173916	-0.9669124056048586	-1.5376350710070041	0.4485	0.7734	-1.4417
4908.0	9.833544	2.552562	3.077397	1.928588823453734	-1.2915436464758039	-1.567305668290908	0.4341	0.7708	-1.4456
4909.0	9.072288	2.169972	3.6483390000000004	1.8919369091618534	-1.5533430342749532	-1.3631021458075714	0.4151	0.7653	-1.4464
4910.0	8.207046	1.453842	4.273236	1.7837264955382048	-1.811651763570114	-1.2461650859239515	0.3939	0.7571	-1.4488
4911.0	7.377120000000001	0.7318260000000001	5.008986000000001	1.8011797880581482	-1.9146261894377796	-1.0873401239924672	0.3711	0.7449	-1.4522
4912.0	6.400044	0.322749	5.596605	1.7243853009703975	-2.572615317439642	-0.9128071987930343	0.3466	0.7304	-1.4583
4913.0	6.852285	-1.123245	6.481467	2.569124658935653	-1.3578661580515883	-1.4259339988793673	0.32	0.7115	-1.4637
4914.0	8.451315000000001	-1.0280880000000001	7.221141	1.9250981649497454	-0.30543261909900765	-0.9564404300928926	0.2947	0.6909	-1.4697
4915.0	8.555301	0.523854	7.806798	0.5864306286700948	0.05061454830783556	-0.5375614096142535	0.2718	0.6699	-1.4762
4916.0	8.496441	0.9191970000000002	8.420904	0.12042771838760874	0.11868238913561441	-0.11868238913561441	0.2513	0.6482	-1.482
4917.0	8.23059	0.840717	8.624952	0.23736477827122882	0.005235987755982988	-0.16057029118347832	0.233	0.6289	-1.4874
4918.0	8.314956	1.155618	9.032067	0.19024088846738194	0.08552113334772216	-0.10995574287564276	0.2173	0.6111	-1.4923
4919.0	8.315937	1.027107	9.405828	0.12391837689159739	0.07679448708775051	-0.08726646259971647	0.2038	0.5958	-1.4965
4920.0	8.549415000000002	0.9849240000000001	9.615762	0.1413716694115407	0.07853981633974483	-0.10821041362364843	0.1932	0.5828	-1.4998
4921.0	8.80938	1.1654280000000001	9.527472	0.13264502315156904	0.10995574287564276	-0.1064650843716541	0.186	0.573	-1.5024
4922.0	9.195894000000001	1.1870100000000001	9.482346000000001	0.16580627893946132	0.12042771838760874	-0.1308996938995747	0.1818	0.5645	-1.504
4923.0	8.179578000000001	2.3308560000000003	9.067383000000001	0.14835298641951802	0.12042771838760874	-0.12042771838760874	0.1818	0.5606	-1.5059
4924.0	6.168528	1.915893	8.719128000000001	0.12217304763960307	0.0890117918517108	-0.10821041362364843	0.183	0.5566	-1.5069
4925.0	5.760432000000001	0.089271	8.462106	0.12740903539558607	0.10821041362364843	-0.10821041362364843	0.1833	0.554	-1.506
4926.0	5.566194	-0.43556400000000006	8.116794	0.10995574287564276	0.1413716694115407	-0.12391837689159739	0.1834	0.5516	-1.5032
4927.0	5.64075	-0.149112	8.117775	0.12391837689159739	0.15358897417550102	-0.13264502315156904	0.1838	0.5492	-1.4985
4928.0	5.524992000000001	-0.241326	8.060877	0.15533430342749532	0.1832595714594046	-0.15184364492350666	0.1847	0.5469	-1.4918
4929.0	5.515182	-0.397305	8.060877	0.18675022996339324	0.19024088846738194	-0.16406094968746698	0.1859	0.5444	-1.4851
4930.0	5.497524	-0.357084	8.094231	0.21467549799530256	0.2007128639793479	-0.19024088846738194	0.1877	0.5423	-1.4788
4931.0	5.463189	-0.329616	8.16192	0.20245819323134223	0.1780235837034216	-0.1780235837034216	0.1885	0.5394	-1.4763
4932.0	5.436702	-0.290376	8.182521	0.19896753472735357	0.16057029118347832	-0.16057029118347832	0.1896	0.5364	-1.4755
4933.0	5.460246	-0.31293899999999997	8.167806	0.1780235837034216	0.158824961931484	-0.14486232791552936	0.1902	0.5338	-1.4771
4934.0	5.482809	-0.26487	8.17173	0.19373154697137057	0.1361356816555577	-0.15009831567151233	0.1913	0.5319	-1.4788
4935.0	5.4955620000000005	-0.17167500000000002	8.198217	0.16580627893946132	0.13264502315156904	-0.13439035240356337	0.1923	0.5296	-1.4829
4936.0	5.505372	-0.10398600000000001	8.228628	0.16755160819145562	0.1117010721276371	-0.12217304763960307	0.1941	0.5275	-1.4882
4937.0	5.503410000000001	-0.002943	8.250210000000001	0.14835298641951802	0.10821041362364843	-0.0942477796076938	0.1953	0.5249	-1.4969
4938.0	5.497524	0.082404	8.264925	0.12042771838760874	0.08028514559173916	-0.06806784082777885	0.1966	0.5228	-1.5052
4939.0	5.4573030000000005	0.135378	8.272773	0.09250245035569947	0.06981317007977318	-0.06283185307179587	0.1976	0.5207	-1.5151
4940.0	5.415120000000001	0.142245	8.284545000000001	0.07504915783575616	0.06632251157578452	-0.06632251157578452	0.1987	0.5178	-1.5209
4941.0	5.387652	0.133416	8.272773	0.08552113334772216	0.03316125578789226	-0.05759586531581287	0.1996	0.5155	-1.5225
4942.0	5.3709750000000005	0.12262500000000001	8.256096000000001	0.0645771823237902	0.054105206811824215	-0.05759586531581287	0.2014	0.5138	-1.5209
4943.0	5.352336	0.13734000000000002	8.245305	0.0645771823237902	0.054105206811824215	-0.05759586531581287	0.2032	0.5115	-1.5186
4944.0	5.331735	0.121644	8.241381	0.0715584993317675	0.061086523819801536	-0.07504915783575616	0.2037	0.5101	-1.5106
4945.0	5.310153000000001	0.10300500000000001	8.243343000000001	0.07853981633974483	0.07504915783575616	-0.0645771823237902	0.2039	0.5083	-1.5047
4946.0	5.287590000000001	0.095157	8.235495	0.0645771823237902	0.0645771823237902	-0.061086523819801536	0.2036	0.5067	-1.5011
4947.0	5.268951	0.08632800000000002	8.227647000000001	0.07504915783575616	0.059341194567807204	-0.061086523819801536	0.2033	0.5053	-1.4998
4948.0	5.260122	0.082404	8.218818	0.05061454830783556	0.07504915783575616	-0.048869219055841226	0.2032	0.5038	-1.5001
4949.0	5.272875	0.08142300000000001	8.221761	0.05235987755982989	0.048869219055841226	-0.0471238898038469	0.2024	0.5028	-1.5019
4950.0	5.299362	0.10889100000000002	8.209989	0.03316125578789226	0.04537856055185257	-0.038397243543875255	0.2016	0.5021	-1.505
4951.0	5.3023050000000005	0.129492	8.218818	0.05061454830783556	0.019198621771937627	-0.04537856055185257	0.2013	0.5013	-1.5109
4952.0	5.3023050000000005	0.15499800000000002	8.229609	0.031415926535897934	0.03665191429188092	-0.03490658503988659	0.2001	0.5004	-1.5153
4953.0	5.304267	0.19325699999999998	8.242362	0.03490658503988659	0.020943951023931952	-0.03490658503988659	0.1982	0.4993	-1.5199
4954.0	5.293476	0.221706	8.252172	0.013962634015954637	0.029670597283903602	-0.024434609527920613	0.1977	0.4984	-1.527
4955.0	5.278761	0.223668	8.254134	0.026179938779914945	0.013962634015954637	-0.027925268031909273	0.1975	0.4977	-1.5377
4956.0	5.254236	0.192276	8.261001	0.019198621771937627	0.029670597283903602	-0.029670597283903602	0.1983	0.4971	-1.5452
4957.0	5.230692	0.152055	8.265906000000001	0.05061454830783556	0.026179938779914945	-0.05061454830783556	0.1991	0.4965	-1.5477
4958.0	5.214996	0.114777	8.262963000000001	0.059341194567807204	0.04363323129985824	-0.061086523819801536	0.1993	0.4962	-1.5515
4959.0	5.209110000000001	0.10594800000000001	8.253153000000001	0.07330382858376185	0.05759586531581287	-0.07330382858376185	0.2004	0.4953	-1.5547
4960.0	5.207148000000001	0.113796	8.242362	0.05759586531581287	0.06632251157578452	-0.06981317007977318	0.2012	0.4947	-1.555
4961.0	5.207148000000001	0.129492	8.232552	0.061086523819801536	0.0645771823237902	-0.07853981633974483	0.2022	0.4941	-1.5556
4962.0	5.209110000000001	0.129492	8.221761	0.05061454830783556	0.08552113334772216	-0.0645771823237902	0.2036	0.4941	-1.5557
4963.0	5.209110000000001	0.111834	8.212932	0.038397243543875255	0.10297442586766545	-0.0715584993317675	0.2046	0.4937	-1.5566
4964.0	5.210091	0.112815	8.214894000000001	0.05585053606381855	0.09075712110370514	-0.06632251157578452	0.2057	0.4934	-1.5571
4965.0	5.214996	0.125568	8.21097	0.03316125578789226	0.09948376736367678	-0.06981317007977318	0.2057	0.4928	-1.5544
4966.0	5.217939	0.16677000000000003	8.225685	0.03316125578789226	0.09948376736367678	-0.07853981633974483	0.2064	0.4924	-1.5504
4967.0	5.2208820000000005	0.20601000000000003	8.234514	0.029670597283903602	0.08377580409572781	-0.06632251157578452	0.2061	0.4913	-1.5518
4968.0	5.222844	0.24525000000000002	8.248248	0.03316125578789226	0.07504915783575616	-0.0645771823237902	0.2064	0.491	-1.5483
4969.0	5.213034	0.259965	8.259039	0.031415926535897934	0.05585053606381855	-0.06283185307179587	0.2066	0.4901	-1.5479
4970.0	5.205186	0.270756	8.277678	0.03316125578789226	0.054105206811824215	-0.05235987755982989	0.2069	0.489	-1.5414
4971.0	5.196357	0.27958500000000003	8.294355000000001	0.020943951023931952	0.026179938779914945	-0.04014257279586958	0.2066	0.4882	-1.5448
4972.0	5.181642	0.2943	8.317899	0.003490658503988659	0.015707963267948967	-0.024434609527920613	0.2067	0.4872	-1.5449
4973.0	5.167908000000001	0.310977	8.331633000000002	0.012217304763960306	0.005235987755982988	-0.027925268031909273	0.2076	0.4866	-1.5435
4974.0	5.156136	0.314901	8.34831	-0.013962634015954637	-0.008726646259971648	-0.012217304763960306	0.2076	0.486	-1.544
4975.0	5.148288000000001	0.299205	8.373816000000001	-0.013962634015954637	-0.04363323129985824	-0.019198621771937627	0.2092	0.4853	-1.5437
4976.0	5.149269	0.237402	8.396379	0.03490658503988659	-0.06981317007977318	-0.03665191429188092	0.2087	0.4844	-1.5448
4977.0	5.142402000000001	0.169713	8.431695000000001	0.0942477796076938	-0.1064650843716541	-0.07504915783575616	0.209	0.4838	-1.5419
4978.0	5.146326	0.11673900000000001	8.442486	0.14835298641951802	-0.12042771838760874	-0.12042771838760874	0.2082	0.4824	-1.5422
4979.0	5.138478000000001	0.141264	8.482707000000001	0.1361356816555577	-0.1413716694115407	-0.12042771838760874	0.2083	0.482	-1.537
4980.0	5.132592	0.169713	8.539605000000002	0.12391837689159739	-0.23387411976724015	-0.1117010721276371	0.2067	0.4814	-1.5429
4981.0	5.114934	0.158922	8.615142	0.12391837689159739	-0.3420845333908886	-0.10821041362364843	0.2066	0.4801	-1.5366
4982.0	5.087466	0.158922	8.710299000000001	0.13788101090755203	-0.5026548245743669	-0.11519173063162574	0.2036	0.4787	-1.537
4983.0	5.059017000000001	0.17167500000000002	8.833905	0.09250245035569947	-0.7312929565856241	-0.11519173063162574	0.2003	0.4777	-1.5354
4984.0	4.988385	0.21680100000000002	9.041877	0.08726646259971647	-1.038470904936626	-0.09773843811168245	0.1951	0.4756	-1.5353
4985.0	4.937373	0.22857300000000003	9.233172000000001	0.12391837689159739	-1.3386675362796507	-0.15358897417550102	0.1885	0.4746	-1.5322
4986.0	4.908924	0.238383	9.385227	0.13264502315156904	-1.460840583919254	-0.18151424220741028	0.1796	0.473	-1.5306
4987.0	4.888323000000001	0.26388900000000004	9.506871	0.1710422666954443	-1.7208946424664089	-0.23911010752322315	0.1692	0.4716	-1.5278
4988.0	4.901076	0.28449	9.612819	0.17453292519943295	-1.9233528356977512	-0.30717794835100204	0.1565	0.4696	-1.525
4989.0	4.944240000000001	0.209934	9.67266	0.2565634000431664	-2.1362830044410597	-0.3961897402027128	0.1415	0.4675	-1.5211
4990.0	5.002119	0.087309	9.694242000000001	0.30543261909900765	-2.3125612588924866	-0.5148721293383273	0.1235	0.4649	-1.5166
4991.0	5.066865	-0.031392	9.699147	0.41713369122664473	-2.504547476611863	-0.6579891280018623	0.1019	0.4622	-1.5105
4992.0	5.176737	-0.16873200000000002	9.684432000000001	0.47472955654245763	-2.5813419636996136	-0.8412486994612669	0.0775	0.4583	-1.5043
4993.0	5.283666	-0.374742	9.655983	0.6981317007977318	-2.769837522915001	-0.9407324668249436	0.0513	0.453	-1.497
4994.0	5.460246	-0.620973	9.511776000000001	0.8552113334772214	-2.960078411382383	-1.1955505376161157	0.0224	0.4471	-1.4885
4995.0	5.658408	-0.893691	9.342063000000001	0.9546951008408983	-3.0944687637859465	-1.5114551322270893	-0.0087	0.4388	-1.4784
4996.0	5.868342	-1.0987200000000001	9.161559	0.9843656981248018	-3.2271137869375153	-1.8203784098300857	-0.0422	0.4284	-1.4669
4997.0	6.152832	-1.207611	8.982036	0.8517206749732328	-3.2602750427254077	-2.0158552860534504	-0.0764	0.4156	-1.4539
4998.0	6.550137	-1.2821670000000003	8.821152	0.5201081170943103	-3.263765701229396	-2.1031217486531673	-0.1124	0.4014	-1.4389
4999.0	6.9523470000000005	-1.3351410000000001	8.653401	0.3787364476827695	-3.2131511529215606	-2.158972284716986	-0.1499	0.3855	-1.4233
5000.0	7.309431	-1.3498560000000002	8.469954	0.2565634000431664	-3.082251459021986	-2.241002759560719	-0.1879	0.3678	-1.4038
5001.0	7.623351	-1.342008	8.234514	0.16231562043547265	-2.9426251188624395	-2.377138441216277	-0.226	0.3493	-1.3827
5002.0	7.8499620000000006	-1.315521	8.023599	0.11693705988362008	-2.815216083466854	-2.4870941840919194	-0.2639	0.3294	-1.3568
5003.0	7.888221000000001	-1.190934	7.858791000000001	-0.07504915783575616	-2.5254914276357945	-2.5010568181078745	-0.3005	0.3092	-1.3288
5004.0	7.535061000000001	-1.027107	7.887240000000001	-0.5759586531581288	-2.0402898955813713	-2.4958208303518914	-0.3375	0.2875	-1.299
5005.0	7.359462	-1.067328	8.160939	-1.1885692206081384	-1.4102260356114182	-2.007128639793479	-0.3712	0.2675	-1.2706
5006.0	7.016112	-1.476405	8.506251	-1.3212142437597074	-0.7016223593017206	-1.5428710587629875	-0.4011	0.2495	-1.245
5007.0	6.331374	-2.101302	8.739729	-1.218239817892042	0.23387411976724015	-0.8045967851693859	-0.4279	0.2346	-1.2247
5008.0	5.304267	-2.5712010000000003	8.894727	-0.9128071987930343	0.7208209810736581	-0.158824961931484	-0.4499	0.2224	-1.2089
5009.0	4.274217	-2.8458810000000003	9.050706	-0.9826203688728075	0.9424777960769379	0.4834562028024293	-0.4671	0.2133	-1.198
5010.0	3.3560010000000005	-3.1176180000000002	9.265545000000001	-1.202531854624093	1.1955505376161157	1.0419615634406147	-0.4787	0.2084	-1.1924
5011.0	2.585916	-3.382488	9.555921	-1.2199851471440364	1.5533430342749532	1.4346606451393389	-0.4863	0.2072	-1.1917
5012.0	1.9276650000000002	-3.5875170000000005	9.842373000000002	-1.1798425743481666	1.7296212887263804	1.5707963267948966	-0.4874	0.2103	-1.1966
5013.0	1.5028920000000001	-3.7317240000000003	10.073889	-1.1693705988362009	2.090904443889207	1.7732545200262386	-0.4845	0.2178	-1.2075
5014.0	1.4803290000000002	-3.836691	10.142559	-1.239183768915974	2.363175807200322	1.879719604397893	-0.4745	0.2304	-1.2232
5015.0	1.2988439999999999	-3.6159660000000002	10.017972000000002	-1.2897983172238097	2.560398012675681	1.9373154697137058	-0.461	0.2458	-1.2416
5016.0	1.3371030000000002	-3.0244230000000005	9.881613000000002	-1.3299408900196792	2.754129559647052	1.965240737745615	-0.4433	0.2643	-1.2593
5017.0	1.7098830000000003	-2.2955400000000004	9.900252000000002	-1.3229595730117016	2.9408797896104453	1.9495327744776663	-0.4227	0.285	-1.2739
5018.0	2.321046	-1.749123	10.046421	-1.2967796342317868	3.0700341542580256	1.965240737745615	-0.3986	0.3075	-1.286
5019.0	2.968506	-1.4018490000000001	10.252431	-1.265363707695889	3.12413936106985	1.9879300180215413	-0.3725	0.3305	-1.2959
5020.0	3.591441	-1.077138	10.458441	-1.171115928088195	3.1922072018976286	2.008873969045473	-0.3443	0.3537	-1.3051
5021.0	4.205547	-0.7435980000000001	10.666413	-1.0733774899765127	3.2428217502054646	2.0664698343612864	-0.3129	0.3769	-1.3159
5022.0	5.003100000000001	-0.413982	10.883214	-1.0035643198967394	3.344050846821135	2.1467549799530254	-0.2799	0.3999	-1.3294
5023.0	5.553441000000001	-0.290376	11.05587	-0.895353906273091	3.330088212805181	2.097885760897184	-0.245	0.4225	-1.3456
5024.0	6.195996000000001	-0.26879400000000003	11.23245	-0.8360127117052838	3.141592653589793	2.2165681500327987	-0.2081	0.4447	-1.3625
5025.0	6.877791	-0.364932	11.374695000000001	-0.8011061266653973	3.045599544730105	2.239257430308725	-0.1712	0.4653	-1.3815
5026.0	7.513479	-0.513063	11.430612	-0.6824237375297829	2.8780479365386493	2.291617307868555	-0.1333	0.4848	-1.3996
5027.0	8.048124000000001	-0.659232	11.348208000000001	-0.5637413483941683	2.5551620249196985	2.3753931119642826	-0.0957	0.503	-1.4206
5028.0	8.487612	-0.778914	11.109825	-0.5532693728822025	2.05599785884932	2.5115287936198403	-0.0574	0.5203	-1.4402
5029.0	8.861373	-0.854451	10.712520000000001	-0.5270894341022875	1.413716694115407	2.6598817800393584	-0.0207	0.5367	-1.4609
5030.0	9.215514	-0.85347	10.204362000000001	-0.4799655442984406	0.7958701389094143	2.8012534494508987	0.0155	0.5527	-1.4792
5031.0	9.528453	-0.6768900000000001	9.625572	-0.5096361415823443	0.34732052114687156	3.0054569719342354	0.0485	0.5679	-1.4998
5032.0	9.695223	-0.36198900000000006	9.037953	-0.5811946409141117	0.19373154697137057	3.1311206780778273	0.0798	0.5829	-1.5127
5033.0	10.252431	0.06867000000000001	8.484669	-0.747000919853573	0.0645771823237902	3.300417615521277	0.1068	0.5978	-1.5232
5034.0	10.865556	0.40515300000000004	7.873506	-0.4468042885105484	0.2426007660272118	3.179989897133668	0.132	0.6131	-1.5317
5035.0	11.419820999999999	0.827964	7.18092	0.15184364492350666	0.6021385919380436	2.73318560862312	0.1547	0.6282	-1.5334
5036.0	11.751399000000001	1.4508990000000002	6.446151	0.4782202150464463	0.8045967851693859	2.1066124071571557	0.1764	0.6419	-1.5377
5037.0	11.886777	2.182725	5.743755	0.3368485456349056	0.7016223593017206	1.3997540600994522	0.1962	0.6544	-1.5377
5038.0	11.913264	2.8968930000000004	5.1600600000000005	0.2129301687433082	0.582939970166106	1.0105456369047168	0.2132	0.6655	-1.5395
5039.0	11.922093	3.501189	4.758831	-0.05061454830783556	0.317649923862968	0.2530727415391778	0.2287	0.6761	-1.5416
5040.0	11.891682	4.001499	4.505733	-0.16231562043547265	0.14835298641951802	-0.47647488579445196	0.2419	0.6854	-1.543
5041.0	11.789658000000001	4.303647	4.352697	-0.26005405854715513	0.143116998663535	-1.0210176124166828	0.2533	0.693	-1.5412
5042.0	11.569914	4.352697	4.227129000000001	-0.32637657012293964	0.16929693744344995	-1.429424657383356	0.2618	0.7002	-1.5414
5043.0	11.134350000000001	4.320324	4.1251050000000005	-0.32288591161895097	0.2234021442552742	-1.6964600329384885	0.2693	0.7046	-1.5408
5044.0	10.457460000000001	4.357602	4.06134	-0.2722713633111154	0.2426007660272118	-1.8081611050661253	0.2748	0.7072	-1.5384
5045.0	9.658926000000001	4.3007040000000005	4.076055	-0.20420352248333654	0.21642082724729686	-1.8203784098300857	0.2778	0.7085	-1.5372
5046.0	8.994789	3.9887460000000003	4.178079	-0.008726646259971648	0.09599310885968812	-1.7680185322702557	0.2779	0.7092	-1.5355
5047.0	8.519004	3.501189	4.344849	0.15184364492350666	-0.010471975511965976	-1.6057029118347832	0.275	0.7094	-1.5392
5048.0	8.167806	2.9498670000000002	4.516524	0.24783675378319478	-0.13962634015954636	-1.3107422682477414	0.2704	0.7092	-1.5359
5049.0	7.860753000000001	2.061081	4.643073	1.0419615634406147	-0.6021385919380436	-1.3421581947836396	0.264	0.7075	-1.5337
5050.0	7.127946000000001	1.309635	4.23792	1.2007865253720986	-1.6441001553786585	-1.5952309363228172	0.2564	0.7044	-1.5361
5051.0	6.903297	1.053594	3.719952	0.9634217471008699	-2.17293491873294	-1.3892820845874863	0.2427	0.6974	-1.535
5052.0	6.680610000000001	0.45714600000000005	3.481569	0.6475171524898963	-2.937389131106457	-1.356120828799594	0.2246	0.6878	-1.5336
5053.0	8.757387000000001	-2.003202	4.724496	2.176425577236929	-1.8203784098300857	-1.3543754995475996	0.2063	0.675	-1.5323
5054.0	9.43722	-2.849805	5.048226	1.9634954084936207	0.041887902047863905	-0.8098327729253689	0.1859	0.6597	-1.5327
5055.0	9.765855	-1.009449	5.776128	0.7819075048934596	0.0017453292519943296	-0.635299847725936	0.1673	0.6437	-1.5346
5056.0	9.745254	-0.30901500000000004	6.464790000000001	0.12217304763960307	0.08377580409572781	-0.13264502315156904	0.1491	0.6282	-1.5351
5057.0	9.761931	-0.768123	6.8375699999999995	0.18151424220741028	0.04537856055185257	-0.12217304763960307	0.1326	0.6126	-1.5317
5058.0	9.634401	-0.694548	7.32807	0.18151424220741028	-0.005235987755982988	-0.12391837689159739	0.1158	0.5974	-1.5351
5059.0	9.530415000000001	-0.19423800000000002	7.731261000000001	0.08028514559173916	-0.003490658503988659	-0.048869219055841226	0.1006	0.5832	-1.5357
5060.0	9.856107	0.05297400000000001	8.545491	0.03490658503988659	0.003490658503988659	-0.019198621771937627	0.0859	0.5696	-1.5342
5061.0	9.704052	-0.197181	9.39798	0.05235987755982989	0.04363323129985824	-0.027925268031909273	0.0786	0.5598	-1.5336
5062.0	9.585351000000001	-0.07749900000000001	9.894366	0.08377580409572781	0.06981317007977318	-0.05235987755982989	0.0758	0.5517	-1.5367
5063.0	7.154433	2.006145	8.929062	0.0942477796076938	0.0890117918517108	-0.0645771823237902	0.0747	0.5479	-1.5373
5064.0	6.144003	2.561391	8.926119000000002	0.08203047484373349	0.09075712110370514	-0.04363323129985824	0.0747	0.5458	-1.5383
5065.0	5.588757	0.512082	8.525871	0.041887902047863905	0.09599310885968812	-0.04363323129985824	0.0749	0.5443	-1.5395
5066.0	5.438664	-0.34335000000000004	8.185464000000001	0.03490658503988659	0.1117010721276371	-0.04537856055185257	0.0753	0.543	-1.5401
5067.0	5.284647	-0.030411	8.168787	0.048869219055841226	0.143116998663535	-0.06283185307179587	0.0756	0.5422	-1.5407
5068.0	5.313096	-0.21974400000000002	8.049105	0.06632251157578452	0.1832595714594046	-0.07853981633974483	0.0763	0.5406	-1.5421
5069.0	5.305248	-0.41888700000000006	8.018694	0.1064650843716541	0.1884955592153876	-0.09948376736367678	0.0769	0.5393	-1.5425
5070.0	5.290533	-0.436545	8.055972	0.12391837689159739	0.17278759594743864	-0.0942477796076938	0.078	0.5382	-1.544
5071.0	5.275818	-0.408096	8.109927	0.11868238913561441	0.17453292519943295	-0.0942477796076938	0.079	0.5373	-1.5448
5072.0	5.239521000000001	-0.36689400000000005	8.18154	0.10122909661567112	0.1710422666954443	-0.10297442586766545	0.0803	0.536	-1.5459
5073.0	5.244426	-0.36198900000000006	8.22078	0.11693705988362008	0.16929693744344995	-0.08726646259971647	0.0819	0.5343	-1.5463
5074.0	5.278761	-0.3924	8.225685	0.13439035240356337	0.16231562043547265	-0.09948376736367678	0.0839	0.5327	-1.5472
5075.0	5.292495	-0.40221	8.248248	0.15358897417550102	0.17453292519943295	-0.10995574287564276	0.0859	0.5313	-1.5476
5076.0	5.305248	-0.364932	8.282583	0.16580627893946132	0.15707963267948966	-0.10821041362364843	0.0875	0.5295	-1.5485
5077.0	5.3248679999999995	-0.28056600000000004	8.324766	0.14486232791552936	0.13264502315156904	-0.09948376736367678	0.0895	0.5272	-1.5469
5078.0	5.334677999999999	-0.175599	8.363025	0.143116998663535	0.10297442586766545	-0.08726646259971647	0.0915	0.5252	-1.543
5079.0	5.3278110000000005	-0.08436600000000001	8.385588	0.1064650843716541	0.0890117918517108	-0.054105206811824215	0.0932	0.5233	-1.5385
5080.0	5.291514	-0.060822	8.391474	0.08726646259971647	0.05759586531581287	-0.048869219055841226	0.0953	0.5214	-1.5313
5081.0	5.242464	-0.075537	8.39736	0.07853981633974483	0.03316125578789226	-0.054105206811824215	0.0967	0.5196	-1.5243
5082.0	5.212053	-0.087309	8.402265000000002	0.08203047484373349	0.026179938779914945	-0.054105206811824215	0.0983	0.5172	-1.5187
5083.0	5.188509000000001	-0.092214	8.39736	0.08726646259971647	0.015707963267948967	-0.06981317007977318	0.099	0.5155	-1.5162
5084.0	5.184585	-0.079461	8.382645	0.07853981633974483	0.020943951023931952	-0.06981317007977318	0.0996	0.5136	-1.5154
5085.0	5.175756	-0.06572700000000001	8.369892	0.10471975511965978	0.04363323129985824	-0.0715584993317675	0.0995	0.5112	-1.5163
5086.0	5.162022	-0.051012	8.354196	0.08203047484373349	0.06283185307179587	-0.07679448708775051	0.099	0.5091	-1.5175
5087.0	5.142402000000001	-0.05886	8.342424000000001	0.07853981633974483	0.05061454830783556	-0.06632251157578452	0.0988	0.5084	-1.5216
5088.0	5.12082	-0.08632800000000002	8.32869	0.0645771823237902	0.054105206811824215	-0.05759586531581287	0.0994	0.5078	-1.5275
5089.0	5.112972	-0.10889100000000002	8.312013	0.048869219055841226	0.04014257279586958	-0.048869219055841226	0.0997	0.5066	-1.5346
5090.0	5.133573	-0.096138	8.302203	0.05235987755982989	0.041887902047863905	-0.054105206811824215	0.1	0.5053	-1.5432
5091.0	5.155155	-0.069651	8.291412	0.04014257279586958	0.04014257279586958	-0.0471238898038469	0.1002	0.5042	-1.5531
5092.0	5.163003	-0.037278	8.29926	0.059341194567807204	0.041887902047863905	-0.0471238898038469	0.1015	0.5034	-1.5592
5093.0	5.166926999999999	0.0049050000000000005	8.30907	0.0471238898038469	0.05061454830783556	-0.041887902047863905	0.1017	0.502	-1.5617
5094.0	5.158098000000001	0.051012	8.330652	0.059341194567807204	0.041887902047863905	-0.029670597283903602	0.1023	0.501	-1.5589
5095.0	5.1473070000000005	0.075537	8.342424000000001	0.04014257279586958	0.038397243543875255	-0.027925268031909273	0.1033	0.5004	-1.5534
5096.0	5.136515999999999	0.066708	8.34831	0.041887902047863905	0.03665191429188092	-0.026179938779914945	0.1044	0.5	-1.5455
5097.0	5.128668000000001	0.06867000000000001	8.34831	0.03665191429188092	0.03665191429188092	-0.029670597283903602	0.1051	0.4986	-1.5388
5098.0	5.117877000000001	0.064746	8.345367000000001	0.03490658503988659	0.024434609527920613	-0.024434609527920613	0.105	0.4973	-1.5335
5099.0	5.089428000000001	0.05297400000000001	8.35812	0.04537856055185257	0.04537856055185257	-0.024434609527920613	0.1047	0.4965	-1.5307
5100.0	5.066865	0.038259	8.361063	0.0471238898038469	0.04537856055185257	-0.03490658503988659	0.1044	0.496	-1.5294
5101.0	5.056074	0.035316	8.364006	0.05061454830783556	0.03665191429188092	-0.048869219055841226	0.1032	0.4953	-1.5303
5102.0	5.051169000000001	0.028449	8.353215	0.048869219055841226	0.05759586531581287	-0.04537856055185257	0.1027	0.4948	-1.5322
5103.0	5.0531310000000005	0.019620000000000002	8.34831	0.041887902047863905	0.06981317007977318	-0.04537856055185257	0.1022	0.4938	-1.5366
5104.0	5.054112	0.017658	8.344386	0.05061454830783556	0.06981317007977318	-0.04363323129985824	0.1013	0.493	-1.5425
5105.0	5.054112	0.021582000000000004	8.336538000000001	0.022689280275926284	0.06632251157578452	-0.024434609527920613	0.1008	0.4924	-1.5532
5106.0	5.05215	0.04022100000000001	8.344386	0.029670597283903602	0.04537856055185257	-0.027925268031909273	0.1008	0.4914	-1.5656
5107.0	5.048226	0.05886	8.350272	0.010471975511965976	0.05235987755982989	-0.013962634015954637	0.1003	0.4906	-1.5727
5108.0	5.047245	0.08632800000000002	8.363025	-0.008726646259971648	0.048869219055841226	0.0	0.1008	0.4896	-1.5806
5109.0	5.067845999999999	0.12851100000000001	8.359101	-0.019198621771937627	0.038397243543875255	0.019198621771937627	0.1017	0.4883	-1.5853
5110.0	5.076675	0.164808	8.364987000000001	-0.029670597283903602	0.038397243543875255	0.027925268031909273	0.1023	0.4878	-1.5901
5111.0	5.079618000000001	0.18639	8.372835	-0.029670597283903602	0.020943951023931952	0.038397243543875255	0.104	0.4873	-1.5873
5112.0	5.080599	0.201105	8.381664	-0.05585053606381855	0.012217304763960306	0.054105206811824215	0.1042	0.4871	-1.5848
5113.0	5.076675	0.19129500000000002	8.388531	-0.04537856055185257	0.024434609527920613	0.041887902047863905	0.1055	0.4872	-1.5854
5114.0	5.068827000000001	0.164808	8.388531	-0.029670597283903602	0.015707963267948967	0.03490658503988659	0.1066	0.4883	-1.5849
5115.0	5.059017000000001	0.130473	8.393436000000001	-0.029670597283903602	0.027925268031909273	0.03316125578789226	0.1068	0.4884	-1.5822
5116.0	5.046264	0.094176	8.387550000000001	-0.0017453292519943296	0.03316125578789226	0.008726646259971648	0.1074	0.489	-1.5773
5117.0	5.033511	0.041202	8.378721	-0.005235987755982988	0.04537856055185257	0.003490658503988659	0.1081	0.489	-1.5781
5118.0	5.025663	-0.006867000000000001	8.375778	0.017453292519943295	0.03316125578789226	-0.019198621771937627	0.108	0.4901	-1.5748
5119.0	5.021739	-0.045126	8.36793	0.017453292519943295	0.04537856055185257	-0.024434609527920613	0.1072	0.4914	-1.5741
5120.0	5.021739	-0.062784	8.363025	0.029670597283903602	0.038397243543875255	-0.03316125578789226	0.1072	0.4919	-1.5708
5121.0	5.020758000000001	-0.07848000000000001	8.354196	0.03665191429188092	0.06632251157578452	-0.04014257279586958	0.107	0.4923	-1.5724
5122.0	5.015853	-0.089271	8.350272	0.026179938779914945	0.06806784082777885	-0.03665191429188092	0.1071	0.4925	-1.5736
5123.0	5.008986000000001	-0.08632800000000002	8.364987000000001	0.031415926535897934	0.06283185307179587	-0.04014257279586958	0.107	0.4925	-1.5738
5124.0	4.9923090000000006	-0.10889100000000002	8.398341	0.038397243543875255	0.013962634015954637	-0.03665191429188092	0.1076	0.4917	-1.5758
5125.0	4.9923090000000006	-0.153036	8.41698	0.08552113334772216	0.008726646259971648	-0.0645771823237902	0.1076	0.4918	-1.5714
5126.0	5.002119	-0.192276	8.409132	0.1361356816555577	0.026179938779914945	-0.0942477796076938	0.108	0.4915	-1.5652
5127.0	5.013891	-0.152055	8.41698	0.14835298641951802	0.029670597283903602	-0.10821041362364843	0.1091	0.4913	-1.566
5128.0	5.021739	-0.057879	8.415018	0.1291543646475804	0.017453292519943295	-0.08203047484373349	0.1088	0.49	-1.5674
5129.0	5.020758000000001	0.009810000000000001	8.422866	0.07679448708775051	0.015707963267948967	-0.054105206811824215	0.11	0.4887	-1.5678
5130.0	5.016834	0.055917	8.427771	0.06632251157578452	-0.003490658503988659	-0.038397243543875255	0.1101	0.487	-1.5674
5131.0	5.008986000000001	0.094176	8.438562	0.03490658503988659	-0.006981317007977318	-0.024434609527920613	0.1111	0.4854	-1.568
5132.0	4.997214	0.12851100000000001	8.46603	0.020943951023931952	-0.05061454830783556	-0.015707963267948967	0.1105	0.4842	-1.5677
5133.0	4.98348	0.135378	8.484669	0.029670597283903602	-0.10995574287564276	-0.008726646259971648	0.1107	0.4828	-1.5652
5134.0	4.981518	0.129492	8.491536	0.059341194567807204	-0.1291543646475804	-0.048869219055841226	0.1098	0.4814	-1.5618
5135.0	4.9717080000000005	0.10889100000000002	8.509194	0.14486232791552936	-0.15358897417550102	-0.0942477796076938	0.1096	0.4798	-1.5646
5136.0	4.96386	0.082404	8.547453	0.17976891295541594	-0.15707963267948966	-0.16755160819145562	0.1075	0.4779	-1.5709
5137.0	4.957974	-0.014715	8.576883	0.2617993877991494	-0.1954768762233649	-0.20769418098732523	0.1056	0.4759	-1.5688
5138.0	4.959936000000001	-0.158922	8.610237000000001	0.3595378259108319	-0.2129301687433082	-0.28099800957108706	0.104	0.4741	-1.5675
5139.0	4.964841	-0.24230700000000002	8.643591	0.4241150082346221	-0.25481807079117214	-0.33510321638291124	0.1016	0.4714	-1.5659
5140.0	4.964841	-0.288414	8.69166	0.3490658503988659	-0.33510321638291124	-0.3961897402027128	0.0984	0.4685	-1.5659
5141.0	4.944240000000001	-0.26879400000000003	8.731881000000001	-0.029670597283903602	-0.47472955654245763	-0.5358160803622591	0.0942	0.4654	-1.5649
5142.0	4.97367	-0.346293	8.777007000000001	0.10471975511965978	-0.619591884457987	-0.630063859969953	0.0897	0.4619	-1.5652
5143.0	5.010948000000001	-0.310977	8.845677	0.11344640137963143	-0.7103490055616922	-0.6597344572538565	0.0848	0.4586	-1.5639
5144.0	5.002119	-0.17167500000000002	8.915328	-0.012217304763960306	-0.9093165402890457	-0.6754424205218056	0.0774	0.4551	-1.5638
5145.0	5.0099670000000005	-0.016677	8.975169000000001	-0.026179938779914945	-1.0821041362364843	-0.7033676885537148	0.0691	0.4521	-1.5618
5146.0	5.011929	0.14322600000000002	9.041877	-0.061086523819801536	-1.2356931104119853	-0.6841690667817772	0.0592	0.448	-1.5596
5147.0	5.051169000000001	0.231516	9.090927	-0.0	-1.387536755335492	-0.7400196028455958	0.048	0.445	-1.556
5148.0	5.0835420000000004	0.32569200000000004	9.124281000000002	-0.03316125578789226	-1.4957471689591404	-0.7819075048934596	0.0342	0.4422	-1.5523
5149.0	5.132592	0.349236	9.138996	0.003490658503988659	-1.6074482410867774	-0.8726646259971648	0.0182	0.4393	-1.5471
5150.0	5.215977	0.32373	9.095832000000001	0.013962634015954637	-1.6493361431346414	-0.9162978572970231	0.0019	0.4366	-1.5414
5151.0	5.361165	0.232497	9.028143	0.06632251157578452	-1.689478715930511	-1.017526953912694	-0.0151	0.4343	-1.5346
5152.0	5.458284	0.254079	8.920233	0.09599310885968812	-1.726130630222392	-1.0995574287564276	-0.0344	0.4308	-1.5271
5153.0	5.577966	0.187371	8.768178	0.0942477796076938	-1.7418385934903409	-1.2095131716320704	-0.0552	0.4269	-1.5171
5154.0	5.747679	0.064746	8.57394	0.11519173063162574	-1.7418385934903409	-1.2950343049797925	-0.0769	0.4225	-1.5041
5155.0	5.9124870000000005	-0.003924	8.35812	0.06283185307179587	-1.7139133254584316	-1.4067353771074296	-0.0993	0.4169	-1.4891
5156.0	6.0822	-0.063765	8.100117000000001	0.005235987755982988	-1.6929693744344996	-1.4556045961632709	-0.1221	0.4117	-1.4715
5157.0	6.2558370000000005	-0.053955	7.836228	-0.15009831567151233	-1.6249015336067207	-1.5236724369910497	-0.1456	0.4055	-1.4539
5158.0	6.416721000000001	-0.087309	7.552719000000001	-0.32288591161895097	-1.5341444125030157	-1.6179202165987436	-0.1681	0.3984	-1.4372
5159.0	6.605073000000001	-0.08142300000000001	7.264305000000001	-0.5358160803622591	-1.4206980111233845	-1.726130630222392	-0.1907	0.3916	-1.4222
5160.0	6.767919	-0.06572700000000001	6.989625	-0.7243116395776468	-1.2688543661998777	-1.87448361664191	-0.2146	0.3844	-1.409
5161.0	6.874848	-0.018639	6.714945	-0.9023352232810684	-1.1257373675363425	-1.9966566642815131	-0.2376	0.3773	-1.3973
5162.0	6.975891	0.023544	6.4539990000000005	-1.1466813185602747	-0.9878563566287906	-2.101376419401173	-0.2594	0.3714	-1.3864
5163.0	7.019055000000001	0.07848000000000001	6.241122	-1.265363707695889	-0.9110618695410401	-2.1868975527488947	-0.2808	0.366	-1.3775
5164.0	6.980796000000001	0.07848000000000001	6.114573	-1.4905111812031575	-0.7138396640656808	-2.3527038316883564	-0.3002	0.3606	-1.3714
5165.0	6.832665	-0.008829	6.120459	-1.6702800941585734	-0.5148721293383273	-2.467895562319982	-0.3175	0.3566	-1.3669
5166.0	6.608997	-0.149112	6.245046000000001	-1.87448361664191	-0.2303834612632515	-2.4591689160600105	-0.3339	0.3532	-1.3654
5167.0	6.569757	-0.201105	6.4235880000000005	-2.2148228207808045	0.22165681500327983	-2.050761871093337	-0.3487	0.3508	-1.3641
5168.0	6.414759000000001	-0.417906	6.629598	-2.5813419636996136	0.7278022980816354	-1.6807520696705394	-0.3613	0.351	-1.3608
5169.0	6.109668	-0.761256	6.811083000000001	-2.5743606466916362	0.8883725892651138	-1.5481070465189704	-0.3703	0.3534	-1.3546
5170.0	5.726097	-1.027107	6.9827580000000005	-2.4975661596038856	1.0576695267085636	-1.3212142437597074	-0.3764	0.3585	-1.3464
5171.0	5.378823000000001	-1.2380220000000002	7.1887680000000005	-2.5254914276357945	1.0506882097005865	-1.101302758008422	-0.3813	0.3653	-1.3363
5172.0	5.084523	-1.456785	7.420284	-2.652900463031381	1.0419615634406147	-0.8726646259971648	-0.3833	0.3741	-1.3256
5173.0	4.844178	-1.7128260000000002	7.638066	-2.642428487519415	1.0140362954087054	-0.6963863715457375	-0.3832	0.3856	-1.318
5174.0	4.680351000000001	-1.8933300000000002	7.819551000000001	-2.5953045977155678	0.9965830028887622	-0.5934119456780721	-0.3806	0.4005	-1.3123
5175.0	4.619529	-1.9472850000000002	7.919613000000001	-2.56388867117967	0.9075712110370514	-0.5113814708343386	-0.3775	0.4172	-1.3103
5176.0	4.646997000000001	-1.951209	7.950024000000001	-2.562143341927676	0.8656833089891874	-0.47298422729046335	-0.3722	0.4369	-1.3102
5177.0	4.481208	-2.01105	7.97553	-2.4958208303518914	0.7696902001294994	-0.47472955654245763	-0.3663	0.4579	-1.3112
5178.0	4.495923	-1.8236790000000003	8.038314	-2.4609142453120048	0.7330382858376184	-0.4869468613064179	-0.3593	0.4804	-1.3131
5179.0	4.654845	-1.4999490000000002	8.174673	-2.452187599052033	0.7120943348136864	-0.5113814708343386	-0.354	0.5029	-1.3169
5180.0	4.919715	-1.211535	8.362044000000001	-2.4312436480281012	0.7086036763096978	-0.5253441048502933	-0.3479	0.5263	-1.3208
5181.0	5.178699000000001	-0.974133	8.542548	-2.3701571242083	0.7295476273336297	-0.5148721293383273	-0.3419	0.5496	-1.3254
5182.0	5.3886330000000005	-0.7239780000000001	8.695584	-2.345722514680379	0.7365289443416071	-0.5009094953223726	-0.3365	0.5739	-1.3271
5183.0	5.554422000000001	-0.430659	8.800551	-2.2165681500327987	0.7417649320975901	-0.4380776422505767	-0.3313	0.597	-1.3311
5184.0	5.688819	-0.164808	8.845677	-2.0263272615654166	0.7295476273336297	-0.3455751918948773	-0.326	0.6197	-1.3297
5185.0	5.782014	0.060822	8.847639000000001	-1.764527873766267	0.6719517620178169	-0.17627825445142728	-0.3206	0.642	-1.3251
5186.0	5.861475	0.261927	8.854506	-1.457349925415265	0.5567600313861911	0.05759586531581287	-0.315	0.6634	-1.3172
5187.0	5.934069	0.438507	8.844696	-1.1641346110802178	0.4677482395344803	0.25132741228718347	-0.3095	0.6835	-1.309
5188.0	5.972328	0.5640750000000001	8.778969	-0.921533845053006	0.38746309394274114	0.4363323129985824	-0.3038	0.7025	-1.3034
5189.0	5.952708	0.6759090000000001	8.642610000000001	-0.8237954069413236	0.3420845333908886	0.5078908123303499	-0.2984	0.7211	-1.297
5190.0	5.886981	0.7975530000000001	8.471916	-0.6544984694978736	0.2007128639793479	0.6440264939859076	-0.2925	0.7382	-1.2897
5191.0	5.829102	0.9319500000000001	8.284545000000001	-0.5916666164260777	0.03316125578789226	0.7295476273336297	-0.2874	0.7541	-1.2832
5192.0	5.776128	1.105587	8.100117000000001	-0.5567600313861911	-0.09599310885968812	0.757472895365539	-0.2821	0.769	-1.2787
5193.0	5.725116000000001	1.31454	7.944138	-0.5113814708343386	-0.17627825445142728	0.7801621756414654	-0.2772	0.7829	-1.271
5194.0	5.877171	0.8142300000000001	7.912746	0.5235987755982988	-0.143116998663535	0.03490658503988659	-0.2728	0.7959	-1.2647
5195.0	5.932107	1.632384	7.9539480000000005	0.9826203688728075	0.03665191429188092	-0.3159045946109737	-0.2694	0.8061	-1.2624
5196.0	5.911506	2.4721200000000003	7.9922070000000005	0.7312929565856241	0.0890117918517108	-0.6003932626860493	-0.2663	0.8133	-1.2606
5197.0	5.904639	3.603213	8.010846	0.5637413483941683	0.18500490071139894	-1.3631021458075714	-0.2646	0.8185	-1.2612
5198.0	6.162642	5.397462000000001	8.114832000000002	-0.5358160803622591	0.3944444109507185	-1.7697638615222502	-0.2635	0.8201	-1.2565
5199.0	6.302925	6.147927000000001	8.135433	-1.085594794740473	0.46949356878647464	-1.5638150097869192	-0.2633	0.8202	-1.2579
5200.0	6.404949000000001	5.733945	8.079516	-0.25132741228718347	0.3438298626428829	-0.8569566627292158	-0.2645	0.8188	-1.2573
5201.0	6.470676	5.280723	8.089326	0.4118977034706618	0.2426007660272118	-0.16231562043547265	-0.2662	0.8164	-1.2606
5202.0	6.455961	5.803596000000001	8.326728000000001	0.10471975511965978	0.2426007660272118	0.0	-0.268	0.8118	-1.2614
5203.0	6.434379000000001	5.850684000000001	8.526852	-0.3036872898470133	0.1413716694115407	0.32114058236695664	-0.269	0.8071	-1.2633
5204.0	6.232293	6.202863	8.565111	-0.3438298626428829	0.024434609527920613	0.4921828490624009	-0.2711	0.8026	-1.2632
5205.0	6.185205	5.262084	8.575902000000001	-0.3089232776029963	-0.03490658503988659	0.5078908123303499	-0.2721	0.7991	-1.2615
5206.0	6.222483	4.283046	8.518023	-0.21991148575128552	-0.07330382858376185	0.5707226654021458	-0.2733	0.7976	-1.2592
5207.0	6.2479890000000005	2.978316	8.41698	-0.26005405854715513	-0.0471238898038469	0.5410520681182421	-0.2727	0.7979	-1.2562
5208.0	5.949765000000001	0.9221400000000001	8.261982	-0.2583087292951608	-0.006981317007977318	0.41364303272265607	-0.2729	0.8008	-1.2547
5209.0	5.783976	-0.181485	8.248248	-0.20245819323134223	0.020943951023931952	0.33161255787892263	-0.2709	0.8037	-1.2496
5210.0	5.659389	-0.23445900000000003	8.316918000000001	-0.07853981633974483	0.0942477796076938	0.12391837689159739	-0.2693	0.8074	-1.2468
5211.0	5.549517	-0.22268700000000002	8.330652	0.06632251157578452	0.12042771838760874	-0.022689280275926284	-0.2664	0.8111	-1.2416
5212.0	5.524992000000001	-1.094796	8.129547	0.11519173063162574	0.143116998663535	-0.0645771823237902	-0.2645	0.8155	-1.2393
5213.0	5.528916000000001	-1.507797	7.969644000000001	0.09948376736367678	0.1884955592153876	-0.07679448708775051	-0.2627	0.8185	-1.2364
5214.0	5.532839999999999	-1.4813100000000001	7.907841	0.08377580409572781	0.18675022996339324	-0.09948376736367678	-0.2606	0.8206	-1.237
5215.0	5.504391000000001	-1.535265	7.828380000000001	0.06806784082777885	0.19896753472735357	-0.09948376736367678	-0.2588	0.8221	-1.237
5216.0	5.471037	-1.563714	7.800912	0.08028514559173916	0.21467549799530256	-0.10471975511965978	-0.2575	0.8233	-1.2381
5217.0	5.412177	-1.565676	7.836228	0.0942477796076938	0.23736477827122882	-0.11344640137963143	-0.256	0.823	-1.2383
5218.0	5.383728	-1.508778	7.878411000000001	0.13264502315156904	0.24783675378319478	-0.13264502315156904	-0.2548	0.8221	-1.2402
5219.0	5.360184	-1.380267	7.911765	0.18675022996339324	0.22165681500327983	-0.16057029118347832	-0.2539	0.8202	-1.2415
5220.0	5.359203	-1.1458080000000002	7.970625	0.1954768762233649	0.23387411976724015	-0.17453292519943295	-0.2522	0.8184	-1.2441
5221.0	5.364108	-0.9711900000000001	8.039295000000001	0.23387411976724015	0.21118483949131386	-0.18675022996339324	-0.2508	0.816	-1.2462
5222.0	5.366070000000001	-0.9211590000000001	8.090307000000001	0.21467549799530256	0.21467549799530256	-0.18151424220741028	-0.2501	0.8139	-1.249
5223.0	5.367051000000001	-0.8416980000000001	8.1423	0.20420352248333654	0.1780235837034216	-0.14486232791552936	-0.2488	0.8116	-1.2509
5224.0	5.374899000000001	-0.7897050000000001	8.176635000000001	0.13962634015954636	0.16929693744344995	-0.10297442586766545	-0.2476	0.8093	-1.2536
5225.0	5.382747	-0.697491	8.198217	0.08028514559173916	0.158824961931484	-0.06632251157578452	-0.2463	0.806	-1.2556
5226.0	5.369994	-0.645498	8.238438	0.0471238898038469	0.16231562043547265	-0.0471238898038469	-0.2452	0.8031	-1.2582
5227.0	5.351355	-0.603315	8.273754	0.012217304763960306	0.13788101090755203	-0.038397243543875255	-0.2442	0.8004	-1.2588
5228.0	5.342526	-0.532683	8.295336	0.020943951023931952	0.12740903539558607	-0.03665191429188092	-0.2427	0.7986	-1.2588
5229.0	5.339583	-0.45224100000000006	8.312013	-0.013962634015954637	0.12391837689159739	-0.013962634015954637	-0.2417	0.7969	-1.2556
5230.0	5.3248679999999995	-0.38847600000000004	8.321823	-0.003490658503988659	0.07853981633974483	0.0	-0.2412	0.795	-1.2515
5231.0	5.311134	-0.329616	8.322804000000001	-0.038397243543875255	0.06283185307179587	0.027925268031909273	-0.2406	0.7935	-1.2446
5232.0	5.292495	-0.29724300000000003	8.32869	-0.06283185307179587	0.04537856055185257	0.041887902047863905	-0.2393	0.7923	-1.2389
5233.0	5.270913	-0.33354000000000006	8.333595	-0.07679448708775051	0.015707963267948967	0.048869219055841226	-0.239	0.7915	-1.234
5234.0	5.250312	-0.37866600000000006	8.335557	-0.09948376736367678	0.0017453292519943296	0.054105206811824215	-0.2384	0.7918	-1.231
5235.0	5.234616	-0.44046900000000005	8.345367000000001	-0.08028514559173916	-0.008726646259971648	0.05759586531581287	-0.2381	0.7921	-1.2303
5236.0	5.223825	-0.46695600000000004	8.336538000000001	-0.10471975511965978	-0.024434609527920613	0.0645771823237902	-0.2377	0.7929	-1.2312
5237.0	5.216958000000001	-0.49736700000000006	8.323785	-0.07853981633974483	-0.020943951023931952	0.05759586531581287	-0.238	0.7933	-1.233
5238.0	5.211072000000001	-0.532683	8.30907	-0.06283185307179587	-0.013962634015954637	0.05585053606381855	-0.2378	0.7941	-1.2361
5239.0	5.206167	-0.587619	8.287488	-0.029670597283903602	-0.017453292519943295	0.031415926535897934	-0.2375	0.7954	-1.2413
5240.0	5.205186	-0.646479	8.268849	0.008726646259971648	-0.010471975511965976	0.006981317007977318	-0.2372	0.7966	-1.2483
5241.0	5.197338000000001	-0.693567	8.249229	0.026179938779914945	-0.0017453292519943296	0.012217304763960306	-0.2372	0.7976	-1.2559
5242.0	5.193414	-0.7190730000000001	8.243343000000001	0.038397243543875255	-0.005235987755982988	0.0	-0.2373	0.7984	-1.2639
5243.0	5.191452	-0.721035	8.231571	0.008726646259971648	-0.0017453292519943296	0.0	-0.2376	0.7989	-1.268
5244.0	5.1953759999999996	-0.71613	8.225685	-0.0	-0.031415926535897934	0.019198621771937627	-0.2374	0.7988	-1.2689
5245.0	5.2032240000000005	-0.713187	8.219799	-0.03490658503988659	-0.027925268031909273	0.03490658503988659	-0.2377	0.799	-1.2653
5246.0	5.216958000000001	-0.7082820000000001	8.216856	-0.0471238898038469	-0.019198621771937627	0.05235987755982989	-0.2377	0.7987	-1.2584
5247.0	5.227749000000001	-0.6955290000000001	8.208027000000001	-0.029670597283903602	-0.027925268031909273	0.05061454830783556	-0.2372	0.7992	-1.2508
5248.0	5.242464	-0.678852	8.200179	-0.026179938779914945	-0.015707963267948967	0.0471238898038469	-0.2376	0.7993	-1.2442
5249.0	5.249331000000001	-0.6386310000000001	8.202141	-0.031415926535897934	-0.017453292519943295	0.048869219055841226	-0.2382	0.7988	-1.2393
5250.0	5.255217	-0.620973	8.18154	-0.029670597283903602	0.005235987755982988	0.05585053606381855	-0.2385	0.7985	-1.2362
5251.0	5.263065	-0.6248970000000001	8.167806	-0.017453292519943295	0.03316125578789226	0.05061454830783556	-0.2387	0.7986	-1.236
5252.0	5.268951	-0.636669	8.150148	-0.03490658503988659	0.059341194567807204	0.0471238898038469	-0.2389	0.7989	-1.2361
5253.0	5.270913	-0.669042	8.145243	-0.038397243543875255	0.06981317007977318	0.05585053606381855	-0.2391	0.7995	-1.2393
5254.0	5.264046	-0.714168	8.155053	-0.041887902047863905	0.0715584993317675	0.03665191429188092	-0.2391	0.8004	-1.2434
5255.0	5.255217	-0.75537	8.173692	-0.019198621771937627	0.027925268031909273	0.024434609527920613	-0.2398	0.8013	-1.249
5256.0	5.242464	-0.796572	8.18154	-0.003490658503988659	0.026179938779914945	0.006981317007977318	-0.2401	0.8019	-1.2568
5257.0	5.227749000000001	-0.8475840000000001	8.199198	0.013962634015954637	0.003490658503988659	0.003490658503988659	-0.2411	0.8025	-1.2634
5258.0	5.210091	-0.90252	8.203122	0.059341194567807204	0.015707963267948967	-0.038397243543875255	-0.2408	0.803	-1.2725
5259.0	5.196357	-0.949608	8.223723000000001	0.09075712110370514	0.006981317007977318	-0.04014257279586958	-0.2408	0.8035	-1.2814
5260.0	5.174775	-1.007487	8.268849	0.13264502315156904	-0.027925268031909273	-0.08028514559173916	-0.2405	0.8036	-1.2836
5261.0	5.159079	-1.071252	8.286507	0.15707963267948966	-0.024434609527920613	-0.0942477796076938	-0.2405	0.8034	-1.2837
5262.0	5.146326	-1.08891	8.31888	0.2565634000431664	-0.022689280275926284	-0.1308996938995747	-0.2402	0.8021	-1.2837
5263.0	5.132592	-1.080081	8.350272	0.26005405854715513	-0.06283185307179587	-0.14486232791552936	-0.2402	0.8009	-1.2846
5264.0	5.12082	-1.070271	8.382645	0.29670597283903605	-0.12042771838760874	-0.16231562043547265	-0.2409	0.799	-1.2821
5265.0	5.115915	-1.068309	8.408151	0.2879793265790644	-0.1710422666954443	-0.17976891295541594	-0.2412	0.797	-1.2826
5266.0	5.1061049999999994	-1.065366	8.457201	0.2565634000431664	-0.2583087292951608	-0.23736477827122882	-0.2419	0.7946	-1.2821
5267.0	5.076675	-1.103625	8.538624	0.28099800957108706	-0.30717794835100204	-0.32288591161895097	-0.2436	0.7915	-1.2837
5268.0	5.059017000000001	-1.117359	8.627895	0.2565634000431664	-0.4188790204786391	-0.39793506945470714	-0.2461	0.7874	-1.2812
5269.0	5.039397000000001	-1.144827	8.702451	0.09948376736367678	-0.5375614096142535	-0.5305800926062761	-0.2494	0.7833	-1.278
5270.0	5.051169000000001	-0.877995	8.763273	0.19198621771937624	-0.6492624817418906	-0.5235987755982988	-0.254	0.7786	-1.2774
5271.0	5.0786370000000005	-0.7200540000000001	8.814285	0.15707963267948966	-0.7749261878854823	-0.4485496177625427	-0.2597	0.7742	-1.2781
5272.0	5.110029000000001	-0.56898	8.821152	0.09599310885968812	-0.8639379797371931	-0.4415683007545654	-0.2661	0.7693	-1.2739
5273.0	5.1571169999999995	-0.453222	8.789760000000001	0.006981317007977318	-0.8901179185171081	-0.39968039870670147	-0.2733	0.7641	-1.2687
5274.0	5.224806	-0.314901	8.71128	0.005235987755982988	-0.9040805525330626	-0.3717551306747922	-0.2814	0.7588	-1.2705
5275.0	5.291514	-0.198162	8.626914	0.019198621771937627	-0.9040805525330626	-0.30194196059501904	-0.2898	0.7541	-1.2661
5276.0	5.381766	-0.10104300000000001	8.484669	0.06283185307179587	-0.8604473212332044	-0.24609142453120045	-0.2988	0.749	-1.2575
5277.0	5.510277	0.045126	8.293374	0.07504915783575616	-0.7906341511534313	-0.23387411976724015	-0.3085	0.7444	-1.2536
5278.0	5.634864	0.15499800000000002	8.104041	0.08028514559173916	-0.7365289443416071	-0.23212879051524585	-0.3193	0.7397	-1.2458
5279.0	5.765337000000001	0.251136	7.916670000000001	0.059341194567807204	-0.6667157742618339	-0.26529004630313807	-0.3293	0.7359	-1.2386
5280.0	5.865399	0.063765	7.752843	0.06632251157578452	-0.6579891280018623	-0.32114058236695664	-0.3395	0.732	-1.2301
5281.0	5.953689000000001	-0.023544	7.641990000000001	0.03316125578789226	-0.6457718232379019	-0.35255650890285456	-0.3492	0.728	-1.222
5282.0	6.035112	-0.15499800000000002	7.553700000000001	-0.012217304763960306	-0.6754424205218056	-0.45553093477052004	-0.3593	0.7245	-1.2147
5283.0	6.117516000000001	-0.260946	7.4909159999999995	-0.143116998663535	-0.6928957130417489	-0.5619960191421741	-0.3684	0.7215	-1.2087
5284.0	6.176376000000001	-0.37376100000000007	7.481106	-0.291469985083053	-0.767944870877505	-0.7086036763096978	-0.3789	0.7176	-1.1965
5285.0	6.233274	-0.475785	7.487973	-0.45029494701453704	-0.8464846872172498	-0.8691739674931761	-0.3884	0.7138	-1.1894
5286.0	6.289191000000001	-0.534645	7.5242700000000005	-0.6475171524898963	-0.8970992355250854	-1.0245082709206714	-0.3997	0.7105	-1.1831
5287.0	6.339222	-0.623916	7.570377000000001	-0.7051130178057091	-0.9320058205649719	-1.0978120995044334	-0.4104	0.7067	-1.1732
5288.0	6.392196	-0.7004340000000001	7.595883000000001	-0.8115781021773633	-0.9686577348568529	-1.2671090369478832	-0.4214	0.703	-1.1642
5289.0	6.453018000000001	-0.75537	7.573320000000001	-1.0035643198967394	-0.9738937226128358	-1.4451326206513049	-0.4335	0.6988	-1.1542
5290.0	6.524631	-0.783819	7.504650000000001	-1.2287117934040082	-0.9250245035569946	-1.610938899590766	-0.4458	0.695	-1.1437
5291.0	6.6040920000000005	-0.7897050000000001	7.401645	-1.36659280431156	-0.8534660042252271	-1.7558012275062955	-0.4584	0.6908	-1.1324
5292.0	6.691401000000001	-0.8054010000000001	7.289811	-1.5428710587629875	-0.7504915783575618	-1.9093902016817965	-0.4721	0.6864	-1.1205
5293.0	6.782634000000001	-0.8652420000000001	7.182882	-1.689478715930511	-0.6736970912698113	-2.092649773141201	-0.4871	0.6815	-1.1068
5294.0	6.887601	-0.935874	7.050447	-1.7872171540421935	-0.6283185307179586	-2.192133540504878	-0.5015	0.6768	-1.0933
5295.0	6.999435000000001	-1.018278	6.881715000000001	-1.9774580425095754	-0.5148721293383273	-2.4277529895241123	-0.5167	0.6713	-1.0776
5296.0	7.098516000000001	-1.117359	6.6904200000000005	-2.21307749152881	-0.3700098014227979	-2.6459191460234033	-0.5318	0.6652	-1.0633
5297.0	7.187787	-1.1693520000000002	6.508935	-2.478367537831948	-0.2181661564992912	-2.8605946440187062	-0.5461	0.6582	-1.0478
5298.0	7.26921	-1.240965	6.34707	-2.689552377323262	-0.06806784082777885	-3.1066860685499065	-0.5609	0.6511	-1.0334
5299.0	7.31826	-1.3008060000000001	6.2175780000000005	-2.951351765122411	0.048869219055841226	-3.331833542057175	-0.575	0.6424	-1.0186
5300.0	7.355538000000001	-1.377324	6.1234020000000005	-3.0682888250060314	0.09075712110370514	-3.4766958699727044	-0.5893	0.6326	-1.0047
5301.0	7.405569000000001	-1.429317	6.057675000000001	-3.3283428835531863	0.24085543677521748	-3.7454765747798313	-0.6033	0.6212	-0.9901
5302.0	7.439904	-1.5372270000000001	6.035112	-3.5465090400524772	0.4014257279586958	-3.9426987802551907	-0.6162	0.6094	-0.9776
5303.0	7.687116	-1.279224	6.100839000000001	-3.574434308084387	0.6789330790257941	-4.317944569433972	-0.6279	0.5953	-0.9637
5304.0	8.048124000000001	-0.749484	6.186186000000001	-3.9269908169872414	1.2723450247038663	-4.377285764001779	-0.6394	0.58	-0.95
5305.0	8.100117000000001	-0.511101	6.198939	-4.544837372193234	1.7418385934903409	-4.270820679630124	-0.6484	0.5631	-0.9366
5306.0	8.018694	-0.384552	6.143022	-4.5849799449891036	1.7924531417981764	-4.232423436086249	-0.6571	0.5466	-0.9235
5307.0	7.959834000000001	-0.24525000000000002	6.071409	-4.520402762665314	1.7191493132144147	-4.232423436086249	-0.664	0.5294	-0.9105
5308.0	7.916670000000001	-0.04905	6.057675000000001	-4.4505895925855405	1.5882496193148399	-4.187044875534396	-0.6695	0.5119	-0.9006
5309.0	7.786197	0.10300500000000001	6.04296	-4.342379178961892	1.387536755335492	-4.117231705454624	-0.6738	0.494	-0.8941
5310.0	7.479144	0.299205	5.9684040000000005	-4.220206131322289	0.9424777960769379	-4.101523742186674	-0.677	0.4768	-0.8914
5311.0	7.238799	0.542493	5.900715000000001	-4.134684997974567	0.30543261909900765	-4.092797095926703	-0.6793	0.4595	-0.8914
5312.0	7.19073	0.7975530000000001	5.896791	-3.98284135305106	-0.048869219055841226	-4.007275962578981	-0.6817	0.4422	-0.8934
5313.0	7.095573000000001	0.678852	5.901696	-3.851941659151485	-0.10821041362364843	-3.9322268047432245	-0.6837	0.4253	-0.8966
5314.0	6.8581710000000005	0.25506	5.918373	-3.51509311351658	-0.027925268031909273	-3.686135380212024	-0.6851	0.4091	-0.9013
5315.0	6.782634000000001	0.08142300000000001	5.989986000000001	-2.981022362406315	0.041887902047863905	-3.3231068957972036	-0.6874	0.3933	-0.9065
5316.0	6.762033000000001	0.024525	6.114573	-2.3527038316883564	-0.04537856055185257	-2.912954521578536	-0.6896	0.3762	-0.9135
5317.0	6.719850000000001	-0.02943	6.231312	-1.9041542139258134	-0.16755160819145562	-2.399827721492203	-0.692	0.3592	-0.9204
5318.0	6.656085	-0.144207	6.292134	-1.5009831567151235	-0.291469985083053	-1.837831702350029	-0.6949	0.3426	-0.9255
5319.0	6.659028	-0.278604	6.353937000000001	-1.0663961729685354	-0.41015237421866746	-1.2479104151759457	-0.6972	0.3259	-0.926
5320.0	6.80814	-0.419868	6.467733	-0.8272860654453121	-0.47123889803846897	-0.9721483933608416	-0.7006	0.3108	-0.9213
5321.0	6.8454180000000004	-0.57879	6.5530800000000005	-0.43982297150257105	-0.6073745796940266	-0.4485496177625427	-0.7029	0.2963	-0.9124
5322.0	6.678648	-0.665118	6.554061000000001	-0.09075712110370514	-0.7173303225696694	-0.054105206811824215	-0.7058	0.2834	-0.8994
5323.0	6.321564	-0.694548	6.478524	0.21991148575128552	-0.7958701389094143	0.19722220547535926	-0.7078	0.2723	-0.8863
5324.0	6.029226	-0.43262100000000003	6.493239000000001	0.4380776422505767	-0.8831366015091308	0.3368485456349056	-0.7104	0.2632	-0.8747
5325.0	6.29802	0.163827	7.403607000000001	-0.8203047484373349	0.4677482395344803	0.5340707511102649	-0.7124	0.2552	-0.865
5326.0	5.102181000000001	-0.038259	7.900974000000001	-0.4363323129985824	0.6126105674500097	0.015707963267948967	-0.7139	0.2502	-0.8582
5327.0	4.564593	-0.06572700000000001	8.792703	-0.2129301687433082	0.5393067388662478	-0.0942477796076938	-0.715	0.2476	-0.8549
5328.0	3.51198	-0.254079	9.549054000000002	-0.3193952531149623	0.9180431865490174	-0.21642082724729686	-0.7156	0.2456	-0.8533
5329.0	2.621232	-0.575847	10.398600000000002	-0.46949356878647464	1.1082840750163994	-0.1780235837034216	-0.7157	0.2449	-0.8549
5330.0	2.054214	-1.074195	11.048022000000001	-0.21118483949131386	1.0192722831646885	-0.20245819323134223	-0.7153	0.2447	-0.8614
5331.0	2.1111120000000003	-1.1546370000000001	11.323683	0.1466076571675237	0.9302604913129776	-0.33335788713091696	-0.7136	0.2444	-0.869
5332.0	2.254338	-0.9378360000000001	11.445327	-0.17278759594743864	0.783652834145454	-0.3193952531149623	-0.7107	0.2441	-0.8808
5333.0	2.366172	-0.759294	11.60523	-0.22863813201125716	0.7033676885537148	-0.291469985083053	-0.7068	0.2437	-0.8945
5334.0	2.335761	-0.9044820000000001	11.727855	-0.21467549799530256	0.6370451769779303	-0.15707963267948966	-0.7015	0.2433	-0.9063
5335.0	1.884501	-1.410678	10.961694	-0.005235987755982988	0.6108652381980153	0.0	-0.696	0.2432	-0.919
5336.0	3.0293280000000005	-1.124226	10.599705	-0.024434609527920613	0.609119908946021	0.03665191429188092	-0.6903	0.2418	-0.9357
5337.0	3.507075	-1.043784	9.86886	0.017453292519943295	0.6143558967020041	0.0471238898038469	-0.6848	0.2398	-0.9437
5338.0	4.481208	-0.688662	9.291051000000001	-0.008726646259971648	0.6318091892219474	0.08203047484373349	-0.6786	0.239	-0.9515
