PacketCounter	Acc_X	Acc_Y	Acc_Z	Gyr_X	Gyr_Y	Gyr_Z	Mag_X	Mag_Y	Mag_Z
0.0	5.073732000000001	1.664757	8.234514	-0.0017453292519943296	0.010471975511965976	-0.022689280275926284	-0.4928	-0.4694	-0.8446
1.0	5.05215	1.617669	8.144262000000001	0.0017453292519943296	0.013962634015954637	-0.010471975511965976	-0.4656	-0.4548	-0.8444
2.0	5.071770000000001	1.6264980000000002	8.178597	-0.0	0.015707963267948967	-0.013962634015954637	-0.4822	-0.4678	-0.8438
3.0	5.072751	1.624536	8.17173	-0.003490658503988659	0.015707963267948967	-0.024434609527920613	-0.4896	-0.4717	-0.8447
4.0	5.073732000000001	1.623555	8.168787	-0.003490658503988659	0.015707963267948967	-0.024434609527920613	-0.4933	-0.4736	-0.8452
5.0	5.073732000000001	1.6382700000000001	8.177616	-0.0017453292519943296	0.012217304763960306	-0.006981317007977318	-0.4988	-0.4715	-0.8449
6.0	5.073732000000001	1.630422	8.178597	-0.0	0.017453292519943295	-0.013962634015954637	-0.4955	-0.4708	-0.8452
7.000000000000001	5.072751	1.635327	8.19135	-0.0	0.017453292519943295	-0.015707963267948967	-0.4961	-0.4714	-0.8453
8.0	5.073732000000001	1.630422	8.190369	0.005235987755982988	0.017453292519943295	-0.027925268031909273	-0.498	-0.4713	-0.8455
9.0	5.072751	1.635327	8.196255	-0.0	0.013962634015954637	-0.006981317007977318	-0.4991	-0.4686	-0.8456
10.0	5.073732000000001	1.637289	8.19135	-0.005235987755982988	0.013962634015954637	-0.010471975511965976	-0.499	-0.4684	-0.8457
11.0	5.077656	1.636308	8.194293	-0.0017453292519943296	0.010471975511965976	-0.010471975511965976	-0.4999	-0.4714	-0.846
12.0	5.075694	1.639251	8.195274000000001	-0.0017453292519943296	0.029670597283903602	-0.003490658503988659	-0.4977	-0.4715	-0.8464
13.0	5.074713	1.645137	8.200179	-0.0017453292519943296	0.029670597283903602	-0.003490658503988659	-0.4949	-0.4718	-0.8466
14.000000000000002	5.073732000000001	1.645137	8.203122	-0.0	0.008726646259971648	-0.010471975511965976	-0.4919	-0.4723	-0.8468
15.0	5.074713	1.637289	8.198217	-0.003490658503988659	0.015707963267948967	-0.013962634015954637	-0.4899	-0.4734	-0.8468
16.0	5.070789	1.6431750000000003	8.20116	-0.0017453292519943296	0.017453292519943295	-0.017453292519943295	-0.4916	-0.4745	-0.8465
17.0	5.072751	1.639251	8.194293	-0.0	0.008726646259971648	-0.013962634015954637	-0.4909	-0.473	-0.8465
18.0	5.072751	1.645137	8.199198	0.005235987755982988	0.020943951023931952	-0.010471975511965976	-0.4896	-0.4745	-0.8462
19.0	5.075694	1.6431750000000003	8.184483	-0.005235987755982988	0.013962634015954637	-0.005235987755982988	-0.4892	-0.476	-0.8465
20.0	5.077656	1.642194	8.186445	-0.0	0.024434609527920613	-0.010471975511965976	-0.4903	-0.4763	-0.8463
21.0	5.075694	1.647099	8.187426	0.005235987755982988	0.008726646259971648	-0.006981317007977318	-0.4932	-0.4752	-0.846
22.0	5.075694	1.647099	8.186445	-0.006981317007977318	0.010471975511965976	-0.015707963267948967	-0.4952	-0.4722	-0.8459
23.0	5.075694	1.641213	8.180559	0.005235987755982988	0.020943951023931952	-0.017453292519943295	-0.4958	-0.4745	-0.8457
24.0	5.076675	1.6431750000000003	8.182521	0.003490658503988659	0.017453292519943295	-0.012217304763960306	-0.4995	-0.4735	-0.8454
25.0	5.074713	1.642194	8.180559	-0.0	0.013962634015954637	-0.015707963267948967	-0.4979	-0.4743	-0.8457
26.0	5.076675	1.640232	8.178597	-0.0	0.017453292519943295	-0.015707963267948967	-0.496	-0.4769	-0.8456
27.0	5.075694	1.640232	8.179578000000001	-0.0	0.017453292519943295	-0.015707963267948967	-0.4945	-0.4813	-0.8455
28.000000000000004	5.074713	1.6441560000000002	8.177616	0.003490658503988659	0.017453292519943295	-0.012217304763960306	-0.4958	-0.4807	-0.8459
28.999999999999996	5.075694	1.641213	8.189388000000001	0.0017453292519943296	0.017453292519943295	-0.010471975511965976	-0.4958	-0.4807	-0.8456
30.0	5.071770000000001	1.6333650000000002	8.195274000000001	0.005235987755982988	0.019198621771937627	-0.003490658503988659	-0.4944	-0.4789	-0.8457
31.0	5.069808000000001	1.632384	8.196255	0.005235987755982988	0.020943951023931952	-0.008726646259971648	-0.4962	-0.4786	-0.8458
32.0	5.069808000000001	1.6294410000000001	8.192331	-0.0	0.017453292519943295	-0.015707963267948967	-0.4976	-0.482	-0.8454
33.0	5.070789	1.634346	8.192331	-0.0	0.013962634015954637	-0.008726646259971648	-0.4994	-0.4797	-0.8455
34.0	5.069808000000001	1.6314030000000002	8.187426	0.0017453292519943296	0.013962634015954637	-0.020943951023931952	-0.4993	-0.4794	-0.8455
35.0	5.069808000000001	1.6294410000000001	8.192331	-0.0	0.020943951023931952	-0.013962634015954637	-0.5004	-0.4757	-0.8451
36.0	5.069808000000001	1.6294410000000001	8.19135	-0.0	0.029670597283903602	-0.003490658503988659	-0.5034	-0.4726	-0.8451
37.0	5.069808000000001	1.6284600000000002	8.190369	-0.008726646259971648	0.024434609527920613	-0.015707963267948967	-0.5036	-0.4702	-0.8453
38.0	5.067845999999999	1.623555	8.187426	-0.0	0.013962634015954637	-0.008726646259971648	-0.4998	-0.4706	-0.845
39.0	5.066865	1.623555	8.186445	-0.0	0.015707963267948967	-0.010471975511965976	-0.5001	-0.4705	-0.8447
40.0	5.065884	1.627479	8.18154	0.005235987755982988	0.015707963267948967	-0.003490658503988659	-0.5018	-0.4722	-0.8444
41.0	5.068827000000001	1.6284600000000002	8.179578000000001	-0.0017453292519943296	0.020943951023931952	-0.010471975511965976	-0.4988	-0.4722	-0.8441
42.0	5.067845999999999	1.6294410000000001	8.188407	-0.0	0.012217304763960306	-0.012217304763960306	-0.4979	-0.4717	-0.8442
43.0	5.066865	1.6255169999999999	8.188407	0.005235987755982988	0.006981317007977318	-0.017453292519943295	-0.5	-0.4699	-0.8439
44.0	5.066865	1.6284600000000002	8.193312	0.008726646259971648	0.019198621771937627	-0.019198621771937627	-0.499	-0.4703	-0.8438
45.0	5.068827000000001	1.636308	8.188407	-0.0	0.012217304763960306	-0.019198621771937627	-0.4984	-0.4707	-0.8438
46.0	5.067845999999999	1.6382700000000001	8.195274000000001	-0.003490658503988659	0.012217304763960306	-0.015707963267948967	-0.4977	-0.4711	-0.8436
47.0	5.066865	1.6382700000000001	8.199198	-0.005235987755982988	0.017453292519943295	-0.013962634015954637	-0.5001	-0.472	-0.8434
48.0	5.068827000000001	1.641213	8.198217	0.0017453292519943296	0.026179938779914945	-0.013962634015954637	-0.502	-0.4708	-0.8435
49.0	5.068827000000001	1.640232	8.194293	-0.0017453292519943296	0.019198621771937627	-0.003490658503988659	-0.5051	-0.4731	-0.8438
50.0	5.073732000000001	1.640232	8.200179	-0.0	0.008726646259971648	-0.017453292519943295	-0.5048	-0.4744	-0.8441
51.0	5.071770000000001	1.639251	8.200179	-0.0	0.006981317007977318	-0.010471975511965976	-0.5056	-0.4732	-0.8443
52.0	5.072751	1.639251	8.196255	-0.0	0.013962634015954637	-0.010471975511965976	-0.5036	-0.4721	-0.8446
53.0	5.073732000000001	1.637289	8.197236	0.0017453292519943296	0.005235987755982988	-0.013962634015954637	-0.502	-0.4733	-0.8449
54.0	5.075694	1.632384	8.194293	0.0017453292519943296	0.005235987755982988	-0.013962634015954637	-0.5026	-0.4736	-0.8451
55.00000000000001	5.074713	1.634346	8.202141	0.0017453292519943296	0.013962634015954637	-0.019198621771937627	-0.5032	-0.4728	-0.8455
56.00000000000001	5.073732000000001	1.632384	8.193312	0.005235987755982988	0.008726646259971648	-0.008726646259971648	-0.5031	-0.4719	-0.8459
56.99999999999999	5.075694	1.637289	8.190369	0.005235987755982988	0.0	-0.008726646259971648	-0.5041	-0.4712	-0.8459
57.99999999999999	5.0786370000000005	1.627479	8.187426	0.003490658503988659	0.012217304763960306	-0.017453292519943295	-0.5038	-0.4721	-0.8457
59.0	5.080599	1.6255169999999999	8.19135	-0.0017453292519943296	0.013962634015954637	-0.019198621771937627	-0.4991	-0.4702	-0.8458
60.0	5.077656	1.6186500000000001	8.19135	0.017453292519943295	0.024434609527920613	-0.022689280275926284	-0.4963	-0.4707	-0.8453
61.0	5.076675	1.6206120000000002	8.196255	0.006981317007977318	0.017453292519943295	-0.022689280275926284	-0.4957	-0.4711	-0.8452
62.0	5.073732000000001	1.6157070000000002	8.192331	0.010471975511965976	0.010471975511965976	-0.020943951023931952	-0.496	-0.4715	-0.845
63.0	5.068827000000001	1.623555	8.19135	0.015707963267948967	0.013962634015954637	-0.010471975511965976	-0.4934	-0.4711	-0.8447
64.0	5.065884	1.632384	8.189388000000001	0.006981317007977318	0.015707963267948967	-0.006981317007977318	-0.4907	-0.4727	-0.8444
65.0	5.063922	1.635327	8.182521	0.005235987755982988	0.012217304763960306	-0.010471975511965976	-0.4897	-0.4752	-0.844
66.0	5.063922	1.634346	8.187426	0.005235987755982988	0.005235987755982988	-0.0017453292519943296	-0.4884	-0.4761	-0.8439
67.0	5.064903	1.6264980000000002	8.18154	0.008726646259971648	0.022689280275926284	-0.005235987755982988	-0.4872	-0.471	-0.844
68.0	5.062941	1.6333650000000002	8.185464000000001	0.003490658503988659	0.010471975511965976	-0.015707963267948967	-0.485	-0.4726	-0.8444
69.0	5.060979000000001	1.636308	8.180559	0.0017453292519943296	0.008726646259971648	-0.006981317007977318	-0.484	-0.4737	-0.8445
70.0	5.062941	1.6441560000000002	8.180559	-0.008726646259971648	0.017453292519943295	-0.010471975511965976	-0.4842	-0.4739	-0.8447
71.0	5.064903	1.645137	8.178597	0.0017453292519943296	0.013962634015954637	-0.012217304763960306	-0.4851	-0.4767	-0.8449
72.0	5.068827000000001	1.650042	8.183502	-0.003490658503988659	0.020943951023931952	-0.010471975511965976	-0.4856	-0.4763	-0.8447
73.0	5.075694	1.6480800000000002	8.188407	-0.003490658503988659	0.020943951023931952	-0.010471975511965976	-0.4868	-0.4761	-0.8447
74.0	5.076675	1.645137	8.196255	-0.003490658503988659	0.019198621771937627	-0.015707963267948967	-0.4887	-0.4742	-0.8448
75.0	5.076675	1.636308	8.20116	0.0017453292519943296	0.015707963267948967	-0.010471975511965976	-0.4915	-0.4733	-0.8457
76.0	5.081580000000001	1.639251	8.197236	0.0017453292519943296	0.017453292519943295	-0.013962634015954637	-0.4928	-0.4738	-0.8458
77.0	5.081580000000001	1.6441560000000002	8.20116	0.0017453292519943296	0.017453292519943295	-0.013962634015954637	-0.4928	-0.4786	-0.8458
78.0	5.076675	1.6461180000000002	8.200179	-0.005235987755982988	0.0	-0.010471975511965976	-0.492	-0.4766	-0.8456
79.0	5.072751	1.645137	8.206065	-0.0	0.008726646259971648	0.0	-0.4935	-0.4788	-0.8453
80.0	5.068827000000001	1.645137	8.203122	-0.0	0.010471975511965976	-0.003490658503988659	-0.4953	-0.4789	-0.8455
81.0	5.068827000000001	1.6461180000000002	8.206065	0.003490658503988659	0.005235987755982988	-0.006981317007977318	-0.4972	-0.4771	-0.8454
82.0	5.069808000000001	1.6510230000000001	8.199198	-0.010471975511965976	0.006981317007977318	-0.010471975511965976	-0.4991	-0.4742	-0.8457
83.0	5.066865	1.650042	8.198217	0.0017453292519943296	0.0	-0.0017453292519943296	-0.4991	-0.4749	-0.8461
84.0	5.062941	1.650042	8.197236	-0.005235987755982988	0.0	-0.0017453292519943296	-0.4988	-0.4716	-0.8461
85.0	5.064903	1.650042	8.199198	0.005235987755982988	-0.003490658503988659	0.0	-0.4978	-0.4746	-0.8454
86.0	5.06196	1.649061	8.194293	0.003490658503988659	0.0	-0.005235987755982988	-0.4961	-0.4729	-0.8452
87.0	5.060979000000001	1.640232	8.200179	0.005235987755982988	-0.006981317007977318	-0.010471975511965976	-0.4963	-0.4707	-0.8452
88.0	5.063922	1.639251	8.199198	0.015707963267948967	-0.005235987755982988	-0.006981317007977318	-0.4995	-0.4697	-0.8448
89.0	5.069808000000001	1.641213	8.194293	0.022689280275926284	0.0	-0.003490658503988659	-0.4989	-0.4663	-0.8446
90.0	5.072751	1.6441560000000002	8.192331	0.008726646259971648	-0.006981317007977318	-0.006981317007977318	-0.4989	-0.4642	-0.8443
91.0	5.071770000000001	1.6441560000000002	8.187426	0.0017453292519943296	-0.005235987755982988	-0.003490658503988659	-0.4987	-0.4646	-0.8443
92.0	5.070789	1.636308	8.195274000000001	0.015707963267948967	-0.0017453292519943296	-0.008726646259971648	-0.4965	-0.4677	-0.8443
93.0	5.076675	1.637289	8.192331	0.006981317007977318	-0.008726646259971648	-0.010471975511965976	-0.4961	-0.4695	-0.8437
94.0	5.082561	1.632384	8.19135	0.008726646259971648	0.0	-0.017453292519943295	-0.4952	-0.4734	-0.8429
95.0	5.087466	1.6333650000000002	8.183502	0.008726646259971648	0.0017453292519943296	-0.019198621771937627	-0.4955	-0.4711	-0.8425
96.0	5.0913900000000005	1.6294410000000001	8.184483	0.005235987755982988	-0.006981317007977318	-0.003490658503988659	-0.4976	-0.4705	-0.8424
97.0	5.095314	1.640232	8.178597	0.006981317007977318	0.0017453292519943296	-0.019198621771937627	-0.4975	-0.4712	-0.8422
98.0	5.099238000000001	1.642194	8.18154	0.005235987755982988	0.008726646259971648	-0.019198621771937627	-0.4987	-0.4716	-0.842
99.0	5.100219000000001	1.6441560000000002	8.175654000000002	0.006981317007977318	0.012217304763960306	-0.013962634015954637	-0.5001	-0.4728	-0.8418
100.0	5.1061049999999994	1.645137	8.169768	0.005235987755982988	0.0017453292519943296	-0.015707963267948967	-0.5025	-0.4721	-0.8418
101.0	5.11101	1.639251	8.167806	-0.003490658503988659	0.012217304763960306	-0.008726646259971648	-0.5004	-0.4707	-0.8419
102.0	5.114934	1.640232	8.158977	0.003490658503988659	0.005235987755982988	-0.017453292519943295	-0.5019	-0.4709	-0.8418
103.0	5.115915	1.642194	8.157015000000001	0.010471975511965976	0.015707963267948967	-0.013962634015954637	-0.5047	-0.4666	-0.8419
104.0	5.1218010000000005	1.642194	8.149167	0.012217304763960306	0.017453292519943295	-0.006981317007977318	-0.5068	-0.4631	-0.8426
105.0	5.12082	1.6431750000000003	8.149167	0.010471975511965976	0.013962634015954637	-0.006981317007977318	-0.5059	-0.4624	-0.8425
106.0	5.122782	1.647099	8.153091	0.006981317007977318	0.024434609527920613	-0.010471975511965976	-0.5055	-0.4662	-0.8425
107.0	5.123763	1.6431750000000003	8.154072000000001	0.006981317007977318	0.024434609527920613	-0.010471975511965976	-0.5051	-0.4692	-0.8422
108.0	5.122782	1.6461180000000002	8.151129000000001	0.010471975511965976	0.020943951023931952	-0.013962634015954637	-0.5046	-0.4709	-0.8421
109.00000000000001	5.123763	1.65789	8.155053	-0.005235987755982988	0.029670597283903602	-0.006981317007977318	-0.5019	-0.4699	-0.8426
110.00000000000001	5.12082	1.6598519999999999	8.156034	-0.0	0.013962634015954637	-0.017453292519943295	-0.4953	-0.4704	-0.8423
111.00000000000001	5.117877000000001	1.6598519999999999	8.155053	-0.0	0.013962634015954637	-0.017453292519943295	-0.4944	-0.4708	-0.842
112.00000000000001	5.113953	1.6618140000000001	8.156034	-0.0	0.013962634015954637	-0.017453292519943295	-0.4928	-0.4698	-0.8417
112.99999999999999	5.11101	1.658871	8.155053	-0.003490658503988659	0.03490658503988659	-0.010471975511965976	-0.4901	-0.47	-0.8415
113.99999999999999	5.1061049999999994	1.6627950000000002	8.157015000000001	-0.003490658503988659	0.03490658503988659	-0.010471975511965976	-0.4886	-0.471	-0.8412
114.99999999999999	5.105124	1.666719	8.157996	-0.005235987755982988	0.031415926535897934	-0.008726646259971648	-0.4878	-0.471	-0.8414
115.99999999999999	5.103162	1.671624	8.157015000000001	-0.0017453292519943296	0.029670597283903602	-0.010471975511965976	-0.488	-0.4691	-0.8415
117.0	5.098257000000001	1.671624	8.153091	0.003490658503988659	0.029670597283903602	-0.006981317007977318	-0.4867	-0.4681	-0.8416
118.0	5.099238000000001	1.6657380000000002	8.156034	0.003490658503988659	0.03665191429188092	-0.015707963267948967	-0.489	-0.4669	-0.8414
119.0	5.096295	1.6510230000000001	8.155053	-0.0	0.013962634015954637	-0.015707963267948967	-0.4892	-0.4667	-0.8411
120.0	5.098257000000001	1.6480800000000002	8.159958	0.0017453292519943296	0.008726646259971648	-0.006981317007977318	-0.4939	-0.4684	-0.8414
121.0	5.099238000000001	1.6529850000000001	8.156034	-0.008726646259971648	0.026179938779914945	-0.010471975511965976	-0.4978	-0.4694	-0.8414
122.0	5.099238000000001	1.654947	8.153091	0.0017453292519943296	0.027925268031909273	-0.012217304763960306	-0.5014	-0.4695	-0.8416
123.0	5.1012	1.655928	8.154072000000001	0.005235987755982988	0.029670597283903602	-0.017453292519943295	-0.5038	-0.4693	-0.8418
124.0	5.1012	1.652004	8.151129000000001	-0.0017453292519943296	0.026179938779914945	-0.020943951023931952	-0.5052	-0.4672	-0.8419
125.0	5.100219000000001	1.645137	8.15211	0.0017453292519943296	0.024434609527920613	-0.020943951023931952	-0.5077	-0.4701	-0.842
126.0	5.1012	1.6461180000000002	8.146224	-0.0017453292519943296	0.027925268031909273	-0.010471975511965976	-0.5088	-0.4689	-0.8419
127.0	5.103162	1.6510230000000001	8.15211	0.0017453292519943296	0.03316125578789226	-0.006981317007977318	-0.5112	-0.4684	-0.842
128.0	5.102181000000001	1.6480800000000002	8.1423	-0.0017453292519943296	0.026179938779914945	-0.008726646259971648	-0.5081	-0.4683	-0.8425
129.0	5.105124	1.653966	8.146224	0.0017453292519943296	0.029670597283903602	-0.005235987755982988	-0.511	-0.4687	-0.8426
130.0	5.105124	1.654947	8.145243	0.0017453292519943296	0.029670597283903602	-0.005235987755982988	-0.5113	-0.4671	-0.8425
131.0	5.1041430000000005	1.649061	8.155053	-0.0	0.031415926535897934	-0.020943951023931952	-0.5086	-0.4694	-0.8428
132.0	5.102181000000001	1.6441560000000002	8.153091	0.005235987755982988	0.038397243543875255	-0.027925268031909273	-0.5072	-0.4706	-0.8427
133.0	5.102181000000001	1.641213	8.15211	0.008726646259971648	0.041887902047863905	-0.015707963267948967	-0.5046	-0.4741	-0.8427
134.0	5.098257000000001	1.647099	8.157015000000001	0.006981317007977318	0.029670597283903602	-0.020943951023931952	-0.5052	-0.4778	-0.8429
135.0	5.099238000000001	1.6529850000000001	8.162901	0.013962634015954637	0.03316125578789226	-0.022689280275926284	-0.5045	-0.4766	-0.843
136.0	5.094333	1.6510230000000001	8.166825000000001	0.012217304763960306	0.03665191429188092	-0.019198621771937627	-0.5022	-0.4769	-0.8432
137.0	5.092371	1.650042	8.165844	-0.0	0.041887902047863905	-0.020943951023931952	-0.5018	-0.4782	-0.8432
138.0	5.089428000000001	1.6608330000000002	8.173692	0.0017453292519943296	0.048869219055841226	-0.019198621771937627	-0.5008	-0.4765	-0.8434
139.0	5.084523	1.6598519999999999	8.176635000000001	0.006981317007977318	0.0471238898038469	-0.015707963267948967	-0.5018	-0.4769	-0.8433
140.0	5.079618000000001	1.65789	8.172711	0.003490658503988659	0.03665191429188092	-0.019198621771937627	-0.5028	-0.4772	-0.8437
141.0	5.079618000000001	1.6598519999999999	8.168787	-0.0	0.05061454830783556	-0.019198621771937627	-0.5034	-0.4738	-0.8435
142.0	5.076675	1.666719	8.176635000000001	0.012217304763960306	0.031415926535897934	-0.027925268031909273	-0.5038	-0.4741	-0.8437
143.0	5.073732000000001	1.6726050000000001	8.176635000000001	-0.0	0.03490658503988659	-0.020943951023931952	-0.5058	-0.472	-0.8437
144.0	5.072751	1.6804530000000002	8.18154	-0.003490658503988659	0.026179938779914945	-0.017453292519943295	-0.5049	-0.4728	-0.8437
145.0	5.066865	1.6775100000000003	8.177616	0.005235987755982988	0.027925268031909273	-0.022689280275926284	-0.5013	-0.4736	-0.8438
146.0	5.066865	1.6765290000000002	8.187426	0.013962634015954637	0.022689280275926284	-0.024434609527920613	-0.502	-0.4737	-0.8437
147.0	5.065884	1.6726050000000001	8.184483	0.005235987755982988	0.003490658503988659	-0.027925268031909273	-0.4999	-0.47	-0.8439
148.0	5.067845999999999	1.6618140000000001	8.184483	0.024434609527920613	0.015707963267948967	-0.031415926535897934	-0.4999	-0.472	-0.8438
149.0	5.070789	1.658871	8.175654000000002	0.005235987755982988	0.029670597283903602	-0.0471238898038469	-0.4988	-0.473	-0.8439
150.0	5.073732000000001	1.6657380000000002	8.177616	0.008726646259971648	0.022689280275926284	-0.020943951023931952	-0.4969	-0.4721	-0.8433
151.0	5.069808000000001	1.6765290000000002	8.179578000000001	-0.008726646259971648	0.022689280275926284	-0.026179938779914945	-0.4967	-0.4729	-0.8431
152.0	5.070789	1.681434	8.188407	-0.006981317007977318	0.017453292519943295	-0.024434609527920613	-0.4941	-0.4696	-0.8429
153.0	5.069808000000001	1.6784910000000002	8.194293	-0.0	0.013962634015954637	-0.027925268031909273	-0.4942	-0.4693	-0.8432
154.0	5.072751	1.6677000000000002	8.197236	0.010471975511965976	0.0017453292519943296	-0.029670597283903602	-0.4961	-0.4655	-0.8432
155.0	5.075694	1.6657380000000002	8.202141	0.006981317007977318	-0.013962634015954637	-0.041887902047863905	-0.4982	-0.464	-0.8434
156.0	5.079618000000001	1.674567	8.202141	0.04014257279586958	-0.012217304763960306	-0.03490658503988659	-0.4992	-0.4656	-0.8434
157.0	5.082561	1.691244	8.208027000000001	0.03665191429188092	-0.03490658503988659	-0.0471238898038469	-0.5005	-0.4681	-0.8434
158.0	5.090409	1.7177310000000001	8.209989	0.05759586531581287	-0.029670597283903602	-0.054105206811824215	-0.5027	-0.4687	-0.8429
159.0	5.103162	1.7245980000000003	8.208027000000001	0.0645771823237902	-0.022689280275926284	-0.0715584993317675	-0.5003	-0.4702	-0.8428
160.0	5.115915	1.7196930000000001	8.211951	0.06806784082777885	-0.017453292519943295	-0.07853981633974483	-0.5017	-0.4747	-0.8428
161.0	5.136515999999999	1.70694	8.215875	0.09599310885968812	-0.020943951023931952	-0.09599310885968812	-0.5011	-0.4784	-0.8424
162.0	5.153193	1.7000730000000002	8.212932	0.10297442586766545	-0.0017453292519943296	-0.0942477796076938	-0.5018	-0.4814	-0.8421
163.0	5.167908000000001	1.7000730000000002	8.214894000000001	0.10297442586766545	-0.0017453292519943296	-0.0942477796076938	-0.5004	-0.4829	-0.8414
164.0	5.1728130000000005	1.711845	8.21097	0.12566370614359174	0.029670597283903602	-0.10471975511965978	-0.4963	-0.4849	-0.8408
165.0	5.1777180000000005	1.738332	8.203122	0.13264502315156904	0.022689280275926284	-0.10297442586766545	-0.4966	-0.4855	-0.8399
166.0	5.1904710000000005	1.7344080000000002	8.184483	0.13962634015954636	0.03665191429188092	-0.10821041362364843	-0.4956	-0.4861	-0.8394
167.0	5.215977	1.718712	8.177616	0.15009831567151233	0.0645771823237902	-0.12566370614359174	-0.495	-0.4874	-0.8384
168.0	5.237559000000001	1.708902	8.163882000000001	0.15184364492350666	0.07853981633974483	-0.14486232791552936	-0.4928	-0.488	-0.8377
169.0	5.234616	1.7295030000000002	8.16192	0.13788101090755203	0.10122909661567112	-0.14486232791552936	-0.4942	-0.4889	-0.8368
170.0	5.2208820000000005	1.735389	8.156034	0.13962634015954636	0.10297442586766545	-0.15707963267948966	-0.4919	-0.4896	-0.8363
171.0	5.199300000000001	1.748142	8.146224	0.13264502315156904	0.1117010721276371	-0.16755160819145562	-0.4921	-0.4889	-0.8359
172.0	5.17968	1.7795340000000002	8.130528	0.12740903539558607	0.11344640137963143	-0.17453292519943295	-0.4935	-0.4935	-0.8351
173.0	5.173794	1.819755	8.120718	0.10297442586766545	0.12042771838760874	-0.23387411976724015	-0.4927	-0.497	-0.8344
174.0	5.135535	1.866843	8.096193000000001	0.10122909661567112	0.10297442586766545	-0.24085543677521748	-0.4935	-0.5005	-0.8338
175.0	5.117877000000001	1.8413370000000002	8.101098	0.0890117918517108	0.11519173063162574	-0.22514747350726852	-0.4895	-0.5025	-0.8333
176.0	5.074713	1.8236790000000003	8.104041	0.09250245035569947	0.10122909661567112	-0.17453292519943295	-0.4869	-0.5073	-0.833
177.0	5.008005	1.819755	8.090307000000001	0.06632251157578452	0.10471975511965978	-0.13962634015954636	-0.4848	-0.5072	-0.8331
178.0	4.913829000000001	1.8119070000000002	8.08344	0.04537856055185257	0.08726646259971647	-0.07679448708775051	-0.4836	-0.5068	-0.8334
179.0	4.837311	1.800135	8.068725	0.013962634015954637	0.03665191429188092	-0.03490658503988659	-0.4814	-0.5062	-0.8334
180.0	4.802976	1.8079830000000001	8.057934000000001	-0.022689280275926284	0.020943951023931952	-0.008726646259971648	-0.4789	-0.5063	-0.833
181.0	4.754907	1.821717	8.028504	-0.09599310885968812	0.005235987755982988	0.012217304763960306	-0.4756	-0.5065	-0.8335
182.0	4.725477000000001	1.8236790000000003	8.018694	-0.1361356816555577	-0.017453292519943295	0.03665191429188092	-0.4723	-0.5015	-0.834
183.0	4.703895	1.7814960000000002	8.005941000000002	-0.13439035240356337	0.0017453292519943296	0.04537856055185257	-0.4728	-0.4982	-0.8344
184.0	4.729401	1.7177310000000001	8.021637	-0.12217304763960307	0.015707963267948967	0.024434609527920613	-0.4695	-0.4998	-0.8348
185.0	4.749021	1.7128260000000002	8.01477	-0.12391837689159739	0.041887902047863905	0.022689280275926284	-0.4732	-0.5012	-0.8353
186.0	4.7784510000000004	1.723617	8.026542000000001	-0.11344640137963143	0.05235987755982989	0.027925268031909273	-0.4738	-0.4981	-0.8355
187.0	4.823577	1.7451990000000002	8.049105	-0.09948376736367678	0.09599310885968812	-0.0017453292519943296	-0.4751	-0.5014	-0.8357
188.0	4.902057	1.782477	8.092269	-0.05061454830783556	0.1064650843716541	-0.05759586531581287	-0.4767	-0.5024	-0.8361
189.0	5.023701	1.81485	8.140338	0.013962634015954637	0.14835298641951802	-0.10122909661567112	-0.477	-0.5031	-0.8374
190.0	5.070789	1.8580140000000003	8.146224	-0.0017453292519943296	0.1710422666954443	-0.11344640137963143	-0.4764	-0.4997	-0.8386
191.0	5.11101	1.8903870000000003	8.178597	-0.006981317007977318	0.16755160819145562	-0.10821041362364843	-0.479	-0.4966	-0.8395
192.0	5.132592	1.8933300000000002	8.214894000000001	-0.0	0.16406094968746698	-0.1064650843716541	-0.4774	-0.5026	-0.8403
193.0	5.12082	1.933551	8.253153000000001	-0.006981317007977318	0.1466076571675237	-0.1064650843716541	-0.4745	-0.5068	-0.8414
194.0	5.094333	1.9884870000000001	8.285526	-0.005235987755982988	0.12042771838760874	-0.10297442586766545	-0.4788	-0.5062	-0.8421
195.0	5.05215	2.0561760000000002	8.307108000000001	0.0017453292519943296	0.09773843811168245	-0.08377580409572781	-0.4773	-0.5067	-0.8429
196.0	5.019777	2.1326940000000003	8.317899	-0.0	0.06981317007977318	-0.06632251157578452	-0.4771	-0.5073	-0.8438
197.0	4.9795560000000005	2.181744	8.319861	-0.008726646259971648	0.05585053606381855	-0.038397243543875255	-0.4748	-0.5057	-0.8444
198.0	4.926582	2.190573	8.312994000000002	-0.013962634015954637	0.0471238898038469	-0.019198621771937627	-0.4749	-0.5074	-0.845
199.0	4.838292000000001	2.1758580000000003	8.313975000000001	-0.005235987755982988	0.04537856055185257	-0.019198621771937627	-0.4751	-0.5049	-0.8453
200.0	4.795128	2.155257	8.342424000000001	-0.015707963267948967	0.008726646259971648	-0.003490658503988659	-0.4759	-0.5069	-0.8456
200.99999999999997	4.774527000000001	2.133675	8.357139	-0.008726646259971648	0.0	0.006981317007977318	-0.4723	-0.5105	-0.8456
202.0	4.750002	2.149371	8.345367000000001	-0.027925268031909273	-0.006981317007977318	0.020943951023931952	-0.4736	-0.5053	-0.8457
202.99999999999997	4.733325	2.160162	8.329671	-0.06806784082777885	-0.012217304763960306	0.048869219055841226	-0.4747	-0.5039	-0.8456
204.0	4.731363	2.1621240000000004	8.301222	-0.09599310885968812	-0.03665191429188092	0.08028514559173916	-0.4694	-0.504	-0.8462
204.99999999999997	4.732344	2.144466	8.281602	-0.11344640137963143	-0.031415926535897934	0.08726646259971647	-0.4669	-0.5006	-0.8462
206.0	4.745097	2.101302	8.266887	-0.11519173063162574	-0.022689280275926284	0.09250245035569947	-0.4677	-0.4988	-0.8461
206.99999999999997	4.763736	2.0640240000000003	8.261001	-0.12740903539558607	-0.019198621771937627	0.09599310885968812	-0.4694	-0.4957	-0.8466
208.0	4.782375	2.0473470000000002	8.247267	-0.1466076571675237	-0.020943951023931952	0.09250245035569947	-0.4673	-0.492	-0.8471
209.0	4.805919	2.031651	8.235495	-0.1308996938995747	-0.0017453292519943296	0.0890117918517108	-0.4686	-0.4932	-0.8473
210.0	4.82652	2.002221	8.221761	-0.1361356816555577	0.0	0.0715584993317675	-0.469	-0.4893	-0.8479
211.0	4.83633	1.9894680000000002	8.216856	-0.143116998663535	0.0	0.0645771823237902	-0.4675	-0.4867	-0.8483
212.0	4.862817	1.9570950000000003	8.21097	-0.14835298641951802	-0.0017453292519943296	0.06806784082777885	-0.4686	-0.488	-0.8488
213.0	4.896171	1.915893	8.217837000000001	-0.1361356816555577	0.005235987755982988	0.0645771823237902	-0.4683	-0.486	-0.8494
214.0	4.916772	1.879596	8.231571	-0.1308996938995747	0.008726646259971648	0.05235987755982989	-0.4741	-0.4845	-0.8501
215.0	4.939335	1.845261	8.246286000000001	-0.12566370614359174	0.006981317007977318	0.0471238898038469	-0.4765	-0.4884	-0.851
216.0	4.950126000000001	1.821717	8.255115	-0.11693705988362008	0.010471975511965976	0.041887902047863905	-0.4759	-0.4864	-0.852
217.0	4.9540500000000005	1.793268	8.266887	-0.10297442586766545	0.012217304763960306	0.04014257279586958	-0.4771	-0.4872	-0.8528
218.00000000000003	4.961898000000001	1.7589329999999999	8.278659000000001	-0.0942477796076938	0.0	0.031415926535897934	-0.4807	-0.4867	-0.8531
219.0	4.957974	1.7442180000000003	8.274735000000002	-0.09250245035569947	0.008726646259971648	0.029670597283903602	-0.4783	-0.4879	-0.8537
220.00000000000003	4.955031	1.738332	8.281602	-0.08377580409572781	0.0017453292519943296	0.026179938779914945	-0.4788	-0.4899	-0.854
221.0	4.955031	1.723617	8.281602	-0.0645771823237902	0.008726646259971648	0.019198621771937627	-0.4828	-0.4885	-0.8545
222.00000000000003	4.942278000000001	1.7275410000000002	8.295336	-0.06632251157578452	-0.005235987755982988	0.03490658503988659	-0.4836	-0.4869	-0.8549
223.0	4.929525	1.7275410000000002	8.28945	-0.07853981633974483	-0.038397243543875255	0.029670597283903602	-0.4835	-0.4864	-0.8556
224.00000000000003	4.9236390000000005	1.7177310000000001	8.293374	-0.07330382858376185	-0.03316125578789226	0.03490658503988659	-0.4813	-0.484	-0.8558
225.0	4.909904999999999	1.7285220000000001	8.293374	-0.08552113334772216	-0.0471238898038469	0.04537856055185257	-0.4812	-0.4774	-0.8561
225.99999999999997	4.89519	1.738332	8.293374	-0.08377580409572781	-0.08028514559173916	0.0471238898038469	-0.4811	-0.4757	-0.8564
227.0	4.889304	1.750104	8.287488	-0.07679448708775051	-0.10122909661567112	0.05235987755982989	-0.4795	-0.4748	-0.8567
227.99999999999997	4.877532	1.7765910000000003	8.292393	-0.08028514559173916	-0.12566370614359174	0.05061454830783556	-0.4765	-0.4767	-0.8571
229.0	4.889304	1.7765910000000003	8.29926	-0.07504915783575616	-0.13439035240356337	0.048869219055841226	-0.4765	-0.4741	-0.8576
229.99999999999997	4.901076	1.773648	8.302203	-0.059341194567807204	-0.1466076571675237	0.04537856055185257	-0.4756	-0.4718	-0.8576
231.0	4.9108860000000005	1.7667810000000002	8.308089	-0.04363323129985824	-0.16406094968746698	0.010471975511965976	-0.4767	-0.4716	-0.8577
231.99999999999997	4.942278000000001	1.749123	8.323785	-0.038397243543875255	-0.1710422666954443	0.003490658503988659	-0.4765	-0.472	-0.8578
233.0	4.977594	1.7422560000000002	8.336538000000001	-0.027925268031909273	-0.17976891295541594	0.0	-0.4783	-0.4721	-0.8569
234.0	4.999176000000001	1.741275	8.357139	-0.006981317007977318	-0.2234021442552742	-0.04014257279586958	-0.4803	-0.4718	-0.8564
235.0	5.014872	1.7285220000000001	8.386569	-0.005235987755982988	-0.27576202181510406	-0.06632251157578452	-0.4812	-0.4748	-0.8556
236.0	4.997214	1.7295030000000002	8.45622	-0.03665191429188092	-0.38746309394274114	-0.08203047484373349	-0.4837	-0.4761	-0.8545
237.0	4.956012	1.754028	8.559225000000001	0.005235987755982988	-0.5846852994181004	-0.031415926535897934	-0.4875	-0.4757	-0.853
238.0	4.810824	1.70694	8.771121	0.23911010752322315	-0.9320058205649719	0.015707963267948967	-0.4904	-0.4735	-0.8508
239.0	4.772565	1.69713	8.924157	0.2792526803190927	-1.0471975511965976	0.03665191429188092	-0.4959	-0.4746	-0.8474
240.0	4.729401	1.6833960000000001	9.087984	0.2897246558310587	-1.293288975727798	0.05061454830783556	-0.5012	-0.4751	-0.8436
241.0	4.720572000000001	1.6657380000000002	9.269469	0.2007128639793479	-1.567305668290908	0.06283185307179587	-0.5029	-0.4761	-0.8387
242.0	4.683294	1.6637760000000001	9.455859	0.1710422666954443	-1.8936822384138476	0.08552113334772216	-0.5086	-0.4766	-0.8324
243.00000000000003	4.641111	1.6824150000000002	9.652059000000001	0.09599310885968812	-2.199114857512855	0.09773843811168245	-0.5146	-0.4771	-0.825
244.0	4.603833	1.720674	9.824715000000001	0.019198621771937627	-2.5080381351158514	0.1780235837034216	-0.5248	-0.4745	-0.8152
245.00000000000003	4.556745	1.7922870000000002	10.000314000000001	0.0890117918517108	-2.8448866807507573	0.2583087292951608	-0.5375	-0.4735	-0.8037
246.0	4.5243720000000005	1.8442800000000001	10.151388	0.0890117918517108	-3.0159289474462017	0.30717794835100204	-0.549	-0.4755	-0.7903
247.00000000000003	4.496904	1.918836	10.278918	0.020943951023931952	-3.385938748868999	0.4886921905584123	-0.5628	-0.477	-0.7744
248.0	4.540068	2.082663	10.274994000000001	-0.05061454830783556	-3.8048177693476384	0.7853981633974483	-0.5794	-0.4726	-0.7565
249.00000000000003	4.457664	2.27592	10.326006	-0.21467549799530256	-4.317944569433972	1.1641346110802178	-0.5965	-0.4714	-0.7361
250.0	4.329153000000001	2.4691769999999997	10.348569	-0.3944444109507185	-5.0649454892875445	1.5341444125030157	-0.6182	-0.4688	-0.712
250.99999999999997	4.190832	2.706579	10.395657000000002	-0.45553093477052004	-6.045820528908357	1.9216075064457567	-0.6407	-0.4616	-0.6848
252.0	4.044663	2.997936	10.515339	-0.38222710618675815	-6.5467300242307305	2.1624629432209743	-0.6636	-0.4524	-0.6527
252.99999999999997	3.9769740000000002	3.2912550000000005	10.61442	-0.07853981633974483	-7.5153877590875835	2.542944720155738	-0.692	-0.4395	-0.6148
254.0	4.4301960000000005	3.349134	10.827297	0.23911010752322315	-7.974409352362091	2.670353755551324	-0.719	-0.4284	-0.5711
254.99999999999997	5.566194	3.0048030000000003	11.018592	0.7644542123735163	-7.810348402674625	2.333505209916418	-0.7482	-0.414	-0.5217
256.0	7.251552	2.675187	11.010744	0.9634217471008699	-7.269296334556382	1.879719604397893	-0.7783	-0.3977	-0.466
257.0	8.950644	2.304369	10.993086000000002	0.9634217471008699	-7.269296334556382	1.879719604397893	-0.8051	-0.3816	-0.413
258.0	10.732140000000001	2.765439	11.383524000000001	0.773180858633488	-5.126032013107346	1.6720254234105676	-0.8277	-0.3686	-0.3502
259.0	12.510693000000002	3.183345	11.784753	0.773180858633488	-5.126032013107346	1.6720254234105676	-0.8471	-0.3506	-0.2909
260.0	13.354353	3.6228330000000004	12.348828	0.5113814708343386	-2.192133540504878	1.6004669240788003	-0.8611	-0.3307	-0.2293
261.0	12.794202	4.0691880000000005	12.652938	0.04014257279586958	-0.6806784082777885	1.3805554383275145	-0.8758	-0.3132	-0.1708
262.0	11.863233000000001	4.24773	12.756924000000001	0.36477381366681483	-0.7382742735936013	0.8011061266653973	-0.8878	-0.2952	-0.1173
263.0	12.013326	4.4145	13.062015	0.5707226654021458	0.3036872898470133	0.5323254218582705	-0.8945	-0.2813	-0.0705
264.0	10.894005000000002	4.742154	13.148343	0.6283185307179586	0.8377580409572782	0.25481807079117214	-0.8952	-0.2682	-0.0314
265.0	9.116433	5.437683000000001	13.248405000000002	0.6283185307179586	0.8377580409572782	0.25481807079117214	-0.8928	-0.255	-0.0001
266.0	6.609978	6.001758000000001	13.259196	0.778416846389471	1.2915436464758039	-0.13264502315156904	-0.8872	-0.2432	0.0214
267.0	4.103523	6.5658330000000005	13.269987	0.778416846389471	1.2915436464758039	-0.13264502315156904	-0.8816	-0.2314	0.0431
268.0	1.5519420000000002	6.2685900000000006	12.885435	0.778416846389471	1.2915436464758039	-0.13264502315156904	-0.8785	-0.2227	0.0519
269.0	-0.635688	5.733945	12.523446	1.481784534943186	2.787290815434944	-1.007054978400728	-0.8759	-0.216	0.0575
270.0	-1.7128260000000002	5.163984	12.006459000000001	1.478293876439197	3.3702307856010503	-1.3055062804917585	-0.8747	-0.2201	0.0545
271.0	-1.330236	4.543011	11.677824	1.3055062804917585	3.9130281829712867	-1.5254177662430441	-0.8723	-0.2225	0.0479
272.0	-0.505215	4.066245	11.427669000000002	1.1763519158441782	4.110250388446646	-1.7086773377024487	-0.8686	-0.2284	0.0366
273.0	-0.8220780000000001	3.526695	10.960713	0.9005898940290741	4.406956361285682	-1.7697638615222502	-0.8637	-0.2348	0.0216
274.0	-0.33844500000000005	3.008727	10.571256	0.635299847725936	4.581489286485115	-1.848303677861995	-0.8602	-0.2454	0.003
275.0	0.18344700000000003	2.461329	10.185723000000001	0.40840704496667307	4.63210383479295	-1.8901915799098588	-0.8558	-0.2562	-0.019
276.0	0.975114	1.9600380000000002	10.097433000000002	0.30194196059501904	4.661774432076855	-1.9774580425095754	-0.8547	-0.268	-0.0444
277.0	1.832508	1.4489370000000001	10.057212	0.2617993877991494	4.689699700108763	-2.054252529597326	-0.8546	-0.2812	-0.0737
278.0	2.771325	0.965304	10.088604	0.22863813201125716	4.754276882432554	-2.090904443889207	-0.8508	-0.2998	-0.1074
279.0	3.4560630000000003	0.75537	10.166103	0.19896753472735357	4.815363406252355	-2.092649773141201	-0.8459	-0.3161	-0.1425
280.0	4.135896	0.607239	10.315215000000002	0.12740903539558607	4.949753758655919	-2.0437805540853597	-0.8379	-0.3302	-0.1805
281.0	4.867722	0.48951900000000004	10.525149	0.10122909661567112	5.152211951887261	-1.9722220547535925	-0.8289	-0.3442	-0.2215
282.0	5.604453	0.46008899999999997	10.804734	0.08726646259971647	5.25693170700692	-1.911135530933791	-0.8141	-0.3624	-0.2644
283.0	6.370614	0.513063	11.152989000000002	0.1064650843716541	5.302310267558774	-1.900663555421825	-0.7978	-0.3815	-0.3094
284.0	7.117155	0.64746	11.579723999999999	0.09948376736367678	5.246459731494955	-1.9373154697137058	-0.7773	-0.4014	-0.3554
285.0	7.891164000000001	0.850527	12.043737	0.0645771823237902	5.162683927399227	-2.0018926520374962	-0.7515	-0.4195	-0.4014
286.0	8.674983000000001	1.159542	12.545028	0.041887902047863905	5.1155600375953805	-2.0437805540853597	-0.7193	-0.4405	-0.4455
287.0	9.513738	1.52055	13.059072	-0.020943951023931952	5.044001538263612	-2.0629791758572975	-0.6854	-0.4571	-0.4876
288.0	10.391733	1.9109880000000001	13.542705000000002	-0.09599310885968812	5.002113636215749	-2.0263272615654166	-0.6474	-0.4709	-0.5272
289.0	11.31093	2.323989	13.935105000000002	-0.21467549799530256	4.974188368183839	-1.9582594207376378	-0.6076	-0.4858	-0.5641
290.0	12.264462	2.765439	14.175450000000001	-0.36477381366681483	4.935791124639964	-1.8657569703819383	-0.5681	-0.4998	-0.5982
291.0	13.234671	3.2932170000000003	14.199975	-0.4886921905584123	4.857251308300219	-1.6650441064025905	-0.5281	-0.5144	-0.629
292.0	14.288264999999999	3.8867220000000002	13.935105000000002	-0.5672320068981571	4.8118727477483665	-1.413716694115407	-0.4874	-0.5236	-0.6574
293.0	15.443883000000001	4.395861	13.367106000000001	-0.5899212871740833	4.562290664713177	-1.3107422682477414	-0.4454	-0.5321	-0.6821
294.0	16.723107000000002	4.611681000000001	12.417498	-0.2583087292951608	4.234168765338244	-1.0821041362364843	-0.407	-0.5384	-0.7044
295.0	18.468306000000002	4.35564	10.848879000000002	0.62482787221397	3.9793506945470716	-0.6911503837897546	-0.3728	-0.5474	-0.724
296.0	20.487204000000002	3.0891690000000005	8.384607	2.302089283380521	3.4714598822167217	-0.6702064327658225	-0.3401	-0.5526	-0.7412
297.0	22.384458000000002	1.429317	5.223825	3.3161255787892263	2.2287854547967587	-0.5672320068981571	-0.3066	-0.5622	-0.7551
298.0	23.544981000000003	0.545436	1.9561140000000001	2.34223185617639	0.619591884457987	0.4799655442984406	-0.2806	-0.5698	-0.7656
299.0	23.672511	0.458127	-0.885843	1.4486232791552935	-0.28623399732707	1.1536626355682518	-0.2566	-0.581	-0.7734
300.0	23.410584000000004	0.542493	-3.079359	-0.24609142453120045	-1.7400932642383466	2.132792345937071	-0.2397	-0.5905	-0.7791
301.0	23.186916	0.344331	-4.487094	-0.7766715171374766	-2.419026343264141	2.2794000031045942	-0.2258	-0.5987	-0.7824
302.0	23.084892000000004	-0.138321	-5.170851000000001	-0.2007128639793479	-2.209586833024821	1.6824973989225338	-0.2233	-0.6056	-0.7828
303.0	23.029956	-0.586638	-5.3405640000000005	0.10122909661567112	-1.2671090369478832	0.2775073510670984	-0.2261	-0.6109	-0.7808
304.0	21.983229	0.51993	-4.529277	-2.558652683423687	-2.138028333693054	-0.2059488517353309	-0.2306	-0.613	-0.7778
305.0	18.298593	0.9947340000000001	-3.032271	-0.7312929565856241	-3.74896723328382	-1.1955505376161157	-0.2395	-0.6157	-0.7736
306.0	14.255892000000001	2.4515190000000002	-0.701415	-0.7312929565856241	-3.74896723328382	-1.1955505376161157	-0.2518	-0.6171	-0.7694
307.0	10.213191	4.260483000000001	2.265129	-0.7312929565856241	-3.74896723328382	-1.1955505376161157	-0.2656	-0.6171	-0.7667
308.0	6.787539	5.234616	5.295438	-0.7312929565856241	-3.74896723328382	-1.1955505376161157	-0.2797	-0.6164	-0.7653
309.0	4.243806	5.355279	7.924518	-0.7312929565856241	-3.74896723328382	-1.1955505376161157	-0.2943	-0.6114	-0.7647
310.0	3.690522	4.285989000000001	10.113128999999999	0.15184364492350666	-1.1676252695842066	1.2514010736799344	-0.3176	-0.6046	-0.7567
311.0	2.9586959999999998	3.383469	11.698425	0.15184364492350666	-1.1676252695842066	1.2514010736799344	-0.34	-0.6011	-0.7489
312.0	0.981981	4.574403	11.782791000000001	-0.6108652381980153	-2.7960174616949156	0.6108652381980153	-0.359	-0.5963	-0.7394
313.0	-1.191915	5.783976	11.62485	-0.6108652381980153	-2.7960174616949156	0.6108652381980153	-0.3763	-0.5916	-0.7304
314.0	-2.525094	5.67999	10.825334999999999	-0.6108652381980153	-2.7960174616949156	0.6108652381980153	-0.3931	-0.5899	-0.7206
315.0	-1.754028	6.642351000000001	9.91791	-0.6108652381980153	-2.7960174616949156	0.6108652381980153	-0.4075	-0.5866	-0.711
316.0	-0.982962	7.603731000000001	9.011466	-0.6108652381980153	-2.7960174616949156	0.6108652381980153	-0.4219	-0.5832	-0.7014
317.0	-0.21189600000000003	8.565111	8.104041	-0.6108652381980153	-2.7960174616949156	0.6108652381980153	-0.4364	-0.5799	-0.6918
318.0	0.558189	9.526491	7.196616000000001	-0.6108652381980153	-2.7960174616949156	0.6108652381980153	-0.4508	-0.5765	-0.6822
319.0	1.330236	10.487871	6.289191000000001	-0.6108652381980153	-2.7960174616949156	0.6108652381980153	-0.4652	-0.5732	-0.6727
320.0	0.346293	12.396897000000001	5.263065	-0.6108652381980153	-2.7960174616949156	0.6108652381980153	-0.4667	-0.5713	-0.6705
321.0	-0.63765	14.305923	4.23792	-0.6108652381980153	-2.7960174616949156	0.6108652381980153	-0.4682	-0.5694	-0.6684
322.0	-0.05297400000000001	13.050243000000002	4.688199	-0.17453292519943295	-0.15358897417550102	0.14486232791552936	-0.4733	-0.563	-0.668
323.0	0.5287590000000001	11.820069000000002	5.122782	-0.1117010721276371	-0.1466076571675237	0.10821041362364843	-0.4813	-0.5549	-0.6673
324.0	1.1134350000000002	10.590876	5.545593	-0.06283185307179587	-0.143116998663535	0.0645771823237902	-0.4872	-0.5478	-0.6666
325.0	1.6932060000000002	9.372474	5.946822	-0.04537856055185257	-0.12566370614359174	0.05061454830783556	-0.4969	-0.5427	-0.6656
326.0	2.2749390000000003	8.170749	6.330393	-0.04363323129985824	-0.13264502315156904	0.048869219055841226	-0.5049	-0.5363	-0.6648
327.0	2.8449	6.978834000000001	6.711021000000001	-0.05759586531581287	-0.12217304763960307	0.048869219055841226	-0.512	-0.5302	-0.6641
328.0	3.399165	5.754546	7.094592	-0.05235987755982989	-0.12566370614359174	0.061086523819801536	-0.5208	-0.5246	-0.663
329.0	3.9534300000000004	4.530258	7.479144	-0.05235987755982989	-0.12566370614359174	0.061086523819801536	-0.5296	-0.5189	-0.6618
330.0	4.507695	3.306951	7.862715000000001	-0.05235987755982989	-0.12566370614359174	0.061086523819801536	-0.5384	-0.5133	-0.6607
331.0	5.062941	2.082663	8.247267	-0.05235987755982989	-0.12566370614359174	0.061086523819801536	-0.5473	-0.5077	-0.6595
332.0	5.03253	2.114055	8.180559	-0.05235987755982989	-0.12566370614359174	0.061086523819801536	-0.551	-0.5084	-0.6588
333.0	5.004081	2.119941	8.130528	-0.05235987755982989	-0.12566370614359174	0.061086523819801536	-0.5517	-0.511	-0.6582
334.0	4.997214	2.141523	8.086383000000001	-0.19722220547535926	-0.0890117918517108	0.11693705988362008	-0.558	-0.5104	-0.6582
335.0	5.008005	2.1160170000000003	8.068725	-0.19198621771937624	-0.05235987755982989	0.10995574287564276	-0.5581	-0.5081	-0.6583
336.0	5.016834	2.06991	8.071668	-0.16755160819145562	-0.054105206811824215	0.08028514559173916	-0.5607	-0.5053	-0.6584
337.0	5.033511	2.009088	8.074611	-0.11868238913561441	-0.031415926535897934	0.07330382858376185	-0.5637	-0.5037	-0.6585
338.0	5.063922	1.9884870000000001	8.079516	-0.10122909661567112	-0.026179938779914945	0.054105206811824215	-0.5653	-0.5004	-0.6589
339.0	5.0835420000000004	1.995354	8.080497000000001	-0.10297442586766545	-0.022689280275926284	0.07330382858376185	-0.5668	-0.5005	-0.6595
340.0	5.107086	2.008107	8.081478	-0.11868238913561441	-0.019198621771937627	0.07853981633974483	-0.5677	-0.4979	-0.6598
341.0	5.135535	2.017917	8.074611	-0.12740903539558607	-0.019198621771937627	0.0715584993317675	-0.5706	-0.4965	-0.6599
342.0	5.161041	2.013993	8.080497000000001	-0.09773843811168245	-0.019198621771937627	0.06981317007977318	-0.5734	-0.4943	-0.6607
343.0	5.191452	1.9943730000000002	8.094231	-0.08377580409572781	-0.024434609527920613	0.05759586531581287	-0.5739	-0.4911	-0.6613
344.0	5.202243	1.944342	8.118756000000001	-0.05585053606381855	-0.04014257279586958	0.03665191429188092	-0.5691	-0.488	-0.6618
345.0	5.197338000000001	1.9296270000000002	8.129547	-0.027925268031909273	-0.05235987755982989	0.026179938779914945	-0.5708	-0.4871	-0.6621
346.0	5.198319000000001	1.9257030000000002	8.139357	-0.020943951023931952	-0.05061454830783556	0.012217304763960306	-0.5714	-0.4873	-0.662
347.0	5.202243	1.935513	8.147205000000001	-0.005235987755982988	-0.06806784082777885	0.0	-0.5737	-0.4873	-0.662
348.0	5.205186	1.949247	8.155053	-0.0017453292519943296	-0.06806784082777885	0.0	-0.5709	-0.487	-0.6619
349.0	5.214015	1.939437	8.177616	0.024434609527920613	-0.11344640137963143	-0.013962634015954637	-0.5725	-0.4837	-0.6614
350.0	5.216958000000001	1.917855	8.211951	0.0471238898038469	-0.143116998663535	-0.0471238898038469	-0.5735	-0.4792	-0.6611
351.0	5.209110000000001	1.879596	8.274735000000002	0.0890117918517108	-0.21467549799530256	-0.0715584993317675	-0.5726	-0.4772	-0.6609
352.0	5.185566	1.822698	8.345367000000001	0.13962634015954636	-0.3735004599267865	-0.09250245035569947	-0.5744	-0.4794	-0.6595
353.0	5.117877000000001	1.768743	8.432676	0.1954768762233649	-0.43982297150257105	-0.08377580409572781	-0.5759	-0.4808	-0.6582
354.0	4.947183	1.71675	8.60337	0.3455751918948773	-0.7609635538695277	-0.05235987755982989	-0.5835	-0.4829	-0.6559
355.0	4.913829000000001	1.6608330000000002	8.728938000000001	0.4852015320544236	-1.0018189906447452	-0.09075712110370514	-0.5846	-0.4817	-0.653
356.0	4.864779	1.5539040000000002	8.861373	0.630063859969953	-1.2723450247038663	-0.1117010721276371	-0.5875	-0.4865	-0.6487
357.0	4.8167100000000005	1.446975	9.025200000000002	0.7417649320975901	-1.5917402778188285	-0.12042771838760874	-0.588	-0.4858	-0.6431
358.0	4.756869	1.441089	9.225324	0.7993607974134029	-1.9774580425095754	-0.0890117918517108	-0.5968	-0.488	-0.6356
359.0	4.667598	1.5990300000000002	9.460764000000001	0.778416846389471	-2.4329889772800954	-0.0017453292519943296	-0.6027	-0.4902	-0.6261
360.0	4.591080000000001	1.7962110000000002	9.660888	0.7941248096574199	-2.6459191460234033	0.015707963267948967	-0.6078	-0.497	-0.6144
361.0	4.508676	1.9816200000000002	9.846297000000002	0.7766715171374766	-3.097959422289935	0.06283185307179587	-0.6151	-0.4989	-0.6002
362.0	4.397823	2.143485	10.051326	0.7696902001294994	-3.6163222101322505	0.1361356816555577	-0.6222	-0.4998	-0.5827
363.0	4.284027	2.276901	10.283823	0.7819075048934596	-4.30572726467001	0.26878070480712674	-0.6339	-0.5025	-0.5617
364.0	4.226148	2.372058	10.498662000000001	0.7696902001294994	-5.2412237437389715	0.4642575810304917	-0.6432	-0.5054	-0.537
365.0	3.999537	2.507436	10.84005	0.7504915783575618	-6.380923745291269	0.7592182246175333	-0.6596	-0.5135	-0.5073
366.0	3.709161	2.849805	11.251089	0.8168140899333461	-6.97782634947333	0.9686577348568529	-0.6766	-0.5106	-0.4725
367.0	3.362868	3.218661	11.602287000000002	1.075122819228507	-8.260643349689161	1.4451326206513049	-0.6985	-0.512	-0.431
368.0	3.174516	3.40407	11.8701	1.3107422682477414	-9.142034621946298	1.8308503853420517	-0.7162	-0.5088	-0.3821
369.0	3.166668	3.373659	12.041775000000001	1.4433872913993107	-10.648253766417405	1.9093902016817965	-0.7337	-0.5038	-0.3254
370.0	3.148029	3.3108750000000002	12.236013000000002	1.4433872913993107	-10.648253766417405	1.9093902016817965	-0.7531	-0.4981	-0.2709
371.0	5.194395	3.17844	12.200697000000002	1.8186330805780915	-9.48586448458918	1.2426744274199626	-0.7705	-0.4942	-0.1993
372.0	7.574301	3.277521	11.832822	1.9233528356977512	-8.607963870836032	1.1588986233242349	-0.7813	-0.4862	-0.1231
373.0	9.99639	3.4187849999999997	11.413935	1.9233528356977512	-8.607963870836032	1.1588986233242349	-0.7901	-0.4783	-0.0505
374.0	12.453795000000001	4.43412	12.009402	1.260127719939906	-6.389650391551241	1.460840583919254	-0.7934	-0.4681	0.0302
375.0	14.944554000000002	5.414139	12.531294	1.260127719939906	-6.389650391551241	1.460840583919254	-0.7918	-0.4537	0.1053
376.0	15.425244000000001	5.643693000000001	13.079673	0.6667157742618339	-0.5235987755982988	1.160643952576229	-0.7895	-0.4392	0.1762
377.0	14.546268	5.658408	13.621185	0.7941248096574199	0.22514747350726852	1.371828792067543	-0.7847	-0.4249	0.2389
378.0	14.609052000000002	5.850684000000001	14.053806000000002	0.9756390518648302	0.9477137838329209	1.4852751934471744	-0.7819	-0.413	0.2917
379.0	14.375574	6.010587	14.53842	0.9005898940290741	1.9669860669976094	1.6214108751027323	-0.7785	-0.3995	0.3327
380.0	13.31217	6.0880860000000006	14.672817	0.9110618695410401	2.012364627549462	1.616174887346749	-0.7779	-0.384	0.3719
381.0	10.196514000000002	6.265647	15.029901	0.9110618695410401	2.012364627549462	1.616174887346749	-0.7771	-0.3679	0.3914
382.0	7.207407000000001	6.351975	15.471351	0.7766715171374766	2.829178717482808	1.5795229730548683	-0.783	-0.3526	0.3977
383.0	4.452759	6.3676710000000005	15.862770000000001	0.9232791743050003	3.5866516128483474	1.2374384396639797	-0.7907	-0.334	0.4004
384.0	1.825641	5.600529	15.061293000000003	1.007054978400728	4.333652532701921	0.8395033702092726	-0.8013	-0.3183	0.3865
385.0	-0.801477	4.833387	14.259816	1.007054978400728	4.333652532701921	0.8395033702092726	-0.8119	-0.3026	0.3726
386.0	-1.3008060000000001	4.7048760000000005	13.184640000000002	0.8761552845011534	5.077162794051504	0.08028514559173916	-0.8235	-0.2902	0.347
387.0	-0.38749500000000003	4.754907	12.151647	0.8761552845011534	5.077162794051504	0.08028514559173916	-0.8343	-0.2775	0.3218
388.0	-0.35414100000000004	4.639149	11.136312	0.4886921905584123	5.668829410477582	-0.6457718232379019	-0.8464	-0.269	0.2883
389.0	-0.169713	4.6538640000000004	10.097433000000002	0.20943951023931956	5.742133239061344	-0.9651670763528641	-0.8593	-0.2627	0.2515
390.0	0.917235	4.662693	9.400923	0.04537856055185257	5.838126347921032	-1.3124875974997359	-0.8641	-0.2615	0.212
391.0	2.057157	4.676427	8.735805	-0.08028514559173916	5.852088981936987	-1.6283921921107094	-0.8698	-0.2597	0.1673
392.0	2.883159	4.594023	8.317899	-0.16231562043547265	5.927138139772744	-1.8989182261698305	-0.873	-0.2654	0.1223
393.0	3.54141	4.595985000000001	8.002017	-0.19722220547535926	5.948082090796675	-2.0106192982974678	-0.8733	-0.2749	0.0758
394.0	4.141782	4.606776	7.875468	-0.2879793265790644	5.981243346584567	-2.192133540504878	-0.8753	-0.2864	0.0275
395.0	4.8167100000000005	4.657788	7.806798	-0.3839724354387525	6.045820528908357	-2.3492131731843675	-0.8753	-0.3028	-0.0267
396.0	5.517144	4.680351000000001	8.005941000000002	-0.4328416544945937	6.077236455444256	-2.5324727446437723	-0.8698	-0.3233	-0.0775
397.0	6.30783	4.676427	8.253153000000001	-0.4223696789826277	6.112143040484142	-2.7035150113392166	-0.8597	-0.3469	-0.1328
398.0	6.960195000000001	4.747059	8.680869000000001	-0.291469985083053	6.065019150680295	-2.813470754214859	-0.8424	-0.3706	-0.1839
399.0	7.679268000000001	4.768641	9.235134	-0.13264502315156904	5.953318078552658	-2.90248254606657	-0.8203	-0.3946	-0.2337
400.0	8.394417	4.9236390000000005	9.860031000000001	-0.041887902047863905	5.86954227445693	-2.963569069886372	-0.8011	-0.4178	-0.2821
401.0	9.056592	5.073732000000001	10.453536000000001	-0.041887902047863905	5.86954227445693	-2.963569069886372	-0.781	-0.4415	-0.3253
401.99999999999994	9.938511	5.498505000000001	11.235393	-0.04537856055185257	5.305800926062762	-3.204424506661589	-0.7547	-0.4653	-0.3699
403.0	11.134350000000001	6.083181	12.089844	-0.26878070480712674	5.237733085234983	-3.373721444105039	-0.726	-0.4883	-0.4133
404.0	12.619584	6.7031730000000005	12.836385	-0.5585053606381855	5.412266010434417	-3.574434308084387	-0.6925	-0.5144	-0.4547
405.0	14.202918	7.223103	13.421061000000002	-0.6649704450098396	5.379104754646524	-3.735004599267865	-0.6559	-0.5361	-0.494
405.99999999999994	15.719544	7.723413000000001	13.905675	-0.6649704450098396	5.379104754646524	-3.735004599267865	-0.622	-0.5562	-0.528
407.0	17.217531	7.648857	13.798746000000001	-0.07330382858376185	5.192354524683131	-3.743731245527837	-0.5792	-0.581	-0.5618
408.0	18.924471	7.624332000000001	13.273911	-0.19024088846738194	4.761258199440531	-3.1904618726456344	-0.5384	-0.6043	-0.5928
409.0	20.840364	7.489935	12.115350000000001	-0.33510321638291124	4.408701690537677	-2.4172810140121466	-0.4942	-0.6287	-0.6214
409.99999999999994	22.885749	6.926841	10.054269	0.1832595714594046	4.002039974822998	-1.0314895879286488	-0.4479	-0.6515	-0.6476
411.00000000000006	24.932115000000003	5.316039000000001	6.895449	2.0525072003453313	3.3108895910332428	0.25132741228718347	-0.4017	-0.6781	-0.6727
412.0	26.659656000000002	2.976354	3.077397	3.1956978604016175	1.6510814723866356	1.0088003076527223	-0.3606	-0.6987	-0.6892
413.0	27.549423	1.592163	-0.543474	2.9461157773664284	0.6684611035138281	1.5760323145508794	-0.3233	-0.7201	-0.6993
413.99999999999994	28.087011000000004	0.12360600000000001	-4.1378580000000005	2.9461157773664284	0.6684611035138281	1.5760323145508794	-0.29	-0.7367	-0.7056
415.00000000000006	28.451943000000004	-1.286091	-7.628256	2.9461157773664284	0.6684611035138281	1.5760323145508794	-0.2619	-0.7528	-0.708
416.0	28.817856000000003	-2.6967689999999997	-11.118654	2.9461157773664284	0.6684611035138281	1.5760323145508794	-0.2339	-0.7689	-0.7104
417.0	29.112156000000002	-3.507075	-14.065578	2.9461157773664284	0.6684611035138281	1.5760323145508794	-0.2193	-0.7772	-0.7082
418.0	28.109574000000002	-3.417804	-14.098932000000001	-1.816887751326097	-0.8342673824532895	-1.6598081186466074	-0.2166	-0.7811	-0.7045
419.00000000000006	24.045291	-2.724237	-12.365505	-1.7802358370342162	-1.371828792067543	-0.8936085770210968	-0.2213	-0.7827	-0.7003
420.0	17.914041	-3.6238140000000003	-9.499023000000001	-0.6335545184739416	-4.057890510886816	-1.0524335389525807	-0.235	-0.7826	-0.6935
421.0	14.405985	-5.096295	-6.721812000000001	0.6876597252857658	-7.857472292478471	-0.767944870877505	-0.2496	-0.782	-0.6839
422.0	14.405985	-4.28697	-2.919456	0.22689280275926285	-4.979424355939822	0.6736970912698113	-0.2688	-0.7788	-0.6745
423.00000000000006	14.863131	-3.416823	1.148751	-0.23736477827122882	-2.131047016685076	1.424188669627373	-0.2903	-0.7751	-0.6668
424.0	13.005117000000002	-2.586897	4.588137000000001	-0.013962634015954637	-1.9774580425095754	0.7243116395776468	-0.3178	-0.7707	-0.6576
425.0	9.918891000000002	-1.376343	7.12206	-0.027925268031909273	-3.118903373313867	0.048869219055841226	-0.3411	-0.7645	-0.6474
426.0	7.2397800000000005	-0.334521	9.715824	-0.6859143960337715	-3.380702761113016	0.5899212871740833	-0.3708	-0.7597	-0.6354
426.99999999999994	5.884038	0.118701	12.807936000000002	-0.8272860654453121	-2.670353755551324	0.9477137838329209	-0.4005	-0.7557	-0.6234
428.0	5.683914000000001	-0.317844	13.150305000000001	-0.6911503837897546	-1.361356816555577	0.7278022980816354	-0.4207	-0.7497	-0.6108
429.0	7.4938590000000005	-0.301167	12.000573000000001	-1.0995574287564276	-1.1728612573401895	0.7278022980816354	-0.4424	-0.7456	-0.5976
430.0	10.992105	1.1369790000000002	10.725273	-0.9896016858807849	-1.1135200627723822	0.7138396640656808	-0.459	-0.7428	-0.5866
430.99999999999994	12.061395000000001	3.407013	10.815525000000001	-0.7138396640656808	-0.6230825429619757	0.5305800926062761	-0.4773	-0.7342	-0.5796
432.0	9.559845000000001	4.395861	10.189647	-0.5707226654021458	-0.4625122517784973	0.3769911184307752	-0.4932	-0.7274	-0.5742
433.0	6.8836770000000005	4.253616	8.961435	-0.5427973973702365	-0.45029494701453704	0.3612831551628262	-0.5065	-0.7211	-0.57
434.0	6.552099000000001	3.952449	8.41698	-0.4328416544945937	-0.3612831551628262	0.34033920413889424	-0.5158	-0.7127	-0.5675
434.99999999999994	7.46541	3.306951	8.735805	-0.2897246558310587	-0.2565634000431664	0.2565634000431664	-0.5283	-0.7074	-0.5658
436.00000000000006	7.935309	2.8066410000000004	8.998713	-0.158824961931484	-0.2303834612632515	0.17627825445142728	-0.5333	-0.7004	-0.5664
437.0	7.081839	2.89395	8.764254	-0.158824961931484	-0.2303834612632515	0.17627825445142728	-0.5382	-0.6925	-0.5672
438.0	6.095934	2.9067030000000003	8.735805	-0.158824961931484	-0.2303834612632515	0.17627825445142728	-0.5432	-0.6889	-0.5684
438.99999999999994	5.883057	1.9708290000000002	8.960454	-0.158824961931484	-0.2303834612632515	0.17627825445142728	-0.5461	-0.6853	-0.5694
440.00000000000006	5.847741	1.58922	9.020295	-0.158824961931484	-0.2303834612632515	0.17627825445142728	-0.5497	-0.6813	-0.5701
441.0	5.620149	1.998297	8.898651000000001	-0.158824961931484	-0.2303834612632515	0.17627825445142728	-0.5505	-0.6798	-0.5708
442.0	5.406291	1.9247220000000003	8.827038000000002	-0.16406094968746698	-0.21118483949131386	0.12566370614359174	-0.5534	-0.6779	-0.5716
443.0	5.3582220000000005	1.810926	8.755425	-0.1954768762233649	-0.20420352248333654	0.1413716694115407	-0.556	-0.6755	-0.5714
444.00000000000006	5.285628	1.918836	8.629857000000001	-0.24958208303518914	-0.20769418098732523	0.158824961931484	-0.5582	-0.6765	-0.5711
445.0	5.218920000000001	1.982601	8.541567	-0.27576202181510406	-0.18151424220741028	0.16057029118347832	-0.5598	-0.6734	-0.5714
446.0	5.2032240000000005	2.044404	8.455239	-0.25481807079117214	-0.15533430342749532	0.13788101090755203	-0.5626	-0.67	-0.571
447.0	5.187528	2.106207	8.368911	-0.25481807079117214	-0.15533430342749532	0.13788101090755203	-0.5653	-0.6666	-0.5705
448.00000000000006	5.170851000000001	2.16801	8.282583	-0.25481807079117214	-0.15533430342749532	0.13788101090755203	-0.568	-0.6632	-0.5701
449.0	5.155155	2.229813	8.195274000000001	-0.25481807079117214	-0.15533430342749532	0.13788101090755203	-0.5708	-0.6597	-0.5696
450.0	5.149269	2.269053	8.107965	-0.11693705988362008	-0.026179938779914945	0.08552113334772216	-0.5729	-0.6571	-0.5694
451.0	5.142402000000001	2.3269320000000002	8.021637	-0.1117010721276371	-0.020943951023931952	0.0715584993317675	-0.5771	-0.6527	-0.5691
451.99999999999994	5.182623	2.332818	8.008884	-0.08726646259971647	0.0	0.06632251157578452	-0.5792	-0.6502	-0.5693
453.0	5.235596999999999	2.323008	8.008884	-0.06981317007977318	0.013962634015954637	0.06283185307179587	-0.5805	-0.6479	-0.5698
454.0	5.282685	2.293578	8.010846	-0.06283185307179587	0.024434609527920613	0.06806784082777885	-0.5807	-0.6409	-0.5707
455.0	5.310153000000001	2.242566	8.013789	-0.04363323129985824	0.03490658503988659	0.06283185307179587	-0.5824	-0.6399	-0.5708
455.99999999999994	5.320944	2.201364	8.020656	-0.04363323129985824	0.031415926535897934	0.05759586531581287	-0.5831	-0.6412	-0.5712
457.0	5.3248679999999995	2.166048	8.029485000000001	-0.022689280275926284	0.013962634015954637	0.038397243543875255	-0.5839	-0.6412	-0.5716
458.0	5.331735	2.135637	8.040276	-0.017453292519943295	0.013962634015954637	0.048869219055841226	-0.5848	-0.6403	-0.572
459.0	5.325849000000001	2.1160170000000003	8.037333	-0.03665191429188092	0.008726646259971648	0.04537856055185257	-0.5891	-0.6405	-0.5727
459.99999999999994	5.2974000000000006	2.1454470000000003	8.052048000000001	-0.04363323129985824	0.0	0.048869219055841226	-0.5898	-0.6403	-0.5732
461.00000000000006	5.273856	2.155257	8.07363	-0.06632251157578452	-0.029670597283903602	0.048869219055841226	-0.5909	-0.6415	-0.5737
462.0	5.235596999999999	2.165067	8.125623000000001	-0.08377580409572781	-0.10995574287564276	0.05235987755982989	-0.5914	-0.6422	-0.5743
463.0	5.167908000000001	2.1326940000000003	8.214894000000001	-0.027925268031909273	-0.23736477827122882	0.06806784082777885	-0.5902	-0.6421	-0.5746
463.99999999999994	5.014872	2.0757960000000004	8.371854	0.11344640137963143	-0.5044001538263612	0.09250245035569947	-0.5907	-0.6438	-0.5736
465.00000000000006	4.974651000000001	2.042442	8.493498	0.18500490071139894	-0.6998770300497261	0.059341194567807204	-0.593	-0.6462	-0.5729
466.0	4.901076	1.9708290000000002	8.626914	0.32288591161895097	-0.9669124056048586	0.006981317007977318	-0.5948	-0.6478	-0.5711
467.0	4.851045	1.83447	8.780931	0.39968039870670147	-1.1152653920243765	-0.019198621771937627	-0.5976	-0.6466	-0.5679
468.0	4.817691	1.645137	8.957511	0.5235987755982988	-1.4625859131712482	-0.0890117918517108	-0.5996	-0.6469	-0.5633
469.00000000000006	4.781394000000001	1.572543	9.212571	0.5515240436302081	-1.8692476288859268	-0.09599310885968812	-0.6017	-0.6485	-0.5567
470.0	4.725477000000001	1.632384	9.470574000000001	0.6335545184739416	-2.2846359908605773	-0.03490658503988659	-0.6074	-0.6483	-0.5478
471.0	4.631301000000001	1.812888	9.712881	0.6667157742618339	-2.7419122548830916	0.019198621771937627	-0.6134	-0.6492	-0.536
472.0	4.5626310000000005	1.975734	9.925758	0.6161012259539983	-3.1747539093776855	0.0942477796076938	-0.6209	-0.6481	-0.521
473.00000000000006	4.481208	2.125827	10.137654000000001	0.5881759579220891	-3.7454765747798313	0.2303834612632515	-0.6306	-0.6463	-0.5036
474.0	4.445892	2.245509	10.348569	0.5916666164260777	-4.070107815650776	0.3368485456349056	-0.6422	-0.6488	-0.4832
475.0	4.245768	2.3387040000000003	10.704672	0.5672320068981571	-4.8799405885761455	0.635299847725936	-0.6496	-0.6492	-0.4587
476.0	3.985803	2.640852	11.076471	0.4572762640225143	-6.000441968356506	1.101302758008422	-0.6646	-0.6453	-0.4296
476.99999999999994	3.606156	3.21768	11.494377	0.43458698374658805	-7.421139979479889	1.7837264955382048	-0.6785	-0.6437	-0.3952
478.0	3.144105	3.808242	11.929941	0.6422811647339133	-8.775515479027488	2.410299697004169	-0.6923	-0.6396	-0.3547
479.0	2.877273	4.279122	12.155571000000002	0.7382742735936013	-10.002481943179504	2.802998778702893	-0.7079	-0.6325	-0.3067
480.0	2.9017980000000003	4.325229	12.381201	0.9389871375729493	-10.620328498385495	2.762856205907024	-0.7242	-0.627	-0.2505
480.99999999999994	3.997575	3.841596	12.602907	1.7749998492782333	-10.76344549704903	2.2252947962927703	-0.7363	-0.6159	-0.1867
482.0	6.247008000000001	3.409956	12.480282	2.3527038316883564	-9.679596031560552	1.6877333866785167	-0.7467	-0.6057	-0.1159
483.0	8.689698	3.6826740000000004	12.232089	2.3125612588924866	-8.580038602804125	1.6475908138826472	-0.7547	-0.595	-0.0393
484.0	11.100015	4.634244	12.523446	1.8500490071139892	-7.232644420264501	1.9617500792416265	-0.7566	-0.5821	0.0399
484.99999999999994	13.782069000000002	5.543631	13.179734999999999	1.2915436464758039	-4.640830481052922	1.6091935703387719	-0.7618	-0.563	0.1192
486.00000000000006	15.747993000000001	6.273495	13.798746000000001	0.26878070480712674	-1.6493361431346414	1.764527873766267	-0.7581	-0.5475	0.1945
487.0	15.465465000000002	6.623712	14.228424	-0.20245819323134223	-0.3089232776029963	1.8395770316020235	-0.7577	-0.5328	0.2623
488.0	14.587470000000001	6.824817	14.491332000000002	-0.317649923862968	-0.0890117918517108	1.481784534943186	-0.7605	-0.5173	0.322
488.99999999999994	15.053445	7.02396	14.95044	-0.2932153143350474	0.9093165402890457	1.2828170002158321	-0.7597	-0.5023	0.3715
490.00000000000006	14.498199000000001	7.228008000000001	15.241797000000002	-0.317649923862968	1.9373154697137058	1.1641346110802178	-0.7602	-0.489	0.4075
491.0	12.276234	7.799931000000001	15.150564000000001	-0.1413716694115407	2.029817920069405	0.9040805525330626	-0.7645	-0.48	0.4308
492.0	9.092889	8.435619	15.273189	-0.15358897417550102	2.441715623540067	0.8115781021773633	-0.7737	-0.4667	0.441
493.0	5.872266000000001	8.347329	15.449769	-0.0	2.8605946440187062	0.6283185307179586	-0.7848	-0.4568	0.4398
494.00000000000006	2.967525	7.591959000000001	14.95044	0.09250245035569947	3.155555287605748	0.46600291028248597	-0.8023	-0.4427	0.4283
495.0	-0.005886	6.92586	13.896846000000002	0.23736477827122882	3.8170350741115984	0.10821041362364843	-0.8207	-0.4327	0.4078
496.0	-2.170953	6.284286	12.844233	0.23736477827122882	3.8170350741115984	0.10821041362364843	-0.8419	-0.4225	0.3859
497.0	-1.7814960000000002	5.799672	11.803392	0.3385938748868999	4.928809807631986	-0.6667157742618339	-0.8638	-0.415	0.3551
498.00000000000006	-0.687681	5.493600000000001	10.829259000000002	0.2722713633111154	5.276130328778859	-1.0192722831646885	-0.8822	-0.4102	0.3193
499.0	-1.036917	5.207148000000001	9.770760000000001	0.005235987755982988	5.501277802286126	-1.3299408900196792	-0.8997	-0.4068	0.2783
500.0	-0.5591700000000001	5.206167	8.845677	-0.1308996938995747	5.558873667601939	-1.5254177662430441	-0.9192	-0.4031	0.2343
501.0	0.5483790000000001	5.24835	8.313975000000001	-0.1308996938995747	5.558873667601939	-1.5254177662430441	-0.9363	-0.3997	0.1925
501.99999999999994	1.614726	5.12082	7.969644000000001	-0.4293509959906051	5.791002458117186	-1.8727382873899157	-0.9484	-0.4028	0.14
503.0	2.655567	5.047245	7.713603	-0.4799655442984406	5.876523591464907	-2.080432468377241	-0.9586	-0.4074	0.0834
504.0	3.4511580000000004	5.013891	7.5242700000000005	-0.4799655442984406	5.876523591464907	-2.080432468377241	-0.9643	-0.4165	0.0306
505.0	4.095675	4.966803	7.41636	-0.4799655442984406	5.876523591464907	-2.080432468377241	-0.9684	-0.4258	-0.0174
505.99999999999994	4.970727000000001	5.024682	7.547814	-0.39793506945470714	6.17148423505195	-2.743657584135086	-0.9675	-0.4435	-0.0848
507.0	5.717268	5.134554	7.852905000000001	-0.41015237421866746	6.202900161587847	-2.8448866807507573	-0.9559	-0.4624	-0.1485
508.0	6.476562	5.3023050000000005	8.253153000000001	-0.4188790204786391	6.202900161587847	-2.963569069886372	-0.9436	-0.4816	-0.2135
509.0	7.202502	5.455341000000001	8.76033	-0.30543261909900765	6.094689747964199	-2.9792770331543204	-0.9224	-0.5007	-0.278
509.99999999999994	7.934328	5.544612000000001	9.36855	-0.03316125578789226	5.862560957448952	-2.9967303256742635	-0.8973	-0.5215	-0.3421
511.00000000000006	8.774064000000001	5.613282000000001	10.069965	0.3612831551628262	5.522221753310058	-3.0473448739820994	-0.863	-0.546	-0.411
512.0	9.675603	5.855589	10.834164000000001	0.5759586531581288	5.223770451219028	-3.134611336581816	-0.8238	-0.5708	-0.4701
513.0	10.813563	6.3980820000000005	11.724912000000002	0.4799655442984406	5.12777734235934	-3.256784384221419	-0.7825	-0.5963	-0.5261
514.0	12.337056	7.1073450000000005	12.710817000000002	0.3612831551628262	5.176646561415182	-3.3894294073729876	-0.733	-0.6209	-0.5856
515.0	14.138172	7.869582	13.58685	0.03316125578789226	5.372123437638547	-3.6442474781641603	-0.6761	-0.6499	-0.6484
516.0	15.771537	8.138376000000001	14.076369000000001	-0.07504915783575616	5.270894341022875	-3.7803831598197175	-0.618	-0.6717	-0.6944
517.0	17.258733000000003	7.536042	13.994946000000002	0.5602506898901798	5.192354524683131	-4.045673206122856	-0.5562	-0.6937	-0.7356
518.0	18.921528000000002	7.143642	13.600584000000001	0.34732052114687156	4.808382089244378	-3.4941491624926475	-0.4906	-0.7133	-0.7708
519.0	20.872737	6.8679809999999994	12.532275000000002	-0.3665191429188092	4.492477494633404	-2.356194490192345	-0.4255	-0.7321	-0.8015
520.0	22.951476	6.292134	10.429011	-0.28099800957108706	4.265584691874142	-0.7225663103256524	-0.3573	-0.747	-0.8272
521.0	24.921324000000002	4.609719	7.064181	0.4677482395344803	4.035201230610889	0.10821041362364843	-0.2964	-0.7592	-0.8473
522.0	26.667504	2.220003	3.205908	2.436479635784084	2.34223185617639	1.1728612573401895	-0.24	-0.7734	-0.861
523.0	28.089954000000002	-0.455184	-0.8328690000000001	2.436479635784084	2.34223185617639	1.1728612573401895	-0.1885	-0.7837	-0.8711
524.0	29.124909000000002	-3.2961600000000004	-4.965822	2.436479635784084	2.34223185617639	1.1728612573401895	-0.1452	-0.7949	-0.8777
525.0	28.464696000000004	-3.853368	-7.087725000000001	0.09599310885968812	-2.1886428820008894	3.244567079457459	-0.1154	-0.8031	-0.8768
526.0	28.139985000000003	-3.900456	-8.412075000000002	-0.4921828490624009	-1.9966566642815131	2.3893557459802373	-0.0937	-0.8077	-0.8733
527.0	27.973215000000003	-3.264768	-8.759349	-0.5393067388662478	-1.6947147036864938	1.6441001553786585	-0.0872	-0.8095	-0.8688
528.0	26.971614000000002	-2.8262610000000006	-8.937891	-0.9651670763528641	-0.5497787143782138	-0.31066860685499065	-0.0841	-0.8105	-0.8655
529.0	24.156144	-1.5117209999999999	-7.805817	-3.406882699892931	-2.080432468377241	-0.13264502315156904	-0.0914	-0.8106	-0.8628
530.0	18.620361	-2.7006930000000002	-4.988385	-1.3735741213195374	-4.576253298729132	-0.6771877497737998	-0.1064	-0.811	-0.8583
531.0	14.597280000000001	-4.098618	-1.674567	0.1466076571675237	-6.743952229706089	-0.7260569688296411	-0.128	-0.8102	-0.8528
532.0	14.513895000000002	-3.496284	2.299464	-0.317649923862968	-4.106759729942658	0.6318091892219474	-0.1541	-0.8047	-0.8482
533.0	14.308866	-1.9796580000000001	6.568776	-0.32637657012293964	-1.8535396656179781	1.377064779823526	-0.1836	-0.7971	-0.8433
534.0	12.143799000000001	-0.007848	10.167084000000001	-0.27401669256310973	-1.5498523757709646	1.3788101090755203	-0.2133	-0.7909	-0.8378
535.0	9.98658	0.40417200000000003	11.296215	-0.22165681500327983	-2.558652683423687	0.5131268000863328	-0.2394	-0.7838	-0.835
536.0	7.657686	0.973152	11.59542	-0.9546951008408983	-3.7210419652519104	0.30019663134302466	-0.2673	-0.7765	-0.8318
537.0	6.674724	0.6817950000000002	11.874024	-1.3508848410436112	-2.9530970943744053	0.8063421144213803	-0.2916	-0.7682	-0.8281
538.0	6.739470000000001	-0.5375880000000001	12.352752000000002	-1.1676252695842066	-1.2758356832078548	1.0262536001726656	-0.3203	-0.7612	-0.8229
539.0	7.411455	-1.8070020000000002	12.009402	-1.069886831472524	-1.1519173063162575	0.7016223593017206	-0.3485	-0.7513	-0.8159
540.0	10.33974	-0.012753	10.845936	-0.9878563566287906	-0.8412486994612669	0.6963863715457375	-0.3735	-0.7433	-0.8099
541.0	12.053547	2.2788630000000003	10.647774	-0.7819075048934596	-0.5864306286700948	0.5689773361501514	-0.3942	-0.7344	-0.8063
542.0	9.68247	3.304008	10.015029	-0.3892084231947355	-0.2059488517353309	0.2932153143350474	-0.4111	-0.7244	-0.8047
543.0	7.255476000000001	3.7611540000000003	9.008523	-0.25481807079117214	-0.10297442586766545	0.2181661564992912	-0.4264	-0.7173	-0.8033
544.0	6.7414320000000005	3.738591	8.659287	-0.20245819323134223	-0.10122909661567112	0.18675022996339324	-0.4414	-0.7081	-0.8026
545.0	7.651800000000001	2.877273	8.85843	-0.11344640137963143	-0.07504915783575616	0.13264502315156904	-0.4536	-0.6975	-0.8031
546.0	8.312994000000002	1.720674	9.242982000000001	-0.03316125578789226	-0.1064650843716541	0.08726646259971647	-0.4632	-0.6894	-0.8042
547.0	7.539966	1.601973	9.166464000000001	-0.010471975511965976	-0.11868238913561441	0.054105206811824215	-0.4686	-0.6819	-0.8055
548.0	6.2990010000000005	2.3651910000000003	8.987922000000001	0.015707963267948967	-0.15533430342749532	0.04537856055185257	-0.4752	-0.6773	-0.8062
549.0	5.946822	2.1670290000000003	8.894727	0.020943951023931952	-0.16057029118347832	0.024434609527920613	-0.4787	-0.6752	-0.8068
550.0	5.855589	1.7147880000000002	8.885898000000001	0.029670597283903602	-0.16406094968746698	0.010471975511965976	-0.4833	-0.6718	-0.8073
551.0	5.461227	2.09934	8.588655	0.04014257279586958	-0.17278759594743864	0.006981317007977318	-0.4863	-0.6694	-0.807
552.0	5.200281	2.3612670000000002	8.441505000000001	0.020943951023931952	-0.1954768762233649	-0.005235987755982988	-0.4889	-0.6718	-0.8056
553.0	5.107086	2.300445	8.369892	-0.015707963267948967	-0.21118483949131386	0.0	-0.4886	-0.6712	-0.8045
554.0	5.060979000000001	2.277882	8.292393	-0.03316125578789226	-0.2181661564992912	0.006981317007977318	-0.4913	-0.6698	-0.8036
555.0	5.0099670000000005	2.33478	8.218818	-0.1117010721276371	-0.2007128639793479	0.04363323129985824	-0.4921	-0.6689	-0.8021
556.0	4.996233	2.4073740000000003	8.141319	-0.13962634015954636	-0.17278759594743864	0.059341194567807204	-0.4918	-0.6661	-0.8012
557.0	5.004081	2.433861	8.071668	-0.14486232791552936	-0.12740903539558607	0.08028514559173916	-0.4958	-0.663	-0.8001
558.0	5.044302	2.431899	8.008884	-0.1361356816555577	-0.0890117918517108	0.09250245035569947	-0.4971	-0.66	-0.7993
559.0	5.062941	2.4083550000000002	7.981416	-0.11693705988362008	-0.05061454830783556	0.08377580409572781	-0.4983	-0.6584	-0.7983
560.0	5.082561	2.409336	7.958853	-0.09599310885968812	-0.013962634015954637	0.07504915783575616	-0.4988	-0.6581	-0.7975
561.0	5.103162	2.418165	7.933347	-0.09250245035569947	-0.010471975511965976	0.08203047484373349	-0.5005	-0.6551	-0.7972
562.0	5.136515999999999	2.426013	7.906860000000001	-0.06981317007977318	0.0	0.0715584993317675	-0.5023	-0.6507	-0.7974
563.0	5.180661000000001	2.386773	7.889202000000001	-0.06283185307179587	0.013962634015954637	0.061086523819801536	-0.5043	-0.6491	-0.7977
564.0	5.226768000000001	2.358324	7.891164000000001	-0.05235987755982989	0.008726646259971648	0.048869219055841226	-0.5032	-0.649	-0.7974
565.0	5.265027	2.312217	7.902936	-0.05235987755982989	0.029670597283903602	0.061086523819801536	-0.5048	-0.6487	-0.798
566.0	5.2895520000000005	2.250414	7.926480000000001	-0.048869219055841226	0.038397243543875255	0.054105206811824215	-0.5077	-0.649	-0.7979
567.0	5.292495	2.213136	7.951986000000001	-0.04014257279586958	0.031415926535897934	0.05585053606381855	-0.5075	-0.6538	-0.7983
568.0	5.272875	2.1758580000000003	7.990245000000001	-0.03665191429188092	0.03490658503988659	0.05235987755982989	-0.5074	-0.6555	-0.7989
569.0	5.262084	2.16801	8.026542000000001	-0.024434609527920613	-0.005235987755982988	0.03490658503988659	-0.5054	-0.6578	-0.7997
570.0	5.239521000000001	2.161143	8.06382	-0.022689280275926284	-0.04363323129985824	0.024434609527920613	-0.5045	-0.6555	-0.8002
571.0	5.214996	2.135637	8.110908	0.027925268031909273	-0.11868238913561441	-0.0017453292519943296	-0.5021	-0.6584	-0.8003
572.0	5.1904710000000005	2.09934	8.178597	0.07504915783575616	-0.2303834612632515	-0.015707963267948967	-0.5038	-0.6608	-0.8002
573.0	5.138478000000001	2.087568	8.266887	0.15533430342749532	-0.3595378259108319	-0.027925268031909273	-0.504	-0.6616	-0.7998
574.0	5.0531310000000005	2.031651	8.394417	0.19373154697137057	-0.4468042885105484	-0.03316125578789226	-0.5064	-0.66	-0.7991
575.0	4.925601	1.954152	8.559225000000001	0.3420845333908886	-0.7487462491055673	-0.026179938779914945	-0.5084	-0.6594	-0.7974
576.0	4.886361	1.896273	8.680869000000001	0.4468042885105484	-0.9704030641088472	-0.07679448708775051	-0.5099	-0.6603	-0.795
577.0	4.841235	1.8246600000000002	8.822133000000001	0.5846852994181004	-1.2304571226560024	-0.08028514559173916	-0.5112	-0.661	-0.7905
578.0	4.810824	1.7177310000000001	8.970264	0.7051130178057091	-1.5393804002589988	-0.0890117918517108	-0.5153	-0.661	-0.7846
579.0	4.771584	1.5960870000000003	9.141939	0.8063421144213803	-1.9198621771937625	-0.11693705988362008	-0.5214	-0.6615	-0.777
580.0	4.712724000000001	1.6294410000000001	9.367569	0.8255407361933178	-2.3596851486963333	-0.05759586531581287	-0.5273	-0.6632	-0.7672
581.0	4.64013	1.820736	9.583389	0.8552113334772214	-2.600540585471551	-0.008726646259971648	-0.5367	-0.6653	-0.7548
582.0	4.56165	2.0807010000000004	9.770760000000001	0.8691739674931761	-3.085742117525975	0.03665191429188092	-0.5428	-0.6658	-0.7401
583.0	4.482189	2.3131980000000003	9.949302000000001	0.8482300164692442	-3.574434308084387	0.07853981633974483	-0.5529	-0.6692	-0.7216
584.0	4.388013	2.5093980000000005	10.136673000000002	0.8569566627292158	-4.194026192542374	0.19198621771937624	-0.5641	-0.6746	-0.7002
585.0	4.270293000000001	2.666358	10.365246	0.8848819307611251	-5.054473513775579	0.3665191429188092	-0.5785	-0.6794	-0.6753
586.0	4.039758	2.8115460000000003	10.692900000000002	0.9110618695410401	-6.0842177724522335	0.6649704450098396	-0.596	-0.6859	-0.6451
587.0	3.732705	3.0685680000000004	11.140236	0.9634217471008699	-7.433357284243849	1.1309733552923256	-0.6181	-0.6887	-0.6103
588.0	3.3667920000000002	3.446253	11.550294000000001	1.0314895879286488	-8.112290363269643	1.4346606451393389	-0.6388	-0.6886	-0.5682
589.0	3.086226	3.8308050000000002	11.87991	1.1414453308042916	-9.15425192671026	1.9739673840055867	-0.6655	-0.6876	-0.5187
590.0	3.0411	4.021119	12.019212000000001	1.1536626355682518	-10.608111193621534	2.2671826983406342	-0.6923	-0.6891	-0.4604
591.0	3.7660590000000003	4.06134	12.208545	1.2671090369478832	-10.85943860590872	2.1101030656611446	-0.7223	-0.6852	-0.3937
592.0	5.755527000000001	3.833748	12.364524	1.5882496193148399	-9.738937226128359	1.6388641676226756	-0.752	-0.6774	-0.3196
593.0	7.989264	3.942639	11.954466	1.7400932642383466	-9.11410935391439	1.4538592669112764	-0.7751	-0.6676	-0.2393
594.0	10.577142	4.519467000000001	12.147723000000001	1.6790067404185451	-8.47357351843247	1.8151424220741028	-0.7949	-0.6541	-0.1535
595.0	13.230747000000001	5.155155	12.265443	1.6790067404185451	-8.47357351843247	1.8151424220741028	-0.8116	-0.6409	-0.072
596.0	15.696981000000001	5.842836	12.974706000000001	0.9529497715889039	-3.9584067435231396	0.9302604913129776	-0.8202	-0.6234	0.0134
597.0	16.324821	6.321564	13.474035	0.5288347633542818	-1.0576695267085636	0.9773843811168246	-0.8287	-0.6022	0.0931
598.0	15.369327	6.594282000000001	14.000832	0.2722713633111154	0.04014257279586958	1.2007865253720986	-0.8331	-0.5837	0.165
599.0	14.329467000000001	6.871905000000001	14.575698000000001	0.2722713633111154	0.04014257279586958	1.2007865253720986	-0.8322	-0.5647	0.2278
600.0	13.090464	7.198578	15.282018	0.2722713633111154	0.04014257279586958	1.2007865253720986	-0.829	-0.5453	0.2793
601.0	11.442384000000002	7.191711	15.486066000000001	0.42062434973063345	2.1153390534171272	1.335176877775662	-0.8254	-0.5237	0.3171
602.0	8.610237000000001	7.507593	15.510591	0.5707226654021458	2.4015730507441972	1.265363707695889	-0.8218	-0.5048	0.3431
603.0	5.737869	7.489935	16.016787	0.6422811647339133	3.056071520242071	1.1728612573401895	-0.827	-0.4839	0.3566
604.0	2.759553	6.988644000000001	15.788214	0.8569566627292158	3.7873644768276953	0.8883725892651138	-0.8371	-0.4683	0.3575
605.0	-0.073575	6.524631	15.451731	0.9634217471008699	4.513421445657337	0.5497787143782138	-0.8469	-0.4496	0.3542
606.0	-2.6977500000000005	6.0164729999999995	14.456016000000002	0.9634217471008699	4.513421445657337	0.5497787143782138	-0.8608	-0.4331	0.3406
607.0	-3.303027	5.648598	13.341600000000001	0.7295476273336297	5.558873667601939	-0.09948376736367678	-0.8762	-0.4212	0.3157
608.0	-2.2366800000000002	5.397462000000001	12.170285999999999	0.630063859969953	5.700245337013481	-0.2775073510670984	-0.8957	-0.4114	0.2841
609.0	-1.114416	5.074713	10.966598999999999	0.4485496177625427	5.880014249968895	-0.6265732014659643	-0.9167	-0.4008	0.2453
610.0	0.10791	4.719591	9.728577000000001	0.2897246558310587	6.0074232853644824	-0.9721483933608416	-0.9379	-0.3917	0.1997
611.0	0.9908100000000001	4.700952	8.943777	0.2897246558310587	6.0074232853644824	-0.9721483933608416	-0.9543	-0.3873	0.1566
612.0	1.939437	4.540068	8.413056000000001	0.09250245035569947	6.1173790282401255	-1.6057029118347832	-0.9678	-0.3879	0.0997
613.0	2.7134460000000002	4.403709	7.950024000000001	0.09250245035569947	6.1173790282401255	-1.6057029118347832	-0.9774	-0.3908	0.0455
614.0	3.381507	4.384089	7.652781000000001	-0.03316125578789226	6.190682856823886	-2.050761871093337	-0.978	-0.3997	-0.0198
615.0	3.957354	4.388013	7.548795	-0.143116998663535	6.20813614934383	-2.132792345937071	-0.9751	-0.4133	-0.0882
616.0	4.604814	4.4301960000000005	7.527213000000001	-0.25481807079117214	6.223844112611779	-2.340486526924396	-0.9686	-0.4258	-0.1627
617.0	5.2463880000000005	4.450797000000001	7.766577	-0.32986722862692824	6.255260039147677	-2.5813419636996136	-0.949	-0.4428	-0.2316
618.0	5.937012	4.506714	8.131509	-0.3595378259108319	6.234316088123745	-2.7838001569309556	-0.9232	-0.4626	-0.2999
619.0	6.683553000000001	4.651902000000001	8.596503	-0.3246312408709453	6.190682856823886	-2.935643801854462	-0.8883	-0.4838	-0.3651
620.0	7.445790000000001	4.853007	9.166464000000001	-0.18675022996339324	6.0754911261922615	-3.029891581462156	-0.8497	-0.5068	-0.4273
621.0	8.296317	5.103162	9.805095000000001	-0.09599310885968812	5.977752688080579	-3.0770154712660034	-0.8027	-0.5318	-0.493
622.0	9.141939	5.499486	10.529073	0.008726646259971648	5.633922825437696	-3.225368457685521	-0.7531	-0.557	-0.5461
623.0	10.322082	6.071409	11.409030000000001	-0.10122909661567112	5.330235535590682	-3.4836771869806817	-0.6989	-0.582	-0.6023
624.0	11.842632000000002	6.748299	12.307626	-0.33510321638291124	5.37735942539453	-3.8746309394274117	-0.6423	-0.6043	-0.6464
625.0	13.621185	7.498764	13.051224000000001	-0.7278022980816354	5.504768460790115	-4.141666314982544	-0.5843	-0.6248	-0.6858
626.0	15.456636	8.002998	13.56723	-0.9093165402890457	5.354670145118603	-4.326671215693943	-0.5205	-0.6454	-0.7209
627.0	17.203797	8.48565	14.012604	-0.9093165402890457	5.354670145118603	-4.326671215693943	-0.4662	-0.661	-0.7509
628.0	18.870516000000002	8.947701	14.38146	-0.9093165402890457	5.354670145118603	-4.326671215693943	-0.4157	-0.6737	-0.7755
629.0	20.424419999999998	9.392094	14.680665	-0.9093165402890457	5.354670145118603	-4.326671215693943	-0.3728	-0.6859	-0.796
630.0	22.482558	9.230229	12.722589	-1.101302758008422	4.185299546282402	-1.928588823453734	-0.3071	-0.6965	-0.8194
631.0	24.453387000000003	7.422246000000001	9.422505000000001	1.3788101090755203	3.405137370640937	-0.4939281783143953	-0.2489	-0.7058	-0.8385
632.0	26.286876000000003	4.7048760000000005	5.484771	3.466223894460738	2.0647245051092917	0.34033920413889424	-0.1934	-0.7167	-0.8518
633.0	27.388539	3.2922360000000004	1.894311	2.9304078140984795	0.10122909661567112	1.9669860669976094	-0.1421	-0.7277	-0.86
634.0	27.071676	2.8036980000000002	-0.9574560000000001	0.9651670763528641	-1.551597705022959	3.113667385557884	-0.1045	-0.7344	-0.8646
635.0	26.608644	2.4211080000000003	-3.0685680000000004	0.2827433388230814	-1.9984019935335073	3.2690016889853792	-0.0762	-0.7429	-0.8663
636.0	26.295705	2.345571	-4.279122	-0.5270894341022875	-2.0525072003453313	2.6790804018112957	-0.0624	-0.7515	-0.8663
637.0	25.959222	2.133675	-5.222844	-0.8325220532012952	-1.3788101090755203	1.3247049022636963	-0.0491	-0.7587	-0.8669
638.0	25.622739	1.921779	-6.166566	-0.8325220532012952	-1.3788101090755203	1.3247049022636963	-0.0359	-0.7659	-0.8676
639.0	22.189239	0.8907480000000001	-6.337260000000001	-0.8813912722571364	-3.597123588360313	-1.371828792067543	-0.0259	-0.7705	-0.8702
640.0	17.536356	-1.563714	-4.3742790000000005	0.7260569688296411	-6.476916854150957	-2.2549653935766734	-0.046	-0.7744	-0.8642
641.0	15.575337	-1.1713140000000002	-1.2900150000000001	0.5881759579220891	-6.485643500410929	-0.4014257279586958	-0.0699	-0.7776	-0.8572
642.0	15.185880000000001	-0.093195	3.079359	0.21642082724729686	-4.314453910929982	0.2530727415391778	-0.101	-0.7757	-0.8519
643.0	14.611014	0.002943	6.872886	0.15533430342749532	-1.9024088846738192	1.5114551322270893	-0.1349	-0.7732	-0.8476
644.0	13.441662	-0.356103	9.289089	0.2303834612632515	-1.4206980111233845	1.4049900478554354	-0.1638	-0.7723	-0.8436
645.0	11.309949000000001	0.035316	10.292652	0.013962634015954637	-2.504547476611863	0.5969026041820608	-0.1915	-0.7677	-0.8392
646.0	9.305766	0.75537	10.460403000000001	-1.1274826967883367	-3.2916909692613054	0.7557275661135446	-0.2152	-0.7628	-0.8341
647.0	8.383626000000001	0.672966	10.842012	-1.1693705988362009	-2.1153390534171272	0.8063421144213803	-0.2411	-0.7566	-0.8285
648.0	7.4251890000000005	-0.389457	11.307006000000001	-1.064650843716541	-1.4852751934471744	0.8709192967451704	-0.2703	-0.7506	-0.823
649.0	8.928081	-0.018639	10.867517999999999	-1.1990411961201044	-1.048942880448592	0.9093165402890457	-0.2967	-0.7441	-0.8158
650.0	10.999953	2.785059	10.386828	-1.2967796342317868	-1.059414855960558	0.767944870877505	-0.3209	-0.7376	-0.8107
651.0	10.474137	3.601251	10.274013	-1.048942880448592	-0.7155849933176751	0.6527531402458793	-0.345	-0.7297	-0.8078
652.0	8.334576	4.472379	9.376398	-0.8255407361933178	-0.4310963252425994	0.5218534463463045	-0.3645	-0.7198	-0.8066
653.0	6.747318	5.17968	8.490555	-0.6614797865058508	-0.28623399732707	0.3944444109507185	-0.3794	-0.7089	-0.8068
654.0	6.661971	5.090409	8.184483	-0.5026548245743669	-0.17627825445142728	0.32114058236695664	-0.3966	-0.6964	-0.8078
655.0	7.355538000000001	3.9730500000000006	8.596503	-0.4241150082346221	-0.13788101090755203	0.28623399732707	-0.4074	-0.6857	-0.8095
656.0	7.610598	2.482911	9.060516	-0.2932153143350474	-0.11868238913561441	0.21118483949131386	-0.419	-0.6774	-0.812
657.0	6.805197000000001	1.9247220000000003	9.024219	-0.19896753472735357	-0.10995574287564276	0.16231562043547265	-0.4291	-0.6708	-0.8142
658.0	6.025302	2.3897160000000004	8.873145000000001	-0.15707963267948966	-0.10995574287564276	0.13962634015954636	-0.4366	-0.6637	-0.8165
659.0	5.859513000000001	2.2612050000000004	8.855487	-0.13962634015954636	-0.12566370614359174	0.12217304763960307	-0.4431	-0.6585	-0.8189
660.0	5.722173000000001	1.7304840000000001	8.907480000000001	-0.16231562043547265	-0.13962634015954636	0.1291543646475804	-0.4484	-0.6566	-0.8207
661.0	5.491638	1.9237410000000001	8.747577000000001	-0.16755160819145562	-0.13788101090755203	0.13439035240356337	-0.4485	-0.6518	-0.8222
662.0	5.30721	2.1277890000000004	8.609256	-0.19024088846738194	-0.1361356816555577	0.1291543646475804	-0.4519	-0.6486	-0.8232
663.0	5.144364	2.0041830000000003	8.5347	-0.19198621771937624	-0.10821041362364843	0.12740903539558607	-0.4546	-0.6499	-0.8238
664.0	5.060979000000001	2.062062	8.412075000000002	-0.19722220547535926	-0.11519173063162574	0.1117010721276371	-0.4542	-0.6484	-0.8242
665.0	5.001138000000001	2.1621240000000004	8.320842	-0.20420352248333654	-0.10821041362364843	0.09773843811168245	-0.4595	-0.6459	-0.8249
666.0	4.98348	2.205288	8.242362	-0.21118483949131386	-0.07853981633974483	0.10471975511965978	-0.4623	-0.6419	-0.8256
667.0	4.972689000000001	2.267091	8.185464000000001	-0.18151424220741028	-0.038397243543875255	0.09773843811168245	-0.4632	-0.6394	-0.8266
668.0	4.987404	2.2621860000000003	8.160939	-0.17278759594743864	-0.026179938779914945	0.09773843811168245	-0.4642	-0.6373	-0.8275
669.0	5.019777	2.216079	8.134452000000001	-0.13788101090755203	0.003490658503988659	0.10122909661567112	-0.4664	-0.6347	-0.828
670.0	5.047245	2.139561	8.131509	-0.12042771838760874	0.005235987755982988	0.08552113334772216	-0.4698	-0.6291	-0.8286
671.0	5.067845999999999	2.0640240000000003	8.133471	-0.08552113334772216	0.008726646259971648	0.07679448708775051	-0.4729	-0.6271	-0.8292
672.0	5.075694	2.032632	8.1423	-0.061086523819801536	-0.020943951023931952	0.05235987755982989	-0.474	-0.627	-0.8296
673.0	5.090409	2.010069	8.146224	-0.038397243543875255	-0.04537856055185257	0.04014257279586958	-0.4752	-0.623	-0.8303
674.0	5.1041430000000005	2.007126	8.154072000000001	-0.03665191429188092	-0.05235987755982989	0.038397243543875255	-0.4748	-0.6189	-0.8313
675.0	5.125725	2.015955	8.143281	-0.027925268031909273	-0.03490658503988659	0.03665191429188092	-0.4706	-0.618	-0.8315
676.0	5.1267059999999995	2.015955	8.157996	-0.006981317007977318	-0.019198621771937627	0.04537856055185257	-0.4709	-0.6164	-0.8319
677.0	5.125725	1.9875060000000002	8.168787	-0.0017453292519943296	-0.026179938779914945	0.05235987755982989	-0.4707	-0.6157	-0.8317
678.0	5.110029000000001	1.962981	8.182521	0.017453292519943295	-0.05061454830783556	0.031415926535897934	-0.4696	-0.6153	-0.8315
679.0	5.105124	1.9570950000000003	8.19135	0.017453292519943295	-0.0645771823237902	0.027925268031909273	-0.4698	-0.6163	-0.8315
680.0	5.102181000000001	1.982601	8.203122	0.019198621771937627	-0.08377580409572781	0.020943951023931952	-0.4676	-0.617	-0.8315
681.0	5.086485	2.05029	8.215875	0.029670597283903602	-0.10122909661567112	0.015707963267948967	-0.4687	-0.6197	-0.8313
682.0	5.088447	2.1160170000000003	8.23059	0.041887902047863905	-0.13439035240356337	0.0017453292519943296	-0.4673	-0.6172	-0.8312
683.0	5.076675	2.155257	8.273754	0.048869219055841226	-0.20943951023931956	-0.031415926535897934	-0.4703	-0.6147	-0.8305
684.0	5.049207000000001	2.136618	8.319861	0.07679448708775051	-0.2932153143350474	-0.03490658503988659	-0.4736	-0.6183	-0.8294
685.0	4.981518	2.058138	8.425809000000001	0.14486232791552936	-0.4677482395344803	-0.026179938779914945	-0.4796	-0.6192	-0.8285
686.0	4.784337000000001	1.9100070000000002	8.652420000000001	0.3769911184307752	-0.8552113334772214	-0.017453292519943295	-0.4829	-0.6205	-0.8265
687.0	4.762755	1.753047	8.812323000000001	0.5340707511102649	-1.1257373675363425	-0.08377580409572781	-0.4887	-0.6213	-0.8239
688.0	4.7225340000000005	1.6186500000000001	8.97615	0.6056292504420324	-1.2845623294678266	-0.09599310885968812	-0.4939	-0.6249	-0.8197
689.0	4.695066000000001	1.6157070000000002	9.175293	0.6492624817418906	-1.6004669240788003	-0.10122909661567112	-0.496	-0.6264	-0.8142
690.0	4.603833	1.735389	9.434277	0.62482787221397	-2.008873969045473	-0.022689280275926284	-0.5017	-0.626	-0.807
691.0	4.538106	1.935513	9.680508000000001	0.6457718232379019	-2.4539329283040274	0.06632251157578452	-0.5092	-0.6255	-0.7982
692.0	4.462569	2.1032640000000002	9.911043	0.6161012259539983	-2.8832839242946324	0.11693705988362008	-0.5183	-0.6299	-0.7869
693.0	4.372317	2.213136	10.167084000000001	0.5864306286700948	-3.42259066316088	0.19896753472735357	-0.5296	-0.6348	-0.7736
694.0	4.258521	2.279844	10.517301000000002	0.5637413483941683	-4.077089132658754	0.312413936106985	-0.544	-0.6361	-0.7576
695.0	4.118238	2.4417090000000004	10.89891	0.5497787143782138	-4.464552226601495	0.4276056667386107	-0.5598	-0.6381	-0.7378
696.0	4.025043	2.8115460000000003	11.205963000000002	0.5201081170943103	-5.293583621298802	0.8552113334772214	-0.5794	-0.6379	-0.7145
697.0	3.5973270000000004	3.3550200000000006	11.663109	0.4310963252425994	-6.544984694978735	1.5533430342749532	-0.6005	-0.6389	-0.6861
698.0	3.091131	3.947544	12.105540000000001	0.3892084231947355	-8.229227423153263	2.241002759560719	-0.6285	-0.6361	-0.6517
699.0	2.671263	4.456683	12.495978000000001	0.317649923862968	-9.653416092780637	2.841396022246769	-0.6637	-0.6333	-0.6097
700.0	2.5093980000000005	4.690161000000001	12.699045	0.38571776469074687	-10.644763107913416	3.139847324337799	-0.6992	-0.6268	-0.5596
701.0	3.0950550000000003	4.3438680000000005	13.039452	1.19729586686811	-10.672688375945325	2.6546457922833753	-0.7351	-0.619	-0.4996
702.0	4.975632	3.734667	13.152267	1.5166911199830724	-10.183996185386913	2.3474678439323733	-0.7745	-0.6036	-0.4309
703.0	7.290792	4.0260240000000005	12.858948	1.5114551322270893	-9.304350242381771	2.057743188101315	-0.8102	-0.5857	-0.3552
704.0	9.892404	4.995252	13.330809	1.2042771838760873	-7.6497781114911465	2.291617307868555	-0.845	-0.5673	-0.2745
705.0	12.551895000000002	5.913468	13.719285000000001	1.2042771838760873	-7.6497781114911465	2.291617307868555	-0.8772	-0.549	-0.1978
706.0	15.300657000000001	6.704154000000001	14.053806000000002	1.2042771838760873	-7.6497781114911465	2.291617307868555	-0.9044	-0.5335	-0.1255
707.0	14.882750999999999	6.882696	14.434434000000001	0.14835298641951802	0.3193952531149623	1.6650441064025905	-0.9273	-0.5098	-0.0542
708.0	13.748715	6.839532000000001	14.692437000000002	0.35779249665883756	0.013962634015954637	1.192059879112127	-0.9459	-0.4859	0.0097
709.0	14.131305	6.918993	14.97987	0.6684611035138281	0.40840704496667307	1.085594794740473	-0.9603	-0.4652	0.0636
710.0	13.70457	6.957252	15.305562000000002	0.6562437987498679	1.5132004614790837	0.9320058205649719	-0.9701	-0.4472	0.1057
711.0	12.523446	7.464429000000001	15.498819000000001	0.6562437987498679	1.5132004614790837	0.9320058205649719	-0.9772	-0.4291	0.1362
712.0	9.794304	8.353215	15.440940000000001	0.6387905062299246	2.2427480888127134	0.32986722862692824	-0.9821	-0.4153	0.1509
713.0	6.660009	8.409132	15.737202000000002	0.6387905062299246	2.2427480888127134	0.32986722862692824	-0.9867	-0.4047	0.1562
714.0	3.272616	7.866639	15.177051	0.6387905062299246	2.2427480888127134	0.32986722862692824	-0.9893	-0.3947	0.1536
715.0	0.35316	7.05339	14.435415	0.8499753457212386	3.771656513559746	-0.6021385919380436	-0.9932	-0.3849	0.1398
716.0	-2.450538	6.234255	13.664349000000001	0.9704030641088472	4.375540434749784	-1.0122909661567112	-0.9954	-0.3775	0.1213
717.0	-1.8334890000000001	5.860494000000001	12.709836000000001	0.9320058205649719	4.869468613064179	-1.387536755335492	-0.9996	-0.3769	0.0924
718.0	-0.36591300000000004	5.647617	11.832822	0.7278022980816354	5.237733085234983	-1.6790067404185451	-1.0016	-0.3757	0.0576
719.0	-0.47872800000000004	5.244426	10.917549000000001	0.4380776422505767	5.450663253978291	-1.8727382873899157	-0.9991	-0.3784	0.0179
720.0	0.090252	4.952088000000001	10.063098	0.17453292519943295	5.593780252641826	-2.0210912738094335	-0.9948	-0.3828	-0.0255
721.0	0.677871	4.609719	9.216495	-0.012217304763960306	5.614724203665758	-2.1205750411731104	-0.9879	-0.3854	-0.0749
722.0	1.5794100000000002	4.127067	8.854506	-0.0645771823237902	5.625196179177724	-2.16071761396898	-0.9767	-0.3975	-0.1255
723.0	2.537847	3.6277380000000004	8.57394	-0.08377580409572781	5.644394800949661	-2.193878869756872	-0.9623	-0.4108	-0.1815
724.0	3.603213	3.136257	8.389512	-0.015707963267948967	5.703735995517469	-2.230530784048753	-0.9461	-0.4244	-0.2432
725.0	4.29678	2.985183	8.481726	0.024434609527920613	5.848598323432999	-2.2811453323565885	-0.9253	-0.4395	-0.2997
726.0	4.948164	2.9067030000000003	8.68185	0.012217304763960306	5.988224663592545	-2.333505209916418	-0.8999	-0.4552	-0.357
727.0	5.577966	2.9106270000000003	9.002637	-0.027925268031909273	6.094689747964199	-2.410299697004169	-0.8712	-0.4697	-0.4144
728.0	6.2352360000000004	2.9655630000000004	9.428391	-0.038397243543875255	6.126105674500097	-2.490584842595908	-0.8359	-0.4872	-0.4713
729.0	6.911145	3.052872	9.936549	0.029670597283903602	6.0754911261922615	-2.5150194521238287	-0.7979	-0.5024	-0.5271
730.0	7.570377000000001	3.215718	10.52613	0.22165681500327983	5.824163713905078	-2.5569073541716927	-0.756	-0.5201	-0.5807
731.0	8.36793	3.5316	11.204001	0.38222710618675815	5.375614096142535	-2.631956512007449	-0.7142	-0.5385	-0.6307
732.0	9.530415000000001	4.1123520000000005	12.096711	0.40317105721069013	5.049237526019596	-2.9251718263424964	-0.6696	-0.5495	-0.6759
733.0	10.635021000000002	4.7088	12.908979000000002	0.40317105721069013	5.049237526019596	-2.9251718263424964	-0.6281	-0.5593	-0.7156
734.0	12.306645	5.166926999999999	13.656501	0.28623399732707	5.026548245743669	-3.69660735572399	-0.5758	-0.57	-0.7514
735.0	14.036148	5.191452	14.0283	0.45029494701453704	5.112069379091391	-3.864158963915446	-0.5191	-0.5809	-0.7817
736.0	15.914763	5.425911000000001	14.148963	0.2897246558310587	5.098106745075437	-3.633775502652194	-0.4657	-0.5902	-0.8075
737.0	17.956224000000002	5.742774000000001	13.774220999999999	-0.47298422729046335	4.972443038931845	-3.0543261909900767	-0.4117	-0.597	-0.8291
738.0	20.034963	5.906601	12.779487	-1.2671090369478832	4.824090052512326	-2.2427480888127134	-0.3603	-0.6008	-0.8477
739.0	22.228479	5.733945	11.060775	-1.3229595730117016	4.5553093477052	-1.1431906600562858	-0.3126	-0.6032	-0.8629
740.0	24.372945	4.366431	8.010846	0.5637413483941683	4.167846253762459	0.2234021442552742	-0.2693	-0.6015	-0.875
741.0	26.360451	1.723617	4.138839	3.1276300195738385	2.2671826983406342	0.7400196028455958	-0.2263	-0.6064	-0.8828
742.0	27.564138000000003	-0.319806	0.301167	3.4609879067047555	1.2252211349000195	1.2269664641520137	-0.1895	-0.6099	-0.8878
743.0	27.982044	-0.9133110000000001	-2.8605960000000006	2.4312436480281012	-0.35255650890285456	2.614503219487506	-0.158	-0.6191	-0.8909
744.0	27.474867	-0.792648	-5.257179000000001	0.6894050545377601	-1.953023432981655	3.302162944773271	-0.1415	-0.6251	-0.892
745.0	27.161928000000003	-0.349236	-6.7159260000000005	-0.4852015320544236	-2.1746802479849343	3.1311206780778273	-0.1374	-0.6282	-0.8921
746.0	26.097543	0.469899	-7.1505090000000004	-2.8221974004748307	-2.343977185428385	1.5707963267948966	-0.1375	-0.6268	-0.8918
747.0	24.664302000000003	1.234098	-7.011207000000001	-3.558726344816438	-1.5184364492350666	1.8360863730980348	-0.1466	-0.6267	-0.8919
748.0	20.697138	-0.467937	-5.427873000000001	-0.9494591130849153	-4.379031093253773	-0.5166174585903216	-0.1636	-0.6266	-0.8887
749.0	16.319916	-1.6009920000000002	-3.5531820000000005	-0.4642575810304917	-5.742133239061344	-0.6667157742618339	-0.1885	-0.6268	-0.8815
750.0	15.325182000000002	-1.81485	-0.5277780000000001	-0.2897246558310587	-5.40179403492245	0.0715584993317675	-0.218	-0.6269	-0.872
751.0	14.922972000000001	-0.277623	3.8474820000000003	-0.2897246558310587	-3.0700341542580256	0.7382742735936013	-0.2523	-0.6197	-0.8635
752.0	13.902732	0.7975530000000001	7.528194	-0.15533430342749532	-1.4381513036433275	1.286307658719821	-0.2916	-0.6124	-0.8558
753.0	11.976048000000002	0.9525510000000001	9.949302000000001	-0.1064650843716541	-1.9233528356977512	0.8970992355250854	-0.3253	-0.6003	-0.8491
754.0	9.923796000000001	1.658871	11.141217	-1.1047934165124105	-3.155555287605748	0.9389871375729493	-0.3615	-0.5881	-0.8417
755.0	8.586693	2.331837	11.714121	-1.3962634015954636	-3.0665434957540367	0.9651670763528641	-0.3932	-0.5769	-0.8336
756.0	8.591598000000001	1.253718	11.81124	-1.5009831567151235	-1.9687313962496036	1.106538745764405	-0.4283	-0.5661	-0.8248
757.0	8.079516	-0.543474	11.790639	-1.2426744274199626	-0.8761552845011534	0.8901179185171081	-0.4556	-0.5585	-0.8144
758.0	9.494118	0.8103060000000001	10.860651	-1.1868238913561442	-0.8395033702092726	0.7941248096574199	-0.4816	-0.5467	-0.8056
759.0	11.617002	1.8070020000000002	10.535940000000002	-0.773180858633488	-0.34033920413889424	0.5201081170943103	-0.5044	-0.5333	-0.7989
760.0	10.185723000000001	2.5839540000000003	10.247526	-0.3839724354387525	-0.05235987755982989	0.24609142453120045	-0.5224	-0.5253	-0.7943
761.0	8.159958	2.7821160000000003	9.331272	-0.3839724354387525	-0.05235987755982989	0.24609142453120045	-0.5379	-0.5191	-0.7905
762.0	6.882696	3.3059700000000003	8.679888	-0.1780235837034216	-0.05235987755982989	0.13439035240356337	-0.5483	-0.5126	-0.7883
763.0	7.261362	3.176478	8.607294	-0.13788101090755203	-0.05585053606381855	0.13439035240356337	-0.557	-0.5051	-0.7868
764.0	8.041257	1.913931	8.957511	-0.0715584993317675	-0.05235987755982989	0.07330382858376185	-0.563	-0.4994	-0.7867
765.0	7.738128	0.7092630000000001	9.277317	-0.008726646259971648	-0.07504915783575616	0.03316125578789226	-0.5707	-0.4928	-0.7872
766.0	6.590358	0.644517	9.224343000000001	0.015707963267948967	-0.11344640137963143	0.020943951023931952	-0.5732	-0.4864	-0.7878
767.0	6.095934	1.260585	9.116433	-0.0	-0.11868238913561441	0.03316125578789226	-0.5786	-0.482	-0.7879
768.0	6.116535000000001	1.2517559999999999	9.016371000000001	-0.013962634015954637	-0.11344640137963143	0.03316125578789226	-0.5781	-0.4837	-0.7874
769.0	5.658408	1.328274	8.705394	-0.020943951023931952	-0.10995574287564276	0.038397243543875255	-0.5764	-0.4834	-0.7876
770.0	5.364108	1.8727289999999999	8.497422	-0.038397243543875255	-0.10471975511965978	0.031415926535897934	-0.5776	-0.4809	-0.7873
771.0	5.070789	2.426994	8.296317	-0.048869219055841226	-0.10122909661567112	0.031415926535897934	-0.5807	-0.477	-0.7874
772.0	5.0099670000000005	2.302407	8.26002	-0.07504915783575616	-0.12217304763960307	0.03665191429188092	-0.5815	-0.4735	-0.7868
773.0	4.99329	2.31516	8.226666	-0.09250245035569947	-0.10471975511965978	0.04014257279586958	-0.5861	-0.4723	-0.7861
774.0	4.956993	2.340666	8.200179	-0.09948376736367678	-0.10297442586766545	0.0471238898038469	-0.5887	-0.4704	-0.7848
775.0	4.950126000000001	2.3730390000000003	8.154072000000001	-0.10821041362364843	-0.09250245035569947	0.05585053606381855	-0.5882	-0.4697	-0.784
776.0	4.975632	2.358324	8.098155	-0.11344640137963143	-0.05061454830783556	0.059341194567807204	-0.5887	-0.4714	-0.783
777.0	5.003100000000001	2.281806	8.072649	-0.0942477796076938	-0.005235987755982988	0.07504915783575616	-0.5871	-0.4707	-0.7827
778.0	5.0099670000000005	2.2396230000000004	8.064801000000001	-0.07504915783575616	0.013962634015954637	0.0645771823237902	-0.5917	-0.4694	-0.7827
779.0	5.025663	2.229813	8.058915	-0.0715584993317675	0.026179938779914945	0.06806784082777885	-0.5936	-0.4699	-0.7823
780.0	5.038416	2.2445280000000003	8.051067	-0.07679448708775051	0.020943951023931952	0.08028514559173916	-0.5959	-0.4706	-0.7824
781.0	5.059998	2.2563000000000004	8.03439	-0.07504915783575616	0.020943951023931952	0.07853981633974483	-0.5961	-0.4704	-0.7826
782.0	5.084523	2.259243	8.016732000000001	-0.06806784082777885	0.029670597283903602	0.08028514559173916	-0.5971	-0.4721	-0.7828
783.0	5.105124	2.234718	8.013789	-0.0715584993317675	0.04014257279586958	0.08552113334772216	-0.5944	-0.4722	-0.7834
784.0	5.12082	2.191554	8.017713	-0.05235987755982989	0.041887902047863905	0.08028514559173916	-0.592	-0.4703	-0.7841
785.0	5.122782	2.141523	8.039295000000001	-0.05235987755982989	0.026179938779914945	0.0645771823237902	-0.5935	-0.4687	-0.7845
786.0	5.117877000000001	2.102283	8.07363	-0.024434609527920613	0.003490658503988659	0.04363323129985824	-0.5938	-0.4688	-0.7855
787.0	5.108067000000001	2.0856060000000003	8.108946	-0.005235987755982988	-0.005235987755982988	0.031415926535897934	-0.5955	-0.468	-0.7854
788.0	5.1041430000000005	2.091492	8.141319	-0.005235987755982988	-0.03490658503988659	0.03665191429188092	-0.5952	-0.4651	-0.7856
789.0	5.092371	2.087568	8.172711	-0.019198621771937627	-0.05585053606381855	0.019198621771937627	-0.5959	-0.4644	-0.786
790.0	5.093352	2.072853	8.197236	0.024434609527920613	-0.10471975511965978	0.0	-0.5963	-0.461	-0.786
791.0	5.081580000000001	2.053233	8.2404	0.026179938779914945	-0.15009831567151233	-0.019198621771937627	-0.5962	-0.4606	-0.7854
792.0	5.065884	2.0002590000000002	8.303184000000002	0.06981317007977318	-0.2234021442552742	-0.038397243543875255	-0.5967	-0.4584	-0.7845
793.0	5.025663	1.921779	8.380683	0.13264502315156904	-0.3420845333908886	-0.0645771823237902	-0.5986	-0.4565	-0.7835
794.0	4.91481	1.852128	8.528814	0.2897246558310587	-0.6056292504420324	-0.05585053606381855	-0.6016	-0.4563	-0.7819
795.0	4.814748000000001	1.8266220000000002	8.69166	0.4241150082346221	-0.8761552845011534	-0.06283185307179587	-0.6021	-0.4597	-0.7797
796.0	4.721553	1.800135	8.849601	0.4241150082346221	-0.8761552845011534	-0.06283185307179587	-0.6031	-0.4614	-0.7772
797.0	4.695066000000001	1.6441560000000002	8.979093	0.6126105674500097	-1.2583823906879115	-0.0890117918517108	-0.6067	-0.4612	-0.7729
798.0	4.665636	1.563714	9.153711000000001	0.7051130178057091	-1.562069680534925	-0.09599310885968812	-0.6128	-0.4611	-0.7668
799.0	4.605795	1.6618140000000001	9.380322000000001	0.6894050545377601	-1.9739673840055867	-0.048869219055841226	-0.618	-0.465	-0.7586
800.0	4.530258	1.8766530000000001	9.603009	0.7086036763096978	-2.413790355508158	0.05235987755982989	-0.6251	-0.4683	-0.7487
801.0	4.480227	2.0816820000000003	9.786456000000001	0.6876597252857658	-2.829178717482808	0.09250245035569947	-0.6317	-0.4687	-0.7364
802.0	4.406652	2.287692	9.98658	0.6789330790257941	-3.036872898470133	0.12566370614359174	-0.6441	-0.4724	-0.7218
802.9999999999999	4.321305000000001	2.460348	10.200438000000002	0.6614797865058508	-3.5360370645405115	0.18500490071139894	-0.6579	-0.4775	-0.7037
803.9999999999999	4.2624450000000005	2.5761060000000002	10.429992	0.6719517620178169	-4.169591583014453	0.33510321638291124	-0.6732	-0.4806	-0.682
805.0000000000001	4.196718000000001	2.657529	10.636983	0.6719517620178169	-4.169591583014453	0.33510321638291124	-0.6885	-0.4795	-0.6614
806.0	3.962259	3.066606	10.951884000000002	0.5201081170943103	-6.068509809184284	1.1309733552923256	-0.7092	-0.4776	-0.6302
807.0	3.6297	3.6522630000000005	11.346246	0.4799655442984406	-7.407177345463934	1.8046704465621368	-0.732	-0.4754	-0.5941
808.0	3.245148	4.102542000000001	11.719026000000001	0.5899212871740833	-8.646361114379909	2.4068090385001804	-0.7536	-0.4771	-0.5503
809.0	3.056796	4.379184	11.892663	0.598647933434055	-9.171705219230201	2.665117767795341	-0.78	-0.4678	-0.4985
810.0	3.126447	4.254597	12.102597000000001	0.8709192967451704	-10.283479952750591	2.762856205907024	-0.8077	-0.459	-0.4365
811.0	4.068207	3.749382	12.343923	1.5812683023068625	-10.396926354130223	2.2165681500327987	-0.8392	-0.4472	-0.3654
811.9999999999999	6.0468839999999995	3.307932	12.099654000000001	2.111848394913139	-9.532988374393028	1.6406094968746698	-0.8623	-0.4347	-0.2866
813.0000000000001	8.354196	3.6718830000000002	11.669976	1.8884462506578645	-8.442157591896573	1.733111947230369	-0.8836	-0.418	-0.2014
814.0	10.578123000000001	4.580289	11.79162	1.3700834628155487	-7.325146870620201	2.1956241990088667	-0.8999	-0.401	-0.1121
815.0	12.941352	5.353317	12.309588	0.8744099552491591	-5.141739976375296	1.7837264955382048	-0.9146	-0.3821	-0.0171
816.0	15.472332	5.79771	12.719646000000001	0.8744099552491591	-5.141739976375296	1.7837264955382048	-0.9238	-0.3641	0.0674
817.0	15.884352	6.008625	13.044357000000002	0.03665191429188092	-0.8168140899333461	1.5341444125030157	-0.9296	-0.3448	0.1482
818.0	14.919048	6.020397000000001	13.366125	-0.08028514559173916	0.27052603405912107	1.3316862192716734	-0.9318	-0.3203	0.2198
819.0	15.111324000000002	6.171471	13.656501	0.07853981633974483	0.609119908946021	1.0943214410004447	-0.9342	-0.3027	0.2809
819.9999999999999	14.952402000000001	6.476562	13.927257	-0.04014257279586958	1.8727382873899157	1.0506882097005865	-0.9322	-0.2862	0.3281
821.0000000000001	13.901751	7.170129	14.188203	-0.04014257279586958	1.8727382873899157	1.0506882097005865	-0.9278	-0.2749	0.3639
822.0000000000001	11.015649	7.744995	14.346144	0.06806784082777885	2.0472712125893486	0.7330382858376184	-0.9291	-0.2564	0.3851
823.0	8.009865	7.555662000000001	14.643387	0.07679448708775051	2.4172810140121466	0.6754424205218056	-0.9345	-0.2421	0.3945
824.0	5.350374	6.79833	14.26374	0.27576202181510406	2.909463863074547	0.3944444109507185	-0.9415	-0.2331	0.3923
825.0	2.7468000000000004	6.1842239999999995	13.441662	0.4537856055185257	3.600614246864302	-0.020943951023931952	-0.9531	-0.2243	0.3802
826.0	0.210915	5.627997000000001	12.569553	0.4852015320544236	4.2481313993541985	-0.3839724354387525	-0.9667	-0.2152	0.3632
827.0	-0.114777	5.279742000000001	11.686653000000002	0.3420845333908886	4.799655442984406	-0.6859143960337715	-0.981	-0.2107	0.3376
827.9999999999999	0.9898290000000001	5.183604	10.788057	0.3420845333908886	4.799655442984406	-0.6859143960337715	-0.9971	-0.2096	0.3117
828.9999999999999	0.8387550000000001	4.869684	9.94734	0.010471975511965976	5.298819609054785	-1.101302758008422	-1.0081	-0.2107	0.2736
830.0000000000001	0.801477	4.6793700000000005	9.074250000000001	-0.22165681500327983	5.447172595474303	-1.3020156219877697	-1.0194	-0.2136	0.2298
831.0	0.84366	4.383108	8.184483	-0.28623399732707	5.567600313861911	-1.4957471689591404	-1.0311	-0.2208	0.1793
832.0	1.7432370000000001	4.144725	7.889202000000001	-0.27052603405912107	5.614724203665758	-1.7016960206944713	-1.0368	-0.2335	0.1259
833.0	2.551581	3.9495060000000004	7.646895	-0.23212879051524585	5.672320068981571	-1.8360863730980348	-1.0367	-0.2494	0.0679
834.0	3.234357	3.8514060000000003	7.512498000000001	-0.1710422666954443	5.757841202329293	-1.9582594207376378	-1.0364	-0.2649	0.0065
835.0	3.809223	3.803337	7.523289000000001	-0.18675022996339324	5.9061941887488105	-2.028072590817411	-1.0287	-0.2833	-0.0572
836.0	4.400766	3.763116	7.663572	-0.2059488517353309	5.995205980600522	-2.054252529597326	-1.0183	-0.3025	-0.1223
836.9999999999999	5.010948000000001	3.7464390000000005	7.9362900000000005	-0.24958208303518914	6.127851003752092	-2.16071761396898	-1.0021	-0.3259	-0.1881
838.0000000000001	5.672142000000001	3.7611540000000003	8.254134	-0.2932153143350474	6.26049602690366	-2.2863813201125716	-0.9819	-0.3509	-0.2603
839.0	6.330393	3.893589	8.751501000000001	-0.28099800957108706	6.267477343911638	-2.3911010752322315	-0.9578	-0.3733	-0.3248
840.0	6.981777	4.027986	9.267507	-0.28099800957108706	6.267477343911638	-2.3911010752322315	-0.9343	-0.3942	-0.382
841.0	7.653762	4.259502	9.911043	0.15533430342749532	5.803219762881146	-2.5377087323997554	-0.8993	-0.4156	-0.4427
842.0	8.40717	4.532220000000001	10.609515	0.4642575810304917	5.24471440224296	-2.6563911215353695	-0.8594	-0.4423	-0.5008
843.0	9.421524000000002	4.980537000000001	11.445327	0.5497787143782138	4.986405672947799	-2.7576202181510405	-0.8181	-0.4636	-0.5551
844.0	10.807677	5.573061000000001	12.330188999999999	0.5899212871740833	4.8537606497962305	-3.0892327760299634	-0.7743	-0.4906	-0.6058
844.9999999999999	12.417498	6.274476	13.038471	0.317649923862968	4.904375198104066	-3.3981560536329596	-0.7295	-0.5163	-0.653
846.0000000000001	14.164659	7.069086	13.491693	-0.18675022996339324	5.01084028247572	-3.516838442768574	-0.678	-0.5431	-0.6975
847.0000000000001	15.833340000000002	7.806798	13.859568000000001	-0.18675022996339324	5.01084028247572	-3.516838442768574	-0.6301	-0.5645	-0.7358
848.0	17.45199	8.515080000000001	14.182317000000001	-0.18675022996339324	5.01084028247572	-3.516838442768574	-0.5862	-0.5843	-0.7678
849.0	19.205037	8.21097	13.467168000000001	0.027925268031909273	4.501204140893376	-3.6285395148962114	-0.5235	-0.6079	-0.8008
850.0	21.275928	8.080497000000001	12.199716	-0.4328416544945937	4.113741046950635	-2.9426251188624395	-0.4584	-0.6339	-0.8351
851.0	23.432166	7.4556000000000004	9.771741	-0.5864306286700948	3.93048147549123	-1.7174039839624204	-0.4007	-0.6533	-0.8604
852.0	25.470684000000002	5.4396450000000005	6.01353	1.2793263417118435	3.3161255787892263	-0.43458698374658805	-0.3443	-0.6694	-0.8808
852.9999999999999	27.163890000000002	3.2363190000000004	2.067948	1.2793263417118435	3.3161255787892263	-0.43458698374658805	-0.2922	-0.6856	-0.8982
853.9999999999999	28.390140000000002	0.869166	-1.999278	1.2793263417118435	3.3161255787892263	-0.43458698374658805	-0.2431	-0.6945	-0.9126
855.0000000000001	27.539613000000003	0.447336	-4.448835000000001	0.5201081170943103	-1.9687313962496036	3.0211649352021843	-0.2068	-0.7061	-0.9201
856.0	26.782281000000005	-0.12851100000000001	-6.0498270000000005	0.09250245035569947	-2.2776546738526	3.029891581462156	-0.1814	-0.7164	-0.9237
857.0	26.025930000000002	-0.70632	-7.651800000000001	0.09250245035569947	-2.2776546738526	3.029891581462156	-0.156	-0.7267	-0.9274
858.0	25.268598	-1.283148	-9.252792000000001	0.09250245035569947	-2.2776546738526	3.029891581462156	-0.1306	-0.737	-0.9311
859.0	22.050918	-2.332818	-8.427771	-0.7417649320975901	-3.693116697220001	-0.640535835481919	-0.1383	-0.738	-0.9299
860.0	18.271125	-3.183345	-6.666876	-0.13962634015954636	-5.7211892880374124	-1.064650843716541	-0.1534	-0.7379	-0.9259
861.0	16.521021	-3.655206	-4.1633640000000005	-0.10821041362364843	-5.103342732831419	-0.4834562028024293	-0.1752	-0.742	-0.9191
861.9999999999999	15.840207000000001	-2.943	-0.046107	0.06981317007977318	-3.2393310917014757	0.3961897402027128	-0.2051	-0.7409	-0.9117
863.0000000000001	14.511933	-2.065005	3.827862	0.26005405854715513	-2.3963370629882146	0.8918632477691024	-0.2366	-0.741	-0.9029
864.0	12.025098	-0.644517	7.411455	0.39793506945470714	-1.6214108751027323	1.1519173063162575	-0.271	-0.7388	-0.8933
865.0	10.789038000000001	0.092214	8.898651000000001	-0.4293509959906051	-2.2549653935766734	0.8970992355250854	-0.3008	-0.7379	-0.887
866.0	9.615762	1.3694760000000001	9.460764000000001	-1.2636183784438948	-2.588323280707591	0.8709192967451704	-0.3272	-0.7297	-0.8807
867.0	9.078174	1.4577660000000001	10.326006	-1.5446163880149817	-1.7715091907742444	1.085594794740473	-0.3596	-0.7225	-0.8742
868.0	8.35812	0.613125	11.403144000000001	-1.4224433403753787	-0.8115781021773633	1.0210176124166828	-0.3941	-0.7138	-0.8686
869.0	9.357759	1.6461180000000002	10.925397	-1.4067353771074296	-0.7958701389094143	0.9110618695410401	-0.4216	-0.7071	-0.8618
869.9999999999999	10.870461	2.447595	10.218096000000001	-1.260127719939906	-0.7155849933176751	0.8133234314293576	-0.4408	-0.6983	-0.8572
871.0000000000001	10.334835000000002	2.7311039999999998	9.968922000000001	-0.7958701389094143	-0.2129301687433082	0.4939281783143953	-0.4603	-0.6866	-0.8547
872.0000000000001	8.455239	3.412899	9.210609	-0.4520402762665313	-0.04363323129985824	0.2722713633111154	-0.4742	-0.6756	-0.8536
873.0	7.139718	4.304628	8.591598000000001	-0.32986722862692824	-0.022689280275926284	0.21118483949131386	-0.4871	-0.6666	-0.854
874.0	6.9395940000000005	4.602852	8.239419	-0.28099800957108706	0.0	0.19024088846738194	-0.4987	-0.6568	-0.8559
875.0	7.260381	3.47274	8.434638	-0.23212879051524585	0.0	0.16057029118347832	-0.5093	-0.6427	-0.8585
876.0	7.1936729999999995	1.7746290000000002	8.875107	-0.20769418098732523	-0.017453292519943295	0.15184364492350666	-0.5192	-0.6374	-0.8616
877.0	6.489315	1.240965	9.020295	-0.15184364492350666	-0.027925268031909273	0.12042771838760874	-0.5235	-0.6309	-0.8648
877.9999999999999	5.948784000000001	1.6598519999999999	8.955549000000001	-0.1291543646475804	-0.04537856055185257	0.09773843811168245	-0.523	-0.6238	-0.8673
878.9999999999999	5.956632	1.6677000000000002	8.967321	-0.143116998663535	-0.048869219055841226	0.09773843811168245	-0.5224	-0.6182	-0.8694
880.0000000000001	5.705496	1.527417	8.807418	-0.1308996938995747	-0.07504915783575616	0.09773843811168245	-0.5263	-0.6159	-0.871
881.0	5.286609	2.007126	8.496441	-0.1308996938995747	-0.05759586531581287	0.09948376736367678	-0.5231	-0.6124	-0.8723
882.0	5.146326	2.27592	8.339481	-0.12042771838760874	-0.038397243543875255	0.0715584993317675	-0.528	-0.6088	-0.8732
883.0	5.082561	2.173896	8.285526	-0.11344640137963143	-0.04537856055185257	0.07504915783575616	-0.5296	-0.6052	-0.8742
884.0	5.06196	2.1160170000000003	8.264925	-0.11344640137963143	-0.059341194567807204	0.06283185307179587	-0.534	-0.6034	-0.8748
885.0	5.035473	2.083644	8.228628	-0.11868238913561441	-0.05061454830783556	0.05585053606381855	-0.5364	-0.601	-0.875
886.0	5.018796000000001	2.08953	8.209008	-0.1361356816555577	-0.026179938779914945	0.0645771823237902	-0.5368	-0.5986	-0.8753
886.9999999999999	5.005062000000001	2.125827	8.164863	-0.12391837689159739	-0.003490658503988659	0.07679448708775051	-0.5378	-0.5972	-0.8759
888.0000000000001	5.014872	2.122884	8.127585	-0.1308996938995747	0.008726646259971648	0.07330382858376185	-0.5409	-0.5966	-0.8762
889.0	5.03253	2.07972	8.101098	-0.1291543646475804	0.008726646259971648	0.06981317007977318	-0.5407	-0.5975	-0.8766
890.0	5.037434999999999	2.036556	8.102079	-0.10821041362364843	0.017453292519943295	0.0715584993317675	-0.5405	-0.5925	-0.8773
891.0	5.04234	2.007126	8.107965	-0.09075712110370514	0.019198621771937627	0.0715584993317675	-0.5457	-0.5916	-0.8772
892.0	5.033511	2.007126	8.108946	-0.07853981633974483	0.020943951023931952	0.05585053606381855	-0.5459	-0.5933	-0.8779
893.0	5.034492	2.008107	8.106984	-0.06632251157578452	-0.0017453292519943296	0.04014257279586958	-0.5483	-0.5912	-0.8785
894.0	5.047245	2.035575	8.086383000000001	-0.0645771823237902	0.013962634015954637	0.041887902047863905	-0.5443	-0.5915	-0.8792
894.9999999999999	5.0580359999999995	2.0345940000000002	8.097174	-0.06283185307179587	0.013962634015954637	0.04363323129985824	-0.5439	-0.5932	-0.8798
896.0000000000001	5.063922	2.0120310000000003	8.102079	-0.054105206811824215	0.005235987755982988	0.04363323129985824	-0.5461	-0.5906	-0.8801
897.0000000000001	5.069808000000001	1.980639	8.131509	-0.04014257279586958	-0.010471975511965976	0.04537856055185257	-0.5454	-0.5886	-0.8804
898.0	5.072751	1.9570950000000003	8.15211	-0.04014257279586958	-0.022689280275926284	0.03665191429188092	-0.5455	-0.5886	-0.8811
899.0	5.074713	1.934532	8.177616	-0.013962634015954637	-0.0471238898038469	0.005235987755982988	-0.5471	-0.5851	-0.8812
900.0	5.077656	1.9237410000000001	8.19135	-0.0	-0.061086523819801536	0.003490658503988659	-0.5477	-0.5846	-0.881
901.0	5.084523	1.931589	8.204103000000002	0.03316125578789226	-0.08203047484373349	-0.013962634015954637	-0.5483	-0.5833	-0.8816
902.0	5.102181000000001	1.9276650000000002	8.208027000000001	0.05235987755982989	-0.09250245035569947	-0.020943951023931952	-0.5493	-0.5819	-0.8814
902.9999999999999	5.11101	1.928646	8.216856	0.05759586531581287	-0.1064650843716541	-0.027925268031909273	-0.5459	-0.5819	-0.8811
903.9999999999999	5.108067000000001	1.9129500000000002	8.249229	0.07853981633974483	-0.13962634015954636	-0.03665191429188092	-0.547	-0.5825	-0.8804
905.0000000000001	5.107086	1.9001970000000001	8.267868	0.08726646259971647	-0.17278759594743864	-0.0645771823237902	-0.5467	-0.5804	-0.8794
906.0	5.094333	1.874691	8.29926	0.0890117918517108	-0.2303834612632515	-0.0890117918517108	-0.5487	-0.5834	-0.8787
907.0	5.060979000000001	1.812888	8.352234000000001	0.12740903539558607	-0.3612831551628262	-0.10122909661567112	-0.5506	-0.5833	-0.8775
908.0	4.928544	1.7520660000000001	8.494479	0.2897246558310587	-0.6283185307179586	-0.054105206811824215	-0.5534	-0.5835	-0.8752
909.0	4.884399	1.713807	8.609256	0.39269908169872414	-0.8272860654453121	-0.0890117918517108	-0.5548	-0.5868	-0.8729
910.0	4.85595	1.6804530000000002	8.715204	0.4293509959906051	-0.9320058205649719	-0.08377580409572781	-0.5583	-0.5901	-0.8699
911.0	4.8167100000000005	1.7108640000000002	8.846658000000001	0.5009094953223726	-1.1501719770642633	-0.05235987755982989	-0.5603	-0.591	-0.8649
911.9999999999999	4.77747	1.8432990000000002	8.989884	0.47472955654245763	-1.4189526818713898	-0.006981317007977318	-0.5638	-0.5953	-0.8588
913.0000000000001	4.733325	2.017917	9.166464000000001	0.4415683007545654	-1.7086773377024487	0.054105206811824215	-0.5758	-0.5931	-0.8517
914.0	4.688199	2.153295	9.338139	0.5044001538263612	-2.05599785884932	0.10471975511965978	-0.5858	-0.5953	-0.8425
915.0	4.646997000000001	2.238642	9.526491	0.5113814708343386	-2.4469516112960497	0.13439035240356337	-0.5923	-0.5981	-0.832
916.0	4.601871	2.289654	9.717786	0.49567350756638956	-2.62846585350346	0.16755160819145562	-0.6023	-0.599	-0.8191
917.0	4.569498	2.353419	9.91791	0.49567350756638956	-3.07177948351002	0.25481807079117214	-0.6155	-0.6025	-0.8034
918.0	4.612662	2.4377850000000003	10.054269	0.4921828490624009	-3.5622170033204266	0.3543018381548489	-0.629	-0.605	-0.7852
919.0	4.5243720000000005	2.632023	10.242621000000002	0.4642575810304917	-4.098033083682686	0.5515240436302081	-0.6477	-0.6081	-0.7638
919.9999999999999	4.377222	2.9616390000000004	10.466289	0.3508111796508603	-4.776966162708479	0.9651670763528641	-0.6678	-0.6073	-0.7385
921.0000000000001	4.142763	3.284388	10.713501	0.21467549799530256	-5.784021141109208	1.4730578886832142	-0.6888	-0.6064	-0.7103
922.0000000000001	3.872988	3.5600490000000002	10.961694	0.15358897417550102	-6.974335690969341	1.960004749989632	-0.7154	-0.6026	-0.6761
923.0	3.6581490000000003	3.802356	11.195172000000001	0.17278759594743864	-7.517133088339577	2.2444934180647076	-0.7425	-0.6018	-0.6353
924.0	3.4913790000000002	3.985803	11.358018	0.2775073510670984	-8.48579082319643	2.7192229746071654	-0.7714	-0.5924	-0.5882
925.0	3.6022320000000003	3.8798550000000005	11.515959	0.7557275661135446	-9.31656754714573	2.7139869868511823	-0.8059	-0.5811	-0.5325
926.0	3.732705	3.831786	11.65428	0.7557275661135446	-9.31656754714573	2.7139869868511823	-0.8349	-0.5691	-0.4791
927.0	5.436702	3.4001460000000003	11.298177	2.0001473227855016	-8.515461420480333	1.5707963267948966	-0.8645	-0.556	-0.4076
927.9999999999999	7.162281	2.9596770000000006	10.91853	2.0001473227855016	-8.515461420480333	1.5707963267948966	-0.8925	-0.5427	-0.3393
928.9999999999999	9.150768	3.4393860000000003	10.863593999999999	1.8622663118779497	-6.349507818755371	1.663298777150596	-0.9152	-0.525	-0.258
930.0000000000001	11.03625	3.765078	11.106882000000002	1.7435839227423353	-5.497787143782138	1.6074482410867774	-0.9349	-0.5053	-0.1758
931.0	12.889359	3.932829	11.304063000000001	1.4695672301792255	-3.225368457685521	1.3683381335635545	-0.9533	-0.4851	-0.0949
932.0	13.546629000000001	4.108428	11.451213000000001	0.9826203688728075	-1.0925761117484503	1.4119713648634127	-0.9664	-0.4631	-0.0198
933.0	14.156811000000001	4.265388000000001	11.577762	0.9826203688728075	-1.0925761117484503	1.4119713648634127	-0.9751	-0.4439	0.0474
934.0	14.720886	4.515543	11.767095000000001	0.9826203688728075	-1.0925761117484503	1.4119713648634127	-0.9818	-0.4273	0.1062
935.0	14.956326	4.831425	11.777885999999999	0.8517206749732328	1.4538592669112764	1.0995574287564276	-0.9829	-0.4094	0.1533
936.0	14.309847000000001	5.051169000000001	11.581686000000001	0.8133234314293576	1.7662732030182615	0.9564404300928926	-0.9844	-0.3932	0.1985
936.9999999999999	11.806335	5.668218	11.581686000000001	0.8237954069413236	1.8570303241219668	0.8464846872172498	-0.9863	-0.3761	0.2205
938.0000000000001	9.465669	6.313715999999999	11.555199	0.7365289443416071	2.0472712125893486	0.6859143960337715	-0.9881	-0.3578	0.2403
939.0	7.002378	5.842836	11.153970000000001	0.7382742735936013	2.2636920398366454	0.43982297150257105	-0.9915	-0.3406	0.2407
940.0	4.6872180000000006	5.378823000000001	10.424106	0.7382742735936013	2.2636920398366454	0.43982297150257105	-0.9946	-0.3297	0.2357
941.0	2.5015500000000004	5.008005	9.691299	0.7382742735936013	2.2636920398366454	0.43982297150257105	-0.9978	-0.32	0.2272
942.0	1.874691	4.613643000000001	8.998713	0.5515240436302081	3.6477381366681487	-0.8377580409572782	-1.0006	-0.3167	0.2081
943.0	1.278243	4.250673000000001	8.301222	0.40840704496667307	3.876376268679406	-1.0122909661567112	-1.0066	-0.3103	0.1851
944.0	0.6759090000000001	3.8553300000000004	7.601769000000001	0.10297442586766545	4.232423436086249	-1.2897983172238097	-1.0096	-0.3056	0.1571
944.9999999999999	0.120663	3.734667	7.075953000000001	0.10297442586766545	4.232423436086249	-1.2897983172238097	-1.0137	-0.3056	0.1304
946.0000000000001	0.479709	3.5777070000000006	6.751242	-0.3141592653589793	4.5937065912490755	-1.7348572764823638	-1.0154	-0.3098	0.0953
947.0000000000001	1.187991	3.3648300000000004	6.719850000000001	-0.30543261909900765	4.71238898038469	-1.9355701404617116	-1.0144	-0.3156	0.0568
948.0	1.816812	3.07053	6.753204	-0.1710422666954443	4.876449930072156	-2.117084382669122	-1.0116	-0.3242	0.0152
949.0	2.409336	2.8655010000000005	6.866019	-0.022689280275926284	5.042256209011618	-2.234021442552742	-1.0104	-0.3397	-0.0295
950.0	3.0685680000000004	2.689902	7.020036	0.026179938779914945	5.152211951887261	-2.2549653935766734	-1.0023	-0.3568	-0.0796
951.0	3.765078	2.566296	7.223103	0.0645771823237902	5.340707511102648	-2.235766771804736	-0.9938	-0.374	-0.1353
952.0	4.174155	2.4368040000000004	7.481106	0.07853981633974483	5.480333851262195	-2.139773662945048	-0.9815	-0.3885	-0.1872
952.9999999999999	4.628358	2.282787	7.804836	0.143116998663535	5.581562947877866	-2.0402898955813713	-0.9628	-0.4108	-0.2404
953.9999999999999	5.165946	2.166048	8.194293	0.29496064358704166	5.625196179177724	-1.9687313962496036	-0.9437	-0.4309	-0.2937
955.0000000000001	5.773185000000001	2.0512710000000003	8.644572	0.4869468613064179	5.614724203665758	-1.9408061282176945	-0.9198	-0.4548	-0.3517
956.0	6.386310000000001	2.0807010000000004	9.130167	0.757472895365539	5.433209961458348	-1.9373154697137058	-0.8933	-0.4717	-0.4037
957.0	7.022979	2.195478	9.630477	0.9075712110370514	5.2831116457868355	-1.9704767255015982	-0.8664	-0.4926	-0.4541
958.0	7.796988	2.438766	10.166103	1.069886831472524	4.928809807631986	-2.087413785385218	-0.8371	-0.5113	-0.503
959.0	8.643591	2.939076	10.776285000000001	0.8447393579652555	4.513421445657337	-2.1659536017249628	-0.8032	-0.5312	-0.549
960.0	9.645192	3.5894790000000003	11.533617	0.44331363000655966	4.422664324553631	-2.333505209916418	-0.7692	-0.5519	-0.5938
961.0	10.860651	4.13982	12.332151000000001	0.16231562043547265	4.623377188532978	-2.6494098045273926	-0.7325	-0.573	-0.6366
961.9999999999999	12.143799000000001	4.604814	12.975687	0.0471238898038469	4.792674125976429	-2.9112091923265417	-0.6946	-0.5946	-0.6776
963.0000000000001	13.363182000000002	5.112972	13.352391	-0.024434609527920613	4.831071369520305	-2.981022362406315	-0.6525	-0.6137	-0.7163
964.0	14.482503	5.675085	13.454415000000001	-0.2932153143350474	4.738568919164605	-2.993239667170275	-0.6074	-0.6323	-0.7534
965.0	15.48999	6.061599	13.296474	-0.4991641660703783	4.508185457901353	-2.8902652413026098	-0.5631	-0.6459	-0.7886
966.0	16.368966	6.037074	12.892302	-0.30543261909900765	4.134684997974567	-2.827433388230814	-0.5154	-0.6642	-0.8216
967.0	17.198892	6.028245000000001	12.249747	-0.2583087292951608	3.7105699897399447	-2.5185101106278176	-0.4624	-0.6788	-0.8526
968.0	18.249543000000003	5.973309	11.126502000000002	-0.4677482395344803	3.4993851502486306	-1.9896753472735358	-0.4095	-0.6925	-0.8813
969.0	20.014362000000002	5.1061049999999994	9.115452000000001	0.1117010721276371	3.0211649352021843	-1.1798425743481666	-0.3541	-0.7007	-0.9077
969.9999999999999	21.654594	2.849805	6.035112	0.8988445647770797	2.611012560983517	-0.9424777960769379	-0.3026	-0.7073	-0.9291
971.0000000000001	22.165695000000003	0.90252	2.911608	1.726130630222392	1.075122819228507	-0.29496064358704166	-0.2564	-0.7165	-0.9461
972.0000000000001	21.662442000000002	0.259965	0.379647	0.9197885158010117	-0.5445427266222308	1.1903145498601329	-0.2149	-0.7229	-0.9593
973.0	20.939445000000003	-0.072594	-1.3341600000000002	-0.2426007660272118	-1.6371188383706812	2.0315632493213998	-0.1819	-0.7264	-0.9695
974.0	20.419515	-0.558189	-2.328894	-0.6527531402458793	-1.8325957145940461	1.9792033717615698	-0.1601	-0.729	-0.9763
975.0	20.145816	-0.9329310000000001	-2.808603	-0.44331363000655966	-1.2636183784438948	1.460840583919254	-0.1436	-0.7338	-0.9803
976.0	19.912338	-0.934893	-3.0008790000000003	0.006981317007977318	-0.5707226654021458	0.8011061266653973	-0.1364	-0.7351	-0.9823
977.0	19.323738000000002	-0.905463	-3.062682	0.11868238913561441	-0.26354471705114374	0.43982297150257105	-0.1355	-0.7352	-0.9823
977.9999999999999	18.307422000000003	-0.5817330000000001	-2.4897780000000003	-0.7871434926494426	-2.7576202181510405	-0.04537856055185257	-0.1416	-0.737	-0.9817
978.9999999999999	14.380479000000001	-0.039240000000000004	-1.901178	-1.0227629416686772	-2.118829711921116	0.40317105721069013	-0.1551	-0.7369	-0.9803
980.0000000000001	10.353474	1.0791000000000002	0.543474	-0.5323254218582705	-5.178391890667176	0.5131268000863328	-0.1745	-0.7335	-0.9782
981.0	8.804475	2.3612670000000002	3.826881	-0.4625122517784973	-4.839798015780276	0.4904375198104066	-0.198	-0.7272	-0.9757
982.0	9.967941	1.7864010000000001	6.369633	-0.4642575810304917	-3.3073989325292543	0.6021385919380436	-0.2256	-0.7224	-0.9721
983.0	10.553598000000001	1.06929	8.023599	-0.25481807079117214	-2.7296949501191317	1.1309733552923256	-0.2541	-0.7172	-0.9678
984.0	10.041516000000001	0.6837570000000001	9.089946	-0.0890117918517108	-1.9181168479417683	1.14493598930828	-0.2816	-0.7126	-0.9628
985.0	8.844696	1.114416	9.413676	-0.13962634015954636	-2.131047016685076	0.6422811647339133	-0.3099	-0.7057	-0.9565
986.0	7.820532000000001	2.142504	9.530415000000001	-1.064650843716541	-2.562143341927676	0.6876597252857658	-0.337	-0.6953	-0.9498
986.9999999999999	7.3437660000000005	2.721294	9.730539	-1.2636183784438948	-2.2549653935766734	0.7278022980816354	-0.3698	-0.6883	-0.9426
988.0000000000001	7.034751	2.363229	9.862974000000001	-1.3631021458075714	-1.5952309363228172	0.9494591130849153	-0.4026	-0.6773	-0.9348
989.0	8.715204	2.2916160000000003	10.676223	-1.2915436464758039	-0.9721483933608416	0.8674286382411819	-0.4319	-0.6662	-0.9274
990.0	10.207305	2.977335	10.578123000000001	-1.2915436464758039	-0.788888821901437	0.8429940287132611	-0.463	-0.6552	-0.9221
991.0	10.099395000000001	3.239262	9.598104000000001	-1.2915436464758039	-0.788888821901437	0.8429940287132611	-0.4878	-0.6441	-0.918
992.0	8.183502	4.104504	8.866278000000001	-1.2915436464758039	-0.788888821901437	0.8429940287132611	-0.5078	-0.6321	-0.915
993.0	7.05339	4.752945	8.413056000000001	-1.2915436464758039	-0.788888821901437	0.8429940287132611	-0.5256	-0.6212	-0.9128
994.0	6.841494000000001	5.163984	8.035371000000001	-1.2915436464758039	-0.788888821901437	0.8429940287132611	-0.5398	-0.6115	-0.9113
994.9999999999999	6.967062000000001	4.690161000000001	8.070687	-0.2897246558310587	0.16580627893946132	0.2129301687433082	-0.5524	-0.5991	-0.913
996.0000000000001	6.944499	3.6277380000000004	8.23059	-0.21467549799530256	-0.022689280275926284	0.1308996938995747	-0.5622	-0.5938	-0.9151
997.0000000000001	6.766938	2.9017980000000003	8.390493	-0.2007128639793479	0.020943951023931952	0.11868238913561441	-0.5664	-0.5852	-0.9174
998.0	6.35688	2.8076220000000003	8.384607	-0.10821041362364843	0.026179938779914945	0.09250245035569947	-0.5702	-0.5814	-0.9204
999.0	5.9939100000000005	2.80566	8.4366	-0.10471975511965978	-0.029670597283903602	0.0645771823237902	-0.5727	-0.5772	-0.923
1000.0	5.840874	2.659491	8.412075000000002	-0.0942477796076938	-0.04363323129985824	0.048869219055841226	-0.5739	-0.576	-0.9252
1001.0	5.690780999999999	2.482911	8.387550000000001	-0.06632251157578452	-0.05585053606381855	0.03490658503988659	-0.5727	-0.5722	-0.9273
1002.0	5.539707	2.301426	8.363025	-0.031415926535897934	-0.0471238898038469	0.0017453292519943296	-0.5733	-0.5678	-0.9295
1002.9999999999999	5.386671000000001	2.113074	8.337519	0.2984513020910304	-0.041887902047863905	-0.008726646259971648	-0.5742	-0.563	-0.9316
1003.9999999999999	5.2287300000000005	1.9433610000000001	8.312013	0.005235987755982988	-0.038397243543875255	-0.019198621771937627	-0.5725	-0.5596	-0.934
1005.0000000000001	5.215977	1.9080450000000002	8.288469000000001	0.026179938779914945	-0.022689280275926284	-0.015707963267948967	-0.5712	-0.5603	-0.9341
1006.0	5.2287300000000005	1.8982350000000001	8.273754	0.024434609527920613	-0.010471975511965976	-0.022689280275926284	-0.5727	-0.5596	-0.9341
1007.0	5.165946	1.933551	8.227647000000001	0.03316125578789226	0.008726646259971648	-0.03316125578789226	-0.5739	-0.558	-0.9343
1008.0	5.154174	1.9453230000000001	8.197236	0.029670597283903602	0.0	-0.031415926535897934	-0.5722	-0.5547	-0.934
1009.0	5.148288000000001	1.917855	8.162901	0.017453292519943295	0.008726646259971648	-0.031415926535897934	-0.5755	-0.5529	-0.9338
1010.0	5.122782	1.916874	8.145243	0.013962634015954637	0.013962634015954637	-0.029670597283903602	-0.5725	-0.5506	-0.9333
1011.0	5.095314	1.930608	8.129547	0.005235987755982988	0.017453292519943295	-0.006981317007977318	-0.5737	-0.5506	-0.9334
1011.9999999999999	5.069808000000001	1.9551330000000002	8.116794	0.003490658503988659	0.020943951023931952	-0.015707963267948967	-0.569	-0.5512	-0.933
1013.0000000000001	5.04234	1.999278	8.101098	-0.003490658503988659	0.005235987755982988	-0.006981317007977318	-0.5675	-0.5528	-0.9326
1014.0	5.025663	2.018898	8.091288	-0.005235987755982988	0.005235987755982988	-0.003490658503988659	-0.5702	-0.5523	-0.9324
1015.0	5.002119	2.044404	8.096193000000001	-0.026179938779914945	-0.015707963267948967	0.0	-0.5723	-0.5514	-0.9322
1016.0	4.989366	2.0640240000000003	8.094231	-0.04014257279586958	-0.024434609527920613	0.015707963267948967	-0.576	-0.551	-0.9323
1017.0	4.987404	2.0777579999999998	8.100117000000001	-0.04537856055185257	-0.017453292519943295	0.019198621771937627	-0.577	-0.5512	-0.9323
1018.0	4.989366	2.07972	8.104041	-0.04363323129985824	-0.015707963267948967	0.013962634015954637	-0.5776	-0.5521	-0.9323
1019.0	4.999176000000001	2.057157	8.11287	-0.03490658503988659	-0.019198621771937627	0.006981317007977318	-0.5778	-0.5511	-0.9323
1019.9999999999999	5.012910000000001	2.0345940000000002	8.127585	-0.019198621771937627	-0.027925268031909273	-0.0017453292519943296	-0.5805	-0.5515	-0.9325
1021.0000000000001	5.015853	2.021841	8.141319	-0.010471975511965976	-0.059341194567807204	-0.003490658503988659	-0.5806	-0.552	-0.932
1022.0000000000001	5.015853	2.023803	8.151129000000001	-0.005235987755982988	-0.06632251157578452	-0.010471975511965976	-0.5846	-0.553	-0.9322
1023.0	5.017815	2.0120310000000003	8.168787	0.005235987755982988	-0.10995574287564276	-0.020943951023931952	-0.5865	-0.5511	-0.9324
1024.0	5.020758000000001	2.007126	8.18154	0.013962634015954637	-0.11868238913561441	-0.017453292519943295	-0.5876	-0.5517	-0.9317
1025.0	5.038416	1.9796580000000001	8.190369	0.019198621771937627	-0.1308996938995747	-0.017453292519943295	-0.5858	-0.5525	-0.9314
1026.0	5.048226	1.9472850000000002	8.198217	0.03316125578789226	-0.1466076571675237	-0.03665191429188092	-0.5841	-0.5496	-0.9313
1027.0	5.055093	1.928646	8.199198	0.03490658503988659	-0.1291543646475804	-0.027925268031909273	-0.5826	-0.5483	-0.9307
1028.0	5.06196	1.934532	8.194293	0.04537856055185257	-0.143116998663535	-0.022689280275926284	-0.5833	-0.5473	-0.9297
1029.0	5.074713	1.9600380000000002	8.187426	0.04363323129985824	-0.15533430342749532	-0.020943951023931952	-0.584	-0.549	-0.9287
1030.0	5.087466	1.9767150000000002	8.168787	0.04363323129985824	-0.15533430342749532	-0.020943951023931952	-0.5852	-0.5489	-0.9277
1031.0	5.110029000000001	1.982601	8.146224	0.048869219055841226	-0.143116998663535	-0.04363323129985824	-0.5855	-0.5484	-0.9265
1032.0	5.128668000000001	1.9561140000000001	8.153091	0.07330382858376185	-0.15533430342749532	-0.054105206811824215	-0.5879	-0.546	-0.9249
1033.0	5.151231	1.9227600000000002	8.151129000000001	0.1117010721276371	-0.1832595714594046	-0.07679448708775051	-0.5888	-0.5459	-0.923
1034.0	5.180661000000001	1.9237410000000001	8.127585	0.11868238913561441	-0.17976891295541594	-0.08726646259971647	-0.5891	-0.5454	-0.922
1035.0	5.1904710000000005	1.9551330000000002	8.110908	0.12217304763960307	-0.18675022996339324	-0.07679448708775051	-0.5905	-0.5463	-0.9206
1036.0	5.211072000000001	1.9914300000000003	8.104041	0.143116998663535	-0.16406094968746698	-0.07853981633974483	-0.5923	-0.5467	-0.9183
1037.0	5.224806	2.032632	8.107965	0.15184364492350666	-0.15358897417550102	-0.059341194567807204	-0.5954	-0.5474	-0.9164
1038.0	5.2257869999999995	2.108169	8.114832000000002	0.15533430342749532	-0.158824961931484	-0.05061454830783556	-0.595	-0.5455	-0.9148
1039.0	5.215977	2.206269	8.146224	0.17627825445142728	-0.19373154697137057	-0.005235987755982988	-0.5936	-0.5464	-0.9125
1040.0	5.188509000000001	2.293578	8.197236	0.21991148575128552	-0.24783675378319478	0.06981317007977318	-0.592	-0.5448	-0.9102
1041.0	5.140440000000001	2.3906970000000003	8.272773	0.2827433388230814	-0.35255650890285456	0.1291543646475804	-0.5939	-0.5481	-0.9082
1042.0	5.096295	2.4995880000000006	8.319861	0.2827433388230814	-0.35255650890285456	0.1291543646475804	-0.594	-0.5528	-0.9063
1043.0	5.087466	2.5398090000000004	8.353215	0.24085543677521748	-0.5323254218582705	0.13962634015954636	-0.596	-0.5535	-0.9037
1044.0	5.071770000000001	2.53098	8.390493	0.23911010752322315	-0.5794493116621174	0.13439035240356337	-0.5981	-0.5541	-0.9
1045.0	5.072751	2.5015500000000004	8.414037	0.28623399732707	-0.6579891280018623	0.15009831567151233	-0.6014	-0.5566	-0.8957
1046.0	5.047245	2.531961	8.437581	0.26703537555513246	-0.7766715171374766	0.15707963267948966	-0.6044	-0.5596	-0.8911
1047.0	5.016834	2.5751250000000003	8.492517000000001	0.15707963267948966	-0.9930923443847735	0.16755160819145562	-0.6083	-0.5594	-0.8859
1048.0	4.990347000000001	2.590821	8.552358	0.0890117918517108	-1.239183768915974	0.2129301687433082	-0.6163	-0.562	-0.8802
1049.0	5.004081	2.631042	8.589636	0.11344640137963143	-1.3491395117916167	0.3787364476827695	-0.6238	-0.563	-0.8735
1050.0	5.055093	2.672244	8.59356	0.16929693744344995	-1.3823007675795091	0.6597344572538565	-0.6324	-0.5661	-0.8654
1051.0	5.1600600000000005	2.653605	8.55432	0.5462880558742251	-1.478293876439197	0.8534660042252271	-0.6434	-0.5656	-0.856
1052.0	5.275818	2.718351	8.493498	1.0768681484805014	-1.567305668290908	1.31423292675173	-0.656	-0.5635	-0.8447
1053.0	5.353317	2.968506	8.424828	1.5009831567151235	-1.6249015336067207	1.8203784098300857	-0.6682	-0.5637	-0.8324
1054.0	5.438664	3.253977	8.334576	1.8901915799098588	-1.6283921921107094	2.3247785636564466	-0.682	-0.5629	-0.8178
1055.0	5.56227	3.4953030000000003	8.204103000000002	2.2846359908605773	-1.5847589608108512	2.787290815434944	-0.6995	-0.5606	-0.8013
1056.0	5.727078000000001	3.65913	8.01477	2.6179938779914944	-1.4800392056911915	3.193952531149623	-0.7159	-0.5587	-0.7829
1057.0	5.9252400000000005	3.7778310000000004	7.761672000000001	2.7820548276789614	-1.4381513036433275	3.385938748868999	-0.7374	-0.5572	-0.7621
1058.0	6.152832	3.891627	7.4683530000000005	3.0770154712660034	-1.36659280431156	3.7454765747798313	-0.7584	-0.5527	-0.7385
1059.0	6.3549180000000005	3.965202	7.18092	3.3335788713091694	-1.2723450247038663	4.11548637620263	-0.7836	-0.5438	-0.7132
1060.0	6.557985	4.053492	6.898392000000001	3.5133477842645857	-1.18507856210415	4.427900312309614	-0.8114	-0.5325	-0.6865
1061.0	6.719850000000001	4.195737	6.629598	3.639011490408177	-1.111774733520388	4.68446371235278	-0.838	-0.5174	-0.6582
1062.0	6.8679809999999994	4.316400000000001	6.402006	3.5936329298563248	-0.9773843811168246	4.895648551844094	-0.8658	-0.5011	-0.6288
1063.0	7.005321	4.433139000000001	6.2352360000000004	3.3196162372932148	-0.8447393579652555	5.040510879759624	-0.8935	-0.4831	-0.599
1064.0	7.093611	4.5626310000000005	6.106725000000001	3.1433379828417873	-0.7627088831215221	5.089380098815465	-0.9225	-0.4591	-0.5701
1065.0	7.118136000000001	4.641111	6.020397000000001	2.993239667170275	-0.5759586531581288	5.1068333913354085	-0.9471	-0.4298	-0.5425
1066.0	7.105383000000001	4.611681000000001	5.958594000000001	3.2532937257174304	-0.3752457891787809	5.007349623971731	-0.9729	-0.3933	-0.5157
1067.0	7.072029000000001	4.557726000000001	5.914449	3.735004599267865	-0.17453292519943295	4.9549897464119015	-0.9957	-0.3596	-0.4913
1068.0	6.934689	4.391937	5.903658	4.288273972150067	0.15184364492350666	4.948008429403925	-1.0186	-0.3225	-0.469
1069.0	6.705135	4.211433	5.907582	4.761258199440531	0.5113814708343386	4.923573819876004	-1.0386	-0.2839	-0.4496
1070.0	6.4539990000000005	4.142763	5.9478029999999995	4.968952380427856	0.8709192967451704	4.935791124639964	-1.0543	-0.241	-0.4333
1071.0	6.185205	4.170231	6.039036	5.017821599483698	1.0262536001726656	4.942772441647941	-1.0686	-0.1962	-0.4209
1072.0	5.906601	4.1378580000000005	6.127326000000001	5.105088062083414	1.3578661580515883	4.890412564088111	-1.0801	-0.1533	-0.4128
1073.0	5.614263	3.996594	6.188148000000001	5.20457182944709	1.6074482410867774	4.797910113732412	-1.0904	-0.1095	-0.4093
1074.0	5.402367	3.827862	6.245046000000001	5.290092962794813	1.7523105690023069	4.6600291028248595	-1.0939	-0.0705	-0.4097
1075.0	5.263065	3.760173	6.293115	5.37386876689054	1.8151424220741028	4.447098934081552	-1.0976	-0.0306	-0.414
1076.0	5.149269	3.804318	6.334317	5.468116546498234	1.7610372152622786	4.159119607502488	-1.0989	0.0006	-0.4224
1077.0	5.1061049999999994	3.833748	6.389253	5.548401692089973	1.7069320084504542	4.010766621082969	-1.0963	0.035	-0.4341
1078.0	5.191452	3.882798	6.450075	5.728170605045389	1.5952309363228172	3.7699111843077517	-1.0935	0.0687	-0.4492
1079.0	5.3631269999999995	3.931848	6.501087	5.728170605045389	1.5952309363228172	3.7699111843077517	-1.0882	0.0977	-0.4648
1080.0	5.535783	3.867102	6.523650000000001	5.728170605045389	1.5952309363228172	3.7699111843077517	-1.0838	0.1196	-0.4801
1081.0	5.733945	3.7179900000000004	6.504030000000001	5.728170605045389	1.5952309363228172	3.7699111843077517	-1.0776	0.1364	-0.4947
1082.0	5.943879	3.5678970000000003	6.465771	5.728170605045389	1.5952309363228172	3.7699111843077517	-1.0714	0.1524	-0.5078
1083.0	6.181281	3.4217280000000003	6.421626	5.728170605045389	1.5952309363228172	3.7699111843077517	-1.0652	0.1641	-0.519
1084.0	6.373557000000001	3.265749	6.381405	5.728170605045389	1.5952309363228172	3.7699111843077517	-1.0625	0.1749	-0.5281
1085.0	6.512859000000001	3.10977	6.357861000000001	5.728170605045389	1.5952309363228172	3.7699111843077517	-1.0606	0.181	-0.5351
1086.0	6.633522	2.963601	6.371595	5.728170605045389	1.5952309363228172	3.7699111843077517	-1.0595	0.1881	-0.5396
1087.0	6.635484	2.843919	6.709059	3.454006589696778	1.5027284859671177	2.7419122548830916	-1.05	0.1896	-0.5605
1088.0	6.4284930000000005	2.636928	7.036713000000001	3.03163691071415	1.5079644737231008	2.8640853025226947	-1.0387	0.1906	-0.5811
1089.0	6.183243	2.288673	7.375158000000001	3.000220984178253	1.5184364492350666	2.9443704481144337	-1.0262	0.1962	-0.604
1090.0	5.903658	1.918836	7.726356	3.1066860685499065	1.5184364492350666	3.073524812762014	-1.0119	0.1959	-0.6287
1091.0	5.604453	1.60884	8.090307000000001	3.129375348825833	1.541125729510993	3.139847324337799	-0.9925	0.1978	-0.6561
1092.0	5.281704	1.387134	8.467992	3.1311206780778273	1.562069680534925	3.2288591161895095	-0.9736	0.1995	-0.6856
1093.0	4.944240000000001	1.263528	8.857449	2.9845130209103035	1.6074482410867774	3.282964323001334	-0.9516	0.2023	-0.7172
1094.0	4.573422	1.175238	9.233172000000001	2.8187067419708423	1.551597705022959	3.232349774693498	-0.9318	0.2046	-0.7505
1095.0	4.203585	1.0879290000000001	9.607914000000001	2.8187067419708423	1.551597705022959	3.232349774693498	-0.9119	0.207	-0.7839
1096.0	3.891627	1.067328	9.990504	2.467895562319982	1.4416419621473162	3.017674276698196	-0.8874	0.2119	-0.8215
1097.0	3.6826740000000004	1.091853	9.958131	2.3666664657043106	1.4206980111233845	2.792526803190927	-0.867	0.2185	-0.8425
1098.0	3.645396	1.325331	9.882594000000001	2.171189589480946	1.3316862192716734	2.6755897433073073	-0.8496	0.2228	-0.8627
1099.0	3.70818	1.704978	9.768798	2.0158552860534504	1.2252211349000195	2.4452062820440554	-0.8312	0.2239	-0.8822
1100.0	3.83571	2.065005	9.598104000000001	1.9216075064457567	1.0995574287564276	2.1956241990088667	-0.8124	0.2294	-0.9014
1101.0	3.9769740000000002	2.382849	9.411714	1.7924531417981764	0.9477137838329209	1.9984019935335073	-0.8007	0.2331	-0.9193
1102.0	4.162383	2.6339850000000005	9.228267	1.5184364492350666	0.8133234314293576	1.8849555921538759	-0.7842	0.2352	-0.9364
1103.0	4.376241	2.820375	9.024219	1.2042771838760873	0.7435102613495844	1.7994344588061537	-0.7712	0.2368	-0.9524
1104.0	4.5979470000000005	2.91357	8.808399000000001	1.0925761117484503	0.6771877497737998	1.7488199104983182	-0.7555	0.2398	-0.9674
1105.0	4.818672	2.9655630000000004	8.626914	1.0297442586766545	0.5445427266222308	1.689478715930511	-0.7378	0.2424	-0.9833
1106.0	4.950126000000001	2.928285	8.429733	1.0733774899765127	0.4014257279586958	1.6458454846306527	-0.7258	0.2413	-0.9953
1107.0	5.033511	2.8802160000000003	8.327709	1.165879940332212	0.2932153143350474	1.5952309363228172	-0.7191	0.2422	-1.0062
1108.0	5.088447	2.8380330000000002	8.281602	1.1728612573401895	0.16755160819145562	1.5707963267948966	-0.7065	0.2422	-1.0165
1109.0	5.049207000000001	2.857653	8.276697	1.117010721276371	0.08203047484373349	1.5707963267948966	-0.6971	0.2383	-1.0257
1110.0	4.978575	2.916513	8.314956	1.117010721276371	0.08203047484373349	1.5707963267948966	-0.6901	0.2359	-1.0332
1111.0	4.801014	2.9410380000000003	8.400303	1.1222467090323538	-0.010471975511965976	1.5428710587629875	-0.6827	0.2322	-1.0402
1112.0	4.5420300000000005	2.945943	8.494479	1.171115928088195	-0.05585053606381855	1.488765851951163	-0.6807	0.2325	-1.046
1113.0	4.190832	2.9449620000000003	8.635743	1.2374384396639797	-0.08203047484373349	1.4119713648634127	-0.6783	0.2327	-1.0511
1114.0	3.8200140000000005	3.002841	8.825076	1.270599695451872	0.0	1.319468914507713	-0.6769	0.2292	-1.0554
1115.0	3.403089	3.079359	9.004599	1.2566370614359172	0.059341194567807204	1.239183768915974	-0.6745	0.2262	-1.0589
1116.0	2.991069	3.047967	9.223362000000002	1.2077678423800762	0.17976891295541594	1.1030480872604163	-0.6712	0.2243	-1.0628
1117.0	2.546676	2.86452	9.469593000000001	1.0821041362364843	0.35255650890285456	1.0053096491487339	-0.6674	0.2207	-1.0661
1118.0	2.140542	2.5506	9.740349	0.9634217471008699	0.46600291028248597	0.9861110273767962	-0.6671	0.2152	-1.0693
1119.0	1.804059	2.1277890000000004	9.988542	0.747000919853573	0.635299847725936	0.9896016858807849	-0.6669	0.2131	-1.0728
1120.0	1.5323220000000002	1.652004	10.210248	0.6161012259539983	0.7627088831215221	1.0262536001726656	-0.6645	0.2113	-1.0767
1121.0	1.4528610000000002	1.1713140000000002	10.324044	0.4939281783143953	0.8639379797371931	1.106538745764405	-0.6601	0.2109	-1.0808
1122.0	1.493082	0.6768900000000001	10.364265	0.3455751918948773	0.905825881785057	1.2077678423800762	-0.6516	0.2075	-1.0857
1123.0	1.740294	0.115758	10.341702000000002	0.19896753472735357	0.921533845053006	1.1588986233242349	-0.6453	0.2034	-1.0906
1124.0	2.0816820000000003	-0.344331	10.220058000000002	0.13264502315156904	0.9145525280450286	1.054178868204575	-0.6365	0.2061	-1.0966
1125.0	2.496645	-0.6180300000000001	10.022877000000001	-0.1832595714594046	0.921533845053006	0.7487462491055673	-0.6286	0.2101	-1.1027
1126.0	2.80566	-0.9191970000000002	9.945378000000002	-0.32114058236695664	0.8587019919812102	0.36826447217080355	-0.6216	0.2115	-1.1084
1127.0	3.179421	-1.195839	9.869841000000001	-0.14486232791552936	0.4415683007545654	0.1466076571675237	-0.612	0.214	-1.1142
1128.0	3.660111	-1.419507	9.739368	0.09250245035569947	0.31066860685499065	0.0	-0.6071	0.2158	-1.1196
1129.0	4.099599	-1.280205	9.568674000000001	0.1954768762233649	0.18675022996339324	-0.06981317007977318	-0.5992	0.2163	-1.1242
1130.0	4.440987	-0.987867	9.420543	0.21467549799530256	0.026179938779914945	-0.1361356816555577	-0.5939	0.2147	-1.1287
1131.0	4.701933	-0.6994530000000001	9.29988	0.23911010752322315	-0.015707963267948967	-0.15184364492350666	-0.5875	0.2136	-1.1325
1132.0	4.894209	-0.37376100000000007	9.188046	0.21118483949131386	-0.0942477796076938	-0.1780235837034216	-0.5843	0.2172	-1.1357
1133.0	4.9844610000000005	0.229554	9.043839	0.13264502315156904	-0.09599310885968812	-0.15358897417550102	-0.5788	0.2193	-1.1383
1134.0	5.020758000000001	0.7435980000000001	8.938872	0.061086523819801536	-0.017453292519943295	-0.0715584993317675	-0.5741	0.215	-1.1396
1135.0	5.028606	1.032993	8.898651000000001	0.008726646259971648	0.012217304763960306	0.003490658503988659	-0.5732	0.2108	-1.1407
1136.0	5.171832	1.4204880000000002	8.692641	-0.048869219055841226	0.08028514559173916	0.05585053606381855	-0.571	0.2094	-1.1413
1137.0	5.266008000000001	1.8786150000000001	8.464068000000001	-0.09075712110370514	0.10297442586766545	0.09250245035569947	-0.5727	0.2082	-1.1418
1138.0	5.230692	2.271996	8.284545000000001	-0.08726646259971647	0.09773843811168245	0.10122909661567112	-0.5678	0.2108	-1.1426
1139.0	5.204205	2.277882	8.180559	-0.03665191429188092	0.09948376736367678	0.05759586531581287	-0.5682	0.2117	-1.1431
1140.0	5.209110000000001	2.169972	8.088345	0.029670597283903602	0.0715584993317675	0.0	-0.5658	0.2128	-1.1431
1141.0	5.214015	2.155257	8.020656	0.07853981633974483	0.04537856055185257	-0.031415926535897934	-0.5666	0.215	-1.1431
1142.0	5.226768000000001	2.186649	7.9794540000000005	0.08377580409572781	0.0471238898038469	-0.0471238898038469	-0.5685	0.2137	-1.1427
1143.0	5.217939	2.025765	7.978473000000001	0.05235987755982989	0.061086523819801536	-0.03490658503988659	-0.5682	0.21	-1.1429
1144.0	5.212053	1.859976	8.00496	0.029670597283903602	0.05759586531581287	-0.022689280275926284	-0.5699	0.2099	-1.1431
1145.0	5.211072000000001	1.731465	8.02458	-0.012217304763960306	0.07504915783575616	-0.012217304763960306	-0.5695	0.2094	-1.1435
1146.0	5.201262000000001	1.649061	8.07363	-0.048869219055841226	0.09075712110370514	0.0017453292519943296	-0.5676	0.2096	-1.1444
1147.0	5.197338000000001	1.619631	8.115813000000001	-0.03665191429188092	0.10821041362364843	0.012217304763960306	-0.565	0.2117	-1.1448
1148.0	5.191452	1.656909	8.131509	-0.027925268031909273	0.10122909661567112	-0.003490658503988659	-0.5684	0.209	-1.145
1149.0	5.174775	1.7589329999999999	8.128566000000001	-0.012217304763960306	0.0715584993317675	-0.003490658503988659	-0.5637	0.2091	-1.1452
1150.0	5.1600600000000005	1.8589950000000002	8.128566000000001	-0.0017453292519943296	0.05061454830783556	-0.013962634015954637	-0.5614	0.213	-1.1459
1151.0	5.149269	1.892349	8.137395	0.005235987755982988	0.041887902047863905	-0.017453292519943295	-0.5599	0.2117	-1.1466
1152.0	5.145345	1.882539	8.146224	0.008726646259971648	0.031415926535897934	-0.031415926535897934	-0.5576	0.2106	-1.147
1153.0	5.135535	1.817793	8.164863	0.008726646259971648	0.022689280275926284	-0.03490658503988659	-0.5564	0.2153	-1.1471
1154.0	5.128668000000001	1.7432370000000001	8.203122	0.006981317007977318	0.038397243543875255	-0.03316125578789226	-0.556	0.2161	-1.1475
1155.0	5.119839000000001	1.704978	8.228628	0.003490658503988659	0.03665191429188092	-0.031415926535897934	-0.5548	0.2183	-1.1476
1156.0	5.110029000000001	1.7000730000000002	8.234514	-0.005235987755982988	0.0471238898038469	-0.026179938779914945	-0.5535	0.2182	-1.1474
1157.0	5.088447	1.721655	8.228628	-0.024434609527920613	0.05585053606381855	-0.012217304763960306	-0.5522	0.2172	-1.1476
1158.0	5.072751	1.7589329999999999	8.237457000000001	-0.026179938779914945	0.0471238898038469	-0.005235987755982988	-0.5502	0.2161	-1.1477
1159.0	5.074713	1.7599140000000002	8.224704000000001	-0.022689280275926284	0.05061454830783556	-0.003490658503988659	-0.5517	0.2181	-1.148
1160.0	5.076675	1.787382	8.207046	-0.022689280275926284	0.03316125578789226	-0.005235987755982988	-0.5541	0.2158	-1.1481
1161.0	5.077656	1.8079830000000001	8.19135	-0.015707963267948967	0.038397243543875255	-0.003490658503988659	-0.5525	0.2169	-1.1482
1162.0	5.077656	1.802097	8.186445	-0.024434609527920613	0.048869219055841226	0.0	-0.5532	0.2175	-1.1486
1163.0	5.076675	1.802097	8.185464000000001	-0.017453292519943295	0.05061454830783556	-0.010471975511965976	-0.5524	0.2174	-1.149
1164.0	5.072751	1.8119070000000002	8.177616	-0.015707963267948967	0.048869219055841226	-0.010471975511965976	-0.5516	0.2181	-1.1493
1165.0	5.066865	1.8079830000000001	8.173692	-0.015707963267948967	0.05235987755982989	-0.022689280275926284	-0.5521	0.2166	-1.1497
1166.0	5.064903	1.783458	8.183502	-0.017453292519943295	0.05585053606381855	-0.015707963267948967	-0.5533	0.2152	-1.1498
1167.0	5.079618000000001	1.7344080000000002	8.198217	-0.005235987755982988	0.054105206811824215	-0.027925268031909273	-0.5573	0.2158	-1.1496
1168.0	5.089428000000001	1.689282	8.192331	-0.013962634015954637	0.05585053606381855	-0.027925268031909273	-0.5569	0.2184	-1.1494
1169.0	5.0913900000000005	1.6804530000000002	8.203122	0.020943951023931952	0.0471238898038469	-0.04014257279586958	-0.5571	0.2167	-1.1491
1170.0	5.086485	1.668681	8.203122	0.03316125578789226	0.041887902047863905	-0.04363323129985824	-0.5575	0.2169	-1.1491
1171.0	5.081580000000001	1.668681	8.205084000000001	0.03316125578789226	0.026179938779914945	-0.04363323129985824	-0.557	0.2172	-1.1492
1172.0	5.075694	1.666719	8.208027000000001	0.017453292519943295	0.03665191429188092	-0.0471238898038469	-0.5552	0.2155	-1.1491
1173.0	5.071770000000001	1.6677000000000002	8.204103000000002	0.027925268031909273	0.03490658503988659	-0.05585053606381855	-0.5563	0.2139	-1.1492
1174.0	5.068827000000001	1.6627950000000002	8.204103000000002	0.029670597283903602	0.03316125578789226	-0.05759586531581287	-0.555	0.2136	-1.149
1175.0	5.062941	1.670643	8.200179	0.022689280275926284	0.04363323129985824	-0.03316125578789226	-0.5539	0.2153	-1.1491
1176.0	5.051169000000001	1.681434	8.192331	0.008726646259971648	0.04363323129985824	-0.031415926535897934	-0.5544	0.2196	-1.1497
1177.0	5.028606	1.707921	8.185464000000001	-0.003490658503988659	0.019198621771937627	-0.024434609527920613	-0.5521	0.2181	-1.1502
1178.0	5.004081	1.7579520000000002	8.172711	-0.015707963267948967	0.013962634015954637	-0.022689280275926284	-0.5524	0.2176	-1.1507
1179.0	4.981518	1.8079830000000001	8.163882000000001	-0.017453292519943295	0.0	0.0017453292519943296	-0.5513	0.2172	-1.1511
1180.0	4.961898000000001	1.845261	8.157015000000001	-0.04537856055185257	-0.003490658503988659	0.010471975511965976	-0.551	0.217	-1.1511
1181.0	4.957974	1.8580140000000003	8.156034	-0.05759586531581287	-0.031415926535897934	0.015707963267948967	-0.5534	0.2141	-1.1512
1182.0	4.951107	1.864881	8.156034	-0.059341194567807204	-0.031415926535897934	0.020943951023931952	-0.5536	0.2163	-1.1515
1183.0	4.952088000000001	1.8756720000000002	8.173692	-0.059341194567807204	-0.04363323129985824	0.003490658503988659	-0.5543	0.2172	-1.1515
1184.0	4.9540500000000005	1.885482	8.176635000000001	-0.04537856055185257	-0.038397243543875255	0.010471975511965976	-0.5554	0.2198	-1.1516
1185.0	4.957974	1.892349	8.185464000000001	-0.04363323129985824	-0.0471238898038469	0.006981317007977318	-0.5553	0.2182	-1.1516
1186.0	4.9717080000000005	1.886463	8.19135	-0.061086523819801536	-0.0645771823237902	0.0	-0.5537	0.2145	-1.1509
1187.0	4.995252	1.8609570000000002	8.190369	-0.04537856055185257	-0.054105206811824215	0.003490658503988659	-0.5548	0.2138	-1.1503
1188.0	5.012910000000001	1.820736	8.203122	-0.03316125578789226	-0.06806784082777885	0.0	-0.5547	0.213	-1.15
1189.0	5.028606	1.78542	8.217837000000001	0.0017453292519943296	-0.10471975511965978	-0.010471975511965976	-0.5566	0.2139	-1.1496
1190.0	5.0403780000000005	1.7667810000000002	8.243343000000001	0.03316125578789226	-0.13264502315156904	-0.024434609527920613	-0.5546	0.2155	-1.1491
1191.0	5.047245	1.749123	8.272773	0.0645771823237902	-0.1466076571675237	-0.048869219055841226	-0.5514	0.2169	-1.1482
1192.0	5.057055	1.735389	8.304165000000001	0.09250245035569947	-0.19722220547535926	-0.05061454830783556	-0.5519	0.2145	-1.1474
1193.0	5.068827000000001	1.723617	8.320842	0.10821041362364843	-0.2303834612632515	-0.06981317007977318	-0.5517	0.2141	-1.1464
1194.0	5.0786370000000005	1.711845	8.345367000000001	0.10821041362364843	-0.2303834612632515	-0.06981317007977318	-0.5517	0.2127	-1.1453
1195.0	5.0531310000000005	1.703997	8.419923	0.13962634015954636	-0.39793506945470714	-0.08028514559173916	-0.5523	0.2143	-1.1442
1196.0	5.002119	1.7255790000000002	8.525871	0.19896753472735357	-0.582939970166106	-0.05585053606381855	-0.5551	0.2126	-1.1424
1197.0	4.810824	1.6922249999999999	8.759349	0.4188790204786391	-0.9756390518648302	-0.019198621771937627	-0.5582	0.2139	-1.1404
1198.0	4.789242000000001	1.690263	8.898651000000001	0.4799655442984406	-1.101302758008422	-0.017453292519943295	-0.5622	0.2139	-1.1369
1199.0	4.752945	1.6333650000000002	9.041877	0.609119908946021	-1.3648474750595658	-0.031415926535897934	-0.568	0.2118	-1.133
1200.0	4.7176290000000005	1.5990300000000002	9.204723000000001	0.7086036763096978	-1.6824973989225338	-0.03490658503988659	-0.5775	0.2081	-1.1277
1201.0	4.674465	1.6186500000000001	9.403866	0.7120943348136864	-2.069960492865275	0.0	-0.5888	0.2062	-1.1208
1202.0	4.624434	1.6284600000000002	9.598104000000001	0.7609635538695277	-2.4958208303518914	-0.0017453292519943296	-0.6007	0.2054	-1.1124
1203.0	4.5547830000000005	1.704978	9.797247	0.7696902001294994	-2.9042278753185644	0.03316125578789226	-0.6165	0.2013	-1.102
1204.0	4.461588	1.8315270000000001	9.975788999999999	0.7347836150896128	-3.3178709080412205	0.11344640137963143	-0.6351	0.1956	-1.0882
1205.0	4.389975000000001	1.90314	10.122939	0.7347836150896128	-3.5342917352885173	0.16231562043547265	-0.6579	0.1883	-1.0714
1206.0	4.318362	1.962981	10.262241000000001	0.7382742735936013	-4.070107815650776	0.317649923862968	-0.6813	0.1861	-1.0522
1207.0	4.344849	2.170953	10.302462	0.7033676885537148	-4.7787114919604745	0.6178465552059926	-0.7054	0.1822	-1.0282
1208.0	4.195737	2.410317	10.438821	0.6736970912698113	-5.581562947877866	0.9930923443847735	-0.7339	0.1761	-0.9997
1209.0	4.037796	2.716389	10.586952	0.767944870877505	-6.551966011986713	1.424188669627373	-0.7658	0.173	-0.9656
1210.0	3.927924	3.046005	10.726253999999999	0.8203047484373349	-7.300712261092281	1.827359726838063	-0.8019	0.1741	-0.9246
1211.0	3.9779550000000006	3.3010650000000004	10.744893	0.8395033702092726	-7.6026542216873	2.059488517353309	-0.8395	0.1762	-0.8767
1212.0	4.308552	3.4227090000000002	10.739007	0.9861110273767962	-8.084365095237734	2.071705822117269	-0.8774	0.1784	-0.821
1213.0	5.284647	3.2019840000000004	10.816506	1.3980087308474578	-8.021533242165939	1.7662732030182615	-0.9161	0.1843	-0.7586
1214.0	7.098516000000001	2.9792970000000003	10.788057	1.9146261894377796	-7.398450699203963	1.2758356832078548	-0.9532	0.1942	-0.6914
1215.0	9.143901000000001	3.278502	10.733121	2.0943951023931953	-6.614797865058509	1.0332349171806432	-0.9876	0.2049	-0.6194
1216.0	11.082357	3.906342	11.141217	2.129301687433082	-5.288347633542818	1.0925761117484503	-1.0203	0.215	-0.5454
1217.0	12.764772	4.64013	11.839689000000002	1.8186330805780915	-3.330088212805181	1.08035880698449	-1.0496	0.2244	-0.472
1218.0	13.686912000000001	5.117877000000001	12.375315	1.4922565104551517	-2.3055799418845093	1.1344640137963142	-1.0742	0.2401	-0.4024
1219.0	13.210146000000002	5.560308	12.702969	0.7661995416255106	-0.7120943348136864	1.5585790220309363	-1.0913	0.2548	-0.3388
1220.0	12.112407	5.7015720000000005	12.882492	0.630063859969953	-0.3769911184307752	1.7994344588061537	-1.1015	0.2692	-0.2831
1221.0	11.926017	5.798691	13.198374	0.9354964790689606	0.029670597283903602	1.5865042900628457	-1.109	0.2852	-0.2368
1222.0	11.298177	6.008625	13.595679	1.0227629416686772	1.2234758056480248	1.4259339988793673	-1.1108	0.3044	-0.2012
1223.0	9.432315000000001	6.5226690000000005	13.652577	1.0576695267085636	1.5742869852988852	1.2758356832078548	-1.1102	0.3222	-0.1767
1224.0	6.842475	7.087725000000001	13.740867000000001	0.9040805525330626	2.0315632493213998	1.1746065865921838	-1.1082	0.3383	-0.163
1225.0	4.1123520000000005	7.118136000000001	13.810518	0.8412486994612669	2.2427480888127134	1.1030480872604163	-1.1014	0.3539	-0.16
1226.0	1.6598519999999999	6.752223000000001	13.345524000000001	0.8237954069413236	2.647664475275398	0.8429940287132611	-1.093	0.3703	-0.1662
1227.0	-0.358065	6.155775	12.498921000000001	0.8447393579652555	3.1904618726456344	0.4642575810304917	-1.086	0.3861	-0.1808
1228.0	-1.5303600000000002	5.735907	11.774943	0.8429940287132611	3.6599554414321087	0.0471238898038469	-1.0774	0.4001	-0.2022
1229.0	-1.193877	5.312115	11.195172000000001	0.8150687606813519	4.080579791162743	-0.3892084231947355	-1.0682	0.4093	-0.2288
1230.0	-0.22268700000000002	5.100219000000001	10.708596	0.757472895365539	4.4750242021134605	-0.788888821901437	-1.0593	0.4151	-0.2608
1231.0	-0.26388900000000004	4.968764999999999	10.118034000000002	0.6038839211900381	4.775220833456486	-1.1309733552923256	-1.0489	0.4171	-0.298
1232.0	-0.118701	4.908924	9.46665	0.5009094953223726	4.836307357276287	-1.2374384396639797	-1.0363	0.4172	-0.3399
1233.0	0.687681	4.782375	9.070326	0.2932153143350474	4.925319149127998	-1.424188669627373	-1.0233	0.4142	-0.3852
1234.0	1.4626710000000003	4.528296	8.778969	0.13962634015954636	4.975933697435834	-1.6214108751027323	-1.0067	0.4098	-0.4337
1235.0	2.2366800000000002	4.327191	8.56413	0.048869219055841226	5.01084028247572	-1.8099064343181197	-0.9921	0.4004	-0.4851
1236.0	2.945943	4.177098	8.444448000000001	-0.006981317007977318	5.066690818539539	-2.0036379812894904	-0.974	0.388	-0.5379
1237.0	3.606156	4.078998	8.433657	-0.03316125578789226	5.16442925665122	-2.2060961745208325	-0.9526	0.3743	-0.5917
1238.0	4.272255	4.0387770000000005	8.496441	-0.059341194567807204	5.206317158699085	-2.275909344600606	-0.9261	0.3589	-0.6454
1239.0	4.927563	4.048587	8.642610000000001	-0.10821041362364843	5.267403682518887	-2.356194490192345	-0.9014	0.3422	-0.6991
1240.0	5.571099	4.08096	8.862354	-0.08726646259971647	5.265658353266892	-2.420771672516135	-0.8728	0.3278	-0.7516
1241.0	6.1871670000000005	4.1074470000000005	9.168426	-0.0	5.1487212933832724	-2.4486969405480448	-0.8378	0.3126	-0.8018
1242.0	6.790482000000001	4.074093	9.522567	0.19373154697137057	4.904375198104066	-2.4277529895241123	-0.8034	0.2933	-0.8488
1243.0	7.411455	4.058397	9.987561000000001	0.47123889803846897	4.569271981721155	-2.467895562319982	-0.7612	0.2723	-0.8931
1244.0	8.200179	4.084884	10.598724	0.7278022980816354	4.380776422505767	-2.5551620249196985	-0.7186	0.2531	-0.934
1245.0	9.190989	4.264407	11.271690000000001	0.773180858633488	4.3737951054977895	-2.5935592684635735	-0.6754	0.2372	-0.9715
1246.0	10.269108	4.582251	11.949561000000001	0.6143558967020041	4.43837228782158	-2.647664475275398	-0.6329	0.2233	-1.0058
1247.0	11.396277	4.5547830000000005	12.565629	0.49567350756638956	4.4628068973495	-2.8379053637427796	-0.5863	0.206	-1.0366
1248.0	12.534237000000001	4.390956	13.034547	0.5288347633542818	4.454080251089529	-2.8623399732707004	-0.544	0.1882	-1.0648
1249.0	13.797765000000002	4.177098	13.281759000000001	0.4310963252425994	4.324925886441949	-2.621484536495483	-0.4978	0.1731	-1.0902
1250.0	15.210405000000002	3.892608	13.202298000000003	0.2530727415391778	4.167846253762459	-2.2968532956245378	-0.4534	0.1541	-1.1126
1251.0	16.655418	3.56103	12.761829	-0.03490658503988659	3.9147735122232814	-1.8325957145940461	-0.4122	0.1374	-1.1329
1252.0	18.192645000000002	3.160782	11.886777	-0.19024088846738194	3.80132711084365	-1.5446163880149817	-0.3684	0.1211	-1.1513
1253.0	20.082051	3.086226	10.250469	-0.6527531402458793	3.881612256435389	-0.7260569688296411	-0.3268	0.1156	-1.1676
1254.0	22.062690000000003	2.855691	7.952967	-0.6841690667817772	3.574434308084387	0.5811946409141117	-0.2836	0.1065	-1.1822
1255.0	23.748048	1.4921010000000001	4.985442	0.9599310885968813	2.7663468644110125	1.345648853287628	-0.2414	0.0976	-1.1946
1256.0	24.699618	-0.5817330000000001	1.930608	2.6127578902355113	1.3159782560037245	1.0105456369047168	-0.2002	0.0854	-1.2056
1257.0	24.963507000000003	-1.5450750000000002	-0.844641	2.4329889772800954	-0.09250245035569947	1.02799892942466	-0.1669	0.0742	-1.2149
1258.0	24.741801000000002	-1.4646329999999999	-3.136257	1.7889624832941877	-0.7906341511534313	1.4416419621473162	-0.1371	0.0613	-1.222
1259.0	24.362154	-1.004544	-4.739211	0.12391837689159739	-1.8151424220741028	1.562069680534925	-0.1152	0.052	-1.2269
1260.0	23.292864	0.241326	-5.026644	-2.6127578902355113	-2.5342180738957665	1.2252211349000195	-0.1004	0.0467	-1.2301
1261.0	22.786668000000002	1.303749	-5.376861000000001	-4.754276882432554	-2.4155356847601523	2.069960492865275	-0.0925	0.0504	-1.2315
1262.0	19.565064	-0.45714600000000005	-4.03191	-1.7226399717184033	-3.883357585687383	-0.460766922526503	-0.0946	0.0577	-1.2306
1263.0	15.795081000000001	-1.71675	-1.961019	-1.1676252695842066	-5.6461401302016565	-0.5323254218582705	-0.1058	0.0598	-1.2269
1264.0	14.778765	-2.4897780000000003	0.335502	-1.0349802464326374	-4.251622057858187	0.024434609527920613	-0.1283	0.0674	-1.2214
1265.0	14.267664	-2.10915	3.3226470000000004	-0.8796459430051421	-3.42259066316088	0.28099800957108706	-0.1591	0.0765	-1.2144
1266.0	13.489731	-1.119321	6.4029869999999995	-0.582939970166106	-1.7540558982543013	0.8534660042252271	-0.1918	0.0908	-1.2065
1267.0	11.946618	-1.0388789999999999	8.871183	0.019198621771937627	-1.3299408900196792	0.7120943348136864	-0.2231	0.108	-1.1979
1268.0	10.313253	-1.1693520000000002	10.546731	0.09075712110370514	-1.778490507782222	0.4642575810304917	-0.257	0.1266	-1.1887
1269.0	8.786817000000001	-1.0967580000000001	11.560103999999999	-0.2932153143350474	-2.181661564992912	0.4642575810304917	-0.2875	0.1444	-1.1784
1270.0	8.350272	-1.5470370000000002	11.579723999999999	-0.8796459430051421	-1.9582594207376378	0.8203047484373349	-0.316	0.1603	-1.1676
1271.0	7.560567000000001	-2.074815	11.984877000000001	-0.8918632477691024	-1.4590952546672593	0.6667157742618339	-0.3439	0.1715	-1.1565
1272.0	9.298899	0.053955	11.245203000000002	-0.9669124056048586	-1.1955505376161157	0.7557275661135446	-0.3706	0.1821	-1.1461
1273.0	10.784133	1.20663	10.400562	-0.9634217471008699	-0.7522369076095561	0.7766715171374766	-0.3903	0.1917	-1.1373
1274.0	9.184122	1.7913060000000003	9.981675000000001	-0.8150687606813519	-0.6283185307179586	0.6632251157578453	-0.4054	0.2013	-1.1293
1275.0	7.395759000000001	1.944342	9.517662	-0.47298422729046335	-0.26703537555513246	0.3420845333908886	-0.4165	0.2087	-1.1221
1276.0	6.142041	2.358324	8.829	-0.3141592653589793	-0.13788101090755203	0.24434609527920614	-0.4256	0.2137	-1.1159
1277.0	6.130269	3.1872690000000006	8.453277	-0.26703537555513246	-0.10471975511965978	0.22689280275926285	-0.4351	0.2208	-1.1098
1278.0	6.668838	3.2529960000000004	8.473878000000001	-0.22689280275926285	-0.06806784082777885	0.19722220547535926	-0.4399	0.2301	-1.1047
1279.0	7.02396	2.6643960000000004	8.632800000000001	-0.19896753472735357	-0.0645771823237902	0.1780235837034216	-0.4467	0.2398	-1.1006
1280.0	6.797349	1.8884250000000002	8.764254	-0.13962634015954636	-0.04363323129985824	0.1361356816555577	-0.4519	0.2515	-1.0977
1281.0	6.250932000000001	1.4950440000000003	8.896689	-0.10297442586766545	-0.03665191429188092	0.10995574287564276	-0.4553	0.2552	-1.0955
1282.0	5.810463	1.3390650000000002	8.84862	-0.07853981633974483	-0.0645771823237902	0.09075712110370514	-0.4569	0.2607	-1.094
1283.0	5.747679	1.326312	8.837829000000001	-0.048869219055841226	-0.08028514559173916	0.0645771823237902	-0.4592	0.2642	-1.0926
1284.0	5.688819	1.538208	8.677926000000001	-0.061086523819801536	-0.08028514559173916	0.05759586531581287	-0.4638	0.2628	-1.0917
1285.0	5.323887	1.995354	8.429733	-0.059341194567807204	-0.09599310885968812	0.048869219055841226	-0.4653	0.2653	-1.0912
1286.0	5.247369000000001	2.159181	8.353215	-0.08377580409572781	-0.09075712110370514	0.054105206811824215	-0.4686	0.2692	-1.0902
1287.0	5.256198	2.0345940000000002	8.313975000000001	-0.08377580409572781	-0.10122909661567112	0.05585053606381855	-0.4707	0.2711	-1.0897
1288.0	5.206167	1.936494	8.292393	-0.07679448708775051	-0.10471975511965978	0.04537856055185257	-0.4745	0.2743	-1.089
1289.0	5.186547	1.9551330000000002	8.273754	-0.07679448708775051	-0.09250245035569947	0.04363323129985824	-0.4734	0.273	-1.0884
1290.0	5.1522120000000005	1.9884870000000001	8.238438	-0.08203047484373349	-0.08028514559173916	0.048869219055841226	-0.4731	0.2692	-1.0878
1291.0	5.1600600000000005	1.9433610000000001	8.202141	-0.07679448708775051	-0.05061454830783556	0.048869219055841226	-0.4728	0.2709	-1.0869
1292.0	5.153193	1.8913680000000002	8.184483	-0.06806784082777885	-0.03316125578789226	0.048869219055841226	-0.4708	0.2738	-1.0865
1293.0	5.135535	1.8609570000000002	8.16192	-0.05235987755982989	-0.010471975511965976	0.0471238898038469	-0.4722	0.2754	-1.0861
1294.0	5.13063	1.810926	8.155053	-0.048869219055841226	-0.03490658503988659	0.03665191429188092	-0.4709	0.2794	-1.0857
1295.0	5.132592	1.7991540000000001	8.155053	-0.04363323129985824	-0.04363323129985824	0.027925268031909273	-0.4688	0.2802	-1.085
1296.0	5.136515999999999	1.798173	8.157015000000001	-0.024434609527920613	-0.059341194567807204	0.024434609527920613	-0.466	0.2811	-1.0848
1297.0	5.141421	1.8060210000000003	8.144262000000001	-0.031415926535897934	-0.05235987755982989	0.019198621771937627	-0.4663	0.2839	-1.0845
1298.0	5.144364	1.817793	8.13249	-0.027925268031909273	-0.05061454830783556	0.015707963267948967	-0.4636	0.281	-1.0843
1299.0	5.148288000000001	1.80504	8.134452000000001	-0.031415926535897934	-0.0471238898038469	0.013962634015954637	-0.4648	0.2845	-1.0841
1300.0	5.1571169999999995	1.7589329999999999	8.151129000000001	-0.008726646259971648	-0.041887902047863905	0.015707963267948967	-0.4631	0.2854	-1.084
1301.0	5.165946	1.7128260000000002	8.160939	0.005235987755982988	-0.0645771823237902	-0.010471975511965976	-0.4628	0.2871	-1.0837
1302.0	5.165946	1.7108640000000002	8.170749	0.020943951023931952	-0.08028514559173916	-0.020943951023931952	-0.4671	0.2866	-1.0829
1303.0	5.1728130000000005	1.720674	8.187426	0.03316125578789226	-0.10122909661567112	-0.019198621771937627	-0.4664	0.2856	-1.0827
1304.0	5.1728130000000005	1.75599	8.198217	0.048869219055841226	-0.12217304763960307	-0.029670597283903602	-0.4649	0.2839	-1.0821
1305.0	5.176737	1.755009	8.208027000000001	0.048869219055841226	-0.13264502315156904	-0.027925268031909273	-0.4677	0.2859	-1.0819
1306.0	5.181642	1.7422560000000002	8.212932	0.048869219055841226	-0.13264502315156904	-0.027925268031909273	-0.4726	0.287	-1.0814
1307.0	5.167908000000001	1.7128260000000002	8.264925	0.09948376736367678	-0.2234021442552742	-0.05759586531581287	-0.4754	0.2839	-1.0809
1308.0	5.132592	1.689282	8.327709	0.13264502315156904	-0.34732052114687156	-0.04537856055185257	-0.4791	0.2839	-1.08
1309.0	5.094333	1.673586	8.383626000000001	0.13264502315156904	-0.34732052114687156	-0.04537856055185257	-0.4826	0.2812	-1.0791
1310.0	5.05215	1.681434	8.4366	0.13264502315156904	-0.34732052114687156	-0.04537856055185257	-0.4875	0.2816	-1.0783
1311.0	5.011929	1.702035	8.493498	0.13264502315156904	-0.34732052114687156	-0.04537856055185257	-0.4911	0.2797	-1.0777
1312.0	4.976613	1.7000730000000002	8.550396000000001	0.13264502315156904	-0.34732052114687156	-0.04537856055185257	-0.4907	0.2759	-1.0774
1313.0	4.9412970000000005	1.686339	8.605332	0.13264502315156904	-0.34732052114687156	-0.04537856055185257	-0.4932	0.2752	-1.0766
1314.0	4.9079429999999995	1.666719	8.653401	0.13264502315156904	-0.34732052114687156	-0.04537856055185257	-0.4959	0.2746	-1.0761
1315.0	4.864779	1.7756100000000001	8.817228	0.6597344572538565	-1.7732545200262386	-0.031415926535897934	-0.5031	0.269	-1.0717
1316.0	4.821615	1.884501	8.980074	0.6597344572538565	-1.7732545200262386	-0.031415926535897934	-0.5104	0.2634	-1.0672
1317.0	4.769622	2.062062	9.139977	0.7208209810736581	-2.5795966344476193	0.08552113334772216	-0.5211	0.2611	-1.0591
1318.0	4.740192	2.230794	9.288108	0.7208209810736581	-2.5795966344476193	0.08552113334772216	-0.5324	0.2586	-1.0513
1319.0	4.710762000000001	2.3995260000000003	9.435258000000001	0.7208209810736581	-2.5795966344476193	0.08552113334772216	-0.5438	0.2561	-1.0435
1320.0	4.615605	2.424051	9.664812	0.8168140899333461	-3.837979025135531	0.23212879051524585	-0.564	0.2499	-1.0282
1321.0	4.49298	2.4211080000000003	9.945378000000002	0.8429940287132611	-4.576253298729132	0.36477381366681483	-0.5895	0.2437	-1.009
1322.0	4.370355	2.4191460000000005	10.224963	0.8429940287132611	-4.576253298729132	0.36477381366681483	-0.6151	0.2376	-0.9898
1323.0	4.248711	2.417184	10.504548	0.8429940287132611	-4.576253298729132	0.36477381366681483	-0.6406	0.2314	-0.9706
1324.0	3.970107	2.7311039999999998	10.924415999999999	0.9965830028887622	-7.733553915586874	1.481784534943186	-0.6786	0.2282	-0.9329
1325.0	3.798432	2.9263230000000005	11.210868000000001	1.090830782496456	-8.819148710327347	1.8675022996339325	-0.714	0.2256	-0.8904
1326.0	3.626757	3.120561	11.498301	1.090830782496456	-8.819148710327347	1.8675022996339325	-0.7493	0.223	-0.8479
1327.0	3.9759930000000003	2.920437	11.687634000000001	1.900663555421825	-10.676179034449314	1.8901915799098588	-0.7923	0.2235	-0.7876
1328.0	5.433758999999999	2.525094	11.936808000000001	2.7558748888990463	-10.358529110586346	1.1397000015522971	-0.8379	0.2243	-0.7164
1329.0	6.891525000000001	2.129751	12.185982000000001	2.7558748888990463	-10.358529110586346	1.1397000015522971	-0.8835	0.2251	-0.6452
1330.0	8.415999000000001	1.8786150000000001	12.352752000000002	2.7558748888990463	-10.358529110586346	1.1397000015522971	-0.9203	0.2295	-0.5815
1331.0	9.96696	1.653966	12.469491	2.7558748888990463	-10.358529110586346	1.1397000015522971	-0.9518	0.2339	-0.5217
1332.0	11.517921	1.429317	12.587211	2.7558748888990463	-10.358529110586346	1.1397000015522971	-0.9832	0.2384	-0.462
1333.0	14.216652000000002	2.2965210000000003	13.216032	0.3595378259108319	-4.284783313646079	1.6859880574265222	-1.0145	0.2543	-0.3631
1334.0	14.778765	2.6349660000000004	13.718304000000002	0.08377580409572781	-0.4921828490624009	1.3683381335635545	-1.0303	0.2688	-0.2833
1335.0	15.245721000000001	2.9792970000000003	14.230386	0.08377580409572781	-0.4921828490624009	1.3683381335635545	-1.041	0.2855	-0.2123
1336.0	15.712677	3.3226470000000004	14.743449	0.08377580409572781	-0.4921828490624009	1.3683381335635545	-1.0518	0.3022	-0.1413
1337.0	15.674418000000001	4.007385	15.328125	0.08377580409572781	-0.4921828490624009	1.3683381335635545	-1.0513	0.3155	-0.092
1338.0	12.83148	4.547916000000001	15.296733	0.5375614096142535	3.2794736644973455	0.9564404300928926	-1.0487	0.3333	-0.0663
1339.0	10.282842	5.075694	15.07797	0.5340707511102649	3.2759830059933566	0.9948376736367679	-1.0471	0.3509	-0.0445
1340.0	8.002017	5.486733	14.829777000000002	0.6457718232379019	3.4714598822167217	0.9756390518648302	-1.0443	0.3704	-0.0276
1341.0	5.983119	5.85657	14.549211000000001	0.9023352232810684	3.9339721339952187	0.7452555906015788	-1.0395	0.3896	-0.0158
1342.0	4.133934	6.282324	14.220576000000001	1.0733774899765127	4.564035993965172	0.41015237421866746	-1.0363	0.4092	-0.01
1343.0	1.1369790000000002	5.616225	13.379859	1.0733774899765127	4.564035993965172	0.41015237421866746	-1.0333	0.4173	-0.0434
1344.0	0.59841	5.201262000000001	12.438099000000001	0.9442231253289323	5.609488215909775	-0.29496064358704166	-1.0311	0.4233	-0.0894
1345.0	0.125568	4.800033	11.459061	0.6946410422937431	5.963790054064624	-0.6754424205218056	-1.026	0.427	-0.1421
1346.0	-0.307053	4.350735	10.402524000000001	0.5637413483941683	6.092944418712205	-0.8307767239493009	-1.017	0.428	-0.2025
1347.0	-0.726921	3.833748	9.289089	0.3700098014227979	6.246533392887705	-1.1397000015522971	-1.0065	0.4284	-0.2701
1348.0	0.551322	3.599289	8.718147	0.24609142453120045	6.211626807847819	-1.408480706359424	-0.9954	0.4226	-0.3314
1349.0	1.572543	3.344229	8.350272	0.23212879051524585	6.072000467688272	-1.6545721308906243	-0.98	0.4162	-0.3951
1350.0	2.3956020000000002	3.2274900000000004	8.072649	0.21991148575128552	5.916666164260777	-1.8238690683340744	-0.9603	0.4047	-0.4597
1351.0	3.056796	3.20787	7.896069	0.1954768762233649	5.843362335677016	-1.9408061282176945	-0.9383	0.3895	-0.5249
1352.0	3.661092	3.203946	7.9362900000000005	0.17278759594743864	5.818927726149094	-2.0856684561332237	-0.9108	0.3714	-0.589
1353.0	4.397823	3.2883120000000003	8.042238	0.061086523819801536	5.916666164260777	-2.158972284716986	-0.8789	0.3509	-0.6585
1354.0	5.088447	3.3501150000000006	8.320842	-0.061086523819801536	6.072000467688272	-2.314306588144481	-0.8462	0.3289	-0.719
1355.0	5.793786000000001	3.407994	8.685774	-0.10821041362364843	6.164502918043972	-2.399827721492203	-0.8088	0.3097	-0.7774
1356.0	6.533460000000001	3.516885	9.146844	-0.027925268031909273	6.098180406468187	-2.4294983187761066	-0.7711	0.2873	-0.832
1357.0	7.274115000000001	3.67875	9.685413	0.15358897417550102	5.80496509213314	-2.466150233067988	-0.7287	0.2674	-0.8834
1358.0	8.097174	3.934791	10.336797	0.33510321638291124	5.326744877086694	-2.6249751949994717	-0.6791	0.2464	-0.9315
1359.0	9.161559	4.357602	11.166723000000001	0.40317105721069013	5.126032013107346	-2.7820548276789614	-0.6288	0.2248	-0.9763
1360.0	10.541826	4.912848	12.105540000000001	0.32986722862692824	5.019566928735692	-3.24107642095347	-0.579	0.2011	-1.0179
1361.0	12.115350000000001	5.665275	12.990402000000001	-0.06981317007977318	5.136503988619312	-3.680899392456041	-0.5268	0.1807	-1.0562
1362.0	13.760487000000001	6.258780000000001	13.647672	-0.5201081170943103	5.120796025351362	-3.8676496224194343	-0.4749	0.1615	-1.0915
1363.0	15.301638000000002	6.128307	13.933143	-0.39269908169872414	5.103342732831419	-4.11548637620263	-0.4204	0.1429	-1.1234
1364.0	16.920288000000003	6.172452	13.940010000000001	-0.5393067388662478	4.8537606497962305	-3.735004599267865	-0.3631	0.1253	-1.1523
1365.0	18.791055	6.240141	13.478940000000001	-0.9773843811168246	4.560545335461184	-3.1712632508736966	-0.3054	0.1069	-1.1771
1366.0	20.798181	6.140079	12.482244	-1.14493598930828	4.440117617073574	-2.8256880589788196	-0.2476	0.0968	-1.1985
1367.0	22.919103000000003	5.908563	10.727235	-1.260127719939906	4.171336912266447	-1.7139133254584316	-0.192	0.0856	-1.2164
1368.0	24.957621	4.643073	7.629237	0.3961897402027128	3.6145768808802563	-0.027925268031909273	-0.1372	0.0777	-1.231
1369.0	26.717535	1.8982350000000001	3.66894	3.085742117525975	2.4748768793279594	0.5899212871740833	-0.0835	0.066	-1.2422
1370.0	27.916317	-0.073575	-0.173637	3.675663404700058	0.5777039824101231	1.3124875974997359	-0.0366	0.057	-1.2509
1371.0	27.856476	-0.726921	-3.4903980000000003	1.9617500792416265	-1.0611601852125523	2.638937829015426	0.0054	0.0453	-1.2572
1372.0	27.280629	-0.577809	-5.859513000000001	0.9791297103688189	-1.9024088846738192	3.331833542057175	0.0393	0.0334	-1.2619
1373.0	27.116802000000003	0.021582000000000004	-7.221141	-0.3490658503988659	-2.516764781375823	3.2375857624494815	0.0654	0.025	-1.2647
1374.0	25.463817	1.181124	-6.665895	-2.897246558310587	-2.7471482426390748	1.3439035240356338	0.0823	0.0206	-1.2668
1375.0	23.248719	1.2645089999999999	-6.091029000000001	-2.710496328347194	-1.656317460142619	0.8360127117052838	0.0875	0.0195	-1.2685
1376.0	18.762606	-0.10300500000000001	-4.602852	-0.5113814708343386	-4.698426346368735	-1.2828170002158321	0.0806	0.0162	-1.2686
1377.0	15.913782000000001	-1.2233070000000001	-3.054834	-0.1308996938995747	-6.223844112611779	-0.5637413483941683	0.0646	0.0137	-1.2677
1378.0	15.630273	-1.336122	0.430659	-0.28099800957108706	-3.946189438759179	0.4834562028024293	0.0363	0.0124	-1.2662
1379.0	15.194709	0.223668	4.813767	-0.2722713633111154	-2.5795966344476193	0.9686577348568529	0.0029	0.0133	-1.2645
1380.0	13.014927	1.310616	8.327709	-0.09075712110370514	-1.345648853287628	1.3316862192716734	-0.0305	0.0141	-1.2624
1381.0	10.557522	1.959057	10.488852	-0.020943951023931952	-2.302089283380521	0.6178465552059926	-0.068	0.0206	-1.2597
1382.0	8.771121	2.3956020000000002	11.522826000000002	-0.8744099552491591	-3.408628029144926	0.5235987755982988	-0.1048	0.0295	-1.2554
1383.0	7.823475	2.200383	12.389049	-1.4835298641951802	-2.7995081201989045	0.937241808320955	-0.1445	0.0407	-1.2498
1384.0	8.415018	0.251136	11.724912000000002	-1.1903145498601329	-1.5847589608108512	0.9581857593448869	-0.1839	0.0545	-1.2433
1385.0	8.713242000000001	-0.154017	11.384505	-1.2514010736799344	-1.069886831472524	0.8569566627292158	-0.2183	0.0616	-1.2364
1386.0	10.795905000000001	1.388115	10.564389	-1.1728612573401895	-1.0262536001726656	0.7993607974134029	-0.2489	0.0704	-1.2299
1387.0	11.227545000000001	2.067948	10.608534	-0.8360127117052838	-0.62482787221397	0.619591884457987	-0.2737	0.0789	-1.2236
1388.0	9.045801	2.853729	9.891423	-0.5619960191421741	-0.2583087292951608	0.3944444109507185	-0.293	0.0882	-1.218
1389.0	6.891525000000001	3.667959	8.853525	-0.38746309394274114	-0.1466076571675237	0.2775073510670984	-0.3093	0.1007	-1.2129
1390.0	6.588396	3.9416580000000003	8.385588	-0.30717794835100204	-0.07504915783575616	0.23911010752322315	-0.327	0.1131	-1.2084
1391.0	7.509555	3.0950550000000003	8.715204	-0.21467549799530256	-0.06632251157578452	0.18500490071139894	-0.3417	0.1264	-1.2044
1392.0	8.070687	1.7422560000000002	9.273393	-0.1361356816555577	-0.07504915783575616	0.14486232791552936	-0.3523	0.1399	-1.202
1393.0	7.3388610000000005	1.19682	9.292032	-0.10297442586766545	-0.10122909661567112	0.12740903539558607	-0.3549	0.1451	-1.2003
1394.0	6.36669	1.670643	9.10368	-0.05585053606381855	-0.11868238913561441	0.09075712110370514	-0.3571	0.1469	-1.199
1395.0	5.910525000000001	1.6804530000000002	8.98596	-0.03490658503988659	-0.13788101090755203	0.06632251157578452	-0.362	0.1531	-1.1978
1396.0	5.750622000000001	1.385172	8.915328	-0.059341194567807204	-0.1466076571675237	0.06806784082777885	-0.3631	0.159	-1.1968
1397.0	5.472999	1.8138690000000002	8.658306000000001	-0.08552113334772216	-0.1413716694115407	0.07330382858376185	-0.3665	0.1627	-1.1963
1398.0	5.240502	2.0816820000000003	8.486631000000001	-0.07853981633974483	-0.1361356816555577	0.06283185307179587	-0.3667	0.1646	-1.1962
1399.0	5.133573	1.9865250000000003	8.418942	-0.06981317007977318	-0.1308996938995747	0.048869219055841226	-0.37	0.1657	-1.1955
1400.0	5.092371	1.967886	8.360082	-0.061086523819801536	-0.1308996938995747	0.027925268031909273	-0.3697	0.1688	-1.1948
1401.0	5.06196	1.9747530000000002	8.302203	-0.06806784082777885	-0.11693705988362008	0.027925268031909273	-0.3693	0.1693	-1.1942
1402.0	5.05215	2.015955	8.2404	-0.10297442586766545	-0.09250245035569947	0.04363323129985824	-0.3685	0.167	-1.1935
1403.0	5.048226	2.097378	8.185464000000001	-0.12740903539558607	-0.07504915783575616	0.08377580409572781	-0.3726	0.1706	-1.1924
1404.0	5.06196	2.144466	8.138376000000001	-0.1466076571675237	-0.04363323129985824	0.10122909661567112	-0.3732	0.1751	-1.1919
1405.0	5.085504	2.121903	8.085402	-0.1291543646475804	0.0	0.12566370614359174	-0.3749	0.1766	-1.1917
1406.0	5.090409	2.0345940000000002	8.094231	-0.12217304763960307	0.006981317007977318	0.11693705988362008	-0.3752	0.1778	-1.1912
1407.0	5.094333	1.980639	8.110908	-0.09948376736367678	0.005235987755982988	0.10471975511965978	-0.3731	0.1783	-1.1911
1408.0	5.099238000000001	1.996335	8.113851	-0.08028514559173916	-0.026179938779914945	0.08028514559173916	-0.3722	0.1799	-1.1905
1409.0	5.119839000000001	2.0169360000000003	8.091288	-0.05585053606381855	-0.012217304763960306	0.0645771823237902	-0.3724	0.1808	-1.1903
1410.0	5.137497000000001	2.037537	8.07363	-0.03665191429188092	-0.0017453292519943296	0.06806784082777885	-0.3714	0.1815	-1.1901
1411.0	5.163003	2.022822	8.067744000000001	-0.038397243543875255	0.015707963267948967	0.048869219055841226	-0.3721	0.1826	-1.1901
1412.0	5.183604	1.967886	8.084421	-0.031415926535897934	-0.0017453292519943296	0.05235987755982989	-0.3715	0.1863	-1.1896
1413.0	5.202243	1.896273	8.104041	-0.024434609527920613	0.0	0.05061454830783556	-0.372	0.1873	-1.1897
1414.0	5.196357	1.855071	8.13249	-0.03316125578789226	-0.038397243543875255	0.05235987755982989	-0.3751	0.1852	-1.1896
1415.0	5.1953759999999996	1.822698	8.172711	-0.020943951023931952	-0.05061454830783556	0.04363323129985824	-0.375	0.1873	-1.1894
1416.0	5.193414	1.819755	8.194293	-0.017453292519943295	-0.07679448708775051	0.020943951023931952	-0.3753	0.1854	-1.1896
1417.0	5.181642	1.821717	8.22078	0.024434609527920613	-0.12566370614359174	-0.012217304763960306	-0.3775	0.1827	-1.1892
1418.0	5.1728130000000005	1.802097	8.252172	0.0471238898038469	-0.19896753472735357	-0.04014257279586958	-0.3775	0.1813	-1.1889
1419.0	5.150250000000001	1.78542	8.29926	0.0471238898038469	-0.19896753472735357	-0.04014257279586958	-0.3746	0.1812	-1.1887
1420.0	5.131611	1.7795340000000002	8.343405	0.0471238898038469	-0.19896753472735357	-0.04014257279586958	-0.373	0.1821	-1.1882
1421.0	4.976613	1.686339	8.515080000000001	0.2897246558310587	-0.6492624817418906	-0.017453292519943295	-0.3753	0.1832	-1.1869
1422.0	4.9412970000000005	1.6206120000000002	8.644572	0.4241150082346221	-0.8604473212332044	-0.06981317007977318	-0.3791	0.1799	-1.1855
1423.0	4.8981330000000005	1.527417	8.773083	0.5550147021341968	-1.1187560505283651	-0.06806784082777885	-0.3841	0.1807	-1.1835
1424.0	4.876551	1.409697	8.905518	0.62482787221397	-1.3892820845874863	-0.0890117918517108	-0.3884	0.1775	-1.1802
1425.0	4.852026	1.3567230000000001	9.059535	0.5881759579220891	-1.7348572764823638	-0.0890117918517108	-0.3955	0.1732	-1.1765
1426.0	4.782375	1.439127	9.286146	0.5846852994181004	-1.9268434942017398	-0.05235987755982989	-0.4053	0.1723	-1.1716
1427.0	4.720572000000001	1.645137	9.498042	0.6841690667817772	-2.3544491609403506	0.04014257279586958	-0.4158	0.1719	-1.1654
1428.0	4.654845	1.885482	9.681489000000001	0.6806784082777885	-2.7593655474030347	0.11693705988362008	-0.4335	0.1655	-1.1571
1429.0	4.57146	2.088549	9.867879	0.6230825429619757	-3.1695179216217024	0.1780235837034216	-0.4539	0.162	-1.1474
1430.0	4.471398	2.2317750000000003	10.097433000000002	0.5777039824101231	-3.6669367584400865	0.2897246558310587	-0.4783	0.1592	-1.1347
1431.0	4.453740000000001	2.417184	10.270089	0.6038839211900381	-4.3074725939220055	0.4799655442984406	-0.5031	0.1527	-1.1195
1432.0	4.288932	2.5800300000000003	10.558503000000002	0.5707226654021458	-5.183627878423159	0.8098327729253689	-0.5332	0.1487	-1.1009
1433.0	4.029948	2.93319	10.924415999999999	0.4834562028024293	-5.742133239061344	1.0559241974565694	-0.5655	0.1449	-1.0776
1434.0	3.6875790000000004	3.458025	11.305044000000002	0.3735004599267865	-7.037167544041137	1.6301375213627038	-0.6025	0.1449	-1.0489
1435.0	3.3255900000000005	3.896532	11.687634000000001	0.5044001538263612	-8.372344421816798	2.230530784048753	-0.6435	0.1471	-1.0123
1436.0	3.054834	4.258521	11.937789000000002	0.5951572749300664	-9.604546873724795	2.769837522915001	-0.6899	0.1494	-0.9675
1437.0	3.085245	4.146687	12.202659	1.0332349171806432	-10.72679358275715	2.736676267127109	-0.7401	0.1553	-0.9125
1438.0	4.113333	3.487455	12.532275000000002	2.092649773141201	-10.702358973229229	1.9617500792416265	-0.7897	0.1678	-0.8483
1439.0	6.201882	3.0597390000000004	12.265443	2.2968532956245378	-9.740682555380353	1.6091935703387719	-0.8406	0.1759	-0.7748
1440.0	8.54451	3.5482770000000006	11.789658000000001	1.9687313962496036	-9.129817317182338	1.8081611050661253	-0.8887	0.186	-0.6945
1441.0	10.719387000000001	4.568517	11.901492000000001	1.1501719770642633	-8.229227423153263	2.5830872929516078	-0.9313	0.1987	-0.6079
1442.0	13.078692	5.442588	12.377277000000001	0.31066860685499065	-6.792821448761931	2.7000243528352277	-0.9691	0.2174	-0.518
1443.0	15.625368	5.922297	12.837366000000001	-0.18675022996339324	-3.9793506945470716	2.097885760897184	-1.0035	0.2385	-0.4293
1444.0	16.384662	6.040017000000001	13.195431000000001	-0.1780235837034216	-0.6771877497737998	1.5969762655748114	-1.0277	0.2604	-0.3462
1445.0	15.544926	5.8487219999999995	13.77324	0.460766922526503	0.3543018381548489	0.9546951008408983	-1.0442	0.2815	-0.272
1446.0	14.660064	5.61132	14.403042000000001	0.460766922526503	0.3543018381548489	0.9546951008408983	-1.0534	0.3017	-0.2072
1447.0	13.479921000000001	5.720211	15.01911	0.460766922526503	0.3543018381548489	0.9546951008408983	-1.057	0.3204	-0.1541
1448.0	11.305044000000002	6.530517	14.827815000000001	0.2792526803190927	2.387610416728243	0.7295476273336297	-1.0546	0.3346	-0.1181
1449.0	8.277678	7.136775000000001	14.989680000000002	0.18675022996339324	2.4399702942880728	0.6422811647339133	-1.0462	0.353	-0.0955
1450.0	5.217939	6.8101020000000005	15.288885	0.16755160819145562	2.748893571891069	0.582939970166106	-1.0361	0.3655	-0.0844
1451.0	2.58984	5.871285	14.891580000000001	0.3769911184307752	3.1922072018976286	0.3246312408709453	-1.0243	0.3798	-0.0863
1452.0	0.028449	5.059998	13.994946000000002	0.630063859969953	3.881612256435389	-0.07679448708775051	-1.0119	0.3904	-0.099
1453.0	-2.5407900000000003	4.515543	12.973725	0.6946410422937431	4.20449816805434	-0.25132741228718347	-0.9965	0.3961	-0.1198
1454.0	-3.259863	4.177098	12.033927	0.6946410422937431	4.20449816805434	-0.25132741228718347	-0.9855	0.401	-0.1414
1455.0	-2.317122	4.307571	10.779228	0.4677482395344803	5.091125428067459	-0.7801621756414654	-0.9735	0.4053	-0.1715
1456.0	-1.3008060000000001	4.401747	9.47646	0.22689280275926285	5.363396791378575	-1.0838494654884787	-0.9601	0.4054	-0.2056
1457.0	-0.23445900000000003	4.559688	8.169768	-0.09250245035569947	5.520476424058065	-1.293288975727798	-0.9455	0.4035	-0.244
1458.0	0.9211590000000001	4.4301960000000005	7.630218000000001	-0.24783675378319478	5.639158813193679	-1.5760323145508794	-0.9326	0.4023	-0.2809
1459.0	1.954152	4.27716	7.377120000000001	-0.30194196059501904	5.754350543825304	-1.9128808601857852	-0.9224	0.399	-0.3201
1460.0	2.8802160000000003	4.186908000000001	7.202502	-0.29496064358704166	5.834635689417044	-2.0839231268812295	-0.9093	0.4021	-0.3616
1461.0	3.690522	4.22811	7.11225	-0.2792526803190927	6.044075199656364	-2.39459173373622	-0.897	0.3966	-0.4046
1462.0	4.334058000000001	4.33602	7.133832	-0.32114058236695664	6.190682856823886	-2.6249751949994717	-0.881	0.3912	-0.4489
1463.0	4.949145	4.440987	7.285887000000001	-0.41015237421866746	6.277949319423604	-2.754129559647052	-0.8653	0.3827	-0.4945
1464.0	5.635845000000001	4.548897	7.499745	-0.47298422729046335	6.290166624187563	-2.77332818141899	-0.845	0.373	-0.5457
1465.0	6.343146	4.482189	7.834266	-0.3787364476827695	6.2936572826915524	-2.73318560862312	-0.8242	0.3619	-0.5932
1466.0	7.045542	4.402728	8.268849	-0.26354471705114374	6.27271333166762	-2.5743606466916362	-0.8035	0.3532	-0.6415
1467.0	7.748919000000001	4.254597	8.749539	0.08726646259971647	6.11563369898813	-2.4731315500759647	-0.7796	0.3448	-0.6908
1468.0	8.448372	4.210452	9.314595	0.5393067388662478	5.874778262212914	-2.2741640153486116	-0.7511	0.3341	-0.7405
1469.0	9.216495	4.241844	9.937529999999999	0.9599310885968813	5.558873667601939	-2.230530784048753	-0.718	0.3216	-0.7897
1470.0	10.119015000000001	4.522410000000001	10.585971	1.0524335389525807	5.290092962794813	-2.251474735072685	-0.6832	0.3012	-0.8379
1471.0	11.221658999999999	5.131611	11.405106000000002	0.7278022980816354	5.197590512439113	-2.4277529895241123	-0.6425	0.2852	-0.8839
1472.0	12.614679	5.8820760000000005	12.242880000000001	0.1710422666954443	5.394812717914473	-2.848377339254746	-0.6022	0.2687	-0.9279
1473.0	14.171526000000002	6.568776	12.863853	-0.11868238913561441	5.4785885220102	-3.0700341542580256	-0.5584	0.2528	-0.9687
1474.0	15.606729000000001	6.429474	13.122836999999999	-0.1291543646475804	5.338962181850654	-3.553490357060455	-0.5166	0.2384	-1.0063
1475.0	16.994844	6.241122	13.044357000000002	0.34033920413889424	5.089380098815465	-3.80132711084365	-0.4709	0.2209	-1.0401
1476.0	18.544824000000002	6.2558370000000005	12.609774000000002	0.23561944901923448	4.468042885105484	-3.485422516232676	-0.4259	0.2034	-1.0708
1477.0	20.295909	6.247008000000001	11.69352	-0.2583087292951608	4.017747938090946	-2.9827676916583092	-0.378	0.1873	-1.0973
1478.0	22.289301000000002	6.282324	10.206324	-0.8866272600131193	3.686135380212024	-2.1467549799530254	-0.3314	0.1746	-1.1202
1479.0	24.211080000000003	5.722173000000001	7.706736	-0.26005405854715513	3.427826650916863	-0.7016223593017206	-0.2871	0.163	-1.1398
1480.0	25.899381	3.606156	4.253616	0.9162978572970231	2.939134460358451	-0.13264502315156904	-0.2452	0.1549	-1.1571
1481.0	27.09522	1.0467270000000002	0.670023	2.790781473938933	0.9686577348568529	0.20769418098732523	-0.2098	0.145	-1.1721
1482.0	27.302211000000003	-0.317844	-2.5888590000000002	2.3806290997202657	-0.5201081170943103	1.2147491593880533	-0.1779	0.1324	-1.1842
1483.0	26.85978	-0.825021	-4.888323000000001	0.9005898940290741	-1.9338248112097172	1.9739673840055867	-0.152	0.122	-1.1935
1484.0	26.662599000000004	-0.521892	-6.262704	-0.1308996938995747	-2.450442269800039	2.05599785884932	-0.13	0.1131	-1.2009
1485.0	25.596252	0.498348	-6.462828000000001	-3.1468286413457762	-2.748893571891069	0.5166174585903216	-0.1184	0.1073	-1.2056
1486.0	23.649948000000002	1.7422560000000002	-5.945841	-4.399975044277705	-3.944444109507185	1.0454522219446034	-0.114	0.1066	-1.2084
1487.0	19.648449	0.18639	-3.952449	-1.811651763570114	-3.447025272688801	-0.4921828490624009	-0.1205	0.1074	-1.2087
1488.0	15.688152	-1.526436	-2.543733	-0.32114058236695664	-5.925392810520749	-1.8221237390820801	-0.1368	0.1098	-1.206
1489.0	14.313771000000001	-2.336742	-0.34531200000000006	-0.0715584993317675	-6.211626807847819	-0.9512044423369096	-0.1639	0.1127	-1.1997
1490.0	14.037129000000002	-1.3586850000000001	3.6836550000000003	-0.40840704496667307	-3.8693949516714286	0.47298422729046335	-0.1968	0.1155	-1.191
1491.0	13.270968	-0.41103900000000004	7.448733	-0.32288591161895097	-1.6667894356545847	1.494001839707146	-0.2327	0.124	-1.181
1492.0	11.420802	-0.48559500000000005	10.243602000000001	-0.019198621771937627	-1.5952309363228172	1.202531854624093	-0.2676	0.1329	-1.1689
1493.0	9.1233	-0.054936000000000006	11.519883	-0.13962634015954636	-2.16071761396898	0.9616764178488756	-0.307	0.1427	-1.1565
1494.0	7.4909159999999995	0.983943	12.112407	-1.213003830136059	-3.2428217502054646	1.1082840750163994	-0.3465	0.1571	-1.1426
1495.0	7.641009	0.509139	12.111426	-1.6283921921107094	-2.4870941840919194	1.111774733520388	-0.3863	0.1702	-1.1284
1496.0	8.400303	-1.2998250000000002	11.943675	-1.6336281798666923	-1.18507856210415	1.1571532940722404	-0.4188	0.1833	-1.1137
1497.0	10.211229	-0.012753	10.648755	-1.5742869852988852	-0.8569566627292158	1.0332349171806432	-0.4483	0.201	-1.0995
1498.0	11.810259	1.580391	10.561446	-1.3526301702956054	-0.5061454830783556	0.8220500776893293	-0.4741	0.2114	-1.0858
1499.0	10.936188000000001	2.228832	10.672299	-0.8045967851693859	0.05061454830783556	0.5148721293383273	-0.4884	0.2256	-1.0754
1500.0	8.646534	2.622213	9.670698	-0.6527531402458793	0.11344640137963143	0.4118977034706618	-0.4993	0.24	-1.0664
1501.0	6.995511	3.5149230000000005	8.782893	-0.4293509959906051	0.16755160819145562	0.26703537555513246	-0.5089	0.2542	-1.0573
1502.0	6.995511	3.9338100000000003	8.445429	-0.30543261909900765	0.12740903539558607	0.19024088846738194	-0.5211	0.2726	-1.0507
1503.0	7.904898	2.9949930000000005	8.805456	-0.21642082724729686	0.08726646259971647	0.12391837689159739	-0.5263	0.2893	-1.0456
1504.0	7.946100000000001	1.434222	9.210609	-0.15009831567151233	0.038397243543875255	0.08552113334772216	-0.5307	0.3004	-1.0413
1505.0	7.040637	0.764199	9.332253000000001	-0.09773843811168245	-0.010471975511965976	0.05061454830783556	-0.5326	0.3116	-1.0376
1506.0	6.167547000000001	1.1134350000000002	9.189027	-0.06632251157578452	-0.0471238898038469	0.04363323129985824	-0.5338	0.3201	-1.0352
1507.0	6.040998	1.1978010000000001	9.127224	-0.07504915783575616	-0.05585053606381855	0.041887902047863905	-0.5335	0.3208	-1.0332
1508.0	5.763375000000001	1.065366	8.917290000000001	-0.0645771823237902	-0.04537856055185257	0.04363323129985824	-0.5347	0.3248	-1.033
1509.0	5.291514	1.52055	8.627895	-0.061086523819801536	-0.061086523819801536	0.027925268031909273	-0.5367	0.3271	-1.0327
1510.0	5.136515999999999	1.748142	8.500365	-0.04363323129985824	-0.0645771823237902	0.017453292519943295	-0.5393	0.3312	-1.0312
1511.0	5.024682	1.617669	8.444448000000001	-0.020943951023931952	-0.09075712110370514	0.012217304763960306	-0.5396	0.3327	-1.0318
1512.0	4.997214	1.619631	8.400303	-0.015707963267948967	-0.09948376736367678	0.013962634015954637	-0.5378	0.3328	-1.0315
1513.0	4.9540500000000005	1.6314030000000002	8.354196	-0.029670597283903602	-0.09599310885968812	0.017453292519943295	-0.5404	0.3305	-1.0297
1514.0	4.92462	1.688301	8.315937	-0.0471238898038469	-0.09773843811168245	0.015707963267948967	-0.5404	0.3279	-1.0294
1515.0	4.911867000000001	1.748142	8.264925	-0.07679448708775051	-0.08203047484373349	0.027925268031909273	-0.5416	0.3277	-1.029
1516.0	4.912848	1.7196930000000001	8.237457000000001	-0.06806784082777885	-0.048869219055841226	0.03490658503988659	-0.5407	0.3276	-1.0282
1517.0	4.919715	1.6627950000000002	8.219799	-0.06283185307179587	-0.05061454830783556	0.03316125578789226	-0.5428	0.3286	-1.0278
1518.0	4.916772	1.6255169999999999	8.212932	-0.04537856055185257	-0.05061454830783556	0.024434609527920613	-0.5415	0.333	-1.0269
1519.0	4.928544	1.601973	8.213913000000002	-0.03665191429188092	-0.07330382858376185	0.013962634015954637	-0.5403	0.3328	-1.0255
1520.0	4.9383539999999995	1.6137450000000002	8.207046	-0.03490658503988659	-0.0645771823237902	0.003490658503988659	-0.5408	0.3341	-1.0253
1521.0	4.958955	1.652004	8.185464000000001	-0.03490658503988659	-0.07679448708775051	0.019198621771937627	-0.5421	0.3363	-1.0239
1522.0	4.989366	1.6765290000000002	8.179578000000001	-0.048869219055841226	-0.059341194567807204	0.020943951023931952	-0.5449	0.3373	-1.0236
1523.0	5.011929	1.6922249999999999	8.176635000000001	-0.029670597283903602	-0.054105206811824215	0.024434609527920613	-0.5437	0.3414	-1.0242
1524.0	5.026644	1.6755480000000003	8.189388000000001	-0.027925268031909273	-0.06806784082777885	0.019198621771937627	-0.5442	0.3461	-1.023
1525.0	5.035473	1.642194	8.209008	0.0017453292519943296	-0.09250245035569947	0.006981317007977318	-0.5417	0.3501	-1.0235
1526.0	5.038416	1.627479	8.235495	0.027925268031909273	-0.10471975511965978	-0.003490658503988659	-0.5443	0.3512	-1.023
1527.0	5.039397000000001	1.6510230000000001	8.263944	0.04537856055185257	-0.11868238913561441	0.0	-0.546	0.3527	-1.0234
1528.0	5.037434999999999	1.686339	8.284545000000001	0.08552113334772216	-0.1710422666954443	-0.003490658503988659	-0.5454	0.3516	-1.0235
1529.0	5.062941	1.7108640000000002	8.302203	0.10122909661567112	-0.1832595714594046	-0.012217304763960306	-0.5441	0.3562	-1.0232
1530.0	5.084523	1.723617	8.311031999999999	0.11868238913561441	-0.18500490071139894	-0.008726646259971648	-0.5445	0.3526	-1.0229
1531.0	5.098257000000001	1.72656	8.322804000000001	0.10122909661567112	-0.17627825445142728	-0.019198621771937627	-0.5447	0.3512	-1.0228
1532.0	5.089428000000001	1.7128260000000002	8.340462	0.10471975511965978	-0.2129301687433082	-0.05585053606381855	-0.5446	0.3496	-1.0223
1533.0	5.059998	1.681434	8.394417	0.1117010721276371	-0.25481807079117214	-0.059341194567807204	-0.5465	0.3494	-1.0206
1534.0	5.034492	1.6627950000000002	8.439543	0.1117010721276371	-0.25481807079117214	-0.059341194567807204	-0.5484	0.3483	-1.0195
1535.0	5.008986000000001	1.666719	8.482707000000001	0.1117010721276371	-0.25481807079117214	-0.059341194567807204	-0.5514	0.3465	-1.0177
1536.0	4.9844610000000005	1.6833960000000001	8.514099	0.1117010721276371	-0.25481807079117214	-0.059341194567807204	-0.5526	0.3468	-1.0165
1537.0	4.961898000000001	1.603935	8.649477000000001	0.6702064327658225	-1.265363707695889	-0.07853981633974483	-0.5538	0.3436	-1.0126
1538.0	4.947183	1.6206120000000002	8.807418	0.6702064327658225	-1.5498523757709646	-0.04537856055185257	-0.5613	0.3394	-1.0084
1539.0	4.908924	1.642194	8.962416	0.6702064327658225	-1.5498523757709646	-0.04537856055185257	-0.5708	0.3318	-1.0047
1540.0	4.878513000000001	1.652004	9.128205000000001	0.6702064327658225	-1.5498523757709646	-0.04537856055185257	-0.5766	0.3299	-1.0009
1541.0	4.814748000000001	1.7599140000000002	9.341082	0.6143558967020041	-2.506292805863857	0.1291543646475804	-0.5887	0.3275	-0.9923
1542.0	4.737249	1.821717	9.579465	0.5794493116621174	-2.9321531433504737	0.18675022996339324	-0.6021	0.3258	-0.9824
1543.0	4.6617120000000005	1.8658620000000001	9.846297000000002	0.5777039824101231	-3.447025272688801	0.29496064358704166	-0.6163	0.3189	-0.9707
1544.0	4.553802	1.954152	10.160217000000001	0.5515240436302081	-4.040437218366873	0.4468042885105484	-0.6345	0.3126	-0.9548
1545.0	4.394880000000001	2.204307	10.497681000000002	0.4642575810304917	-4.73682358991261	0.7853981633974483	-0.6557	0.3079	-0.936
1546.0	4.1555159999999995	2.5633529999999998	10.89891	0.3159045946109737	-5.775294494849236	1.3491395117916167	-0.6818	0.3054	-0.9113
1547.0	3.831786	3.067587	11.244222000000002	0.26703537555513246	-6.3861597330472515	1.6301375213627038	-0.7125	0.307	-0.8837
1548.0	3.470778	3.497265	11.582667	0.23911010752322315	-7.757988525114794	2.1485003092050197	-0.7443	0.3146	-0.8469
1549.0	3.260844	3.952449	11.894625	0.2897246558310587	-8.80867673481538	2.7279496208671374	-0.7792	0.3258	-0.8026
1550.0	3.2667300000000004	4.1329530000000005	12.252690000000001	0.7260569688296411	-9.740682555380353	2.9321531433504737	-0.815	0.3372	-0.7474
1551.0	4.360545	3.655206	12.607812	1.65282680163863	-9.833185005736052	2.436479635784084	-0.8473	0.3515	-0.6871
1552.0	6.406911	3.180402	12.584268	2.3649211364523164	-9.063494805606553	1.7226399717184033	-0.8793	0.364	-0.6196
1553.0	8.474859	2.750724	12.496959	2.3649211364523164	-9.063494805606553	1.7226399717184033	-0.9094	0.3801	-0.5551
1554.0	10.575180000000001	2.276901	12.362562	2.3649211364523164	-9.063494805606553	1.7226399717184033	-0.9354	0.3957	-0.4947
1555.0	12.726512999999999	1.641213	12.204621000000001	2.3649211364523164	-9.063494805606553	1.7226399717184033	-0.9585	0.4095	-0.4374
1556.0	13.998870000000002	2.206269	12.693159000000001	0.9791297103688189	-1.907644872429802	1.9408061282176945	-0.9761	0.4265	-0.3678
1557.0	13.01787	2.424051	13.166982	0.5009094953223726	-0.16929693744344995	1.9338248112097172	-0.9869	0.4452	-0.3029
1558.0	12.304683	2.448576	13.386726000000001	0.8412486994612669	-0.6736970912698113	1.436405974391333	-0.9913	0.4593	-0.2484
1559.0	12.663729	2.557467	13.728114	0.7487462491055673	0.8621926504851988	1.218239817892042	-0.9911	0.4692	-0.2029
1560.0	11.768076	2.745819	13.731057	0.7173303225696694	1.2688543661998777	1.069886831472524	-0.991	0.4808	-0.1696
1561.0	9.610857000000001	3.4609680000000003	13.41027	0.8203047484373349	1.5079644737231008	0.630063859969953	-0.988	0.4915	-0.1502
1562.0	6.697287	4.240863	13.386726000000001	0.7766715171374766	1.9774580425095754	0.34033920413889424	-0.9823	0.5024	-0.1435
1563.0	3.8739689999999998	4.908924	13.304322	0.8429940287132611	2.3369958684204075	0.03490658503988659	-0.9761	0.5133	-0.139
1564.0	1.2841289999999999	5.510277	13.168944000000002	0.9756390518648302	2.815216083466854	-0.3892084231947355	-0.9695	0.5235	-0.1386
1565.0	-1.172295	6.081219	13.015908	1.0192722831646885	3.347541505325124	-0.8255407361933178	-0.9632	0.5324	-0.1402
1566.0	-2.543733	5.362146	12.139875000000002	0.9197885158010117	3.8868482441913716	-1.1955505376161157	-0.9528	0.535	-0.1644
1567.0	-1.498968	4.912848	11.211849	0.8133234314293576	4.1381756564785555	-1.3596114873035827	-0.9459	0.538	-0.1939
1568.0	-0.635688	4.586175000000001	10.493757000000002	0.5515240436302081	4.5588000062091885	-1.6214108751027323	-0.9385	0.5358	-0.226
1569.0	-0.948627	4.099599	9.645192	0.28623399732707	4.900884539600078	-1.8325957145940461	-0.9318	0.5327	-0.2635
1570.0	-0.17756100000000002	3.728781	9.080136	0.12566370614359174	5.110324049839397	-2.014109956801456	-0.9213	0.5276	-0.3031
1571.0	0.85347	3.317742	8.802513000000001	0.05585053606381855	5.263913024014898	-2.16071761396898	-0.9092	0.5135	-0.344
1572.0	1.773648	2.892969	8.58375	0.029670597283903602	5.380850083898518	-2.2671826983406342	-0.8987	0.4955	-0.3861
1573.0	2.6339850000000005	2.5996500000000005	8.474859	0.013962634015954637	5.42971930295436	-2.2968532956245378	-0.8863	0.4774	-0.4297
1574.0	3.3314760000000003	2.3956020000000002	8.503308	0.020943951023931952	5.469861875750229	-2.314306588144481	-0.8749	0.4591	-0.4739
1575.0	3.995613	2.280825	8.635743	0.008726646259971648	5.579817618625872	-2.3369958684204075	-0.8567	0.4391	-0.5228
1576.0	4.637187	2.218041	8.876088000000001	-0.041887902047863905	5.714207971029435	-2.3806290997202657	-0.8391	0.4184	-0.5703
1577.0	5.3023050000000005	2.1935160000000002	9.190989	-0.07504915783575616	5.911430176504794	-2.426007660272118	-0.8187	0.3951	-0.6179
1578.0	5.9860619999999995	2.2396230000000004	9.565731	-0.09250245035569947	6.049311187412346	-2.4539329283040274	-0.7965	0.3762	-0.6676
1579.0	6.648237	2.3563620000000003	9.999333000000002	-0.020943951023931952	6.0074232853644824	-2.4312436480281012	-0.7716	0.3545	-0.7135
1580.0	7.283925000000001	2.5398090000000004	10.497681000000002	0.07504915783575616	5.916666164260777	-2.4015730507441972	-0.7463	0.3298	-0.7623
1581.0	7.976511000000001	2.7968310000000005	11.083338	0.32812189937493397	5.5780722893738774	-2.405063709248186	-0.717	0.3101	-0.8098
1582.0	8.834886000000001	3.219642	11.783772	0.49741883681838395	5.194099853935125	-2.4574235868080163	-0.6883	0.2926	-0.8553
1583.0	9.964998000000001	3.8749500000000006	12.66471	0.41364303272265607	5.01084028247572	-2.670353755551324	-0.6541	0.2717	-0.9024
1584.0	11.331531	4.695066000000001	13.550553	0.03316125578789226	5.1155600375953805	-3.0333822399661448	-0.6122	0.2498	-0.9481
1585.0	12.826575000000002	5.606415	14.241177	-0.4904375198104066	5.263913024014898	-3.251548396465436	-0.5714	0.2301	-0.9888
1586.0	14.269625999999999	5.938974000000001	14.623766999999999	-0.5602506898901798	5.185373207675154	-3.431317309420852	-0.5285	0.2136	-1.0325
1587.0	15.624387	6.0115680000000005	14.607090000000001	-0.45029494701453704	5.124286683855352	-3.42259066316088	-0.4753	0.1937	-1.0725
1588.0	17.094906	6.212673	14.183298	-0.5270894341022875	4.820599394008338	-3.0037116426822412	-0.4221	0.174	-1.1089
1589.0	18.722385000000003	6.411816	13.227804	-0.8220500776893293	4.420918995301637	-2.239257430308725	-0.3688	0.1591	-1.1421
1590.0	20.926692	6.222483	11.482605000000001	-0.7312929565856241	4.221951460574283	-1.1938052083641215	-0.3104	0.1497	-1.1699
1591.0	23.022108000000003	4.763736	8.504289	0.8621926504851988	3.8903389026953605	-0.2059488517353309	-0.2557	0.1404	-1.1932
1592.0	24.892875000000004	2.311236	4.844178	2.8379053637427796	2.3177972466484698	0.10995574287564276	-0.1966	0.1312	-1.2113
1593.0	25.675713000000002	0.7769520000000001	1.2105540000000001	2.5132741228718345	0.3665191429188092	1.3002702927357754	-0.144	0.125	-1.2267
1594.0	25.397109000000004	0.244269	-1.819755	1.663298777150596	-0.4537856055185257	1.99142067652553	-0.1001	0.1176	-1.2377
1595.0	24.799680000000002	-0.227592	-4.004442	0.06632251157578452	-2.0943951023931953	2.5935592684635735	-0.0643	0.1107	-1.2475
1596.0	24.594651	-0.23544	-5.376861000000001	-0.6492624817418906	-2.2741640153486116	2.2549653935766734	-0.0345	0.1012	-1.252
1597.0	24.496551000000004	-0.046107	-5.940936000000001	-0.5707226654021458	-1.6179202165987436	1.0873401239924672	-0.0177	0.0991	-1.2525
1598.0	23.598936000000002	0.21778200000000003	-6.180300000000001	-0.9407324668249436	-0.8936085770210968	-0.5951572749300664	-0.0049	0.0971	-1.2521
1599.0	22.353066000000002	0.893691	-5.793786000000001	-2.3701571242083	-2.035053907825388	-0.3036872898470133	-0.0006	0.0938	-1.2503
1600.0	17.166519	0.21778200000000003	-4.150611	-0.7190756518216638	-4.9131018443640375	-0.7435102613495844	-0.0097	0.0914	-1.2478
1601.0000000000002	12.571515000000002	-0.020601	-1.100682	-0.40491638646268446	-6.6217791820664855	-0.6038839211900381	-0.0291	0.0891	-1.243
1602.0	12.40965	0.69651	2.877273	-0.1710422666954443	-5.572836301617895	-0.1064650843716541	-0.0558	0.0916	-1.2389
1603.0	13.177773	0.7406550000000001	6.556023000000001	-0.22689280275926285	-2.8239427297268254	0.9721483933608416	-0.0863	0.0951	-1.2314
1604.0	12.984516000000001	0.282528	9.158616	-0.11868238913561441	-1.335176877775662	1.6074482410867774	-0.1189	0.1016	-1.2245
1605.0	11.529693	0.401229	10.492776000000001	-0.08552113334772216	-1.87448361664191	0.7871434926494426	-0.148	0.1076	-1.2166
1605.9999999999998	9.323424000000001	1.424412	10.844955	-0.9948376736367679	-3.221877799181532	0.6544984694978736	-0.1822	0.1174	-1.2057
1607.0	7.997112	1.68732	10.929321000000002	-1.2967796342317868	-3.155555287605748	0.7696902001294994	-0.2175	0.1254	-1.1955
1607.9999999999998	7.835247	0.648441	11.293272	-1.2479104151759457	-2.0525072003453313	0.9197885158010117	-0.2544	0.1361	-1.1819
1609.0	7.5370230000000005	-0.464994	11.501244000000002	-1.2671090369478832	-0.9354964790689606	0.9023352232810684	-0.2862	0.1476	-1.1696
1610.0000000000002	9.994428	0.6837570000000001	11.097072	-1.281071670963838	-1.017526953912694	0.8377580409572782	-0.3128	0.157	-1.158
1611.0	12.071204999999999	2.1111120000000003	10.686033	-1.054178868204575	-0.7225663103256524	0.7644542123735163	-0.3323	0.1687	-1.1496
1612.0	9.922815000000002	3.081321	9.903195000000002	-0.6736970912698113	-0.22165681500327983	0.43982297150257105	-0.347	0.1804	-1.1397
1613.0	7.333956000000001	3.9495060000000004	9.025200000000002	-0.5201081170943103	-0.09250245035569947	0.33335788713091696	-0.3592	0.1947	-1.1322
1614.0	6.379443	4.242825	8.513118	-0.4869468613064179	-0.08726646259971647	0.32812189937493397	-0.37	0.2059	-1.1253
1614.9999999999998	6.816969	3.645396	8.49546	-0.39269908169872414	-0.0645771823237902	0.27401669256310973	-0.3805	0.2214	-1.1185
1616.0	7.548795	2.143485	8.874126	-0.29496064358704166	-0.03316125578789226	0.2059488517353309	-0.3857	0.2346	-1.1144
1617.0000000000002	7.228008000000001	1.473462	9.066402	-0.2059488517353309	-0.07853981633974483	0.16580627893946132	-0.3879	0.2437	-1.1118
1618.0	6.350013000000001	1.9100070000000002	9.008523	-0.1466076571675237	-0.12391837689159739	0.13962634015954636	-0.3904	0.2537	-1.1105
1619.0000000000002	5.790843000000001	1.9884870000000001	8.953587	-0.15707963267948966	-0.12740903539558607	0.13264502315156904	-0.3904	0.2638	-1.1114
1620.0	5.834007000000001	1.5127020000000002	8.986941	-0.14835298641951802	-0.10471975511965978	0.11344640137963143	-0.3918	0.2744	-1.1099
1621.0	5.655465	1.5784289999999999	8.770140000000001	-0.1466076571675237	-0.09948376736367678	0.1064650843716541	-0.3944	0.28	-1.1084
1622.0	5.261103	1.9904490000000001	8.552358	-0.143116998663535	-0.0645771823237902	0.10471975511965978	-0.3962	0.2824	-1.109
1623.0	5.167908000000001	2.003202	8.462106	-0.16057029118347832	-0.038397243543875255	0.09948376736367678	-0.4004	0.2821	-1.1076
1623.9999999999998	5.156136	1.9060830000000002	8.387550000000001	-0.1710422666954443	-0.027925268031909273	0.09075712110370514	-0.4016	0.2871	-1.1059
1625.0	5.097276	1.9325700000000001	8.345367000000001	-0.158824961931484	-0.022689280275926284	0.0890117918517108	-0.3999	0.2882	-1.1053
1626.0000000000002	5.05215	1.999278	8.292393	-0.15533430342749532	-0.003490658503988659	0.0942477796076938	-0.4021	0.2897	-1.1043
1627.0	5.059998	2.023803	8.223723000000001	-0.16231562043547265	-0.005235987755982988	0.0890117918517108	-0.4042	0.2972	-1.1027
1628.0	5.0786370000000005	1.9924110000000002	8.178597	-0.15184364492350666	-0.003490658503988659	0.08203047484373349	-0.403	0.2994	-1.1037
1629.0	5.085504	1.9580760000000001	8.163882000000001	-0.12740903539558607	0.0	0.0890117918517108	-0.4047	0.3012	-1.1022
1630.0	5.074713	1.9433610000000001	8.157015000000001	-0.1117010721276371	0.005235987755982988	0.07679448708775051	-0.4045	0.3016	-1.1034
1630.9999999999998	5.072751	1.921779	8.147205000000001	-0.0890117918517108	0.006981317007977318	0.061086523819801536	-0.404	0.3039	-1.1018
1632.0	5.076675	1.897254	8.133471	-0.07504915783575616	0.0	0.05235987755982989	-0.4038	0.3087	-1.1024
1632.9999999999998	5.079618000000001	1.8805770000000002	8.134452000000001	-0.059341194567807204	-0.010471975511965976	0.04363323129985824	-0.3998	0.3139	-1.1032
1634.0	5.086485	1.8609570000000002	8.135433	-0.059341194567807204	-0.010471975511965976	0.04363323129985824	-0.3968	0.317	-1.1041
1635.0000000000002	5.094333	1.827603	8.148186	-0.05061454830783556	-0.015707963267948967	0.031415926535897934	-0.3988	0.3198	-1.1033
1636.0	5.1041430000000005	1.8070020000000002	8.158977	-0.048869219055841226	-0.022689280275926284	0.03665191429188092	-0.3971	0.3214	-1.1002
1637.0	5.111991000000001	1.767762	8.177616	-0.029670597283903602	-0.017453292519943295	0.024434609527920613	-0.3948	0.3183	-1.1009
1638.0	5.113953	1.7432370000000001	8.187426	-0.008726646259971648	-0.027925268031909273	0.019198621771937627	-0.395	0.3184	-1.1008
1639.0	5.110029000000001	1.733427	8.216856	-0.0	-0.061086523819801536	0.006981317007977318	-0.3939	0.3168	-1.1013
1639.9999999999998	5.1090480000000005	1.7569710000000003	8.227647000000001	0.0017453292519943296	-0.07330382858376185	-0.003490658503988659	-0.3938	0.3168	-1.1003
1641.0	5.1090480000000005	1.784439	8.246286000000001	0.005235987755982988	-0.0942477796076938	-0.006981317007977318	-0.3941	0.3179	-1.1016
1642.0000000000002	5.105124	1.7962110000000002	8.271792	0.024434609527920613	-0.12391837689159739	-0.012217304763960306	-0.3947	0.3172	-1.1003
1643.0	5.088447	1.7962110000000002	8.311031999999999	0.03665191429188092	-0.18500490071139894	-0.05235987755982989	-0.3975	0.3179	-1.0987
1644.0000000000002	5.0531310000000005	1.7962110000000002	8.371854	0.0645771823237902	-0.291469985083053	-0.05585053606381855	-0.3981	0.3156	-1.096
1645.0	4.974651000000001	1.768743	8.477802	0.1413716694115407	-0.4415683007545654	-0.005235987755982988	-0.3988	0.3161	-1.0958
1646.0	4.864779	1.688301	8.614161000000001	0.2827433388230814	-0.6911503837897546	-0.003490658503988659	-0.4007	0.3162	-1.0974
1647.0	4.821615	1.6441560000000002	8.706375	0.32637657012293964	-0.7766715171374766	-0.04363323129985824	-0.406	0.3167	-1.0959
1648.0	4.776489000000001	1.5666570000000002	8.823114	0.44505895925855404	-1.007054978400728	-0.04363323129985824	-0.4088	0.3158	-1.0943
1648.9999999999998	4.763736	1.453842	8.929062	0.5672320068981571	-1.2426744274199626	-0.0715584993317675	-0.4124	0.3147	-1.092
1650.0	4.758831	1.394001	9.080136	0.5480333851262195	-1.5184364492350666	-0.0890117918517108	-0.4225	0.3141	-1.089
1651.0000000000002	4.720572000000001	1.444032	9.263583	0.5427973973702365	-1.8448130193580063	-0.0471238898038469	-0.429	0.3114	-1.0839
1652.0	4.690161000000001	1.5028920000000001	9.438201	0.5427973973702365	-1.8448130193580063	-0.0471238898038469	-0.4363	0.3093	-1.0797
1653.0	4.64013	1.731465	9.615762	0.5550147021341968	-2.62846585350346	0.1064650843716541	-0.4473	0.3027	-1.0716
1654.0	4.5930420000000005	1.9100070000000002	9.79038	0.5113814708343386	-2.8256880589788196	0.13788101090755203	-0.4637	0.3001	-1.0645
1655.0	4.568517	2.053233	9.964998000000001	0.47647488579445196	-3.303908274025266	0.23212879051524585	-0.4793	0.2965	-1.0555
1655.9999999999998	4.545954	2.18763	10.180818	0.49567350756638956	-3.871140280923423	0.40317105721069013	-0.5	0.2926	-1.0454
1657.0	4.413519000000001	2.3131980000000003	10.508472	0.48171087355043496	-4.590215932745087	0.6527531402458793	-0.5182	0.2897	-1.0319
1657.9999999999998	4.186908000000001	2.6133840000000004	10.858689	0.3665191429188092	-5.539675045830002	1.0838494654884787	-0.5405	0.2849	-1.0139
1659.0	3.8298240000000003	3.1225230000000006	11.255013	0.31066860685499065	-6.850417314077744	1.6929693744344996	-0.5691	0.2815	-0.9921
1660.0000000000002	3.3962220000000003	3.532581	11.653299	0.43982297150257105	-8.248426044925202	2.2479840765686965	-0.5962	0.2795	-0.9654
1661.0	3.1647060000000002	3.863178	11.927979	0.4642575810304917	-8.74409955249159	2.516764781375823	-0.6316	0.2819	-0.934
1662.0	2.985183	4.058397	12.211488	0.7033676885537148	-9.98502865065956	2.8448866807507573	-0.6682	0.2856	-0.8934
1663.0	3.635586	3.542391	12.514617000000001	1.541125729510993	-10.662216400433358	2.4609142453120048	-0.7056	0.2938	-0.848
1664.0	5.3964810000000005	2.892969	12.422403000000001	2.4155356847601523	-10.180505526882923	1.689478715930511	-0.746	0.3028	-0.7911
1664.9999999999998	7.634142000000001	2.963601	11.878929000000001	2.4731315500759647	-9.117600012418377	1.4660765716752369	-0.7867	0.3112	-0.7231
1666.0	10.085661	3.5826120000000006	11.690577000000001	2.309070600388498	-7.92903079181024	1.736602605734358	-0.824	0.3219	-0.6506
1667.0000000000002	12.198735000000001	4.397823	12.029022	2.1066124071571557	-6.492624817418906	1.6510814723866356	-0.8619	0.3357	-0.573
1668.0	14.815062000000001	4.905981	12.431232000000001	1.8971728969178363	-5.1749012321631875	1.3386675362796507	-0.8971	0.3544	-0.4916
1669.0000000000002	16.156089	5.510277	12.740247	0.9599310885968813	-2.2636920398366454	1.424188669627373	-0.9228	0.3751	-0.4123
1670.0	15.437997000000001	5.902677000000001	13.069863000000002	-0.05061454830783556	0.33510321638291124	1.254891732183923	-0.9438	0.394	-0.337
1671.0	14.552154000000002	6.2607420000000005	13.483845	-0.05061454830783556	0.33510321638291124	1.254891732183923	-0.9583	0.4103	-0.2685
1672.0	14.952402000000001	6.5785860000000005	13.75362	-0.4241150082346221	1.6406094968746698	0.9110618695410401	-0.9706	0.4276	-0.209
1673.0	13.395555	7.100478000000001	13.619223000000002	-0.29496064358704166	2.117084382669122	0.7155849933176751	-0.9745	0.4426	-0.1609
1673.9999999999998	10.556541000000001	7.739109000000001	13.543686000000001	-0.12042771838760874	2.0629791758572975	0.5602506898901798	-0.9763	0.4574	-0.1238
1675.0	7.4683530000000005	7.707717	13.811499	0.09599310885968812	2.246238747316702	0.39269908169872414	-0.9748	0.4724	-0.1038
1676.0000000000002	4.321305000000001	7.1200980000000005	13.617261	0.3612831551628262	2.438224965036078	0.20245819323134223	-0.9719	0.488	-0.0892
1677.0	1.7922870000000002	6.3676710000000005	12.788316000000002	0.6073745796940266	2.790781473938933	-0.0890117918517108	-0.9684	0.5006	-0.0883
1678.0	-0.998658	5.834007000000001	11.849499	0.7208209810736581	3.330088212805181	-0.4188790204786391	-0.9645	0.5096	-0.0976
1679.0	-2.220984	5.048226	10.986219	0.6946410422937431	3.9688787190351054	-0.7627088831215221	-0.964	0.5163	-0.1127
1680.0	-1.1801430000000002	4.55184	10.049364	0.49567350756638956	4.680973053848792	-1.090830782496456	-0.9611	0.5198	-0.1362
1680.9999999999998	-0.112815	4.092732000000001	9.089946	0.32288591161895097	4.974188368183839	-1.2060225131280815	-0.9595	0.5242	-0.1641
1682.0	-0.38357100000000005	3.808242	8.263944	0.32288591161895097	4.974188368183839	-1.2060225131280815	-0.959	0.5263	-0.1922
1682.9999999999998	0.437526	3.8121660000000004	7.741071000000001	-0.3944444109507185	5.647885459453651	-1.5550883635269475	-0.9598	0.525	-0.2296
1684.0	1.469538	3.7621350000000002	7.502688000000001	-0.5427973973702365	5.729915934297384	-1.668534764906579	-0.9548	0.522	-0.2747
1685.0000000000002	2.323989	3.636567	7.34769	-0.4834562028024293	5.717698629533424	-1.827359726838063	-0.9497	0.5172	-0.3191
1686.0	3.1333140000000004	3.5531820000000005	7.278039000000001	-0.3141592653589793	5.7124626417774405	-1.9687313962496036	-0.9401	0.5079	-0.3711
1687.0	3.8200140000000005	3.4688160000000003	7.331994	-0.12740903539558607	5.7630771900852755	-2.0961404316451895	-0.9289	0.4986	-0.4253
1688.0	4.481208	3.398184	7.4938590000000005	-0.05585053606381855	5.8398716771730275	-2.1467549799530254	-0.9154	0.4854	-0.4816
1689.0	5.0531310000000005	3.4001460000000003	7.724394	0.0017453292519943296	6.023131248632431	-2.2270401255447645	-0.8965	0.4747	-0.5425
1689.9999999999998	5.555403	3.4511580000000004	8.031447	-0.07679448708775051	6.22035345410779	-2.2671826983406342	-0.8759	0.4605	-0.6024
1691.0	6.093972	3.5149230000000005	8.410112999999999	-0.1466076571675237	6.347762489503376	-2.3003439541285267	-0.8483	0.4452	-0.6624
1692.0000000000002	6.679629	3.596346	8.842734	-0.11519173063162574	6.311110575211496	-2.282890661608583	-0.8138	0.4276	-0.7273
1693.0	7.380063	3.695427	9.393075000000001	0.12391837689159739	6.10341639422417	-2.2252947962927703	-0.7758	0.4096	-0.7848
1694.0000000000002	8.138376000000001	3.8808360000000004	10.028763	0.32288591161895097	5.902703530244822	-2.2427480888127134	-0.7323	0.3916	-0.8392
1695.0	9.051687	4.227129000000001	10.731159000000002	0.7068583470577035	5.375614096142535	-2.2776546738526	-0.6905	0.3746	-0.8924
1696.0	10.196514000000002	4.879494	11.626812000000001	0.8552113334772214	4.890412564088111	-2.4870941840919194	-0.6471	0.3593	-0.9406
1697.0	11.663109	5.673123	12.542085	0.7068583470577035	4.850269991292241	-2.843141351498763	-0.6023	0.3383	-0.9842
1698.0	13.302360000000002	6.546213000000001	13.242519000000001	0.2984513020910304	5.042256209011618	-3.1904618726456344	-0.5512	0.3215	-1.0228
1698.9999999999998	14.944554000000002	7.334937000000001	13.653558	-0.13439035240356337	5.122541354603357	-3.2724923474893677	-0.5012	0.3023	-1.0578
1700.0	16.433712	7.12206	13.726152	0.17453292519943295	5.045746867515607	-3.5377823937925057	-0.4506	0.2897	-1.0899
1701.0000000000002	17.911098000000003	6.657066	13.400460000000002	0.41538836197465046	4.932300466135976	-3.574434308084387	-0.3987	0.2739	-1.1196
1702.0	19.48266	6.377481	12.657843000000002	0.3141592653589793	4.508185457901353	-3.092723434533952	-0.3512	0.2576	-1.1449
1703.0	21.347541	6.136155	11.345265000000001	-0.19024088846738194	4.122467693210607	-2.2811453323565885	-0.3019	0.2437	-1.1659
1704.0	23.411565	5.523029999999999	9.001656	-0.23736477827122882	4.146902302738527	-1.0105456369047168	-0.2587	0.2321	-1.1837
1705.0	25.296066	3.665016	5.557365	1.3735741213195374	3.5046211380046137	0.27576202181510406	-0.209	0.2207	-1.199
1705.9999999999998	26.626302000000003	1.247832	1.829565	2.897246558310587	1.4433872913993107	0.9930923443847735	-0.1624	0.2095	-1.2116
1707.0	26.569404000000002	-0.135378	-1.5391890000000001	2.26543736908864	-0.24434609527920614	2.150245638457014	-0.1142	0.1969	-1.2222
1707.9999999999998	25.722801000000004	-0.787743	-3.9730500000000006	1.583013631558857	-1.085594794740473	2.530727415391778	-0.0764	0.1816	-1.2323
1709.0	25.016481000000002	-1.326312	-5.672142000000001	0.5113814708343386	-2.1467549799530254	2.707005669843205	-0.0453	0.1696	-1.2399
1710.0000000000002	24.69177	-0.792648	-6.450075	-0.13962634015954636	-2.007128639793479	2.0682151636132806	-0.0197	0.1523	-1.2444
1711.0	23.515551000000002	0.551322	-6.342165	-1.8936822384138476	-1.7453292519943295	0.5148721293383273	-0.0027	0.1421	-1.2452
1712.0	22.169619	2.323989	-6.058656000000001	-5.050982855271589	-2.1467549799530254	0.9808750396208132	0.0098	0.1379	-1.2463
1713.0	18.156348	1.0987200000000001	-4.377222	-2.3369958684204075	-3.8868482441913716	-0.5811946409141117	0.0118	0.1392	-1.2456
1714.0	13.833081	-0.764199	-1.753047	-0.7539822368615504	-5.801474433629151	-1.1833332328521553	0.0096	0.1404	-1.2458
1714.9999999999998	12.753981000000001	-0.94176	1.804059	-0.6457718232379019	-5.468116546498234	-0.783652834145454	-0.0064	0.1455	-1.2421
1716.0	12.502845	-0.26977500000000004	5.665275	-0.5201081170943103	-3.363249468593073	0.5235987755982988	-0.029	0.1511	-1.2375
1717.0000000000002	12.182058000000001	-0.37179900000000005	8.785836	-0.2775073510670984	-1.5760323145508794	1.4206980111233845	-0.0606	0.1646	-1.2326
1718.0	10.867517999999999	-0.281547	10.602648	-0.2583087292951608	-1.5707963267948966	1.0873401239924672	-0.0922	0.18	-1.2247
1719.0000000000002	8.68185	0.558189	11.328588000000002	-0.8604473212332044	-2.977531703902326	0.7609635538695277	-0.1238	0.1952	-1.2165
1720.0	7.215255000000001	0.796572	11.49732	-1.5533430342749532	-3.040363556974122	1.0349802464326374	-0.1558	0.215	-1.2077
1721.0	7.38693	-0.6278400000000001	11.476719	-1.4974924982111346	-2.535963403147761	1.0629055144645467	-0.1899	0.2327	-1.1976
1722.0	7.502688000000001	-2.7428760000000003	11.754342	-1.4730578886832142	-1.075122819228507	1.1152653920243765	-0.224	0.2521	-1.188
1723.0	9.195894000000001	-1.4136210000000002	11.053908000000002	-1.3508848410436112	-0.8656833089891874	0.8918632477691024	-0.2545	0.2696	-1.1784
1723.9999999999998	11.187324000000002	0.523854	10.654641000000002	-0.9896016858807849	-0.4869468613064179	0.6527531402458793	-0.2812	0.2878	-1.1673
1725.0	9.844335000000001	1.78542	10.156293000000002	-0.5515240436302081	-0.1308996938995747	0.3368485456349056	-0.3029	0.3013	-1.1566
1726.0000000000002	7.708698000000001	2.879235	9.314595	-0.3961897402027128	-0.07679448708775051	0.2426007660272118	-0.3182	0.3139	-1.1486
1727.0	6.566814	3.640491	8.687736000000001	-0.3193952531149623	-0.059341194567807204	0.19896753472735357	-0.3286	0.3281	-1.1396
1728.0	6.918012000000001	3.2029650000000003	8.542548	-0.27401669256310973	-0.05585053606381855	0.17976891295541594	-0.3369	0.3414	-1.1365
1729.0	7.8931260000000005	1.80504	8.954568	-0.15533430342749532	-0.04363323129985824	0.11344640137963143	-0.3431	0.3536	-1.1307
1730.0	7.816608	0.907425	9.294975	-0.059341194567807204	-0.07853981633974483	0.04363323129985824	-0.3486	0.3648	-1.1246
1730.9999999999998	6.874848	1.121283	9.275355000000001	-0.006981317007977318	-0.12566370614359174	0.019198621771937627	-0.3497	0.3757	-1.1217
1732.0	6.031188	1.434222	9.099756000000001	-0.003490658503988659	-0.14835298641951802	0.017453292519943295	-0.35	0.3809	-1.1181
1732.9999999999998	5.930145	1.283148	9.001656	-0.026179938779914945	-0.12740903539558607	0.031415926535897934	-0.349	0.3846	-1.1167
1734.0	5.5642320000000005	1.5519420000000002	8.658306000000001	-0.024434609527920613	-0.12566370614359174	0.03490658503988659	-0.3486	0.3832	-1.1148
1735.0000000000002	5.285628	1.9551330000000002	8.492517000000001	-0.031415926535897934	-0.10297442586766545	0.03316125578789226	-0.3494	0.3828	-1.1152
1736.0	5.215977	1.934532	8.405208	-0.012217304763960306	-0.11344640137963143	0.017453292519943295	-0.3501	0.3848	-1.1145
1737.0	5.174775	1.8060210000000003	8.368911	-0.015707963267948967	-0.1117010721276371	0.019198621771937627	-0.3512	0.3822	-1.1155
1738.0	5.129649000000001	1.8138690000000002	8.3385	0.003490658503988659	-0.1117010721276371	0.015707963267948967	-0.3517	0.3834	-1.1114
1739.0	5.076675	1.9109880000000001	8.288469000000001	-0.0	-0.1064650843716541	0.015707963267948967	-0.3546	0.3839	-1.1122
1739.9999999999998	5.064903	1.963962	8.225685	0.008726646259971648	-0.10122909661567112	0.010471975511965976	-0.3549	0.382	-1.1115
1741.0	5.086485	1.968867	8.168787	0.003490658503988659	-0.0942477796076938	0.012217304763960306	-0.3581	0.3799	-1.1128
1742.0000000000002	5.098257000000001	1.9276650000000002	8.143281	-0.017453292519943295	-0.06981317007977318	0.006981317007977318	-0.3588	0.3798	-1.1104
1743.0	5.110029000000001	1.8933300000000002	8.134452000000001	-0.03316125578789226	-0.03490658503988659	0.019198621771937627	-0.3628	0.3808	-1.1083
1744.0000000000002	5.116896	1.8658620000000001	8.111889	-0.031415926535897934	-0.010471975511965976	0.026179938779914945	-0.3632	0.3831	-1.1065
1745.0	5.1218010000000005	1.861938	8.091288	-0.026179938779914945	-0.015707963267948967	0.017453292519943295	-0.362	0.3846	-1.107
1746.0	5.124744	1.8737100000000002	8.072649	-0.026179938779914945	-0.015707963267948967	0.017453292519943295	-0.3625	0.3846	-1.1073
1747.0	5.122782	1.8903870000000003	8.062839	-0.024434609527920613	-0.031415926535897934	0.024434609527920613	-0.3623	0.3879	-1.105
1748.0	5.133573	1.90314	8.053029	-0.03316125578789226	-0.027925268031909273	0.019198621771937627	-0.3644	0.389	-1.1068
1748.9999999999998	5.144364	1.902159	8.049105	-0.020943951023931952	-0.010471975511965976	0.005235987755982988	-0.3619	0.3918	-1.1049
1750.0	5.150250000000001	1.88352	8.05401	-0.029670597283903602	-0.031415926535897934	0.003490658503988659	-0.3604	0.3952	-1.1055
1751.0000000000002	5.154174	1.836432	8.077554000000001	-0.0	-0.0471238898038469	-0.003490658503988659	-0.3587	0.3953	-1.1053
1752.0	5.1571169999999995	1.810926	8.106984	0.0017453292519943296	-0.07679448708775051	-0.015707963267948967	-0.3597	0.3967	-1.1077
1753.0	5.1571169999999995	1.8119070000000002	8.136414	0.027925268031909273	-0.06806784082777885	-0.020943951023931952	-0.3573	0.3955	-1.1094
1754.0	5.1522120000000005	1.8266220000000002	8.160939	0.041887902047863905	-0.0942477796076938	-0.017453292519943295	-0.3608	0.3977	-1.1104
1755.0	5.159079	1.8334890000000001	8.185464000000001	0.05235987755982989	-0.10471975511965978	-0.019198621771937627	-0.3616	0.3985	-1.1094
1755.9999999999998	5.158098000000001	1.8236790000000003	8.22078	0.08203047484373349	-0.14835298641951802	-0.022689280275926284	-0.3633	0.3985	-1.1086
1757.0	5.153193	1.8079830000000001	8.26002	0.10995574287564276	-0.19198621771937624	-0.041887902047863905	-0.3669	0.3979	-1.1082
1757.9999999999998	5.118858	1.7667810000000002	8.317899	0.15533430342749532	-0.2827433388230814	-0.05061454830783556	-0.3683	0.3957	-1.1084
1759.0	5.043321000000001	1.723617	8.417961	0.22689280275926285	-0.4537856055185257	-0.038397243543875255	-0.37	0.3916	-1.1078
1760.0000000000002	4.990347000000001	1.653966	8.519985	0.3595378259108319	-0.6702064327658225	-0.0715584993317675	-0.3762	0.3917	-1.107
1761.0	4.956993	1.624536	8.605332	0.4066617157146788	-0.7522369076095561	-0.10122909661567112	-0.3795	0.3926	-1.1066
1762.0	4.92462	1.601973	8.704413	0.5131268000863328	-0.9546951008408983	-0.09599310885968812	-0.3825	0.3903	-1.1045
1763.0	4.9079429999999995	1.525455	8.784855	0.619591884457987	-1.1501719770642633	-0.10471975511965978	-0.3862	0.3871	-1.103
1764.0	4.902057	1.45188	8.880012	0.7295476273336297	-1.3596114873035827	-0.10821041362364843	-0.3923	0.3814	-1.0994
1764.9999999999998	4.887342	1.509759	8.998713	0.7103490055616922	-1.6196655458507379	-0.09599310885968812	-0.4016	0.3771	-1.0981
1766.0	4.838292000000001	1.7098830000000003	9.146844	0.6475171524898963	-1.9547687622336491	-0.008726646259971648	-0.4097	0.3718	-1.0957
1767.0000000000002	4.796109	1.9237410000000001	9.276336	0.6667157742618339	-2.3055799418845093	0.07679448708775051	-0.4177	0.3666	-1.0939
1768.0	4.781394000000001	2.112093	9.381303	0.6667157742618339	-2.4748768793279594	0.10122909661567112	-0.4281	0.3642	-1.0899
1769.0000000000002	4.798071	2.232756	9.452916	0.6667157742618339	-2.876302607286655	0.13264502315156904	-0.443	0.3606	-1.0839
1770.0	4.783356	2.322027	9.547092	0.6894050545377601	-3.284709652253328	0.20245819323134223	-0.4567	0.352	-1.0764
1771.0	4.7225340000000005	2.3544	9.70209	0.7557275661135446	-3.857177646907468	0.27576202181510406	-0.4754	0.3443	-1.0654
1772.0	4.628358	2.4191460000000005	9.887499	0.7609635538695277	-4.54309204294124	0.38571776469074687	-0.496	0.3362	-1.0512
1773.0	4.491999	2.684997	10.117053000000002	0.7958701389094143	-5.34943415736262	0.6265732014659643	-0.5228	0.3308	-1.0364
1773.9999999999998	4.291875	3.012651	10.397619	0.8726646259971648	-6.3285638677314395	0.9896016858807849	-0.5518	0.3257	-1.0204
1775.0	4.065264	3.196098	10.660527	0.9285151620609834	-6.8661252773456924	1.1885692206081384	-0.58	0.3255	-0.9928
1776.0000000000002	4.005423	3.2216040000000006	10.882233	1.090830782496456	-7.763224512870778	1.5376350710070041	-0.6158	0.3257	-0.9619
1777.0	3.987765	3.1637250000000003	11.047041000000002	1.387536755335492	-8.75980751575954	1.7139133254584316	-0.6535	0.3251	-0.9264
1778.0	4.457664	2.956734	11.221658999999999	1.8640116411299439	-9.31656754714573	1.4852751934471744	-0.6973	0.3251	-0.8802
1779.0	4.940316000000001	2.822337	11.387448000000001	1.8640116411299439	-9.31656754714573	1.4852751934471744	-0.7381	0.3262	-0.8369
1780.0	7.019055000000001	2.7683820000000003	11.093148000000001	2.9740410453983377	-8.150687606813518	0.45029494701453704	-0.7825	0.3317	-0.7799
1780.9999999999998	9.281241000000001	2.9626200000000003	10.968561000000001	3.6582101121801145	-7.091272750852961	0.17627825445142728	-0.8223	0.3337	-0.7172
1782.0	11.16378	3.736629	10.966598999999999	3.7018433434799727	-6.6392324745864295	0.2984513020910304	-0.8652	0.3375	-0.6546
1782.9999999999998	13.202298000000003	4.533201	11.308968000000002	3.204424506661589	-5.070181477043527	0.4293509959906051	-0.9017	0.339	-0.5834
1784.0	14.572755	5.261103	11.688615	1.9879300180215413	-2.7785641691749725	0.8237954069413236	-0.9318	0.3405	-0.5136
1785.0000000000002	14.405004	5.847741	12.060414000000002	0.6789330790257941	-0.6126105674500097	1.3840460968315034	-0.9607	0.34	-0.4518
1786.0	13.633938	6.279381000000001	12.342942	0.05759586531581287	-0.24609142453120045	1.5882496193148399	-0.9817	0.3453	-0.3928
1787.0	13.903713000000002	6.557985	12.757905000000001	-0.07679448708775051	0.7801621756414654	1.6004669240788003	-0.9979	0.3504	-0.3398
1788.0	13.108122000000002	6.751242	13.084578000000002	-0.05759586531581287	1.4730578886832142	1.5341444125030157	-1.0072	0.3532	-0.3007
1789.0	11.717063999999999	6.888582	13.096350000000001	0.1954768762233649	1.8954275676658419	1.4695672301792255	-1.0158	0.3608	-0.2618
1789.9999999999998	8.815266	7.0769340000000005	13.384764	0.3909537524467298	2.101376419401173	1.4451326206513049	-1.0173	0.3673	-0.2422
1791.0	5.752584000000001	7.054371	13.452453	0.3909537524467298	2.101376419401173	1.4451326206513049	-1.0192	0.3774	-0.2299
1792.0000000000002	3.4187849999999997	6.4029869999999995	13.273911	0.619591884457987	2.827433388230814	1.2444197566719568	-1.0097	0.3909	-0.2307
1793.0	1.1183400000000001	5.593662000000001	12.686292	0.6736970912698113	3.420845333908886	0.9354964790689606	-1.0004	0.4087	-0.2436
1794.0000000000002	-0.358065	4.823577	11.951523	0.6579891280018623	4.047418535374851	0.5846852994181004	-0.9902	0.4252	-0.262
1795.0	-0.26879400000000003	4.214376	11.211849	0.6579891280018623	4.047418535374851	0.5846852994181004	-0.9804	0.4394	-0.2817
1796.0	0.394362	3.8298240000000003	10.46727	0.4415683007545654	4.857251308300219	0.017453292519943295	-0.9653	0.4503	-0.3119
1797.0	-0.047088	3.709161	9.609876	0.17453292519943295	5.1906091954311355	-0.26703537555513246	-0.9497	0.4623	-0.3463
1798.0	0.12262500000000001	3.769002	8.808399000000001	-0.005235987755982988	5.34943415736262	-0.5602506898901798	-0.9315	0.471	-0.383
1798.9999999999998	0.8887860000000001	3.8847600000000004	8.323785	-0.005235987755982988	5.34943415736262	-0.5602506898901798	-0.9141	0.4748	-0.4194
1800.0	1.722636	3.8739689999999998	8.026542000000001	-0.024434609527920613	5.553637679845957	-1.171115928088195	-0.8901	0.4769	-0.4627
1801.0000000000002	2.65851	3.848463	7.7557860000000005	0.020943951023931952	5.745623897565332	-1.4625859131712482	-0.8607	0.4804	-0.5069
1802.0	3.3236280000000002	3.867102	7.61256	0.03316125578789226	5.845107664929009	-1.5865042900628457	-0.8357	0.4767	-0.5505
1803.0	3.869064	3.907323	7.582149	-0.0	5.991715322096534	-1.7837264955382048	-0.8087	0.4679	-0.5946
1804.0	4.360545	3.9583350000000004	7.645914	-0.05235987755982989	6.1330869915080735	-1.928588823453734	-0.7781	0.4573	-0.6416
1805.0	4.878513000000001	4.049568	7.776387	-0.09773843811168245	6.183701539815909	-2.059488517353309	-0.7431	0.444	-0.6893
1805.9999999999998	5.354298	4.1202	8.067744000000001	-0.0890117918517108	6.181956210563915	-2.230530784048753	-0.7084	0.4287	-0.7316
1807.0	5.919354000000001	4.171212000000001	8.459163	0.008726646259971648	6.0754911261922615	-2.384119758224254	-0.6716	0.4117	-0.7744
1807.9999999999998	6.526593	4.341906	8.936910000000001	0.1064650843716541	5.941100773788698	-2.4713862208239705	-0.6324	0.3948	-0.8139
1809.0	7.256457000000001	4.44393	9.480384	0.4293509959906051	5.576326960121883	-2.5237460983838003	-0.5872	0.3763	-0.8551
1810.0000000000002	8.060877	4.664655	10.03563	0.7504915783575618	5.017821599483698	-2.6371924997634317	-0.5433	0.3601	-0.8893
1811.0	9.13311	5.12082	10.744893	0.9162978572970231	4.5675266524691605	-2.7471482426390748	-0.5049	0.3392	-0.9215
1812.0	10.514358000000001	5.627997000000001	11.472795	0.7871434926494426	4.529129408925285	-3.045599544730105	-0.4653	0.3202	-0.9481
1813.0	11.994686999999999	6.282324	12.030003	0.3368485456349056	4.464552226601495	-3.244567079457459	-0.4242	0.3019	-0.9702
1814.0	13.540743	6.987663	12.393954	-0.1780235837034216	4.3074725939220055	-3.2498030672134415	-0.3864	0.283	-0.991
1814.9999999999998	15.240816000000002	7.621389000000001	12.449871	-0.38048177693476387	4.295255289158045	-3.220132469929538	-0.3476	0.2657	-1.01
1816.0	16.950699	7.693002000000001	12.262500000000001	-0.460766922526503	4.101523742186674	-3.1206487025658616	-0.3102	0.2504	-1.0273
1817.0000000000002	18.664506000000003	6.980796000000001	11.672919	0.3420845333908886	3.9531707557671565	-3.3719761148530445	-0.2748	0.2341	-1.0431
1818.0	20.415591000000003	6.645294000000001	10.768436999999999	0.4642575810304917	3.6983526849759842	-3.0490902032340936	-0.2415	0.2171	-1.0572
1819.0000000000002	22.577715	6.619788	9.047763	-0.3455751918948773	3.7908551353316837	-2.1415189921970423	-0.2096	0.204	-1.0679
1820.0	24.525981	5.8693230000000005	6.3245070000000005	-0.3892084231947355	3.712315318991939	-0.9808750396208132	-0.1795	0.1897	-1.0778
1821.0	26.105391	3.8651400000000002	2.799774	0.9651670763528641	2.4609142453120048	-0.23387411976724015	-0.1435	0.1764	-1.0875
1822.0	26.347698	1.8933300000000002	-0.575847	1.4800392056911915	1.4905111812031575	0.24434609527920614	-0.1045	0.1657	-1.0947
1823.0	25.719858000000002	0.786762	-3.1725540000000003	1.387536755335492	-0.3420845333908886	1.270599695451872	-0.0735	0.1558	-1.1036
1823.9999999999998	24.929172	-0.028449	-5.005062000000001	0.7435102613495844	-1.689478715930511	1.790707812546182	-0.0417	0.1495	-1.1069
1825.0	24.117885	-0.505215	-6.01353	0.061086523819801536	-2.1275563581810877	1.4765485471872026	-0.0208	0.1423	-1.1095
1826.0000000000002	23.300712	0.44929800000000003	-6.0164729999999995	-2.4748768793279594	-3.5133477842645857	0.7312929565856241	-0.0062	0.1346	-1.1096
1827.0	22.122531000000002	1.5372270000000001	-6.318621	-3.122394031817856	-2.4068090385001804	0.3385938748868999	0.0033	0.1308	-1.1073
1828.0	19.612152000000002	-0.223668	-5.161041	-1.265363707695889	-4.016002608838952	-1.0122909661567112	0.0101	0.1324	-1.1044
1829.0	16.296372	-1.333179	-2.6693010000000004	-1.0559241974565694	-4.722860955896656	-1.0297442586766545	0.004	0.1339	-1.1021
1830.0	15.348726000000001	-2.5093980000000005	0.486576	-0.7435102613495844	-3.9269908169872414	-0.18151424220741028	-0.01	0.138	-1.0948
1830.9999999999998	14.295132	-2.458386	4.143744	-0.048869219055841226	-2.2427480888127134	0.7522369076095561	-0.0339	0.1448	-1.0877
1832.0	13.233690000000001	-1.9080450000000002	7.413417000000001	0.39793506945470714	-1.043706892692609	1.1763519158441782	-0.0628	0.1498	-1.0828
1832.9999999999998	11.787696	-1.303749	9.439182	0.3769911184307752	-1.3683381335635545	0.7661995416255106	-0.088	0.1567	-1.0745
1834.0	10.249488	0.067689	10.440783000000001	-0.7295476273336297	-2.5272367568877896	0.7644542123735163	-0.1184	0.163	-1.0687
1835.0000000000002	9.330291	0.967266	10.916568	-1.1431906600562858	-2.6075219024795286	0.8220500776893293	-0.146	0.1713	-1.0651
1836.0	8.785836	-0.231516	10.822392	-1.319468914507713	-2.0682151636132806	0.9529497715889039	-0.1735	0.182	-1.0592
1837.0	8.303184000000002	-1.162485	11.495358	-1.3683381335635545	-1.1187560505283651	0.9721483933608416	-0.198	0.1917	-1.0525
1838.0	8.655363	0.7906860000000001	10.876347	-1.413716694115407	-0.9197885158010117	0.9389871375729493	-0.2224	0.2036	-1.0455
1839.0	9.422505000000001	1.812888	9.824715000000001	-1.2828170002158321	-0.7138396640656808	0.895353906273091	-0.2413	0.2138	-1.0381
1839.9999999999998	8.13249	2.873349	9.282222	-0.8395033702092726	-0.143116998663535	0.5183627878423158	-0.2565	0.2258	-1.0319
1841.0	6.948423000000001	3.73761	8.860392000000001	-0.8395033702092726	-0.143116998663535	0.5183627878423158	-0.2678	0.2376	-1.0269
1842.0000000000002	6.750261000000001	3.970107	8.615142	-0.8395033702092726	-0.143116998663535	0.5183627878423158	-0.2792	0.2499	-1.0208
1843.0	7.221141	3.6238140000000003	8.629857000000001	-0.36477381366681483	-0.027925268031909273	0.24783675378319478	-0.2878	0.2616	-1.0167
1844.0000000000002	7.857810000000001	2.0385180000000003	9.047763	-0.2792526803190927	-0.019198621771937627	0.1832595714594046	-0.2963	0.2724	-1.0106
1845.0	7.693983	0.630783	9.404847	-0.1832595714594046	-0.017453292519943295	0.12566370614359174	-0.3004	0.2841	-1.0035
1846.0	7.073991	0.479709	9.506871	-0.15533430342749532	-0.048869219055841226	0.10122909661567112	-0.302	0.2944	-0.9991
1847.0	6.670800000000001	0.7239780000000001	9.479403000000001	-0.1361356816555577	-0.08203047484373349	0.09773843811168245	-0.3031	0.3037	-0.9971
1848.0	6.662952000000001	0.5277780000000001	9.516681	-0.13962634015954636	-0.07504915783575616	0.08028514559173916	-0.3047	0.3083	-0.9933
1848.9999999999998	6.513840000000001	0.36983699999999997	9.401904	-0.13962634015954636	-0.07504915783575616	0.08028514559173916	-0.3034	0.3126	-0.9911
1850.0	6.048846000000001	0.881919	9.080136	-0.09250245035569947	-0.07679448708775051	0.0645771823237902	-0.3021	0.3142	-0.992
1851.0000000000002	5.58189	1.379286	8.758368	-0.08203047484373349	-0.07853981633974483	0.0645771823237902	-0.3043	0.3165	-0.9893
1852.0	5.116896	1.871748	8.4366	-0.04537856055185257	-0.09599310885968812	0.027925268031909273	-0.3035	0.319	-0.9872
1853.0	5.093352	1.835451	8.406189000000001	-0.03665191429188092	-0.08552113334772216	0.017453292519943295	-0.3068	0.3203	-0.9865
1854.0	5.051169000000001	1.8884250000000002	8.368911	-0.022689280275926284	-0.08203047484373349	-0.0017453292519943296	-0.3057	0.3216	-0.9843
1855.0	5.030568000000001	1.9472850000000002	8.321823	-0.031415926535897934	-0.07679448708775051	-0.005235987755982988	-0.3089	0.3209	-0.9845
1855.9999999999998	5.035473	1.9551330000000002	8.274735000000002	-0.048869219055841226	-0.06806784082777885	-0.006981317007977318	-0.3116	0.3226	-0.9838
1857.0	5.055093	1.9384560000000002	8.227647000000001	-0.054105206811824215	-0.04363323129985824	0.003490658503988659	-0.3125	0.3214	-0.9824
1857.9999999999998	5.050188	1.915893	8.205084000000001	-0.04537856055185257	-0.010471975511965976	0.019198621771937627	-0.3147	0.3243	-0.9829
1859.0	5.041359000000001	1.8884250000000002	8.190369	-0.05235987755982989	-0.0017453292519943296	0.020943951023931952	-0.3152	0.3262	-0.9833
1860.0000000000002	5.03253	1.884501	8.169768	-0.03665191429188092	0.0	0.03490658503988659	-0.3163	0.3287	-0.9813
1861.0	5.028606	1.9149120000000002	8.143281	-0.041887902047863905	0.005235987755982988	0.022689280275926284	-0.3151	0.3255	-0.9816
1862.0	5.026644	1.9561140000000001	8.120718	-0.05061454830783556	0.0	0.03490658503988659	-0.314	0.3258	-0.9836
1863.0	5.025663	1.9894680000000002	8.108946	-0.05061454830783556	0.0	0.03490658503988659	-0.3114	0.327	-0.9846
1864.0	5.028606	2.002221	8.10306	-0.054105206811824215	0.006981317007977318	0.05061454830783556	-0.312	0.3248	-0.986
1864.9999999999998	5.029587	1.968867	8.120718	-0.04363323129985824	-0.003490658503988659	0.03665191429188092	-0.3095	0.3276	-0.9861
1866.0	5.036454	1.9257030000000002	8.137395	-0.024434609527920613	-0.013962634015954637	0.020943951023931952	-0.307	0.3262	-0.9865
1867.0000000000002	5.035473	1.8894060000000001	8.164863	-0.015707963267948967	-0.04363323129985824	0.019198621771937627	-0.309	0.3282	-0.9854
1868.0	5.038416	1.8658620000000001	8.188407	-0.015707963267948967	-0.04363323129985824	0.019198621771937627	-0.3088	0.3282	-0.9849
1869.0000000000002	5.047245	1.849185	8.209989	-0.005235987755982988	-0.059341194567807204	0.006981317007977318	-0.3121	0.331	-0.9844
1870.0	5.059017000000001	1.8315270000000001	8.221761	-0.005235987755982988	-0.059341194567807204	0.006981317007977318	-0.3152	0.3313	-0.9842
1871.0	5.069808000000001	1.7962110000000002	8.241381	-0.005235987755982988	-0.059341194567807204	0.006981317007977318	-0.317	0.3366	-0.9851
1872.0	5.081580000000001	1.770705	8.255115	0.04537856055185257	-0.10122909661567112	-0.020943951023931952	-0.3175	0.3367	-0.9825
1873.0	5.0835420000000004	1.7344080000000002	8.280621	0.06632251157578452	-0.13439035240356337	-0.04537856055185257	-0.3208	0.3359	-0.982
1873.9999999999998	5.080599	1.701054	8.30907	0.0890117918517108	-0.1710422666954443	-0.06806784082777885	-0.3209	0.337	-0.9808
1875.0	5.072751	1.69713	8.342424000000001	0.1117010721276371	-0.22689280275926285	-0.0645771823237902	-0.3239	0.3368	-0.981
1876.0000000000002	5.033511	1.702035	8.388531	0.12391837689159739	-0.2792526803190927	-0.06981317007977318	-0.3263	0.3351	-0.979
1877.0	4.998195	1.69713	8.435619	0.12391837689159739	-0.2792526803190927	-0.06981317007977318	-0.3266	0.3327	-0.9767
1878.0	4.961898000000001	1.691244	8.481726	0.12391837689159739	-0.2792526803190927	-0.06981317007977318	-0.3269	0.3303	-0.9745
1879.0	4.9412970000000005	1.6255169999999999	8.547453	0.3787364476827695	-0.783652834145454	-0.07679448708775051	-0.3272	0.3282	-0.9735
1880.0	4.930506	1.536246	8.62299	0.4625122517784973	-0.9424777960769379	-0.10122909661567112	-0.3278	0.3247	-0.9721
1880.9999999999998	4.9157910000000005	1.528398	8.731881000000001	0.5358160803622591	-1.1676252695842066	-0.08552113334772216	-0.3302	0.3212	-0.97
1882.0	4.882437	1.623555	8.857449	0.5480333851262195	-1.293288975727798	-0.07679448708775051	-0.3356	0.3169	-0.9689
1882.9999999999998	4.858893	1.8315270000000001	8.978112000000001	0.5044001538263612	-1.541125729510993	-0.006981317007977318	-0.3421	0.312	-0.9657
1884.0	4.831425	2.049309	9.086022	0.460766922526503	-1.8151424220741028	0.0645771823237902	-0.3504	0.3129	-0.9641
1885.0000000000002	4.810824	2.264148	9.181179	0.460766922526503	-1.8151424220741028	0.0645771823237902	-0.3566	0.311	-0.961
1886.0	4.8118050000000006	2.372058	9.29988	0.3665191429188092	-2.410299697004169	0.16231562043547265	-0.3671	0.3081	-0.9596
1887.0	4.8039570000000005	2.4073740000000003	9.469593000000001	0.3612831551628262	-2.7960174616949156	0.21118483949131386	-0.3803	0.3066	-0.9561
1888.0	4.779432000000001	2.459367	9.686394000000002	0.38222710618675815	-3.2690016889853792	0.28099800957108706	-0.3951	0.3033	-0.9528
1889.0	4.716648	2.659491	9.894366	0.3961897402027128	-3.5081117965086026	0.3543018381548489	-0.4093	0.2956	-0.9434
1889.9999999999998	4.5979470000000005	2.9714490000000002	10.115091	0.3735004599267865	-4.0543998523828275	0.6230825429619757	-0.4288	0.2912	-0.9325
1891.0	4.431177	3.2510339999999998	10.33974	0.32288591161895097	-4.7787114919604745	1.0332349171806432	-0.4499	0.2866	-0.9189
1892.0000000000002	4.27716	3.412899	10.549674	0.32288591161895097	-4.7787114919604745	1.0332349171806432	-0.4722	0.2845	-0.9056
1893.0	4.123143000000001	3.4697970000000002	10.750779000000001	0.32288591161895097	-4.7787114919604745	1.0332349171806432	-0.4908	0.2837	-0.8923
1894.0000000000002	3.9897270000000002	3.575745	10.934226	0.32812189937493397	-7.761479183618783	2.4155356847601523	-0.5227	0.2845	-0.8664
1895.0	3.927924	3.5257140000000002	11.121597	0.6894050545377601	-8.585274590560106	2.5656340004316642	-0.5575	0.2878	-0.8338
1896.0	4.401747	3.280464	11.221658999999999	0.9267698328089891	-8.79645943005142	2.4591689160600105	-0.5936	0.2922	-0.7963
1897.0	5.716287	2.851767	11.046059999999999	1.5236724369910497	-8.585274590560106	1.9495327744776663	-0.6289	0.2966	-0.75
1898.0	7.577244	2.686959	10.532997000000002	2.075196480621258	-7.883652231258386	1.2775810124598492	-0.6643	0.3073	-0.6975
1898.9999999999998	9.459783000000002	2.431899	10.004238	2.075196480621258	-7.883652231258386	1.2775810124598492	-0.6984	0.3202	-0.6501
1900.0	11.388429	2.091492	9.453897000000001	2.075196480621258	-7.883652231258386	1.2775810124598492	-0.727	0.3313	-0.6047
1901.0000000000002	13.203279000000002	2.460348	9.726615	1.7243853009703975	-3.9392081217512014	1.1885692206081384	-0.7598	0.3464	-0.5458
1902.0	14.336334	2.8360710000000005	9.92772	1.4416419621473162	-3.0281462522101616	1.2304571226560024	-0.7932	0.3599	-0.486
1903.0	14.3226	3.2677110000000003	9.984618000000001	0.6213372137099813	-1.2897983172238097	1.3369222070276563	-0.826	0.372	-0.4218
1904.0	13.499541000000002	3.3844499999999997	9.963036	-0.015707963267948967	-0.17278759594743864	1.4049900478554354	-0.8437	0.3813	-0.3708
1905.0	12.603888	3.656187	9.939492000000001	-0.015707963267948967	-0.17278759594743864	1.4049900478554354	-0.8586	0.388	-0.3267
1905.9999999999998	11.174571	4.2369390000000005	9.961074000000002	-0.015707963267948967	-0.17278759594743864	1.4049900478554354	-0.869	0.3967	-0.2881
1907.0	9.237096000000001	4.812786	9.978732	0.23911010752322315	1.3910274138394807	0.8377580409572782	-0.8773	0.4063	-0.2612
1907.9999999999998	6.684534	5.142402000000001	10.11411	0.24783675378319478	1.541125729510993	0.6876597252857658	-0.8848	0.4134	-0.242
1909.0	4.20849	5.505372	10.209267	0.1954768762233649	1.6598081186466074	0.6492624817418906	-0.8913	0.42	-0.2229
1910.0000000000002	1.8285840000000002	5.824197000000001	10.297557000000001	0.1413716694115407	1.8517943363659835	0.5026548245743669	-0.8988	0.4274	-0.2091
1911.0	-0.24721200000000002	5.368032	9.524529000000001	0.13264502315156904	2.150245638457014	0.25481807079117214	-0.897	0.4313	-0.2133
1912.0	-1.641213	4.905	8.824095	0.13264502315156904	2.150245638457014	0.25481807079117214	-0.8946	0.4367	-0.2184
1913.0	-1.647099	4.371336	8.300241	0.13264502315156904	3.122394031817856	-0.5916666164260777	-0.8909	0.4409	-0.2344
1914.0	-0.8564130000000001	4.105485	7.882335	0.13264502315156904	3.122394031817856	-0.5916666164260777	-0.8881	0.4433	-0.2502
1914.9999999999998	-0.06572700000000001	3.838653	7.464429000000001	0.13264502315156904	3.122394031817856	-0.5916666164260777	-0.8852	0.4457	-0.2659
1916.0	0.729864	3.641472	6.989625	-0.3735004599267865	4.351105825221864	-1.3980087308474578	-0.882	0.4466	-0.2919
1917.0000000000002	1.190934	3.674826	6.736527	-0.6422811647339133	4.590215932745087	-1.5550883635269475	-0.8768	0.4439	-0.3214
1918.0	1.735389	3.674826	6.656085	-0.6422811647339133	4.590215932745087	-1.5550883635269475	-0.8708	0.4392	-0.3492
1919.0000000000002	2.298483	3.5384670000000003	6.674724	-0.8203047484373349	4.871213942316174	-1.7889624832941877	-0.861	0.4322	-0.3842
1920.0	2.8900259999999998	3.383469	6.753204	-0.6178465552059926	5.110324049839397	-1.980948701013564	-0.8458	0.4225	-0.421
1921.0	3.458025	3.2569200000000005	6.890544	-0.38048177693476387	5.450663253978291	-2.178170906488923	-0.8301	0.4097	-0.4598
1922.0	4.046625	3.2245470000000003	7.058295	-0.30194196059501904	5.590289594137838	-2.2636920398366454	-0.8138	0.3933	-0.5017
1923.0	4.370355	3.2922360000000004	7.246647	-0.23561944901923448	5.797983775125163	-2.2636920398366454	-0.7956	0.379	-0.5417
1923.9999999999998	4.714686	3.411918	7.484049000000001	-0.22689280275926285	5.967280712568613	-2.223549467040776	-0.7712	0.362	-0.5848
1925.0	5.099238000000001	3.58065	7.745976	-0.2234021442552742	5.937610115284709	-2.150245638457014	-0.7441	0.3448	-0.6314
1926.0000000000002	5.55246	3.6826740000000004	8.115813000000001	-0.11868238913561441	5.731661263549378	-2.0612338466053033	-0.7117	0.33	-0.672
1927.0	6.142041	3.7905840000000004	8.553339000000001	0.15358897417550102	5.347688828110625	-1.9949113350295187	-0.6746	0.3131	-0.7094
1928.0	6.874848	3.867102	9.035991000000001	0.49567350756638956	4.808382089244378	-2.0176006153054447	-0.6368	0.2946	-0.7508
1929.0	7.688097	4.171212000000001	9.580446	0.6370451769779303	4.541346713689245	-2.05599785884932	-0.6002	0.2781	-0.7867
1930.0	8.731881000000001	4.740192	10.343664	0.7661995416255106	4.180063558526419	-2.251474735072685	-0.5644	0.261	-0.8171
1930.9999999999998	9.955188	5.433758999999999	11.103939	0.5864306286700948	4.237659423842232	-2.5342180738957665	-0.5276	0.2451	-0.8472
1932.0	11.264823000000002	6.127326000000001	11.702349000000002	0.23736477827122882	4.2481313993541985	-2.689552377323262	-0.4909	0.2283	-0.8745
1932.9999999999998	12.627431999999999	6.648237	12.107502	0.0017453292519943296	4.241150082346221	-2.6843163895672792	-0.4551	0.2135	-0.9001
1934.0	14.068521	6.973929	12.255633000000001	0.059341194567807204	4.227187448330266	-2.535963403147761	-0.421	0.2002	-0.9247
1935.0000000000002	15.521382000000001	7.167186000000001	12.145761	0.2827433388230814	4.180063558526419	-2.192133540504878	-0.3851	0.1864	-0.9463
1936.0	16.865352	7.080858	11.857347000000003	0.4869468613064179	4.131194339470578	-2.0176006153054447	-0.353	0.1701	-0.9685
1937.0	17.994483000000002	6.100839000000001	11.287386000000001	1.3037609512397643	3.8362336958835366	-2.069960492865275	-0.3247	0.1551	-0.9905
1938.0	19.205037	5.300343000000001	10.377018000000001	1.7732545200262386	3.4871678454846706	-2.230530784048753	-0.2915	0.138	-1.0103
1939.0	21.134664	4.776489000000001	8.643591	1.1292280260403313	3.420845333908886	-1.4451326206513049	-0.256	0.1189	-1.0274
1939.9999999999998	22.778820000000003	3.5286570000000004	5.786919	0.6475171524898963	3.2707470182373735	-0.5078908123303499	-0.2232	0.1008	-1.0448
1941.0	23.806908000000004	1.6657380000000002	2.5800300000000003	0.8988445647770797	2.1676989309769574	0.3892084231947355	-0.1883	0.0866	-1.0582
1942.0000000000002	23.351724	0.16088400000000003	-0.165789	0.6562437987498679	0.2059488517353309	1.4974924982111346	-0.1521	0.0753	-1.0726
1943.0	22.423698	-0.7337880000000001	-2.191554	0.3700098014227979	-0.5497787143782138	1.9338248112097172	-0.1184	0.0615	-1.0835
1944.0000000000002	21.40542	-1.41264	-3.5208090000000003	0.17627825445142728	-1.8221237390820801	2.2270401255447645	-0.088	0.0489	-1.0918
1945.0	20.706948	-1.9090260000000001	-4.172193	0.3944444109507185	-2.075196480621258	1.8081611050661253	-0.0658	0.0373	-1.0995
1946.0	20.281194000000003	-1.916874	-4.379184	0.5497787143782138	-1.5289084247470326	0.9599310885968813	-0.048	0.0271	-1.1007
1947.0	19.850535	-0.8995770000000001	-4.322286	0.4328416544945937	-0.8604473212332044	-0.022689280275926284	-0.0351	0.017	-1.1014
1948.0	18.073944	1.061442	-3.1872690000000006	-3.061307507998054	-2.371902453460294	-0.7120943348136864	-0.0271	0.0104	-1.1015
1948.9999999999998	15.541983000000002	2.2739580000000004	-2.507436	-3.851941659151485	-2.0193459445574393	0.640535835481919	-0.0298	0.0104	-1.102
1950.0	11.475738	1.859976	0.205029	-2.658136450787364	-2.7192229746071654	0.3246312408709453	-0.0349	0.0146	-1.1015
1951.0000000000002	7.939233000000001	1.276281	3.566916	-1.5254177662430441	-4.499458811641381	-0.24609142453120045	-0.0493	0.0211	-1.0985
1952.0	8.221761	0.46695600000000004	6.2479890000000005	-0.9110618695410401	-3.824016391119576	0.031415926535897934	-0.0671	0.0277	-1.0931
1953.0	9.101718	-0.048069	8.251191	-0.5742133239061344	-2.56388867117967	1.1536626355682518	-0.086	0.0379	-1.0877
1954.0	9.500004	-0.530721	9.862974000000001	-0.11868238913561441	-1.7610372152622786	1.0454522219446034	-0.1093	0.0486	-1.0825
1955.0	8.852544	-0.11673900000000001	10.732140000000001	-0.5969026041820608	-1.6371188383706812	0.5864306286700948	-0.1326	0.0582	-1.0778
1955.9999999999998	7.466391000000001	0.47382300000000005	10.929321000000002	-0.7120943348136864	-1.848303677861995	0.4799655442984406	-0.1534	0.0695	-1.072
1957.0	6.4971630000000005	0.38357100000000005	11.127483000000002	-0.8936085770210968	-1.9128808601857852	0.6073745796940266	-0.1741	0.0833	-1.0664
1957.9999999999998	6.934689	-0.835812	10.596762000000002	-0.9546951008408983	-1.160643952576229	0.7487462491055673	-0.1978	0.0974	-1.0585
1959.0	6.992568	-1.6382700000000001	11.155932	-0.9826203688728075	-0.8552113334772214	0.7173303225696694	-0.2156	0.1123	-1.0519
1960.0000000000002	8.591598000000001	-0.38847600000000004	10.635021000000002	-1.0053096491487339	-0.47123889803846897	0.6597344572538565	-0.2343	0.1268	-1.0423
1961.0	10.018953000000002	1.2448890000000001	9.802152	-0.8901179185171081	0.0471238898038469	0.5585053606381855	-0.2473	0.1334	-1.0363
1962.0	8.823114	2.566296	9.367569	-0.7086036763096978	0.09773843811168245	0.4380776422505767	-0.2615	0.1433	-1.0327
1963.0	7.453638000000001	3.105846	9.038934000000001	-0.5951572749300664	0.0942477796076938	0.36302848441482055	-0.2729	0.152	-1.0276
1964.0	6.525612000000001	3.581631	8.562168	-0.3961897402027128	0.059341194567807204	0.24609142453120045	-0.2828	0.1606	-1.0223
1964.9999999999998	6.231312	3.1637250000000003	8.346348	-0.312413936106985	0.038397243543875255	0.21118483949131386	-0.2887	0.1741	-1.0186
1966.0	6.4667520000000005	2.3269320000000002	8.468973	-0.27052603405912107	0.020943951023931952	0.16580627893946132	-0.2919	0.1811	-1.0179
1967.0000000000002	6.394158000000001	2.048328	8.550396000000001	-0.21118483949131386	0.017453292519943295	0.12391837689159739	-0.2948	0.189	-1.0157
1968.0	5.9988150000000005	1.868805	8.582769	-0.1780235837034216	-0.010471975511965976	0.10471975511965978	-0.2955	0.1954	-1.0162
1969.0000000000002	5.84676	1.6333650000000002	8.674983000000001	-0.1780235837034216	-0.027925268031909273	0.10471975511965978	-0.2969	0.1981	-1.0138
1970.0	5.626035000000001	1.454823	8.660268	-0.16231562043547265	-0.027925268031909273	0.09948376736367678	-0.2978	0.2046	-1.0152
1971.0	5.365089000000001	1.52055	8.607294	-0.11693705988362008	-0.027925268031909273	0.07504915783575616	-0.2963	0.211	-1.015
1972.0	5.284647	1.6657380000000002	8.513118	-0.09599310885968812	-0.06981317007977318	0.04537856055185257	-0.2943	0.2136	-1.0151
1973.0	5.219901	1.778553	8.409132	-0.06283185307179587	-0.08028514559173916	0.031415926535897934	-0.2945	0.214	-1.0161
1973.9999999999998	5.184585	1.8462420000000002	8.34831	-0.041887902047863905	-0.09250245035569947	0.015707963267948967	-0.2952	0.2173	-1.0177
1975.0	5.193414	1.8246600000000002	8.319861	-0.020943951023931952	-0.08203047484373349	0.003490658503988659	-0.2953	0.2148	-1.0146
1976.0000000000002	5.174775	1.827603	8.307108000000001	-0.027925268031909273	-0.0715584993317675	0.012217304763960306	-0.2956	0.2208	-1.0127
1977.0	5.143383	1.845261	8.290431	-0.008726646259971648	-0.06632251157578452	0.012217304763960306	-0.2954	0.2225	-1.0117
1978.0	5.146326	1.803078	8.267868	-0.008726646259971648	-0.06632251157578452	0.012217304763960306	-0.2955	0.2254	-1.0093
1979.0	5.1522120000000005	1.7569710000000003	8.244324	-0.013962634015954637	-0.06806784082777885	-0.003490658503988659	-0.2947	0.2267	-1.0089
1980.0	5.142402000000001	1.7471610000000002	8.225685	-0.015707963267948967	-0.059341194567807204	0.0	-0.29	0.2232	-1.0069
1980.9999999999998	5.136515999999999	1.7589329999999999	8.196255	-0.012217304763960306	-0.024434609527920613	-0.0017453292519943296	-0.2896	0.2253	-1.0044
1982.0	5.131611	1.778553	8.165844	-0.012217304763960306	-0.015707963267948967	0.0	-0.2914	0.2293	-1.002
1982.9999999999998	5.128668000000001	1.7991540000000001	8.138376000000001	-0.015707963267948967	-0.017453292519943295	-0.003490658503988659	-0.2908	0.2347	-1.0016
1984.0	5.127687000000001	1.8236790000000003	8.119737	-0.024434609527920613	-0.006981317007977318	-0.008726646259971648	-0.2887	0.2347	-1.0008
1985.0000000000002	5.124744	1.8423180000000001	8.10306	-0.020943951023931952	0.005235987755982988	0.003490658503988659	-0.2857	0.2337	-1.0034
1986.0	5.118858	1.871748	8.086383000000001	-0.024434609527920613	0.013962634015954637	0.017453292519943295	-0.2879	0.2297	-1.0034
1987.0	5.112972	1.90314	8.078535	-0.04014257279586958	0.013962634015954637	0.019198621771937627	-0.2911	0.2292	-1.0032
1988.0	5.105124	1.920798	8.070687	-0.0471238898038469	0.010471975511965976	0.015707963267948967	-0.2923	0.2286	-1.0041
1989.0	5.098257000000001	1.917855	8.077554000000001	-0.03490658503988659	0.005235987755982988	0.015707963267948967	-0.2913	0.2299	-1.005
1989.9999999999998	5.098257000000001	1.9100070000000002	8.085402	-0.031415926535897934	-0.0017453292519943296	0.015707963267948967	-0.2958	0.2302	-1.0058
1991.0	5.097276	1.90314	8.107965	-0.015707963267948967	-0.0017453292519943296	-0.003490658503988659	-0.2994	0.2293	-1.0097
1992.0000000000002	5.100219000000001	1.894311	8.118756000000001	-0.015707963267948967	-0.024434609527920613	-0.013962634015954637	-0.2986	0.2264	-1.0097
1993.0	5.099238000000001	1.8805770000000002	8.128566000000001	-0.005235987755982988	-0.0471238898038469	-0.010471975511965976	-0.2982	0.2252	-1.01
1994.0000000000002	5.1012	1.8737100000000002	8.134452000000001	-0.005235987755982988	-0.04363323129985824	-0.010471975511965976	-0.2979	0.2237	-1.0097
1995.0	5.102181000000001	1.855071	8.145243	-0.0	-0.054105206811824215	-0.015707963267948967	-0.3003	0.2275	-1.0109
1996.0	5.110029000000001	1.827603	8.162901	0.017453292519943295	-0.06806784082777885	-0.017453292519943295	-0.2999	0.2298	-1.011
1997.0	5.114934	1.8099450000000001	8.163882000000001	0.015707963267948967	-0.08028514559173916	-0.022689280275926284	-0.297	0.2306	-1.0118
1998.0	5.122782	1.8089640000000002	8.17173	0.008726646259971648	-0.08028514559173916	-0.026179938779914945	-0.2951	0.2315	-1.0112
1998.9999999999998	5.128668000000001	1.820736	8.17173	0.029670597283903602	-0.0715584993317675	-0.027925268031909273	-0.2981	0.2306	-1.01
2000.0	5.140440000000001	1.839375	8.17173	0.031415926535897934	-0.0890117918517108	-0.03316125578789226	-0.2983	0.2292	-1.0097
2001.0000000000002	5.151231	1.85409	8.165844	0.031415926535897934	-0.0890117918517108	-0.03316125578789226	-0.2989	0.2267	-1.008
2002.0	5.158098000000001	1.8403559999999999	8.164863	0.041887902047863905	-0.08726646259971647	-0.03490658503988659	-0.2998	0.2256	-1.0076
2003.0	5.166926999999999	1.8413370000000002	8.164863	0.05061454830783556	-0.09250245035569947	-0.0471238898038469	-0.3025	0.225	-1.0062
2004.0	5.173794	1.8609570000000002	8.166825000000001	0.061086523819801536	-0.10995574287564276	-0.0471238898038469	-0.3048	0.2256	-1.0079
2005.0	5.180661000000001	1.88352	8.169768	0.061086523819801536	-0.10995574287564276	-0.0471238898038469	-0.306	0.2238	-1.0074
2005.9999999999998	5.183604	1.9100070000000002	8.164863	0.061086523819801536	-0.10995574287564276	-0.0471238898038469	-0.3075	0.2229	-1.009
2007.0	5.191452	1.941399	8.160939	0.06632251157578452	-0.08726646259971647	-0.029670597283903602	-0.3106	0.2227	-1.0062
2007.9999999999998	5.200281	2.006145	8.154072000000001	0.06981317007977318	-0.08028514559173916	-0.019198621771937627	-0.3149	0.2228	-1.004
2009.0	5.210091	2.062062	8.157996	0.07679448708775051	-0.10122909661567112	-0.003490658503988659	-0.316	0.2244	-1.0023
2010.0000000000002	5.206167	2.105226	8.170749	0.07504915783575616	-0.10821041362364843	0.013962634015954637	-0.3171	0.225	-1.0037
2011.0	5.197338000000001	2.129751	8.197236	0.09250245035569947	-0.13264502315156904	0.027925268031909273	-0.3157	0.2289	-1.0029
2012.0	5.122782	2.172915	8.286507	0.1466076571675237	-0.2583087292951608	0.05759586531581287	-0.3158	0.2309	-1.0044
2013.0	5.086485	2.172915	8.390493	0.21467549799530256	-0.4415683007545654	0.05759586531581287	-0.315	0.2303	-1.0059
2014.0	5.044302	2.160162	8.49546	0.27052603405912107	-0.6213372137099813	0.054105206811824215	-0.3169	0.2315	-1.005
2014.9999999999998	4.995252	2.1748770000000004	8.623971000000001	0.34033920413889424	-0.8395033702092726	0.05061454830783556	-0.317	0.2288	-1.0027
2016.0	4.953069	2.195478	8.743653	0.3839724354387525	-0.9354964790689606	0.059341194567807204	-0.3189	0.2271	-0.9986
2017.0000000000002	4.9236390000000005	2.2268700000000003	8.889822	0.3595378259108319	-1.165879940332212	0.054105206811824215	-0.3211	0.2277	-0.9987
2018.0	4.882437	2.185668	9.022257	0.3141592653589793	-1.413716694115407	0.08028514559173916	-0.3247	0.2274	-0.9985
2019.0000000000002	4.863798	2.130732	9.128205000000001	0.38222710618675815	-1.6493361431346414	0.13439035240356337	-0.3301	0.2255	-0.9986
2020.0	4.848102	2.073834	9.208647000000001	0.40491638646268446	-1.8971728969178363	0.16406094968746698	-0.3371	0.2223	-0.9926
2021.0	4.852026	2.022822	9.262602000000001	0.4415683007545654	-2.129301687433082	0.20769418098732523	-0.3494	0.2165	-0.9889
2022.0	4.932468	2.008107	9.259659000000001	0.47472955654245763	-2.3753931119642826	0.24783675378319478	-0.3613	0.2137	-0.9825
2023.0	4.977594	2.0473470000000002	9.234153000000001	0.5078908123303499	-2.490584842595908	0.28623399732707	-0.3754	0.2118	-0.9749
2023.9999999999998	5.043321000000001	2.1454470000000003	9.205704	0.5585053606381855	-2.7419122548830916	0.3909537524467298	-0.3878	0.2087	-0.9651
2025.0	5.117877000000001	2.2445280000000003	9.150768	0.6073745796940266	-3.0229102644541785	0.5672320068981571	-0.4049	0.2097	-0.955
2026.0000000000002	5.17968	2.349495	9.086022	0.7504915783575618	-3.3161255787892263	0.8429940287132611	-0.4226	0.2088	-0.9458
2027.0	5.245407	2.439747	8.981055	1.085594794740473	-3.626794185644217	1.2287117934040082	-0.4412	0.2045	-0.9346
2028.0	5.365089000000001	2.5976879999999998	8.864316	1.5009831567151235	-3.8868482441913716	1.6091935703387719	-0.4628	0.201	-0.9206
2029.0	5.534802000000001	2.718351	8.735805	1.9233528356977512	-4.017747938090946	1.8517943363659835	-0.4863	0.1957	-0.904
2030.0	5.834988	2.818413	8.592579	2.1694442602289516	-4.042182547618867	1.8936822384138476	-0.5091	0.1947	-0.8857
2030.9999999999998	6.317640000000001	2.898855	8.491536	2.7209683038591597	-3.7664205258037633	1.8186330805780915	-0.5297	0.1918	-0.8651
2032.0	6.911145	2.920437	8.410112999999999	3.3702307856010503	-3.3405601883171467	1.5707963267948966	-0.5514	0.1919	-0.8422
2032.9999999999998	7.486011	2.8900259999999998	8.273754	3.986332011555049	-2.717477645355171	1.424188669627373	-0.5744	0.1876	-0.8216
2034.0	8.047143	2.788983	8.136414	3.986332011555049	-2.717477645355171	1.424188669627373	-0.596	0.1838	-0.8032
2035.0000000000002	8.221761	3.149991	8.163882000000001	3.4191000046568916	-0.6963863715457375	2.4486969405480448	-0.6204	0.176	-0.7806
2036.0	8.059896	3.4187849999999997	8.284545000000001	3.0700341542580256	0.4852015320544236	3.183480555637657	-0.6389	0.1689	-0.7609
2037.0	7.877430000000001	3.6777690000000005	8.429733	3.0700341542580256	0.4852015320544236	3.183480555637657	-0.6546	0.163	-0.7427
2038.0	7.218198	3.6297	8.505270000000001	2.7558748888990463	1.3788101090755203	3.7873644768276953	-0.6657	0.1616	-0.7294
2039.0	6.416721000000001	3.665997	8.528814	3.080506129769992	1.9338248112097172	3.9112828537192925	-0.673	0.161	-0.7174
2039.9999999999998	5.4445500000000004	3.8259000000000003	8.516061	3.3702307856010503	2.3509585024363617	3.8606683054114566	-0.6774	0.1603	-0.7145
2041.0	4.350735	4.190832	8.449353	3.4609879067047555	2.7192229746071654	3.556981015564444	-0.6774	0.163	-0.7141
2042.0000000000002	3.234357	4.7990520000000005	8.364006	3.2393310917014757	3.099704751541929	2.956587752878394	-0.6712	0.1614	-0.7209
2043.0	2.16801	5.519106	8.295336	3.057816849494065	3.258529713473413	2.562143341927676	-0.6626	0.1637	-0.7276
2044.0000000000002	1.0859670000000001	6.22935	8.228628	2.6616271092913526	3.447025272688801	1.6824973989225338	-0.6497	0.1657	-0.7377
2045.0	0.40417200000000003	6.383367	8.018694	2.3753931119642826	3.408628029144926	0.7853981633974483	-0.6285	0.168	-0.7549
2046.0	0.114777	6.521688	7.750881000000001	2.2270401255447645	3.262020371977402	-0.06632251157578452	-0.6094	0.17	-0.7732
2047.0	0.16088400000000003	6.42555	7.5370230000000005	2.4399702942880728	3.204424506661589	-0.9128071987930343	-0.5898	0.1684	-0.7928
2048.0	0.6847380000000001	6.642351000000001	7.518384	2.490584842595908	3.3876840781209934	-1.4329153158873444	-0.566	0.1611	-0.8105
2049.0	1.190934	6.753204	7.583130000000001	2.548180707911721	3.356268151585096	-1.7627825445142729	-0.5408	0.1553	-0.8322
2050.0	1.8982350000000001	6.747318	7.729299000000001	2.5673793296836585	3.300417615521277	-1.8709929581379212	-0.5137	0.143	-0.8501
2051.0	3.2225850000000005	6.552099000000001	8.202141	2.504547476611863	3.2131511529215606	-1.7540558982543013	-0.4863	0.1234	-0.869
