PacketCounter	Acc_X	Acc_Y	Acc_Z	Gyr_X	Gyr_Y	Gyr_Z	Mag_X	Mag_Y	Mag_Z
0.0	-9.164502	0.25702200000000003	3.2932170000000003	-0.26878070480712674	0.06981317007977318	0.13439035240356337	-0.0582	-0.1928	-0.1642
1.0	-9.276336	0.50031	3.349134	-0.2722713633111154	0.25132741228718347	0.12740903539558607	-0.0874	-0.2642	-0.1524
2.0	-9.330291	0.508158	3.343248	-0.2844886680750757	0.23212879051524585	0.12042771838760874	-0.0539	-0.2493	-0.1197
3.0	-9.362664	0.533664	3.343248	-0.29670597283903605	0.2303834612632515	0.12217304763960307	-0.0571	-0.2562	-0.0406
4.0	-9.390132000000001	0.565056	3.3550200000000006	-0.32986722862692824	0.21991148575128552	0.11868238913561441	-0.0694	-0.2464	-0.0735
5.0	-9.400923	0.5846760000000001	3.377583	-0.3508111796508603	0.20420352248333654	0.11344640137963143	-0.0688	-0.2463	-0.0781
6.0	-9.384246000000001	0.589581	3.379545	-0.3944444109507185	0.1832595714594046	0.11868238913561441	-0.0704	-0.2489	-0.0532
7.000000000000001	-9.367569	0.587619	3.378564	-0.41713369122664473	0.16231562043547265	0.12217304763960307	-0.0796	-0.2521	-0.0789
8.0	-9.345006	0.575847	3.381507	-0.4293509959906051	0.158824961931484	0.12391837689159739	-0.0832	-0.2512	-0.0766
9.0	-9.318519	0.5483790000000001	3.3697350000000004	-0.45553093477052004	0.14486232791552936	0.15009831567151233	-0.0829	-0.2441	-0.0754
10.0	-9.293994000000001	0.520911	3.372678	-0.47123889803846897	0.12566370614359174	0.16755160819145562	-0.0813	-0.2356	-0.0822
11.0	-9.269469	0.49442400000000003	3.3697350000000004	-0.4886921905584123	0.10297442586766545	0.18675022996339324	-0.082	-0.2277	-0.0694
12.0	-9.233172000000001	0.454203	3.3618870000000003	-0.4991641660703783	0.10297442586766545	0.1954768762233649	-0.0921	-0.2314	-0.0961
13.0	-9.196875	0.40515300000000004	3.349134	-0.49567350756638956	0.10297442586766545	0.18500490071139894	-0.0982	-0.2299	-0.1263
14.000000000000002	-9.150768	0.34335000000000004	3.328533	-0.49567350756638956	0.10821041362364843	0.1710422666954443	-0.0971	-0.223	-0.1107
15.0	-9.105642000000001	0.273699	3.2971410000000003	-0.46949356878647464	0.12042771838760874	0.158824961931484	-0.1005	-0.216	-0.1085
16.0	-9.074250000000001	0.199143	3.274578	-0.4590215932745087	0.12391837689159739	0.1361356816555577	-0.101	-0.2128	-0.1269
17.0	-9.046782	0.12753	3.2618250000000004	-0.4363323129985824	0.10821041362364843	0.11868238913561441	-0.0979	-0.2099	-0.116
18.0	-9.029124000000001	0.067689	3.2461290000000003	-0.4276056667386107	0.10297442586766545	0.10821041362364843	-0.096	-0.2023	-0.1232
19.0	-9.01539	0.023544	3.2510339999999998	-0.41538836197465046	0.11519173063162574	0.10471975511965978	-0.0931	-0.2049	-0.1437
20.0	-9.012447	-0.005886	3.245148	-0.3944444109507185	0.13788101090755203	0.07853981633974483	-0.0901	-0.2139	-0.1336
21.0	-9.012447	-0.036297	3.249072	-0.3700098014227979	0.1308996938995747	0.07504915783575616	-0.0841	-0.2178	-0.1482
22.0	-9.018333	-0.053955	3.2628060000000003	-0.3612831551628262	0.15184364492350666	0.059341194567807204	-0.0814	-0.2141	-0.1285
23.0	-9.023238	-0.069651	3.2853689999999998	-0.3368485456349056	0.1413716694115407	0.05759586531581287	-0.073	-0.2179	-0.113
24.0	-9.035010000000002	-0.08534699999999999	3.306951	-0.3159045946109737	0.13962634015954636	0.06283185307179587	-0.0733	-0.2251	-0.1458
25.0	-9.056592	-0.089271	3.329514	-0.29496064358704166	0.14486232791552936	0.059341194567807204	-0.0735	-0.2331	-0.152
26.0	-9.078174	-0.08534699999999999	3.348153	-0.27052603405912107	0.13439035240356337	0.05759586531581287	-0.0713	-0.2353	-0.1378
27.0	-9.100737	-0.072594	3.3579630000000003	-0.26005405854715513	0.13962634015954636	0.05585053606381855	-0.0725	-0.2286	-0.1533
28.000000000000004	-9.120357	-0.066708	3.3658110000000003	-0.2426007660272118	0.15009831567151233	0.059341194567807204	-0.0716	-0.2347	-0.1712
28.999999999999996	-9.14292	-0.054936000000000006	3.362868	-0.22863813201125716	0.158824961931484	0.054105206811824215	-0.0773	-0.2325	-0.1662
30.0	-9.157635	-0.051012	3.3550200000000006	-0.20943951023931956	0.16580627893946132	0.05235987755982989	-0.0861	-0.2315	-0.1738
31.0	-9.172350000000002	-0.048069	3.334419	-0.19198621771937624	0.16580627893946132	0.041887902047863905	-0.092	-0.23	-0.188
32.0	-9.178236	-0.042183000000000005	3.308913	-0.17976891295541594	0.16406094968746698	0.03316125578789226	-0.0932	-0.2284	-0.1785
33.0	-9.179217	-0.036297	3.2618250000000004	-0.15707963267948966	0.1780235837034216	0.022689280275926284	-0.0985	-0.2234	-0.1794
34.0	-9.181179	-0.024525	3.213756	-0.15184364492350666	0.18675022996339324	0.019198621771937627	-0.0973	-0.2236	-0.1839
35.0	-9.178236	-0.007848	3.1647060000000002	-0.14835298641951802	0.1832595714594046	0.024434609527920613	-0.0954	-0.2175	-0.1768
36.0	-9.176274000000001	0.019620000000000002	3.1244850000000004	-0.15184364492350666	0.17453292519943295	0.022689280275926284	-0.0987	-0.2203	-0.1881
37.0	-9.179217	0.051012	3.081321	-0.15533430342749532	0.1832595714594046	0.022689280275926284	-0.0945	-0.2267	-0.1734
38.0	-9.187065	0.08338500000000001	3.0273660000000002	-0.15707963267948966	0.17976891295541594	0.026179938779914945	-0.0912	-0.2269	-0.163
39.0	-9.199818	0.114777	2.9792970000000003	-0.16057029118347832	0.1710422666954443	0.026179938779914945	-0.0825	-0.2331	-0.1567
40.0	-9.217476	0.145188	2.9322090000000003	-0.16929693744344995	0.17453292519943295	0.024434609527920613	-0.0754	-0.2334	-0.1484
41.0	-9.233172000000001	0.17265600000000003	2.889045	-0.16929693744344995	0.17976891295541594	0.029670597283903602	-0.0769	-0.2347	-0.1371
42.0	-9.262602000000001	0.19521900000000003	2.8458810000000003	-0.16231562043547265	0.16755160819145562	0.03316125578789226	-0.0752	-0.241	-0.1526
43.0	-9.293013	0.21189600000000003	2.813508	-0.16231562043547265	0.14835298641951802	0.019198621771937627	-0.0753	-0.2394	-0.1562
44.0	-9.327348	0.22268700000000002	2.783097	-0.16057029118347832	0.13962634015954636	0.026179938779914945	-0.0771	-0.2369	-0.1475
45.0	-9.362664	0.221706	2.759553	-0.15184364492350666	0.13439035240356337	0.022689280275926284	-0.0798	-0.2438	-0.1707
46.0	-9.39798	0.209934	2.7330660000000004	-0.1413716694115407	0.12042771838760874	0.03490658503988659	-0.0768	-0.2427	-0.1782
47.0	-9.435258000000001	0.187371	2.714427	-0.12217304763960307	0.10821041362364843	0.020943951023931952	-0.0796	-0.2447	-0.1866
48.0	-9.463707000000001	0.157941	2.711484	-0.1117010721276371	0.08377580409572781	0.019198621771937627	-0.0851	-0.2446	-0.1787
49.0	-9.490194	0.126549	2.7026550000000005	-0.09773843811168245	0.08726646259971647	0.022689280275926284	-0.0925	-0.2496	-0.1949
50.0	-9.506871	0.09711900000000001	2.7006930000000002	-0.09250245035569947	0.0715584993317675	0.019198621771937627	-0.0969	-0.2583	-0.212
51.0	-9.518643	0.076518	2.706579	-0.08726646259971647	0.059341194567807204	0.026179938779914945	-0.0959	-0.2707	-0.2239
52.0	-9.519624	0.05886	2.7124650000000003	-0.07679448708775051	0.06632251157578452	0.019198621771937627	-0.094	-0.2712	-0.2262
53.0	-9.5157	0.051012	2.716389	-0.08028514559173916	0.06806784082777885	0.020943951023931952	-0.0901	-0.2756	-0.2473
54.0	-9.503928	0.054936000000000006	2.724237	-0.08377580409572781	0.061086523819801536	0.012217304763960306	-0.0873	-0.2858	-0.2318
55.00000000000001	-9.48627	0.061803000000000004	2.7320850000000005	-0.07853981633974483	0.05235987755982989	0.019198621771937627	-0.0909	-0.2914	-0.2191
56.00000000000001	-9.46665	0.075537	2.7311039999999998	-0.07853981633974483	0.04014257279586958	0.013962634015954637	-0.0987	-0.2912	-0.2173
56.99999999999999	-9.43722	0.08436600000000001	2.7320850000000005	-0.0715584993317675	0.027925268031909273	0.0	-0.1019	-0.2987	-0.2142
57.99999999999999	-9.408771	0.095157	2.728161	-0.06283185307179587	0.027925268031909273	-0.0017453292519943296	-0.1059	-0.303	-0.2133
59.0	-9.377379	0.104967	2.729142	-0.0645771823237902	0.024434609527920613	-0.0017453292519943296	-0.1067	-0.2982	-0.2197
60.0	-9.351873000000001	0.10987200000000001	2.730123	-0.05235987755982989	0.008726646259971648	-0.017453292519943295	-0.1069	-0.2953	-0.2157
61.0	-9.334215	0.112815	2.726199	-0.05235987755982989	0.012217304763960306	-0.019198621771937627	-0.1107	-0.2842	-0.2068
62.0	-9.317538	0.10987200000000001	2.718351	-0.038397243543875255	0.008726646259971648	-0.031415926535897934	-0.117	-0.2811	-0.2237
63.0	-9.304785	0.10987200000000001	2.7271800000000006	-0.038397243543875255	0.015707963267948967	-0.027925268031909273	-0.121	-0.279	-0.2233
64.0	-9.297918000000001	0.10006200000000001	2.7311039999999998	-0.027925268031909273	0.019198621771937627	-0.024434609527920613	-0.126	-0.2778	-0.2306
65.0	-9.291051000000001	0.090252	2.736009	-0.03316125578789226	0.027925268031909273	-0.029670597283903602	-0.1213	-0.2723	-0.2468
66.0	-9.282222	0.076518	2.7477810000000003	-0.013962634015954637	0.019198621771937627	-0.024434609527920613	-0.1136	-0.2713	-0.259
67.0	-9.278298	0.066708	2.7624960000000005	-0.006981317007977318	0.022689280275926284	-0.029670597283903602	-0.1079	-0.2657	-0.2617
68.0	-9.28026	0.061803000000000004	2.771325	-0.0	0.024434609527920613	-0.012217304763960306	-0.107	-0.2673	-0.2648
69.0	-9.285165000000001	0.051993000000000004	2.788002	-0.0	0.026179938779914945	-0.019198621771937627	-0.1095	-0.2768	-0.2611
70.0	-9.294975	0.047088	2.792907	0.017453292519943295	0.022689280275926284	-0.022689280275926284	-0.1091	-0.2794	-0.2676
71.0	-9.304785	0.044145	2.8076220000000003	0.026179938779914945	0.027925268031909273	-0.027925268031909273	-0.1064	-0.2778	-0.2589
72.0	-9.315576	0.051012	2.82528	0.04014257279586958	0.03665191429188092	-0.03316125578789226	-0.1016	-0.2825	-0.2298
73.0	-9.323424000000001	0.057879	2.839995	0.038397243543875255	0.031415926535897934	-0.04537856055185257	-0.1017	-0.2816	-0.2277
74.0	-9.320481	0.067689	2.859615	0.038397243543875255	0.03490658503988659	-0.048869219055841226	-0.1024	-0.2827	-0.2213
75.0	-9.314595	0.082404	2.879235	0.03316125578789226	0.04537856055185257	-0.05061454830783556	-0.1055	-0.2817	-0.2193
76.0	-9.310671000000001	0.10300500000000001	2.892969	0.019198621771937627	0.05235987755982989	-0.04363323129985824	-0.1113	-0.2811	-0.1915
77.0	-9.304785	0.129492	2.9017980000000003	0.0017453292519943296	0.06283185307179587	-0.05235987755982989	-0.1132	-0.2861	-0.1941
78.0	-9.294975	0.151074	2.912589	-0.008726646259971648	0.05759586531581287	-0.04014257279586958	-0.1104	-0.287	-0.1936
79.0	-9.286146	0.178542	2.916513	-0.020943951023931952	0.061086523819801536	-0.031415926535897934	-0.107	-0.2836	-0.1668
80.0	-9.273393	0.20012400000000002	2.9273040000000004	-0.03316125578789226	0.048869219055841226	-0.020943951023931952	-0.1126	-0.2724	-0.1697
81.0	-9.258678	0.221706	2.9351520000000004	-0.04014257279586958	0.05235987755982989	-0.006981317007977318	-0.113	-0.2781	-0.1663
82.0	-9.242001	0.23445900000000003	2.948886	-0.048869219055841226	0.059341194567807204	-0.006981317007977318	-0.1107	-0.2766	-0.179
83.0	-9.228267	0.23936400000000002	2.9606580000000005	-0.05235987755982989	0.05235987755982989	0.0	-0.1052	-0.2727	-0.1813
84.0	-9.223362000000002	0.244269	2.9665440000000003	-0.05061454830783556	0.05061454830783556	-0.0017453292519943296	-0.0935	-0.2684	-0.1857
85.0	-9.225324	0.238383	2.968506	-0.048869219055841226	0.04363323129985824	-0.0017453292519943296	-0.0859	-0.2585	-0.1711
86.0	-9.227286000000001	0.232497	2.977335	-0.048869219055841226	0.05235987755982989	-0.010471975511965976	-0.0805	-0.2642	-0.1969
87.0	-9.229248	0.21189600000000003	2.973411	-0.05235987755982989	0.048869219055841226	-0.017453292519943295	-0.0784	-0.2575	-0.1882
88.0	-9.230229	0.204048	2.9891070000000006	-0.05061454830783556	0.05759586531581287	-0.026179938779914945	-0.0639	-0.2556	-0.2016
89.0	-9.228267	0.19129500000000002	2.988126	-0.054105206811824215	0.06632251157578452	-0.027925268031909273	-0.0581	-0.2484	-0.2045
90.0	-9.227286000000001	0.187371	2.9949930000000005	-0.059341194567807204	0.06981317007977318	-0.017453292519943295	-0.0516	-0.2635	-0.1986
91.0	-9.225324	0.178542	2.9969550000000003	-0.061086523819801536	0.061086523819801536	-0.020943951023931952	-0.0481	-0.2684	-0.209
92.0	-9.23121	0.174618	3.002841	-0.05585053606381855	0.054105206811824215	-0.015707963267948967	-0.049	-0.2753	-0.1979
93.0	-9.242001	0.174618	3.0038220000000004	-0.05585053606381855	0.061086523819801536	-0.010471975511965976	-0.0563	-0.2828	-0.2034
94.0	-9.251811000000002	0.17167500000000002	3.015594	-0.04363323129985824	0.05585053606381855	-0.005235987755982988	-0.0601	-0.2893	-0.2015
95.0	-9.255735000000001	0.175599	3.0312900000000003	-0.054105206811824215	0.05235987755982989	-0.006981317007977318	-0.0612	-0.3058	-0.1987
96.0	-9.263583	0.16677000000000003	3.0303090000000004	-0.038397243543875255	0.05235987755982989	0.003490658503988659	-0.0621	-0.3099	-0.199
97.0	-9.267507	0.17069399999999998	3.0440430000000003	-0.03490658503988659	0.04537856055185257	-0.0017453292519943296	-0.0628	-0.3178	-0.1972
98.0	-9.27045	0.16284600000000002	3.0312900000000003	-0.019198621771937627	0.03316125578789226	-0.005235987755982988	-0.071	-0.3173	-0.2001
99.0	-9.265545000000001	0.158922	3.046986	-0.017453292519943295	0.031415926535897934	-0.012217304763960306	-0.074	-0.3209	-0.2023
100.0	-9.26064	0.159903	3.049929	-0.029670597283903602	0.04537856055185257	-0.015707963267948967	-0.0749	-0.3085	-0.1839
101.0	-9.249849	0.16284600000000002	3.0577769999999997	-0.022689280275926284	0.05061454830783556	-0.012217304763960306	-0.0815	-0.2963	-0.1914
102.0	-9.235134	0.169713	3.0636630000000005	-0.029670597283903602	0.048869219055841226	-0.012217304763960306	-0.0864	-0.2898	-0.1839
103.0	-9.215514	0.17265600000000003	3.0617010000000002	-0.03665191429188092	0.048869219055841226	-0.008726646259971648	-0.0855	-0.286	-0.1621
104.0	-9.197856	0.180504	3.0607200000000003	-0.027925268031909273	0.05061454830783556	0.0	-0.0944	-0.2807	-0.1546
105.0	-9.184122	0.18540900000000002	3.046005	-0.031415926535897934	0.05759586531581287	0.015707963267948967	-0.1031	-0.2768	-0.1515
106.0	-9.174312	0.1962	3.054834	-0.026179938779914945	0.038397243543875255	0.022689280275926284	-0.1053	-0.2729	-0.1564
107.0	-9.178236	0.205029	3.052872	-0.029670597283903602	0.024434609527920613	0.019198621771937627	-0.1071	-0.2786	-0.1552
108.0	-9.190989	0.220725	3.0577769999999997	-0.027925268031909273	0.031415926535897934	0.015707963267948967	-0.1134	-0.2841	-0.154
109.00000000000001	-9.213552	0.23053500000000002	3.051891	-0.03490658503988659	0.017453292519943295	0.0017453292519943296	-0.1236	-0.2841	-0.1459
110.00000000000001	-9.228267	0.232497	3.05091	-0.03665191429188092	0.022689280275926284	-0.006981317007977318	-0.1191	-0.2974	-0.1754
111.00000000000001	-9.245925	0.22563	3.042081	-0.03316125578789226	0.008726646259971648	-0.017453292519943295	-0.1113	-0.3115	-0.1612
112.00000000000001	-9.255735000000001	0.21189600000000003	3.0303090000000004	-0.041887902047863905	0.003490658503988659	-0.022689280275926284	-0.1069	-0.3082	-0.1753
112.99999999999999	-9.265545000000001	0.192276	3.017556	-0.048869219055841226	0.005235987755982988	-0.005235987755982988	-0.1026	-0.3133	-0.1943
113.99999999999999	-9.275355000000001	0.16088400000000003	3.0008790000000003	-0.04537856055185257	-0.006981317007977318	0.010471975511965976	-0.0946	-0.3139	-0.2021
114.99999999999999	-9.288108	0.121644	2.9998980000000004	-0.05585053606381855	-0.031415926535897934	0.026179938779914945	-0.0847	-0.3072	-0.2274
115.99999999999999	-9.302823	0.060822	2.9930309999999998	-0.054105206811824215	-0.08552113334772216	0.041887902047863905	-0.0791	-0.2998	-0.2307
117.0	-9.316557	0.008829	3.013632	-0.061086523819801536	-0.13788101090755203	0.03665191429188092	-0.0722	-0.2874	-0.2555
118.0	-9.327348	-0.038259	3.037176	-0.06632251157578452	-0.20769418098732523	0.031415926535897934	-0.0568	-0.2848	-0.245
119.0	-9.314595	-0.087309	3.05091	-0.10122909661567112	-0.23212879051524585	0.022689280275926284	-0.0373	-0.2762	-0.2722
120.0	-9.29007	-0.139302	3.047967	-0.12391837689159739	-0.2181661564992912	0.04537856055185257	-0.031	-0.2629	-0.2542
121.0	-9.249849	-0.17658	3.037176	-0.1361356816555577	-0.16755160819145562	0.07330382858376185	-0.0296	-0.2512	-0.261
122.0	-9.202761	-0.21385800000000002	2.9989170000000005	-0.13788101090755203	-0.1291543646475804	0.11519173063162574	-0.0281	-0.2438	-0.2492
123.0	-9.137034	-0.25702200000000003	2.938095	-0.1466076571675237	-0.0890117918517108	0.14835298641951802	-0.0221	-0.2363	-0.249
124.0	-9.056592	-0.306072	2.8458810000000003	-0.12217304763960307	-0.041887902047863905	0.1832595714594046	-0.0165	-0.2339	-0.2409
125.0	-8.97615	-0.357084	2.739933	-0.059341194567807204	-0.010471975511965976	0.19373154697137057	-0.0144	-0.2301	-0.2162
126.0	-8.900613	-0.406134	2.628099	-0.015707963267948967	0.003490658503988659	0.19722220547535926	-0.01	-0.2299	-0.1951
127.0	-8.83881	-0.46695600000000004	2.492721	0.0471238898038469	0.012217304763960306	0.16406094968746698	-0.0107	-0.2317	-0.1643
128.0	-8.802513000000001	-0.5375880000000001	2.375001	0.08028514559173916	0.003490658503988659	0.1291543646475804	-0.02	-0.2213	-0.1634
129.0	-8.810361	-0.595467	2.280825	0.13439035240356337	0.008726646259971648	0.0942477796076938	-0.0294	-0.2263	-0.1569
130.0	-8.863335	-0.63765	2.228832	0.19198621771937624	-0.019198621771937627	0.03316125578789226	-0.0372	-0.2241	-0.1605
131.0	-8.964378	-0.671985	2.218041	0.21642082724729686	-0.05061454830783556	-0.038397243543875255	-0.0428	-0.2194	-0.1559
132.0	-9.117414	-0.692586	2.24649	0.21642082724729686	-0.061086523819801536	-0.09773843811168245	-0.0408	-0.2302	-0.1745
133.0	-9.30969	-0.687681	2.3269320000000002	0.1884955592153876	-0.041887902047863905	-0.13264502315156904	-0.0427	-0.2377	-0.1633
134.0	-9.511776000000001	-0.6494219999999999	2.448576	0.16580627893946132	-0.041887902047863905	-0.11519173063162574	-0.0509	-0.2498	-0.1593
135.0	-9.675603	-0.5886	2.594745	0.1361356816555577	-0.05061454830783556	-0.061086523819801536	-0.0475	-0.2613	-0.151
136.0	-9.776646000000001	-0.49442400000000003	2.775249	0.09948376736367678	-0.11519173063162574	0.003490658503988659	-0.0535	-0.2656	-0.1699
137.0	-9.798228	-0.368856	2.9645820000000005	0.06632251157578452	-0.19722220547535926	0.015707963267948967	-0.0446	-0.2696	-0.1744
138.0	-9.726615	-0.212877	3.1392	0.013962634015954637	-0.25132741228718347	0.006981317007977318	-0.0433	-0.2769	-0.1766
139.0	-9.573579	-0.031392	3.2912550000000005	-0.017453292519943295	-0.2530727415391778	-0.031415926535897934	-0.0352	-0.2873	-0.1673
140.0	-9.364626000000001	0.17265600000000003	3.4011270000000002	-0.05585053606381855	-0.2530727415391778	-0.0890117918517108	-0.0312	-0.302	-0.1651
141.0	-9.140958	0.38847600000000004	3.461949	-0.13264502315156904	-0.2984513020910304	-0.17627825445142728	-0.0244	-0.3146	-0.1783
142.0	-8.933967	0.6062580000000001	3.505113	-0.19896753472735357	-0.3769911184307752	-0.27401669256310973	-0.0201	-0.3165	-0.1711
143.0	-8.780931	0.8299259999999999	3.5149230000000005	-0.2583087292951608	-0.39793506945470714	-0.3368485456349056	-0.0208	-0.3173	-0.1589
144.0	-8.689698	1.0172970000000001	3.498246	-0.2775073510670984	-0.39793506945470714	-0.35255650890285456	-0.0097	-0.3142	-0.1787
145.0	-8.657325	1.158561	3.444291	-0.27576202181510406	-0.32986722862692824	-0.32986722862692824	-0.0165	-0.3145	-0.209
146.0	-8.670078	1.247832	3.338343	-0.312413936106985	-0.18675022996339324	-0.27052603405912107	-0.0158	-0.3109	-0.199
147.0	-8.724033	1.283148	3.204927	-0.33335788713091696	-0.024434609527920613	-0.13962634015954636	-0.0215	-0.3188	-0.199
148.0	-8.854506	1.2772620000000001	3.02148	-0.3490658503988659	0.09599310885968812	0.031415926535897934	-0.0265	-0.3181	-0.2006
149.0	-9.109566000000001	1.219383	2.8311660000000005	-0.35255650890285456	0.16755160819145562	0.22689280275926285	-0.03	-0.3067	-0.1878
150.0	-9.461745	1.121283	2.654586	-0.38222710618675815	0.16580627893946132	0.312413936106985	-0.0307	-0.3015	-0.2003
151.0	-9.826677	0.9947340000000001	2.495664	-0.39968039870670147	0.17453292519943295	0.4625122517784973	-0.0289	-0.2963	-0.1959
152.0	-10.132749	0.868185	2.3602860000000003	-0.4241150082346221	0.18151424220741028	0.5689773361501514	-0.0422	-0.2892	-0.1974
153.0	-10.328949	0.7416360000000001	2.251395	-0.47472955654245763	0.17278759594743864	0.6562437987498679	-0.0516	-0.2934	-0.21
154.0	-10.405467	0.6523650000000001	2.166048	-0.5148721293383273	0.11868238913561441	0.6859143960337715	-0.0702	-0.2896	-0.2104
155.0	-10.393695000000001	0.607239	2.097378	-0.5532693728822025	0.06981317007977318	0.6998770300497261	-0.0688	-0.2844	-0.2014
156.0	-10.331892	0.607239	2.048328	-0.5864306286700948	0.0645771823237902	0.6981317007977318	-0.0659	-0.2878	-0.1941
157.0	-10.242621000000002	0.634707	2.0041830000000003	-0.6003932626860493	0.07330382858376185	0.7120943348136864	-0.081	-0.2838	-0.2106
158.0	-10.116071999999999	0.671985	1.999278	-0.6161012259539983	0.10297442586766545	0.7190756518216638	-0.0778	-0.2911	-0.2237
159.0	-9.926739000000001	0.7200540000000001	2.0169360000000003	-0.6283185307179586	0.1413716694115407	0.7225663103256524	-0.0866	-0.2972	-0.2485
160.0	-9.675603	0.758313	2.025765	-0.6370451769779303	0.10821041362364843	0.7103490055616922	-0.0848	-0.2998	-0.2281
161.0	-9.424467	0.801477	2.023803	-0.6318091892219474	0.1361356816555577	0.6894050545377601	-0.0836	-0.3106	-0.2373
162.0	-9.193932	0.84366	2.009088	-0.635299847725936	0.13788101090755203	0.6579891280018623	-0.0622	-0.3095	-0.2426
163.0	-9.017352	0.8760330000000001	1.975734	-0.6632251157578453	0.15358897417550102	0.6056292504420324	-0.0483	-0.3083	-0.2516
164.0	-8.912385	0.8985960000000001	1.921779	-0.6946410422937431	0.12042771838760874	0.5707226654021458	-0.0253	-0.3141	-0.2371
165.0	-8.876088000000001	0.9211590000000001	1.870767	-0.7295476273336297	0.11344640137963143	0.5131268000863328	-0.0199	-0.3213	-0.2554
166.0	-8.891784	0.939798	1.8011160000000002	-0.747000919853573	0.1308996938995747	0.47298422729046335	-0.0234	-0.3228	-0.2597
167.0	-8.961435	0.958437	1.741275	-0.7696902001294994	0.12391837689159739	0.42062434973063345	-0.001	-0.3188	-0.2631
168.0	-9.063459000000002	0.9780570000000001	1.6775100000000003	-0.7853981633974483	0.08726646259971647	0.3700098014227979	0.0281	-0.3083	-0.259
169.0	-9.165483	0.9947340000000001	1.593144	-0.7958701389094143	0.061086523819801536	0.3089232776029963	0.0546	-0.3217	-0.2635
170.0	-9.268488	1.0143540000000002	1.5127020000000002	-0.7923794804054256	0.041887902047863905	0.2530727415391778	0.0729	-0.318	-0.272
171.0	-9.340101	1.024164	1.445994	-0.8133234314293576	0.03665191429188092	0.21642082724729686	0.0845	-0.319	-0.2602
172.0	-9.377379	1.013373	1.3714380000000002	-0.8255407361933178	0.048869219055841226	0.16929693744344995	0.08	-0.3297	-0.2513
173.0	-9.379341	0.9908100000000001	1.289034	-0.8517206749732328	0.08028514559173916	0.10995574287564276	0.0825	-0.326	-0.2505
174.0	-9.350892000000002	0.9525510000000001	1.217421	-0.8831366015091308	0.12391837689159739	0.0645771823237902	0.0777	-0.3178	-0.2784
175.0	-9.296937	0.905463	1.13796	-0.905825881785057	0.1710422666954443	0.03316125578789226	0.0803	-0.3146	-0.2765
176.0	-9.229248	0.854451	1.082043	-0.9337511498169663	0.2234021442552742	0.006981317007977318	0.0932	-0.3223	-0.2869
177.0	-9.149787	0.8191350000000001	1.032993	-0.9093165402890457	0.24609142453120045	-0.0017453292519943296	0.0836	-0.3158	-0.2986
178.0	-9.053649000000002	0.7720470000000001	0.9947340000000001	-0.8534660042252271	0.2181661564992912	-0.005235987755982988	0.0636	-0.3266	-0.3215
179.0	-8.963397	0.713187	0.9702090000000001	-0.7976154681614086	0.15707963267948966	-0.010471975511965976	0.0499	-0.3182	-0.3095
180.0	-8.888841000000001	0.629802	0.9810000000000001	-0.7417649320975901	0.0645771823237902	-0.022689280275926284	0.0408	-0.3192	-0.3254
181.0	-8.847639000000001	0.526797	1.022202	-0.6649704450098396	-0.013962634015954637	-0.031415926535897934	0.0392	-0.3127	-0.3331
182.0	-8.843715	0.401229	1.090872	-0.6003932626860493	-0.027925268031909273	-0.04537856055185257	0.0481	-0.3117	-0.3675
183.0	-8.865297	0.276642	1.183086	-0.5183627878423158	0.008726646259971648	-0.041887902047863905	0.0452	-0.313	-0.3628
184.0	-8.908461	0.151074	1.2684330000000001	-0.3944444109507185	0.08377580409572781	-0.024434609527920613	0.0484	-0.3154	-0.3537
185.0	-8.983998	0.001962	1.3537800000000002	-0.2844886680750757	0.1413716694115407	0.0	0.0557	-0.316	-0.356
186.0	-9.108585	-0.167751	1.4185260000000002	-0.19722220547535926	0.1954768762233649	0.029670597283903602	0.0433	-0.305	-0.3704
187.0	-9.298899	-0.346293	1.444032	-0.1308996938995747	0.24783675378319478	0.054105206811824215	0.0501	-0.303	-0.3548
188.0	-9.576522	-0.482652	1.4822910000000002	-0.08377580409572781	0.2617993877991494	0.061086523819801536	0.0371	-0.2953	-0.3327
189.0	-9.943416000000001	-0.524835	1.542132	-0.012217304763960306	0.22514747350726852	0.07853981633974483	0.0459	-0.2861	-0.3429
190.0	-10.396638000000001	-0.476766	1.6333650000000002	0.048869219055841226	0.09599310885968812	0.0942477796076938	0.0432	-0.281	-0.3483
191.0	-10.925397	-0.346293	1.820736	0.0942477796076938	-0.020943951023931952	0.11868238913561441	0.0459	-0.2744	-0.342
192.0	-11.509092	-0.174618	2.0473470000000002	0.19024088846738194	-0.143116998663535	0.12391837689159739	0.0445	-0.2731	-0.326
193.0	-12.003516000000001	-0.089271	2.284749	0.23736477827122882	-0.2007128639793479	0.0942477796076938	0.0445	-0.2732	-0.3352
194.0	-12.387087	-0.05886	2.5633529999999998	0.2932153143350474	-0.17453292519943295	0.06981317007977318	0.0352	-0.2678	-0.3452
195.0	-12.64509	-0.005886	2.8949309999999997	0.35255650890285456	0.04014257279586958	0.08552113334772216	0.0202	-0.265	-0.3422
196.0	-12.758886	0.053955	3.275559	0.3490658503988659	0.29670597283903605	0.1117010721276371	0.0209	-0.2697	-0.3281
197.0	-12.731418000000001	0.13439700000000002	3.702294	0.2775073510670984	0.5672320068981571	0.1710422666954443	0.01	-0.2653	-0.3437
198.0	-12.573477	0.26879400000000003	4.1378580000000005	0.20420352248333654	0.6265732014659643	0.25132741228718347	0.0154	-0.268	-0.3353
199.0	-12.283101	0.481671	4.587156	0.06283185307179587	0.5916666164260777	0.3089232776029963	0.0008	-0.2716	-0.3269
200.0	-11.869119	0.7897050000000001	5.087466	-0.05585053606381855	0.5585053606381855	0.3735004599267865	-0.0104	-0.2739	-0.3026
200.99999999999997	-11.321721	1.0879290000000001	5.510277	-0.13788101090755203	0.4537856055185257	0.44331363000655966	-0.0352	-0.2724	-0.3068
202.0	-10.661508	1.3165020000000003	5.835969	-0.26005405854715513	0.2775073510670984	0.46949356878647464	-0.0454	-0.2649	-0.28
202.99999999999997	-10.058193000000001	1.563714	6.10182	-0.4188790204786391	0.1780235837034216	0.47298422729046335	-0.0486	-0.2576	-0.2875
204.0	-9.565731	1.8070020000000002	6.289191000000001	-0.5410520681182421	0.09599310885968812	0.5288347633542818	-0.0515	-0.2551	-0.2667
204.99999999999997	-9.205704	1.9727910000000002	6.3804240000000005	-0.6038839211900381	0.07679448708775051	0.6003932626860493	-0.0555	-0.2611	-0.2551
206.0	-8.963397	2.092473	6.393177	-0.635299847725936	0.0471238898038469	0.6684611035138281	-0.0591	-0.2493	-0.254
206.99999999999997	-8.813304	2.141523	6.346089000000001	-0.6161012259539983	0.11693705988362008	0.6963863715457375	-0.0514	-0.2526	-0.2444
208.0	-8.724033	2.106207	6.247008000000001	-0.5916666164260777	0.1884955592153876	0.6510078109938848	-0.0533	-0.2459	-0.2543
209.0	-8.671059000000001	1.928646	6.077295000000001	-0.5585053606381855	0.22165681500327983	0.5480333851262195	-0.0515	-0.2358	-0.2532
210.0	-8.622009	1.603935	5.772204	-0.4991641660703783	0.20769418098732523	0.38048177693476387	-0.0415	-0.2407	-0.2739
211.0	-8.59356	1.24587	5.3964810000000005	-0.47123889803846897	0.16406094968746698	0.15707963267948966	-0.0332	-0.2486	-0.2866
212.0	-8.595522	0.9623610000000001	5.036454	-0.4537856055185257	0.10821041362364843	-0.07679448708775051	-0.0424	-0.2601	-0.3013
213.0	-8.591598000000001	0.7406550000000001	4.699971000000001	-0.4415683007545654	0.09075712110370514	-0.1884955592153876	-0.044	-0.2645	-0.2857
214.0	-8.570016	0.563094	4.377222	-0.4293509959906051	0.07330382858376185	-0.35779249665883756	-0.0415	-0.2735	-0.3062
215.0	-8.49546	0.426735	4.103523	-0.4276056667386107	0.1064650843716541	-0.460766922526503	-0.0339	-0.2706	-0.2828
216.0	-8.368911	0.33746400000000004	3.8808360000000004	-0.4468042885105484	0.1413716694115407	-0.48171087355043496	-0.0382	-0.286	-0.3008
217.0	-8.196255	0.28547100000000003	3.6973890000000003	-0.4590215932745087	0.15707963267948966	-0.45553093477052004	-0.0476	-0.2866	-0.2918
218.00000000000003	-7.980435000000001	0.238383	3.530619	-0.48171087355043496	0.1832595714594046	-0.4118977034706618	-0.0576	-0.2876	-0.3056
219.0	-7.748919000000001	0.169713	3.380526	-0.48171087355043496	0.19024088846738194	-0.36302848441482055	-0.0712	-0.293	-0.3056
220.00000000000003	-7.54389	0.060822	3.244167	-0.460766922526503	0.19896753472735357	-0.3543018381548489	-0.0876	-0.2818	-0.2925
221.0	-7.378101	-0.061803000000000004	3.116637	-0.4188790204786391	0.20943951023931956	-0.38222710618675815	-0.0996	-0.2737	-0.2846
222.00000000000003	-7.232913	-0.20012400000000002	2.991069	-0.3543018381548489	0.23561944901923448	-0.4241150082346221	-0.1074	-0.2641	-0.2913
223.0	-7.117155	-0.32471099999999997	2.8635390000000003	-0.2775073510670984	0.22689280275926285	-0.460766922526503	-0.1098	-0.2629	-0.2839
224.00000000000003	-7.011207000000001	-0.434583	2.7477810000000003	-0.24434609527920614	0.20943951023931956	-0.47123889803846897	-0.1059	-0.2584	-0.2844
225.0	-6.946461	-0.5189490000000001	2.622213	-0.2303834612632515	0.21991148575128552	-0.4572762640225143	-0.1141	-0.2563	-0.314
225.99999999999997	-6.928803000000001	-0.6062580000000001	2.4760440000000004	-0.19896753472735357	0.2530727415391778	-0.45553093477052004	-0.1121	-0.2466	-0.2926
227.0	-6.959214	-0.707301	2.3181030000000002	-0.16580627893946132	0.2932153143350474	-0.4415683007545654	-0.1188	-0.2452	-0.314
227.99999999999997	-7.031808000000001	-0.817173	2.155257	-0.12740903539558607	0.291469985083053	-0.39968039870670147	-0.12	-0.2424	-0.2959
229.0	-7.128927000000001	-0.9133110000000001	2.002221	-0.07504915783575616	0.2583087292951608	-0.3560471674068432	-0.1192	-0.2408	-0.3114
229.99999999999997	-7.237818000000001	-0.964323	1.8383940000000003	-0.0	0.21991148575128552	-0.3385938748868999	-0.1233	-0.2422	-0.3185
231.0	-7.32807	-0.9957150000000001	1.6637760000000001	0.06283185307179587	0.19373154697137057	-0.33161255787892263	-0.1151	-0.2443	-0.3005
231.99999999999997	-7.4124360000000005	-1.012392	1.4656140000000002	0.13264502315156904	0.2234021442552742	-0.32637657012293964	-0.1064	-0.2393	-0.3009
233.0	-7.470315	-1.033974	1.2645089999999999	0.21991148575128552	0.2583087292951608	-0.30019663134302466	-0.1069	-0.2378	-0.3222
234.0	-7.516422	-1.048689	1.056537	0.25481807079117214	0.2932153143350474	-0.27401669256310973	-0.1224	-0.2328	-0.3234
235.0	-7.533099000000001	-1.05948	0.875052	0.3368485456349056	0.317649923862968	-0.2234021442552742	-0.1219	-0.2266	-0.3242
236.0	-7.536042	-1.058499	0.704358	0.4276056667386107	0.33510321638291124	-0.14835298641951802	-0.1207	-0.2217	-0.3475
237.0	-7.538004	-1.0428030000000001	0.580752	0.5148721293383273	0.3543018381548489	-0.0645771823237902	-0.1179	-0.215	-0.3344
238.0	-7.566453	-1.012392	0.5140440000000001	0.5899212871740833	0.3961897402027128	-0.0017453292519943296	-0.1067	-0.2153	-0.332
239.0	-7.632180000000001	-0.9447030000000001	0.48069000000000006	0.6126105674500097	0.4380776422505767	0.020943951023931952	-0.1003	-0.2132	-0.3148
240.0	-7.729299000000001	-0.8554320000000001	0.545436	0.6597344572538565	0.49741883681838395	0.017453292519943295	-0.0891	-0.2131	-0.3226
241.0	-7.870563000000001	-0.787743	0.687681	0.6667157742618339	0.5061454830783556	-0.0017453292519943296	-0.0889	-0.2094	-0.3254
242.0	-8.048124000000001	-0.738693	0.9035010000000001	0.6056292504420324	0.47647488579445196	-0.024434609527920613	-0.09	-0.2114	-0.3422
243.00000000000003	-8.285526	-0.65727	1.16739	0.5288347633542818	0.5009094953223726	-0.0017453292519943296	-0.0891	-0.2069	-0.3325
244.0	-8.58375	-0.556227	1.4381460000000001	0.4537856055185257	0.41713369122664473	0.05235987755982989	-0.0824	-0.2114	-0.3148
245.00000000000003	-8.998713	-0.393381	1.6314030000000002	0.2897246558310587	0.3141592653589793	0.11519173063162574	-0.074	-0.2101	-0.305
246.0	-9.536301	-0.151074	1.708902	0.10297442586766545	0.25481807079117214	0.12740903539558607	-0.0724	-0.209	-0.2876
247.00000000000003	-10.200438000000002	0.12851100000000001	1.688301	-0.013962634015954637	0.27052603405912107	0.06806784082777885	-0.0634	-0.2128	-0.2687
248.0	-11.014668	0.413982	1.673586	-0.10122909661567112	0.3717551306747922	-0.059341194567807204	-0.0648	-0.2126	-0.264
249.00000000000003	-11.927979	0.670023	1.771686	-0.10821041362364843	0.36826447217080355	-0.2426007660272118	-0.0627	-0.2148	-0.2602
250.0	-12.88053	0.8652420000000001	1.930608	-0.07504915783575616	0.3961897402027128	-0.4258603374866164	-0.0544	-0.213	-0.2337
250.99999999999997	-13.713399	1.031031	2.101302	-0.26354471705114374	0.3735004599267865	-0.5375614096142535	-0.056	-0.22	-0.2454
252.0	-14.343201	1.150713	2.314179	-0.3735004599267865	0.23212879051524585	-0.5759586531581288	-0.0612	-0.2207	-0.2268
252.99999999999997	-14.79348	1.151694	2.5035119999999997	-0.2932153143350474	0.0715584993317675	-0.5864306286700948	-0.0638	-0.2256	-0.2221
254.0	-15.080913000000002	1.0643850000000001	2.749743	-0.30019663134302466	0.1832595714594046	-0.6440264939859076	-0.0578	-0.219	-0.2333
254.99999999999997	-15.074046000000001	0.8622990000000001	3.0587580000000005	-0.2617993877991494	0.07853981633974483	-0.635299847725936	-0.0628	-0.2209	-0.222
256.0	-14.821928999999999	0.542493	3.5296380000000003	0.0017453292519943296	-0.024434609527920613	-0.6387905062299246	-0.0635	-0.2263	-0.2185
257.0	-14.329467000000001	0.15696000000000002	4.1761170000000005	0.23212879051524585	-0.0715584993317675	-0.6387905062299246	-0.063	-0.2302	-0.226
258.0	-13.57704	-0.282528	4.814748000000001	0.46600291028248597	-0.1413716694115407	-0.6789330790257941	-0.059	-0.2349	-0.2283
259.0	-12.667653	-0.672966	5.257179000000001	0.5113814708343386	-0.06632251157578452	-0.7609635538695277	-0.0526	-0.2358	-0.2362
260.0	-11.734722	-0.930969	5.521068	0.5183627878423158	0.061086523819801536	-0.8063421144213803	-0.0618	-0.2451	-0.2449
261.0	-11.004858	-1.076157	5.716287	0.5585053606381855	-0.006981317007977318	-0.8726646259971648	-0.0582	-0.2445	-0.2296
262.0	-10.54575	-1.0791000000000002	5.809482	0.5846852994181004	-0.09075712110370514	-0.9110618695410401	-0.0472	-0.2467	-0.221
263.0	-10.205343000000001	-0.9290070000000001	5.847741	0.5445427266222308	-0.16929693744344995	-0.9110618695410401	-0.0458	-0.2403	-0.2036
264.0	-9.881613000000002	-0.6857190000000001	5.814387	0.5061454830783556	-0.27401669256310973	-0.8813912722571364	-0.0468	-0.2434	-0.2061
265.0	-9.652059000000001	-0.397305	5.77809	0.42062434973063345	-0.31066860685499065	-0.7993607974134029	-0.0527	-0.2419	-0.2044
266.0	-9.510795	-0.10300500000000001	5.659389	0.32986722862692824	-0.2234021442552742	-0.6544984694978736	-0.0476	-0.2407	-0.1856
267.0	-9.434277	0.17658	5.3886330000000005	0.25481807079117214	-0.10122909661567112	-0.4118977034706618	-0.0463	-0.2409	-0.1913
268.0	-9.406809	0.46107000000000004	5.044302	0.1832595714594046	-0.015707963267948967	-0.0715584993317675	-0.0423	-0.2448	-0.1855
269.0	-9.356778	0.677871	4.737249	0.13264502315156904	0.07330382858376185	0.2426007660272118	-0.0516	-0.2419	-0.1858
270.0	-9.232191	0.793629	4.472379	0.13264502315156904	0.07330382858376185	0.2426007660272118	-0.0541	-0.2316	-0.193
271.0	-8.865297	0.8652420000000001	4.177098	0.12740903539558607	0.07679448708775051	0.4869468613064179	-0.0557	-0.2215	-0.1792
272.0	-8.366949	0.8672040000000001	3.908304	0.1291543646475804	0.08552113334772216	0.4642575810304917	-0.061	-0.2182	-0.1817
273.0	-7.864677	0.828945	3.6816930000000005	0.09773843811168245	0.1117010721276371	0.38746309394274114	-0.0636	-0.2201	-0.2035
274.0	-7.436961	0.79461	3.479607	0.04363323129985824	0.0645771823237902	0.29670597283903605	-0.0723	-0.2249	-0.1852
275.0	-7.093611	0.802458	3.277521	-0.029670597283903602	0.012217304763960306	0.2234021442552742	-0.0704	-0.2287	-0.2044
276.0	-6.782634000000001	0.860337	3.110751	-0.07679448708775051	-0.07853981633974483	0.2007128639793479	-0.0671	-0.2281	-0.2391
277.0	-6.5050110000000005	0.9790380000000001	2.977335	-0.20245819323134223	-0.10471975511965978	0.16755160819145562	-0.0719	-0.2319	-0.2292
278.0	-6.2685900000000006	1.149732	2.89395	-0.33161255787892263	-0.10471975511965978	0.14835298641951802	-0.071	-0.2331	-0.2338
279.0	-6.07239	1.333179	2.808603	-0.46949356878647464	-0.1064650843716541	0.15358897417550102	-0.067	-0.2441	-0.2331
280.0	-5.878152	1.5156450000000001	2.719332	-0.6038839211900381	-0.10821041362364843	0.15009831567151233	-0.0662	-0.2466	-0.2264
281.0	-5.795748000000001	1.653966	2.62908	-0.7086036763096978	-0.08203047484373349	0.16580627893946132	-0.0668	-0.2567	-0.2511
282.0	-5.733945	1.770705	2.537847	-0.7086036763096978	-0.08203047484373349	0.16580627893946132	-0.0674	-0.2613	-0.2533
283.0	-5.734926000000001	1.7971920000000001	2.3995260000000003	-0.8813912722571364	0.0	0.21467549799530256	-0.0594	-0.2673	-0.2498
284.0	-5.7800519999999995	1.74618	2.212155	-0.9337511498169663	0.05235987755982989	0.24958208303518914	-0.0499	-0.2642	-0.2492
285.0	-5.892867000000001	1.621593	2.036556	-0.9546951008408983	0.061086523819801536	0.3193952531149623	-0.0476	-0.2631	-0.2435
286.0	-6.084162	1.4234310000000001	1.825641	-0.9686577348568529	0.08726646259971647	0.38048177693476387	-0.0542	-0.2638	-0.217
287.0	-6.345108000000001	1.1713140000000002	1.614726	-0.9965830028887622	0.11868238913561441	0.4625122517784973	-0.0559	-0.2569	-0.227
288.0	-6.633522	0.885843	1.3714380000000002	-1.0471975511965976	0.1884955592153876	0.5026548245743669	-0.067	-0.2491	-0.2276
289.0	-6.894468	0.613125	1.170333	-1.0925761117484503	0.21642082724729686	0.5131268000863328	-0.0633	-0.2395	-0.2187
290.0	-7.127946000000001	0.384552	0.968247	-1.1519173063162575	0.22165681500327983	0.49567350756638956	-0.0689	-0.2443	-0.2214
291.0	-7.359462	0.227592	0.7985340000000001	-1.2095131716320704	0.27052603405912107	0.4921828490624009	-0.0618	-0.244	-0.2199
292.0	-7.6056930000000005	0.118701	0.623916	-1.270599695451872	0.32637657012293964	0.47123889803846897	-0.0597	-0.2404	-0.2241
293.0	-7.873506	0.125568	0.5375880000000001	-1.3177235852557188	0.4118977034706618	0.4066617157146788	-0.0648	-0.2306	-0.2448
294.0	-8.185464000000001	0.19521900000000003	0.52974	-1.3526301702956054	0.47298422729046335	0.32812189937493397	-0.0701	-0.2288	-0.2387
295.0	-8.523909	0.311958	0.543474	-1.3857914260834978	0.5462880558742251	0.24085543677521748	-0.0772	-0.2296	-0.2279
296.0	-8.857449	0.42379200000000006	0.622935	-1.3631021458075714	0.5358160803622591	0.16057029118347832	-0.0743	-0.2289	-0.2533
297.0	-9.173331000000001	0.49050000000000005	0.7416360000000001	-1.3177235852557188	0.4310963252425994	0.06283185307179587	-0.0747	-0.2271	-0.2485
298.0	-9.474498	0.517968	0.869166	-1.1205013797803596	0.20769418098732523	0.017453292519943295	-0.0703	-0.2258	-0.2668
299.0	-9.830601	0.446355	0.953532	-0.7906341511534313	0.06283185307179587	-0.0715584993317675	-0.0778	-0.2276	-0.2837
300.0	-10.285785	0.135378	0.983943	-0.41538836197465046	-0.17976891295541594	-0.09773843811168245	-0.0703	-0.2205	-0.2934
301.0	-10.827297	-0.424773	0.9662850000000001	-0.143116998663535	-0.19198621771937624	-0.0645771823237902	-0.074	-0.2137	-0.3001
302.0	-11.432574	-1.094796	0.891729	0.0017453292519943296	0.0	0.003490658503988659	-0.0756	-0.2129	-0.3156
303.0	-11.982915	-1.7451990000000002	0.796572	0.04014257279586958	0.2129301687433082	0.1308996938995747	-0.075	-0.2214	-0.3035
304.0	-12.516579	-2.1807630000000002	0.8622990000000001	0.16057029118347832	0.4782202150464463	0.291469985083053	-0.0713	-0.2225	-0.3215
305.0	-12.977649	-2.391678	1.094796	0.32986722862692824	0.5288347633542818	0.41364303272265607	-0.0601	-0.2169	-0.347
306.0	-13.313151000000001	-2.4122790000000003	1.4656140000000002	0.5131268000863328	0.3543018381548489	0.4572762640225143	-0.0605	-0.2142	-0.3278
307.0	-13.533876	-2.279844	2.002221	0.5218534463463045	0.20769418098732523	0.4939281783143953	-0.0558	-0.2168	-0.3212
308.0	-13.566249000000001	-2.073834	2.690883	0.5235987755982988	0.07679448708775051	0.5934119456780721	-0.0571	-0.2158	-0.3104
309.0	-13.381821000000002	-1.816812	3.4590060000000005	0.4014257279586958	0.15009831567151233	0.5497787143782138	-0.0597	-0.2167	-0.3047
310.0	-13.016889	-1.3655519999999999	4.270293000000001	0.23387411976724015	0.24609142453120045	0.5550147021341968	-0.0663	-0.2214	-0.3097
311.0	-12.528350999999999	-0.71613	4.975632	0.03665191429188092	0.3717551306747922	0.6335545184739416	-0.0725	-0.2235	-0.2966
312.0	-12.051585	0.07161300000000001	5.743755	-0.17453292519943295	0.5602506898901798	0.8237954069413236	-0.0782	-0.2217	-0.2852
313.0	-11.678804999999999	0.840717	6.515802000000001	-0.2932153143350474	0.5131268000863328	1.02799892942466	-0.0869	-0.2175	-0.2725
314.0	-11.312892	1.31454	7.050447	-0.3735004599267865	0.317649923862968	1.1746065865921838	-0.0945	-0.2167	-0.2622
315.0	-10.999953	1.477386	7.349652	-0.42062434973063345	0.2129301687433082	1.2514010736799344	-0.1036	-0.2271	-0.2492
316.0	-10.772361000000002	1.419507	7.456581000000001	-0.4363323129985824	0.09599310885968812	1.2688543661998777	-0.1035	-0.2284	-0.2581
317.0	-10.608534	1.247832	7.3565190000000005	-0.45029494701453704	0.010471975511965976	1.2077678423800762	-0.1135	-0.2282	-0.2488
318.0	-10.587933	1.083024	7.068105000000001	-0.44331363000655966	-0.03316125578789226	0.9756390518648302	-0.1149	-0.223	-0.2291
319.0	-10.705653	0.9898290000000001	6.663933	-0.4066617157146788	0.006981317007977318	0.8377580409572782	-0.1148	-0.2228	-0.2336
320.0	-10.873404	0.9201779999999999	6.20973	-0.3612831551628262	0.024434609527920613	0.49567350756638956	-0.12	-0.2179	-0.2119
321.0	-11.009763000000001	0.816192	5.867361	-0.3141592653589793	0.06632251157578452	0.1466076571675237	-0.1227	-0.2199	-0.2168
322.0	-10.969542	0.5846760000000001	5.480847	-0.24783675378319478	0.1291543646475804	-0.1780235837034216	-0.1275	-0.2227	-0.2045
323.0	-10.736064	0.24034500000000003	5.051169000000001	-0.18675022996339324	0.19024088846738194	-0.4223696789826277	-0.125	-0.2204	-0.2055
324.0	-10.362303	-0.073575	4.6538640000000004	-0.12217304763960307	0.2129301687433082	-0.5864306286700948	-0.1186	-0.2158	-0.1884
325.0	-9.856107	-0.335502	4.288932	-0.05235987755982989	0.16755160819145562	-0.6457718232379019	-0.1163	-0.2115	-0.1874
326.0	-9.265545000000001	-0.513063	3.942639	0.04363323129985824	0.15184364492350666	-0.6370451769779303	-0.1215	-0.2102	-0.1772
327.0	-8.62299	-0.64746	3.6140040000000004	0.12391837689159739	0.17627825445142728	-0.5934119456780721	-0.1141	-0.2134	-0.2046
328.0	-7.958853	-0.792648	3.3255900000000005	0.2234021442552742	0.1832595714594046	-0.5148721293383273	-0.1117	-0.2252	-0.2165
329.0	-7.310412	-0.958437	3.0881880000000006	0.30717794835100204	0.14486232791552936	-0.4258603374866164	-0.1087	-0.2237	-0.2095
330.0	-6.705135	-1.1458080000000002	2.902779	0.4014257279586958	0.07504915783575616	-0.38222710618675815	-0.0993	-0.2218	-0.2326
331.0	-6.175395	-1.309635	2.7624960000000005	0.4886921905584123	0.09599310885968812	-0.3735004599267865	-0.0989	-0.2316	-0.2158
332.0	-5.722173000000001	-1.449918	2.651643	0.5707226654021458	0.17453292519943295	-0.3420845333908886	-0.0935	-0.2324	-0.2121
333.0	-5.366070000000001	-1.531341	2.557467	0.6073745796940266	0.14486232791552936	-0.3455751918948773	-0.0923	-0.2367	-0.217
334.0	-5.113953	-1.583334	2.463291	0.7051130178057091	0.13264502315156904	-0.3735004599267865	-0.0959	-0.2405	-0.2298
335.0	-4.957974	-1.6255169999999999	2.357343	0.7853981633974483	0.16057029118347832	-0.4014257279586958	-0.0979	-0.2349	-0.2343
336.0	-4.888323000000001	-1.6657380000000002	2.230794	0.8412486994612669	0.20245819323134223	-0.4258603374866164	-0.0964	-0.2388	-0.2326
337.0	-4.919715	-1.681434	2.0689290000000002	0.8988445647770797	0.30194196059501904	-0.44505895925855404	-0.1007	-0.2371	-0.2248
338.0	-5.041359000000001	-1.6677000000000002	1.8678240000000002	0.9197885158010117	0.3892084231947355	-0.4363323129985824	-0.1084	-0.2384	-0.2158
339.0	-5.253255	-1.6264980000000002	1.609821	0.9267698328089891	0.4799655442984406	-0.3961897402027128	-0.1062	-0.2355	-0.2175
340.0	-5.545593	-1.526436	1.321407	0.9232791743050003	0.5288347633542818	-0.3769911184307752	-0.1089	-0.2348	-0.2169
341.0	-5.897772	-1.361628	0.983943	0.9232791743050003	0.5393067388662478	-0.3141592653589793	-0.1029	-0.2231	-0.2266
342.0	-6.349032	-1.0987200000000001	0.631764	0.9529497715889039	0.5916666164260777	-0.22165681500327983	-0.0991	-0.2174	-0.2236
343.0	-6.864057	-0.788724	0.300186	0.9651670763528641	0.5811946409141117	-0.10995574287564276	-0.0968	-0.2166	-0.2279
344.0	-7.421265	-0.46107000000000004	0.051012	0.9442231253289323	0.47472955654245763	-0.024434609527920613	-0.0953	-0.2197	-0.2318
345.0	-7.996131000000001	-0.151074	-0.102024	0.9389871375729493	0.23736477827122882	0.029670597283903602	-0.1012	-0.2205	-0.2292
346.0	-8.559225000000001	0.13439700000000002	-0.206991	0.8848819307611251	0.017453292519943295	0.0645771823237902	-0.1054	-0.2147	-0.2419
347.0	-9.082098	0.346293	-0.21974400000000002	0.8482300164692442	0.05759586531581287	0.054105206811824215	-0.1043	-0.2112	-0.2422
348.0	-9.609876	0.474804	-0.094176	0.7208209810736581	0.17976891295541594	-0.031415926535897934	-0.0981	-0.2083	-0.2505
349.0	-10.06506	0.629802	0.114777	0.5515240436302081	0.26354471705114374	-0.08377580409572781	-0.0925	-0.2069	-0.2462
350.0	-10.440783000000001	0.8426790000000001	0.43164	0.41538836197465046	0.17976891295541594	-0.07679448708775051	-0.0795	-0.2077	-0.2285
351.0	-10.747836	1.070271	0.7435980000000001	0.19722220547535926	0.07330382858376185	-0.024434609527920613	-0.0738	-0.2011	-0.2389
352.0	-10.981314	1.2753	0.9476460000000001	0.019198621771937627	0.0715584993317675	0.029670597283903602	-0.0612	-0.1976	-0.2472
353.0	-11.223621	1.478367	1.091853	-0.143116998663535	0.17278759594743864	0.05235987755982989	-0.0592	-0.1972	-0.2387
354.0	-11.405106000000002	1.642194	1.043784	-0.20420352248333654	0.1413716694115407	0.08726646259971647	-0.0513	-0.184	-0.2317
355.0	-11.644470000000002	1.755009	0.90252	-0.05061454830783556	0.15358897417550102	0.027925268031909273	-0.0264	-0.1778	-0.2153
356.0	-12.044718000000001	1.815831	0.918216	0.03665191429188092	0.03490658503988659	-0.09599310885968812	-0.0146	-0.1801	-0.2065
357.0	-12.549933000000001	1.9080450000000002	1.091853	-0.0	-0.23212879051524585	-0.26529004630313807	-0.0111	-0.1802	-0.1989
358.0	-12.969801	1.9875060000000002	1.2527370000000002	-0.03665191429188092	-0.30194196059501904	-0.4799655442984406	-0.0059	-0.1751	-0.1925
359.0	-13.313151000000001	1.8678240000000002	1.484253	-0.143116998663535	-0.1413716694115407	-0.7539822368615504	-0.0062	-0.18	-0.1925
360.0	-13.536819	1.550961	1.753047	-0.2181661564992912	0.048869219055841226	-1.0332349171806432	-0.0048	-0.1799	-0.1922
361.0	-13.601565	1.160523	2.1807630000000002	-0.2897246558310587	0.12391837689159739	-1.117010721276371	-0.005	-0.1822	-0.1987
362.0	-13.452453	0.786762	2.6437950000000003	-0.25132741228718347	0.0890117918517108	-1.14493598930828	-0.009	-0.1848	-0.2046
363.0	-13.138533	0.35021700000000006	3.1087890000000002	-0.13788101090755203	0.06632251157578452	-1.048942880448592	-0.0053	-0.1795	-0.2082
364.0	-12.892302	-0.159903	3.788622	0.003490658503988659	-0.041887902047863905	-0.9512044423369096	-0.0055	-0.1855	-0.2194
365.0	-12.657843000000002	-0.5856570000000001	4.509657	0.08028514559173916	-0.11868238913561441	-0.8656833089891874	-0.0146	-0.1966	-0.238
366.0	-12.33117	-0.8573940000000001	5.064903	0.19722220547535926	-0.13788101090755203	-0.773180858633488	-0.0147	-0.1967	-0.2479
367.0	-11.920131000000001	-1.054575	5.4268920000000005	0.30543261909900765	-0.20769418098732523	-0.7260569688296411	-0.0191	-0.1931	-0.2581
368.0	-11.511054000000001	-1.153656	5.694705000000001	0.3752457891787809	-0.2617993877991494	-0.7173303225696694	-0.0245	-0.1901	-0.2652
369.0	-11.135331	-1.070271	5.798691	0.4415683007545654	-0.30717794835100204	-0.757472895365539	-0.0285	-0.1806	-0.2705
370.0	-10.791000000000002	-0.896634	5.756508	0.5218534463463045	-0.3141592653589793	-0.7504915783575618	-0.0336	-0.1755	-0.2782
371.0	-10.534959	-0.724959	5.567175000000001	0.5410520681182421	-0.2426007660272118	-0.6719517620178169	-0.0373	-0.1756	-0.2667
372.0	-10.414296000000002	-0.5846760000000001	5.421006	0.5166174585903216	-0.11344640137963143	-0.5113814708343386	-0.0434	-0.1764	-0.257
373.0	-10.348569	-0.41202000000000005	5.2767990000000005	0.4834562028024293	-0.015707963267948967	-0.24085543677521748	-0.0475	-0.1744	-0.2511
374.0	-10.186704	-0.133416	5.013891	0.4118977034706618	0.06981317007977318	0.09075712110370514	-0.0499	-0.1768	-0.2455
375.0	-9.862974000000001	0.148131	4.7303820000000005	0.35255650890285456	0.12042771838760874	0.3700098014227979	-0.0553	-0.1717	-0.2222
376.0	-9.384246000000001	0.377685	4.431177	0.2844886680750757	0.16755160819145562	0.5323254218582705	-0.066	-0.1721	-0.2076
377.0	-8.827038000000002	0.5611320000000001	4.095675	0.19024088846738194	0.19373154697137057	0.5846852994181004	-0.0648	-0.1729	-0.1947
378.0	-8.261982	0.734769	3.7866600000000004	0.08028514559173916	0.20943951023931956	0.5672320068981571	-0.0674	-0.1696	-0.1834
379.0	-7.732242	0.886824	3.536505	-0.04014257279586958	0.17453292519943295	0.4834562028024293	-0.0729	-0.1726	-0.1944
380.0	-7.285887000000001	1.067328	3.329514	-0.16406094968746698	0.09075712110370514	0.40317105721069013	-0.0813	-0.1781	-0.1842
381.0	-6.908202000000001	1.2399840000000002	3.1627440000000004	-0.16406094968746698	0.09075712110370514	0.40317105721069013	-0.0858	-0.1796	-0.1791
382.0	-6.560928	1.426374	3.042081	-0.3787364476827695	-0.11344640137963143	0.30194196059501904	-0.0866	-0.1726	-0.1792
383.0	-6.238179000000001	1.58922	2.943	-0.5427973973702365	-0.17627825445142728	0.27576202181510406	-0.0756	-0.172	-0.1768
384.0	-5.941917	1.7245980000000003	2.853729	-0.6789330790257941	-0.2775073510670984	0.26005405854715513	-0.0754	-0.167	-0.184
385.0	-5.71923	1.85409	2.744838	-0.8150687606813519	-0.32288591161895097	0.27576202181510406	-0.0772	-0.1679	-0.1886
386.0	-5.5916999999999994	1.9570950000000003	2.621232	-0.8901179185171081	-0.33161255787892263	0.2792526803190927	-0.0771	-0.165	-0.1999
387.0	-5.527935	2.036556	2.487816	-0.9494591130849153	-0.3455751918948773	0.29670597283903605	-0.0766	-0.1618	-0.2132
388.0	-5.514201000000001	2.0640240000000003	2.3082930000000004	-1.007054978400728	-0.26529004630313807	0.29496064358704166	-0.0698	-0.1573	-0.2227
389.0	-5.568156	2.0473470000000002	2.13858	-1.0314895879286488	-0.16755160819145562	0.3246312408709453	-0.0614	-0.1619	-0.205
390.0	-5.683914000000001	1.9423800000000002	1.946304	-1.064650843716541	-0.13962634015954636	0.3508111796508603	-0.0569	-0.1575	-0.2077
391.0	-5.852646000000001	1.798173	1.7324460000000002	-1.090830782496456	-0.1413716694115407	0.3787364476827695	-0.0496	-0.1565	-0.2161
392.0	-6.136155	1.563714	1.489158	-1.1205013797803596	-0.06283185307179587	0.41364303272265607	-0.0388	-0.1595	-0.2133
393.0	-6.546213000000001	1.289034	1.258623	-1.1990411961201044	-0.020943951023931952	0.45553093477052004	-0.0396	-0.1622	-0.2324
394.0	-7.035731999999999	1.0084680000000001	1.026126	-1.293288975727798	0.059341194567807204	0.4625122517784973	-0.0426	-0.1642	-0.24
395.0	-7.494840000000001	0.746541	0.828945	-1.361356816555577	0.14486232791552936	0.4066617157146788	-0.0396	-0.1599	-0.2578
396.0	-7.8803730000000005	0.5366070000000001	0.6533460000000001	-1.4102260356114182	0.20943951023931956	0.33161255787892263	-0.03	-0.1564	-0.2656
397.0	-8.207046	0.36591300000000004	0.476766	-1.4468779499032993	0.25132741228718347	0.26878070480712674	-0.0242	-0.1552	-0.2781
398.0	-8.506251	0.24525000000000002	0.344331	-1.4625859131712482	0.36826447217080355	0.20943951023931956	-0.0323	-0.1616	-0.281
399.0	-8.776026	0.15499800000000002	0.226611	-1.3945180723434694	0.4310963252425994	0.16057029118347832	-0.0356	-0.1528	-0.3039
400.0	-9.052668	0.10104300000000001	0.169713	-1.270599695451872	0.4241150082346221	0.143116998663535	-0.036	-0.1518	-0.3143
401.0	-9.352854	0.024525	0.19325699999999998	-1.0995574287564276	0.30717794835100204	0.12740903539558607	-0.0437	-0.1502	-0.3287
401.99999999999994	-9.626553	-0.07161300000000001	0.302148	-0.8761552845011534	0.20769418098732523	0.07853981633974483	-0.0399	-0.1468	-0.3374
403.0	-9.846297000000002	-0.192276	0.45224100000000006	-0.7365289443416071	0.08377580409572781	0.031415926535897934	-0.0478	-0.1425	-0.3202
404.0	-10.047402	-0.37376100000000007	0.613125	-0.4241150082346221	-0.003490658503988659	-0.07679448708775051	-0.0403	-0.141	-0.3285
405.0	-10.319139000000002	-0.677871	0.724959	-0.14835298641951802	-0.09948376736367678	-0.1710422666954443	-0.0337	-0.1413	-0.3409
405.99999999999994	-10.693881000000001	-1.1075490000000001	0.771066	0.04014257279586958	-0.08552113334772216	-0.22689280275926285	-0.0311	-0.1432	-0.334
407.0	-11.153970000000001	-1.55979	0.727902	0.14835298641951802	0.041887902047863905	-0.19024088846738194	-0.0298	-0.1433	-0.3431
408.0	-11.607192000000001	-1.95219	0.6248970000000001	0.15707963267948966	0.312413936106985	-0.13962634015954636	-0.0289	-0.1405	-0.3427
409.0	-12.059433000000002	-2.188611	0.639612	0.17976891295541594	0.6143558967020041	-0.04363323129985824	-0.0244	-0.1424	-0.3251
409.99999999999994	-12.537180000000001	-2.2317750000000003	0.820116	0.26529004630313807	0.6824237375297829	0.08552113334772216	-0.0263	-0.1421	-0.337
411.00000000000006	-12.951162000000002	-2.0689290000000002	1.121283	0.3665191429188092	0.4258603374866164	0.21991148575128552	-0.0227	-0.1382	-0.3305
412.0	-13.286664000000002	-1.784439	1.577448	0.40491638646268446	0.09075712110370514	0.39269908169872414	-0.0364	-0.1421	-0.3305
413.0	-13.441662	-1.4312790000000002	2.18763	0.41538836197465046	-0.06283185307179587	0.5881759579220891	-0.0338	-0.1491	-0.351
413.99999999999994	-13.365144	-1.0663470000000002	2.919456	0.3892084231947355	-0.17976891295541594	0.6562437987498679	-0.0349	-0.1511	-0.3313
415.00000000000006	-13.103217000000003	-0.678852	3.689541	0.2827433388230814	-0.16580627893946132	0.7155849933176751	-0.0436	-0.1567	-0.3146
416.0	-12.691197	-0.301167	4.398804	0.14486232791552936	0.048869219055841226	0.778416846389471	-0.0491	-0.159	-0.3146
417.0	-12.271329	0.110853	5.161041	0.0890117918517108	0.34732052114687156	0.8988445647770797	-0.0567	-0.1681	-0.3013
418.0	-11.963295	0.512082	6.008625	0.08203047484373349	0.41015237421866746	1.0035643198967394	-0.0614	-0.1706	-0.3017
419.00000000000006	-11.667033	0.771066	6.748299	0.054105206811824215	0.312413936106985	1.054178868204575	-0.0734	-0.173	-0.3034
420.0	-11.334474	0.8554320000000001	7.265286000000001	-0.0017453292519943296	0.20420352248333654	1.064650843716541	-0.0741	-0.1807	-0.3038
421.0	-10.964637	0.7848	7.558605	-0.08552113334772216	0.12042771838760874	1.0314895879286488	-0.0762	-0.1801	-0.3115
422.0	-10.572237000000001	0.665118	7.595883000000001	-0.1832595714594046	0.027925268031909273	0.9424777960769379	-0.0803	-0.1826	-0.3366
423.00000000000006	-10.278918	0.5856570000000001	7.38693	-0.23561944901923448	-0.020943951023931952	0.7644542123735163	-0.0914	-0.1814	-0.3243
424.0	-10.182780000000001	0.623916	7.0082640000000005	-0.2565634000431664	0.0	0.6614797865058508	-0.0983	-0.1802	-0.3235
425.0	-10.212209999999999	0.7435980000000001	6.561909000000001	-0.30019663134302466	0.006981317007977318	0.4276056667386107	-0.0965	-0.177	-0.329
426.0	-10.347588	0.925083	6.17049	-0.3420845333908886	0.04537856055185257	0.15009831567151233	-0.0966	-0.1807	-0.3264
426.99999999999994	-10.414296000000002	1.009449	5.802615	-0.3420845333908886	0.08377580409572781	-0.16057029118347832	-0.0992	-0.1841	-0.3286
428.0	-10.287747	0.948627	5.371956	-0.3036872898470133	0.09948376736367678	-0.41713369122664473	-0.0947	-0.1905	-0.3288
429.0	-10.026801	0.782838	4.892247	-0.25132741228718347	0.10122909661567112	-0.5619960191421741	-0.0847	-0.1917	-0.3343
430.0	-9.618705	0.563094	4.43412	-0.15707963267948966	0.07853981633974483	-0.62482787221397	-0.0844	-0.1889	-0.3239
430.99999999999994	-9.152730000000002	0.31392000000000003	4.005423	-0.06283185307179587	0.05585053606381855	-0.6073745796940266	-0.0815	-0.1928	-0.3166
432.0	-8.655363	0.031392	3.644415	0.03665191429188092	0.026179938779914945	-0.5410520681182421	-0.0743	-0.1892	-0.2997
433.0	-8.106003000000001	-0.30312900000000004	3.3197039999999998	0.15707963267948966	-0.010471975511965976	-0.47472955654245763	-0.0667	-0.1924	-0.3089
434.0	-7.512498000000001	-0.668061	3.054834	0.27401669256310973	0.010471975511965976	-0.4468042885105484	-0.0653	-0.1952	-0.326
434.99999999999994	-6.933708	-1.01043	2.8370520000000004	0.4066617157146788	0.020943951023931952	-0.4188790204786391	-0.0626	-0.1986	-0.321
436.00000000000006	-6.363747000000001	-1.289034	2.6781300000000003	0.47123889803846897	-0.015707963267948967	-0.40840704496667307	-0.0696	-0.1975	-0.3195
437.0	-5.857551	-1.4656140000000002	2.548638	0.5393067388662478	-0.027925268031909273	-0.41364303272265607	-0.0557	-0.1904	-0.3135
438.0	-5.476923	-1.5823530000000001	2.4417090000000004	0.6003932626860493	-0.024434609527920613	-0.3595378259108319	-0.0592	-0.1912	-0.316
438.99999999999994	-5.175756	-1.658871	2.329875	0.6230825429619757	-0.031415926535897934	-0.34033920413889424	-0.0636	-0.1926	-0.3145
440.00000000000006	-5.021739	-1.6726050000000001	2.195478	0.6719517620178169	0.10821041362364843	-0.3543018381548489	-0.0659	-0.1919	-0.3152
441.0	-4.981518	-1.65789	2.041461	0.7208209810736581	0.15358897417550102	-0.3961897402027128	-0.0704	-0.1961	-0.3118
442.0	-5.0531310000000005	-1.617669	1.832508	0.7592182246175333	0.26005405854715513	-0.39269908169872414	-0.0806	-0.2006	-0.2971
443.0	-5.232654	-1.557828	1.604916	0.7993607974134029	0.32986722862692824	-0.38222710618675815	-0.0879	-0.1963	-0.2654
444.00000000000006	-5.506353000000001	-1.4793479999999999	1.336122	0.8342673824532895	0.43458698374658805	-0.3665191429188092	-0.0961	-0.1972	-0.2603
445.0	-5.837931	-1.3812480000000003	1.05948	0.8552113334772214	0.48171087355043496	-0.3490658503988659	-0.1018	-0.1936	-0.2578
446.0	-6.2303310000000005	-1.259604	0.7730279999999999	0.8779006137531478	0.4223696789826277	-0.33510321638291124	-0.0976	-0.1911	-0.2573
447.0	-6.6776670000000005	-1.112454	0.479709	0.9145525280450286	0.38746309394274114	-0.23911010752322315	-0.1145	-0.1856	-0.249
448.00000000000006	-7.1711100000000005	-0.877014	0.208953	0.9546951008408983	0.32288591161895097	-0.13788101090755203	-0.1138	-0.1784	-0.2538
449.0	-7.717527	-0.5729040000000001	0.006867000000000001	0.9512044423369096	0.19722220547535926	-0.038397243543875255	-0.1151	-0.1734	-0.2436
450.0	-8.227647000000001	-0.295281	-0.12360600000000001	0.9285151620609834	0.029670597283903602	0.019198621771937627	-0.1143	-0.1715	-0.2294
451.0	-8.702451	-0.08338500000000001	-0.175599	0.8412486994612669	-0.07504915783575616	0.03665191429188092	-0.1123	-0.1694	-0.2323
451.99999999999994	-9.138996	0.094176	-0.14322600000000002	0.7435102613495844	0.061086523819801536	0.029670597283903602	-0.1078	-0.1681	-0.2507
453.0	-9.558864000000002	0.25702200000000003	-0.019620000000000002	0.6230825429619757	0.23387411976724015	-0.017453292519943295	-0.099	-0.1692	-0.286
454.0	-9.921834	0.44537400000000005	0.15499800000000002	0.5026548245743669	0.3385938748868999	-0.031415926535897934	-0.0853	-0.1646	-0.2906
455.0	-10.262241000000001	0.7200540000000001	0.40221	0.3438298626428829	0.312413936106985	0.0017453292519943296	-0.082	-0.1595	-0.3099
455.99999999999994	-10.524168	1.029069	0.6857190000000001	0.1361356816555577	0.12217304763960307	0.06981317007977318	-0.085	-0.1589	-0.2989
457.0	-10.720368	1.305711	0.927045	-0.003490658503988659	0.024434609527920613	0.09773843811168245	-0.0805	-0.1698	-0.2922
458.0	-10.875366000000001	1.5450750000000002	1.10853	-0.21467549799530256	0.04537856055185257	0.11868238913561441	-0.0809	-0.1647	-0.2762
459.0	-11.014668	1.722636	1.159542	-0.27401669256310973	0.11519173063162574	0.11868238913561441	-0.0808	-0.1595	-0.2646
459.99999999999994	-11.237355	1.8187740000000001	1.070271	-0.15358897417550102	0.25481807079117214	0.0715584993317675	-0.0811	-0.1582	-0.2705
461.00000000000006	-11.625831000000002	1.896273	1.0320120000000002	-0.11519173063162574	0.18675022996339324	-0.03316125578789226	-0.0862	-0.151	-0.2695
462.0	-12.178134000000002	1.959057	1.160523	-0.20769418098732523	-0.11868238913561441	-0.15707963267948966	-0.0897	-0.1485	-0.2417
463.0	-12.719646000000001	2.0041830000000003	1.320426	-0.26354471705114374	-0.1308996938995747	-0.3752457891787809	-0.0971	-0.1491	-0.2165
463.99999999999994	-13.165020000000002	1.9100070000000002	1.543113	-0.32637657012293964	0.006981317007977318	-0.6230825429619757	-0.1107	-0.1576	-0.1908
465.00000000000006	-13.428909	1.602954	1.81485	-0.42062434973063345	0.13439035240356337	-0.8255407361933178	-0.1173	-0.1578	-0.1551
466.0	-13.57704	1.186029	2.230794	-0.4572762640225143	0.16580627893946132	-0.8918632477691024	-0.1208	-0.1564	-0.1684
467.0	-13.556439	0.7769520000000001	2.7418950000000004	-0.4293509959906051	0.15707963267948966	-0.8988445647770797	-0.1202	-0.1462	-0.192
468.0	-13.354353	0.34138799999999997	3.20787	-0.3543018381548489	0.17453292519943295	-0.8429940287132611	-0.1199	-0.1504	-0.1927
469.00000000000006	-13.110084	-0.104967	3.7915650000000003	-0.26878070480712674	0.15533430342749532	-0.7906341511534313	-0.1188	-0.1559	-0.2141
470.0	-12.839328	-0.505215	4.515543	-0.17627825445142728	0.03665191429188092	-0.7801621756414654	-0.12	-0.1609	-0.2161
471.0	-12.501864000000001	-0.796572	5.1522120000000005	-0.054105206811824215	-0.0645771823237902	-0.7801621756414654	-0.1158	-0.1621	-0.1923
472.0	-12.061395000000001	-0.9947340000000001	5.606415	0.06632251157578452	-0.158824961931484	-0.7504915783575618	-0.1159	-0.1651	-0.2043
473.00000000000006	-11.592477	-1.134036	5.951727000000001	0.1710422666954443	-0.2303834612632515	-0.7243116395776468	-0.1179	-0.1673	-0.2058
474.0	-11.164760999999999	-1.1546370000000001	6.176376000000001	0.2583087292951608	-0.29496064358704166	-0.7435102613495844	-0.1155	-0.1617	-0.2018
475.0	-10.798848000000001	-1.061442	6.226407000000001	0.3385938748868999	-0.35779249665883756	-0.7138396640656808	-0.1153	-0.1653	-0.2098
476.0	-10.466289	-0.938817	6.0822	0.3892084231947355	-0.27576202181510406	-0.6283185307179586	-0.1147	-0.1637	-0.1849
476.99999999999994	-10.249488	-0.828945	5.835969	0.39269908169872414	-0.15358897417550102	-0.47123889803846897	-0.1087	-0.1797	-0.1809
478.0	-10.144521000000001	-0.729864	5.615244000000001	0.36477381366681483	-0.07504915783575616	-0.21118483949131386	-0.1052	-0.1828	-0.1884
479.0	-10.054269	-0.579771	5.313096	0.32288591161895097	0.026179938779914945	0.10821041362364843	-0.1109	-0.1872	-0.161
480.0	-9.870822	-0.379647	4.959936000000001	0.2792526803190927	0.13788101090755203	0.4188790204786391	-0.1084	-0.1901	-0.1564
480.99999999999994	-9.500004	-0.155979	4.581270000000001	0.22863813201125716	0.15707963267948966	0.6161012259539983	-0.1094	-0.1974	-0.167
482.0	-8.983998	0.045126	4.170231	0.16406094968746698	0.19896753472735357	0.6789330790257941	-0.1031	-0.1932	-0.1487
483.0	-8.440524000000002	0.249174	3.788622	0.0715584993317675	0.19722220547535926	0.6544984694978736	-0.094	-0.193	-0.1455
484.0	-7.901955	0.46008899999999997	3.4491960000000006	-0.038397243543875255	0.1710422666954443	0.5567600313861911	-0.0961	-0.1994	-0.1605
484.99999999999994	-7.422246000000001	0.694548	3.1941360000000003	-0.16755160819145562	0.1413716694115407	0.46600291028248597	-0.0897	-0.1941	-0.176
486.00000000000006	-6.985701	0.95157	2.9626200000000003	-0.2897246558310587	0.0471238898038469	0.36826447217080355	-0.0886	-0.1883	-0.193
487.0	-6.592320000000001	1.184067	2.804679	-0.36826447217080355	-0.04014257279586958	0.312413936106985	-0.0964	-0.1779	-0.1798
488.0	-6.2303310000000005	1.399887	2.689902	-0.5113814708343386	-0.1832595714594046	0.30717794835100204	-0.0995	-0.1782	-0.1744
488.99999999999994	-5.875209	1.572543	2.632023	-0.6457718232379019	-0.2426007660272118	0.32114058236695664	-0.0937	-0.1644	-0.2001
490.00000000000006	-5.553441000000001	1.7295030000000002	2.5506	-0.773180858633488	-0.3455751918948773	0.3438298626428829	-0.0976	-0.1617	-0.1986
491.0	-5.337621	1.836432	2.467215	-0.8813912722571364	-0.3769911184307752	0.3543018381548489	-0.0992	-0.1517	-0.2
492.0	-5.242464	1.9237410000000001	2.353419	-0.9407324668249436	-0.3036872898470133	0.3595378259108319	-0.1036	-0.1564	-0.2202
493.0	-5.236578000000001	1.9816200000000002	2.21706	-0.9965830028887622	-0.19198621771937624	0.3420845333908886	-0.0995	-0.1578	-0.2266
494.00000000000006	-5.334677999999999	1.9875060000000002	2.065986	-1.0018189906447452	-0.08552113334772216	0.3385938748868999	-0.0957	-0.1471	-0.2218
495.0	-5.4955620000000005	1.9100070000000002	1.881558	-1.007054978400728	-0.024434609527920613	0.32812189937493397	-0.1019	-0.1529	-0.2083
496.0	-5.747679	1.750104	1.704978	-0.9913470151327791	0.022689280275926284	0.312413936106985	-0.0991	-0.159	-0.2053
497.0	-6.048846000000001	1.536246	1.5048540000000001	-1.0053096491487339	0.11344640137963143	0.30019663134302466	-0.0964	-0.1591	-0.1979
498.00000000000006	-6.429474	1.2723570000000002	1.29492	-1.0716321607245183	0.16231562043547265	0.3246312408709453	-0.0928	-0.1559	-0.2023
499.0	-6.913107	0.9888480000000001	1.063404	-1.2077678423800762	0.1954768762233649	0.35779249665883756	-0.0963	-0.1714	-0.1894
500.0	-7.419303	0.7180920000000001	0.84366	-1.3002702927357754	0.2897246558310587	0.35779249665883756	0.0069	-0.2032	-0.2021
501.0	-7.875468	0.49540500000000004	0.623916	-1.3631021458075714	0.32812189937493397	0.312413936106985	0.1098	-0.2456	-0.2149
501.99999999999994	-8.290431	0.30411	0.438507	-1.3753194505715316	0.40840704496667307	0.27052603405912107	0.211	-0.2785	-0.2244
503.0	-8.676945	0.164808	0.34236900000000003	-1.293288975727798	0.40317105721069013	0.24609142453120045	0.3004	-0.3042	-0.2348
504.0	-8.99577	0.054936000000000006	0.300186	-1.1571532940722404	0.30543261909900765	0.17976891295541594	0.3528	-0.3205	-0.2397
505.0	-9.284184	-0.028449	0.31293899999999997	-1.054178868204575	0.32986722862692824	0.15358897417550102	0.3814	-0.3241	-0.2222
505.99999999999994	-9.540225000000001	-0.07749900000000001	0.357084	-0.9180431865490174	0.3159045946109737	0.16231562043547265	0.4146	-0.3303	-0.2429
507.0	-9.797247	-0.158922	0.44537400000000005	-0.7225663103256524	0.3141592653589793	0.13788101090755203	0.4479	-0.3351	-0.2504
508.0	-10.030725	-0.254079	0.567018	-0.5969026041820608	0.18151424220741028	0.08377580409572781	0.4767	-0.3314	-0.2348
509.0	-10.246545000000001	-0.358065	0.671985	-0.27052603405912107	0.03316125578789226	0.04363323129985824	0.5077	-0.327	-0.2233
509.99999999999994	-10.513377000000002	-0.6337260000000001	0.7514460000000001	0.05585053606381855	0.015707963267948967	-0.054105206811824215	0.4329	-0.3101	-0.2062
511.00000000000006	-10.895967	-0.9780570000000001	0.7661610000000001	0.2844886680750757	0.017453292519943295	-0.12740903539558607	0.3628	-0.2841	-0.19
512.0	-11.289348	-1.327293	0.704358	0.41713369122664473	0.12042771838760874	-0.13962634015954636	0.2802	-0.2542	-0.1892
513.0	-11.645451000000001	-1.636308	0.567999	0.45029494701453704	0.26878070480712674	-0.12042771838760874	0.206	-0.236	-0.1723
514.0	-12.080034000000001	-1.7628570000000001	0.6533460000000001	0.4014257279586958	0.5148721293383273	-0.07853981633974483	0.1776	-0.2375	-0.1631
515.0	-12.58623	-1.715769	0.870147	0.4310963252425994	0.5305800926062761	0.029670597283903602	0.1861	-0.2463	-0.1782
516.0	-13.012965000000001	-1.5489990000000002	1.1997630000000001	0.49741883681838395	0.19198621771937624	0.11693705988362008	0.1738	-0.2511	-0.1446
517.0	-13.316094	-1.2684330000000001	1.673586	0.5131268000863328	-0.07853981633974483	0.1884955592153876	0.1519	-0.2493	-0.1394
518.0	-13.391631	-0.9525510000000001	2.2661100000000003	0.46949356878647464	-0.10297442586766545	0.35255650890285456	0.1495	-0.268	-0.1579
519.0	-13.220937	-0.639612	2.99205	0.4223696789826277	-0.158824961931484	0.47647488579445196	0.1666	-0.2789	-0.1685
520.0	-12.832461	-0.25702200000000003	3.7160280000000006	0.3246312408709453	-0.16406094968746698	0.5410520681182421	0.1798	-0.2718	-0.1859
521.0	-12.334113000000002	0.112815	4.392918	0.158824961931484	-0.08203047484373349	0.6318091892219474	0.1728	-0.2868	-0.1904
522.0	-11.916207	0.499329	5.118858	0.08028514559173916	0.22165681500327983	0.8063421144213803	0.1725	-0.3	-0.1905
523.0	-11.631717	0.859356	5.934069	0.08552113334772216	0.38048177693476387	1.0018189906447452	0.1685	-0.2958	-0.1896
524.0	-11.358018	1.012392	6.511877999999999	0.08552113334772216	0.3665191429188092	1.1431906600562858	0.173	-0.2838	-0.191
525.0	-11.025459	0.9790380000000001	6.9366509999999995	0.059341194567807204	0.16755160819145562	1.1780972450961724	0.1612	-0.2752	-0.2023
526.0	-10.740969	0.825021	7.166205000000001	-0.0	0.06806784082777885	1.1536626355682518	0.1668	-0.2749	-0.2216
527.0	-10.501605000000001	0.664137	7.172091	-0.08552113334772216	-0.03490658503988659	1.106538745764405	0.1682	-0.2749	-0.2198
528.0	-10.439802	0.589581	6.989625	-0.16929693744344995	-0.10471975511965978	0.9913470151327791	0.1656	-0.2727	-0.1979
529.0	-10.549674	0.629802	6.648237	-0.22863813201125716	-0.0715584993317675	0.7766715171374766	0.1308	-0.2851	-0.2089
530.0	-10.768436999999999	0.782838	6.292134	-0.24783675378319478	-0.012217304763960306	0.6667157742618339	0.1066	-0.2859	-0.1901
531.0	-11.000934	0.9554940000000001	6.006663	-0.3089232776029963	0.010471975511965976	0.3752457891787809	0.1019	-0.2851	-0.19
532.0	-11.076471	1.02024	5.711382	-0.3438298626428829	0.015707963267948967	0.029670597283903602	0.1146	-0.2711	-0.1747
533.0	-10.922454	0.9466650000000001	5.311134	-0.3420845333908886	0.003490658503988659	-0.29670597283903605	0.1311	-0.263	-0.177
534.0	-10.560465	0.826002	4.864779	-0.34732052114687156	0.0471238898038469	-0.5201081170943103	0.1436	-0.2629	-0.1856
535.0	-10.088604	0.692586	4.403709	-0.33335788713091696	0.006981317007977318	-0.619591884457987	0.1548	-0.2504	-0.1674
536.0	-9.573579	0.557208	3.9887460000000003	-0.28623399732707	0.0	-0.6614797865058508	0.1459	-0.2534	-0.158
537.0	-9.028143	0.37081800000000004	3.6169470000000006	-0.23387411976724015	-0.012217304763960306	-0.6108652381980153	0.1626	-0.2664	-0.1486
538.0	-8.443467	0.129492	3.3010650000000004	-0.19198621771937624	-0.08726646259971647	-0.5393067388662478	0.1489	-0.2746	-0.1655
539.0	-7.831323	-0.167751	3.0391380000000003	-0.13439035240356337	-0.0715584993317675	-0.4782202150464463	0.1514	-0.2644	-0.1699
540.0	-7.211331	-0.47382300000000005	2.819394	-0.05235987755982989	-0.03490658503988659	-0.4310963252425994	0.1701	-0.2673	-0.1829
541.0	-6.6040920000000005	-0.7524270000000001	2.642814	0.029670597283903602	-0.015707963267948967	-0.40840704496667307	0.1867	-0.2598	-0.1723
542.0	-6.043941	-0.964323	2.498607	0.10821041362364843	-0.015707963267948967	-0.38048177693476387	0.1813	-0.2658	-0.1837
543.0	-5.575023000000001	-1.132074	2.375001	0.19722220547535926	-0.041887902047863905	-0.3508111796508603	0.155	-0.2698	-0.1803
544.0	-5.244426	-1.2703950000000002	2.292597	0.24609142453120045	-0.03316125578789226	-0.34732052114687156	0.1384	-0.2649	-0.1745
545.0	-5.018796000000001	-1.370457	2.196459	0.33335788713091696	0.020943951023931952	-0.35779249665883756	0.1223	-0.2777	-0.1939
546.0	-4.882437	-1.4675760000000002	2.086587	0.4223696789826277	0.12391837689159739	-0.38571776469074687	0.1351	-0.2643	-0.212
547.0	-4.822596	-1.5460559999999999	1.953171	0.5044001538263612	0.14835298641951802	-0.3961897402027128	0.1174	-0.2612	-0.225
548.0	-4.833387	-1.621593	1.772667	0.5934119456780721	0.23911010752322315	-0.3892084231947355	0.1153	-0.2588	-0.2265
549.0	-4.935411	-1.6922249999999999	1.5480180000000001	0.6911503837897546	0.32637657012293964	-0.3700098014227979	0.1209	-0.2562	-0.2233
550.0	-5.129649000000001	-1.7324460000000002	1.292958	0.767944870877505	0.4468042885105484	-0.317649923862968	0.1132	-0.2514	-0.213
551.0	-5.38569	-1.715769	1.009449	0.8063421144213803	0.5550147021341968	-0.2844886680750757	0.0964	-0.2548	-0.2233
552.0	-5.669199	-1.704978	0.737712	0.8063421144213803	0.5550147021341968	-0.2844886680750757	0.0902	-0.264	-0.2156
553.0	-6.109668	-1.498968	0.47382300000000005	0.8866272600131193	0.6824237375297829	-0.1308996938995747	0.1106	-0.2805	-0.2211
554.0	-6.611940000000001	-1.20663	0.259965	0.8970992355250854	0.7103490055616922	-0.0645771823237902	0.1223	-0.2977	-0.2222
555.0	-7.1613	-0.8897670000000001	0.10104300000000001	0.8447393579652555	0.640535835481919	-0.059341194567807204	0.1407	-0.3075	-0.2037
556.0	-7.716546	-0.550341	0.022563	0.7627088831215221	0.5410520681182421	-0.048869219055841226	0.1416	-0.3211	-0.1811
557.0	-8.284545000000001	-0.221706	0.08142300000000001	0.6789330790257941	0.32637657012293964	-0.05759586531581287	0.1655	-0.3082	-0.1787
558.0	-8.830962000000001	0.08436600000000001	0.17952300000000002	0.5777039824101231	0.21642082724729686	-0.05235987755982989	0.1744	-0.3067	-0.1646
559.0	-9.345987000000001	0.459108	0.36983699999999997	0.4572762640225143	0.19373154697137057	-0.012217304763960306	0.1752	-0.3176	-0.1504
560.0	-9.803133	0.87309	0.6258779999999999	0.3368485456349056	0.24958208303518914	0.05585053606381855	0.1626	-0.3102	-0.1488
561.0	-10.216134000000002	1.2517559999999999	0.8662230000000001	0.1466076571675237	0.11693705988362008	0.1466076571675237	0.1606	-0.3066	-0.1479
562.0	-10.668375	1.664757	1.050651	-0.0	0.029670597283903602	0.1710422666954443	0.1716	-0.3008	-0.1363
563.0	-11.034288	1.9060830000000002	1.148751	-0.19198621771937624	0.05759586531581287	0.11519173063162574	0.2404	-0.3146	-0.1378
564.0	-11.380581	2.05029	1.0879290000000001	-0.33510321638291124	0.23561944901923448	-0.010471975511965976	0.2994	-0.3177	-0.1359
565.0	-11.743551000000002	2.134656	0.9545130000000001	-0.3665191429188092	0.4258603374866164	-0.1291543646475804	0.3142	-0.3287	-0.1346
566.0	-12.208545	2.124846	0.938817	-0.3159045946109737	0.30019663134302466	-0.23212879051524585	0.3061	-0.3395	-0.132
567.0	-12.805973999999999	2.052252	1.015335	-0.36826447217080355	0.04014257279586958	-0.36826447217080355	0.3014	-0.3539	-0.13
568.0	-13.342581000000001	1.928646	1.111473	-0.5480333851262195	-0.07853981633974483	-0.4869468613064179	0.3096	-0.3711	-0.1261
569.0	-13.676121	1.671624	1.2772620000000001	-0.6719517620178169	-0.013962634015954637	-0.5934119456780721	0.3134	-0.3736	-0.1343
570.0	-13.824252000000001	1.283148	1.538208	-0.7068583470577035	0.012217304763960306	-0.7260569688296411	0.331	-0.3959	-0.1327
571.0	-13.873301999999999	0.8475840000000001	2.023803	-0.7522369076095561	0.1361356816555577	-0.8255407361933178	0.3382	-0.3977	-0.1286
572.0	-13.696722000000001	0.46205100000000005	2.6035740000000005	-0.7609635538695277	0.08028514559173916	-0.8133234314293576	0.34	-0.403	-0.1245
573.0	-13.310208000000001	0.115758	3.184326	-0.6579891280018623	0.027925268031909273	-0.7312929565856241	0.2633	-0.3845	-0.1027
574.0	-12.849138000000002	-0.295281	3.891627	-0.46949356878647464	-0.031415926535897934	-0.6544984694978736	0.1761	-0.3931	-0.1032
575.0	-12.39003	-0.74556	4.645035	-0.2879793265790644	-0.041887902047863905	-0.6579891280018623	0.1394	-0.3957	-0.1016
576.0	-11.908359	-1.094796	5.2287300000000005	-0.1117010721276371	0.006981317007977318	-0.6544984694978736	0.15	-0.4	-0.0966
577.0	-11.357037	-1.315521	5.622111000000001	0.10471975511965978	0.008726646259971648	-0.635299847725936	0.1412	-0.3937	-0.0864
578.0	-10.919511	-1.409697	5.989986000000001	0.2775073510670984	-0.04363323129985824	-0.6457718232379019	0.1419	-0.378	-0.0932
579.0	-10.685052	-1.3812480000000003	6.165585	0.3595378259108319	-0.04363323129985824	-0.7120943348136864	0.1683	-0.362	-0.0809
580.0	-10.604610000000001	-1.247832	6.164604	0.40840704496667307	-0.07853981633974483	-0.788888821901437	0.1825	-0.3591	-0.0753
581.0	-10.536921000000001	-1.0643850000000001	5.962518	0.4537856055185257	-0.09948376736367678	-0.8028514559173916	0.1853	-0.3551	-0.0754
582.0	-10.56537	-0.948627	5.678028	0.44331363000655966	-0.059341194567807204	-0.7278022980816354	0.1786	-0.3595	-0.0791
583.0	-10.703691000000001	-0.8564130000000001	5.418063	0.40840704496667307	0.010471975511965976	-0.5113814708343386	0.183	-0.3653	-0.082
584.0	-10.814544000000001	-0.6258779999999999	5.086485	0.36302848441482055	0.07330382858376185	-0.16231562043547265	0.2127	-0.3563	-0.0625
585.0	-10.744893	-0.28449	4.72842	0.291469985083053	0.1710422666954443	0.15358897417550102	0.236	-0.3325	-0.0624
586.0	-10.449612	0.074556	4.363488	0.25132741228718347	0.19198621771937624	0.3735004599267865	0.2451	-0.3103	-0.0632
587.0	-9.990504	0.401229	3.9838410000000004	0.19373154697137057	0.18675022996339324	0.4939281783143953	0.2568	-0.3044	-0.0596
588.0	-9.409752000000001	0.6768900000000001	3.6149850000000003	0.1361356816555577	0.18675022996339324	0.5131268000863328	0.2385	-0.2939	-0.0589
589.0	-8.763273	0.896634	3.3265710000000004	0.048869219055841226	0.15533430342749532	0.46949356878647464	0.2109	-0.2901	-0.0637
590.0	-8.138376000000001	1.0810620000000002	3.072492	-0.0645771823237902	0.0890117918517108	0.41015237421866746	0.1992	-0.2656	-0.0811
591.0	-7.565472000000001	1.2517559999999999	2.8605960000000006	-0.17453292519943295	0.019198621771937627	0.3543018381548489	0.1882	-0.2607	-0.0884
592.0	-7.066143000000001	1.408716	2.690883	-0.28099800957108706	-0.048869219055841226	0.3036872898470133	0.1974	-0.2531	-0.0873
593.0	-6.5785860000000005	1.5293790000000003	2.5682579999999997	-0.3385938748868999	-0.12391837689159739	0.30019663134302466	0.192	-0.2451	-0.0995
594.0	-6.095934	1.617669	2.4848730000000003	-0.4590215932745087	-0.19024088846738194	0.30717794835100204	0.2527	-0.2478	-0.1192
595.0	-5.686857	1.6529850000000001	2.4073740000000003	-0.5602506898901798	-0.2181661564992912	0.32637657012293964	0.3143	-0.2649	-0.1326
596.0	-5.386671000000001	1.6510230000000001	2.317122	-0.6702064327658225	-0.2303834612632515	0.3560471674068432	0.369	-0.281	-0.1501
597.0	-5.174775	1.6333650000000002	2.208231	-0.7627088831215221	-0.23212879051524585	0.3944444109507185	0.4327	-0.2983	-0.1679
598.0	-5.0531310000000005	1.6294410000000001	2.0905110000000002	-0.8639379797371931	-0.20420352248333654	0.40491638646268446	0.5216	-0.3132	-0.179
599.0	-5.015853	1.634346	1.9472850000000002	-0.9320058205649719	-0.13439035240356337	0.40317105721069013	0.5948	-0.3297	-0.1887
600.0	-5.071770000000001	1.6157070000000002	1.810926	-0.9826203688728075	-0.06632251157578452	0.3612831551628262	0.6586	-0.3529	-0.1882
601.0	-5.209110000000001	1.5696	1.645137	-1.0192722831646885	-0.017453292519943295	0.35255650890285456	0.7398	-0.3657	-0.1903
602.0	-5.437683000000001	1.4646329999999999	1.458747	-1.0454522219446034	0.010471975511965976	0.3508111796508603	0.7129	-0.3503	-0.186
603.0	-5.772204	1.318464	1.241946	-1.0559241974565694	-0.027925268031909273	0.3385938748868999	0.7008	-0.3424	-0.1856
604.0	-6.226407000000001	1.112454	0.977076	-1.1205013797803596	0.006981317007977318	0.30717794835100204	0.6137	-0.3333	-0.174
605.0	-6.762033000000001	0.8887860000000001	0.7151490000000001	-1.2199851471440364	0.23736477827122882	0.31066860685499065	0.5321	-0.3002	-0.1625
606.0	-7.291773	0.665118	0.481671	-1.2845623294678266	0.48171087355043496	0.32288591161895097	0.4464	-0.2838	-0.1611
607.0	-7.812684	0.49050000000000005	0.32569200000000004	-1.286307658719821	0.5427973973702365	0.3089232776029963	0.3541	-0.2772	-0.1458
608.0	-8.293374	0.34236900000000003	0.201105	-1.2095131716320704	0.5096361415823443	0.2775073510670984	0.2728	-0.2607	-0.1316
609.0	-8.765235	0.199143	0.164808	-1.1205013797803596	0.5183627878423158	0.23911010752322315	0.1766	-0.2634	-0.1139
610.0	-9.192951	0.066708	0.188352	-1.0105456369047168	0.4223696789826277	0.20769418098732523	0.0972	-0.259	-0.1154
611.0	-9.596142	-0.08338500000000001	0.253098	-0.8970992355250854	0.32288591161895097	0.14835298641951802	0.0094	-0.2416	-0.1227
612.0	-9.978732	-0.22464900000000002	0.35512200000000005	-0.7086036763096978	0.24958208303518914	0.06283185307179587	0.0068	-0.2523	-0.1305
613.0	-10.317177000000001	-0.36591300000000004	0.48951900000000004	-0.4014257279586958	0.05585053606381855	-0.05061454830783556	-0.0018	-0.2522	-0.1315
614.0	-10.596762000000002	-0.560151	0.6288210000000001	-0.2303834612632515	-0.1832595714594046	-0.158824961931484	-0.0107	-0.2501	-0.1237
615.0	-10.885176	-0.8554320000000001	0.736731	0.11519173063162574	-0.25132741228718347	-0.19198621771937624	-0.029	-0.2718	-0.1337
616.0	-11.272671	-1.247832	0.7720470000000001	0.36302848441482055	-0.22689280275926285	-0.17976891295541594	-0.0393	-0.2821	-0.124
617.0	-11.724912000000002	-1.6775100000000003	0.7897050000000001	0.5253441048502933	-0.10122909661567112	-0.09773843811168245	-0.0447	-0.2792	-0.1426
618.0	-12.229146	-2.062062	0.852489	0.6911503837897546	0.03316125578789226	0.0	-0.0563	-0.2889	-0.1607
619.0	-12.726512999999999	-2.303388	0.976095	0.7696902001294994	0.15184364492350666	0.08726646259971647	-0.0541	-0.2723	-0.1826
620.0	-13.199355	-2.378925	1.213497	0.8726646259971648	0.11693705988362008	0.15184364492350666	-0.0775	-0.2656	-0.1827
621.0	-13.57704	-2.3475330000000003	1.5048540000000001	0.8831366015091308	0.027925268031909273	0.15358897417550102	-0.0912	-0.2773	-0.1763
622.0	-13.787955	-2.13858	1.821717	0.8255407361933178	0.10821041362364843	0.16755160819145562	-0.1052	-0.2722	-0.1748
623.0	-13.821309000000001	-1.7922870000000002	2.190573	0.7539822368615504	0.1361356816555577	0.26878070480712674	-0.1109	-0.2757	-0.1873
624.0	-13.633938	-1.259604	2.6398710000000003	0.5497787143782138	0.3455751918948773	0.3193952531149623	-0.1184	-0.2702	-0.2146
625.0	-13.268025000000002	-0.577809	3.135276	0.33161255787892263	0.5061454830783556	0.3665191429188092	-0.1255	-0.2708	-0.2189
626.0	-12.793221	0.231516	3.719952	0.08203047484373349	0.5794493116621174	0.4886921905584123	-0.1359	-0.2649	-0.2442
627.0	-12.275253000000001	1.058499	4.3311150000000005	-0.1308996938995747	0.6510078109938848	0.6789330790257941	-0.1426	-0.267	-0.2299
628.0	-11.723931	1.7255790000000002	4.9157910000000005	-0.24085543677521748	0.39793506945470714	0.8203047484373349	-0.146	-0.2643	-0.22
629.0	-11.176533000000001	2.131713	5.384709000000001	-0.32637657012293964	0.158824961931484	0.895353906273091	-0.1542	-0.2719	-0.2066
630.0	-10.687014	2.281806	5.707458	-0.3787364476827695	0.019198621771937627	0.9424777960769379	-0.1547	-0.2717	-0.2072
631.0	-10.321101	2.28573	5.932107	-0.4223696789826277	-0.08726646259971647	0.9843656981248018	-0.1566	-0.2669	-0.2062
632.0	-10.095471	2.102283	6.040998	-0.47647488579445196	-0.16755160819145562	1.007054978400728	-0.1517	-0.2743	-0.2098
633.0	-10.031706	1.835451	6.079257000000001	-0.46600291028248597	-0.1780235837034216	0.9861110273767962	-0.1512	-0.2711	-0.2131
634.0	-10.132749	1.476405	6.04296	-0.4485496177625427	-0.20420352248333654	0.8970992355250854	-0.1556	-0.2824	-0.2032
635.0	-10.29069	1.1222640000000002	5.966442	-0.4276056667386107	-0.158824961931484	0.7225663103256524	-0.152	-0.2901	-0.203
636.0	-10.397619	0.768123	5.804577	-0.3909537524467298	-0.06632251157578452	0.609119908946021	-0.14	-0.2891	-0.1849
637.0	-10.450593	0.397305	5.545593	-0.35255650890285456	-0.015707963267948967	0.35779249665883756	-0.1405	-0.2856	-0.1928
638.0	-10.457460000000001	0.0981	5.219901	-0.32637657012293964	0.06981317007977318	0.06283185307179587	-0.1431	-0.2759	-0.1822
639.0	-10.338759000000001	-0.11673900000000001	4.858893	-0.2844886680750757	0.08726646259971647	-0.19896753472735357	-0.1356	-0.2646	-0.1942
640.0	-10.078794000000002	-0.258984	4.4557020000000005	-0.23387411976724015	0.08203047484373349	-0.3595378259108319	-0.1259	-0.2569	-0.1958
641.0	-9.696204	-0.336483	4.074093	-0.19896753472735357	0.10122909661567112	-0.41015237421866746	-0.1186	-0.2489	-0.2027
642.0	-9.264564	-0.36591300000000004	3.763116	-0.17976891295541594	0.11693705988362008	-0.40840704496667307	-0.1052	-0.2365	-0.2247
643.0	-8.766216	-0.37278	3.4697970000000002	-0.143116998663535	0.10297442586766545	-0.3752457891787809	-0.0951	-0.2376	-0.2166
644.0	-8.259039	-0.376704	3.208851	-0.11693705988362008	0.04014257279586958	-0.34033920413889424	-0.0861	-0.2264	-0.229
645.0	-7.7606910000000005	-0.401229	2.983221	-0.07504915783575616	0.029670597283903602	-0.32288591161895097	-0.0813	-0.2116	-0.2285
646.0	-7.273134	-0.453222	2.793888	-0.022689280275926284	0.010471975511965976	-0.2932153143350474	-0.0843	-0.2114	-0.2497
647.0	-6.780672000000001	-0.5483790000000001	2.612403	0.06283185307179587	-0.04014257279586958	-0.2565634000431664	-0.0696	-0.209	-0.2488
648.0	-6.3166590000000005	-0.6847380000000001	2.4515190000000002	0.1466076571675237	-0.0471238898038469	-0.23212879051524585	-0.0531	-0.2212	-0.2569
649.0	-5.95467	-0.8466030000000001	2.333799	0.22514747350726852	-0.015707963267948967	-0.23212879051524585	-0.0523	-0.2255	-0.2568
650.0	-5.691762000000001	-1.02024	2.229813	0.2844886680750757	0.027925268031909273	-0.2059488517353309	-0.0556	-0.2377	-0.2698
651.0	-5.5387260000000005	-1.19682	2.1101310000000004	0.3944444109507185	0.024434609527920613	-0.2426007660272118	-0.0571	-0.2461	-0.2578
652.0	-5.428854	-1.3655519999999999	1.963962	0.47123889803846897	0.07679448708775051	-0.2827433388230814	-0.0661	-0.2539	-0.2451
653.0	-5.451417	-1.506816	1.802097	0.5567600313861911	0.16755160819145562	-0.33335788713091696	-0.0827	-0.2627	-0.243
654.0	-5.556384	-1.606878	1.617669	0.6422811647339133	0.21642082724729686	-0.35255650890285456	-0.0837	-0.2697	-0.2497
655.0	-5.7319830000000005	-1.6657380000000002	1.406754	0.6824237375297829	0.16231562043547265	-0.31066860685499065	-0.0856	-0.2758	-0.2465
656.0	-6.002739	-1.668681	1.142865	0.6998770300497261	0.1954768762233649	-0.291469985083053	-0.0852	-0.2803	-0.2389
657.0	-6.348051000000001	-1.590201	0.8829	0.7400196028455958	0.27401669256310973	-0.27576202181510406	-0.0888	-0.2865	-0.2498
658.0	-6.725736	-1.4008680000000002	0.5944860000000001	0.7696902001294994	0.3089232776029963	-0.2129301687433082	-0.1021	-0.2842	-0.2656
659.0	-7.11225	-1.103625	0.288414	0.8133234314293576	0.34033920413889424	-0.13962634015954636	-0.0163	-0.3083	-0.2762
660.0	-7.473258	-0.75537	0.035316	0.8970992355250854	0.3909537524467298	-0.059341194567807204	0.0732	-0.3258	-0.2742
661.0	-7.80876	-0.430659	-0.142245	0.9389871375729493	0.3141592653589793	-0.04363323129985824	0.1648	-0.347	-0.2935
662.0	-8.137395	-0.17265600000000003	-0.212877	0.9180431865490174	0.23736477827122882	-0.03665191429188092	0.2551	-0.3717	-0.3094
663.0	-8.450334000000002	0.012753	-0.14322600000000002	0.8674286382411819	0.10821041362364843	-0.05759586531581287	0.3556	-0.3882	-0.3278
664.0	-8.757387000000001	0.17756100000000002	-0.044145	0.7312929565856241	0.10471975511965978	-0.06981317007977318	0.446	-0.4107	-0.3288
665.0	-9.115452000000001	0.36689400000000005	0.159903	0.5689773361501514	0.2827433388230814	-0.061086523819801536	0.5375	-0.4359	-0.347
666.0	-9.47646	0.614106	0.501291	0.3717551306747922	0.3141592653589793	-0.010471975511965976	0.6259	-0.4588	-0.3532
667.0	-9.786456000000001	0.897615	0.7720470000000001	0.13962634015954636	0.16580627893946132	0.07504915783575616	0.7117	-0.4796	-0.3605
668.0	-10.1043	1.192896	0.916254	-0.038397243543875255	0.048869219055841226	0.1413716694115407	0.7992	-0.5034	-0.3674
669.0	-10.470213	1.525455	1.0378980000000002	-0.26878070480712674	0.04014257279586958	0.19722220547535926	0.8002	-0.5083	-0.3677
670.0	-10.89891	1.829565	1.027107	-0.317649923862968	-0.10821041362364843	0.16929693744344995	0.8008	-0.5132	-0.3658
671.0	-11.435517	2.041461	1.0428030000000001	-0.24434609527920614	-0.0890117918517108	0.04014257279586958	0.8003	-0.5165	-0.3651
672.0	-12.133989000000001	2.248452	1.164447	-0.26703537555513246	-0.027925268031909273	-0.1884955592153876	0.8005	-0.521	-0.366
673.0	-12.766734	2.456424	1.293939	-0.38222710618675815	-0.11344640137963143	-0.3961897402027128	0.8004	-0.5249	-0.3667
674.0	-13.252329000000001	2.5643340000000006	1.5539040000000002	-0.3700098014227979	-0.09250245035569947	-0.6021385919380436	0.8006	-0.5282	-0.3687
675.0	-13.559382000000001	2.456424	1.804059	-0.3141592653589793	-0.022689280275926284	-0.8255407361933178	0.8003	-0.5304	-0.3701
676.0	-13.736943000000002	2.058138	2.058138	-0.32114058236695664	0.13788101090755203	-0.9878563566287906	0.8007	-0.5318	-0.3715
677.0	-13.763430000000001	1.5019110000000002	2.519208	-0.30717794835100204	0.12391837689159739	-1.0035643198967394	0.8012	-0.5315	-0.3732
678.0	-13.512294	0.8642610000000001	3.0921119999999997	-0.11693705988362008	0.07853981633974483	-0.9651670763528641	0.8034	-0.5329	-0.3743
679.0	-13.087521	0.0981	3.6964080000000004	0.061086523819801536	0.12740903539558607	-0.9023352232810684	0.8056	-0.5346	-0.3745
680.0	-12.591135000000001	-0.646479	4.398804	0.1832595714594046	0.1954768762233649	-0.8569566627292158	0.8089	-0.5333	-0.3745
681.0	-12.050604	-1.189953	5.008005	0.2932153143350474	0.21118483949131386	-0.8866272600131193	0.8129	-0.5336	-0.3731
682.0	-11.478681	-1.557828	5.447493000000001	0.3717551306747922	0.19198621771937624	-0.9180431865490174	0.8148	-0.5327	-0.3707
683.0	-11.022516	-1.773648	5.781033000000001	0.44331363000655966	0.12042771838760874	-0.9407324668249436	0.8165	-0.5256	-0.3679
684.0	-10.767456	-1.787382	5.952708	0.47647488579445196	0.06283185307179587	-0.9512044423369096	0.8188	-0.5221	-0.3646
685.0	-10.608534	-1.6166880000000001	6.01353	0.49567350756638956	-0.059341194567807204	-1.0105456369047168	0.8232	-0.5164	-0.3615
686.0	-10.459422000000002	-1.295901	5.971347000000001	0.5026548245743669	-0.2059488517353309	-1.0629055144645467	0.8303	-0.5138	-0.3592
687.0	-10.356417000000002	-0.918216	5.774166	0.4869468613064179	-0.2303834612632515	-1.0314895879286488	0.8378	-0.5111	-0.3561
688.0	-10.383885000000001	-0.550341	5.574042	0.39793506945470714	-0.16755160819145562	-0.8656833089891874	0.8418	-0.5067	-0.3531
689.0	-10.434897000000001	-0.161865	5.300343000000001	0.30019663134302466	-0.07853981633974483	-0.5654866776461628	0.8434	-0.5016	-0.352
690.0	-10.498662000000001	0.22464900000000002	4.990347000000001	0.2129301687433082	0.022689280275926284	-0.13962634015954636	0.8428	-0.4961	-0.3494
691.0	-10.442745	0.5395500000000001	4.6666170000000005	0.11344640137963143	0.12566370614359174	0.2617993877991494	0.8422	-0.4884	-0.3463
692.0	-10.17297	0.75537	4.313457	0.04363323129985824	0.15707963267948966	0.5148721293383273	0.8484	-0.4727	-0.3436
693.0	-9.724653	0.858375	3.951468	0.005235987755982988	0.17278759594743864	0.6544984694978736	0.8445	-0.473	-0.3419
694.0	-9.145863	0.839736	3.625776	-0.05235987755982989	0.14486232791552936	0.6754424205218056	0.8406	-0.4592	-0.3389
695.0	-8.532738	0.7985340000000001	3.348153	-0.11693705988362008	0.11693705988362008	0.6440264939859076	0.8453	-0.4651	-0.3356
696.0	-7.972587	0.8054010000000001	3.097017	-0.21467549799530256	0.1117010721276371	0.5445427266222308	0.8472	-0.4595	-0.3325
697.0	-7.497783	0.8672040000000001	2.904741	-0.32986722862692824	0.06981317007977318	0.4642575810304917	0.8403	-0.4495	-0.3299
698.0	-7.123041	0.9859050000000001	2.754648	-0.4852015320544236	0.008726646259971648	0.39793506945470714	0.8446	-0.4488	-0.3267
699.0	-6.803235000000001	1.140903	2.680092	-0.5602506898901798	-0.09250245035569947	0.3839724354387525	0.847	-0.4533	-0.321
700.0	-6.455961	1.297863	2.62908	-0.7243116395776468	-0.15533430342749532	0.34033920413889424	0.8414	-0.4643	-0.3191
701.0	-6.130269	1.4675760000000002	2.5800300000000003	-0.8604473212332044	-0.23561944901923448	0.3141592653589793	0.8444	-0.4649	-0.3202
702.0	-5.891886	1.624536	2.528037	-1.0000736613927508	-0.24958208303518914	0.2775073510670984	0.8342	-0.4631	-0.3198
703.0	-5.745717	1.7628570000000001	2.438766	-1.1152653920243765	-0.23387411976724015	0.26529004630313807	0.8401	-0.4707	-0.3164
704.0	-5.668218	1.907064	2.321046	-1.2147491593880533	-0.23911010752322315	0.2617993877991494	0.8508	-0.4828	-0.3174
705.0	-5.64075	2.018898	2.1582000000000003	-1.2531464029319286	-0.23387411976724015	0.291469985083053	0.8461	-0.4851	-0.3203
706.0	-5.674104000000001	2.0601	1.9747530000000002	-1.260127719939906	-0.2303834612632515	0.33161255787892263	0.8376	-0.4848	-0.3206
707.0	-5.769261	2.005164	1.767762	-1.2304571226560024	-0.1832595714594046	0.35779249665883756	0.8415	-0.503	-0.3255
708.0	-5.908563	1.835451	1.5460559999999999	-1.2444197566719568	-0.1466076571675237	0.38746309394274114	0.834	-0.4967	-0.3299
709.0	-6.143022	1.573524	1.2772620000000001	-1.2671090369478832	-0.03490658503988659	0.4258603374866164	0.8282	-0.48	-0.3356
710.0	-6.506973	1.248813	0.998658	-1.345648853287628	0.1413716694115407	0.4921828490624009	0.8298	-0.4615	-0.3344
711.0	-6.922917	0.8760330000000001	0.730845	-1.4067353771074296	0.3508111796508603	0.5026548245743669	0.789	-0.4439	-0.3371
712.0	-7.309431	0.499329	0.48461400000000004	-1.413716694115407	0.5427973973702365	0.4782202150464463	0.7635	-0.4532	-0.3402
713.0	-7.659648000000001	0.175599	0.2943	-1.3753194505715316	0.5846852994181004	0.4625122517784973	0.7353	-0.4295	-0.3413
714.0	-7.997112	-0.10889100000000002	0.148131	-1.3159782560037245	0.49567350756638956	0.42062434973063345	0.6899	-0.4284	-0.3396
715.0	-8.371854	-0.33059700000000003	0.061803000000000004	-1.2583823906879115	0.48171087355043496	0.35779249665883756	0.6818	-0.4139	-0.3393
716.0	-8.796627	-0.45224100000000006	0.051012	-1.2095131716320704	0.5096361415823443	0.28099800957108706	0.6575	-0.4079	-0.3418
717.0	-9.258678	-0.499329	0.089271	-1.1397000015522971	0.5515240436302081	0.2059488517353309	0.6465	-0.392	-0.3389
718.0	-9.70209	-0.48559500000000005	0.16677000000000003	-1.0105456369047168	0.43458698374658805	0.1308996938995747	0.619	-0.3858	-0.3372
719.0	-10.071927	-0.469899	0.287433	-0.747000919853573	0.2181661564992912	0.05061454830783556	0.6221	-0.3908	-0.3332
720.0	-10.337778000000002	-0.5483790000000001	0.379647	-0.6056292504420324	-0.029670597283903602	0.022689280275926284	0.5989	-0.3788	-0.3302
721.0	-10.588913999999999	-0.768123	0.44439300000000004	-0.32637657012293964	-0.07504915783575616	-0.005235987755982988	0.5985	-0.3805	-0.319
722.0	-10.919511	-1.093815	0.479709	-0.08028514559173916	-0.041887902047863905	0.0	0.6252	-0.364	-0.3156
723.0	-11.314854	-1.505835	0.454203	0.10995574287564276	0.03316125578789226	0.0	0.6367	-0.375	-0.3134
724.0	-11.719026000000001	-1.8884250000000002	0.356103	0.19722220547535926	0.1413716694115407	0.020943951023931952	0.6711	-0.3637	-0.3121
725.0	-12.094749000000002	-2.154276	0.32667300000000005	0.21642082724729686	0.3368485456349056	0.03665191429188092	0.6599	-0.3473	-0.309
726.0	-12.454776	-2.265129	0.413001	0.2617993877991494	0.46600291028248597	0.09599310885968812	0.6638	-0.3366	-0.3012
727.0	-12.764772	-2.253357	0.632745	0.32986722862692824	0.3368485456349056	0.16231562043547265	0.656	-0.3198	-0.2958
728.0	-13.036509	-2.144466	0.9456840000000001	0.28623399732707	0.2181661564992912	0.2234021442552742	0.6643	-0.3191	-0.2886
729.0	-13.25331	-1.899216	1.3822290000000002	0.2565634000431664	0.20769418098732523	0.41713369122664473	0.6516	-0.3055	-0.2856
730.0	-13.356315	-1.518588	2.032632	0.19722220547535926	0.17278759594743864	0.5550147021341968	0.6702	-0.3026	-0.2846
731.0	-13.26312	-0.987867	2.757591	0.04537856055185257	0.26005405854715513	0.6213372137099813	0.7128	-0.3281	-0.2826
732.0	-12.941352	-0.38259000000000004	3.4393860000000003	-0.11693705988362008	0.3717551306747922	0.6527531402458793	0.7228	-0.3534	-0.2777
733.0	-12.499902	0.289395	4.1251050000000005	-0.2792526803190927	0.5689773361501514	0.7417649320975901	0.7439	-0.3652	-0.273
734.0	-12.076110000000002	0.967266	4.863798	-0.36477381366681483	0.6562437987498679	0.8796459430051421	0.7562	-0.3824	-0.2685
735.0	-11.666052	1.469538	5.4955620000000005	-0.4276056667386107	0.5340707511102649	0.9791297103688189	0.7331	-0.398	-0.2618
736.0	-11.241279	1.7000730000000002	5.9428980000000005	-0.4782202150464463	0.39968039870670147	1.0402162341886205	0.695	-0.4024	-0.2541
737.0	-10.841031000000001	1.740294	6.21954	-0.4869468613064179	0.24609142453120045	1.0506882097005865	0.713	-0.4102	-0.2512
738.0	-10.503567	1.627479	6.355899000000001	-0.4904375198104066	0.10122909661567112	1.0471975511965976	0.7351	-0.4314	-0.2491
739.0	-10.226925	1.387134	6.341184	-0.5096361415823443	0.006981317007977318	1.0245082709206714	0.6822	-0.436	-0.2508
740.0	-10.043478	1.155618	6.164604	-0.5026548245743669	-0.06981317007977318	0.9424777960769379	0.6482	-0.4481	-0.2464
741.0	-10.012086	0.9711900000000001	5.930145	-0.4869468613064179	-0.05061454830783556	0.8045967851693859	0.5889	-0.4335	-0.2462
742.0	-10.112148	0.844641	5.728059	-0.47298422729046335	-0.0017453292519943296	0.7312929565856241	0.5847	-0.4386	-0.2439
743.0	-10.247526	0.705339	5.494581000000001	-0.46600291028248597	0.017453292519943295	0.5515240436302081	0.5798	-0.4426	-0.2463
744.0	-10.319139000000002	0.49540500000000004	5.214015	-0.4625122517784973	0.05235987755982989	0.32986722862692824	0.5735	-0.4478	-0.2481
745.0	-10.328949	0.287433	4.905981	-0.43982297150257105	0.09948376736367678	0.0645771823237902	0.616	-0.4649	-0.2505
746.0	-10.220058000000002	0.112815	4.595985000000001	-0.36826447217080355	0.10821041362364843	-0.15009831567151233	0.6777	-0.4904	-0.2582
747.0	-9.989523	-0.047088	4.276179	-0.2775073510670984	0.0942477796076938	-0.2775073510670984	0.6771	-0.5112	-0.2592
748.0	-9.663831	-0.178542	3.986784	-0.2059488517353309	0.0942477796076938	-0.31066860685499065	0.6773	-0.4976	-0.2606
749.0	-9.298899	-0.282528	3.7307430000000004	-0.15707963267948966	0.09075712110370514	-0.32288591161895097	0.7433	-0.5204	-0.2566
750.0	-8.902575	-0.39043800000000006	3.471759	-0.09599310885968812	0.09773843811168245	-0.3036872898470133	0.7874	-0.5375	-0.261
751.0	-8.490555	-0.520911	3.2284710000000003	-0.03665191429188092	0.09250245035569947	-0.3036872898470133	0.8442	-0.5533	-0.264
752.0	-8.074611	-0.6660990000000001	3.00186	0.04014257279586958	0.027925268031909273	-0.32114058236695664	0.8447	-0.5487	-0.2661
753.0	-7.668477	-0.8220780000000001	2.819394	0.12391837689159739	0.012217304763960306	-0.3438298626428829	0.8466	-0.543	-0.2667
754.0	-7.278039000000001	-0.965304	2.6791110000000002	0.2059488517353309	0.010471975511965976	-0.3735004599267865	0.8148	-0.5185	-0.2623
755.0	-6.900354000000001	-1.08891	2.565315	0.2897246558310587	0.026179938779914945	-0.38571776469074687	0.7933	-0.4871	-0.2614
756.0	-6.582510000000001	-1.1801430000000002	2.467215	0.3769911184307752	0.07330382858376185	-0.3769911184307752	0.7942	-0.4838	-0.2615
757.0	-6.341184	-1.271376	2.358324	0.4799655442984406	0.12042771838760874	-0.3560471674068432	0.7964	-0.4842	-0.2618
758.0	-6.154794	-1.3567230000000001	2.237661	0.5375614096142535	0.06632251157578452	-0.3665191429188092	0.7976	-0.4938	-0.2617
759.0	-6.073371	-1.4057730000000002	2.088549	0.5934119456780721	0.12391837689159739	-0.42062434973063345	0.7995	-0.489	-0.261
760.0	-6.0880860000000006	-1.421469	1.928646	0.6457718232379019	0.18151424220741028	-0.4188790204786391	0.7794	-0.4747	-0.2514
761.0	-6.165585	-1.3979249999999999	1.7422560000000002	0.6841690667817772	0.1710422666954443	-0.3752457891787809	0.7614	-0.446	-0.2486
762.0	-6.326469	-1.354761	1.5489990000000002	0.6946410422937431	0.23911010752322315	-0.30194196059501904	0.7586	-0.4297	-0.2447
763.0	-6.569757	-1.271376	1.344951	0.6824237375297829	0.28099800957108706	-0.26529004630313807	0.7614	-0.4281	-0.2411
764.0	-6.902316000000001	-1.1477700000000002	1.101663	0.6684611035138281	0.3193952531149623	-0.19198621771937624	0.7966	-0.4434	-0.2412
765.0	-7.316298000000001	-0.967266	0.8466030000000001	0.6562437987498679	0.3752457891787809	-0.1291543646475804	0.8226	-0.4672	-0.2374
766.0	-7.754805	-0.72594	0.580752	0.6387905062299246	0.41364303272265607	-0.07330382858376185	0.8258	-0.463	-0.2314
767.0	-8.141319	-0.42869700000000005	0.332559	0.6719517620178169	0.36302848441482055	-0.0471238898038469	0.8189	-0.4598	-0.2246
768.0	-8.493498	-0.13145400000000002	0.114777	0.6928957130417489	0.3490658503988659	-0.041887902047863905	0.8112	-0.4409	-0.219
769.0	-8.762292	0.121644	-0.048069	0.6597344572538565	0.32114058236695664	-0.03490658503988659	0.8129	-0.4379	-0.2131
770.0	-9.011466	0.301167	-0.17069399999999998	0.635299847725936	0.2426007660272118	-0.03490658503988659	0.8156	-0.4197	-0.2158
771.0	-9.274374	0.410058	-0.19423800000000002	0.6335545184739416	0.1413716694115407	-0.07679448708775051	0.8089	-0.4456	-0.2119
772.0	-9.588294000000001	0.46891800000000006	0.005886	0.4991641660703783	0.13439035240356337	-0.11868238913561441	0.7798	-0.4307	-0.2099
773.0	-9.857088	0.566037	0.26290800000000003	0.28099800957108706	0.04014257279586958	-0.12042771838760874	0.7488	-0.4129	-0.2012
774.0	-9.973827	0.7337880000000001	0.5709420000000001	0.18675022996339324	0.11868238913561441	-0.059341194567807204	0.7273	-0.4026	-0.1975
775.0	-9.992466	0.9123300000000001	0.8887860000000001	0.0017453292519943296	0.16580627893946132	-0.012217304763960306	0.6916	-0.3806	-0.1947
776.0	-9.982656	1.105587	1.1222640000000002	-0.16580627893946132	0.0645771823237902	0.03665191429188092	0.6629	-0.3697	-0.1917
777.0	-10.010124000000001	1.308654	1.19682	-0.15009831567151233	0.07504915783575616	0.03316125578789226	0.6726	-0.3686	-0.1911
778.0	-10.111167	1.484253	1.1713140000000002	-0.10122909661567112	0.17627825445142728	-0.041887902047863905	0.6819	-0.3822	-0.1902
779.0	-10.357398000000002	1.6137450000000002	1.146789	0.006981317007977318	0.12042771838760874	-0.1466076571675237	0.6525	-0.3617	-0.1676
780.0	-10.690938000000001	1.686339	1.201725	0.2129301687433082	-0.0890117918517108	-0.2844886680750757	0.6318	-0.3823	-0.1717
781.0	-11.087262	1.6765290000000002	1.350837	0.2844886680750757	-0.20943951023931956	-0.4921828490624009	0.6245	-0.354	-0.1679
782.0	-11.401182	1.575486	1.3979249999999999	0.30543261909900765	-0.1954768762233649	-0.7400196028455958	0.6326	-0.3584	-0.1664
783.0	-11.661147000000001	1.292958	1.476405	0.34732052114687156	0.012217304763960306	-0.9599310885968813	0.6427	-0.3512	-0.1687
784.0	-12.001554	0.84366	1.751085	0.40491638646268446	0.16580627893946132	-1.0524335389525807	0.6192	-0.3536	-0.1558
785.0	-12.312531000000002	0.36198900000000006	2.156238	0.4223696789826277	0.23911010752322315	-1.18507856210415	0.613	-0.3554	-0.1399
786.0	-12.517560000000001	-0.145188	2.657529	0.44505895925855404	0.4485496177625427	-1.239183768915974	0.6042	-0.3351	-0.1344
787.0	-12.597021000000002	-0.600372	3.209832	0.5358160803622591	0.582939970166106	-1.1763519158441782	0.5966	-0.3071	-0.1311
788.0	-12.535218	-0.9290070000000001	3.7876410000000003	0.7051130178057091	0.4834562028024293	-1.0838494654884787	0.5665	-0.2815	-0.1165
789.0	-12.318417	-1.1654280000000001	4.328172	0.8709192967451704	0.2775073510670984	-0.9965830028887622	0.5792	-0.2776	-0.1352
790.0	-12.055509000000002	-1.296882	4.804938	0.9494591130849153	0.21642082724729686	-0.9407324668249436	0.578	-0.2699	-0.1283
791.0	-11.738646000000001	-1.2753	5.1267059999999995	0.9494591130849153	0.14835298641951802	-0.9162978572970231	0.5705	-0.2669	-0.1325
792.0	-11.425707000000001	-1.071252	5.326830000000001	1.0053096491487339	0.11868238913561441	-0.9110618695410401	0.5513	-0.2693	-0.1249
793.0	-11.150046000000001	-0.7485030000000001	5.427873000000001	1.0035643198967394	0.04537856055185257	-0.9075712110370514	0.5259	-0.2718	-0.1159
794.0	-10.855746000000002	-0.361008	5.299362	0.9896016858807849	-0.03490658503988659	-0.8779006137531478	0.5161	-0.2529	-0.1181
795.0	-10.590876	0.009810000000000001	5.034492	0.9232791743050003	-0.08726646259971647	-0.8011061266653973	0.5103	-0.2386	-0.1178
796.0	-10.364265	0.347274	4.755888000000001	0.8203047484373349	-0.09948376736367678	-0.6614797865058508	0.4975	-0.2391	-0.1159
797.0	-10.219077	0.604296	4.568517	0.7103490055616922	-0.048869219055841226	-0.45553093477052004	0.4707	-0.2443	-0.1069
798.0	-10.131768	0.778914	4.4301960000000005	0.6003932626860493	-0.041887902047863905	-0.19896753472735357	0.4577	-0.2527	-0.1017
799.0	-10.043478	0.9378360000000001	4.272255	0.4834562028024293	-0.061086523819801536	0.08028514559173916	0.4347	-0.2506	-0.0976
800.0	-9.879651	1.084986	4.059378000000001	0.3752457891787809	-0.020943951023931952	0.291469985083053	0.4244	-0.249	-0.0902
801.0	-9.622629	1.1870100000000001	3.8298240000000003	0.28099800957108706	-0.003490658503988659	0.4118977034706618	0.4229	-0.2505	-0.0767
802.0	-9.300861000000001	1.2233070000000001	3.6238140000000003	0.19024088846738194	-0.003490658503988659	0.4468042885105484	0.478	-0.2548	-0.0781
802.9999999999999	-8.946720000000001	1.263528	3.447234	0.09773843811168245	-0.010471975511965976	0.4363323129985824	0.4749	-0.2519	-0.0701
803.9999999999999	-8.563149000000001	1.2900150000000001	3.304008	0.05759586531581287	-0.03665191429188092	0.41713369122664473	0.4611	-0.2518	-0.076
805.0000000000001	-8.163882000000001	1.303749	3.184326	-0.05585053606381855	-0.1361356816555577	0.38222710618675815	0.4425	-0.2569	-0.0733
806.0	-7.833285	1.308654	3.08034	-0.18151424220741028	-0.16755160819145562	0.2897246558310587	0.4981	-0.2761	-0.078
807.0	-7.531137000000001	1.31454	2.997936	-0.30019663134302466	-0.21118483949131386	0.25132741228718347	0.5357	-0.2871	-0.0872
808.0	-7.28883	1.347894	2.9400570000000004	-0.42062434973063345	-0.33335788713091696	0.20769418098732523	0.5785	-0.2917	-0.1048
809.0	-7.109307	1.399887	2.9106270000000003	-0.5235987755982988	-0.3543018381548489	0.17976891295541594	0.6095	-0.3003	-0.1102
810.0	-6.9906060000000005	1.4852340000000002	2.883159	-0.6230825429619757	-0.3839724354387525	0.18675022996339324	0.6572	-0.2847	-0.1196
811.0	-6.946461	1.600011	2.8468620000000002	-0.7330382858376184	-0.42062434973063345	0.23387411976724015	0.7047	-0.3058	-0.1312
811.9999999999999	-6.975891	1.7295030000000002	2.78604	-0.8272860654453121	-0.460766922526503	0.31066860685499065	0.6804	-0.298	-0.1281
813.0000000000001	-7.079877000000001	1.817793	2.7311039999999998	-0.895353906273091	-0.4904375198104066	0.3961897402027128	0.7338	-0.3118	-0.1483
814.0	-7.2574380000000005	1.8589950000000002	2.6732250000000004	-0.9843656981248018	-0.5323254218582705	0.4293509959906051	0.7511	-0.3142	-0.1471
815.0	-7.527213000000001	1.8580140000000003	2.5790490000000004	-1.0681415022205298	-0.5707226654021458	0.4677482395344803	0.745	-0.3169	-0.1646
816.0	-7.871544	1.8119070000000002	2.447595	-1.137954672300303	-0.47298422729046335	0.4869468613064179	0.6671	-0.312	-0.174
817.0	-8.295336	1.72656	2.293578	-1.192059879112127	-0.3595378259108319	0.4869468613064179	0.5877	-0.291	-0.1714
818.0	-8.702451	1.580391	2.0983590000000003	-1.1798425743481666	-0.18675022996339324	0.4328416544945937	0.5135	-0.2757	-0.1755
819.0	-9.026181000000001	1.3910580000000001	1.8786150000000001	-1.1501719770642633	-0.10471975511965978	0.33510321638291124	0.4811	-0.2616	-0.1764
819.9999999999999	-9.246906000000001	1.1565990000000002	1.642194	-1.090830782496456	-0.020943951023931952	0.24783675378319478	0.4522	-0.2666	-0.1821
821.0000000000001	-9.38817	0.8809380000000001	1.4185260000000002	-1.0367255756846316	0.06632251157578452	0.17278759594743864	0.4006	-0.258	-0.183
822.0000000000001	-9.430353	0.580752	1.229193	-0.9965830028887622	0.15358897417550102	0.11868238913561441	0.3756	-0.261	-0.1981
823.0	-9.419562	0.298224	1.0555560000000002	-0.9616764178488756	0.16231562043547265	0.07853981633974483	0.3378	-0.245	-0.1991
824.0	-9.367569	0.079461	0.877014	-0.9354964790689606	0.20420352248333654	0.031415926535897934	0.3341	-0.2341	-0.2121
825.0	-9.278298	-0.08142300000000001	0.729864	-0.9302604913129776	0.2984513020910304	-0.005235987755982988	0.3598	-0.2443	-0.2168
826.0	-9.127224	-0.130473	0.622935	-0.9128071987930343	0.3735004599267865	-0.012217304763960306	0.3917	-0.2334	-0.2186
827.0	-8.930043000000001	-0.17069399999999998	0.6258779999999999	-0.8377580409572782	0.42062434973063345	-0.020943951023931952	0.412	-0.2608	-0.2085
827.9999999999999	-8.776026	-0.238383	0.771066	-0.6981317007977318	0.47647488579445196	-0.07330382858376185	0.4301	-0.2659	-0.2112
828.9999999999999	-8.67204	-0.41496299999999997	0.9908100000000001	-0.44331363000655966	0.36826447217080355	-0.13439035240356337	0.4172	-0.2764	-0.2113
830.0000000000001	-8.631819	-0.6827759999999999	1.2507750000000002	-0.14835298641951802	0.11519173063162574	-0.2129301687433082	0.455	-0.2931	-0.2146
831.0	-8.626914	-1.02024	1.455804	0.16406094968746698	0.026179938779914945	-0.28623399732707	0.5	-0.2903	-0.2229
832.0	-8.676945	-1.392039	1.526436	0.4276056667386107	0.04014257279586958	-0.32637657012293964	0.5165	-0.2913	-0.2189
833.0	-8.804475	-1.703016	1.506816	0.5672320068981571	0.1954768762233649	-0.35255650890285456	0.5059	-0.2931	-0.217
834.0	-9.037953	-1.926684	1.516626	0.6597344572538565	0.4223696789826277	-0.317649923862968	0.5078	-0.3224	-0.2138
835.0	-9.358740000000001	-2.0757960000000004	1.6058970000000001	0.7435102613495844	0.5515240436302081	-0.29670597283903605	0.5028	-0.3232	-0.2319
836.0	-9.751140000000001	-2.224908	1.7275410000000002	0.8185594191853406	0.5777039824101231	-0.31066860685499065	0.5464	-0.3418	-0.2303
836.9999999999999	-10.245564	-2.2317750000000003	1.820736	0.8779006137531478	0.4590215932745087	-0.3193952531149623	0.5566	-0.33	-0.2441
838.0000000000001	-10.794924000000002	-2.082663	1.9051020000000003	0.9651670763528641	0.32114058236695664	-0.2844886680750757	0.5658	-0.3222	-0.2433
839.0	-11.403144000000001	-1.7451990000000002	2.010069	1.0314895879286488	0.23387411976724015	-0.21118483949131386	0.6243	-0.3328	-0.2482
840.0	-11.997630000000001	-1.2821670000000003	2.13858	1.1274826967883367	0.08203047484373349	-0.11344640137963143	0.5805	-0.3281	-0.2406
841.0	-12.463605	-0.803439	2.234718	1.2322024519079966	-0.1413716694115407	-0.012217304763960306	0.5188	-0.3286	-0.228
842.0	-12.790278	-0.331578	2.4191460000000005	1.2217304763960306	-0.12566370614359174	0.0715584993317675	0.5044	-0.3342	-0.2262
843.0	-12.953124	0.11673900000000001	2.723256	1.1501719770642633	0.26354471705114374	0.1832595714594046	0.5546	-0.3473	-0.2277
844.0	-12.931542	0.491481	3.086226	1.1152653920243765	0.5096361415823443	0.26529004630313807	0.613	-0.3423	-0.2258
844.9999999999999	-12.730437000000002	0.793629	3.415842	1.0768681484805014	0.5515240436302081	0.30194196059501904	0.6694	-0.3475	-0.2039
846.0000000000001	-12.358638000000001	1.0192590000000001	3.7307430000000004	1.0332349171806432	0.4834562028024293	0.30194196059501904	0.6187	-0.3398	-0.196
847.0000000000001	-11.803392	1.117359	3.997575	1.0262536001726656	0.3752457891787809	0.28099800957108706	0.6682	-0.3475	-0.1976
848.0	-11.100996	1.105587	4.1810220000000005	1.0105456369047168	0.3089232776029963	0.24609142453120045	0.6565	-0.3604	-0.1964
849.0	-10.291671	1.004544	4.289913	0.9738937226128358	0.19722220547535926	0.19722220547535926	0.6175	-0.3586	-0.1831
850.0	-9.473517000000001	0.8230590000000001	4.340925	1.0053096491487339	0.03316125578789226	0.1710422666954443	0.5993	-0.3565	-0.1695
851.0	-8.792703	0.656289	4.494942	1.069886831472524	-0.07504915783575616	0.143116998663535	0.6321	-0.3655	-0.1674
852.0	-8.271792	0.48559500000000005	4.6872180000000006	1.1903145498601329	-0.16755160819145562	0.1308996938995747	0.6364	-0.3558	-0.1655
852.9999999999999	-7.875468	0.238383	4.823577	1.3281955607676847	-0.2426007660272118	0.1361356816555577	0.5845	-0.3377	-0.156
853.9999999999999	-7.598826	-0.062784	4.873608000000001	1.4503686084072878	-0.26703537555513246	0.13788101090755203	0.5453	-0.3136	-0.1478
855.0000000000001	-7.434999	-0.42084900000000003	4.873608000000001	1.583013631558857	-0.33510321638291124	0.1308996938995747	0.5451	-0.3183	-0.1448
856.0	-7.376139	-0.7906860000000001	4.825539	1.7034413499464656	-0.4118977034706618	0.11693705988362008	0.5971	-0.3292	-0.143
857.0	-7.3918349999999995	-1.151694	4.763736	1.848303677861995	-0.45553093477052004	0.08377580409572781	0.5551	-0.3198	-0.1297
858.0	-7.459524	-1.4489370000000001	4.6666170000000005	1.9896753472735358	-0.5096361415823443	0.022689280275926284	0.6177	-0.3358	-0.1229
859.0	-7.585092	-1.654947	4.558707	2.1240656996770992	-0.5532693728822025	-0.038397243543875255	0.6572	-0.3454	-0.1281
860.0	-7.757748	-1.7108640000000002	4.4557020000000005	2.2252947962927703	-0.5742133239061344	-0.1308996938995747	0.7206	-0.3601	-0.136
861.0	-7.968663	-1.6294410000000001	4.332096	2.331759880664424	-0.6056292504420324	-0.22863813201125716	0.7552	-0.3625	-0.1367
861.9999999999999	-8.235495	-1.456785	4.196718000000001	2.4015730507441972	-0.6283185307179586	-0.3490658503988659	0.792	-0.3825	-0.1326
863.0000000000001	-8.56413	-1.21644	4.075074	2.4312436480281012	-0.635299847725936	-0.5131268000863328	0.8416	-0.4063	-0.134
864.0	-8.883936	-0.9574560000000001	3.9455820000000004	2.452187599052033	-0.5689773361501514	-0.6876597252857658	0.8785	-0.4377	-0.1344
865.0	-9.164502	-0.714168	3.822957	2.4766222085799536	-0.5637413483941683	-0.8290313946973066	0.8772	-0.438	-0.1307
866.0	-9.399942000000001	-0.502272	3.7278000000000002	2.530727415391778	-0.5585053606381855	-0.9267698328089891	0.858	-0.4252	-0.127
867.0	-9.608895	-0.32471099999999997	3.6287190000000002	2.6127578902355113	-0.57246799465414	-0.9913470151327791	0.9014	-0.4392	-0.1323
868.0	-9.797247	-0.20797200000000002	3.543372	2.6616271092913526	-0.5881759579220891	-1.0053096491487339	0.9018	-0.4368	-0.1277
869.0	-9.958131	-0.167751	3.4609680000000003	2.769837522915001	-0.5899212871740833	-1.0297442586766545	0.9017	-0.4337	-0.1225
869.9999999999999	-10.022877000000001	-0.223668	3.37464	2.865830631774689	-0.5864306286700948	-0.9808750396208132	0.9038	-0.4302	-0.1169
871.0000000000001	-10.113128999999999	-0.335502	3.2922360000000004	2.9792770331543204	-0.6736970912698113	-0.9896016858807849	0.9021	-0.4245	-0.1107
872.0000000000001	-10.147464000000001	-0.453222	3.215718	3.061307507998054	-0.6143558967020041	-1.1047934165124105	0.905	-0.4187	-0.1049
873.0	-10.075851	-0.57879	3.1087890000000002	3.139847324337799	-0.5201081170943103	-1.1955505376161157	0.9077	-0.4057	-0.0988
874.0	-9.968922000000001	-0.680814	2.9969550000000003	3.202679177409595	-0.5899212871740833	-1.3212142437597074	0.9024	-0.387	-0.0926
875.0	-9.816867	-0.721035	2.849805	3.303908274025266	-0.5323254218582705	-1.3945180723434694	0.8928	-0.3678	-0.0852
876.0	-9.705033	-0.724959	2.681073	3.3492868345771183	-0.5113814708343386	-1.4748032179352084	0.9143	-0.3723	-0.0795
877.0	-9.634401	-0.6660990000000001	2.4848730000000003	3.4138640169009085	-0.3769911184307752	-1.5585790220309363	0.9157	-0.3635	-0.0731
877.9999999999999	-9.549054000000002	-0.566037	2.277882	3.4609879067047555	-0.2827433388230814	-1.6091935703387719	0.9207	-0.3534	-0.0665
878.9999999999999	-9.450954000000001	-0.43164	2.0816820000000003	3.4697145529647275	-0.26703537555513246	-1.6179202165987436	0.9254	-0.3406	-0.0588
880.0000000000001	-9.401904	-0.26879400000000003	1.904121	3.473205211468716	-0.21467549799530256	-1.5934856070708228	0.9283	-0.3277	-0.0509
881.0	-9.301842	-0.0981	1.7569710000000003	3.436553297176835	-0.1710422666954443	-1.541125729510993	0.9384	-0.3178	-0.0434
882.0	-9.182160000000001	0.048069	1.6206120000000002	3.406882699892931	-0.13788101090755203	-1.4433872913993107	0.9431	-0.3043	-0.0352
883.0	-9.107604	0.20601000000000003	1.535265	3.3108895910332428	-0.1361356816555577	-1.371828792067543	0.9487	-0.3002	-0.0262
884.0	-9.030105	0.381609	1.458747	3.2358404331974873	-0.08726646259971647	-1.2514010736799344	0.9626	-0.2958	-0.0165
885.0	-9.002637	0.5738850000000001	1.41264	3.202679177409595	-0.09250245035569947	-1.117010721276371	0.9802	-0.2932	-0.0082
886.0	-8.964378	0.788724	1.3989060000000002	3.207915165165578	-0.07853981633974483	-1.0053096491487339	0.9853	-0.2786	0.0008
886.9999999999999	-8.900613	1.029069	1.454823	3.1119220563058896	-0.03490658503988659	-0.921533845053006	0.9904	-0.2647	0.0109
888.0000000000001	-8.841753	1.259604	1.536246	3.035127569218139	-0.0645771823237902	-0.8447393579652555	0.9933	-0.2525	0.0206
889.0	-8.825076	1.4312790000000002	1.755009	3.0281462522101616	-0.11868238913561441	-0.8185594191853406	0.8983	-0.2492	0.0327
890.0	-8.832924	1.60884	2.01105	2.9059732045705586	-0.1832595714594046	-0.8185594191853406	0.8018	-0.2402	0.0386
891.0	-8.861373	1.7765910000000003	2.292597	2.694788365079245	-0.17627825445142728	-0.8133234314293576	0.7433	-0.2231	0.0502
892.0	-8.912385	1.963962	2.5633529999999998	2.4818581963359363	-0.16755160819145562	-0.8587019919812102	0.7179	-0.2076	0.0627
893.0	-8.946720000000001	2.166048	2.8017360000000004	2.2252947962927703	-0.13264502315156904	-0.9337511498169663	0.7185	-0.1976	0.0703
894.0	-8.996751000000001	2.332818	2.983221	1.9844393595175527	-0.012217304763960306	-1.017526953912694	0.7133	-0.1751	0.0792
894.9999999999999	-9.050706	2.4848730000000003	3.151953	1.7400932642383466	0.019198621771937627	-1.0471975511965976	0.6949	-0.1615	0.0888
896.0000000000001	-9.088965	2.582973	3.281445	1.5585790220309363	-0.0715584993317675	-1.0122909661567112	0.6885	-0.152	0.0964
897.0000000000001	-9.131148	2.531961	3.376602	1.4468779499032993	-0.21118483949131386	-0.905825881785057	0.6915	-0.1516	0.101
898.0	-9.220419	2.396583	3.477645	1.3962634015954636	-0.30194196059501904	-0.7382742735936013	0.6963	-0.1486	0.1048
899.0	-9.326367000000001	2.234718	3.4550820000000004	1.3945180723434694	-0.4223696789826277	-0.5323254218582705	0.7947	-0.1305	0.105
900.0	-9.46665	2.00124	3.403089	1.3997540600994522	-0.4799655442984406	-0.36302848441482055	0.8724	-0.1176	0.1078
901.0	-9.604971	1.721655	3.304008	1.4206980111233845	-0.4415683007545654	-0.25481807079117214	0.9363	-0.114	0.1046
902.0	-9.719748000000001	1.419507	3.2284710000000003	1.457349925415265	-0.3700098014227979	-0.20245819323134223	0.9642	-0.1105	0.099
902.9999999999999	-9.789399000000001	1.080081	3.1637250000000003	1.5289084247470326	-0.31066860685499065	-0.1780235837034216	0.9656	-0.1024	0.0953
903.9999999999999	-9.788418	0.759294	3.1902120000000003	1.567305668290908	-0.27576202181510406	-0.21467549799530256	0.9508	-0.1189	0.0883
905.0000000000001	-9.722691000000001	0.459108	3.2873310000000004	1.567305668290908	-0.2426007660272118	-0.2897246558310587	0.953	-0.1152	0.0813
906.0	-9.623610000000001	0.25211700000000004	3.4217280000000003	1.530653753999027	-0.21991148575128552	-0.3735004599267865	0.9611	-0.1098	0.0747
907.0	-9.48627	0.19521900000000003	3.545334	1.4922565104551517	-0.2007128639793479	-0.4415683007545654	0.9253	-0.09	0.0668
908.0	-9.313614000000001	0.260946	3.6463769999999998	1.478293876439197	-0.21118483949131386	-0.4921828490624009	0.9212	-0.0767	0.0606
909.0	-9.100737	0.446355	3.7317240000000003	1.4451326206513049	-0.20943951023931956	-0.5393067388662478	0.9223	-0.0687	0.0519
910.0	-8.856468000000001	0.6837570000000001	3.770964	1.4503686084072878	-0.1884955592153876	-0.5864306286700948	0.9452	-0.0649	0.0471
911.0	-8.612199	0.926064	3.808242	1.4957471689591404	-0.1832595714594046	-0.5934119456780721	0.9412	-0.0605	0.0409
911.9999999999999	-8.414037	1.1330550000000001	3.8347290000000003	1.567305668290908	-0.20769418098732523	-0.6457718232379019	0.9414	-0.0563	0.0347
913.0000000000001	-8.273754	1.2841289999999999	3.8523870000000002	1.6877333866785167	-0.3141592653589793	-0.6859143960337715	0.9418	-0.0488	0.0294
914.0	-8.226666	1.362609	3.868083	1.8221237390820801	-0.3892084231947355	-0.7347836150896128	0.9639	-0.0348	0.024
915.0	-8.280621	1.3655519999999999	3.8465010000000004	1.9547687622336491	-0.460766922526503	-0.7661995416255106	0.9818	-0.0313	0.0166
916.0	-8.404227	1.283148	3.8259000000000003	2.069960492865275	-0.57246799465414	-0.7853981633974483	0.9395	-0.0411	-0.0084
917.0	-8.572959	1.144827	3.814128	2.181661564992912	-0.6911503837897546	-0.8360127117052838	0.9704	-0.0365	-0.0124
918.0	-8.753463	0.959418	3.7827360000000003	2.2741640153486116	-0.7696902001294994	-0.8883725892651138	0.9701	-0.0308	-0.0209
919.0	-8.912385	0.738693	3.7474200000000004	2.3509585024363617	-0.8045967851693859	-0.9512044423369096	0.9442	-0.0443	-0.0201
919.9999999999999	-9.034029	0.543474	3.7189710000000002	2.426007660272118	-0.8325220532012952	-1.0018189906447452	0.9437	-0.0371	-0.0299
921.0000000000001	-9.111528	0.41692500000000005	3.6669780000000003	2.494075501099897	-0.8377580409572782	-1.0524335389525807	0.9413	-0.027	-0.0401
922.0000000000001	-9.163521000000001	0.363951	3.574764	2.5446900494077327	-0.7958701389094143	-1.1152653920243765	0.94	-0.0195	-0.0497
923.0	-9.239058	0.37081800000000004	3.465873	2.586577951455596	-0.6998770300497261	-1.2164944886400477	0.9377	-0.0144	-0.0597
924.0	-9.320481	0.436545	3.308913	2.6162485487395	-0.6283185307179586	-1.3299408900196792	0.9365	-0.0057	-0.0702
925.0	-9.373455	0.5258160000000001	3.1382190000000003	2.651155133779387	-0.582939970166106	-1.4067353771074296	0.9358	-0.0011	-0.0801
926.0	-9.389151	0.636669	2.9655630000000004	2.6616271092913526	-0.5881759579220891	-1.4590952546672593	0.9771	0.0222	-0.0715
927.0	-9.386208	0.74556	2.793888	2.6337018412594433	-0.5934119456780721	-1.4852751934471744	0.9038	0.0163	-0.0788
927.9999999999999	-9.37836	0.8829	2.6634150000000005	2.5918139392115793	-0.5358160803622591	-1.4922565104551517	0.8333	0.0245	-0.0897
928.9999999999999	-9.374436000000001	1.0388789999999999	2.5506	2.5324727446437723	-0.47472955654245763	-1.478293876439197	0.7759	0.0275	-0.1099
930.0000000000001	-9.377379	1.204668	2.4760440000000004	2.450442269800039	-0.41364303272265607	-1.4433872913993107	0.7044	0.0193	-0.1093
931.0	-9.362664	1.3635900000000003	2.433861	2.419026343264141	-0.3385938748868999	-1.3788101090755203	0.6347	0.003	-0.1104
932.0	-9.317538	1.4979870000000002	2.42307	2.3527038316883564	-0.2775073510670984	-1.3299408900196792	0.5665	-0.0034	-0.1198
933.0	-9.219438	1.642194	2.4250320000000003	2.2794000031045942	-0.26005405854715513	-1.2199851471440364	0.543	-0.0042	-0.1263
934.0	-9.083079	1.782477	2.4426900000000002	2.2060961745208325	-0.2129301687433082	-1.1047934165124105	0.5098	-0.0047	-0.1271
935.0	-8.946720000000001	1.928646	2.468196	2.1676989309769574	-0.16929693744344995	-1.0000736613927508	0.48	-0.0009	-0.1309
936.0	-8.855487	2.055195	2.4809490000000003	2.111848394913139	-0.11693705988362008	-0.9145525280450286	0.476	0.01	-0.1388
936.9999999999999	-8.812323000000001	2.156238	2.4858540000000002	2.071705822117269	-0.05061454830783556	-0.8552113334772214	0.5468	0.0292	-0.1497
938.0000000000001	-8.802513000000001	2.194497	2.4809490000000003	2.05599785884932	-0.06283185307179587	-0.8080874436733745	0.624	0.0369	-0.1524
939.0	-8.815266	2.165067	2.453481	2.049016541841343	-0.0645771823237902	-0.7923794804054256	0.6883	0.0714	-0.1575
940.0	-8.872164	2.065986	2.4083550000000002	2.0525072003453313	-0.061086523819801536	-0.7993607974134029	0.7539	0.0959	-0.1728
941.0	-8.988903	1.931589	2.348514	2.0263272615654166	-0.0471238898038469	-0.8168140899333461	0.8197	0.1255	-0.1862
942.0	-9.156654000000001	1.7756100000000001	2.288673	2.012364627549462	-0.015707963267948967	-0.8604473212332044	0.865	0.1132	-0.1851
943.0	-9.336177000000001	1.6117830000000002	2.2494330000000002	1.9792033717615698	-0.031415926535897934	-0.8970992355250854	0.8855	0.1293	-0.1928
944.0	-9.496080000000001	1.466595	2.212155	1.9408061282176945	0.0	-0.921533845053006	0.9121	0.1453	-0.2049
944.9999999999999	-9.617724	1.345932	2.1719340000000003	1.9058995431778079	0.003490658503988659	-0.9075712110370514	0.9352	0.1586	-0.2142
946.0000000000001	-9.691299	1.269414	2.1375990000000002	1.8605209826259552	0.031415926535897934	-0.8709192967451704	0.9341	0.1626	-0.2186
947.0000000000001	-9.734463	1.241946	2.1277890000000004	1.8081611050661253	0.04537856055185257	-0.8220500776893293	0.9328	0.167	-0.2224
948.0	-9.764874	1.274319	2.119941	1.764527873766267	0.06632251157578452	-0.7801621756414654	0.8754	0.1554	-0.2211
949.0	-9.78057	1.352799	2.139561	1.715658654710426	0.07853981633974483	-0.7400196028455958	0.8266	0.1482	-0.2181
950.0	-9.758988	1.4715	2.170953	1.668534764906579	0.061086523819801536	-0.7138396640656808	0.7773	0.126	-0.2156
951.0	-9.677565000000001	1.5823530000000001	2.2278510000000002	1.6091935703387719	0.059341194567807204	-0.6998770300497261	0.7656	0.1318	-0.2153
952.0	-9.541206	1.694187	2.2955400000000004	1.5865042900628457	0.029670597283903602	-0.6911503837897546	0.7831	0.1685	-0.2242
952.9999999999999	-9.403866	1.778553	2.350476	1.5219271077390555	0.013962634015954637	-0.6859143960337715	0.7782	0.1734	-0.2253
953.9999999999999	-9.278298	1.8413370000000002	2.4073740000000003	1.467821900927231	0.005235987755982988	-0.6789330790257941	0.7771	0.1764	-0.2265
955.0000000000001	-9.181179	1.882539	2.453481	1.429424657383356	-0.015707963267948967	-0.6492624817418906	0.7757	0.1802	-0.2263
956.0	-9.109566000000001	1.911969	2.497626	1.3805554383275145	-0.029670597283903602	-0.6283185307179586	0.773	0.1817	-0.226
957.0	-9.057573000000001	1.9276650000000002	2.5093980000000005	1.340412865531645	-0.0017453292519943296	-0.6056292504420324	0.771	0.1817	-0.2273
958.0	-8.99577	1.935513	2.518227	1.2740903539558606	-0.017453292519943295	-0.582939970166106	0.8129	0.1993	-0.237
959.0	-8.936910000000001	1.935513	2.5044930000000005	1.1938052083641215	0.0	-0.5602506898901798	0.8628	0.2061	-0.2416
960.0	-8.893746	1.9296270000000002	2.490759	1.1082840750163994	0.0	-0.5183627878423158	0.9102	0.2314	-0.2477
961.0	-8.886879	1.9423800000000002	2.4721200000000003	1.0349802464326374	0.0017453292519943296	-0.49567350756638956	0.9195	0.232	-0.2528
961.9999999999999	-8.906499	1.9570950000000003	2.46231	0.9686577348568529	-0.005235987755982988	-0.4625122517784973	0.9159	0.2358	-0.2549
963.0000000000001	-8.936910000000001	1.9914300000000003	2.478006	0.8726646259971648	-0.041887902047863905	-0.44331363000655966	0.9147	0.2364	-0.2555
964.0	-8.975169000000001	2.018898	2.494683	0.7766715171374766	-0.04363323129985824	-0.43458698374658805	0.9151	0.2367	-0.2586
965.0	-9.017352	2.059119	2.5201890000000002	0.6754424205218056	-0.041887902047863905	-0.4258603374866164	0.915	0.2377	-0.2644
966.0	-9.052668	2.097378	2.562372	0.5585053606381855	0.006981317007977318	-0.4258603374866164	0.9134	0.2379	-0.2707
967.0	-9.073269000000002	2.124846	2.615346	0.4415683007545654	0.07330382858376185	-0.4258603374866164	0.9135	0.2406	-0.2726
968.0	-9.075231	2.129751	2.6732250000000004	0.3368485456349056	0.14486232791552936	-0.4258603374866164	0.9135	0.2432	-0.2754
969.0	-9.061497	2.120922	2.739933	0.21642082724729686	0.18675022996339324	-0.41538836197465046	0.9213	0.2446	-0.2784
969.9999999999999	-9.044820000000001	2.100321	2.8017360000000004	0.08552113334772216	0.2426007660272118	-0.38222710618675815	0.8332	0.2239	-0.2693
971.0000000000001	-9.035010000000002	2.0689290000000002	2.868444	-0.010471975511965976	0.24958208303518914	-0.317649923862968	0.753	0.1897	-0.2535
972.0000000000001	-9.057573000000001	2.0169360000000003	2.943981	-0.07504915783575616	0.15358897417550102	-0.24958208303518914	0.7031	0.1605	-0.2472
973.0	-9.102699	1.9423800000000002	3.038157	-0.09773843811168245	0.027925268031909273	-0.18500490071139894	0.6662	0.1418	-0.2559
974.0	-9.128205000000001	1.850166	3.1254660000000003	-0.13264502315156904	-0.05061454830783556	-0.158824961931484	0.618	0.1208	-0.2554
975.0	-9.144882	1.721655	3.21768	-0.1780235837034216	-0.048869219055841226	-0.12042771838760874	0.6139	0.1252	-0.2568
976.0	-9.149787	1.580391	3.2961600000000004	-0.2129301687433082	-0.041887902047863905	-0.0942477796076938	0.5973	0.1147	-0.2568
977.0	-9.130167	1.429317	3.3707160000000003	-0.23736477827122882	-0.0471238898038469	-0.0645771823237902	0.5671	0.121	-0.2561
977.9999999999999	-9.120357	1.278243	3.409956	-0.26529004630313807	0.003490658503988659	-0.06632251157578452	0.5396	0.1092	-0.2492
978.9999999999999	-9.118395	1.1281500000000002	3.42369	-0.26703537555513246	0.08552113334772216	-0.09075712110370514	0.5384	0.1123	-0.2555
980.0000000000001	-9.125262000000001	0.983943	3.4266330000000003	-0.26354471705114374	0.18675022996339324	-0.12740903539558607	0.6235	0.1377	-0.2735
981.0	-9.138015000000001	0.8318880000000001	3.408975	-0.25132741228718347	0.26703537555513246	-0.158824961931484	0.7032	0.1759	-0.2932
982.0	-9.134091000000002	0.711225	3.3697350000000004	-0.22514747350726852	0.30194196059501904	-0.1884955592153876	0.7521	0.2081	-0.3028
983.0	-9.106623	0.617049	3.312837	-0.22165681500327983	0.31066860685499065	-0.19896753472735357	0.7893	0.231	-0.3029
984.0	-9.11349	0.5366070000000001	3.277521	-0.2181661564992912	0.26005405854715513	-0.19896753472735357	0.7849	0.2306	-0.297
985.0	-9.13311	0.475785	3.235338	-0.2303834612632515	0.17627825445142728	-0.1954768762233649	0.7627	0.2211	-0.294
986.0	-9.167445	0.398286	3.1872690000000006	-0.21991148575128552	0.13962634015954636	-0.16929693744344995	0.7624	0.2231	-0.2956
986.9999999999999	-9.220419	0.307053	3.1382190000000003	-0.17976891295541594	0.07330382858376185	-0.15533430342749532	0.7903	0.2232	-0.3019
988.0000000000001	-9.288108	0.20208600000000002	3.116637	-0.1308996938995747	0.05585053606381855	-0.16406094968746698	0.8165	0.2408	-0.3114
989.0	-9.370512000000002	0.102024	3.1254660000000003	-0.05585053606381855	0.08377580409572781	-0.16231562043547265	0.8093	0.2209	-0.3129
990.0	-9.435258000000001	-0.0049050000000000005	3.145086	-0.0	0.10471975511965978	-0.15533430342749532	0.8082	0.2213	-0.3111
991.0	-9.477441	-0.10594800000000001	3.1686300000000003	-0.0	0.10471975511965978	-0.15533430342749532	0.8057	0.22	-0.3125
992.0	-9.485289	-0.210915	3.2314140000000005	0.14835298641951802	0.04537856055185257	-0.1064650843716541	0.8063	0.2208	-0.3133
993.0	-9.475479	-0.31392000000000003	3.298122	0.24958208303518914	-0.09250245035569947	-0.12391837689159739	0.8092	0.2149	-0.3145
994.0	-9.448011	-0.39043800000000006	3.376602	0.33161255787892263	-0.2059488517353309	-0.1710422666954443	0.8595	0.2446	-0.3261
994.9999999999999	-9.384246000000001	-0.44046900000000005	3.46293	0.36477381366681483	-0.3036872898470133	-0.1954768762233649	0.8818	0.2546	-0.3314
996.0000000000001	-9.281241000000001	-0.442431	3.5512200000000003	0.4293509959906051	-0.33335788713091696	-0.27052603405912107	0.8988	0.2753	-0.3327
997.0000000000001	-9.169407	-0.40417200000000003	3.638529	0.4869468613064179	-0.34732052114687156	-0.3560471674068432	0.8967	0.2765	-0.335
998.0	-9.069345	-0.314901	3.6973890000000003	0.5410520681182421	-0.32288591161895097	-0.4380776422505767	0.8947	0.27	-0.3371
999.0	-8.997732000000001	-0.21582	3.7307430000000004	0.5846852994181004	-0.30194196059501904	-0.5078908123303499	0.8931	0.2914	-0.3379
1000.0	-8.972226000000001	-0.11968200000000001	3.740553	0.582939970166106	-0.32986722862692824	-0.5707226654021458	0.892	0.2942	-0.3427
1001.0	-8.983017	-0.018639	3.744477	0.5707226654021458	-0.35779249665883756	-0.5934119456780721	0.8906	0.2991	-0.3482
1002.0	-9.034029	0.08338500000000001	3.703275	0.5585053606381855	-0.4014257279586958	-0.5777039824101231	0.8829	0.3043	-0.3544
1002.9999999999999	-9.104661	0.19521900000000003	3.6198900000000003	0.5515240436302081	-0.4066617157146788	-0.5340707511102649	0.8796	0.3117	-0.3582
1003.9999999999999	-9.171369	0.302148	3.512961	0.5323254218582705	-0.4188790204786391	-0.44505895925855404	0.8763	0.2988	-0.3636
1005.0000000000001	-9.269469	0.3924	3.4001460000000003	0.5323254218582705	-0.4188790204786391	-0.44505895925855404	0.8758	0.2893	-0.3688
1006.0	-9.376398	0.47088	3.269673	0.5044001538263612	-0.4241150082346221	-0.24609142453120045	0.8713	0.2836	-0.3785
1007.0	-9.482346000000001	0.546417	3.1225230000000006	0.4799655442984406	-0.4258603374866164	-0.14486232791552936	0.869	0.284	-0.3858
1008.0	-9.563769	0.602334	3.010689	0.4415683007545654	-0.4118977034706618	-0.0471238898038469	0.8837	0.2721	-0.3929
1009.0	-9.60399	0.660213	2.9057220000000004	0.3839724354387525	-0.3490658503988659	0.026179938779914945	0.8867	0.2742	-0.3996
1010.0	-9.591237000000001	0.730845	2.810565	0.34033920413889424	-0.3089232776029963	0.09250245035569947	0.8786	0.2804	-0.4054
1011.0	-9.514719	0.8004960000000001	2.706579	0.3141592653589793	-0.28623399732707	0.10122909661567112	0.8712	0.2704	-0.4125
1011.9999999999999	-9.38817	0.845622	2.592783	0.2879793265790644	-0.23736477827122882	0.0890117918517108	0.8737	0.267	-0.4177
1013.0000000000001	-9.238077	0.8642610000000001	2.478987	0.2775073510670984	-0.19198621771937624	0.08203047484373349	0.8686	0.2674	-0.4213
1014.0	-9.098775	0.859356	2.381868	0.2583087292951608	-0.16231562043547265	0.07330382858376185	0.8518	0.2819	-0.4232
1015.0	-8.972226000000001	0.8426790000000001	2.252376	0.24609142453120045	-0.1308996938995747	0.08726646259971647	0.8471	0.293	-0.4288
1016.0	-8.891784	0.8220780000000001	2.1277890000000004	0.23561944901923448	-0.06981317007977318	0.09773843811168245	0.8546	0.2995	-0.4306
1017.0	-8.831943	0.793629	2.015955	0.2059488517353309	-0.04537856055185257	0.11693705988362008	0.8538	0.298	-0.4329
1018.0	-8.790741	0.763218	1.8884250000000002	0.1884955592153876	0.015707963267948967	0.13439035240356337	0.8344	0.3144	-0.4368
1019.0	-8.762292	0.7337880000000001	1.748142	0.15009831567151233	0.06981317007977318	0.13788101090755203	0.8297	0.3103	-0.4373
1019.9999999999999	-8.76033	0.722997	1.630422	0.13788101090755203	0.11693705988362008	0.1291543646475804	0.8359	0.3038	-0.4418
1021.0000000000001	-8.792703	0.726921	1.524474	0.10471975511965978	0.15533430342749532	0.10297442586766545	0.8404	0.3095	-0.444
1022.0000000000001	-8.852544	0.7671420000000001	1.426374	0.07330382858376185	0.1780235837034216	0.06283185307179587	0.835	0.3103	-0.4475
1023.0	-8.916309	0.826002	1.350837	0.03665191429188092	0.20245819323134223	0.024434609527920613	0.8362	0.3105	-0.4505
1024.0	-8.983998	0.908406	1.266471	0.0017453292519943296	0.22863813201125716	-0.003490658503988659	0.85	0.3048	-0.4527
1025.0	-9.029124000000001	1.0065060000000001	1.2125160000000001	-0.06981317007977318	0.28623399732707	-0.054105206811824215	0.8502	0.3108	-0.4518
1026.0	-9.050706	1.1222640000000002	1.164447	-0.13439035240356337	0.3508111796508603	-0.09773843811168245	0.8411	0.3051	-0.4527
1027.0	-9.054630000000001	1.2448890000000001	1.1310930000000001	-0.20245819323134223	0.39793506945470714	-0.12391837689159739	0.8427	0.3118	-0.4547
1028.0	-9.035010000000002	1.364571	1.097739	-0.2879793265790644	0.4537856055185257	-0.1466076571675237	0.8447	0.3135	-0.4553
1029.0	-8.997732000000001	1.484253	1.094796	-0.36826447217080355	0.4852015320544236	-0.16580627893946132	0.8513	0.3148	-0.4564
1030.0	-8.947701	1.575486	1.086948	-0.43982297150257105	0.4921828490624009	-0.16057029118347832	0.824	0.2962	-0.4394
1031.0	-8.893746	1.6510230000000001	1.076157	-0.4904375198104066	0.4886921905584123	-0.15533430342749532	0.8123	0.2934	-0.4309
1032.0	-8.83881	1.707921	1.06929	-0.4904375198104066	0.4886921905584123	-0.15533430342749532	0.8049	0.2878	-0.4224
1033.0	-8.836848000000002	1.723617	1.067328	-0.5672320068981571	0.3839724354387525	-0.13264502315156904	0.7864	0.2934	-0.4201
1034.0	-8.85843	1.7108640000000002	1.0751760000000001	-0.6056292504420324	0.33510321638291124	-0.12391837689159739	0.7877	0.2937	-0.423
1035.0	-8.937891	1.6775100000000003	1.086948	-0.6649704450098396	0.317649923862968	-0.11519173063162574	0.7013	0.2513	-0.3837
1036.0	-9.050706	1.6333650000000002	1.129131	-0.6736970912698113	0.2844886680750757	-0.0942477796076938	0.6083	0.2072	-0.3517
1037.0	-9.208647000000001	1.6009920000000002	1.162485	-0.6998770300497261	0.31066860685499065	-0.07679448708775051	0.5147	0.1674	-0.329
1038.0	-9.398961	1.573524	1.192896	-0.747000919853573	0.3036872898470133	-0.05235987755982989	0.424	0.134	-0.3029
1039.0	-9.634401	1.541151	1.222326	-0.7627088831215221	0.2617993877991494	0.0	0.3294	0.1036	-0.2671
1040.0	-9.912024	1.5146640000000002	1.2517559999999999	-0.8045967851693859	0.17976891295541594	0.07853981633974483	0.279	0.0888	-0.2513
1041.0	-10.223982000000001	1.493082	1.276281	-0.8255407361933178	0.11519173063162574	0.15184364492350666	0.1999	0.052	-0.2317
1042.0	-10.562427	1.4793479999999999	1.297863	-0.8011061266653973	0.03490658503988659	0.2303834612632515	0.129	0.0228	-0.2028
1043.0	-10.855746000000002	1.4999490000000002	1.310616	-0.8011061266653973	0.03490658503988659	0.2303834612632515	0.0633	-0.0173	-0.1692
1044.0	-11.177514	1.565676	1.350837	-0.6143558967020041	-0.04537856055185257	0.3735004599267865	-0.0383	-0.0551	-0.1557
1045.0	-11.48751	1.609821	1.42245	-0.42062434973063345	-0.16231562043547265	0.4014257279586958	-0.0278	-0.048	-0.1634
1046.0	-11.848518	1.603935	1.565676	-0.24434609527920614	-0.22165681500327983	0.4485496177625427	0.0085	-0.0282	-0.1884
1047.0	-12.235032000000002	1.4852340000000002	1.767762	-0.1291543646475804	-0.26703537555513246	0.45029494701453704	0.0677	-0.0121	-0.2022
1048.0	-12.601926	1.3567230000000001	1.9776960000000001	-0.1291543646475804	-0.26703537555513246	0.45029494701453704	0.1251	0.004	-0.2196
1049.0	-12.91977	1.080081	2.186649	0.08203047484373349	-0.10297442586766545	0.3700098014227979	0.2238	0.0322	-0.2513
1050.0	-13.170906	0.796572	2.4377850000000003	0.16057029118347832	-0.048869219055841226	0.33510321638291124	0.3033	0.0643	-0.2773
1051.0	-13.334733	0.541512	2.755629	0.15707963267948966	0.05235987755982989	0.2844886680750757	0.3978	0.1056	-0.2988
1052.0	-13.379859	0.332559	3.148029	0.15533430342749532	0.07679448708775051	0.23561944901923448	0.4834	0.1386	-0.3294
1053.0	-13.316094	0.18540900000000002	3.626757	0.13962634015954636	0.1308996938995747	0.22165681500327983	0.5091	0.1629	-0.3452
1054.0	-13.086540000000001	0.079461	4.15944	0.1117010721276371	0.16929693744344995	0.23561944901923448	0.6107	0.1837	-0.3441
1055.0	-12.721608	0.060822	4.7225340000000005	0.09250245035569947	0.16929693744344995	0.24958208303518914	0.6744	0.2092	-0.3684
1056.0	-12.189906	0.095157	5.240502	0.06283185307179587	0.09599310885968812	0.27052603405912107	0.7396	0.2305	-0.3705
1057.0	-11.527731000000001	0.21582	5.667237	0.019198621771937627	0.06981317007977318	0.3089232776029963	0.7748	0.2433	-0.3702
1058.0	-10.835145	0.33844500000000005	6.059637	0.013962634015954637	0.03316125578789226	0.35779249665883756	0.8105	0.2567	-0.3743
1059.0	-10.175913000000001	0.5856570000000001	6.42555	0.024434609527920613	-0.038397243543875255	0.38048177693476387	0.8082	0.2566	-0.3746
1060.0	-9.592218	0.79461	6.722793	0.020943951023931952	-0.059341194567807204	0.4276056667386107	0.8076	0.2546	-0.3749
1061.0	-9.101718	0.9123300000000001	6.9219360000000005	-0.005235987755982988	-0.06806784082777885	0.40317105721069013	0.7875	0.2486	-0.3749
1062.0	-8.765235	0.939798	6.99453	-0.041887902047863905	-0.031415926535897934	0.30019663134302466	0.7821	0.2492	-0.3745
1063.0	-8.539605000000002	0.896634	6.956271	-0.054105206811824215	0.0	0.17278759594743864	0.843	0.254	-0.3897
1064.0	-8.399322	0.7730279999999999	6.769881000000001	-0.07853981633974483	0.019198621771937627	0.012217304763960306	0.8311	0.2546	-0.3991
1065.0	-8.335557	0.610182	6.4971630000000005	-0.08552113334772216	0.10297442586766545	-0.13962634015954636	0.8483	0.2534	-0.4035
1066.0	-8.327709	0.447336	6.120459	-0.12042771838760874	0.13264502315156904	-0.24783675378319478	0.8434	0.2514	-0.4037
1067.0	-8.365968	0.302148	5.771223000000001	-0.15184364492350666	0.12391837689159739	-0.32637657012293964	0.8425	0.2581	-0.4061
1068.0	-8.388531	0.158922	5.414139	-0.1413716694115407	0.10297442586766545	-0.3735004599267865	0.8356	0.246	-0.4041
1069.0	-8.340462	0.021582000000000004	5.054112	-0.13788101090755203	0.07853981633974483	-0.3787364476827695	0.8201	0.2398	-0.403
1070.0	-8.200179	-0.072594	4.7048760000000005	-0.13788101090755203	0.0942477796076938	-0.3490658503988659	0.8101	0.2405	-0.4041
1071.0	-7.952967	-0.12753	4.353678	-0.08028514559173916	0.09250245035569947	-0.30717794835100204	0.8309	0.2421	-0.4022
1072.0	-7.603731000000001	-0.18933300000000003	4.0260240000000005	-0.024434609527920613	0.1884955592153876	-0.2844886680750757	0.8352	0.2397	-0.4017
1073.0	-7.225065000000001	-0.28645200000000004	3.6915030000000004	0.026179938779914945	0.27576202181510406	-0.27052603405912107	0.834	0.2429	-0.4008
1074.0	-6.843456000000001	-0.368856	3.408975	0.06283185307179587	0.3036872898470133	-0.2722713633111154	0.8282	0.2496	-0.3978
1075.0	-6.478524	-0.453222	3.1235040000000005	0.09599310885968812	0.32637657012293964	-0.2827433388230814	0.8269	0.2528	-0.3966
1076.0	-6.16068	-0.524835	2.891007	0.17976891295541594	0.3455751918948773	-0.32637657012293964	0.8249	0.2564	-0.3952
1077.0	-5.903658	-0.5886	2.6791110000000002	0.26529004630313807	0.3665191429188092	-0.3769911184307752	0.8265	0.2523	-0.3944
1078.0	-5.7319830000000005	-0.671985	2.516265	0.3490658503988659	0.33510321638291124	-0.4258603374866164	0.7538	0.223	-0.3753
1079.0	-5.6378070000000005	-0.759294	2.3946210000000003	0.3787364476827695	0.2984513020910304	-0.4415683007545654	0.686	0.1856	-0.3695
1080.0	-5.596605	-0.845622	2.2749390000000003	0.4572762640225143	0.26354471705114374	-0.4415683007545654	0.5956	0.1442	-0.348
1081.0	-5.631921000000001	-0.9280260000000001	2.178801	0.5218534463463045	0.27052603405912107	-0.4066617157146788	0.501	0.1062	-0.3515
1082.0	-5.72904	-0.967266	2.083644	0.5707226654021458	0.2932153143350474	-0.38048177693476387	0.4118	0.0556	-0.3565
1083.0	-5.870304000000001	-0.953532	1.985544	0.6073745796940266	0.34732052114687156	-0.3490658503988659	0.3234	0.0238	-0.3487
1084.0	-6.057675000000001	-0.9290070000000001	1.861938	0.6422811647339133	0.41713369122664473	-0.30717794835100204	0.2617	-0.0014	-0.3432
1085.0	-6.266628000000001	-0.891729	1.6922249999999999	0.630063859969953	0.47647488579445196	-0.2897246558310587	0.182	-0.0395	-0.3361
1086.0	-6.461847	-0.8789760000000001	1.527417	0.630063859969953	0.47647488579445196	-0.2897246558310587	0.1023	-0.0778	-0.3292
1087.0	-6.619788	-0.884862	1.355742	0.630063859969953	0.47647488579445196	-0.2897246558310587	0.0211	-0.1158	-0.3229
1088.0	-6.792444000000001	-0.75537	1.074195	0.7225663103256524	0.7103490055616922	-0.3490658503988659	0.0226	-0.1053	-0.3263
1089.0	-6.988644000000001	-0.580752	0.79461	0.7993607974134029	0.6998770300497261	-0.3700098014227979	0.1114	-0.0611	-0.3299
1090.0	-7.273134	-0.44439300000000004	0.565056	0.8534660042252271	0.6143558967020041	-0.38571776469074687	0.2029	-0.0099	-0.3441
1091.0	-7.635123	-0.36591300000000004	0.37179900000000005	0.8796459430051421	0.5323254218582705	-0.38571776469074687	0.2853	0.0314	-0.3387
1092.0	-8.058915	-0.358065	0.306072	0.9197885158010117	0.5044001538263612	-0.3612831551628262	0.3366	0.083	-0.3316
1093.0	-8.46603	-0.36198900000000006	0.275661	0.9197885158010117	0.5044001538263612	-0.3612831551628262	0.3864	0.115	-0.3368
1094.0	-8.960454	-0.38749500000000003	0.381609	0.8499753457212386	0.4939281783143953	-0.2234021442552742	0.4303	0.1426	-0.3376
1095.0	-9.494118	-0.332559	0.620973	0.7906341511534313	0.3595378259108319	-0.11344640137963143	0.5047	0.178	-0.3419
1096.0	-10.054269	-0.144207	0.8466030000000001	0.6806784082777885	0.23561944901923448	-0.03316125578789226	0.5899	0.2163	-0.3471
1097.0	-10.667394	0.13734000000000002	0.997677	0.47647488579445196	0.2844886680750757	-0.015707963267948967	0.6545	0.2339	-0.3471
1098.0	-11.290329000000002	0.38847600000000004	1.1654280000000001	0.291469985083053	0.2932153143350474	-0.05061454830783556	0.7363	0.2672	-0.3609
1099.0	-11.943675	0.6768900000000001	1.2350790000000003	0.26005405854715513	0.3892084231947355	-0.1466076571675237	0.731	0.2711	-0.3611
1100.0	-12.601926	0.999639	1.2184020000000002	0.2827433388230814	0.41364303272265607	-0.2617993877991494	0.7405	0.2638	-0.364
1101.0	-13.269987	1.296882	1.396944	0.3490658503988659	0.019198621771937627	-0.34732052114687156	0.7527	0.263	-0.3657
1102.0	-13.926276	1.6529850000000001	1.6480800000000002	0.19373154697137057	-0.09599310885968812	-0.5305800926062761	0.7923	0.2637	-0.3669
1103.0	-14.426586	1.9884870000000001	1.950228	-0.15009831567151233	0.12042771838760874	-0.6492624817418906	0.8319	0.27	-0.3679
1104.0	-14.621805	2.160162	2.2621860000000003	-0.21467549799530256	0.05759586531581287	-0.6876597252857658	0.8706	0.2803	-0.3731
1105.0	-14.590413000000002	2.096397	2.565315	-0.2129301687433082	0.13788101090755203	-0.7592182246175333	0.8765	0.2867	-0.374
1106.0	-14.456016000000002	1.8756720000000002	3.100941	-0.3752457891787809	0.2879793265790644	-0.7452555906015788	0.8717	0.2915	-0.3744
1107.0	-14.069502	1.601973	3.702294	-0.2932153143350474	-0.0471238898038469	-0.7103490055616922	0.886	0.3181	-0.3804
1108.0	-13.512294	1.308654	4.284027	-0.26354471705114374	0.03316125578789226	-0.7173303225696694	0.8812	0.323	-0.3806
1109.0	-12.894264000000002	0.9044820000000001	4.916772	-0.1117010721276371	-0.041887902047863905	-0.7365289443416071	0.8778	0.3277	-0.3817
1110.0	-12.176172000000001	0.5071770000000001	5.599548	-0.1117010721276371	-0.041887902047863905	-0.7365289443416071	0.8754	0.3333	-0.3827
1111.0	-11.35998	0.205029	6.068466000000001	-0.1117010721276371	-0.041887902047863905	-0.7365289443416071	0.872	0.3407	-0.3829
1112.0	-10.762551	-0.076518	6.451056	0.13264502315156904	-0.27576202181510406	-0.6649704450098396	0.8668	0.3494	-0.3839
1113.0	-10.270089	-0.29724300000000003	6.737508	0.16406094968746698	-0.3385938748868999	-0.6946410422937431	0.8625	0.3524	-0.386
1114.0	-9.886518	-0.339426	6.849342000000001	0.19722220547535926	-0.3490658503988659	-0.6876597252857658	0.8534	0.3534	-0.3882
1115.0	-9.655002	-0.24721200000000002	6.8454180000000004	0.17278759594743864	-0.23387411976724015	-0.5864306286700948	0.8481	0.3611	-0.3917
1116.0	-9.469593000000001	-0.132435	6.560928	0.10471975511965978	-0.09250245035569947	-0.38571776469074687	0.8438	0.3682	-0.3946
1117.0	-9.432315000000001	-0.064746	6.1871670000000005	0.05061454830783556	0.06806784082777885	-0.1117010721276371	0.8399	0.3728	-0.398
1118.0	-9.502947	-0.070632	5.849703000000001	-0.008726646259971648	0.24783675378319478	0.22689280275926285	0.8393	0.3785	-0.4015
1119.0	-9.48627	-0.009810000000000001	5.480847	-0.03490658503988659	0.3839724354387525	0.4468042885105484	0.8074	0.3681	-0.4007
1120.0	-9.390132000000001	0.08044200000000001	5.070789	-0.04537856055185257	0.44331363000655966	0.5305800926062761	0.7885	0.3474	-0.3903
1121.0	-9.232191	0.212877	4.645035	-0.04537856055185257	0.49741883681838395	0.5340707511102649	0.7506	0.3192	-0.386
1122.0	-8.726976	0.357084	4.130991	-0.05585053606381855	0.47298422729046335	0.5218534463463045	0.752	0.3207	-0.3869
1123.0	-8.236476	0.46107000000000004	3.667959	-0.08726646259971647	0.4363323129985824	0.460766922526503	0.7515	0.3217	-0.3868
1124.0	-7.793064	0.554265	3.253977	-0.13788101090755203	0.36302848441482055	0.3769911184307752	0.7555	0.3267	-0.387
1125.0	-7.319241	0.6523650000000001	2.902779	-0.21118483949131386	0.312413936106985	0.29496064358704166	0.7568	0.3231	-0.386
1126.0	-6.834627	0.770085	2.620251	-0.2932153143350474	0.23736477827122882	0.24434609527920614	0.7582	0.3212	-0.3849
1127.0	-6.365709000000001	0.910368	2.434842	-0.3961897402027128	0.20245819323134223	0.21991148575128552	0.7603	0.32	-0.3833
1128.0	-5.881095	1.080081	2.306331	-0.5445427266222308	0.13439035240356337	0.22863813201125716	0.7603	0.3193	-0.3821
1129.0	-5.4445500000000004	1.246851	2.237661	-0.6981317007977318	0.059341194567807204	0.26354471705114374	0.7916	0.3329	-0.384
1130.0	-5.079618000000001	1.4008680000000002	2.1974400000000003	-0.8220500776893293	0.0715584993317675	0.2792526803190927	0.8103	0.3581	-0.3951
1131.0	-4.796109	1.516626	2.149371	-0.9459684545809267	0.07504915783575616	0.291469985083053	0.8477	0.3899	-0.3998
1132.0	-4.622472	1.6157070000000002	2.072853	-1.0629055144645467	0.08552113334772216	0.3141592653589793	0.8352	0.3812	-0.3986
1133.0	-4.540068	1.7147880000000002	1.936494	-1.1501719770642633	0.1117010721276371	0.32812189937493397	0.8077	0.3749	-0.3966
1134.0	-4.544973	1.7922870000000002	1.802097	-1.165879940332212	0.041887902047863905	0.32288591161895097	0.7659	0.3397	-0.3862
1135.0	-4.632282	1.80504	1.6755480000000003	-1.1501719770642633	0.027925268031909273	0.30717794835100204	0.7275	0.3071	-0.3876
1136.0	-4.817691	1.723617	1.498968	-1.1641346110802178	0.038397243543875255	0.2844886680750757	0.6849	0.2872	-0.3824
1137.0	-5.161041	1.565676	1.2988439999999999	-1.1885692206081384	0.041887902047863905	0.291469985083053	0.6816	0.2883	-0.3805
1138.0	-5.5916999999999994	1.3488750000000003	1.080081	-1.2636183784438948	0.16580627893946132	0.30194196059501904	0.6822	0.2958	-0.3772
1139.0	-6.1155539999999995	1.093815	0.8466030000000001	-1.3543754995475996	0.3961897402027128	0.3438298626428829	0.6824	0.2978	-0.3732
1140.0	-6.696306	0.801477	0.663156	-1.4067353771074296	0.619591884457987	0.39968039870670147	0.6779	0.2939	-0.3668
1141.0	-7.280982	0.566037	0.471861	-1.319468914507713	0.6754424205218056	0.4590215932745087	0.6785	0.2976	-0.3616
1142.0	-7.884297	0.33746400000000004	0.37572300000000003	-1.192059879112127	0.6440264939859076	0.46949356878647464	0.6562	0.2462	-0.359
1143.0	-8.509194	0.10398600000000001	0.42084900000000003	-1.117010721276371	0.635299847725936	0.47298422729046335	0.6781	0.2326	-0.3507
1144.0	-9.150768	-0.13439700000000002	0.511101	-0.9721483933608416	0.5811946409141117	0.4590215932745087	0.7064	0.2833	-0.3511
1145.0	-9.759969	-0.31392000000000003	0.589581	-0.9721483933608416	0.5811946409141117	0.4590215932745087	0.7318	0.3323	-0.3401
1146.0	-10.424106	-0.534645	0.754389	-0.5934119456780721	0.45553093477052004	0.24958208303518914	0.7418	0.3291	-0.3364
1147.0	-11.012706000000001	-0.7975530000000001	0.891729	-0.2844886680750757	0.054105206811824215	0.0890117918517108	0.7485	0.3315	-0.3294
1148.0	-11.60523	-1.130112	1.005525	0.020943951023931952	-0.1308996938995747	-0.08203047484373349	0.7323	0.3153	-0.3256
1149.0	-12.127122	-1.4381460000000001	1.13796	0.020943951023931952	-0.1308996938995747	-0.08203047484373349	0.718	0.3046	-0.3231
1150.0	-12.599964	-1.778553	1.103625	0.3909537524467298	-0.1832595714594046	-0.1413716694115407	0.7218	0.3153	-0.3236
1151.0	-12.964896000000001	-2.043423	1.121283	0.4520402762665313	0.15009831567151233	-0.13962634015954636	0.7233	0.3166	-0.3215
1152.0	-13.289607	-2.108169	1.297863	0.47647488579445196	0.36302848441482055	-0.1117010721276371	0.7604	0.3818	-0.3167
1153.0	-13.607451000000001	-2.0130120000000002	1.598049	0.5078908123303499	0.49741883681838395	-0.005235987755982988	0.7046	0.3795	-0.3052
1154.0	-13.823271	-1.7913060000000003	1.998297	0.5585053606381855	0.36826447217080355	0.09948376736367678	0.7201	0.3708	-0.3061
1155.0	-13.975326	-1.4832720000000001	2.518227	0.5061454830783556	0.24958208303518914	0.2129301687433082	0.7364	0.3624	-0.3073
1156.0	-13.811499	-1.0751760000000001	3.0293280000000005	0.47298422729046335	0.291469985083053	0.40317105721069013	0.7728	0.3939	-0.3076
1157.0	-13.438718999999999	-0.586638	3.656187	0.32637657012293964	0.3717551306747922	0.5288347633542818	0.7724	0.397	-0.3068
1158.0	-12.866796	-0.028449	4.225167000000001	0.19198621771937624	0.34033920413889424	0.6335545184739416	0.7078	0.3616	-0.2894
1159.0	-12.335094000000002	0.517968	4.705857	0.03316125578789226	0.3665191429188092	0.7696902001294994	0.6387	0.3205	-0.2784
1160.0	-11.952504	1.148751	5.377842	-0.0471238898038469	0.38048177693476387	0.937241808320955	0.5511	0.2582	-0.2496
1161.0	-11.779848000000001	1.619631	6.109668	-0.059341194567807204	0.29670597283903605	1.048942880448592	0.4646	0.2001	-0.2287
1162.0	-11.663109	1.7922870000000002	6.623712	-0.08552113334772216	0.031415926535897934	1.0838494654884787	0.3715	0.138	-0.1986
1163.0	-11.479662	1.735389	6.8836770000000005	-0.13439035240356337	-0.1291543646475804	1.0890854532444616	0.354	0.1227	-0.1842
1164.0	-11.257956	1.5843150000000001	6.973929	-0.16929693744344995	-0.19722220547535926	1.1047934165124105	0.2691	0.0568	-0.1587
1165.0	-11.053908000000002	1.407735	6.887601	-0.25132741228718347	-0.20420352248333654	1.1100294042683936	0.1797	-0.0009	-0.1371
1166.0	-11.049984000000002	1.305711	6.701211000000001	-0.32637657012293964	-0.17976891295541594	0.9843656981248018	0.0997	-0.0473	-0.1054
1167.0	-11.206944000000002	1.227231	6.4490940000000005	-0.32637657012293964	-0.17976891295541594	0.9843656981248018	0.0208	-0.0915	-0.0745
1168.0	-11.392353	1.179162	6.163623	-0.4014257279586958	-0.04537856055185257	0.3700098014227979	0.1069	-0.0457	-0.0866
1169.0	-11.471814	1.0879290000000001	5.920335000000001	-0.42062434973063345	-0.04537856055185257	0.04537856055185257	0.1524	-0.0287	-0.0719
1170.0	-11.297196	0.89271	5.577966	-0.41364303272265607	-0.041887902047863905	-0.23911010752322315	0.249	0.0288	-0.0935
1171.0	-10.890081000000002	0.6749280000000001	5.13063	-0.41015237421866746	-0.024434609527920613	-0.40491638646268446	0.3416	0.0865	-0.1089
1172.0	-10.316196000000001	0.520911	4.646997000000001	-0.4014257279586958	-0.015707963267948967	-0.4625122517784973	0.3944	0.1339	-0.1165
1173.0	-9.659907	0.43164	4.180041	-0.3717551306747922	0.031415926535897934	-0.45029494701453704	0.4779	0.1622	-0.1349
1174.0	-9.024219	0.346293	3.7228950000000003	-0.35779249665883756	0.05235987755982989	-0.40491638646268446	0.5694	0.2291	-0.1531
1175.0	-8.380683	0.204048	3.306951	-0.32637657012293964	0.07679448708775051	-0.3543018381548489	0.6667	0.2872	-0.1664
1176.0	-7.705755	0.0049050000000000005	2.967525	-0.2617993877991494	0.09075712110370514	-0.3193952531149623	0.75	0.3351	-0.1896
1177.0	-6.991587	-0.210915	2.602593	-0.19896753472735357	0.07853981633974483	-0.29496064358704166	0.8345	0.3811	-0.2126
1178.0	-6.350994	-0.467937	2.384811	-0.09075712110370514	0.005235987755982988	-0.28623399732707	0.8349	0.3867	-0.2065
1179.0	-5.767299	-0.705339	2.204307	0.017453292519943295	-0.015707963267948967	-0.33335788713091696	0.8809	0.4282	-0.2203
1180.0	-5.281704	-0.89271	2.052252	0.12566370614359174	-0.05061454830783556	-0.3612831551628262	0.8126	0.3755	-0.2051
1181.0	-4.9030380000000005	-1.0408410000000001	1.9325700000000001	0.20943951023931956	-0.08203047484373349	-0.38746309394274114	0.8032	0.3793	-0.1992
1182.0	-4.608738	-1.164447	1.8246600000000002	0.30019663134302466	-0.12217304763960307	-0.3944444109507185	0.8524	0.398	-0.2098
1183.0	-4.42431	-1.2988439999999999	1.721655	0.41364303272265607	-0.14486232791552936	-0.4066617157146788	0.8577	0.4151	-0.2072
1184.0	-4.33602	-1.460709	1.6206120000000002	0.5166174585903216	-0.015707963267948967	-0.40840704496667307	0.8586	0.4198	-0.2028
1185.0	-4.337982	-1.630422	1.5136830000000001	0.5777039824101231	0.10471975511965978	-0.40317105721069013	0.8329	0.403	-0.1958
1186.0	-4.394880000000001	-1.8138690000000002	1.342008	0.6824237375297829	0.12217304763960307	-0.38571776469074687	0.8073	0.3933	-0.1915
1187.0	-4.533201	-1.965924	1.148751	0.8045967851693859	0.158824961931484	-0.3595378259108319	0.8069	0.3918	-0.1888
1188.0	-4.746078000000001	-2.037537	0.926064	0.9267698328089891	0.2932153143350474	-0.32986722862692824	0.8158	0.3773	-0.1865
1189.0	-5.050188	-2.0120310000000003	0.6847380000000001	1.0559241974565694	0.5148721293383273	-0.291469985083053	0.8097	0.3741	-0.1841
1190.0	-5.361165	-1.963962	0.453222	1.0559241974565694	0.5148721293383273	-0.291469985083053	0.8714	0.4288	-0.1918
1191.0	-5.9173919999999995	-1.7971920000000001	0.248193	1.2636183784438948	0.7086036763096978	-0.1954768762233649	0.8815	0.4254	-0.1892
1192.0	-6.564852	-1.5617520000000003	0.096138	1.2356931104119853	0.7190756518216638	-0.14835298641951802	0.8796	0.4196	-0.1866
1193.0	-7.276077000000001	-1.2448890000000001	0.044145	1.1763519158441782	0.7295476273336297	-0.12740903539558607	0.7881	0.3688	-0.1822
1194.0	-8.023599	-0.850527	0.051012	0.9791297103688189	0.6510078109938848	-0.1413716694115407	0.7007	0.3078	-0.1604
1195.0	-8.822133000000001	-0.34335000000000004	0.11673900000000001	0.7365289443416071	0.5358160803622591	-0.18151424220741028	0.6426	0.2652	-0.1708
1196.0	-9.636363	0.270756	0.293319	0.5096361415823443	0.3909537524467298	-0.1466076571675237	0.5682	0.2101	-0.1615
1197.0	-10.402524000000001	0.9280260000000001	0.491481	0.26005405854715513	0.16231562043547265	-0.08028514559173916	0.5686	0.2053	-0.1578
1198.0	-11.154951	1.508778	0.663156	0.09773843811168245	0.07330382858376185	0.038397243543875255	0.5603	0.2137	-0.1545
1199.0	-11.903454000000002	2.0041830000000003	0.8093250000000001	-0.10471975511965978	0.17976891295541594	0.10821041362364843	0.4846	0.1706	-0.1402
1200.0	-12.695121	2.428956	0.786762	-0.29670597283903605	0.34732052114687156	0.12042771838760874	0.394	0.1182	-0.1193
1201.0	-13.269987	2.650662	0.714168	-0.32812189937493397	0.23736477827122882	0.054105206811824215	0.302	0.057	-0.1135
1202.0	-13.831119	2.725218	0.86328	-0.17278759594743864	-0.15707963267948966	-0.08377580409572781	0.1984	0.0041	-0.0997
1203.0	-14.356935000000002	2.757591	1.135017	-0.19896753472735357	-0.40840704496667307	-0.32812189937493397	0.1962	0.0115	-0.0966
1204.0	-14.642406	2.65851	1.4636520000000002	-0.4485496177625427	-0.33510321638291124	-0.5585053606381855	0.1801	0.0132	-0.1138
1205.0	-14.645349	2.328894	1.8609570000000002	-0.5253441048502933	-0.2775073510670984	-0.7801621756414654	0.1545	0.0175	-0.0822
1206.0	-14.464845	1.836432	2.34459	-0.5358160803622591	-0.05235987755982989	-0.9773843811168246	0.2478	0.0655	-0.0865
1207.0	-14.111685	1.289034	2.943	-0.6387905062299246	-0.0017453292519943296	-1.0210176124166828	0.2474	0.0643	-0.0834
1208.0	-13.554477	0.85347	3.447234	-0.6562437987498679	-0.1117010721276371	-1.007054978400728	0.2393	0.0565	-0.0794
1209.0	-12.907998000000001	0.46107000000000004	3.9593160000000003	-0.609119908946021	-0.08203047484373349	-0.937241808320955	0.3012	0.0868	-0.0856
1210.0	-12.343923	0.04316400000000001	4.6538640000000004	-0.4852015320544236	-0.024434609527920613	-0.8656833089891874	0.3944	0.1289	-0.0997
1211.0	-11.972123999999999	-0.322749	5.4317969999999995	-0.3944444109507185	-0.1064650843716541	-0.8255407361933178	0.4818	0.1879	-0.0996
1212.0	-11.608173	-0.554265	5.957612999999999	-0.2530727415391778	-0.13439035240356337	-0.7295476273336297	0.5806	0.2386	-0.1076
1213.0	-11.208906	-0.7749900000000001	6.265647	-0.10471975511965978	-0.2181661564992912	-0.6475171524898963	0.6711	0.2768	-0.107
1214.0	-10.913625000000001	-0.918216	6.429474	-0.0	-0.2827433388230814	-0.630063859969953	0.7002	0.2843	-0.0883
1215.0	-10.754703000000001	-0.9378360000000001	6.430455	0.07504915783575616	-0.32812189937493397	-0.6667157742618339	0.7148	0.2917	-0.0995
1216.0	-10.675242	-0.893691	6.212673	0.1710422666954443	-0.312413936106985	-0.6702064327658225	0.6416	0.2758	-0.0867
1217.0	-10.719387000000001	-0.828945	5.834988	0.2303834612632515	-0.1884955592153876	-0.5864306286700948	0.6194	0.2776	-0.0851
1218.0	-10.883214	-0.8004960000000001	5.551479	0.2775073510670984	-0.05235987755982989	-0.32637657012293964	0.5654	0.2394	-0.0789
1219.0	-10.961694	-0.750465	5.273856	0.3089232776029963	0.027925268031909273	0.026179938779914945	0.5044	0.1956	-0.0731
1220.0	-10.785114	-0.562113	4.959936000000001	0.34033920413889424	0.10821041362364843	0.312413936106985	0.504	0.2054	-0.0752
1221.0	-10.263222	-0.298224	4.580289	0.34033920413889424	0.11868238913561441	0.47472955654245763	0.502	0.2049	-0.0775
1222.0	-9.549054000000002	-0.061803000000000004	4.187889	0.3036872898470133	0.12217304763960307	0.5340707511102649	0.501	0.2039	-0.0782
1223.0	-8.758368	0.164808	3.805299	0.21118483949131386	0.12042771838760874	0.5113814708343386	0.4508	0.1861	-0.0774
1224.0	-7.990245000000001	0.41692500000000005	3.4639110000000004	0.08203047484373349	0.061086523819801536	0.43982297150257105	0.5194	0.2277	-0.0961
1225.0	-7.273134	0.6916049999999999	3.174516	-0.061086523819801536	0.05759586531581287	0.35255650890285456	0.6057	0.2711	-0.1048
1226.0	-6.618807	0.991791	2.9743920000000004	-0.2181661564992912	0.05585053606381855	0.2827433388230814	0.6543	0.2901	-0.1196
1227.0	-6.014511	1.295901	2.829204	-0.29670597283903605	0.026179938779914945	0.2129301687433082	0.6699	0.2869	-0.1246
1228.0	-5.458284	1.576467	2.7311039999999998	-0.4852015320544236	0.0	0.19373154697137057	0.6666	0.2829	-0.1222
1229.0	-4.994271	1.8011160000000002	2.660472	-0.6702064327658225	-0.012217304763960306	0.17453292519943295	0.743	0.3312	-0.1341
1230.0	-4.650921	1.9472850000000002	2.582973	-0.8115781021773633	-0.10471975511965978	0.17453292519943295	0.7398	0.3249	-0.1372
1231.0	-4.42431	2.03067	2.464272	-0.9128071987930343	-0.1884955592153876	0.1954768762233649	0.7392	0.3203	-0.1409
1232.0	-4.3311150000000005	2.0767770000000003	2.335761	-1.0035643198967394	-0.16231562043547265	0.18675022996339324	0.7291	0.2996	-0.1452
1233.0	-4.339944	2.087568	2.169972	-1.064650843716541	-0.0942477796076938	0.19722220547535926	0.7767	0.3114	-0.1518
1234.0	-4.44393	2.058138	1.980639	-1.0978120995044334	-0.020943951023931952	0.19896753472735357	0.7713	0.3098	-0.1538
1235.0	-4.625415	1.9875060000000002	1.7746290000000002	-1.0838494654884787	0.07330382858376185	0.23911010752322315	0.7	0.2929	-0.1431
1236.0	-4.889304	1.8432990000000002	1.5195690000000002	-1.090830782496456	0.13439035240356337	0.2879793265790644	0.6719	0.2776	-0.1282
1237.0	-5.216958000000001	1.642194	1.262547	-1.1152653920243765	0.1291543646475804	0.3455751918948773	0.6217	0.2695	-0.1165
1238.0	-5.599548	1.3783050000000001	1.003563	-1.1728612573401895	0.14486232791552936	0.38746309394274114	0.6461	0.2935	-0.1236
1239.0	-6.037074	1.094796	0.746541	-1.2426744274199626	0.2234021442552742	0.4223696789826277	0.6263	0.2801	-0.1215
1240.0	-6.56289	0.835812	0.515025	-1.3578661580515883	0.3769911184307752	0.48171087355043496	0.6278	0.2749	-0.1216
1241.0	-7.103421	0.610182	0.299205	-1.408480706359424	0.635299847725936	0.5672320068981571	0.6294	0.2698	-0.1206
1242.0	-7.614522	0.429678	0.102024	-1.4014993893514465	0.7487462491055673	0.5934119456780721	0.5886	0.2542	-0.1152
1243.0	-8.134452000000001	0.2943	-0.005886	-1.293288975727798	0.773180858633488	0.5515240436302081	0.5222	0.2223	-0.112
1244.0	-8.694603	0.164808	-0.033354	-1.1728612573401895	0.7312929565856241	0.4590215932745087	0.4494	0.1951	-0.0988
1245.0	-9.286146	0.006867000000000001	-0.008829	-1.054178868204575	0.6335545184739416	0.29496064358704166	0.4849	0.1915	-0.1079
1246.0	-9.887499	-0.15499800000000002	0.093195	-0.8901179185171081	0.47298422729046335	0.0942477796076938	0.5139	0.1839	-0.1224
1247.0	-10.48689	-0.32176800000000005	0.209934	-0.6318091892219474	0.15707963267948966	-0.11344640137963143	0.5654	0.1813	-0.1321
1248.0	-11.079414	-0.513063	0.293319	-0.4869468613064179	-0.11693705988362008	-0.2897246558310587	0.5697	0.1836	-0.136
1249.0	-11.640546000000002	-0.777933	0.349236	-0.24085543677521748	-0.24958208303518914	-0.3385938748868999	0.5866	0.1869	-0.1365
1250.0	-12.112407	-1.124226	0.34138799999999997	-0.038397243543875255	-0.26354471705114374	-0.3595378259108319	0.5878	0.1844	-0.1357
1251.0	-12.536199000000002	-1.533303	0.293319	0.07679448708775051	-0.13439035240356337	-0.2844886680750757	0.5571	0.1698	-0.1338
1252.0	-12.913884000000001	-1.9109880000000001	0.26388900000000004	0.1361356816555577	0.12566370614359174	-0.18500490071139894	0.6057	0.1898	-0.1405
1253.0	-13.237614	-2.321046	0.18933300000000003	0.1361356816555577	0.12566370614359174	-0.18500490071139894	0.6698	0.2095	-0.1437
1254.0	-13.658463000000001	-2.3995260000000003	0.5042340000000001	0.32986722862692824	0.41713369122664473	0.15707963267948966	0.7046	0.2147	-0.1454
1255.0	-13.928238	-2.306331	0.9368550000000001	0.5131268000863328	0.06806784082777885	0.2984513020910304	0.6812	0.1852	-0.1576
1256.0	-14.024376	-2.101302	1.524474	0.6562437987498679	-0.17976891295541594	0.43982297150257105	0.6428	0.1681	-0.1653
1257.0	-13.846815000000001	-1.8903870000000003	2.1935160000000002	0.7138396640656808	-0.26005405854715513	0.5899212871740833	0.5883	0.1459	-0.1631
1258.0	-13.450491000000001	-1.635327	2.991069	0.6684611035138281	-0.158824961931484	0.6387905062299246	0.5505	0.1236	-0.171
1259.0	-12.904074	-1.309635	3.733686	0.5619960191421741	-0.08726646259971647	0.6789330790257941	0.4704	0.0864	-0.1685
1260.0	-12.41946	-0.896634	4.446873	0.44505895925855404	0.1117010721276371	0.757472895365539	0.42	0.0499	-0.1619
1261.0	-12.089844	-0.352179	5.260122	0.33161255787892263	0.3717551306747922	0.8866272600131193	0.3626	0.0112	-0.157
1262.0	-11.903454000000002	0.205029	6.116535000000001	0.23561944901923448	0.32637657012293964	0.9878563566287906	0.3292	0.0124	-0.1554
1263.0	-11.753361	0.7759710000000001	6.959214	0.1466076571675237	0.1413716694115407	1.0262536001726656	0.2743	-0.0112	-0.1557
1264.0	-11.407068	1.005525	7.2878490000000005	-0.0	0.04363323129985824	1.0349802464326374	0.2519	-0.0326	-0.1656
1265.0	-11.089224000000002	1.115397	7.3996830000000005	-0.16057029118347832	-0.020943951023931952	1.043706892692609	0.246	-0.0362	-0.169
1266.0	-10.872423000000001	1.1801430000000002	7.254495000000001	-0.2879793265790644	-0.09599310885968812	0.9721483933608416	0.245	-0.0451	-0.1603
1267.0	-10.884195	1.280205	6.981777	-0.4014257279586958	-0.13788101090755203	0.7871434926494426	0.2546	-0.0465	-0.1728
1268.0	-11.047041000000002	1.3812480000000003	6.564852	-0.47298422729046335	-0.13962634015954636	0.5078908123303499	0.2625	-0.0372	-0.169
1269.0	-11.260899	1.460709	6.166566	-0.5113814708343386	-0.16929693744344995	0.1884955592153876	0.2691	-0.0252	-0.1769
1270.0	-11.347227000000002	1.473462	5.823216	-0.5654866776461628	-0.12566370614359174	0.017453292519943295	0.288	-0.025	-0.1946
1271.0	-11.189286000000001	1.3351410000000001	5.408253	-0.5619960191421741	-0.09250245035569947	-0.26703537555513246	0.3729	0.0194	-0.213
1272.0	-10.794924000000002	1.0643850000000001	4.897152	-0.5585053606381855	-0.08377580409572781	-0.4380776422505767	0.3207	0.0078	-0.2265
1273.0	-10.268127	0.760275	4.372317	-0.5375614096142535	-0.0942477796076938	-0.5148721293383273	0.2806	0.0012	-0.2217
1274.0	-9.660888	0.46401300000000006	3.9112470000000004	-0.4921828490624009	-0.07504915783575616	-0.5183627878423158	0.2529	-0.0052	-0.2134
1275.0	-9.014409	0.152055	3.498246	-0.43982297150257105	-0.09948376736367678	-0.48171087355043496	0.2217	-0.0003	-0.2062
1276.0	-8.303184000000002	-0.187371	3.137238	-0.35779249665883756	-0.13264502315156904	-0.4293509959906051	0.1901	-0.0025	-0.2023
1277.0	-7.530156	-0.553284	2.814489	-0.2303834612632515	-0.1413716694115407	-0.40491638646268446	0.1287	-0.0119	-0.1813
1278.0	-6.752223000000001	-0.911349	2.5407900000000003	-0.05585053606381855	-0.1308996938995747	-0.38571776469074687	0.0925	-0.0055	-0.1735
1279.0	-6.039036	-1.237041	2.348514	0.10297442586766545	-0.11693705988362008	-0.39269908169872414	0.076	-0.0043	-0.1542
1280.0	-5.403348	-1.4950440000000003	2.203326	0.24434609527920614	-0.07504915783575616	-0.4258603374866164	0.0111	0.0176	-0.1582
1281.0	-4.905	-1.673586	2.091492	0.3735004599267865	-0.09250245035569947	-0.45553093477052004	-0.0638	-0.0042	-0.148
1282.0	-4.545954	-1.790325	2.019879	0.5009094953223726	-0.15184364492350666	-0.47472955654245763	-0.0337	-0.0108	-0.1419
1283.0	-4.2879510000000005	-1.902159	1.950228	0.609119908946021	-0.143116998663535	-0.4799655442984406	0.0258	0.0075	-0.1539
1284.0	-4.13001	-2.018898	1.8570330000000002	0.7243116395776468	-0.029670597283903602	-0.47123889803846897	0.1161	0.0494	-0.1772
1285.0	-4.063302	-2.1277890000000004	1.7579520000000002	0.8011061266653973	0.1117010721276371	-0.460766922526503	0.2108	0.0888	-0.1869
1286.0	-4.097637000000001	-2.211174	1.622574	0.8866272600131193	0.23387411976724015	-0.4572762640225143	0.3052	0.1373	-0.2079
1287.0	-4.239882	-2.233737	1.454823	0.9564404300928926	0.33161255787892263	-0.4223696789826277	0.4086	0.1761	-0.2309
1288.0	-4.479246000000001	-2.1670290000000003	1.261566	1.0000736613927508	0.41713369122664473	-0.3944444109507185	0.5033	0.1998	-0.2513
1289.0	-4.794147000000001	-2.008107	1.002582	1.069886831472524	0.5026548245743669	-0.3246312408709453	0.5637	0.1998	-0.2684
1290.0	-5.184585	-1.8011160000000002	0.6955290000000001	1.0821041362364843	0.5777039824101231	-0.2775073510670984	0.5937	0.1918	-0.2689
1291.0	-5.694705000000001	-1.528398	0.409077	1.0978120995044334	0.6684611035138281	-0.23387411976724015	0.6255	0.2091	-0.2782
1292.0	-6.322545	-1.220364	0.19423800000000002	1.0786134777324956	0.7068583470577035	-0.15533430342749532	0.6316	0.215	-0.2819
1293.0	-7.044561	-0.875052	0.036297	1.0297442586766545	0.62482787221397	-0.06981317007977318	0.6433	0.2108	-0.2891
1294.0	-7.7989500000000005	-0.51012	-0.07161300000000001	0.9477137838329209	0.5375614096142535	0.003490658503988659	0.6443	0.2133	-0.2864
1295.0	-8.580807	-0.17756100000000002	-0.023544	0.8604473212332044	0.5497787143782138	0.015707963267948967	0.6298	0.1926	-0.2821
1296.0	-9.33912	0.151074	0.08338500000000001	0.7138396640656808	0.3612831551628262	0.010471975511965976	0.6324	0.1902	-0.282
1297.0	-10.070946	0.496386	0.296262	0.5585053606381855	0.26878070480712674	0.026179938779914945	0.5474	0.1544	-0.2898
1298.0	-10.711539000000002	0.8475840000000001	0.560151	0.36826447217080355	0.16580627893946132	0.0942477796076938	0.4582	0.1065	-0.2647
1299.0	-11.278557	1.168371	0.771066	0.19722220547535926	0.13962634015954636	0.16755160819145562	0.3978	0.0821	-0.2623
1300.0	-11.814183	1.477386	0.9339120000000001	0.04363323129985824	0.3508111796508603	0.2059488517353309	0.3747	0.0612	-0.2429
1301.0	-12.304683	1.739313	0.960399	-0.11693705988362008	0.38222710618675815	0.16057029118347832	0.3409	0.0348	-0.2459
1302.0	-12.754962	1.928646	0.9447030000000001	-0.28623399732707	0.41538836197465046	0.061086523819801536	0.3269	0.0018	-0.2343
1303.0	-13.217994	2.0983590000000003	1.052613	-0.26703537555513246	0.10995574287564276	-0.09773843811168245	0.3528	0.0266	-0.2337
1304.0	-13.738905	2.2445280000000003	1.3223880000000001	-0.3769911184307752	-0.027925268031909273	-0.3665191429188092	0.2808	-0.0033	-0.2328
1305.0	-14.11659	2.4211080000000003	1.5588090000000001	-0.8168140899333461	0.006981317007977318	-0.5794493116621174	0.2281	0.0	-0.2415
1306.0	-14.242158	2.4515190000000002	1.837413	-0.8621926504851988	-0.07330382858376185	-0.7400196028455958	0.1642	-0.0265	-0.2436
1307.0	-14.334372000000002	2.426994	2.0561760000000002	-0.8621926504851988	-0.07330382858376185	-0.7400196028455958	0.1881	-0.0198	-0.242
1308.0	-14.176431000000001	2.083644	2.460348	-0.9180431865490174	-0.048869219055841226	-0.8883725892651138	0.2808	0.0321	-0.2714
1309.0	-13.833081	1.653966	2.921418	-0.5637413483941683	-0.36826447217080355	-0.7766715171374766	0.3733	0.0926	-0.2887
1310.0	-13.401441000000002	1.050651	3.5335620000000003	-0.25132741228718347	-0.3961897402027128	-0.6946410422937431	0.4601	0.1455	-0.3108
1311.0	-12.996288	0.28056600000000004	4.311495	-0.08726646259971647	-0.32288591161895097	-0.6562437987498679	0.5167	0.1848	-0.3169
1312.0	-12.600945000000001	-0.44439300000000004	5.019777	0.005235987755982988	-0.11868238913561441	-0.62482787221397	0.5172	0.2425	-0.3349
1313.0	-12.187944	-1.067328	5.57208	0.25132741228718347	-0.06283185307179587	-0.5759586531581288	0.4852	0.2273	-0.3252
1314.0	-11.744532000000001	-1.5499800000000001	5.936031	0.460766922526503	-0.012217304763960306	-0.5864306286700948	0.5209	0.2162	-0.3315
1315.0	-11.423745000000002	-1.8933300000000002	6.134193	0.5462880558742251	0.06632251157578452	-0.6597344572538565	0.5425	0.2166	-0.3217
1316.0	-11.313873000000001	-1.9924110000000002	6.233274	0.5934119456780721	0.08203047484373349	-0.7871434926494426	0.6055	0.2409	-0.3251
1317.0	-11.138274000000001	-2.015955	6.294096	0.5934119456780721	0.041887902047863905	-0.8726646259971648	0.6334	0.2585	-0.3136
1318.0	-11.120616	-1.754028	6.097896	0.5550147021341968	0.05759586531581287	-0.8499753457212386	0.5773	0.2365	-0.3005
1319.0	-11.197134	-1.424412	5.888942999999999	0.4852015320544236	0.06806784082777885	-0.6457718232379019	0.561	0.2267	-0.3035
1320.0	-11.180457	-0.9613800000000001	5.596605	0.41015237421866746	0.10122909661567112	-0.317649923862968	0.5289	0.2173	-0.3067
1321.0	-10.920492	-0.35021700000000006	5.230692	0.32288591161895097	0.13264502315156904	0.006981317007977318	0.5272	0.2141	-0.3054
1322.0	-10.481004	0.237402	4.8853800000000005	0.23212879051524585	0.16580627893946132	0.25132741228718347	0.5565	0.2109	-0.3011
1323.0	-9.874746	0.7288830000000001	4.501809	0.1291543646475804	0.16580627893946132	0.39968039870670147	0.579	0.2389	-0.3175
1324.0	-9.172350000000002	1.097739	4.130991	-0.006981317007977318	0.2007128639793479	0.5096361415823443	0.6137	0.2897	-0.3215
1325.0	-8.412075000000002	1.350837	3.8003940000000003	-0.12391837689159739	0.16057029118347832	0.5235987755982988	0.6595	0.3197	-0.3324
1326.0	-7.644933	1.5019110000000002	3.49236	-0.26354471705114374	0.16231562043547265	0.5044001538263612	0.6589	0.3362	-0.3338
1327.0	-6.996492	1.580391	3.2333760000000002	-0.39269908169872414	0.1064650843716541	0.4328416544945937	0.6928	0.3565	-0.3496
1328.0	-6.476562	1.621593	3.0303090000000004	-0.4834562028024293	0.11868238913561441	0.3560471674068432	0.6972	0.3294	-0.351
1329.0	-6.008625	1.637289	2.8753110000000004	-0.582939970166106	-0.003490658503988659	0.291469985083053	0.6344	0.2801	-0.3824
1330.0	-5.662332000000001	1.637289	2.7379710000000004	-0.6527531402458793	-0.08377580409572781	0.22689280275926285	0.5861	0.2257	-0.3612
1331.0	-5.425911000000001	1.60884	2.620251	-0.7173303225696694	-0.1361356816555577	0.2007128639793479	0.5283	0.1841	-0.3568
1332.0	-5.233635	1.5588090000000001	2.487816	-0.7696902001294994	-0.2129301687433082	0.19722220547535926	0.4906	0.1314	-0.3497
1333.0	-5.088447	1.4970060000000003	2.367153	-0.7976154681614086	-0.23387411976724015	0.19198621771937624	0.4212	0.0827	-0.3457
1334.0	-4.966803	1.4401080000000002	2.213136	-0.8377580409572782	-0.22514747350726852	0.2059488517353309	0.3438	0.0485	-0.3475
1335.0	-4.876551	1.3635900000000003	2.048328	-0.8691739674931761	-0.19722220547535926	0.2426007660272118	0.2526	-0.0097	-0.3475
1336.0	-4.858893	1.2772620000000001	1.9001970000000001	-0.8918632477691024	-0.1413716694115407	0.2775073510670984	0.1778	-0.0567	-0.3536
1337.0	-4.864779	1.1781810000000001	1.738332	-0.9512044423369096	-0.03316125578789226	0.3543018381548489	0.1764	-0.0523	-0.3532
1338.0	-4.950126000000001	1.060461	1.585296	-1.0559241974565694	-0.038397243543875255	0.4468042885105484	0.2279	0.0022	-0.3647
1339.0	-5.188509000000001	0.9378360000000001	1.4136210000000002	-1.096066770252439	-0.04014257279586958	0.5480333851262195	0.2586	0.0413	-0.3254
1340.0	-5.571099	0.8132490000000001	1.2429270000000001	-1.218239817892042	0.006981317007977318	0.6335545184739416	0.2841	0.0805	-0.3368
1341.0	-6.065523	0.702396	1.0320120000000002	-1.3788101090755203	0.10297442586766545	0.6876597252857658	0.2933	0.0989	-0.3313
1342.0	-6.593301	0.634707	0.8054010000000001	-1.4957471689591404	0.28099800957108706	0.6702064327658225	0.2942	0.1178	-0.3347
1343.0	-7.140699000000001	0.622935	0.620973	-1.5079644737231008	0.4852015320544236	0.6126105674500097	0.3514	0.1516	-0.3325
1344.0	-7.642971	0.6092010000000001	0.430659	-1.4713125594312197	0.5218534463463045	0.5375614096142535	0.4303	0.1877	-0.3233
1345.0	-8.147205000000001	0.5827140000000001	0.302148	-1.4014993893514465	0.5864306286700948	0.4537856055185257	0.5119	0.2143	-0.3201
1346.0	-8.657325	0.517968	0.19325699999999998	-1.3229595730117016	0.5951572749300664	0.3665191429188092	0.5667	0.2349	-0.2996
1347.0	-9.167445	0.40515300000000004	0.115758	-1.2147491593880533	0.4921828490624009	0.2722713633111154	0.5646	0.2265	-0.2905
1348.0	-9.670698	0.21778200000000003	0.050031000000000006	-1.0559241974565694	0.4380776422505767	0.16755160819145562	0.547	0.2074	-0.2777
1349.0	-10.15335	-0.027468000000000003	0.093195	-0.788888821901437	0.33161255787892263	0.0017453292519943296	0.5975	0.2332	-0.2748
1350.0	-10.56537	-0.273699	0.161865	-0.4537856055185257	0.0942477796076938	-0.11868238913561441	0.6525	0.2593	-0.2699
1351.0	-10.935207	-0.587619	0.21778200000000003	-0.15533430342749532	-0.09250245035569947	-0.20769418098732523	0.7288	0.2896	-0.2695
1352.0	-11.338398	-1.031031	0.24230700000000002	0.06283185307179587	-0.059341194567807204	-0.21991148575128552	0.8027	0.3443	-0.2705
1353.0	-11.756304	-1.5617520000000003	0.190314	0.14486232791552936	0.1466076571675237	-0.1361356816555577	0.792	0.3363	-0.2628
1354.0	-12.252690000000001	-2.022822	0.287433	0.2059488517353309	0.32288591161895097	0.04537856055185257	0.7692	0.3183	-0.2435
1355.0	-12.775563	-2.336742	0.521892	0.317649923862968	0.39793506945470714	0.13962634015954636	0.779	0.3389	-0.2364
1356.0	-13.25331	-2.463291	0.9947340000000001	0.4904375198104066	0.4014257279586958	0.32288591161895097	0.7771	0.3424	-0.2334
1357.0	-13.592736	-2.453481	1.590201	0.5672320068981571	0.291469985083053	0.45553093477052004	0.7816	0.3281	-0.2289
1358.0	-13.747734000000001	-2.2572810000000003	2.2190220000000003	0.5689773361501514	0.19198621771937624	0.619591884457987	0.7887	0.3379	-0.2321
1359.0	-13.640805000000002	-1.939437	2.7987930000000003	0.5358160803622591	0.33510321638291124	0.6946410422937431	0.763	0.3316	-0.2335
1360.0	-13.295493	-1.5176070000000002	3.3648300000000004	0.3752457891787809	0.5410520681182421	0.7138396640656808	0.7422	0.3125	-0.2325
1361.0	-12.830499000000001	-0.9456840000000001	3.8945700000000003	0.1884955592153876	0.57246799465414	0.7382742735936013	0.699	0.2984	-0.2219
1362.0	-12.441042000000001	-0.20601000000000003	4.4733600000000004	-0.0	0.6754424205218056	0.8831366015091308	0.6577	0.2471	-0.2154
1363.0	-12.202659	0.569961	5.2287300000000005	-0.143116998663535	0.5026548245743669	1.0733774899765127	0.6802	0.2491	-0.2122
1364.0	-12.001554	1.185048	5.850684000000001	-0.24085543677521748	0.15009831567151233	1.1571532940722404	0.7069	0.2622	-0.2284
1365.0	-11.818107000000001	1.567638	6.266628000000001	-0.317649923862968	0.027925268031909273	1.1990411961201044	0.6877	0.2552	-0.2184
1366.0	-11.657223	1.735389	6.422607	-0.4310963252425994	-0.041887902047863905	1.2234758056480248	0.6573	0.24	-0.2199
1367.0	-11.524788000000001	1.8119070000000002	6.405930000000001	-0.5323254218582705	-0.13264502315156904	1.1693705988362009	0.5911	0.2445	-0.213
1368.0	-11.430612	1.7942490000000002	6.310773	-0.5567600313861911	-0.21118483949131386	0.9861110273767962	0.5536	0.2253	-0.2078
1369.0	-11.460042	1.7108640000000002	6.137136000000001	-0.5410520681182421	-0.23212879051524585	0.7051130178057091	0.5226	0.2004	-0.1815
1370.0	-11.592477	1.518588	5.9124870000000005	-0.4921828490624009	-0.23212879051524585	0.3839724354387525	0.5446	0.1824	-0.1815
1371.0	-11.729817	1.195839	5.731002000000001	-0.4241150082346221	-0.17627825445142728	0.06632251157578452	0.5889	0.2057	-0.1941
1372.0	-11.697443999999999	0.7416360000000001	5.530878	-0.3438298626428829	-0.10471975511965978	-0.21991148575128552	0.6327	0.241	-0.1998
1373.0	-11.415897	0.24623100000000003	5.182623	-0.2617993877991494	-0.038397243543875255	-0.3909537524467298	0.6402	0.2554	-0.2035
1374.0	-10.964637	-0.163827	4.832406	-0.15009831567151233	0.003490658503988659	-0.460766922526503	0.6466	0.2526	-0.201
1375.0	-10.371132	-0.46597500000000003	4.513581	-0.10821041362364843	0.026179938779914945	-0.45553093477052004	0.6768	0.2643	-0.2104
1376.0	-9.685413	-0.670023	4.186908000000001	-0.038397243543875255	0.041887902047863905	-0.43458698374658805	0.7279	0.2817	-0.2135
1377.0	-8.988903	-0.8416980000000001	3.861216	0.015707963267948967	0.04014257279586958	-0.4014257279586958	0.799	0.2805	-0.223
1378.0	-8.31888	-1.001601	3.5492580000000005	0.09948376736367678	0.003490658503988659	-0.3595378259108319	0.8244	0.3015	-0.2241
1379.0	-7.681230000000001	-1.13796	3.290274	0.14835298641951802	-0.024434609527920613	-0.3665191429188092	0.8845	0.3289	-0.2491
1380.0	-7.108326000000001	-1.231155	3.082302	0.24434609527920614	-0.029670597283903602	-0.39968039870670147	0.8386	0.3314	-0.2472
1381.0	-6.5785860000000005	-1.271376	2.9067030000000003	0.3508111796508603	-0.0645771823237902	-0.39269908169872414	0.7919	0.3113	-0.239
1382.0	-6.104763	-1.2645089999999999	2.7732870000000003	0.4380776422505767	-0.15358897417550102	-0.43458698374658805	0.7946	0.314	-0.2401
1383.0	-5.726097	-1.2429270000000001	2.6398710000000003	0.5427973973702365	-0.2007128639793479	-0.4380776422505767	0.7444	0.2781	-0.2427
1384.0	-5.441607	-1.2546990000000002	2.495664	0.630063859969953	-0.158824961931484	-0.43458698374658805	0.6664	0.2167	-0.2343
1385.0	-5.275818	-1.3115970000000001	2.349495	0.7138396640656808	-0.024434609527920613	-0.4468042885105484	0.5815	0.1617	-0.2286
1386.0	-5.2032240000000005	-1.389096	2.1925350000000003	0.7993607974134029	0.05759586531581287	-0.4520402762665313	0.5059	0.1131	-0.2214
1387.0	-5.175756	-1.489158	2.0169360000000003	0.8604473212332044	0.15009831567151233	-0.4188790204786391	0.4475	0.0791	-0.213
1388.0	-5.205186	-1.577448	1.803078	0.8988445647770797	0.19198621771937624	-0.4118977034706618	0.4007	0.0297	-0.1842
1389.0	-5.301324	-1.621593	1.5460559999999999	0.9023352232810684	0.312413936106985	-0.36826447217080355	0.3137	-0.0249	-0.1692
1390.0	-5.458284	-1.6058970000000001	1.227231	0.8796459430051421	0.4118977034706618	-0.312413936106985	0.2846	-0.0476	-0.17
1391.0	-5.696667000000001	-1.5176070000000002	0.877995	0.8621926504851988	0.47647488579445196	-0.26005405854715513	0.2417	-0.0947	-0.1794
1392.0	-5.999796000000001	-1.34397	0.511101	0.8639379797371931	0.4468042885105484	-0.22165681500327983	0.1536	-0.146	-0.1736
1393.0	-6.360804	-1.083024	0.163827	0.8377580409572782	0.3839724354387525	-0.15533430342749532	0.1272	-0.1681	-0.1725
1394.0	-6.780672000000001	-0.734769	-0.091233	0.8360127117052838	0.28623399732707	-0.09075712110370514	0.1215	-0.1616	-0.1947
1395.0	-7.209369000000001	-0.368856	-0.25506	0.8534660042252271	0.09948376736367678	-0.09773843811168245	0.1153	-0.1609	-0.1874
1396.0	-7.630218000000001	-0.067689	-0.34236900000000003	0.8377580409572782	-0.027925268031909273	-0.13264502315156904	0.0968	-0.1494	-0.1984
1397.0	-8.080497000000001	0.18344700000000003	-0.319806	0.7627088831215221	-0.005235987755982988	-0.15184364492350666	0.0515	-0.148	-0.1875
1398.0	-8.526852	0.36198900000000006	-0.210915	0.6178465552059926	0.04537856055185257	-0.20245819323134223	0.038	-0.1468	-0.2139
1399.0	-8.959473000000001	0.48951900000000004	-0.014715	0.5096361415823443	0.1466076571675237	-0.2181661564992912	0.1245	-0.0875	-0.2325
1400.0	-9.356778	0.613125	0.283509	0.3752457891787809	0.10122909661567112	-0.1361356816555577	0.207	-0.0305	-0.2392
1401.0	-9.690318000000001	0.782838	0.610182	0.23736477827122882	-0.041887902047863905	-0.010471975511965976	0.2965	0.0354	-0.2406
1402.0	-10.003257000000001	0.9702090000000001	0.877995	0.0715584993317675	-0.10122909661567112	0.12391837689159739	0.3398	0.0559	-0.2444
1403.0	-10.312272	1.186029	1.084005	-0.158824961931484	-0.10821041362364843	0.2129301687433082	0.3503	0.0659	-0.2501
1404.0	-10.606572	1.376343	1.120302	-0.22689280275926285	-0.11344640137963143	0.20943951023931956	0.3615	0.0771	-0.2425
1405.0	-10.955808000000001	1.555866	1.0663470000000002	-0.1466076571675237	0.04363323129985824	0.0942477796076938	0.3579	0.0687	-0.2391
1406.0	-11.494377	1.740294	1.095777	-0.16929693744344995	0.3944444109507185	-0.06632251157578452	0.376	0.0838	-0.2246
1407.0	-12.171267	1.9109880000000001	1.266471	-0.23212879051524585	0.23387411976724015	-0.28099800957108706	0.4054	0.0834	-0.244
1408.0	-12.902112	2.062062	1.563714	-0.29670597283903605	-0.022689280275926284	-0.5375614096142535	0.4098	0.0764	-0.2396
1409.0	-13.523085000000002	2.097378	1.8805770000000002	-0.40317105721069013	0.11344640137963143	-0.778416846389471	0.3468	0.0191	-0.2392
1410.0	-13.939029000000001	1.946304	2.206269	-0.5044001538263612	0.26878070480712674	-0.9424777960769379	0.2609	-0.0404	-0.2302
1411.0	-14.101875000000001	1.654947	2.6104410000000002	-0.4852015320544236	0.1710422666954443	-0.9285151620609834	0.1755	-0.0806	-0.2105
1412.0	-13.976307000000002	1.303749	3.0273660000000002	-0.3752457891787809	0.09948376736367678	-0.8447393579652555	0.1424	-0.0971	-0.2201
1413.0	-13.671216	0.8387550000000001	3.403089	-0.25132741228718347	-0.003490658503988659	-0.7627088831215221	0.1151	-0.0963	-0.204
1414.0	-13.397517	0.27468000000000004	3.990708	-0.13439035240356337	-0.09250245035569947	-0.7627088831215221	0.0881	-0.0975	-0.2038
1415.0	-13.165020000000002	-0.28547100000000003	4.665636	-0.12042771838760874	-0.158824961931484	-0.8045967851693859	0.0926	-0.0862	-0.2183
1416.0	-12.832461	-0.693567	5.219901	-0.05235987755982989	-0.1780235837034216	-0.7923794804054256	0.0812	-0.0793	-0.2193
1417.0	-12.367467	-0.9476460000000001	5.555403	-0.031415926535897934	-0.2984513020910304	-0.7627088831215221	0.0737	-0.072	-0.2206
1418.0	-11.827917000000001	-1.0859670000000001	5.7143250000000005	0.0017453292519943296	-0.4066617157146788	-0.757472895365539	0.0709	-0.0631	-0.2271
1419.0	-11.324664000000002	-1.082043	5.760432000000001	0.05061454830783556	-0.4485496177625427	-0.7592182246175333	0.044	-0.0469	-0.2132
1420.0	-10.910682000000001	-0.9662850000000001	5.6898	0.0645771823237902	-0.4677482395344803	-0.7243116395776468	0.0394	-0.0212	-0.2105
1421.0	-10.653660000000002	-0.817173	5.543631	0.048869219055841226	-0.3892084231947355	-0.609119908946021	0.0254	-0.0026	-0.2124
1422.0	-10.575180000000001	-0.648441	5.408253	0.012217304763960306	-0.27401669256310973	-0.40491638646268446	-0.0	0.0147	-0.1879
1423.0	-10.551636	-0.446355	5.328792000000001	-0.03316125578789226	-0.2129301687433082	-0.11693705988362008	-0.0037	0.0275	-0.184
1424.0	-10.407429	-0.169713	5.118858	-0.09075712110370514	-0.08377580409572781	0.2234021442552742	0.0042	0.0481	-0.1555
1425.0	-10.068984	0.12360600000000001	4.800033	-0.12566370614359174	0.06981317007977318	0.4782202150464463	-0.016	0.0695	-0.1447
1426.0	-9.546111	0.33844500000000005	4.466493	-0.16231562043547265	0.19896753472735357	0.619591884457987	-0.0245	0.07	-0.1503
1427.0	-8.962416	0.464994	4.1251050000000005	-0.21467549799530256	0.26354471705114374	0.6719517620178169	-0.0364	0.0741	-0.1482
1428.0	-8.329671	0.5483790000000001	3.788622	-0.24085543677521748	0.2583087292951608	0.6440264939859076	-0.0298	0.0877	-0.1543
1429.0	-7.74009	0.6092010000000001	3.4913790000000002	-0.31066860685499065	0.2426007660272118	0.5846852994181004	-0.0413	0.0798	-0.1679
1430.0	-7.2446850000000005	0.6867000000000001	3.248091	-0.38571776469074687	0.2059488517353309	0.4921828490624009	-0.0511	0.0767	-0.1862
1431.0	-6.838551000000001	0.802458	3.0254040000000004	-0.45553093477052004	0.158824961931484	0.43982297150257105	-0.0156	0.0713	-0.2019
1432.0	-6.478524	0.9044820000000001	2.839995	-0.5585053606381855	0.006981317007977318	0.3944444109507185	0.0193	0.0694	-0.2126
1433.0	-6.1793190000000005	1.003563	2.7134460000000002	-0.6562437987498679	-0.09948376736367678	0.38048177693476387	0.0277	0.0638	-0.2161
1434.0	-5.921316000000001	1.106568	2.606517	-0.7522369076095561	-0.1710422666954443	0.3944444109507185	0.0383	0.063	-0.2223
1435.0	-5.720211	1.211535	2.525094	-0.8255407361933178	-0.21642082724729686	0.40317105721069013	0.0518	0.0404	-0.2407
1436.0	-5.605434000000001	1.2870720000000002	2.4211080000000003	-0.8831366015091308	-0.2181661564992912	0.41015237421866746	0.1047	0.0599	-0.2406
1437.0	-5.537745	1.370457	2.304369	-0.9302604913129776	-0.158824961931484	0.41364303272265607	0.1007	0.0553	-0.2186
1438.0	-5.555403	1.454823	2.1935160000000002	-0.9494591130849153	-0.11693705988362008	0.4066617157146788	0.124	0.0667	-0.2088
1439.0	-5.614263	1.525455	2.048328	-0.9861110273767962	-0.06283185307179587	0.4066617157146788	0.1501	0.0511	-0.188
1440.0	-5.724135	1.567638	1.896273	-1.0053096491487339	-0.015707963267948967	0.42062434973063345	0.1491	0.0229	-0.1577
1441.0	-5.884038	1.516626	1.7177310000000001	-1.0192722831646885	-0.027925268031909273	0.44331363000655966	0.1417	-0.0018	-0.1471
1442.0	-6.112611	1.399887	1.5470370000000002	-1.0576695267085636	0.0017453292519943296	0.47123889803846897	0.1246	-0.0234	-0.1332
1443.0	-6.4029869999999995	1.239003	1.330236	-1.1344640137963142	0.10821041362364843	0.5270894341022875	0.1576	-0.0274	-0.1422
1444.0	-6.77871	1.0388789999999999	1.101663	-1.2426744274199626	0.26878070480712674	0.5969026041820608	0.1849	-0.038	-0.1545
1445.0	-7.176996000000001	0.8299259999999999	0.835812	-1.3055062804917585	0.42062434973063345	0.6562437987498679	0.256	-0.0118	-0.1463
1446.0	-7.5370230000000005	0.622935	0.57879	-1.3473941825396225	0.5497787143782138	0.6702064327658225	0.2298	-0.0388	-0.1439
1447.0	-7.8676200000000005	0.409077	0.335502	-1.3421581947836396	0.6475171524898963	0.6492624817418906	0.2908	-0.0224	-0.1583
1448.0	-8.176635000000001	0.21189600000000003	0.130473	-1.293288975727798	0.7120943348136864	0.6108652381980153	0.3508	0.0076	-0.1582
1449.0	-8.478783	0.037278	-0.013734000000000001	-1.2409290981679681	0.7609635538695277	0.5497787143782138	0.4321	0.0709	-0.166
1450.0	-8.778969	-0.09711900000000001	-0.099081	-1.1693705988362009	0.7941248096574199	0.4921828490624009	0.5371	0.138	-0.1759
1451.0	-9.099756000000001	-0.169713	-0.079461	-1.0821041362364843	0.7609635538695277	0.41364303272265607	0.6157	0.1894	-0.1735
1452.0	-9.444087	-0.209934	-0.013734000000000001	-0.8552113334772214	0.5899212871740833	0.32288591161895097	0.706	0.2435	-0.1805
1453.0	-9.791361	-0.265851	0.163827	-0.5148721293383273	0.26354471705114374	0.16057029118347832	0.7761	0.2917	-0.1685
1454.0	-10.121958000000001	-0.41202000000000005	0.37572300000000003	-0.1780235837034216	-0.061086523819801536	-0.038397243543875255	0.8322	0.3332	-0.1619
1455.0	-10.449612	-0.6582510000000001	0.57879	0.10995574287564276	-0.23911010752322315	-0.25132741228718347	0.86	0.3628	-0.1525
1456.0	-10.829259000000002	-0.998658	0.692586	0.2879793265790644	-0.2722713633111154	-0.3735004599267865	0.8599	0.3749	-0.139
1457.0	-11.251089	-1.3714380000000002	0.7190730000000001	0.3787364476827695	-0.11519173063162574	-0.41713369122664473	0.8439	0.3706	-0.1354
1458.0	-11.664090000000002	-1.733427	0.6513840000000001	0.42062434973063345	0.15009831567151233	-0.36302848441482055	0.8455	0.3689	-0.1331
1459.0	-12.049623	-1.9796580000000001	0.6180300000000001	0.4939281783143953	0.3839724354387525	-0.22514747350726852	0.8447	0.3694	-0.1316
1460.0	-12.491073000000002	-2.067948	0.714168	0.5550147021341968	0.3385938748868999	-0.12566370614359174	0.8433	0.369	-0.1325
1461.0	-12.960972	-2.037537	0.891729	0.6876597252857658	0.2565634000431664	0.029670597283903602	0.7753	0.3382	-0.1314
1462.0	-13.361220000000001	-1.9109880000000001	1.2399840000000002	0.7278022980816354	0.10297442586766545	0.16755160819145562	0.7084	0.2827	-0.1264
1463.0	-13.630995	-1.673586	1.6627950000000002	0.6859143960337715	0.022689280275926284	0.34732052114687156	0.6251	0.2383	-0.1241
1464.0	-13.687893	-1.309635	2.2268700000000003	0.6230825429619757	-0.010471975511965976	0.48171087355043496	0.5363	0.1796	-0.1456
1465.0	-13.537799999999999	-0.8622990000000001	2.80566	0.4991641660703783	0.003490658503988659	0.5672320068981571	0.5384	0.1774	-0.1492
1466.0	-13.199355	-0.37866600000000006	3.4148610000000006	0.34033920413889424	0.04014257279586958	0.6108652381980153	0.6239	0.2038	-0.1625
1467.0	-12.785373	0.11772	4.172193	0.2129301687433082	0.19198621771937624	0.6963863715457375	0.6866	0.2305	-0.1662
1468.0	-12.496959	0.6533460000000001	5.051169000000001	0.1361356816555577	0.2844886680750757	0.8203047484373349	0.689	0.2267	-0.1686
1469.0	-12.253671000000002	1.083024	5.842836	0.05585053606381855	0.17278759594743864	0.8848819307611251	0.6898	0.2206	-0.1716
1470.0	-11.976048000000002	1.312578	6.409854	-0.038397243543875255	0.10471975511965978	0.9128071987930343	0.6876	0.2086	-0.173
1471.0	-11.618964	1.377324	6.743394	-0.143116998663535	0.08028514559173916	0.9389871375729493	0.7585	0.2301	-0.1778
1472.0	-11.279538	1.344951	6.8150070000000005	-0.2775073510670984	-0.008726646259971648	0.9407324668249436	0.8248	0.2744	-0.1864
1473.0	-11.038212	1.310616	6.693363000000001	-0.38048177693476387	-0.029670597283903602	0.8482300164692442	0.912	0.3091	-0.1946
1474.0	-10.947960000000002	1.307673	6.361785	-0.45029494701453704	-0.03665191429188092	0.6632251157578453	0.9961	0.3576	-0.1787
1475.0	-10.993086000000002	1.3194450000000002	5.9841	-0.4921828490624009	-0.054105206811824215	0.3944444109507185	0.9541	0.3248	-0.1732
1476.0	-11.148084	1.350837	5.620149	-0.5131268000863328	-0.11868238913561441	0.041887902047863905	0.9572	0.3163	-0.1747
1477.0	-11.218716	1.333179	5.180661000000001	-0.5078908123303499	-0.08726646259971647	-0.28623399732707	0.9581	0.323	-0.1752
1478.0	-10.992105	1.187991	4.665636	-0.5078908123303499	-0.07504915783575616	-0.4642575810304917	0.9608	0.3183	-0.1777
1479.0	-10.604610000000001	0.9780570000000001	4.172193	-0.4991641660703783	-0.07330382858376185	-0.5427973973702365	0.9665	0.3133	-0.1803
1480.0	-10.073889	0.760275	3.7160280000000006	-0.4590215932745087	-0.06632251157578452	-0.5462880558742251	0.9326	0.2818	-0.1797
1481.0	-9.495099	0.555246	3.333438	-0.4363323129985824	-0.054105206811824215	-0.5218534463463045	0.9164	0.2762	-0.1819
1482.0	-8.875107	0.358065	3.014613	-0.3909537524467298	-0.041887902047863905	-0.4677482395344803	0.9211	0.2793	-0.1847
1483.0	-8.206065	0.114777	2.7428760000000003	-0.34033920413889424	-0.038397243543875255	-0.43458698374658805	0.9231	0.2789	-0.1864
1484.0	-7.510536	-0.16677000000000003	2.5496190000000003	-0.26354471705114374	-0.019198621771937627	-0.4188790204786391	0.9339	0.28	-0.1878
1485.0	-6.855228	-0.455184	2.427975	-0.17453292519943295	-0.05235987755982989	-0.4241150082346221	0.9576	0.2858	-0.1886
1486.0	-6.238179000000001	-0.737712	2.348514	-0.04537856055185257	-0.09773843811168245	-0.44505895925855404	0.918	0.247	-0.1799
1487.0	-5.734926000000001	-0.981981	2.28573	0.06283185307179587	-0.13439035240356337	-0.4677482395344803	0.8688	0.1933	-0.1761
1488.0	-5.402367	-1.189953	2.248452	0.1710422666954443	-0.19024088846738194	-0.4834562028024293	0.8363	0.1491	-0.1716
1489.0	-5.186547	-1.3783050000000001	2.201364	0.2879793265790644	-0.15009831567151233	-0.48171087355043496	0.7926	0.1257	-0.1738
1490.0	-5.073732000000001	-1.5519420000000002	2.136618	0.38048177693476387	-0.11693705988362008	-0.4904375198104066	0.8343	0.1634	-0.1805
1491.0	-5.034492	-1.703016	2.059119	0.4852015320544236	-0.003490658503988659	-0.4677482395344803	0.8523	0.1709	-0.1841
1492.0	-5.065884	-1.820736	1.9472850000000002	0.5742133239061344	0.07330382858376185	-0.4485496177625427	0.8542	0.1754	-0.189
1493.0	-5.174775	-1.9080450000000002	1.825641	0.6318091892219474	0.16580627893946132	-0.41364303272265607	0.8527	0.1805	-0.1937
1494.0	-5.364108	-1.9247220000000003	1.650042	0.6614797865058508	0.2775073510670984	-0.3595378259108319	0.8481	0.1876	-0.1984
1495.0	-5.623092000000001	-1.83447	1.460709	0.6265732014659643	0.3700098014227979	-0.29670597283903605	0.8387	0.2047	-0.2066
1496.0	-5.953689000000001	-1.6333650000000002	1.247832	0.5794493116621174	0.4904375198104066	-0.22514747350726852	0.8791	0.2517	-0.2203
1497.0	-6.3598230000000004	-1.354761	0.9810000000000001	0.5218534463463045	0.57246799465414	-0.1413716694115407	0.8851	0.2877	-0.2319
1498.0	-6.85719	-0.998658	0.6867000000000001	0.4799655442984406	0.6003932626860493	-0.06806784082777885	0.838	0.2912	-0.2334
1499.0	-7.431075	-0.592524	0.424773	0.4276056667386107	0.5881759579220891	-0.017453292519943295	0.8609	0.3092	-0.2346
1500.0	-7.981416	-0.208953	0.24721200000000002	0.38571776469074687	0.4590215932745087	0.015707963267948967	0.8642	0.3085	-0.2356
1501.0	-8.489574	0.0981	0.110853	0.3490658503988659	0.20245819323134223	0.03665191429188092	0.8634	0.3068	-0.2348
1502.0	-8.933967	0.329616	0.045126	0.3159045946109737	0.1117010721276371	0.06981317007977318	0.8633	0.3083	-0.2348
1503.0	-9.306747	0.487557	0.091233	0.24434609527920614	0.14486232791552936	0.07853981633974483	0.8348	0.2905	-0.2162
1504.0	-9.608895	0.531702	0.212877	0.1832595714594046	0.16580627893946132	0.08552113334772216	0.8258	0.2819	-0.2164
1505.0	-9.863955	0.5042340000000001	0.41888700000000006	0.08028514559173916	0.19198621771937624	0.0715584993317675	0.8404	0.2834	-0.2184
1506.0	-10.039554	0.46891800000000006	0.6504030000000001	-0.005235987755982988	0.2879793265790644	0.0890117918517108	0.8408	0.2829	-0.219
1507.0	-10.156293000000002	0.442431	0.84366	-0.11693705988362008	0.2844886680750757	0.15358897417550102	0.8888	0.2978	-0.2178
1508.0	-10.244583	0.39926700000000004	0.9888480000000001	-0.21467549799530256	0.29496064358704166	0.2007128639793479	0.9703	0.3429	-0.2255
1509.0	-10.362303	0.38749500000000003	1.032993	-0.3508111796508603	0.23736477827122882	0.2007128639793479	0.9708	0.3572	-0.2097
1510.0	-10.555560000000002	0.438507	0.9456840000000001	-0.4415683007545654	0.20420352248333654	0.13439035240356337	0.9692	0.3614	-0.2097
1511.0	-10.904796	0.5483790000000001	0.958437	-0.3909537524467298	0.32986722862692824	0.010471975511965976	0.9718	0.3666	-0.2104
1512.0	-11.49732	0.693567	1.115397	-0.2932153143350474	0.5515240436302081	-0.20245819323134223	0.9721	0.3673	-0.2076
1513.0	-12.166362	0.8564130000000001	1.2880530000000001	-0.4241150082346221	0.317649923862968	-0.4380776422505767	0.9996	0.3864	-0.2237
1514.0	-12.776544000000001	0.998658	1.5117209999999999	-0.5480333851262195	0.1832595714594046	-0.6719517620178169	1.0113	0.3962	-0.2198
1515.0	-13.218975	1.0172970000000001	1.735389	-0.49567350756638956	0.1710422666954443	-0.8848819307611251	1.0269	0.4096	-0.2185
1516.0	-13.507389000000002	0.8132490000000001	2.0944350000000003	-0.4572762640225143	0.07330382858376185	-1.0524335389525807	1.0042	0.3887	-0.2129
1517.0	-13.591755000000001	0.488538	2.6055360000000003	-0.36302848441482055	0.017453292519943295	-1.069886831472524	0.9981	0.3916	-0.2099
1518.0	-13.400460000000002	0.115758	3.183345	-0.08726646259971647	-0.031415926535897934	-0.9913470151327791	0.9934	0.3993	-0.2067
1519.0	-13.034547	-0.32373	3.8347290000000003	0.1413716694115407	-0.026179938779914945	-0.8587019919812102	1.0077	0.4062	-0.2215
1520.0	-12.654900000000001	-0.828945	4.599909	0.34033920413889424	0.017453292519943295	-0.8255407361933178	0.9288	0.3742	-0.1973
1521.0	-12.286044	-1.227231	5.212053	0.4014257279586958	0.11344640137963143	-0.8482300164692442	0.9195	0.3819	-0.1956
1522.0	-11.826936	-1.4970060000000003	5.609358	0.460766922526503	0.14486232791552936	-0.8237954069413236	0.9082	0.3902	-0.1959
1523.0	-11.39922	-1.640232	5.8997340000000005	0.4991641660703783	0.05759586531581287	-0.8325220532012952	0.9021	0.3988	-0.1964
1524.0	-11.084318999999999	-1.6264980000000002	6.065523	0.5480333851262195	-0.024434609527920613	-0.8447393579652555	0.8044	0.3671	-0.1864
1525.0	-10.878309	-1.4656140000000002	6.146946000000001	0.5899212871740833	-0.10297442586766545	-0.8866272600131193	0.7914	0.38	-0.1859
1526.0	-10.739988	-1.161504	6.076314	0.6056292504420324	-0.2583087292951608	-0.9232791743050003	0.7838	0.4282	-0.1811
1527.0	-10.718406	-0.827964	5.930145	0.6056292504420324	-0.29496064358704166	-0.8656833089891874	0.7773	0.437	-0.1851
1528.0	-10.82043	-0.511101	5.724135	0.5567600313861911	-0.2722713633111154	-0.6981317007977318	0.7683	0.4444	-0.1889
1529.0	-10.890081000000002	-0.199143	5.483790000000001	0.5026548245743669	-0.21467549799530256	-0.39968039870670147	0.7586	0.4533	-0.1926
1530.0	-10.810620000000002	0.155979	5.168889000000001	0.43982297150257105	-0.13788101090755203	0.010471975511965976	0.8231	0.497	-0.2193
1531.0	-10.478061	0.44145	4.8422160000000005	0.3700098014227979	-0.05061454830783556	0.32986722862692824	0.7244	0.4343	-0.2109
1532.0	-9.984618000000001	0.641574	4.523391	0.30019663134302466	0.048869219055841226	0.5323254218582705	0.6342	0.3645	-0.1975
1533.0	-9.366588	0.717111	4.180041	0.24609142453120045	0.1466076571675237	0.6387905062299246	0.6275	0.3641	-0.2009
1534.0	-8.739729	0.7082820000000001	3.862197	0.1710422666954443	0.12391837689159739	0.609119908946021	0.71	0.3987	-0.2154
1535.0	-8.165844	0.702396	3.5629920000000004	0.0942477796076938	0.14486232791552936	0.5358160803622591	0.7092	0.3921	-0.2212
1536.0	-7.650819000000001	0.738693	3.278502	0.012217304763960306	0.158824961931484	0.43982297150257105	0.6977	0.3774	-0.2195
1537.0	-7.181901	0.826002	3.0097080000000003	-0.07504915783575616	0.09948376736367678	0.3769911184307752	0.6923	0.3714	-0.2201
1538.0	-6.753204	0.950589	2.8066410000000004	-0.21467549799530256	0.06981317007977318	0.3385938748868999	0.5877	0.2981	-0.2169
1539.0	-6.391215	1.115397	2.651643	-0.33510321638291124	-0.008726646259971648	0.33161255787892263	0.5083	0.2269	-0.1992
1540.0	-6.116535000000001	1.262547	2.518227	-0.49567350756638956	-0.10297442586766545	0.35779249665883756	0.4317	0.1581	-0.1967
1541.0	-5.961537000000001	1.3910580000000001	2.416203	-0.6335545184739416	-0.19373154697137057	0.39793506945470714	0.5228	0.2223	-0.2098
1542.0	-5.878152	1.4921010000000001	2.314179	-0.7504915783575618	-0.21991148575128552	0.41713369122664473	0.6074	0.2921	-0.2256
1543.0	-5.850684000000001	1.617669	2.221965	-0.8569566627292158	-0.23911010752322315	0.4363323129985824	0.5232	0.234	-0.208
1544.0	-5.805558	1.7520660000000001	2.107188	-0.8901179185171081	-0.2007128639793479	0.4328416544945937	0.5227	0.2377	-0.2062
1545.0	-5.786919	1.83447	1.978677	-0.9564404300928926	-0.1308996938995747	0.4293509959906051	0.5199	0.2369	-0.2031
1546.0	-5.82714	1.871748	1.8570330000000002	-1.0035643198967394	-0.10471975511965978	0.4363323129985824	0.5443	0.2347	-0.2144
1547.0	-5.9634990000000005	1.85409	1.7245980000000003	-1.0681415022205298	-0.05759586531581287	0.46949356878647464	0.5434	0.2342	-0.2119
1548.0	-6.2146349999999995	1.7628570000000001	1.565676	-1.165879940332212	0.003490658503988659	0.5061454830783556	0.6437	0.3013	-0.2125
1549.0	-6.558966	1.5960870000000003	1.3861530000000002	-1.2444197566719568	0.04537856055185257	0.5288347633542818	0.7238	0.3589	-0.2248
1550.0	-6.940575000000001	1.399887	1.190934	-1.3753194505715316	0.16580627893946132	0.5113814708343386	0.7996	0.4228	-0.2222
1551.0	-7.28883	1.1978010000000001	0.9702090000000001	-1.4695672301792255	0.30543261909900765	0.4625122517784973	0.7764	0.4184	-0.2017
1552.0	-7.569396	0.992772	0.7514460000000001	-1.509709802975095	0.4258603374866164	0.40491638646268446	0.7386	0.4108	-0.1745
1553.0	-7.814646	0.783819	0.530721	-1.5236724369910497	0.5061454830783556	0.3543018381548489	0.7905	0.426	-0.19
1554.0	-8.058915	0.5493600000000001	0.332559	-1.4957471689591404	0.6003932626860493	0.31066860685499065	0.757	0.3942	-0.1799
1555.0	-8.308089	0.329616	0.174618	-1.4259339988793673	0.7103490055616922	0.28099800957108706	0.7223	0.3678	-0.1757
1556.0	-8.592579	0.093195	0.061803000000000004	-1.293288975727798	0.6998770300497261	0.24434609527920614	0.691	0.3396	-0.173
1557.0	-8.873145000000001	-0.13439700000000002	0.000981	-1.1623892818282233	0.5637413483941683	0.2234021442552742	0.6726	0.3363	-0.1593
1558.0	-9.147825000000001	-0.364932	-0.012753	-1.0227629416686772	0.45553093477052004	0.21642082724729686	0.671	0.3379	-0.1519
1559.0	-9.433296	-0.5974290000000001	0.032373	-0.8272860654453121	0.4223696789826277	0.17278759594743864	0.638	0.3269	-0.135
1560.0	-9.734463	-0.844641	0.102024	-0.5445427266222308	0.2897246558310587	0.12217304763960307	0.6365	0.3265	-0.1284
1561.0	-10.100376	-1.166409	0.184428	-0.23736477827122882	0.10297442586766545	0.0942477796076938	0.6573	0.3302	-0.137
1562.0	-10.56537	-1.55979	0.249174	0.03316125578789226	0.024434609527920613	0.05235987755982989	0.6918	0.3395	-0.1546
1563.0	-11.092167000000002	-1.9767150000000002	0.277623	0.23911010752322315	0.019198621771937627	0.03316125578789226	0.7205	0.383	-0.1458
1564.0	-11.640546000000002	-2.314179	0.334521	0.39793506945470714	0.04363323129985824	0.06806784082777885	0.7185	0.4082	-0.1357
1565.0	-12.1644	-2.548638	0.45027900000000004	0.47647488579445196	0.061086523819801536	0.12217304763960307	0.7302	0.4376	-0.1273
1566.0	-12.650976000000002	-2.606517	0.6092010000000001	0.598647933434055	0.022689280275926284	0.13962634015954636	0.7316	0.455	-0.1134
1567.0	-13.100274	-2.514303	0.9339120000000001	0.7347836150896128	-0.031415926535897934	0.1710422666954443	0.709	0.4383	-0.1091
1568.0	-13.463244000000001	-2.341647	1.3223880000000001	0.7923794804054256	-0.15707963267948966	0.19722220547535926	0.707	0.4367	-0.1117
1569.0	-13.658463000000001	-2.024784	1.7000730000000002	0.7173303225696694	-0.006981317007977318	0.23911010752322315	0.7323	0.4554	-0.1257
1570.0	-13.689855	-1.645137	2.199402	0.6928957130417489	0.0942477796076938	0.34732052114687156	0.6872	0.4273	-0.1274
1571.0	-13.509351	-1.164447	2.7350280000000002	0.5480333851262195	0.26354471705114374	0.3839724354387525	0.6216	0.382	-0.1255
1572.0	-13.158153	-0.553284	3.2225850000000005	0.3455751918948773	0.4677482395344803	0.4328416544945937	0.563	0.3276	-0.1107
1573.0	-12.749076000000002	0.15696000000000002	3.828843	0.16929693744344995	0.6370451769779303	0.4991641660703783	0.5501	0.3295	-0.1117
1574.0	-12.295854000000002	0.8554320000000001	4.406652	-0.041887902047863905	0.7400196028455958	0.5934119456780721	0.5336	0.3067	-0.1235
1575.0	-11.840670000000001	1.439127	4.942278000000001	-0.23736477827122882	0.6021385919380436	0.7190756518216638	0.5421	0.3149	-0.1259
1576.0	-11.388429	1.816812	5.361165	-0.3787364476827695	0.34732052114687156	0.8203047484373349	0.5685	0.3247	-0.1343
1577.0	-10.960713	1.9875060000000002	5.554422000000001	-0.49567350756638956	0.16057029118347832	0.8831366015091308	0.6055	0.3429	-0.1446
1578.0	-10.601667	2.043423	5.6329020000000005	-0.5253441048502933	-0.029670597283903602	0.9145525280450286	0.512	0.2782	-0.137
1579.0	-10.358379000000001	1.9404180000000002	5.673123	-0.5550147021341968	-0.12740903539558607	0.9040805525330626	0.4287	0.2014	-0.1167
1580.0	-10.212209999999999	1.8011160000000002	5.60151	-0.5375614096142535	-0.16231562043547265	0.8569566627292158	0.4653	0.2347	-0.1126
1581.0	-10.179837000000001	1.630422	5.476923	-0.5044001538263612	-0.17627825445142728	0.7627088831215221	0.5282	0.2803	-0.1136
1582.0	-10.218096000000001	1.417545	5.399424000000001	-0.4677482395344803	-0.1291543646475804	0.6283185307179586	0.5875	0.3282	-0.1273
1583.0	-10.225944	1.1222640000000002	5.192433	-0.40840704496667307	-0.05061454830783556	0.43982297150257105	0.599	0.3234	-0.125
1584.0	-10.220058000000002	0.761256	4.956012	-0.33335788713091696	0.022689280275926284	0.22863813201125716	0.6328	0.3433	-0.1214
1585.0	-10.175913000000001	0.40515300000000004	4.667598	-0.26703537555513246	0.09075712110370514	0.029670597283903602	0.5863	0.2936	-0.1164
1586.0	-10.075851	0.10300500000000001	4.406652	-0.22863813201125716	0.12566370614359174	-0.16231562043547265	0.5069	0.2504	-0.1025
1587.0	-9.895347	-0.110853	4.156497000000001	-0.1832595714594046	0.15358897417550102	-0.23212879051524585	0.4468	0.2071	-0.0942
1588.0	-9.620667000000001	-0.237402	3.9338100000000003	-0.1361356816555577	0.143116998663535	-0.3385938748868999	0.4755	0.2371	-0.0923
1589.0	-9.289089	-0.29724300000000003	3.715047	-0.08726646259971647	0.12217304763960307	-0.3769911184307752	0.5602	0.3094	-0.107
1590.0	-8.934948	-0.33844500000000005	3.505113	-0.031415926535897934	0.11693705988362008	-0.40840704496667307	0.5654	0.3055	-0.1061
1591.0	-8.58375	-0.380628	3.3197039999999998	-0.0	0.1117010721276371	-0.40840704496667307	0.4927	0.272	-0.0976
1592.0	-8.227647000000001	-0.46008899999999997	3.150972	0.03316125578789226	0.08203047484373349	-0.41538836197465046	0.4414	0.2169	-0.0959
1593.0	-7.8676200000000005	-0.554265	3.0244230000000005	0.10471975511965978	0.048869219055841226	-0.3961897402027128	0.382	0.1714	-0.0866
1594.0	-7.509555	-0.648441	2.92338	0.16929693744344995	0.048869219055841226	-0.39269908169872414	0.3974	0.1819	-0.0856
1595.0	-7.186806000000001	-0.746541	2.822337	0.2583087292951608	-0.006981317007977318	-0.40840704496667307	0.4571	0.2193	-0.0875
1596.0	-6.90624	-0.8299259999999999	2.723256	0.34033920413889424	-0.05759586531581287	-0.41364303272265607	0.5344	0.2628	-0.0934
1597.0	-6.681591000000001	-0.940779	2.621232	0.4328416544945937	-0.08726646259971647	-0.4188790204786391	0.5178	0.2429	-0.082
1598.0	-6.511877999999999	-1.062423	2.5054740000000004	0.5044001538263612	-0.0471238898038469	-0.3961897402027128	0.5382	0.2322	-0.0815
1599.0	-6.391215	-1.1978010000000001	2.381868	0.5480333851262195	-0.04014257279586958	-0.38222710618675815	0.4677	0.1893	-0.0632
1600.0	-6.342165	-1.3371030000000002	2.229813	0.6126105674500097	-0.017453292519943295	-0.40491638646268446	0.4516	0.1692	-0.0599
1601.0000000000002	-6.379443	-1.4479560000000002	2.07972	0.6702064327658225	0.04014257279586958	-0.3961897402027128	0.4872	0.1794	-0.061
1602.0	-6.459885	-1.506816	1.9237410000000001	0.7051130178057091	0.04537856055185257	-0.32637657012293964	0.5346	0.2414	-0.0556
1603.0	-6.610959000000001	-1.503873	1.7344080000000002	0.7086036763096978	0.09948376736367678	-0.26703537555513246	0.5908	0.2907	-0.0595
1604.0	-6.813045000000001	-1.4489370000000001	1.506816	0.7138396640656808	0.1884955592153876	-0.19896753472735357	0.5199	0.2232	-0.0592
1605.0	-7.039656000000001	-1.3371030000000002	1.247832	0.7243116395776468	0.2792526803190927	-0.12042771838760874	0.4407	0.1611	-0.0448
1605.9999999999998	-7.2956970000000005	-1.192896	0.967266	0.7435102613495844	0.3717551306747922	-0.061086523819801536	0.4008	0.1311	-0.0424
1607.0	-7.549776	-0.973152	0.7102440000000001	0.7173303225696694	0.4258603374866164	0.0017453292519943296	0.4646	0.19	-0.0548
1607.9999999999998	-7.778349000000001	-0.726921	0.479709	0.7051130178057091	0.3420845333908886	0.04537856055185257	0.4312	0.2063	-0.0321
1609.0	-7.993188	-0.46597500000000003	0.26487	0.6876597252857658	0.26703537555513246	0.10995574287564276	0.4351	0.2017	-0.0241
1610.0000000000002	-8.222742	-0.218763	0.10398600000000001	0.6876597252857658	0.1308996938995747	0.17453292519943295	0.3835	0.1871	-0.0153
1611.0	-8.482707000000001	-0.016677	0.044145	0.7016223593017206	-0.015707963267948967	0.21991148575128552	0.4012	0.1955	-0.0179
1612.0	-8.775045	0.12753	0.089271	0.6824237375297829	-0.21118483949131386	0.24434609527920614	0.3947	0.1971	-0.0156
1613.0	-9.019314	0.21680100000000002	0.231516	0.5934119456780721	-0.32986722862692824	0.2565634000431664	0.3914	0.1949	-0.0175
1614.0	-9.191970000000001	0.301167	0.46008899999999997	0.4520402762665313	-0.26005405854715513	0.2722713633111154	0.4605	0.2591	-0.013
1614.9999999999998	-9.262602000000001	0.39926700000000004	0.746541	0.33161255787892263	-0.07330382858376185	0.26005405854715513	0.5381	0.3187	-0.0275
1616.0	-9.261621000000002	0.516987	1.035936	0.2303834612632515	0.07330382858376185	0.2426007660272118	0.4915	0.3008	-0.0237
1617.0000000000002	-9.254754	0.639612	1.262547	0.0471238898038469	0.12042771838760874	0.19896753472735357	0.5038	0.3031	-0.0248
1618.0	-9.289089	0.826002	1.374381	-0.16755160819145562	0.16406094968746698	0.12566370614359174	0.5817	0.3291	-0.0483
1619.0000000000002	-9.400923	1.0231830000000002	1.375362	-0.291469985083053	0.2181661564992912	0.026179938779914945	0.6181	0.3516	-0.0728
1620.0	-9.579465	1.1978010000000001	1.258623	-0.30019663134302466	0.3159045946109737	-0.11344640137963143	0.6245	0.3504	-0.0936
1621.0	-9.857088	1.318464	1.0879290000000001	-0.19896753472735357	0.46949356878647464	-0.27576202181510406	0.5938	0.3337	-0.1025
1622.0	-10.273031999999999	1.3910580000000001	0.9898290000000001	-0.17627825445142728	0.4380776422505767	-0.44505895925855404	0.585	0.2902	-0.1038
1623.0	-10.842012	1.41264	0.998658	-0.1832595714594046	0.1710422666954443	-0.609119908946021	0.5789	0.2713	-0.1013
1623.9999999999998	-11.488491000000002	1.3910580000000001	1.111473	-0.26529004630313807	-0.003490658503988659	-0.7295476273336297	0.5829	0.2662	-0.1062
1625.0	-12.127122	1.315521	1.2988439999999999	-0.32288591161895097	-0.04014257279586958	-0.8587019919812102	0.5767	0.2685	-0.1045
1626.0000000000002	-12.70395	1.146789	1.5794100000000002	-0.3193952531149623	0.11868238913561441	-0.9878563566287906	0.665	0.3134	-0.1121
1627.0	-13.197393	0.906444	1.9727910000000002	-0.31066860685499065	0.25132741228718347	-1.08035880698449	0.6667	0.3092	-0.1126
1628.0	-13.512294	0.579771	2.4083550000000002	-0.16929693744344995	0.36826447217080355	-1.1082840750163994	0.6666	0.3092	-0.1132
1629.0	-13.626090000000001	0.14028300000000002	2.9155320000000002	-0.061086523819801536	0.40491638646268446	-1.1047934165124105	0.6919	0.34	-0.1121
1630.0	-13.549572000000001	-0.361008	3.562011	0.17976891295541594	0.3490658503988659	-1.085594794740473	0.7501	0.3728	-0.103
1630.9999999999998	-13.237614	-0.7759710000000001	4.186908000000001	0.3612831551628262	0.2792526803190927	-1.0349802464326374	0.7975	0.4057	-0.0943
1632.0	-12.719646000000001	-1.045746	4.6538640000000004	0.5096361415823443	0.32114058236695664	-0.9861110273767962	0.8117	0.4465	-0.098
1632.9999999999998	-12.096711	-1.181124	4.965822	0.6335545184739416	0.26354471705114374	-0.9861110273767962	0.8199	0.4691	-0.101
1634.0	-11.513997	-1.2546990000000002	5.137497000000001	0.7243116395776468	0.21991148575128552	-0.9965830028887622	0.7532	0.4235	-0.09
1635.0000000000002	-11.063718	-1.278243	5.205186	0.7278022980816354	0.158824961931484	-0.9704030641088472	0.6727	0.3459	-0.076
1636.0	-10.708596	-1.1801430000000002	5.154174	0.7295476273336297	0.08726646259971647	-0.9180431865490174	0.599	0.2912	-0.0751
1637.0	-10.401543	-0.991791	5.027625	0.7068583470577035	0.13264502315156904	-0.8552113334772214	0.5463	0.2465	-0.0749
1638.0	-10.182780000000001	-0.736731	4.946202	0.6283185307179586	0.143116998663535	-0.788888821901437	0.5288	0.2378	-0.0737
1639.0	-10.024839	-0.33354000000000006	4.886361	0.4834562028024293	0.1884955592153876	-0.7033676885537148	0.5154	0.2409	-0.0733
1639.9999999999998	-9.884556000000002	0.190314	4.755888000000001	0.30019663134302466	0.26529004630313807	-0.5567600313861911	0.4826	0.2119	-0.0674
1641.0	-9.774684	0.707301	4.563612	0.08552113334772216	0.29496064358704166	-0.3595378259108319	0.4789	0.2125	-0.0707
1642.0000000000002	-9.687375000000001	1.151694	4.354659000000001	-0.15358897417550102	0.32114058236695664	-0.1117010721276371	0.474	0.2161	-0.073
1643.0	-9.575541	1.521531	4.117257	-0.41015237421866746	0.32288591161895097	0.14486232791552936	0.4725	0.221	-0.0739
1644.0000000000002	-9.371493000000001	1.819755	3.871026	-0.619591884457987	0.312413936106985	0.36826447217080355	0.5336	0.2774	-0.0855
1645.0	-9.101718	2.03067	3.642453	-0.7539822368615504	0.27052603405912107	0.5096361415823443	0.6155	0.3606	-0.1015
1646.0	-8.801532	2.140542	3.461949	-0.8691739674931761	0.20420352248333654	0.6003932626860493	0.6838	0.4229	-0.1042
1647.0	-8.507232	2.1582000000000003	3.300084	-0.9581857593448869	0.15009831567151233	0.6370451769779303	0.6506	0.4164	-0.1043
1648.0	-8.243343000000001	2.096397	3.145086	-1.0245082709206714	0.06632251157578452	0.6492624817418906	0.5767	0.3647	-0.0985
1648.9999999999998	-7.997112	1.9698480000000003	3.013632	-1.1030480872604163	-0.04537856055185257	0.619591884457987	0.5024	0.2882	-0.1252
1650.0	-7.771482000000001	1.825641	2.89395	-1.1397000015522971	-0.14486232791552936	0.5934119456780721	0.4514	0.255	-0.1286
1651.0000000000002	-7.571358000000001	1.681434	2.813508	-1.2147491593880533	-0.19198621771937624	0.5061454830783556	0.3646	0.1936	-0.118
1652.0	-7.388892	1.5588090000000001	2.7634770000000004	-1.3089969389957472	-0.2932153143350474	0.4363323129985824	0.2836	0.1253	-0.1135
1653.0	-7.243704	1.445994	2.7369900000000005	-1.4049900478554354	-0.33510321638291124	0.36477381366681483	0.2135	0.0654	-0.0902
1654.0	-7.139718	1.3655519999999999	2.726199	-1.4905111812031575	-0.2897246558310587	0.312413936106985	0.1171	0.0272	-0.0818
1655.0	-7.079877000000001	1.31454	2.716389	-1.5393804002589988	-0.2827433388230814	0.3036872898470133	0.0297	-0.036	-0.08
1655.9999999999998	-7.067124000000001	1.2546990000000002	2.694807	-1.5638150097869192	-0.30543261909900765	0.3193952531149623	-0.0481	-0.1015	-0.0714
1657.0	-7.11225	1.183086	2.6781300000000003	-1.5742869852988852	-0.34033920413889424	0.38746309394274114	-0.0589	-0.0972	-0.0494
1657.9999999999998	-7.245666000000001	1.0987200000000001	2.665377	-1.5690509975429023	-0.3508111796508603	0.4590215932745087	-0.0544	-0.0903	-0.0438
1659.0	-7.504650000000001	1.01043	2.625156	-1.5707963267948966	-0.30717794835100204	0.5707226654021458	0.0371	-0.021	-0.0164
1660.0000000000002	-7.891164000000001	0.891729	2.5751250000000003	-1.556833692778942	-0.2181661564992912	0.6614797865058508	0.0409	-0.0247	-0.0096
1661.0	-8.313975000000001	0.736731	2.493702	-1.4957471689591404	-0.18151424220741028	0.6527531402458793	0.0401	-0.0314	-0.0094
1662.0	-8.717166	0.530721	2.3740200000000002	-1.413716694115407	-0.17453292519943295	0.5567600313861911	0.0378	-0.0381	-0.0239
1663.0	-9.055611	0.29233800000000004	2.240604	-1.3264502315156905	-0.10821041362364843	0.39793506945470714	0.0196	-0.0542	-0.0504
1664.0	-9.346968	0.013734000000000001	2.067948	-1.2479104151759457	-0.024434609527920613	0.23911010752322315	0.0205	-0.0878	-0.0606
1664.9999999999998	-9.580446	-0.26879400000000003	1.918836	-1.171115928088195	0.0	0.08028514559173916	0.0113	-0.0955	-0.0581
1666.0	-9.783513000000001	-0.5189490000000001	1.7667810000000002	-1.1344640137963142	-0.012217304763960306	-0.041887902047863905	-0.0109	-0.106	-0.0692
1667.0000000000002	-9.946359000000001	-0.704358	1.607859	-1.1047934165124105	-0.0017453292519943296	-0.10821041362364843	-0.0137	-0.1099	-0.0705
1668.0	-10.045440000000001	-0.827964	1.459728	-1.101302758008422	-0.005235987755982988	-0.13788101090755203	-0.0337	-0.1227	-0.0705
1669.0000000000002	-10.038573000000001	-0.9191970000000002	1.327293	-1.1205013797803596	-0.029670597283903602	-0.13264502315156904	-0.0356	-0.1245	-0.0651
1670.0	-9.901233000000001	-0.968247	1.2095730000000002	-1.1397000015522971	-0.05061454830783556	-0.10821041362364843	-0.0	-0.1115	-0.0614
1671.0	-9.698166	-0.9702090000000001	1.125207	-1.1571532940722404	-0.041887902047863905	-0.0890117918517108	0.0192	-0.0962	-0.0517
1672.0	-9.47646	-0.9319500000000001	1.0732140000000001	-1.1885692206081384	-0.013962634015954637	-0.07679448708775051	0.1098	-0.0294	-0.0322
1673.0	-9.259659000000001	-0.875052	1.0320120000000002	-1.2042771838760873	0.031415926535897934	-0.041887902047863905	0.203	0.0368	-0.0192
1673.9999999999998	-9.066402	-0.796572	1.012392	-1.2252211349000195	0.15707963267948966	0.003490658503988659	0.2389	0.0768	0.001
1675.0	-8.898651000000001	-0.726921	0.958437	-1.1990411961201044	0.24783675378319478	0.03316125578789226	0.3374	0.1492	0.0095
1676.0000000000002	-8.763273	-0.6523650000000001	0.9339120000000001	-1.1466813185602747	0.291469985083053	0.08203047484373349	0.4424	0.2174	0.0221
1677.0	-8.663211	-0.602334	0.917235	-1.0367255756846316	0.2827433388230814	0.13962634015954636	0.4992	0.2647	0.0171
1678.0	-8.597484	-0.57879	0.8985960000000001	-0.9302604913129776	0.30543261909900765	0.1832595714594046	0.6053	0.3318	0.0142
1679.0	-8.569035000000001	-0.566037	0.8799570000000001	-0.8115781021773633	0.2932153143350474	0.21467549799530256	0.6092	0.3299	0.0218
1680.0	-8.610237000000001	-0.571923	0.8721090000000001	-0.7051130178057091	0.2775073510670984	0.2129301687433082	0.6149	0.3412	0.0352
1680.9999999999998	-8.719128000000001	-0.577809	0.845622	-0.598647933434055	0.27052603405912107	0.20245819323134223	0.6837	0.3776	0.0252
1682.0	-8.860392000000001	-0.5640750000000001	0.783819	-0.5340707511102649	0.2530727415391778	0.17627825445142728	0.6861	0.3746	0.0294
1682.9999999999998	-9.01539	-0.51993	0.660213	-0.5358160803622591	0.27401669256310973	0.16057029118347832	0.6638	0.3698	0.0382
1684.0	-9.169407	-0.44439300000000004	0.50031	-0.609119908946021	0.30543261909900765	0.12740903539558607	0.6607	0.3296	0.0536
1685.0000000000002	-9.351873000000001	-0.30411	0.391419	-0.6981317007977318	0.3159045946109737	0.12042771838760874	0.6104	0.2684	0.0575
1686.0	-9.58437	-0.169713	0.394362	-0.8045967851693859	0.27576202181510406	0.16057029118347832	0.543	0.194	0.0563
1687.0	-9.877689	-0.061803000000000004	0.502272	-0.8150687606813519	0.06632251157578452	0.24434609527920614	0.5198	0.1431	0.0543
1688.0	-10.219077	0.013734000000000001	0.7200540000000001	-0.7138396640656808	-0.12391837689159739	0.3700098014227979	0.4606	0.0818	0.0904
1689.0	-10.572237000000001	0.04022100000000001	1.0408410000000001	-0.598647933434055	-0.2844886680750757	0.5497787143782138	0.4031	0.0276	0.0913
1689.9999999999998	-10.922454	-0.055917	1.428336	-0.5707226654021458	-0.2426007660272118	0.7766715171374766	0.3765	0.0167	0.0876
1691.0	-11.273652	-0.267813	1.9237410000000001	-0.5602506898901798	-0.13962634015954636	0.9983283321407566	0.3056	-0.025	0.0917
1692.0000000000002	-11.627793	-0.571923	2.46231	-0.5567600313861911	0.024434609527920613	1.1641346110802178	0.2503	-0.0739	0.0948
1693.0	-11.964276	-0.90252	2.9989170000000005	-0.598647933434055	0.32114058236695664	1.2147491593880533	0.2273	-0.1205	0.0939
1694.0000000000002	-12.244842	-1.1781810000000001	3.52179	-0.7068583470577035	0.4991641660703783	1.2374384396639797	0.2985	-0.0637	0.0787
1695.0	-12.446928	-1.3694760000000001	4.00248	-0.8447393579652555	0.8237954069413236	1.160643952576229	0.2787	-0.0779	0.0714
1696.0	-12.518541	-1.454823	4.35564	-0.9878563566287906	0.9791297103688189	1.0367255756846316	0.2783	-0.0692	0.0753
1697.0	-12.425346	-1.441089	4.5498780000000005	-1.1082840750163994	0.8499753457212386	0.8517206749732328	0.2636	-0.0771	0.0842
1698.0	-12.210507	-1.333179	4.589118	-1.2409290981679681	0.6440264939859076	0.6789330790257941	0.2383	-0.0855	0.0404
1698.9999999999998	-11.940732	-1.153656	4.514562000000001	-1.335176877775662	0.3839724354387525	0.5742133239061344	0.2222	-0.0918	0.0471
1700.0	-11.61504	-0.8475840000000001	4.333077	-1.413716694115407	0.13788101090755203	0.5148721293383273	0.2049	-0.0938	0.0376
1701.0000000000002	-11.217735	-0.46695600000000004	4.050549	-1.4660765716752369	-0.05061454830783556	0.5148721293383273	0.1981	-0.1057	0.0409
1702.0	-10.812582	-0.018639	3.759192	-1.4660765716752369	-0.05061454830783556	0.5148721293383273	0.1683	-0.1198	0.0419
1703.0	-10.383885000000001	0.32176800000000005	3.5639730000000003	-1.4643312424232426	-0.1361356816555577	0.6230825429619757	0.1407	-0.1226	0.0461
1704.0	-10.025820000000001	0.506196	3.45312	-1.460840583919254	-0.0471238898038469	0.6632251157578453	0.0682	-0.1633	0.0555
1705.0	-9.732501000000001	0.49050000000000005	3.3618870000000003	-1.4486232791552935	0.027925268031909273	0.6754424205218056	0.0828	-0.1561	0.0791
1705.9999999999998	-9.513738	0.31293899999999997	3.304989	-1.4119713648634127	0.06632251157578452	0.6283185307179586	0.0908	-0.1413	0.1
1707.0	-9.379341	0.021582000000000004	3.316761	-1.4119713648634127	0.11868238913561441	0.5148721293383273	0.1022	-0.1102	0.106
1707.9999999999998	-9.271431000000002	-0.322749	3.39426	-1.4206980111233845	0.13264502315156904	0.38222710618675815	0.1252	-0.0736	0.1305
1709.0	-9.157635	-0.663156	3.479607	-1.3997540600994522	0.08726646259971647	0.2530727415391778	0.1293	-0.0609	0.1375
1710.0000000000002	-9.045801	-0.967266	3.6169470000000006	-1.3962634015954636	0.0890117918517108	0.16231562043547265	0.1374	-0.0467	0.1563
1711.0	-8.967321	-1.2125160000000001	3.774888	-1.429424657383356	0.09948376736367678	0.1117010721276371	0.1527	-0.0153	0.1644
1712.0	-8.896689	-1.4705190000000001	3.9249810000000003	-1.5446163880149817	0.12042771838760874	0.06283185307179587	0.1817	0.0051	0.1723
1713.0	-8.892765	-1.588239	4.036815	-1.6493361431346414	0.16929693744344995	0.0	0.2215	0.0181	0.1778
1714.0	-8.904537	-1.5627330000000001	4.151592000000001	-1.8535396656179781	0.22165681500327983	-0.017453292519943295	0.2431	0.0155	0.18
1714.9999999999998	-8.891784	-1.404792	4.249692	-2.092649773141201	0.22165681500327983	-0.017453292519943295	0.2656	0.0192	0.1743
1716.0	-8.810361	-1.1369790000000002	4.301685	-2.28987197861656	0.1291543646475804	0.0471238898038469	0.3209	0.0273	0.1677
1717.0000000000002	-8.664192	-0.85347	4.2928560000000004	-2.357939819444339	-0.03665191429188092	0.11868238913561441	0.2918	0.0153	0.1628
1718.0	-8.529795000000002	-0.641574	4.243806	-2.4609142453120048	-0.09599310885968812	0.18500490071139894	0.2543	-0.0152	0.1565
1719.0000000000002	-8.415018	-0.467937	4.173174	-2.541199390903744	-0.12566370614359174	0.291469985083053	0.3045	-0.0124	0.1524
1720.0	-8.280621	-0.34531200000000006	4.033872000000001	-2.530727415391778	-0.1466076571675237	0.41713369122664473	0.3456	-0.0056	0.1475
1721.0	-8.164863	-0.311958	3.8474820000000003	-2.485348854839925	-0.09599310885968812	0.5253441048502933	0.4032	0.0052	0.1607
1722.0	-8.094231	-0.29724300000000003	3.6473580000000005	-2.4696408915719763	-0.020943951023931952	0.6318091892219474	0.4364	0.0179	0.1759
1723.0	-8.040276	-0.346293	3.4590060000000005	-2.4294983187761066	-0.003490658503988659	0.7120943348136864	0.4801	0.0301	0.1793
1723.9999999999998	-7.996131000000001	-0.467937	3.1931550000000004	-2.3230332344044524	0.08552113334772216	0.7766715171374766	0.5342	0.0546	0.1799
1725.0	-7.993188	-0.668061	2.955753	-2.2776546738526	0.1780235837034216	0.7976154681614086	0.5563	0.0845	0.1906
1726.0000000000002	-8.089326	-0.9329310000000001	2.740914	-2.3108159296404924	0.21118483949131386	0.8080874436733745	0.5684	0.1106	0.1901
1727.0	-8.251191	-1.125207	2.562372	-2.316051917396475	0.24609142453120045	0.8011061266653973	0.669	0.1253	0.1976
1728.0	-8.42679	-1.204668	2.3946210000000003	-2.3509585024363617	0.2844886680750757	0.7976154681614086	0.7248	0.1398	0.1934
1729.0	-8.618085	-1.234098	2.2445280000000003	-2.4172810140121466	0.27401669256310973	0.7941248096574199	0.7554	0.1508	0.1981
1730.0	-8.847639000000001	-1.230174	2.1326940000000003	-2.492330171847903	0.23736477827122882	0.8220500776893293	0.7919	0.1406	0.2056
1730.9999999999998	-9.074250000000001	-1.151694	2.05029	-2.562143341927676	0.20769418098732523	0.8377580409572782	0.8117	0.1298	0.2004
1732.0	-9.249849	-1.04967	1.9943730000000002	-2.631956512007449	0.17976891295541594	0.8534660042252271	0.8441	0.1234	0.1927
1732.9999999999998	-9.406809	-0.925083	1.939437	-2.7192229746071654	0.143116998663535	0.8761552845011534	0.8456	0.1108	0.1951
1734.0	-9.540225000000001	-0.811287	1.95219	-2.7419122548830916	0.10995574287564276	0.8918632477691024	0.8477	0.0973	0.1969
1735.0000000000002	-9.654021	-0.689643	1.9433610000000001	-2.7942721324429214	0.07853981633974483	0.8883725892651138	0.8291	0.0765	0.1804
1736.0	-9.729558	-0.574866	1.9276650000000002	-2.816961412718848	0.08203047484373349	0.8901179185171081	0.8259	0.0592	0.1874
1737.0	-9.809019000000001	-0.533664	1.9296270000000002	-2.8239427297268254	0.0715584993317675	0.8674286382411819	0.8339	0.0463	0.1872
1738.0	-9.873765	-0.569961	1.9423800000000002	-2.8187067419708423	0.04537856055185257	0.8237954069413236	0.8785	0.0546	0.2007
1739.0	-9.918891000000002	-0.64746	1.9796580000000001	-2.8082347664588765	0.06632251157578452	0.778416846389471	0.878	0.0403	0.202
1739.9999999999998	-9.930663000000001	-0.7416360000000001	2.006145	-2.8047441079548876	0.10471975511965978	0.7539822368615504	0.8034	0.0273	0.212
1741.0	-9.895347	-0.861318	2.0287080000000004	-2.8204520712228365	0.16580627893946132	0.7260569688296411	0.7343	0.0093	0.209
1742.0000000000002	-9.840411000000001	-0.9613800000000001	2.045385	-2.848377339254746	0.17976891295541594	0.6998770300497261	0.6635	-0.0143	0.205
1743.0	-9.757026000000002	-1.0388789999999999	2.039499	-2.8989918875625813	0.16231562043547265	0.7051130178057091	0.5831	-0.0468	0.1825
1744.0000000000002	-9.658926000000001	-1.101663	2.017917	-2.8989918875625813	0.16231562043547265	0.7051130178057091	0.5038	-0.0804	0.1602
1745.0	-9.556902000000001	-1.110492	1.982601	-3.045599544730105	0.048869219055841226	0.7906341511534313	0.4493	-0.0985	0.168
1746.0	-9.452916	-1.082043	1.948266	-3.1171580440618727	0.0	0.8604473212332044	0.3992	-0.1156	0.1672
1747.0	-9.337158	-1.004544	1.8952920000000002	-3.155555287605748	-0.06283185307179587	0.9599310885968813	0.3844	-0.1218	0.1649
1748.0	-9.222381	-0.905463	1.8099450000000001	-3.162536604613725	-0.09599310885968812	1.0559241974565694	0.3946	-0.1417	0.1623
1748.9999999999998	-9.132129	-0.812268	1.713807	-3.1258846903218442	-0.12566370614359174	1.1623892818282233	0.3937	-0.158	0.1579
1750.0	-9.083079	-0.7435980000000001	1.647099	-3.087487446777969	-0.1780235837034216	1.233947781159991	0.4789	-0.1651	0.1391
1751.0000000000002	-9.074250000000001	-0.697491	1.6255169999999999	-3.0229102644541785	-0.2129301687433082	1.270599695451872	0.549	-0.18	0.1348
