PacketCounter	Acc_X	Acc_Y	Acc_Z	Gyr_X	Gyr_Y	Gyr_Z	Mag_X	Mag_Y	Mag_Z
0.0	-9.675603	-0.554265	1.484253	0.06283185307179587	0.24609142453120045	0.04014257279586958	-0.0152	0.0709	0.1826
1.0	-9.782532	-0.475785	1.4675760000000002	0.061086523819801536	-0.010471975511965976	0.041887902047863905	-0.014	0.0674	0.1834
2.0	-9.756045	-0.49540500000000004	1.4381460000000001	0.059341194567807204	-0.038397243543875255	0.05759586531581287	-0.0146	0.0676	0.1832
3.0	-9.773703	-0.374742	1.4871960000000002	0.05235987755982989	-0.048869219055841226	0.059341194567807204	-0.0149	0.0687	0.1836
4.0	-9.775665000000002	-0.34138799999999997	1.54017	0.04363323129985824	-0.04014257279586958	0.0645771823237902	-0.0152	0.0691	0.1831
5.0	-9.814905	-0.29233800000000004	1.576467	0.03316125578789226	-0.05759586531581287	0.059341194567807204	-0.0158	0.0691	0.1826
6.0	-9.82962	-0.275661	1.622574	0.017453292519943295	-0.054105206811824215	0.04537856055185257	-0.0157	0.0693	0.1831
7.000000000000001	-9.853164	-0.24721200000000002	1.641213	0.003490658503988659	-0.05061454830783556	0.029670597283903602	-0.0155	0.0694	0.1833
8.0	-9.867879	-0.21778200000000003	1.6598519999999999	-0.003490658503988659	-0.027925268031909273	0.020943951023931952	-0.0159	0.0698	0.1836
9.0	-9.862974000000001	-0.20208600000000002	1.690263	-0.020943951023931952	-0.010471975511965976	0.012217304763960306	-0.0159	0.0697	0.1836
10.0	-9.857088	-0.16284600000000002	1.73637	-0.04014257279586958	0.015707963267948967	0.008726646259971648	-0.016	0.0693	0.1835
11.0	-9.85905	-0.07749900000000001	1.7942490000000002	-0.04537856055185257	0.04014257279586958	-0.012217304763960306	-0.0162	0.0696	0.1834
12.0	-9.873765	0.031392	1.8383940000000003	-0.05585053606381855	0.08028514559173916	-0.031415926535897934	-0.0165	0.0699	0.1836
13.0	-9.86886	0.093195	1.869786	-0.059341194567807204	0.12391837689159739	-0.061086523819801536	-0.0165	0.0699	0.1835
14.000000000000002	-9.843354000000001	0.14028300000000002	1.8766530000000001	-0.05235987755982989	0.15009831567151233	-0.08726646259971647	-0.0164	0.0697	0.1837
15.0	-9.810981	0.125568	1.8462420000000002	-0.031415926535897934	0.21467549799530256	-0.10995574287564276	-0.0163	0.0696	0.184
16.0	-9.772722	0.093195	1.83447	-0.003490658503988659	0.19198621771937624	-0.1308996938995747	-0.0163	0.0694	0.1836
17.0	-9.744273	0.032373	1.816812	0.029670597283903602	0.22689280275926285	-0.16580627893946132	-0.0164	0.0697	0.1834
18.0	-9.716805	-0.063765	1.787382	0.054105206811824215	0.20420352248333654	-0.17976891295541594	-0.0161	0.0695	0.1831
19.0	-9.708957000000002	-0.154017	1.755009	0.06283185307179587	0.2129301687433082	-0.1832595714594046	-0.0159	0.0695	0.1828
20.0	-9.70209	-0.24525000000000002	1.670643	0.06806784082777885	0.19024088846738194	-0.1780235837034216	-0.0159	0.0699	0.1832
21.0	-9.691299	-0.34531200000000006	1.6637760000000001	0.0471238898038469	0.17976891295541594	-0.15358897417550102	-0.0158	0.0696	0.1831
22.0	-9.648135000000002	-0.43948800000000005	1.623555	0.006981317007977318	0.15358897417550102	-0.11693705988362008	-0.0159	0.0695	0.1829
23.0	-9.604971	-0.506196	1.572543	-0.022689280275926284	0.12740903539558607	-0.08552113334772216	-0.0162	0.0693	0.183
24.0	-9.599085	-0.5405310000000001	1.5127020000000002	-0.06283185307179587	0.10821041362364843	-0.041887902047863905	-0.0162	0.0693	0.1829
25.0	-9.597123	-0.5160060000000001	1.5146640000000002	-0.09948376736367678	0.1117010721276371	-0.008726646259971648	-0.0162	0.0693	0.183
26.0	-9.616743	-0.469899	1.466595	-0.13439035240356337	0.08726646259971647	0.012217304763960306	-0.0164	0.0693	0.1832
27.0	-9.616743	-0.409077	1.434222	-0.13439035240356337	0.08726646259971647	0.012217304763960306	-0.0165	0.0687	0.1833
28.000000000000004	-9.618705	-0.31686300000000006	1.410678	-0.13439035240356337	0.08726646259971647	0.012217304763960306	-0.0166	0.0685	0.1834
28.999999999999996	-9.616743	-0.22464900000000002	1.375362	-0.13439035240356337	0.08726646259971647	0.012217304763960306	-0.0169	0.0682	0.1838
30.0	-9.6138	-0.157941	1.3694760000000001	-0.13439035240356337	0.08726646259971647	0.012217304763960306	-0.0169	0.068	0.1835
31.0	-9.616743	-0.102024	1.297863	-0.13439035240356337	0.08726646259971647	0.012217304763960306	-0.017	0.068	0.1837
32.0	-9.642249	-0.072594	1.279224	-0.13439035240356337	0.08726646259971647	0.012217304763960306	-0.0168	0.0677	0.1838
33.0	-9.681489000000001	-0.059841000000000005	1.26549	-0.13439035240356337	0.08726646259971647	0.012217304763960306	-0.0167	0.0676	0.1837
34.0	-9.705033	-0.055917	1.273338	-0.13439035240356337	0.08726646259971647	0.012217304763960306	-0.0167	0.0675	0.1838
35.0	-9.714843	-0.061803000000000004	1.2556800000000001	-0.13439035240356337	0.08726646259971647	0.012217304763960306	-0.0168	0.0674	0.1838
36.0	-9.714843	-0.061803000000000004	1.2556800000000001	-0.13439035240356337	0.08726646259971647	0.012217304763960306	-0.0168	0.0674	0.1838
37.0	-9.714843	-0.061803000000000004	1.2556800000000001	-0.13439035240356337	0.08726646259971647	0.012217304763960306	-0.0168	0.0674	0.1838
38.0	-9.714843	-0.061803000000000004	1.2556800000000001	-0.13439035240356337	0.08726646259971647	0.012217304763960306	-0.0168	0.0674	0.1838
39.0	-9.714843	-0.061803000000000004	1.2556800000000001	-0.13439035240356337	0.08726646259971647	0.012217304763960306	-0.0168	0.0674	0.1838
40.0	-9.714843	-0.061803000000000004	1.2556800000000001	-0.13439035240356337	0.08726646259971647	0.012217304763960306	-0.0168	0.0674	0.1838
41.0	-9.714843	-0.061803000000000004	1.2556800000000001	-0.13439035240356337	0.08726646259971647	0.012217304763960306	-0.0168	0.0674	0.1838
42.0	-9.714843	-0.061803000000000004	1.2556800000000001	-0.13439035240356337	0.08726646259971647	0.012217304763960306	-0.0168	0.0674	0.1838
43.0	-9.714843	-0.061803000000000004	1.2556800000000001	-0.13439035240356337	0.08726646259971647	0.012217304763960306	-0.0168	0.0674	0.1838
44.0	-9.739368	-0.044145	1.260585	-0.026179938779914945	0.2129301687433082	-0.03490658503988659	-0.0166	0.0675	0.1834
45.0	-9.764874	-0.027468000000000003	1.266471	-0.026179938779914945	0.2129301687433082	-0.03490658503988659	-0.0164	0.0676	0.183
46.0	-9.79038	-0.009810000000000001	1.271376	-0.026179938779914945	0.2129301687433082	-0.03490658503988659	-0.0163	0.0678	0.1826
47.0	-9.812943	-0.001962	1.2360600000000002	0.027925268031909273	0.14486232791552936	-0.0645771823237902	-0.0165	0.0678	0.1824
48.0	-9.848259	0.034335000000000004	1.232136	0.03665191429188092	0.1291543646475804	-0.0645771823237902	-0.0165	0.0679	0.1821
49.0	-9.889461	0.06867000000000001	1.207611	0.03316125578789226	0.11519173063162574	-0.07853981633974483	-0.0166	0.0681	0.1815
50.0	-9.924777	0.099081	1.190934	0.0471238898038469	0.07853981633974483	-0.07679448708775051	-0.0165	0.0681	0.181
51.0	-9.939492000000001	0.14715	1.193877	0.0471238898038469	0.041887902047863905	-0.09075712110370514	-0.0163	0.0685	0.1807
52.0	-9.954207	0.205029	1.182105	0.04537856055185257	0.022689280275926284	-0.07504915783575616	-0.0166	0.0684	0.1804
53.0	-9.959112000000001	0.260946	1.184067	0.04363323129985824	0.012217304763960306	-0.061086523819801536	-0.0166	0.0686	0.1799
54.0	-9.939492000000001	0.299205	1.1801430000000002	0.04363323129985824	0.012217304763960306	-0.061086523819801536	-0.0167	0.0686	0.1799
55.00000000000001	-9.926739000000001	0.34236900000000003	1.149732	0.05061454830783556	0.024434609527920613	-0.03490658503988659	-0.0169	0.0686	0.1803
56.00000000000001	-9.913005	0.38651399999999997	1.120302	0.05061454830783556	0.024434609527920613	-0.03490658503988659	-0.0171	0.0687	0.1806
56.99999999999999	-9.897309	0.43164	1.106568	0.05759586531581287	-0.003490658503988659	0.015707963267948967	-0.017	0.0688	0.1804
57.99999999999999	-9.869841000000001	0.43360200000000004	1.0575180000000002	0.04363323129985824	0.0	0.029670597283903602	-0.0171	0.0689	0.1805
59.0	-9.840411000000001	0.448317	1.025145	0.04363323129985824	0.010471975511965976	0.04014257279586958	-0.0174	0.0686	0.1807
60.0	-9.82962	0.469899	0.9790380000000001	0.031415926535897934	0.024434609527920613	0.048869219055841226	-0.0177	0.0688	0.1811
61.0	-9.83943	0.474804	0.9142920000000001	0.031415926535897934	0.024434609527920613	0.048869219055841226	-0.0182	0.0686	0.1815
62.0	-9.861993000000002	0.46695600000000004	0.8475840000000001	0.010471975511965976	0.005235987755982988	0.05585053606381855	-0.018	0.0692	0.1816
63.0	-9.89829	0.46008899999999997	0.7475220000000001	0.006981317007977318	-0.0017453292519943296	0.07504915783575616	-0.0186	0.0693	0.1821
64.0	-9.941454000000002	0.479709	0.6611940000000001	-0.0	-0.024434609527920613	0.07853981633974483	-0.0188	0.0694	0.1826
65.0	-9.974808	0.496386	0.5738850000000001	-0.020943951023931952	-0.04537856055185257	0.08203047484373349	-0.0191	0.0696	0.1823
66.0	-9.987561000000001	0.520911	0.491481	-0.06632251157578452	-0.06806784082777885	0.09773843811168245	-0.0192	0.0695	0.183
67.0	-10.006200000000002	0.5523030000000001	0.43262100000000003	-0.06632251157578452	-0.06806784082777885	0.09773843811168245	-0.0193	0.0695	0.1842
68.0	-10.015029	0.6337260000000001	0.38259000000000004	-0.1291543646475804	-0.08028514559173916	0.10821041362364843	-0.0196	0.0698	0.1862
69.0	-10.004238	0.713187	0.33746400000000004	-0.16929693744344995	-0.05235987755982989	0.10821041362364843	-0.0199	0.0701	0.1887
70.0	-9.973827	0.80442	0.287433	-0.22863813201125716	-0.04363323129985824	0.12042771838760874	-0.0195	0.0704	0.1918
71.0	-9.92772	0.893691	0.24721200000000002	-0.27052603405912107	-0.04014257279586958	0.1361356816555577	-0.019	0.0703	0.1947
72.0	-9.875727	0.9947340000000001	0.221706	-0.31066860685499065	0.0	0.1466076571675237	-0.0186	0.0701	0.1983
73.0	-9.820791000000002	1.0967580000000001	0.21680100000000002	-0.31066860685499065	0.0	0.1466076571675237	-0.0177	0.0703	0.2017
74.0	-9.751140000000001	1.166409	0.21189600000000003	-0.38048177693476387	0.04537856055185257	0.16755160819145562	-0.0178	0.0704	0.2064
75.0	-9.690318000000001	1.215459	0.206991	-0.4014257279586958	0.07330382858376185	0.15707963267948966	-0.0178	0.0701	0.2117
76.0	-9.64323	1.2703950000000002	0.22464900000000002	-0.41713369122664473	0.08203047484373349	0.15707963267948966	-0.0178	0.0701	0.2165
77.0	-9.597123	1.3008060000000001	0.238383	-0.4276056667386107	0.10297442586766545	0.16057029118347832	-0.0174	0.0701	0.2217
78.0	-9.568674000000001	1.290996	0.24034500000000003	-0.45029494701453704	0.12566370614359174	0.15707963267948966	-0.0167	0.0701	0.2261
79.0	-9.561807	1.281186	0.275661	-0.4625122517784973	0.12042771838760874	0.15358897417550102	-0.0163	0.0701	0.23
80.0	-9.571617	1.241946	0.29724300000000003	-0.47298422729046335	0.12042771838760874	0.13788101090755203	-0.0158	0.07	0.2325
81.0	-9.602028	1.20663	0.32667300000000005	-0.4782202150464463	0.10821041362364843	0.12217304763960307	-0.0158	0.0699	0.2351
82.0	-9.627534	1.1477700000000002	0.349236	-0.48171087355043496	0.06981317007977318	0.1117010721276371	-0.0157	0.0698	0.2365
83.0	-9.647154	1.0751760000000001	0.376704	-0.48171087355043496	0.048869219055841226	0.09773843811168245	-0.0159	0.0697	0.2375
84.0	-9.680508000000001	1.013373	0.413982	-0.48171087355043496	0.029670597283903602	0.08726646259971647	-0.0154	0.0696	0.2366
85.0	-9.709938000000001	0.968247	0.482652	-0.4834562028024293	0.012217304763960306	0.0645771823237902	-0.0149	0.0698	0.235
86.0	-9.746235	0.8956530000000001	0.51012	-0.47647488579445196	-0.008726646259971648	0.05235987755982989	-0.0146	0.0702	0.2319
87.0	-9.781551	0.8387550000000001	0.5375880000000001	-0.47298422729046335	-0.031415926535897934	0.03490658503988659	-0.0146	0.0705	0.2284
88.0	-9.798228	0.7769520000000001	0.600372	-0.47123889803846897	-0.06806784082777885	0.019198621771937627	-0.0147	0.0705	0.2238
89.0	-9.80019	0.693567	0.631764	-0.45029494701453704	-0.0942477796076938	0.008726646259971648	-0.0146	0.0705	0.2191
90.0	-9.798228	0.639612	0.70632	-0.4328416544945937	-0.10297442586766545	-0.012217304763960306	-0.0149	0.0706	0.2141
91.0	-9.779589000000001	0.560151	0.744579	-0.4276056667386107	-0.12042771838760874	-0.015707963267948967	-0.0148	0.0709	0.2087
92.0	-9.751140000000001	0.486576	0.801477	-0.40491638646268446	-0.1308996938995747	-0.027925268031909273	-0.0151	0.0716	0.2036
93.0	-9.728577000000001	0.42183	0.8426790000000001	-0.39269908169872414	-0.12042771838760874	-0.041887902047863905	-0.015	0.0719	0.1989
94.0	-9.694242000000001	0.348255	0.858375	-0.3665191429188092	-0.12042771838760874	-0.05759586531581287	-0.015	0.0721	0.1948
95.0	-9.646173	0.275661	0.894672	-0.3438298626428829	-0.10995574287564276	-0.06632251157578452	-0.015	0.0726	0.1907
96.0	-9.597123	0.209934	0.940779	-0.3193952531149623	-0.10821041362364843	-0.08028514559173916	-0.0149	0.0728	0.1877
97.0	-9.550035000000001	0.14616900000000002	0.975114	-0.30543261909900765	-0.07853981633974483	-0.09250245035569947	-0.0149	0.073	0.185
98.0	-9.514719	0.102024	0.996696	-0.2932153143350474	-0.06806784082777885	-0.09948376736367678	-0.0148	0.0733	0.183
99.0	-9.499023000000001	0.072594	1.00062	-0.3036872898470133	-0.04537856055185257	-0.10995574287564276	-0.0146	0.0733	0.1811
100.0	-9.483327000000001	0.046107	1.011411	-0.24783675378319478	-0.03665191429188092	-0.11693705988362008	-0.0145	0.0736	0.1803
101.0	-9.48627	0.031392	1.007487	-0.2426007660272118	-0.024434609527920613	-0.12042771838760874	-0.0147	0.074	0.1798
102.0	-9.495099	0.013734000000000001	0.9957150000000001	-0.24434609527920614	-0.013962634015954637	-0.11344640137963143	-0.0145	0.0737	0.1794
103.0	-9.509814	0.008829	0.9937530000000001	-0.24783675378319478	-0.003490658503988659	-0.11868238913561441	-0.0147	0.0737	0.1793
104.0	-9.543168	-0.001962	0.972171	-0.2426007660272118	0.0	-0.1064650843716541	-0.0148	0.0734	0.1792
105.0	-9.575541	0.002943	0.965304	-0.24085543677521748	0.003490658503988659	-0.10297442586766545	-0.0152	0.073	0.1793
106.0	-9.6138	0.023544	0.9800190000000001	-0.2426007660272118	-0.003490658503988659	-0.08552113334772216	-0.0151	0.0725	0.1793
107.0	-9.657945000000002	0.060822	0.9898290000000001	-0.23561944901923448	0.03665191429188092	-0.08028514559173916	-0.0157	0.0722	0.1789
108.0	-9.703071	0.095157	0.976095	-0.23387411976724015	0.04363323129985824	-0.06283185307179587	-0.0166	0.0716	0.1785
109.00000000000001	-9.739368	0.126549	0.9937530000000001	-0.22514747350726852	0.059341194567807204	-0.0471238898038469	-0.0173	0.0715	0.1784
110.00000000000001	-9.779589000000001	0.14715	0.9898290000000001	-0.22863813201125716	0.07504915783575616	-0.03316125578789226	-0.0177	0.0713	0.178
111.00000000000001	-9.805095000000001	0.17756100000000002	1.0467270000000002	-0.22863813201125716	0.06283185307179587	-0.017453292519943295	-0.0179	0.0705	0.1781
112.00000000000001	-9.820791000000002	0.204048	1.084005	-0.22165681500327983	0.048869219055841226	-0.008726646259971648	-0.0181	0.0701	0.178
112.99999999999999	-9.827658000000001	0.209934	1.111473	-0.21467549799530256	0.026179938779914945	-0.0017453292519943296	-0.0184	0.0701	0.1774
113.99999999999999	-9.81	0.210915	1.179162	-0.19896753472735357	0.03665191429188092	0.0017453292519943296	-0.0186	0.07	0.1748
114.99999999999999	-9.810981	0.19521900000000003	1.170333	-0.19198621771937624	0.038397243543875255	0.003490658503988659	-0.019	0.0698	0.1732
115.99999999999999	-9.809019000000001	0.174618	1.164447	-0.17627825445142728	0.041887902047863905	0.005235987755982988	-0.0197	0.0696	0.1705
117.0	-9.797247	0.14616900000000002	1.1997630000000001	-0.16231562043547265	0.04363323129985824	0.0	-0.0198	0.0692	0.1658
118.0	-9.787437	0.112815	1.237041	-0.15009831567151233	0.031415926535897934	0.003490658503988659	-0.0191	0.0692	0.1598
119.0	-9.774684	0.073575	1.2350790000000003	-0.13264502315156904	0.026179938779914945	0.006981317007977318	-0.0189	0.069	0.1561
120.0	-9.758007000000001	0.04022100000000001	1.229193	-0.12391837689159739	0.03490658503988659	0.003490658503988659	-0.019	0.0687	0.15
121.0	-9.732501000000001	0.010791000000000002	1.224288	-0.1064650843716541	0.029670597283903602	0.0017453292519943296	-0.0193	0.0689	0.1418
122.0	-9.717786	-0.011772	1.224288	-0.09773843811168245	0.03665191429188092	0.0	-0.0193	0.069	0.1347
123.0	-9.705033	-0.020601	1.2380220000000002	-0.08552113334772216	0.04537856055185257	0.003490658503988659	-0.0192	0.0684	0.1294
124.0	-9.717786	0.000981	1.240965	-0.07504915783575616	0.04363323129985824	-0.005235987755982988	-0.0188	0.0683	0.1266
125.0	-9.722691000000001	0.014715	1.2900150000000001	-0.07330382858376185	0.038397243543875255	-0.0017453292519943296	-0.0181	0.0679	0.1225
126.0	-9.720729	0.017658	1.3066920000000002	-0.05585053606381855	0.03665191429188092	-0.012217304763960306	-0.0176	0.0681	0.1182
127.0	-9.725634	0.023544	1.2919770000000002	-0.0471238898038469	0.04014257279586958	-0.020943951023931952	-0.0171	0.0679	0.1176
128.0	-9.713862	0.027468000000000003	1.3243500000000001	-0.038397243543875255	0.04363323129985824	-0.015707963267948967	-0.017	0.0677	0.1195
129.0	-9.708957000000002	0.036297	1.3488750000000003	-0.019198621771937627	0.027925268031909273	-0.024434609527920613	-0.0167	0.0678	0.121
130.0	-9.691299	0.02943	1.3684950000000002	-0.010471975511965976	0.024434609527920613	-0.015707963267948967	-0.0163	0.0678	0.1225
131.0	-9.696204	0.020601	1.3665330000000002	-0.013962634015954637	0.029670597283903602	-0.012217304763960306	-0.0156	0.0677	0.13
132.0	-9.698166	0.025506	1.385172	-0.0017453292519943296	0.020943951023931952	-0.024434609527920613	-0.0156	0.0678	0.135
133.0	-9.707976	0.036297	1.395963	0.003490658503988659	0.038397243543875255	-0.012217304763960306	-0.0155	0.0681	0.1404
134.0	-9.697185000000001	0.022563	1.40283	0.006981317007977318	0.03665191429188092	-0.015707963267948967	-0.0155	0.0682	0.1451
135.0	-9.687375000000001	0.014715	1.375362	0.022689280275926284	0.031415926535897934	-0.012217304763960306	-0.0155	0.0682	0.1514
136.0	-9.684432000000001	0.025506	1.387134	0.024434609527920613	0.04363323129985824	-0.015707963267948967	-0.0156	0.068	0.1565
137.0	-9.67266	0.04022100000000001	1.429317	0.03316125578789226	0.04537856055185257	-0.022689280275926284	-0.0155	0.0685	0.1612
138.0	-9.680508000000001	0.051012	1.408716	0.038397243543875255	0.048869219055841226	-0.017453292519943295	-0.0155	0.0685	0.1669
139.0	-9.684432000000001	0.060822	1.4136210000000002	0.0471238898038469	0.03665191429188092	-0.022689280275926284	-0.0156	0.0683	0.1694
140.0	-9.690318000000001	0.066708	1.40283	0.041887902047863905	0.041887902047863905	-0.019198621771937627	-0.0158	0.0679	0.1755
141.0	-9.684432000000001	0.07848000000000001	1.4165640000000002	0.04014257279586958	0.048869219055841226	-0.020943951023931952	-0.0162	0.0677	0.1766
142.0	-9.684432000000001	0.092214	1.42245	0.04363323129985824	0.038397243543875255	-0.008726646259971648	-0.016	0.0671	0.1803
143.0	-9.667755000000001	0.092214	1.414602	0.041887902047863905	0.04537856055185257	-0.012217304763960306	-0.0159	0.0667	0.1816
144.0	-9.654021	0.10398600000000001	1.4204880000000002	0.048869219055841226	0.048869219055841226	-0.012217304763960306	-0.0161	0.0663	0.1834
145.0	-9.647154	0.12851100000000001	1.45188	0.04363323129985824	0.05759586531581287	-0.017453292519943295	-0.0164	0.0663	0.1845
146.0	-9.64323	0.132435	1.424412	0.04014257279586958	0.06981317007977318	-0.008726646259971648	-0.0161	0.0662	0.1874
147.0	-9.64323	0.135378	1.396944	0.04537856055185257	0.06283185307179587	-0.013962634015954637	-0.0157	0.0661	0.1892
148.0	-9.623610000000001	0.125568	1.4155830000000003	0.041887902047863905	0.06981317007977318	-0.015707963267948967	-0.015	0.0661	0.189
149.0	-9.617724	0.13439700000000002	1.428336	0.041887902047863905	0.07330382858376185	-0.020943951023931952	-0.0149	0.0657	0.1902
150.0	-9.616743	0.144207	1.446975	0.04363323129985824	0.08377580409572781	-0.012217304763960306	-0.0143	0.0658	0.1904
151.0	-9.617724	0.13439700000000002	1.434222	0.04363323129985824	0.08726646259971647	-0.019198621771937627	-0.0138	0.0661	0.1911
152.0	-9.616743	0.11673900000000001	1.42245	0.04014257279586958	0.09250245035569947	-0.015707963267948967	-0.0135	0.0662	0.1912
153.0	-9.615762	0.10889100000000002	1.456785	0.04014257279586958	0.09075712110370514	-0.012217304763960306	-0.0131	0.0666	0.1914
154.0	-9.633420000000001	0.10300500000000001	1.45188	0.04537856055185257	0.0942477796076938	-0.012217304763960306	-0.0122	0.0669	0.1916
155.0	-9.635382	0.082404	1.4479560000000002	0.041887902047863905	0.0942477796076938	-0.012217304763960306	-0.0108	0.0671	0.1915
156.0	-9.640287	0.066708	1.454823	0.05061454830783556	0.09250245035569947	-0.012217304763960306	-0.0099	0.0671	0.1916
157.0	-9.634401	0.048069	1.484253	0.05061454830783556	0.0942477796076938	-0.020943951023931952	-0.0094	0.0673	0.1912
158.0	-9.646173	0.061803000000000004	1.4852340000000002	0.06981317007977318	0.09599310885968812	-0.015707963267948967	-0.0093	0.0671	0.1906
159.0	-9.644211	0.046107	1.4715	0.06283185307179587	0.09773843811168245	-0.017453292519943295	-0.0086	0.0675	0.1908
160.0	-9.631458	0.031392	1.49112	0.06632251157578452	0.08726646259971647	-0.031415926535897934	-0.0086	0.0677	0.1912
161.0	-9.628515	0.035316	1.505835	0.06632251157578452	0.09250245035569947	-0.022689280275926284	-0.0088	0.0678	0.1905
162.0	-9.624591	0.035316	1.525455	0.07853981633974483	0.08028514559173916	-0.024434609527920613	-0.0088	0.068	0.19
163.0	-9.632439	0.056898	1.5391890000000001	0.07330382858376185	0.09075712110370514	-0.024434609527920613	-0.0088	0.0682	0.1879
164.0	-9.626553	0.053955	1.543113	0.07679448708775051	0.09250245035569947	-0.013962634015954637	-0.0088	0.0682	0.1883
165.0	-9.629496000000001	0.072594	1.572543	0.06806784082777885	0.09773843811168245	-0.020943951023931952	-0.0097	0.0682	0.19
166.0	-9.632439	0.091233	1.5843150000000001	0.06283185307179587	0.0942477796076938	-0.017453292519943295	-0.0104	0.0687	0.1867
167.0	-9.638325	0.089271	1.5588090000000001	0.0645771823237902	0.08726646259971647	-0.027925268031909273	-0.0112	0.0688	0.1881
168.0	-9.634401	0.090252	1.552923	0.05759586531581287	0.08203047484373349	-0.024434609527920613	-0.0114	0.0689	0.1883
169.0	-9.633420000000001	0.10692900000000001	1.574505	0.05061454830783556	0.0942477796076938	-0.019198621771937627	-0.0121	0.0688	0.1891
170.0	-9.646173	0.130473	1.55979	0.05235987755982989	0.0942477796076938	-0.012217304763960306	-0.0128	0.0689	0.1901
171.0	-9.647154	0.150093	1.563714	0.026179938779914945	0.08726646259971647	-0.012217304763960306	-0.0129	0.0689	0.1905
172.0	-9.654021	0.173637	1.567638	0.020943951023931952	0.0890117918517108	-0.008726646259971648	-0.0134	0.0691	0.19
173.0	-9.661869000000001	0.17756100000000002	1.5450750000000002	0.0017453292519943296	0.09075712110370514	-0.006981317007977318	-0.0139	0.0689	0.1923
174.0	-9.673641	0.20601000000000003	1.552923	-0.0	0.09075712110370514	-0.013962634015954637	-0.0143	0.0688	0.1896
175.0	-9.681489000000001	0.206991	1.52055	-0.006981317007977318	0.07853981633974483	-0.008726646259971648	-0.0146	0.0686	0.1889
176.0	-9.671679000000001	0.198162	1.54017	-0.012217304763960306	0.07853981633974483	-0.005235987755982988	-0.0147	0.0685	0.1916
177.0	-9.679527	0.21778200000000003	1.5303600000000002	-0.013962634015954637	0.07330382858376185	-0.006981317007977318	-0.0145	0.0682	0.1908
178.0	-9.676584000000002	0.208953	1.525455	-0.029670597283903602	0.07679448708775051	-0.013962634015954637	-0.0152	0.0687	0.1911
179.0	-9.673641	0.203067	1.536246	-0.012217304763960306	0.06981317007977318	-0.003490658503988659	-0.0151	0.0693	0.1912
180.0	-9.667755000000001	0.178542	1.543113	-0.013962634015954637	0.06981317007977318	-0.008726646259971648	-0.015	0.0691	0.1903
181.0	-9.659907	0.148131	1.5460559999999999	-0.012217304763960306	0.06981317007977318	-0.006981317007977318	-0.015	0.0691	0.1925
182.0	-9.655983	0.124587	1.531341	-0.008726646259971648	0.07330382858376185	-0.008726646259971648	-0.015	0.0689	0.192
183.0	-9.650097	0.10006200000000001	1.5323220000000002	-0.003490658503988659	0.08203047484373349	-0.003490658503988659	-0.0148	0.069	0.1914
184.0	-9.642249	0.066708	1.524474	-0.0	0.06981317007977318	-0.005235987755982988	-0.0152	0.069	0.193
185.0	-9.636363	0.050031000000000006	1.554885	-0.003490658503988659	0.07853981633974483	-0.010471975511965976	-0.0152	0.0693	0.1913
186.0	-9.647154	0.04905	1.5489990000000002	-0.0	0.06632251157578452	-0.015707963267948967	-0.0154	0.0693	0.1912
187.0	-9.648135000000002	0.035316	1.567638	0.005235987755982988	0.054105206811824215	-0.012217304763960306	-0.0158	0.0695	0.1909
188.0	-9.66285	0.02943	1.555866	0.005235987755982988	0.05235987755982989	-0.013962634015954637	-0.0157	0.0693	0.1903
189.0	-9.667755000000001	0.010791000000000002	1.526436	0.013962634015954637	0.061086523819801536	-0.012217304763960306	-0.0155	0.069	0.1885
190.0	-9.67266	0.014715	1.521531	0.012217304763960306	0.0645771823237902	-0.027925268031909273	-0.0153	0.0687	0.187
191.0	-9.689337	0.019620000000000002	1.518588	0.024434609527920613	0.05585053606381855	-0.006981317007977318	-0.0149	0.069	0.1843
192.0	-9.68247	0.010791000000000002	1.54017	0.026179938779914945	0.061086523819801536	-0.012217304763960306	-0.0149	0.0689	0.1853
193.0	-9.697185000000001	0.009810000000000001	1.5176070000000002	0.03665191429188092	0.04537856055185257	-0.015707963267948967	-0.0149	0.0689	0.185
194.0	-9.701109	-0.001962	1.507797	0.03490658503988659	0.04363323129985824	-0.008726646259971648	-0.0149	0.0693	0.1847
195.0	-9.707976	-0.017658	1.473462	0.03490658503988659	0.04363323129985824	-0.008726646259971648	-0.0152	0.0695	0.1848
196.0	-9.705033	-0.037278	1.4675760000000002	0.05235987755982989	0.03316125578789226	-0.020943951023931952	-0.015	0.0695	0.1844
197.0	-9.705033	-0.047088	1.460709	0.06981317007977318	0.038397243543875255	-0.020943951023931952	-0.015	0.0696	0.1842
198.0	-9.697185000000001	-0.051012	1.4803290000000002	0.07679448708775051	0.022689280275926284	-0.024434609527920613	-0.0148	0.0695	0.1844
199.0	-9.699147	-0.047088	1.476405	0.08552113334772216	0.027925268031909273	-0.027925268031909273	-0.015	0.0697	0.1843
200.0	-9.694242000000001	-0.054936000000000006	1.4626710000000003	0.09948376736367678	0.04014257279586958	-0.026179938779914945	-0.0153	0.07	0.1844
200.99999999999997	-9.677565000000001	-0.063765	1.4577660000000001	0.09948376736367678	0.03490658503988659	-0.03490658503988659	-0.0156	0.0697	0.1841
202.0	-9.678546	-0.06572700000000001	1.4204880000000002	0.10995574287564276	0.03665191429188092	-0.03316125578789226	-0.0154	0.0695	0.1837
202.99999999999997	-9.652059000000001	-0.07749900000000001	1.441089	0.10471975511965978	0.054105206811824215	-0.024434609527920613	-0.0154	0.0694	0.1836
204.0	-9.638325	-0.05297400000000001	1.4813100000000001	0.10122909661567112	0.048869219055841226	-0.03316125578789226	-0.0155	0.0693	0.1837
204.99999999999997	-9.625572	-0.053955	1.4793479999999999	0.10821041362364843	0.05759586531581287	-0.04014257279586958	-0.0153	0.0691	0.1836
206.0	-9.615762	-0.04316400000000001	1.478367	0.10471975511965978	0.06806784082777885	-0.027925268031909273	-0.0151	0.069	0.184
206.99999999999997	-9.601047000000001	-0.035316	1.4979870000000002	0.09075712110370514	0.05759586531581287	-0.017453292519943295	-0.0149	0.0688	0.1839
208.0	-9.599085	-0.035316	1.4803290000000002	0.08552113334772216	0.06981317007977318	-0.026179938779914945	-0.0149	0.0688	0.184
209.0	-9.609876	-0.021582000000000004	1.476405	0.08552113334772216	0.08552113334772216	-0.024434609527920613	-0.0149	0.0685	0.1838
210.0	-9.619686000000002	-0.002943	1.493082	0.07504915783575616	0.0715584993317675	-0.019198621771937627	-0.0149	0.0686	0.1836
211.0	-9.624591	0.014715	1.5136830000000001	0.07330382858376185	0.06981317007977318	-0.019198621771937627	-0.0149	0.0686	0.1838
212.0	-9.628515	0.035316	1.516626	0.06632251157578452	0.06806784082777885	-0.010471975511965976	-0.0151	0.069	0.184
213.0	-9.632439	0.048069	1.518588	0.06283185307179587	0.07504915783575616	-0.012217304763960306	-0.0154	0.0693	0.1841
214.0	-9.642249	0.044145	1.4685570000000001	0.061086523819801536	0.07853981633974483	-0.017453292519943295	-0.0152	0.069	0.1839
215.0	-9.650097	0.059841000000000005	1.4508990000000002	0.04537856055185257	0.07504915783575616	-0.017453292519943295	-0.0153	0.0691	0.184
216.0	-9.654021	0.072594	1.466595	0.03665191429188092	0.07679448708775051	-0.015707963267948967	-0.0155	0.0691	0.1841
217.0	-9.660888	0.09711900000000001	1.484253	0.027925268031909273	0.07679448708775051	-0.010471975511965976	-0.0155	0.0696	0.1841
218.00000000000003	-9.67266	0.126549	1.488177	-0.0	0.07330382858376185	-0.020943951023931952	-0.0155	0.0696	0.1837
219.0	-9.667755000000001	0.126549	1.466595	-0.0	0.07330382858376185	-0.003490658503988659	-0.0155	0.0697	0.1843
220.00000000000003	-9.665793	0.11772	1.429317	-0.022689280275926284	0.07504915783575616	-0.005235987755982988	-0.0155	0.0695	0.1842
221.0	-9.664812	0.118701	1.4332410000000002	-0.03490658503988659	0.0715584993317675	-0.0017453292519943296	-0.0154	0.0695	0.1843
222.00000000000003	-9.656964	0.11772	1.473462	-0.03490658503988659	0.0715584993317675	-0.0017453292519943296	-0.0152	0.0695	0.1839
223.0	-9.658926000000001	0.142245	1.484253	-0.06981317007977318	0.061086523819801536	0.003490658503988659	-0.0152	0.0691	0.184
224.00000000000003	-9.658926000000001	0.158922	1.476405	-0.07853981633974483	0.07330382858376185	0.006981317007977318	-0.0152	0.0692	0.1839
225.0	-9.647154	0.167751	1.5019110000000002	-0.09075712110370514	0.06981317007977318	0.006981317007977318	-0.0151	0.0691	0.1837
225.99999999999997	-9.648135000000002	0.169713	1.488177	-0.11519173063162574	0.08377580409572781	0.012217304763960306	-0.0153	0.0693	0.1839
227.0	-9.654021	0.158922	1.44207	-0.1291543646475804	0.09250245035569947	0.003490658503988659	-0.0154	0.069	0.184
227.99999999999997	-9.637344	0.148131	1.4705190000000001	-0.1361356816555577	0.10122909661567112	0.017453292519943295	-0.0153	0.0691	0.1844
229.0	-9.624591	0.151074	1.525455	-0.15358897417550102	0.10995574287564276	0.010471975511965976	-0.0155	0.0694	0.1838
229.99999999999997	-9.615762	0.16873200000000002	1.5823530000000001	-0.16406094968746698	0.11693705988362008	0.015707963267948967	-0.0155	0.0695	0.184
231.0	-9.624591	0.17265600000000003	1.543113	-0.17278759594743864	0.11344640137963143	0.010471975511965976	-0.0158	0.0696	0.1843
231.99999999999997	-9.631458	0.173637	1.5146640000000002	-0.18500490071139894	0.11868238913561441	0.012217304763960306	-0.016	0.0695	0.1846
233.0	-9.644211	0.173637	1.5176070000000002	-0.17976891295541594	0.12042771838760874	0.006981317007977318	-0.0159	0.0698	0.1845
234.0	-9.637344	0.145188	1.5391890000000001	-0.17627825445142728	0.10821041362364843	0.003490658503988659	-0.0163	0.07	0.1849
235.0	-9.651078	0.142245	1.538208	-0.1884955592153876	0.1117010721276371	0.022689280275926284	-0.0162	0.0701	0.185
236.0	-9.666774	0.151074	1.54017	-0.19198621771937624	0.10297442586766545	0.012217304763960306	-0.0161	0.0699	0.1847
237.0	-9.667755000000001	0.14715	1.5627330000000001	-0.1832595714594046	0.09773843811168245	0.008726646259971648	-0.0159	0.07	0.1848
238.0	-9.68247	0.13439700000000002	1.5293790000000003	-0.18675022996339324	0.09075712110370514	0.017453292519943295	-0.0161	0.0696	0.1845
239.0	-9.695223	0.13145400000000002	1.509759	-0.18675022996339324	0.08726646259971647	0.015707963267948967	-0.0157	0.0693	0.1846
240.0	-9.703071	0.115758	1.474443	-0.18500490071139894	0.0890117918517108	0.015707963267948967	-0.0156	0.0692	0.1844
241.0	-9.703071	0.09711900000000001	1.4656140000000002	-0.1710422666954443	0.08028514559173916	0.006981317007977318	-0.0154	0.069	0.1843
242.0	-9.703071	0.08338500000000001	1.4685570000000001	-0.15707963267948966	0.08552113334772216	0.015707963267948967	-0.0153	0.0693	0.1838
243.00000000000003	-9.689337	0.059841000000000005	1.474443	-0.14486232791552936	0.0890117918517108	0.008726646259971648	-0.0154	0.0693	0.1839
244.0	-9.698166	0.074556	1.478367	-0.14486232791552936	0.07679448708775051	0.008726646259971648	-0.0148	0.0691	0.1836
245.00000000000003	-9.69228	0.062784	1.488177	-0.12391837689159739	0.08203047484373349	0.012217304763960306	-0.0149	0.0689	0.1835
246.0	-9.674622	0.036297	1.455804	-0.11693705988362008	0.08552113334772216	0.003490658503988659	-0.0147	0.0689	0.1834
247.00000000000003	-9.676584000000002	0.020601	1.428336	-0.11693705988362008	0.07853981633974483	0.003490658503988659	-0.0149	0.0691	0.1832
248.0	-9.669717	0.015696	1.44207	-0.10821041362364843	0.06632251157578452	0.006981317007977318	-0.0149	0.0694	0.1831
249.00000000000003	-9.660888	-0.001962	1.4361840000000001	-0.09948376736367678	0.06283185307179587	0.003490658503988659	-0.0149	0.0695	0.183
250.0	-9.66285	-0.001962	1.428336	-0.10122909661567112	0.061086523819801536	0.0	-0.0152	0.0697	0.1829
250.99999999999997	-9.663831	0.013734000000000001	1.4656140000000002	-0.0890117918517108	0.054105206811824215	0.0	-0.0151	0.0697	0.1825
252.0	-9.665793	0.011772	1.439127	-0.08203047484373349	0.061086523819801536	0.0	-0.0152	0.0692	0.1823
252.99999999999997	-9.669717	0.008829	1.409697	-0.08552113334772216	0.05759586531581287	-0.0017453292519943296	-0.0149	0.0689	0.182
254.0	-9.658926000000001	-0.001962	1.4057730000000002	-0.08203047484373349	0.054105206811824215	0.003490658503988659	-0.0151	0.0688	0.1815
254.99999999999997	-9.66285	0.009810000000000001	1.40283	-0.07504915783575616	0.05235987755982989	0.003490658503988659	-0.015	0.0691	0.1808
256.0	-9.670698	0.024525	1.417545	-0.0645771823237902	0.05759586531581287	0.006981317007977318	-0.0153	0.0688	0.1809
257.0	-9.664812	0.017658	1.4038110000000001	-0.0715584993317675	0.05759586531581287	0.0	-0.0153	0.0689	0.1803
258.0	-9.665793	0.028449	1.399887	-0.06283185307179587	0.0645771823237902	0.003490658503988659	-0.0152	0.0686	0.1803
259.0	-9.671679000000001	0.024525	1.374381	-0.0645771823237902	0.05759586531581287	0.003490658503988659	-0.0154	0.0683	0.1801
260.0	-9.670698	0.022563	1.385172	-0.06632251157578452	0.061086523819801536	-0.0017453292519943296	-0.0152	0.0684	0.18
261.0	-9.667755000000001	0.009810000000000001	1.372419	-0.06632251157578452	0.06632251157578452	0.0	-0.0154	0.0686	0.18
262.0	-9.673641	0.014715	1.3694760000000001	-0.059341194567807204	0.05759586531581287	-0.005235987755982988	-0.0151	0.0689	0.1804
263.0	-9.683451	0.014715	1.359666	-0.06632251157578452	0.05061454830783556	0.006981317007977318	-0.0155	0.069	0.1806
264.0	-9.69228	0.010791000000000002	1.342008	-0.048869219055841226	0.05235987755982989	-0.003490658503988659	-0.0154	0.069	0.1812
265.0	-9.698166	0.006867000000000001	1.3321980000000002	-0.05585053606381855	0.05235987755982989	0.0017453292519943296	-0.0154	0.0686	0.1818
266.0	-9.701109	0.002943	1.3390650000000002	-0.05585053606381855	0.04363323129985824	0.0	-0.0152	0.0685	0.1816
267.0	-9.710919	0.014715	1.341027	-0.05235987755982989	0.05759586531581287	0.005235987755982988	-0.0148	0.0682	0.1821
268.0	-9.710919	-0.000981	1.3223880000000001	-0.05061454830783556	0.05061454830783556	0.006981317007977318	-0.0149	0.0684	0.1821
269.0	-9.70209	0.0	1.3351410000000001	-0.0471238898038469	0.04537856055185257	0.0	-0.0147	0.0685	0.1822
270.0	-9.694242000000001	-0.008829	1.347894	-0.04014257279586958	0.03665191429188092	0.003490658503988659	-0.0147	0.0681	0.1819
271.0	-9.70209	0.005886	1.333179	-0.03665191429188092	0.04363323129985824	0.005235987755982988	-0.0147	0.0679	0.182
272.0	-9.688356	-0.001962	1.357704	-0.03316125578789226	0.04537856055185257	0.006981317007977318	-0.0147	0.0675	0.1818
273.0	-9.68247	-0.003924	1.346913	-0.03665191429188092	0.048869219055841226	0.006981317007977318	-0.0147	0.0673	0.1817
274.0	-9.681489000000001	0.002943	1.3567230000000001	-0.03490658503988659	0.05235987755982989	0.008726646259971648	-0.0149	0.0671	0.1814
275.0	-9.670698	-0.005886	1.3567230000000001	-0.03316125578789226	0.06283185307179587	-0.0017453292519943296	-0.0148	0.0671	0.1811
276.0	-9.65304	-0.030411	1.352799	-0.027925268031909273	0.05235987755982989	0.003490658503988659	-0.0151	0.067	0.1809
277.0	-9.640287	-0.039240000000000004	1.3783050000000001	-0.022689280275926284	0.05585053606381855	0.0	-0.0155	0.0669	0.1809
278.0	-9.646173	-0.041202	1.385172	-0.022689280275926284	0.05235987755982989	0.006981317007977318	-0.0157	0.0668	0.1809
279.0	-9.659907	-0.038259	1.389096	-0.012217304763960306	0.05235987755982989	0.0	-0.0163	0.0668	0.181
280.0	-9.661869000000001	-0.060822	1.380267	0.0017453292519943296	0.05061454830783556	-0.0017453292519943296	-0.0164	0.0667	0.1815
281.0	-9.648135000000002	-0.095157	1.404792	0.006981317007977318	0.048869219055841226	-0.0017453292519943296	-0.0164	0.0669	0.1817
282.0	-9.66285	-0.10104300000000001	1.406754	0.013962634015954637	0.05585053606381855	-0.003490658503988659	-0.0167	0.0672	0.1821
283.0	-9.667755000000001	-0.10104300000000001	1.441089	0.012217304763960306	0.048869219055841226	0.0	-0.0169	0.0671	0.1825
284.0	-9.674622	-0.104967	1.4577660000000001	0.006981317007977318	0.048869219055841226	-0.013962634015954637	-0.0171	0.0672	0.1827
285.0	-9.669717	-0.093195	1.5028920000000001	-0.008726646259971648	0.041887902047863905	-0.020943951023931952	-0.0175	0.0674	0.1829
286.0	-9.673641	-0.055917	1.5450750000000002	-0.013962634015954637	0.04014257279586958	-0.027925268031909273	-0.0177	0.0675	0.1832
287.0	-9.667755000000001	-0.023544	1.5843150000000001	-0.03665191429188092	0.04363323129985824	-0.031415926535897934	-0.0179	0.0677	0.1838
288.0	-9.657945000000002	0.015696	1.6186500000000001	-0.061086523819801536	0.0471238898038469	-0.038397243543875255	-0.0181	0.068	0.1847
289.0	-9.648135000000002	0.051993000000000004	1.6608330000000002	-0.061086523819801536	0.0471238898038469	-0.038397243543875255	-0.0182	0.0681	0.1855
290.0	-9.635382	0.090252	1.718712	-0.10471975511965978	0.04537856055185257	-0.038397243543875255	-0.0186	0.0683	0.1871
291.0	-9.629496000000001	0.133416	1.7746290000000002	-0.12740903539558607	0.048869219055841226	-0.031415926535897934	-0.0185	0.0684	0.1891
292.0	-9.599085	0.152055	1.8070020000000002	-0.143116998663535	0.054105206811824215	-0.020943951023931952	-0.0184	0.0684	0.1918
293.0	-9.556902000000001	0.155979	1.832508	-0.158824961931484	0.041887902047863905	0.003490658503988659	-0.0181	0.0686	0.1945
294.0	-9.504909	0.155979	1.8678240000000002	-0.16580627893946132	0.061086523819801536	0.010471975511965976	-0.0178	0.0686	0.1984
295.0	-9.465669	0.136359	1.8589950000000002	-0.1710422666954443	0.06632251157578452	0.019198621771937627	-0.0177	0.0687	0.2032
296.0	-9.421524000000002	0.096138	1.852128	-0.17453292519943295	0.06981317007977318	0.04363323129985824	-0.0173	0.0689	0.2082
297.0	-9.377379	0.045126	1.836432	-0.17453292519943295	0.06981317007977318	0.04363323129985824	-0.017	0.0689	0.2127
298.0	-9.30969	-0.013734000000000001	1.8334890000000001	-0.158824961931484	0.10471975511965978	0.09948376736367678	-0.0163	0.069	0.2176
299.0	-9.27045	-0.079461	1.787382	-0.15707963267948966	0.12566370614359174	0.12217304763960307	-0.0159	0.0689	0.2228
300.0	-9.263583	-0.12753	1.7000730000000002	-0.13788101090755203	0.1413716694115407	0.13788101090755203	-0.0154	0.0691	0.2272
301.0	-9.281241000000001	-0.190314	1.607859	-0.11693705988362008	0.15533430342749532	0.1413716694115407	-0.0152	0.0693	0.2315
302.0	-9.30969	-0.23544	1.556847	-0.11693705988362008	0.15533430342749532	0.1413716694115407	-0.0147	0.0696	0.2349
303.0	-9.396999000000001	-0.293319	1.469538	-0.08552113334772216	0.18151424220741028	0.11868238913561441	-0.0147	0.0697	0.2372
304.0	-9.508833000000001	-0.331578	1.4204880000000002	-0.059341194567807204	0.1780235837034216	0.10471975511965978	-0.0144	0.0697	0.2379
305.0	-9.627534	-0.377685	1.3655519999999999	-0.048869219055841226	0.17453292519943295	0.0715584993317675	-0.0143	0.0696	0.2373
306.0	-9.760950000000001	-0.38357100000000005	1.3390650000000002	-0.05585053606381855	0.15184364492350666	0.05585053606381855	-0.0143	0.0697	0.2363
307.0	-9.875727	-0.38847600000000004	1.310616	-0.05585053606381855	0.143116998663535	0.031415926535897934	-0.014	0.0697	0.2346
308.0	-9.975788999999999	-0.36689400000000005	1.3066920000000002	-0.07504915783575616	0.12740903539558607	0.026179938779914945	-0.0144	0.0697	0.2317
309.0	-10.023858	-0.327654	1.336122	-0.10995574287564276	0.1308996938995747	0.006981317007977318	-0.0143	0.0699	0.2277
310.0	-10.031706	-0.272718	1.394982	-0.1466076571675237	0.1361356816555577	0.003490658503988659	-0.0142	0.07	0.2232
311.0	-10.001295	-0.209934	1.443051	-0.17976891295541594	0.14486232791552936	0.005235987755982988	-0.0142	0.0698	0.2181
312.0	-9.963036	-0.14028300000000002	1.522512	-0.2059488517353309	0.13788101090755203	0.013962634015954637	-0.0145	0.0697	0.2124
313.0	-9.881613000000002	-0.073575	1.5823530000000001	-0.22863813201125716	0.13962634015954636	0.031415926535897934	-0.0144	0.0699	0.2072
314.0	-9.772722	-0.059841000000000005	1.5960870000000003	-0.24085543677521748	0.13264502315156904	0.03490658503988659	-0.015	0.0702	0.2023
315.0	-9.670698	-0.013734000000000001	1.6608330000000002	-0.23561944901923448	0.11868238913561441	0.04537856055185257	-0.015	0.0707	0.1978
316.0	-9.571617	-0.020601	1.674567	-0.22863813201125716	0.10995574287564276	0.04537856055185257	-0.0148	0.0706	0.1933
317.0	-9.506871	-0.02943	1.6765290000000002	-0.22514747350726852	0.10297442586766545	0.05585053606381855	-0.0151	0.0709	0.1891
318.0	-9.461745	-0.07749900000000001	1.6726050000000001	-0.19896753472735357	0.09250245035569947	0.06283185307179587	-0.015	0.071	0.1856
319.0	-9.446049	-0.14322600000000002	1.6726050000000001	-0.17976891295541594	0.08203047484373349	0.0715584993317675	-0.015	0.0715	0.1831
320.0	-9.453897000000001	-0.231516	1.6608330000000002	-0.143116998663535	0.09075712110370514	0.07330382858376185	-0.0147	0.072	0.1809
321.0	-9.491175	-0.31293899999999997	1.6441560000000002	-0.1117010721276371	0.1117010721276371	0.06806784082777885	-0.0152	0.0721	0.1795
322.0	-9.540225000000001	-0.39043800000000006	1.5970680000000002	-0.08203047484373349	0.10995574287564276	0.059341194567807204	-0.0148	0.0722	0.1782
323.0	-9.599085	-0.44046900000000005	1.568619	-0.05585053606381855	0.11868238913561441	0.061086523819801536	-0.0149	0.0729	0.1774
324.0	-9.661869000000001	-0.45714600000000005	1.5696	-0.03316125578789226	0.12740903539558607	0.0471238898038469	-0.0149	0.0731	0.177
325.0	-9.728577000000001	-0.463032	1.54017	-0.019198621771937627	0.11868238913561441	0.061086523819801536	-0.0148	0.0727	0.177
326.0	-9.783513000000001	-0.443412	1.5450750000000002	-0.019198621771937627	0.11868238913561441	0.061086523819801536	-0.015	0.0727	0.1769
327.0	-9.858069	-0.41496299999999997	1.591182	0.026179938779914945	0.08377580409572781	0.061086523819801536	-0.0151	0.0727	0.1771
328.0	-9.968922000000001	-0.381609	1.542132	0.06806784082777885	0.048869219055841226	0.0715584993317675	-0.0154	0.0725	0.1772
329.0	-10.066041	-0.347274	1.555866	0.08028514559173916	0.031415926535897934	0.08377580409572781	-0.0158	0.072	0.1773
330.0	-10.173950999999999	-0.277623	1.5588090000000001	0.12217304763960307	-0.012217304763960306	0.08203047484373349	-0.0163	0.0715	0.1774
331.0	-10.254393	-0.24230700000000002	1.555866	0.16057029118347832	-0.03665191429188092	0.07853981633974483	-0.0161	0.0714	0.1772
332.0	-10.316196000000001	-0.212877	1.5480180000000001	0.21642082724729686	-0.04537856055185257	0.08377580409572781	-0.0164	0.071	0.1768
333.0	-10.342683000000001	-0.210915	1.527417	0.24609142453120045	-0.06283185307179587	0.09948376736367678	-0.017	0.0701	0.1768
334.0	-10.364265	-0.17265600000000003	1.521531	0.2844886680750757	-0.05759586531581287	0.12217304763960307	-0.0171	0.0699	0.1768
335.0	-10.362303	-0.17952300000000002	1.454823	0.317649923862968	-0.03665191429188092	0.13962634015954636	-0.0172	0.0697	0.1752
336.0	-10.334835000000002	-0.15499800000000002	1.4302980000000003	0.32812189937493397	-0.03665191429188092	0.17627825445142728	-0.0172	0.0697	0.1738
337.0	-10.267146	-0.124587	1.338084	0.3490658503988659	-0.020943951023931952	0.19024088846738194	-0.0173	0.0694	0.172
338.0	-10.144521000000001	-0.073575	1.2919770000000002	0.36477381366681483	-0.020943951023931952	0.20943951023931956	-0.0171	0.0692	0.1666
339.0	-10.022877000000001	0.020601	1.1634660000000001	0.3543018381548489	-0.003490658503988659	0.2303834612632515	-0.0169	0.069	0.1633
340.0	-9.872784	0.10987200000000001	1.062423	0.33510321638291124	0.05759586531581287	0.24434609527920614	-0.0167	0.0688	0.1595
341.0	-9.750159	0.243288	0.974133	0.30717794835100204	0.13788101090755203	0.2617993877991494	-0.0168	0.0688	0.1544
342.0	-9.640287	0.384552	0.8554320000000001	0.26529004630313807	0.15707963267948966	0.26354471705114374	-0.0167	0.0689	0.1483
343.0	-9.553959	0.545436	0.7808760000000001	0.26529004630313807	0.15707963267948966	0.26354471705114374	-0.0162	0.069	0.142
344.0	-9.440163	0.721035	0.626859	0.1884955592153876	0.08377580409572781	0.22514747350726852	-0.0159	0.0691	0.137
345.0	-9.387189	0.9201779999999999	0.51993	0.16755160819145562	0.24434609527920614	0.24958208303518914	-0.0159	0.0691	0.1347
346.0	-9.386208	1.0791000000000002	0.391419	0.09948376736367678	0.4014257279586958	0.24609142453120045	-0.0158	0.069	0.1288
347.0	-9.408771	1.248813	0.32373	0.07330382858376185	0.3787364476827695	0.26354471705114374	-0.0154	0.0689	0.1262
348.0	-9.516681	1.4185260000000002	0.29135700000000003	0.027925268031909273	0.38048177693476387	0.2844886680750757	-0.0153	0.0687	0.1277
349.0	-9.624591	1.5117209999999999	0.259965	-0.005235987755982988	0.312413936106985	0.29496064358704166	-0.0152	0.0686	0.1271
350.0	-9.745254	1.590201	0.212877	-0.005235987755982988	0.312413936106985	0.29496064358704166	-0.015	0.0686	0.127
351.0	-9.730539	1.636308	0.15499800000000002	0.041887902047863905	0.16057029118347832	0.32986722862692824	-0.0148	0.0682	0.1305
352.0	-9.706995000000001	1.6431750000000003	0.12360600000000001	0.05759586531581287	0.27401669256310973	0.3420845333908886	-0.015	0.0683	0.1326
353.0	-9.679527	1.634346	0.10594800000000001	0.06632251157578452	0.32986722862692824	0.3385938748868999	-0.0151	0.0682	0.1386
354.0	-9.693261	1.573524	0.135378	0.08203047484373349	0.33335788713091696	0.317649923862968	-0.0149	0.0677	0.1425
355.0	-9.640287	1.484253	0.167751	0.1117010721276371	0.32114058236695664	0.2984513020910304	-0.0148	0.068	0.147
356.0	-9.559845000000001	1.40283	0.178542	0.1117010721276371	0.32114058236695664	0.2984513020910304	-0.0148	0.0684	0.1546
357.0	-9.461745	1.297863	0.16873200000000002	0.1117010721276371	0.32114058236695664	0.2984513020910304	-0.0149	0.0688	0.1596
358.0	-9.307728000000001	1.183086	0.150093	0.1117010721276371	0.32114058236695664	0.2984513020910304	-0.0149	0.0695	0.1642
359.0	-9.162540000000002	1.106568	0.157941	0.1117010721276371	0.32114058236695664	0.2984513020910304	-0.0149	0.0699	0.1686
360.0	-9.017352	1.029069	0.164808	0.1117010721276371	0.32114058236695664	0.2984513020910304	-0.015	0.0704	0.173
361.0	-8.992827	0.959418	0.174618	0.1117010721276371	0.32114058236695664	0.2984513020910304	-0.0149	0.0709	0.1751
362.0	-8.979093	0.915273	0.188352	0.1117010721276371	0.32114058236695664	0.2984513020910304	-0.0148	0.0711	0.1801
363.0	-8.968302000000001	0.885843	0.18933300000000003	0.1117010721276371	0.32114058236695664	0.2984513020910304	-0.0148	0.0716	0.1811
364.0	-8.954568	0.8622990000000001	0.18344700000000003	0.1117010721276371	0.32114058236695664	0.2984513020910304	-0.0148	0.0723	0.183
365.0	-8.954568	0.8622990000000001	0.18344700000000003	0.1117010721276371	0.32114058236695664	0.2984513020910304	-0.0148	0.0723	0.183
366.0	-8.954568	0.8622990000000001	0.18344700000000003	0.1117010721276371	0.32114058236695664	0.2984513020910304	-0.0148	0.0723	0.183
367.0	-8.954568	0.8622990000000001	0.18344700000000003	0.1117010721276371	0.32114058236695664	0.2984513020910304	-0.0148	0.0723	0.183
368.0	-8.954568	0.8622990000000001	0.18344700000000003	0.1117010721276371	0.32114058236695664	0.2984513020910304	-0.0148	0.0723	0.183
369.0	-8.954568	0.8622990000000001	0.18344700000000003	0.1117010721276371	0.32114058236695664	0.2984513020910304	-0.0148	0.0723	0.183
370.0	-8.954568	0.8622990000000001	0.18344700000000003	0.1117010721276371	0.32114058236695664	0.2984513020910304	-0.0148	0.0723	0.183
371.0	-9.007542	0.9231210000000001	0.069651	-0.013962634015954637	0.6440264939859076	-0.03665191429188092	-0.0143	0.0716	0.1837
372.0	-9.058554	0.976095	-0.047088	-0.03316125578789226	0.640535835481919	-0.026179938779914945	-0.0136	0.071	0.1844
373.0	-9.125262000000001	1.0516320000000001	-0.13734000000000002	-0.05585053606381855	0.6318091892219474	-0.020943951023931952	-0.0137	0.0706	0.1849
374.0	-9.208647000000001	1.1183400000000001	-0.243288	-0.07330382858376185	0.5934119456780721	-0.017453292519943295	-0.013	0.07	0.1855
375.0	-9.291051000000001	1.1654280000000001	-0.344331	-0.07853981633974483	0.5637413483941683	-0.024434609527920613	-0.0123	0.0694	0.1858
376.0	-9.381303	1.20663	-0.46695600000000004	-0.10122909661567112	0.5305800926062761	-0.03316125578789226	-0.0122	0.0687	0.1865
377.0	-9.479403000000001	1.234098	-0.5944860000000001	-0.1117010721276371	0.49741883681838395	-0.061086523819801536	-0.0115	0.0683	0.1871
378.0	-9.581427000000001	1.2645089999999999	-0.70632	-0.11693705988362008	0.4468042885105484	-0.08028514559173916	-0.0111	0.0679	0.1888
379.0	-9.699147	1.31454	-0.8142300000000001	-0.12566370614359174	0.4066617157146788	-0.08377580409572781	-0.0104	0.0674	0.1887
380.0	-9.806076000000001	1.361628	-0.927045	-0.15533430342749532	0.3752457891787809	-0.12042771838760874	-0.0101	0.0669	0.1892
381.0	-9.848259	1.3321980000000002	-0.938817	-0.17976891295541594	0.3193952531149623	-0.15358897417550102	-0.0098	0.0674	0.1908
382.0	-9.916929	1.326312	-0.9849240000000001	-0.20943951023931956	0.2617993877991494	-0.17976891295541594	-0.0102	0.0677	0.192
383.0	-9.972846	1.315521	-1.004544	-0.22689280275926285	0.21642082724729686	-0.2181661564992912	-0.0097	0.0679	0.1901
384.0	-10.023858	1.305711	-1.029069	-0.2583087292951608	0.15009831567151233	-0.22514747350726852	-0.0102	0.0679	0.1917
385.0	-10.075851	1.3165020000000003	-1.058499	-0.2583087292951608	0.15009831567151233	-0.22514747350726852	-0.0108	0.0679	0.1936
386.0	-10.136673000000002	1.342989	-1.0555560000000002	-0.3036872898470133	-0.024434609527920613	-0.24085543677521748	-0.011	0.0682	0.1945
387.0	-10.196514000000002	1.372419	-1.060461	-0.33335788713091696	-0.08028514559173916	-0.25481807079117214	-0.0114	0.068	0.1918
388.0	-10.254393	1.421469	-1.050651	-0.3490658503988659	-0.15184364492350666	-0.26354471705114374	-0.0117	0.0678	0.1925
389.0	-10.304424000000001	1.453842	-1.067328	-0.3769911184307752	-0.20420352248333654	-0.27052603405912107	-0.0119	0.0678	0.1917
390.0	-10.358379000000001	1.4921010000000001	-1.084005	-0.3944444109507185	-0.26529004630313807	-0.26529004630313807	-0.0121	0.0679	0.192
391.0	-10.411353	1.5372270000000001	-1.102644	-0.41364303272265607	-0.33510321638291124	-0.25481807079117214	-0.0126	0.0676	0.1911
392.0	-10.436859000000002	1.588239	-1.0732140000000001	-0.4310963252425994	-0.38746309394274114	-0.24783675378319478	-0.0127	0.0672	0.191
393.0	-10.430973	1.606878	-1.071252	-0.460766922526503	-0.4258603374866164	-0.22863813201125716	-0.0132	0.0672	0.1918
394.0	-10.415277000000001	1.6333650000000002	-1.048689	-0.460766922526503	-0.4258603374866164	-0.22863813201125716	-0.0135	0.0677	0.1889
395.0	-10.384866	1.689282	-1.031031	-0.5375614096142535	-0.48171087355043496	-0.19722220547535926	-0.0137	0.068	0.1864
396.0	-10.323063000000001	1.748142	-1.0065060000000001	-0.582939970166106	-0.5026548245743669	-0.1884955592153876	-0.0137	0.068	0.1871
397.0	-10.236735000000001	1.832508	-0.9702090000000001	-0.6335545184739416	-0.4904375198104066	-0.19198621771937624	-0.0137	0.0683	0.1898
398.0	-10.150407	1.926684	-0.960399	-0.6859143960337715	-0.47472955654245763	-0.19024088846738194	-0.0141	0.0686	0.1864
399.0	-10.037592000000002	2.0130120000000002	-0.9221400000000001	-0.7435102613495844	-0.4852015320544236	-0.1954768762233649	-0.0144	0.0686	0.1875
400.0	-9.913986	2.078739	-0.949608	-0.7365289443416071	-0.4642575810304917	-0.19896753472735357	-0.0144	0.0682	0.1891
401.0	-9.820791000000002	2.176839	-0.868185	-0.7853981633974483	-0.44331363000655966	-0.20769418098732523	-0.0148	0.0682	0.1869
401.99999999999994	-9.82962	2.289654	-0.6533460000000001	-0.8115781021773633	-0.38746309394274114	-0.1954768762233649	-0.0147	0.0685	0.1859
403.0	-9.962055000000001	2.3426280000000004	-0.422811	-0.7627088831215221	-0.3769911184307752	-0.1291543646475804	-0.0148	0.0681	0.1862
404.0	-10.095471	2.396583	-0.19325699999999998	-0.7627088831215221	-0.3769911184307752	-0.1291543646475804	-0.0148	0.0677	0.1865
405.0	-10.243602000000001	2.4211080000000003	0.041202	-0.7627088831215221	-0.3769911184307752	-0.1291543646475804	-0.0149	0.0675	0.1865
405.99999999999994	-10.406448000000001	2.430918	0.25702200000000003	-0.7627088831215221	-0.3769911184307752	-0.1291543646475804	-0.015	0.0674	0.1838
407.0	-10.58499	2.427975	0.475785	-0.7627088831215221	-0.3769911184307752	-0.1291543646475804	-0.0154	0.0669	0.1829
408.0	-10.763532	2.3906970000000003	0.6906240000000001	-0.7627088831215221	-0.3769911184307752	-0.1291543646475804	-0.0154	0.0668	0.1835
409.0	-10.757646000000001	2.1670290000000003	0.726921	-0.1710422666954443	0.143116998663535	0.010471975511965976	-0.0155	0.0668	0.1836
409.99999999999994	-10.845936	2.0983590000000003	0.850527	-0.28099800957108706	0.2844886680750757	-0.054105206811824215	-0.0157	0.0672	0.1811
411.00000000000006	-11.026440000000001	2.061081	0.9093870000000001	-0.38048177693476387	0.36302848441482055	-0.05061454830783556	-0.0156	0.0673	0.1818
412.0	-11.167704	1.9570950000000003	0.9368550000000001	-0.3909537524467298	0.3961897402027128	0.013962634015954637	-0.0154	0.0672	0.1809
413.0	-11.183399999999999	1.899216	1.002582	-0.38222710618675815	0.24609142453120045	0.07853981633974483	-0.0153	0.0673	0.1814
413.99999999999994	-11.11473	1.7589329999999999	1.115397	-0.3944444109507185	0.048869219055841226	0.12566370614359174	-0.0151	0.0673	0.182
415.00000000000006	-10.973466	1.5440940000000003	1.2851100000000002	-0.42062434973063345	-0.0942477796076938	0.17976891295541594	-0.0151	0.0674	0.1825
416.0	-10.759608	1.214478	1.44207	-0.4590215932745087	-0.18675022996339324	0.20769418098732523	-0.0151	0.0674	0.183
417.0	-10.488852	0.8662230000000001	1.5813720000000002	-0.47647488579445196	-0.25132741228718347	0.26529004630313807	-0.0148	0.0675	0.1836
418.0	-10.166103	0.47382300000000005	1.7128260000000002	-0.49741883681838395	-0.291469985083053	0.33161255787892263	-0.0145	0.0676	0.1844
419.00000000000006	-10.059174	0.241326	2.002221	-0.47123889803846897	-0.40491638646268446	0.39793506945470714	-0.0145	0.0675	0.1844
420.0	-9.874746	-0.12753	2.27592	-0.47123889803846897	-0.40491638646268446	0.39793506945470714	-0.0146	0.0673	0.1848
421.0	-9.509814	-0.46597500000000003	2.4799680000000004	-0.4188790204786391	-0.7539822368615504	0.4886921905584123	-0.0146	0.0672	0.1853
422.0	-8.990865	-0.736731	2.465253	-0.4066617157146788	-0.8255407361933178	0.4991641660703783	-0.0148	0.0673	0.1859
423.00000000000006	-8.607294	-0.874071	2.335761	-0.3769911184307752	-0.5619960191421741	0.3944444109507185	-0.0147	0.0672	0.1858
424.0	-8.507232	-0.854451	2.2710150000000002	-0.30717794835100204	0.05759586531581287	0.2617993877991494	-0.0146	0.0671	0.1857
425.0	-8.563149000000001	-0.777933	2.198421	-0.2897246558310587	0.09948376736367678	0.12391837689159739	-0.0145	0.0669	0.1859
426.0	-8.49546	-0.620973	2.1846870000000003	-0.2792526803190927	-0.2879793265790644	0.06806784082777885	-0.0144	0.067	0.1862
426.99999999999994	-8.451315000000001	-0.49736700000000006	2.271996	-0.13788101090755203	-0.30543261909900765	0.0017453292519943296	-0.0145	0.067	0.1864
428.0	-8.474859	-0.44145	2.371077	0.11519173063162574	-0.21467549799530256	-0.07679448708775051	-0.0143	0.067	0.1864
429.0	-8.509194	-0.543474	2.3995260000000003	0.38571776469074687	0.09948376736367678	-0.12391837689159739	-0.0143	0.0673	0.1864
430.0	-8.563149000000001	-0.7416360000000001	2.276901	0.5619960191421741	0.23561944901923448	-0.1466076571675237	-0.014	0.0674	0.1863
430.99999999999994	-8.694603	-0.9947340000000001	2.071872	0.5497787143782138	0.3944444109507185	-0.19896753472735357	-0.0141	0.0674	0.1861
432.0	-8.983998	-1.095777	1.8952920000000002	0.5445427266222308	0.4066617157146788	-0.22514747350726852	-0.014	0.0677	0.1859
433.0	-9.343044	-1.029069	1.7599140000000002	0.4328416544945937	0.5061454830783556	-0.22165681500327983	-0.014	0.068	0.186
434.0	-9.500985	-0.8573940000000001	1.4656140000000002	0.2617993877991494	0.2792526803190927	-0.19896753472735357	-0.014	0.0685	0.1862
434.99999999999994	-9.494118	-0.569961	1.182105	0.12042771838760874	0.14486232791552936	-0.19024088846738194	-0.0137	0.0689	0.1864
436.00000000000006	-9.587313	-0.24525000000000002	0.9231210000000001	0.0715584993317675	0.05235987755982989	-0.1832595714594046	-0.0136	0.0693	0.1863
437.0	-9.679527	0.038259	0.648441	0.041887902047863905	0.024434609527920613	-0.19896753472735357	-0.0138	0.0695	0.1863
438.0	-9.728577000000001	0.23445900000000003	0.40417200000000003	0.07330382858376185	-0.038397243543875255	-0.16929693744344995	-0.014	0.0697	0.1859
438.99999999999994	-9.755064	0.621954	0.244269	0.07330382858376185	-0.038397243543875255	-0.16929693744344995	-0.0138	0.0697	0.1856
440.00000000000006	-9.870822	0.850527	0.24721200000000002	0.33161255787892263	-0.054105206811824215	-0.10471975511965978	-0.0142	0.07	0.1856
441.0	-9.951264	0.992772	0.332559	0.3368485456349056	-0.11344640137963143	-0.10471975511965978	-0.0139	0.0702	0.1854
442.0	-9.955188	0.9564750000000001	0.438507	0.36302848441482055	-0.1466076571675237	-0.1064650843716541	-0.0139	0.0696	0.1856
443.0	-9.775665000000002	0.7151490000000001	0.555246	0.4241150082346221	-0.14835298641951802	-0.10995574287564276	-0.014	0.0698	0.1855
444.00000000000006	-9.609876	0.35904600000000003	0.6759090000000001	0.47647488579445196	-0.20245819323134223	-0.10995574287564276	-0.0144	0.0696	0.1856
445.0	-9.527472	-0.053955	0.7190730000000001	0.49741883681838395	-0.1780235837034216	-0.12042771838760874	-0.0146	0.0697	0.1853
446.0	-9.54513	-0.426735	0.704358	0.5096361415823443	-0.1832595714594046	-0.10297442586766545	-0.0148	0.0698	0.1854
447.0	-9.598104000000001	-0.707301	0.622935	0.5096361415823443	-0.1832595714594046	-0.10297442586766545	-0.0147	0.0699	0.1853
448.00000000000006	-9.675603	-0.787743	0.5071770000000001	0.5096361415823443	-0.1832595714594046	-0.10297442586766545	-0.0149	0.07	0.1857
449.0	-9.733482	-0.791667	0.434583	0.5253441048502933	-0.2530727415391778	-0.054105206811824215	-0.0148	0.07	0.186
450.0	-9.660888	-0.569961	0.33354000000000006	0.5288347633542818	-0.30543261909900765	-0.054105206811824215	-0.0148	0.0701	0.1864
451.0	-9.597123	-0.334521	0.278604	0.5410520681182421	-0.32812189937493397	-0.054105206811824215	-0.0148	0.07	0.1869
451.99999999999994	-9.541206	-0.115758	0.310977	0.5707226654021458	-0.3036872898470133	-0.061086523819801536	-0.015	0.0704	0.1865
453.0	-9.498042	0.006867000000000001	0.276642	0.582939970166106	-0.26005405854715513	-0.07330382858376185	-0.0149	0.0702	0.187
454.0	-9.446049	0.06867000000000001	0.31686300000000006	0.57246799465414	-0.20943951023931956	-0.0890117918517108	-0.0146	0.0703	0.1869
455.0	-9.390132000000001	0.051012	0.32471099999999997	0.5707226654021458	-0.16057029118347832	-0.09599310885968812	-0.0146	0.0703	0.187
455.99999999999994	-9.32931	-0.009810000000000001	0.319806	0.5707226654021458	-0.16057029118347832	-0.09599310885968812	-0.0146	0.0704	0.1871
457.0	-9.269469	-0.07161300000000001	0.31392000000000003	0.5707226654021458	-0.16057029118347832	-0.09599310885968812	-0.0145	0.0704	0.1871
458.0	-9.209628	-0.133416	0.308034	0.5707226654021458	-0.16057029118347832	-0.09599310885968812	-0.0145	0.0705	0.1872
459.0	-9.170388	-0.272718	0.258984	0.5707226654021458	-0.16057029118347832	-0.09599310885968812	-0.0148	0.0708	0.1874
459.99999999999994	-9.173331000000001	-0.329616	0.23936400000000002	0.5358160803622591	-0.0645771823237902	0.027925268031909273	-0.0144	0.0709	0.1872
461.00000000000006	-9.196875	-0.34531200000000006	0.21385800000000002	0.5358160803622591	-0.0645771823237902	0.027925268031909273	-0.0142	0.0715	0.1872
462.0	-9.259659000000001	-0.332559	0.201105	0.5078908123303499	-0.158824961931484	0.10995574287564276	-0.0142	0.0713	0.1877
463.0	-9.315576	-0.29233800000000004	0.238383	0.5078908123303499	-0.158824961931484	0.10995574287564276	-0.0139	0.0713	0.1878
463.99999999999994	-9.370512000000002	-0.25702200000000003	0.24525000000000002	0.5078908123303499	-0.158824961931484	0.10995574287564276	-0.0138	0.0713	0.1882
465.00000000000006	-9.425448000000001	-0.182466	0.301167	0.5078908123303499	-0.158824961931484	0.10995574287564276	-0.0136	0.071	0.1884
466.0	-9.481365	-0.10692900000000001	0.357084	0.5078908123303499	-0.158824961931484	0.10995574287564276	-0.0133	0.0707	0.1886
467.0	-9.537282	-0.032373	0.413001	0.5078908123303499	-0.158824961931484	0.10995574287564276	-0.0131	0.0705	0.1888
468.0	-9.593199	0.042183000000000005	0.46891800000000006	0.5078908123303499	-0.158824961931484	0.10995574287564276	-0.0128	0.0702	0.1889
469.00000000000006	-9.649116000000001	0.11673900000000001	0.524835	0.5078908123303499	-0.158824961931484	0.10995574287564276	-0.0126	0.0699	0.1891
470.0	-9.68247	0.139302	0.567018	0.5078908123303499	-0.158824961931484	0.10995574287564276	-0.0127	0.0695	0.1893
471.0	-9.716805	0.161865	0.610182	0.5078908123303499	-0.158824961931484	0.10995574287564276	-0.0128	0.0692	0.1895
472.0	-9.824715000000001	0.089271	0.779895	-0.008726646259971648	0.2007128639793479	-0.15009831567151233	-0.0127	0.0695	0.1889
473.00000000000006	-9.963036	-0.066708	0.976095	0.1117010721276371	0.22514747350726852	-0.13264502315156904	-0.0127	0.0697	0.1885
474.0	-10.145502	-0.28449	1.185048	0.2234021442552742	0.12217304763960307	-0.11344640137963143	-0.0131	0.0698	0.1878
475.0	-10.412334	-0.49736700000000006	1.474443	0.2565634000431664	0.04537856055185257	-0.1413716694115407	-0.0133	0.0697	0.187
476.0	-10.689957	-0.688662	1.7599140000000002	0.291469985083053	0.048869219055841226	-0.15707963267948966	-0.0135	0.0699	0.1865
476.99999999999994	-10.937169	-0.849546	2.084625	0.32986722862692824	-0.048869219055841226	-0.158824961931484	-0.0137	0.07	0.1861
478.0	-11.198115	-0.94176	2.323989	0.38222710618675815	-0.05235987755982989	-0.1780235837034216	-0.0138	0.0699	0.1858
479.0	-11.463966000000001	-0.964323	2.548638	0.3944444109507185	0.027925268031909273	-0.20769418098732523	-0.0138	0.0697	0.1855
480.0	-11.670957	-0.977076	2.7389520000000003	0.3665191429188092	0.10471975511965978	-0.2234021442552742	-0.0139	0.0696	0.1848
480.99999999999994	-11.876967000000002	-0.9898290000000001	2.9292659999999997	0.3665191429188092	0.10471975511965978	-0.2234021442552742	-0.0141	0.0696	0.1841
482.0	-11.836746	-0.9044820000000001	3.0254040000000004	0.27401669256310973	-0.019198621771937627	-0.1361356816555577	-0.0143	0.0694	0.1842
483.0	-11.667033	-0.74556	3.0597390000000004	0.1954768762233649	-0.08377580409572781	-0.09773843811168245	-0.0142	0.0691	0.1841
484.0	-11.452194	-0.5277780000000001	3.081321	0.1954768762233649	-0.08377580409572781	-0.09773843811168245	-0.0137	0.0691	0.1843
484.99999999999994	-11.152989000000002	-0.31293899999999997	3.022461	0.1954768762233649	-0.08377580409572781	-0.09773843811168245	-0.0135	0.0692	0.1846
486.00000000000006	-10.844955	-0.120663	2.9665440000000003	0.1954768762233649	-0.08377580409572781	-0.09773843811168245	-0.0132	0.069	0.1846
487.0	-10.564389	0.04022100000000001	2.873349	0.1954768762233649	-0.08377580409572781	-0.09773843811168245	-0.0129	0.0689	0.1845
488.0	-10.054269	0.212877	2.87433	0.09250245035569947	-0.32288591161895097	-0.04363323129985824	-0.013	0.0691	0.1846
488.99999999999994	-9.531396	0.31293899999999997	2.8978740000000003	0.04014257279586958	-0.4537856055185257	-0.059341194567807204	-0.0131	0.069	0.1844
490.00000000000006	-9.110547	0.41888700000000006	2.943	0.015707963267948967	-0.4939281783143953	-0.08377580409572781	-0.0129	0.0691	0.1846
491.0	-8.687736000000001	0.535626	2.9626200000000003	-0.0	-0.5096361415823443	-0.09075712110370514	-0.0125	0.0691	0.1851
492.0	-8.438562	0.648441	2.898855	-0.0	-0.5410520681182421	-0.08028514559173916	-0.0127	0.0685	0.1854
493.0	-8.375778	0.769104	2.848824	-0.0471238898038469	-0.43982297150257105	-0.08377580409572781	-0.0131	0.0682	0.1856
494.00000000000006	-8.173692	1.001601	2.8076220000000003	-0.09250245035569947	-0.3543018381548489	-0.005235987755982988	-0.0137	0.068	0.186
495.0	-7.970625	1.233117	2.7664199999999997	-0.09250245035569947	-0.3543018381548489	-0.005235987755982988	-0.0143	0.0677	0.1864
496.0	-7.7685390000000005	1.4646329999999999	2.725218	-0.09250245035569947	-0.3543018381548489	-0.005235987755982988	-0.0149	0.0674	0.1869
497.0	-7.651800000000001	1.606878	2.653605	-0.05585053606381855	-0.16406094968746698	0.3438298626428829	-0.0152	0.0673	0.1868
498.00000000000006	-7.750881000000001	1.669662	2.573163	-0.04537856055185257	0.0	0.36826447217080355	-0.0152	0.0672	0.1867
499.0	-7.813665	1.707921	2.488797	-0.03665191429188092	0.11519173063162574	0.3508111796508603	-0.0153	0.0677	0.187
500.0	-7.833285	1.7295030000000002	2.416203	-0.03665191429188092	0.11519173063162574	0.3508111796508603	-0.0157	0.0679	0.1874
501.0	-7.840152000000001	1.8138690000000002	2.4083550000000002	-0.041887902047863905	0.18675022996339324	0.23387411976724015	-0.016	0.0681	0.1874
501.99999999999994	-7.804836	1.8658620000000001	2.345571	-0.08028514559173916	0.20769418098732523	0.19024088846738194	-0.0157	0.0685	0.1876
503.0	-7.690059000000001	1.892349	2.2572810000000003	-0.0890117918517108	0.2617993877991494	0.16057029118347832	-0.0155	0.0684	0.1879
504.0	-7.732242	1.7962110000000002	2.152314	-0.1308996938995747	0.36302848441482055	0.15707963267948966	-0.0156	0.0685	0.1877
505.0	-7.787178	1.7255790000000002	2.092473	-0.15707963267948966	0.4590215932745087	0.18500490071139894	-0.0153	0.069	0.1877
505.99999999999994	-7.855848	1.639251	1.983582	-0.19896753472735357	0.5497787143782138	0.19896753472735357	-0.0152	0.0694	0.1879
507.0	-7.864677	1.658871	1.8786150000000001	-0.2879793265790644	0.6178465552059926	0.21991148575128552	-0.0152	0.0695	0.1886
508.0	-7.881354000000001	1.708902	1.78542	-0.36302848441482055	0.7435102613495844	0.2426007660272118	-0.0158	0.0695	0.1896
509.0	-7.951005	1.7913060000000003	1.6637760000000001	-0.4485496177625427	0.8290313946973066	0.2722713633111154	-0.0157	0.0694	0.1915
509.99999999999994	-8.002017	1.887444	1.5539040000000002	-0.5393067388662478	0.9704030641088472	0.291469985083053	-0.0157	0.0692	0.1937
511.00000000000006	-8.051067	1.892349	1.3694760000000001	-0.6108652381980153	1.059414855960558	0.3193952531149623	-0.0162	0.0693	0.1967
512.0	-8.098155	1.918836	1.3027680000000001	-0.6859143960337715	1.14493598930828	0.30194196059501904	-0.0167	0.0696	0.1997
513.0	-8.167806	1.944342	1.222326	-0.747000919853573	1.2287117934040082	0.26529004630313807	-0.0165	0.0701	0.2032
514.0	-8.229609	1.8982350000000001	1.114416	-0.7871434926494426	1.2828170002158321	0.24085543677521748	-0.0162	0.0703	0.2072
515.0	-8.313975000000001	1.8079830000000001	0.963342	-0.7853981633974483	1.319468914507713	0.21118483949131386	-0.0166	0.0701	0.2121
516.0	-8.474859	1.68732	0.845622	-0.7958701389094143	1.3962634015954636	0.20943951023931956	-0.0165	0.0699	0.2168
517.0	-8.665173	1.5136830000000001	0.753408	-0.7801621756414654	1.5079644737231008	0.19896753472735357	-0.0165	0.0698	0.2222
518.0	-8.837829000000001	1.292958	0.655308	-0.773180858633488	1.377064779823526	0.18151424220741028	-0.0162	0.0697	0.2272
519.0	-8.933967	1.08891	0.566037	-0.7278022980816354	1.2618730491919001	0.13962634015954636	-0.0164	0.0692	0.231
520.0	-9.030105	0.893691	0.437526	-0.747000919853573	1.1588986233242349	0.07853981633974483	-0.0162	0.069	0.2345
521.0	-9.143901000000001	0.717111	0.34531200000000006	-0.747000919853573	1.1588986233242349	0.07853981633974483	-0.0159	0.0685	0.2375
522.0	-9.27045	0.545436	0.17756100000000002	-0.6318091892219474	1.18507856210415	0.020943951023931952	-0.016	0.068	0.2392
523.0	-9.380322000000001	0.409077	0.042183000000000005	-0.5480333851262195	1.1693705988362009	-0.024434609527920613	-0.0162	0.068	0.2399
524.0	-9.495099	0.32471099999999997	-0.033354	-0.5480333851262195	1.1431906600562858	-0.07679448708775051	-0.0162	0.0677	0.2394
525.0	-9.597123	0.23053500000000002	-0.151074	-0.5183627878423158	1.075122819228507	-0.11868238913561441	-0.0161	0.0678	0.2376
526.0	-9.611838	0.148131	-0.253098	-0.49741883681838395	0.9878563566287906	-0.143116998663535	-0.0163	0.0676	0.2351
527.0	-9.617724	0.163827	-0.296262	-0.41713369122664473	0.8761552845011534	-0.14486232791552936	-0.0165	0.0676	0.2314
528.0	-9.689337	0.24525000000000002	-0.37179900000000005	-0.3560471674068432	0.8377580409572782	-0.17278759594743864	-0.0166	0.0675	0.227
529.0	-9.828639	0.307053	-0.430659	-0.3560471674068432	0.8377580409572782	-0.17278759594743864	-0.0167	0.0678	0.2226
530.0	-9.965979	0.38847600000000004	-0.45714600000000005	-0.3036872898470133	0.5550147021341968	-0.20245819323134223	-0.0169	0.0682	0.2172
531.0	-10.083699000000001	0.498348	-0.483633	-0.3036872898470133	0.4468042885105484	-0.20769418098732523	-0.017	0.0684	0.2114
532.0	-10.184742	0.590562	-0.5287590000000001	-0.32637657012293964	0.34033920413889424	-0.22165681500327983	-0.0165	0.0689	0.2062
533.0	-10.240659	0.6749280000000001	-0.530721	-0.34033920413889424	0.26005405854715513	-0.24085543677521748	-0.0162	0.069	0.2009
534.0	-10.256355000000001	0.777933	-0.5493600000000001	-0.3612831551628262	0.19896753472735357	-0.2617993877991494	-0.0164	0.0695	0.1971
535.0	-10.249488	0.901539	-0.5591700000000001	-0.3752457891787809	0.14835298641951802	-0.2775073510670984	-0.0158	0.0699	0.1937
536.0	-10.252431	1.0388789999999999	-0.603315	-0.38571776469074687	0.1117010721276371	-0.3089232776029963	-0.0158	0.0704	0.1906
537.0	-10.22202	1.135017	-0.671004	-0.4066617157146788	0.07853981633974483	-0.3246312408709453	-0.0153	0.0708	0.188
538.0	-10.148445	1.144827	-0.791667	-0.4415683007545654	0.048869219055841226	-0.3368485456349056	-0.0151	0.0711	0.1862
539.0	-10.072908	1.138941	-0.9191970000000002	-0.4537856055185257	0.019198621771937627	-0.35255650890285456	-0.0148	0.0716	0.1846
540.0	-10.030725	1.120302	-1.029069	-0.4799655442984406	0.0	-0.3438298626428829	-0.0146	0.0717	0.1841
541.0	-10.031706	1.0751760000000001	-1.187991	-0.4991641660703783	-0.0017453292519943296	-0.34033920413889424	-0.0148	0.072	0.1838
542.0	-10.047402	1.0280880000000001	-1.283148	-0.5567600313861911	-0.015707963267948967	-0.33161255787892263	-0.0151	0.0719	0.1834
543.0	-10.100376	0.9898290000000001	-1.4136210000000002	-0.6038839211900381	-0.059341194567807204	-0.32812189937493397	-0.0154	0.0717	0.1837
544.0	-10.183761	0.9780570000000001	-1.550961	-0.6562437987498679	-0.11519173063162574	-0.33335788713091696	-0.0158	0.0715	0.1837
545.0	-10.263222	0.9545130000000001	-1.713807	-0.7225663103256524	-0.16057029118347832	-0.33510321638291124	-0.0159	0.0708	0.1828
546.0	-10.331892	0.9937530000000001	-1.788363	-0.783652834145454	-0.2129301687433082	-0.33335788713091696	-0.0162	0.0707	0.1829
547.0	-10.358379000000001	0.9937530000000001	-1.9374750000000003	-0.8080874436733745	-0.27576202181510406	-0.33161255787892263	-0.0171	0.0702	0.1827
548.0	-10.356417000000002	1.083024	-2.026746	-0.8499753457212386	-0.34732052114687156	-0.33335788713091696	-0.0177	0.07	0.1825
549.0	-10.325025	1.191915	-2.108169	-0.9197885158010117	-0.3665191429188092	-0.32637657012293964	-0.0183	0.0692	0.1825
550.0	-10.233792	1.279224	-2.229813	-0.9704030641088472	-0.4014257279586958	-0.34732052114687156	-0.0187	0.069	0.1826
551.0	-10.132749	1.42245	-2.1621240000000004	-1.0559241974565694	-0.4118977034706618	-0.38571776469074687	-0.0185	0.0682	0.1818
552.0	-10.029744	1.5696	-2.116998	-1.0559241974565694	-0.4118977034706618	-0.38571776469074687	-0.0184	0.0677	0.1813
553.0	-9.920853000000001	1.711845	-2.054214	-1.0559241974565694	-0.4118977034706618	-0.38571776469074687	-0.0183	0.0673	0.1808
554.0	-9.809019000000001	1.839375	-1.9904490000000001	-1.0559241974565694	-0.4118977034706618	-0.38571776469074687	-0.0178	0.0668	0.1802
555.0	-9.699147	1.9865250000000003	-1.869786	-1.0559241974565694	-0.4118977034706618	-0.38571776469074687	-0.018	0.0665	0.1802
556.0	-10.073889	0.821097	-1.4705190000000001	0.12566370614359174	-0.3595378259108319	0.41538836197465046	-0.0184	0.0662	0.1741
557.0	-9.975788999999999	0.042183000000000005	-1.2645089999999999	-0.010471975511965976	0.006981317007977318	0.6073745796940266	-0.0178	0.0661	0.1711
558.0	-9.706014	-0.35904600000000003	-0.8721090000000001	-0.17627825445142728	-0.0890117918517108	0.7051130178057091	-0.0178	0.0656	0.1691
559.0	-9.465669	-0.7651800000000001	-0.48069000000000006	-0.17627825445142728	-0.0890117918517108	0.7051130178057091	-0.0177	0.0656	0.1666
560.0	-9.826677	-0.8093250000000001	0.197181	-0.7958701389094143	0.08726646259971647	0.6440264939859076	-0.0178	0.0649	0.1595
561.0	-10.171989	-0.9133110000000001	0.734769	-0.7958701389094143	0.08726646259971647	0.6440264939859076	-0.018	0.0648	0.1534
562.0	-10.517301000000002	-1.016316	1.2723570000000002	-0.7958701389094143	0.08726646259971647	0.6440264939859076	-0.0182	0.0647	0.1472
563.0	-10.554579000000002	-1.016316	1.787382	-0.5619960191421741	-0.39968039870670147	0.8307767239493009	-0.0186	0.0647	0.1431
564.0	-10.592838000000002	-1.016316	2.302407	-0.5619960191421741	-0.39968039870670147	0.8307767239493009	-0.019	0.0647	0.139
565.0	-10.535940000000002	-1.117359	2.758572	-0.4328416544945937	-0.23561944901923448	0.8045967851693859	-0.0191	0.0649	0.1343
566.0	-10.069965	-0.091233	2.7987930000000003	-0.3438298626428829	-0.17627825445142728	0.6789330790257941	-0.0187	0.0649	0.1369
567.0	-10.137654000000001	0.41496299999999997	3.055815	-0.24958208303518914	-0.11868238913561441	0.3612831551628262	-0.0188	0.065	0.137
568.0	-10.393695000000001	0.49442400000000003	3.1431240000000003	-0.24958208303518914	-0.11868238913561441	0.3612831551628262	-0.0184	0.0653	0.136
569.0	-10.650717000000002	0.5738850000000001	3.230433	-0.24958208303518914	-0.11868238913561441	0.3612831551628262	-0.0181	0.0655	0.1351
570.0	-10.356417000000002	0.281547	3.048948	-0.24958208303518914	-0.11868238913561441	0.3612831551628262	-0.018	0.0659	0.1387
571.0	-10.062117	-0.008829	2.8664820000000004	-0.24958208303518914	-0.11868238913561441	0.3612831551628262	-0.018	0.0663	0.1423
572.0	-9.748197000000001	-0.352179	2.4691769999999997	0.35779249665883756	-0.15009831567151233	-0.3036872898470133	-0.0177	0.0665	0.1477
573.0	-9.660888	-0.655308	2.054214	0.3717551306747922	-0.10995574287564276	-0.27052603405912107	-0.0172	0.0665	0.1527
574.0	-9.531396	-0.840717	1.6431750000000003	0.3543018381548489	0.0471238898038469	-0.26878070480712674	-0.0169	0.0667	0.157
575.0	-9.478422	-0.811287	1.305711	0.32986722862692824	0.2879793265790644	-0.27401669256310973	-0.0171	0.0663	0.162
576.0	-9.301842	-0.595467	1.047708	0.30717794835100204	0.4066617157146788	-0.2844886680750757	-0.0166	0.066	0.1675
577.0	-9.006561000000001	-0.223668	0.8191350000000001	0.23561944901923448	0.4520402762665313	-0.3193952531149623	-0.0163	0.0657	0.1718
578.0	-8.71128	0.14616900000000002	0.591543	0.23561944901923448	0.4520402762665313	-0.3193952531149623	-0.0161	0.0653	0.1761
579.0	-8.41698	0.517968	0.363951	0.23561944901923448	0.4520402762665313	-0.3193952531149623	-0.0158	0.0649	0.1804
580.0	-8.121699	0.8887860000000001	0.135378	0.23561944901923448	0.4520402762665313	-0.3193952531149623	-0.0155	0.0645	0.1846
581.0	-7.826418	1.260585	-0.091233	0.23561944901923448	0.4520402762665313	-0.3193952531149623	-0.0153	0.0641	0.1889
582.0	-7.550757000000001	1.6833960000000001	-0.104967	0.23561944901923448	0.4520402762665313	-0.3193952531149623	-0.0153	0.0639	0.1914
583.0	-7.355538000000001	1.9620000000000002	-0.076518	0.23561944901923448	0.4520402762665313	-0.3193952531149623	-0.0153	0.0638	0.1923
584.0	-7.202502	2.123865	-0.05297400000000001	0.23561944901923448	0.4520402762665313	-0.3193952531149623	-0.0151	0.0635	0.1939
585.0	-7.068105000000001	2.169972	-0.04316400000000001	0.23561944901923448	0.4520402762665313	-0.3193952531149623	-0.0147	0.0636	0.1954
586.0	-7.303545000000001	1.9149120000000002	-0.22268700000000002	0.8133234314293576	-0.07853981633974483	0.06806784082777885	-0.0145	0.0636	0.1949
587.0	-7.769520000000001	1.8756720000000002	-0.464994	0.6230825429619757	-0.17627825445142728	0.2059488517353309	-0.0141	0.0637	0.195
588.0	-8.163882000000001	2.082663	-0.6749280000000001	0.4066617157146788	-0.41015237421866746	0.3036872898470133	-0.0138	0.0639	0.1952
589.0	-8.432676	2.375001	-0.849546	0.23561944901923448	-0.4537856055185257	0.33510321638291124	-0.0134	0.0639	0.1956
590.0	-8.637705	2.6133840000000004	-0.9035010000000001	0.17453292519943295	-0.3141592653589793	0.317649923862968	-0.0129	0.0642	0.1961
591.0	-8.834886000000001	2.7085410000000003	-0.848565	0.07504915783575616	-0.2583087292951608	0.24783675378319478	-0.0127	0.0644	0.1962
592.0	-9.050706	2.659491	-0.737712	0.06806784082777885	-0.25132741228718347	0.18675022996339324	-0.012	0.0646	0.1962
593.0	-9.267507	2.611422	-0.6258779999999999	0.06806784082777885	-0.25132741228718347	0.18675022996339324	-0.0113	0.0648	0.1962
594.0	-9.528453	2.267091	-0.517968	0.23387411976724015	-0.3368485456349056	0.16231562043547265	-0.0108	0.0652	0.1959
595.0	-9.801171	1.8560520000000003	-0.43556400000000006	0.35779249665883756	-0.3420845333908886	0.16057029118347832	-0.0101	0.0652	0.1958
596.0	-9.720729	1.673586	-0.153036	0.39269908169872414	-0.3438298626428829	0.1466076571675237	-0.01	0.0653	0.1965
597.0	-9.474498	1.279224	0.10398600000000001	0.4834562028024293	-0.3246312408709453	0.09773843811168245	-0.01	0.0657	0.1963
598.0	-9.271431000000002	0.655308	0.29135700000000003	0.5427973973702365	-0.27401669256310973	0.0645771823237902	-0.0097	0.0659	0.1954
599.0	-9.185103	-0.023544	0.38357100000000005	0.6073745796940266	-0.1832595714594046	0.013962634015954637	-0.0097	0.0662	0.1961
600.0	-9.173331000000001	-0.601353	0.32569200000000004	0.6161012259539983	-0.09075712110370514	0.003490658503988659	-0.0096	0.0664	0.1953
601.0	-9.191970000000001	-1.0084680000000001	0.24230700000000002	0.635299847725936	-0.026179938779914945	-0.024434609527920613	-0.009	0.0665	0.1975
602.0	-9.251811000000002	-1.2497940000000003	0.056898	0.619591884457987	-0.008726646259971648	-0.05061454830783556	-0.0095	0.0666	0.1976
603.0	-9.32931	-1.444032	-0.030411	0.5794493116621174	-0.03490658503988659	-0.05235987755982989	-0.0097	0.0669	0.1983
604.0	-9.371493000000001	-1.325331	-0.135378	0.5637413483941683	-0.13788101090755203	-0.04014257279586958	-0.01	0.0669	0.1995
605.0	-9.396018	-1.13796	-0.17756100000000002	0.5078908123303499	-0.21467549799530256	-0.017453292519943295	-0.0105	0.0673	0.202
606.0	-9.560826	-0.910368	0.10398600000000001	0.4241150082346221	-0.36302848441482055	-0.05061454830783556	-0.0107	0.0677	0.2014
607.0	-9.789399000000001	-0.571923	0.707301	0.3141592653589793	-0.5759586531581288	-0.1064650843716541	-0.011	0.0677	0.2022
608.0	-10.013067	-0.033354	1.143846	0.14835298641951802	-0.5567600313861911	-0.15184364492350666	-0.0116	0.0674	0.2016
609.0	-10.143540000000002	0.616068	1.52055	0.0645771823237902	-0.26005405854715513	-0.27052603405912107	-0.0122	0.0674	0.2007
610.0	-10.26126	1.220364	1.9257030000000002	0.0645771823237902	-0.26005405854715513	-0.27052603405912107	-0.0129	0.0672	0.2012
611.0	-10.358379000000001	1.7962110000000002	2.248452	0.0645771823237902	-0.26005405854715513	-0.27052603405912107	-0.0138	0.0672	0.1991
612.0	-10.393695000000001	2.349495	2.615346	0.0645771823237902	-0.26005405854715513	-0.27052603405912107	-0.0141	0.0672	0.1992
613.0	-10.412334	2.857653	2.886102	0.0645771823237902	-0.26005405854715513	-0.27052603405912107	-0.0147	0.067	0.1986
614.0	-10.422144000000001	3.347172	3.176478	0.0645771823237902	-0.26005405854715513	-0.27052603405912107	-0.015	0.067	0.1979
615.0	-10.436859000000002	3.833748	3.4295760000000004	0.0645771823237902	-0.26005405854715513	-0.27052603405912107	-0.0154	0.0668	0.1957
616.0	-10.343664	4.314438000000001	3.347172	0.0645771823237902	-0.26005405854715513	-0.27052603405912107	-0.0157	0.0666	0.1955
617.0	-10.208286000000001	4.673484	3.0234419999999997	0.0645771823237902	-0.26005405854715513	-0.27052603405912107	-0.0159	0.0665	0.195
618.0	-10.534959	4.158459000000001	3.007746	0.33335788713091696	-0.158824961931484	-0.1954768762233649	-0.0158	0.0668	0.1972
619.0	-10.959732	3.651282	3.100941	0.3700098014227979	-0.12217304763960307	-0.15184364492350666	-0.0157	0.0667	0.1964
620.0	-11.305044000000002	3.186288	3.105846	0.3787364476827695	-0.05759586531581287	-0.13962634015954636	-0.0155	0.0664	0.1952
621.0	-11.579723999999999	2.783097	3.176478	0.33161255787892263	0.012217304763960306	-0.13439035240356337	-0.0154	0.0663	0.1945
622.0	-11.784753	2.4201270000000004	3.2235660000000004	0.2844886680750757	-0.031415926535897934	-0.09948376736367678	-0.0153	0.0659	0.1937
623.0	-11.831841	2.0345940000000002	3.2019840000000004	0.2059488517353309	-0.17627825445142728	-0.031415926535897934	-0.0152	0.066	0.1933
624.0	-11.75238	1.654947	3.20787	0.15184364492350666	-0.23212879051524585	0.03665191429188092	-0.0152	0.0659	0.1928
625.0	-11.596401	1.253718	3.1980600000000003	0.12217304763960307	-0.2426007660272118	0.08377580409572781	-0.0152	0.0659	0.1924
626.0	-11.364885000000001	0.821097	3.1578390000000005	0.10122909661567112	-0.33335788713091696	0.10297442586766545	-0.015	0.0659	0.192
627.0	-11.079414	0.419868	3.1333140000000004	0.08552113334772216	-0.39968039870670147	0.10471975511965978	-0.015	0.0662	0.1918
628.0	-10.274994000000001	0.6582510000000001	2.9704680000000003	0.12217304763960307	-0.46949356878647464	0.09599310885968812	-0.0151	0.066	0.1906
629.0	-9.470574000000001	0.7848	2.839995	0.10471975511965978	-0.460766922526503	0.09948376736367678	-0.0152	0.0661	0.1909
630.0	-8.745615	0.868185	2.7968310000000005	0.10471975511965978	-0.460766922526503	0.09948376736367678	-0.0154	0.0664	0.1916
631.0	-8.092269	0.891729	2.688921	0.10471975511965978	-0.460766922526503	0.09948376736367678	-0.0156	0.0665	0.1919
632.0	-7.67142	0.874071	2.5643340000000006	0.18151424220741028	-0.32637657012293964	0.23736477827122882	-0.0154	0.0669	0.192
633.0	-7.489935	0.8475840000000001	2.5054740000000004	0.2059488517353309	-0.3420845333908886	0.2897246558310587	-0.015	0.0668	0.1921
634.0	-7.392816000000001	0.852489	2.4368040000000004	0.2617993877991494	-0.3752457891787809	0.34732052114687156	-0.0147	0.0669	0.1924
635.0	-7.363386000000001	0.861318	2.329875	0.317649923862968	-0.39269908169872414	0.38571776469074687	-0.0146	0.0668	0.1924
636.0	-7.408512	0.901539	2.252376	0.317649923862968	-0.39269908169872414	0.38571776469074687	-0.0146	0.0669	0.1923
637.0	-7.508574	0.910368	2.160162	0.317649923862968	-0.39269908169872414	0.38571776469074687	-0.0144	0.0666	0.1921
638.0	-7.5929400000000005	0.927045	2.095416	0.460766922526503	-0.09599310885968812	0.32812189937493397	-0.0143	0.0669	0.1921
639.0	-7.663572	0.948627	2.065005	0.4590215932745087	0.029670597283903602	0.2565634000431664	-0.014	0.067	0.1924
640.0	-7.767558	1.0143540000000002	1.9894680000000002	0.4572762640225143	0.13439035240356337	0.20245819323134223	-0.0142	0.0669	0.1924
641.0	-7.948062000000001	1.099701	1.899216	0.4310963252425994	0.3159045946109737	0.18675022996339324	-0.0142	0.0669	0.1926
642.0	-7.9490430000000005	1.161504	1.812888	0.4188790204786391	0.3560471674068432	0.14486232791552936	-0.0141	0.067	0.1929
643.0	-7.918632000000001	1.26549	1.7245980000000003	0.3769911184307752	0.4485496177625427	0.12042771838760874	-0.0143	0.0673	0.1928
644.0	-7.99515	1.333179	1.5941250000000002	0.30019663134302466	0.4852015320544236	0.09948376736367678	-0.0145	0.0673	0.1925
645.0	-8.065782	1.414602	1.5342840000000002	0.25132741228718347	0.460766922526503	0.10471975511965978	-0.0144	0.0675	0.1925
646.0	-8.117775	1.507797	1.460709	0.19198621771937624	0.5044001538263612	0.10821041362364843	-0.0145	0.0675	0.1924
647.0	-8.169768	1.601973	1.387134	0.19198621771937624	0.5044001538263612	0.10821041362364843	-0.0146	0.0675	0.1924
648.0	-8.327709	1.705959	1.318464	0.19198621771937624	0.5044001538263612	0.10821041362364843	-0.0148	0.0673	0.1922
649.0	-8.502327000000001	1.7667810000000002	1.195839	0.19198621771937624	0.5044001538263612	0.10821041362364843	-0.015	0.0672	0.192
650.0	-8.644572	1.783458	1.1183400000000001	0.19198621771937624	0.5044001538263612	0.10821041362364843	-0.0148	0.0674	0.192
651.0	-8.710299000000001	1.780515	1.056537	0.19198621771937624	0.5044001538263612	0.10821041362364843	-0.0147	0.0674	0.1917
652.0	-8.72109	1.8629190000000002	0.9849240000000001	-0.30543261909900765	1.1903145498601329	0.15707963267948966	-0.0151	0.0673	0.1913
653.0	-8.70147	1.918836	0.828945	-0.36826447217080355	1.2985249634837812	0.1413716694115407	-0.0157	0.0671	0.1908
654.0	-8.646534	1.995354	0.730845	-0.4537856055185257	1.3543754995475996	0.143116998663535	-0.0159	0.0672	0.1906
655.0	-8.650458	2.0345940000000002	0.547398	-0.5480333851262195	1.377064779823526	0.11868238913561441	-0.0163	0.067	0.1903
656.0	-8.700489000000001	2.0287080000000004	0.340407	-0.5934119456780721	1.3857914260834978	0.12391837689159739	-0.0161	0.0668	0.19
657.0	-8.772102	1.9423800000000002	0.158922	-0.6440264939859076	1.3945180723434694	0.11344640137963143	-0.0166	0.0669	0.1896
658.0	-8.843715	1.855071	-0.022563	-0.6440264939859076	1.3945180723434694	0.11344640137963143	-0.0171	0.067	0.1892
659.0	-8.915328	1.768743	-0.204048	-0.6440264939859076	1.3945180723434694	0.11344640137963143	-0.0177	0.067	0.1888
660.0	-8.98596	1.6824150000000002	-0.385533	-0.6440264939859076	1.3945180723434694	0.11344640137963143	-0.0182	0.0671	0.1885
661.0	-9.057573000000001	1.5951060000000001	-0.567999	-0.6440264939859076	1.3945180723434694	0.11344640137963143	-0.0188	0.0672	0.1881
662.0	-9.198837000000001	1.4450129999999999	-0.704358	-0.6440264939859076	1.3945180723434694	0.11344640137963143	-0.0191	0.0673	0.188
663.0	-9.323424000000001	1.312578	-0.7514460000000001	-0.6440264939859076	1.3945180723434694	0.11344640137963143	-0.0194	0.0674	0.188
664.0	-9.415638	1.158561	-0.8328690000000001	-0.6440264939859076	1.3945180723434694	0.11344640137963143	-0.0198	0.0674	0.1879
665.0	-9.464688	1.044765	-0.844641	-0.6440264939859076	1.3945180723434694	0.11344640137963143	-0.0202	0.0675	0.1878
666.0	-9.487251	0.964323	-0.820116	-0.6440264939859076	1.3945180723434694	0.11344640137963143	-0.021	0.0678	0.1878
667.0	-9.487251	0.964323	-0.820116	-0.6440264939859076	1.3945180723434694	0.11344640137963143	-0.021	0.0678	0.1878
668.0	-9.534339000000001	0.9142920000000001	-0.90252	-0.2984513020910304	0.6736970912698113	-0.2827433388230814	-0.0205	0.0679	0.1878
669.0	-9.582408000000001	0.8642610000000001	-0.9849240000000001	-0.2984513020910304	0.6736970912698113	-0.2827433388230814	-0.02	0.068	0.1878
670.0	-9.638325	0.8328690000000001	-1.067328	-0.18675022996339324	0.4258603374866164	-0.25132741228718347	-0.0196	0.0678	0.1877
671.0	-9.703071	0.806382	-1.144827	-0.18675022996339324	0.30717794835100204	-0.24783675378319478	-0.019	0.0676	0.1876
672.0	-9.789399000000001	0.7975530000000001	-1.1762190000000001	-0.18500490071139894	0.17278759594743864	-0.2565634000431664	-0.0186	0.0674	0.1876
673.0	-9.907119000000002	0.820116	-1.239003	-0.20420352248333654	0.024434609527920613	-0.2617993877991494	-0.0184	0.0669	0.1876
674.0	-10.030725	0.839736	-1.29492	-0.2007128639793479	-0.09599310885968812	-0.2844886680750757	-0.0181	0.0668	0.1875
675.0	-10.155312	0.877995	-1.374381	-0.24085543677521748	-0.22514747350726852	-0.2932153143350474	-0.0178	0.0665	0.1876
676.0	-10.26126	0.9456840000000001	-1.4253930000000001	-0.27052603405912107	-0.2722713633111154	-0.29670597283903605	-0.0172	0.0662	0.1877
677.0	-10.370151	1.0280880000000001	-1.5117209999999999	-0.35255650890285456	-0.34033920413889424	-0.30717794835100204	-0.0167	0.0661	0.188
678.0	-10.411353	1.161504	-1.4871960000000002	-0.4014257279586958	-0.41538836197465046	-0.31066860685499065	-0.0167	0.0658	0.1881
679.0	-10.402524000000001	1.31454	-1.4528610000000002	-0.5096361415823443	-0.45553093477052004	-0.30543261909900765	-0.0166	0.0653	0.1881
680.0	-10.386828	1.5028920000000001	-1.44207	-0.6178465552059926	-0.47123889803846897	-0.2879793265790644	-0.0165	0.0651	0.1881
681.0	-10.31031	1.670643	-1.406754	-0.7382742735936013	-0.4537856055185257	-0.2583087292951608	-0.0167	0.0647	0.1884
682.0	-10.189647	1.820736	-1.3635900000000003	-0.8395033702092726	-0.4852015320544236	-0.22689280275926285	-0.0168	0.0647	0.1885
683.0	-10.012086	1.963962	-1.3321980000000002	-0.9197885158010117	-0.4468042885105484	-0.20943951023931956	-0.0169	0.0648	0.1882
684.0	-9.834525	2.100321	-1.380267	-0.9843656981248018	-0.3595378259108319	-0.21467549799530256	-0.0161	0.0645	0.1881
685.0	-9.648135000000002	2.2278510000000002	-1.354761	-1.017526953912694	-0.2530727415391778	-0.21991148575128552	-0.0161	0.0646	0.1877
686.0	-9.521586000000001	2.3082930000000004	-1.340046	-1.0471975511965976	-0.16755160819145562	-0.2530727415391778	-0.0163	0.0645	0.1876
687.0	-9.509814	2.375982	-1.1369790000000002	-1.0716321607245183	-0.10995574287564276	-0.26703537555513246	-0.0165	0.0641	0.1871
688.0	-9.601047000000001	2.2965210000000003	-0.95157	-1.0402162341886205	-0.1466076571675237	-0.24434609527920614	-0.0162	0.064	0.1869
689.0	-9.74133	2.196459	-0.7749900000000001	-1.0402162341886205	-0.1466076571675237	-0.24434609527920614	-0.0161	0.0641	0.1869
690.0	-10.161198	1.8413370000000002	-0.244269	-0.7504915783575618	-0.020943951023931952	-0.008726646259971648	-0.0162	0.064	0.1866
691.0	-10.632078000000002	1.4999490000000002	0.256041	-0.7504915783575618	-0.020943951023931952	-0.008726646259971648	-0.0162	0.0641	0.1861
692.0	-11.125521	1.159542	0.705339	-0.7504915783575618	-0.020943951023931952	-0.008726646259971648	-0.0161	0.064	0.1857
693.0	-11.433555	0.300186	0.849546	0.1413716694115407	0.09250245035569947	0.4869468613064179	-0.0157	0.0639	0.1859
694.0	-11.426688	-0.208953	1.012392	0.21642082724729686	0.12391837689159739	0.49567350756638956	-0.0161	0.0642	0.1861
695.0	-11.466909000000001	-0.41202000000000005	1.201725	0.19198621771937624	0.4223696789826277	0.3787364476827695	-0.0161	0.064	0.1863
696.0	-11.706273000000001	-0.408096	1.4715	-0.04537856055185257	0.5340707511102649	0.3246312408709453	-0.016	0.0642	0.1865
697.0	-12.031965	-0.258984	1.7913060000000003	-0.291469985083053	0.609119908946021	0.34732052114687156	-0.0156	0.0641	0.187
698.0	-12.225222	0.021582000000000004	2.11896	-0.3665191429188092	0.5148721293383273	0.4468042885105484	-0.0159	0.0641	0.187
699.0	-12.215412	0.22464900000000002	2.4417090000000004	-0.41364303272265607	0.15009831567151233	0.5811946409141117	-0.0162	0.0638	0.187
700.0	-11.769057	0.555246	2.434842	-0.4188790204786391	-0.10471975511965978	0.6911503837897546	-0.0162	0.064	0.1872
701.0	-11.258937	0.786762	2.346552	-0.49567350756638956	-0.2303834612632515	0.6963863715457375	-0.016	0.0639	0.1872
702.0	-10.707615	0.917235	2.250414	-0.5166174585903216	-0.28099800957108706	0.6597344572538565	-0.0159	0.0641	0.1872
703.0	-10.362303	1.399887	2.4201270000000004	-0.4852015320544236	-0.317649923862968	0.6126105674500097	-0.016	0.0639	0.1873
704.0	-10.299519000000002	1.4715	2.582973	-0.4642575810304917	-0.41538836197465046	0.5270894341022875	-0.016	0.0634	0.1868
705.0	-10.289709	1.047708	2.5339229999999997	-0.4537856055185257	-0.40491638646268446	0.4188790204786391	-0.0159	0.063	0.1866
706.0	-10.399581000000001	0.509139	2.490759	-0.3490658503988659	-0.09075712110370514	0.12740903539558607	-0.016	0.0626	0.186
707.0	-10.304424000000001	-0.17658	2.2445280000000003	-0.3490658503988659	-0.09075712110370514	0.12740903539558607	-0.0164	0.0626	0.1853
708.0	-10.030725	-0.663156	1.9090260000000001	-0.09773843811168245	-0.061086523819801536	-0.2583087292951608	-0.0166	0.0624	0.185
709.0	-9.727596	-1.036917	1.6431750000000003	-0.03665191429188092	-0.4293509959906051	-0.2426007660272118	-0.0171	0.0626	0.1847
710.0	-9.483327000000001	-1.2821670000000003	1.360647	-0.05585053606381855	-0.23911010752322315	-0.20420352248333654	-0.0172	0.0623	0.1847
711.0	-9.302823	-1.429317	1.159542	-0.05585053606381855	-0.23911010752322315	-0.20420352248333654	-0.0175	0.0624	0.1848
712.0	-9.163521000000001	-1.474443	0.967266	-0.05585053606381855	-0.23911010752322315	-0.20420352248333654	-0.0177	0.0621	0.1849
713.0	-9.030105	-1.379286	0.85347	-0.05585053606381855	-0.23911010752322315	-0.20420352248333654	-0.0179	0.0621	0.1849
714.0	-8.923176	-1.211535	0.803439	-0.05585053606381855	-0.23911010752322315	-0.20420352248333654	-0.0181	0.0622	0.1853
715.0	-8.917290000000001	-0.950589	1.048689	0.6719517620178169	0.13962634015954636	-0.42062434973063345	-0.0185	0.0628	0.1858
716.0	-8.474859	-0.861318	1.045746	0.8115781021773633	-0.11693705988362008	-0.41538836197465046	-0.0188	0.063	0.1864
717.0	-8.075592	-0.707301	0.967266	0.8988445647770797	-0.05759586531581287	-0.41538836197465046	-0.0191	0.063	0.1871
718.0	-8.030466	-0.6425550000000001	0.883881	0.8395033702092726	0.08203047484373349	-0.4118977034706618	-0.0191	0.0633	0.1872
719.0	-8.216856	-0.611163	0.736731	0.8395033702092726	0.08203047484373349	-0.4118977034706618	-0.0188	0.0638	0.1873
720.0	-8.501346000000002	-0.632745	0.603315	0.8395033702092726	0.08203047484373349	-0.4118977034706618	-0.0189	0.0642	0.1873
721.0	-8.734824	-0.368856	0.37376100000000007	0.5026548245743669	-0.12042771838760874	-0.2234021442552742	-0.0192	0.0648	0.189
722.0	-8.955549000000001	-0.025506	0.18639	0.2426007660272118	-0.22165681500327983	-0.1710422666954443	-0.0197	0.0653	0.1908
723.0	-9.178236	0.35021700000000006	0.04905	0.06981317007977318	-0.30543261909900765	-0.08552113334772216	-0.02	0.0657	0.1931
724.0	-9.332253000000001	0.6248970000000001	-0.069651	-0.012217304763960306	-0.28099800957108706	-0.04537856055185257	-0.0202	0.0659	0.196
725.0	-9.30969	0.8760330000000001	-0.32176800000000005	-0.10471975511965978	-0.2879793265790644	-0.010471975511965976	-0.0203	0.0659	0.1989
726.0	-9.403866	1.1281500000000002	-0.39534300000000006	-0.12566370614359174	-0.23911010752322315	-0.012217304763960306	-0.0198	0.066	0.2024
727.0	-9.485289	1.266471	-0.40711500000000006	-0.1117010721276371	-0.23387411976724015	-0.006981317007977318	-0.0196	0.0663	0.2068
728.0	-9.43722	1.2546990000000002	-0.363951	-0.09773843811168245	-0.28099800957108706	-0.005235987755982988	-0.0195	0.0663	0.2118
729.0	-9.38817	1.2233070000000001	-0.331578	-0.0890117918517108	-0.2932153143350474	0.003490658503988659	-0.0192	0.0663	0.2172
730.0	-9.33912	1.2036870000000002	-0.298224	-0.08203047484373349	-0.26703537555513246	0.013962634015954637	-0.0191	0.0662	0.2231
731.0	-9.323424000000001	0.908406	-0.18344700000000003	-0.05235987755982989	-0.3036872898470133	0.022689280275926284	-0.0188	0.066	0.2274
732.0	-9.301842	0.5483790000000001	-0.110853	-0.04014257279586958	-0.32288591161895097	0.022689280275926284	-0.0181	0.0657	0.2321
733.0	-9.276336	0.19129500000000002	-0.092214	-0.03316125578789226	-0.3438298626428829	0.038397243543875255	-0.0178	0.0657	0.236
734.0	-9.320481	-0.05886	-0.09711900000000001	-0.027925268031909273	-0.3438298626428829	0.029670597283903602	-0.0173	0.0658	0.2389
735.0	-9.340101	-0.19423800000000002	-0.125568	-0.04363323129985824	-0.36477381366681483	0.03490658503988659	-0.0171	0.066	0.2412
736.0	-9.295956	-0.273699	-0.18933300000000003	-0.03316125578789226	-0.4066617157146788	0.041887902047863905	-0.017	0.0661	0.2424
737.0	-9.220419	-0.305091	-0.23936400000000002	-0.03316125578789226	-0.4066617157146788	0.041887902047863905	-0.0169	0.0666	0.2426
738.0	-9.081117	-0.35512200000000005	-0.267813	0.006981317007977318	-0.39793506945470714	0.06806784082777885	-0.0169	0.0661	0.2416
739.0	-8.921214	-0.437526	-0.317844	0.07330382858376185	-0.3543018381548489	0.09599310885968812	-0.0166	0.066	0.2398
740.0	-8.777988	-0.5375880000000001	-0.339426	0.13788101090755203	-0.27052603405912107	0.12740903539558607	-0.0166	0.0663	0.2366
741.0	-8.699508000000002	-0.6827759999999999	-0.320787	0.23911010752322315	-0.16231562043547265	0.15533430342749532	-0.0166	0.0666	0.233
742.0	-8.719128000000001	-0.8103060000000001	-0.31293899999999997	0.32986722862692824	-0.09599310885968812	0.17453292519943295	-0.0168	0.0669	0.228
743.0	-8.777988	-0.9702090000000001	-0.329616	0.3839724354387525	-0.07330382858376185	0.18675022996339324	-0.0168	0.067	0.2234
744.0	-8.834886000000001	-1.068309	-0.32569200000000004	0.4066617157146788	-0.12566370614359174	0.20943951023931956	-0.0169	0.0673	0.218
745.0	-8.944758	-1.158561	-0.016677	0.4293509959906051	-0.2303834612632515	0.21467549799530256	-0.0166	0.0677	0.2128
746.0	-9.247887	-1.121283	0.870147	0.29670597283903605	-0.4014257279586958	0.08726646259971647	-0.0167	0.0682	0.2078
747.0	-9.479403000000001	-0.7740090000000001	1.4999490000000002	0.17627825445142728	-0.6911503837897546	-0.06632251157578452	-0.0167	0.0687	0.2029
748.0	-9.624591	-0.036297	1.7913060000000003	-0.08028514559173916	-0.5619960191421741	-0.15009831567151233	-0.0166	0.0695	0.1989
749.0	-9.72171	0.70632	2.241585	-0.005235987755982988	-0.12217304763960307	-0.32986722862692824	-0.0168	0.0702	0.1953
750.0	-9.737406	1.229193	2.692845	-0.05061454830783556	0.317649923862968	-0.5532693728822025	-0.0166	0.0702	0.1926
751.0	-9.635382	1.587258	2.86452	-0.07853981633974483	0.36477381366681483	-0.609119908946021	-0.0165	0.0704	0.1903
752.0	-9.509814	1.7147880000000002	2.822337	-0.04537856055185257	0.3909537524467298	-0.5462880558742251	-0.0166	0.0705	0.1888
753.0	-9.65304	1.735389	2.8655010000000005	0.1064650843716541	0.5777039824101231	-0.4520402762665313	-0.0169	0.0708	0.1869
754.0	-10.088604	1.652004	3.02148	0.18675022996339324	0.7714355293814937	-0.3612831551628262	-0.0171	0.0711	0.1865
755.0	-10.659546	1.508778	2.9714490000000002	0.17453292519943295	0.5393067388662478	-0.3141592653589793	-0.0173	0.0709	0.1862
756.0	-11.100015	1.269414	2.444652	0.1466076571675237	0.19198621771937624	-0.23561944901923448	-0.0172	0.0705	0.1859
757.0	-11.502225000000001	0.7563510000000001	2.222946	0.17627825445142728	-0.1117010721276371	-0.11868238913561441	-0.0171	0.0703	0.1857
758.0	-11.956428000000002	-0.006867000000000001	2.3524380000000003	0.1954768762233649	-0.1413716694115407	-0.06806784082777885	-0.0172	0.0701	0.1855
759.0	-12.479301000000001	-0.7239780000000001	2.3544	0.1954768762233649	-0.1413716694115407	-0.06806784082777885	-0.0172	0.0698	0.1854
760.0	-12.992364	-0.999639	2.277882	0.32637657012293964	0.048869219055841226	-0.10471975511965978	-0.0176	0.0698	0.1851
761.0	-13.51818	-1.084986	2.459367	0.35255650890285456	0.010471975511965976	-0.16929693744344995	-0.0179	0.0694	0.1851
762.0	-13.857606000000002	-0.9780570000000001	2.87433	0.3368485456349056	-0.15009831567151233	-0.21642082724729686	-0.0179	0.0694	0.1851
763.0	-13.744791000000001	-0.7848	3.2216040000000006	0.2984513020910304	-0.35255650890285456	-0.2234021442552742	-0.0175	0.0691	0.1854
764.0	-13.245462000000002	-0.5817330000000001	3.427614	0.30194196059501904	-0.43458698374658805	-0.16580627893946132	-0.0179	0.069	0.1852
765.0	-12.522465	-0.38651399999999997	3.4894170000000004	0.32637657012293964	-0.41538836197465046	-0.11693705988362008	-0.0181	0.0687	0.1842
766.0	-11.74257	-0.21385800000000002	3.415842	0.3595378259108319	-0.39269908169872414	-0.08726646259971647	-0.0186	0.0685	0.1827
767.0	-11.054889000000001	-0.044145	3.334419	0.3769911184307752	-0.41713369122664473	-0.07330382858376185	-0.0194	0.0682	0.1795
768.0	-10.42803	0.037278	3.209832	0.4904375198104066	-0.4677482395344803	-0.0471238898038469	-0.0196	0.068	0.1776
769.0	-9.80019	0.118701	3.086226	0.4904375198104066	-0.4677482395344803	-0.0471238898038469	-0.0199	0.0678	0.1757
770.0	-9.315576	0.007848	2.898855	0.5497787143782138	-0.5253441048502933	0.006981317007977318	-0.0196	0.0677	0.1721
771.0	-8.943777	-0.020601	2.822337	0.5672320068981571	-0.3385938748868999	0.08203047484373349	-0.0195	0.0675	0.1676
772.0	-8.627895	0.016677	2.6447760000000002	0.6649704450098396	-0.39968039870670147	0.2059488517353309	-0.0199	0.0677	0.1597
773.0	-8.521947	0.063765	2.507436	0.6579891280018623	-0.15009831567151233	0.2984513020910304	-0.02	0.0677	0.1526
774.0	-8.430714000000002	0.17167500000000002	2.380887	0.6684611035138281	-0.2844886680750757	0.3385938748868999	-0.0199	0.0676	0.1492
775.0	-8.336538000000001	0.393381	2.302407	0.7016223593017206	-0.2565634000431664	0.3787364476827695	-0.02	0.0679	0.1431
776.0	-8.176635000000001	0.65727	2.258262	0.7504915783575618	-0.28623399732707	0.39968039870670147	-0.0197	0.068	0.1418
777.0	-8.035371000000001	0.8878050000000001	2.190573	0.7539822368615504	-0.13439035240356337	0.3909537524467298	-0.0191	0.0679	0.1388
778.0	-7.940214	1.127169	2.1375990000000002	0.7487462491055673	-0.027925268031909273	0.35779249665883756	-0.0193	0.0682	0.1348
779.0	-7.866639	1.3498560000000002	2.044404	0.7086036763096978	0.1117010721276371	0.31066860685499065	-0.0193	0.0685	0.132
780.0	-7.751862000000001	1.577448	2.0336130000000003	0.6998770300497261	0.22514747350726852	0.2827433388230814	-0.0195	0.0688	0.1287
781.0	-7.624332000000001	1.715769	1.944342	0.6614797865058508	0.2897246558310587	0.2234021442552742	-0.0191	0.0692	0.128
782.0	-7.607655	1.7795340000000002	1.8952920000000002	0.5899212871740833	0.36302848441482055	0.15184364492350666	-0.0187	0.0692	0.1323
783.0	-7.527213000000001	1.849185	1.815831	0.5899212871740833	0.36302848441482055	0.15184364492350666	-0.0185	0.0696	0.1356
784.0	-7.528194	1.887444	1.739313	0.5899212871740833	0.36302848441482055	0.15184364492350666	-0.0181	0.0699	0.1355
785.0	-7.570377000000001	1.866843	1.654947	0.5899212871740833	0.36302848441482055	0.15184364492350666	-0.0176	0.0703	0.1387
786.0	-7.709679	1.8933300000000002	1.493082	0.12391837689159739	0.4415683007545654	0.04363323129985824	-0.0178	0.0704	0.1398
787.0	-7.856829	1.9433610000000001	1.295901	-0.024434609527920613	0.47472955654245763	0.08552113334772216	-0.0178	0.0709	0.1443
788.0	-8.006922000000001	2.02086	1.120302	-0.16929693744344995	0.6527531402458793	0.14486232791552936	-0.0175	0.0707	0.1501
789.0	-8.138376000000001	2.160162	0.9957150000000001	-0.32986722862692824	0.8028514559173916	0.1832595714594046	-0.0175	0.0702	0.1557
790.0	-8.235495	2.2749390000000003	0.868185	-0.4642575810304917	0.9669124056048586	0.1954768762233649	-0.0177	0.0702	0.162
791.0	-8.303184000000002	2.38383	0.69651	-0.6126105674500097	1.1222467090323538	0.19373154697137057	-0.0178	0.0698	0.1682
792.0	-8.363025	2.4799680000000004	0.569961	-0.6789330790257941	1.260127719939906	0.2129301687433082	-0.0178	0.0697	0.1724
793.0	-8.452296	2.493702	0.42379200000000006	-0.7819075048934596	1.3107422682477414	0.24958208303518914	-0.0179	0.0692	0.1769
794.0	-8.550396000000001	2.445633	0.302148	-0.8185594191853406	1.3735741213195374	0.27576202181510406	-0.0184	0.0687	0.1817
795.0	-8.693622	2.3553810000000004	0.141264	-0.8604473212332044	1.3526301702956054	0.27052603405912107	-0.0189	0.068	0.1861
796.0	-8.854506	2.191554	0.051012	-0.8395033702092726	1.2793263417118435	0.23212879051524585	-0.0191	0.0677	0.1895
797.0	-8.947701	2.013993	-0.02943	-0.7958701389094143	1.160643952576229	0.19722220547535926	-0.0192	0.0675	0.1922
798.0	-9.004599	1.832508	-0.13145400000000002	-0.7487462491055673	1.111774733520388	0.13788101090755203	-0.0194	0.0673	0.1932
799.0	-9.083079	1.593144	-0.28547100000000003	-0.778416846389471	1.1344640137963142	0.08377580409572781	-0.0195	0.0674	0.1933
800.0	-9.181179	1.3684950000000002	-0.42379200000000006	-0.7068583470577035	1.1292280260403313	0.048869219055841226	-0.0194	0.0672	0.195
801.0	-9.269469	1.114416	-0.546417	-0.6754424205218056	1.0890854532444616	0.041887902047863905	-0.0193	0.0673	0.1944
802.0	-9.333234000000001	0.875052	-0.659232	-0.6492624817418906	1.0733774899765127	0.003490658503988659	-0.019	0.0671	0.1945
802.9999999999999	-9.374436000000001	0.702396	-0.7808760000000001	-0.6003932626860493	0.9704030641088472	-0.017453292519943295	-0.0189	0.0669	0.1945
803.9999999999999	-9.406809	0.591543	-0.9280260000000001	-0.6003932626860493	0.9704030641088472	-0.017453292519943295	-0.0184	0.0668	0.1942
805.0000000000001	-9.394056	0.522873	-1.034955	-0.6003932626860493	0.9704030641088472	-0.017453292519943295	-0.0179	0.0668	0.1943
806.0	-9.344025	0.46008899999999997	-1.134036	-0.3595378259108319	0.7295476273336297	-0.09075712110370514	-0.0174	0.067	0.1936
807.0	-9.349911	0.38749500000000003	-1.2233070000000001	-0.3595378259108319	0.7295476273336297	-0.09075712110370514	-0.017	0.0667	0.1932
808.0	-9.394056	0.327654	-1.290996	-0.24609142453120045	0.5672320068981571	-0.158824961931484	-0.0166	0.0672	0.1928
809.0	-9.440163	0.317844	-1.3174830000000002	-0.20245819323134223	0.4869468613064179	-0.1954768762233649	-0.0159	0.0672	0.193
810.0	-9.509814	0.31392000000000003	-1.34397	-0.1780235837034216	0.38571776469074687	-0.23387411976724015	-0.0154	0.0672	0.1926
811.0	-9.580446	0.33354000000000006	-1.396944	-0.1413716694115407	0.29496064358704166	-0.28099800957108706	-0.0152	0.0674	0.1923
811.9999999999999	-9.642249	0.394362	-1.411659	-0.1361356816555577	0.16755160819145562	-0.312413936106985	-0.015	0.0672	0.192
813.0000000000001	-9.704052	0.458127	-1.45188	-0.15533430342749532	0.048869219055841226	-0.32812189937493397	-0.0149	0.0677	0.1909
814.0	-9.767817	0.5366070000000001	-1.4361840000000001	-0.158824961931484	-0.038397243543875255	-0.34033920413889424	-0.0147	0.0681	0.1936
815.0	-9.838448999999999	0.629802	-1.445994	-0.18151424220741028	-0.12566370614359174	-0.3560471674068432	-0.0144	0.0686	0.195
816.0	-9.89829	0.730845	-1.473462	-0.22863813201125716	-0.19024088846738194	-0.3455751918948773	-0.0142	0.0688	0.1932
817.0	-9.964017	0.891729	-1.4871960000000002	-0.26703537555513246	-0.24609142453120045	-0.33335788713091696	-0.0142	0.0688	0.195
818.0	-10.023858	1.029069	-1.51074	-0.26703537555513246	-0.24609142453120045	-0.33335788713091696	-0.0143	0.0684	0.1969
819.0	-10.042497000000001	1.158561	-1.5480180000000001	-0.3543018381548489	-0.28099800957108706	-0.30717794835100204	-0.0149	0.0683	0.1959
819.9999999999999	-10.023858	1.2645089999999999	-1.5696	-0.3543018381548489	-0.28099800957108706	-0.30717794835100204	-0.0155	0.0679	0.1957
821.0000000000001	-10.003257000000001	1.399887	-1.5715620000000001	-0.3543018381548489	-0.28099800957108706	-0.30717794835100204	-0.0159	0.0676	0.1955
822.0000000000001	-9.984618000000001	1.505835	-1.614726	-0.3543018381548489	-0.28099800957108706	-0.30717794835100204	-0.0167	0.0674	0.1955
823.0	-9.962055000000001	1.623555	-1.602954	-0.3543018381548489	-0.28099800957108706	-0.30717794835100204	-0.0171	0.0669	0.1959
824.0	-9.901233000000001	1.7814960000000002	-1.590201	-0.6754424205218056	-0.2932153143350474	-0.26878070480712674	-0.0176	0.0668	0.1933
825.0	-9.816867	1.9149120000000002	-1.6058970000000001	-0.7557275661135446	-0.2844886680750757	-0.26703537555513246	-0.0181	0.0666	0.1917
826.0	-9.769779	2.043423	-1.609821	-0.8185594191853406	-0.2426007660272118	-0.2722713633111154	-0.0185	0.0662	0.1927
827.0	-9.737406	2.1111120000000003	-1.6294410000000001	-0.8587019919812102	-0.22514747350726852	-0.30717794835100204	-0.019	0.0661	0.1921
827.9999999999999	-9.719748000000001	2.154276	-1.658871	-0.9075712110370514	-0.19198621771937624	-0.32986722862692824	-0.0192	0.0661	0.19
828.9999999999999	-9.725634	2.164086	-1.6618140000000001	-0.9477137838329209	-0.16231562043547265	-0.35779249665883756	-0.0194	0.0664	0.19
830.0000000000001	-9.732501000000001	2.147409	-1.619631	-0.9896016858807849	-0.1413716694115407	-0.3909537524467298	-0.0196	0.0664	0.1907
831.0	-9.738387000000001	2.130732	-1.576467	-0.9896016858807849	-0.1413716694115407	-0.3909537524467298	-0.0197	0.0664	0.1914
832.0	-9.999333000000002	2.142504	-1.2517559999999999	-0.921533845053006	-0.25132741228718347	-0.31066860685499065	-0.0203	0.0663	0.1914
833.0	-10.429992	1.973772	-0.763218	-0.8115781021773633	-0.3089232776029963	-0.17278759594743864	-0.0206	0.0665	0.1906
834.0	-11.078433	1.5460559999999999	-0.153036	-0.4852015320544236	-0.17976891295541594	0.04537856055185257	-0.0205	0.0664	0.1915
835.0	-11.756304	0.663156	0.34531200000000006	-0.09773843811168245	-0.15009831567151233	0.20943951023931956	-0.0203	0.0665	0.1927
836.0	-12.086901000000001	-0.22268700000000002	0.604296	0.08028514559173916	-0.2792526803190927	0.33161255787892263	-0.0205	0.0668	0.194
836.9999999999999	-12.037851000000002	-0.859356	0.7848	0.05759586531581287	-0.03316125578789226	0.33510321638291124	-0.0206	0.0671	0.1928
838.0000000000001	-11.974086	-1.4715	0.973152	0.05759586531581287	-0.03316125578789226	0.33510321638291124	-0.021	0.0674	0.1928
839.0	-11.902473	-2.078739	1.151694	0.05759586531581287	-0.03316125578789226	0.33510321638291124	-0.0211	0.0675	0.1931
840.0	-11.83086	-2.660472	1.2841289999999999	0.05759586531581287	-0.03316125578789226	0.33510321638291124	-0.0212	0.068	0.1927
841.0	-11.759247000000002	-3.2412240000000003	1.4165640000000002	0.05759586531581287	-0.03316125578789226	0.33510321638291124	-0.0214	0.0686	0.1922
842.0	-11.431593000000001	-3.8514060000000003	1.266471	0.05759586531581287	-0.03316125578789226	0.33510321638291124	-0.0212	0.0691	0.1925
843.0	-10.936188000000001	-4.281084	0.9525510000000001	0.05759586531581287	-0.03316125578789226	0.33510321638291124	-0.0212	0.0694	0.1935
844.0	-10.207305	-3.9485250000000005	0.7985340000000001	-0.41015237421866746	-0.158824961931484	0.8988445647770797	-0.0214	0.0696	0.1923
844.9999999999999	-9.462726	-3.151953	0.807363	-0.41015237421866746	-0.158824961931484	0.8988445647770797	-0.0219	0.0697	0.1911
846.0000000000001	-8.989884	-2.5044930000000005	0.965304	-0.3036872898470133	-0.27052603405912107	0.6859143960337715	-0.0216	0.0698	0.1902
847.0000000000001	-8.825076	-2.3181030000000002	0.986886	-0.2844886680750757	-0.32986722862692824	0.5044001538263612	-0.0213	0.0698	0.1902
848.0	-9.119376	-2.229813	1.121283	-0.18675022996339324	0.4223696789826277	0.07504915783575616	-0.0211	0.0698	0.1899
849.0	-9.567693	-2.156238	1.190934	-0.059341194567807204	0.7243116395776468	-0.24783675378319478	-0.021	0.0699	0.1898
850.0	-9.841392	-2.10915	1.213497	0.059341194567807204	0.1064650843716541	-0.41538836197465046	-0.021	0.0697	0.1898
851.0	-9.994428	-1.999278	1.229193	0.09599310885968812	-0.020943951023931952	-0.4590215932745087	-0.0208	0.0691	0.1897
852.0	-10.147464000000001	-1.8894060000000001	1.243908	0.09599310885968812	-0.020943951023931952	-0.4590215932745087	-0.0206	0.0684	0.1896
852.9999999999999	-10.300500000000001	-1.7795340000000002	1.258623	0.09599310885968812	-0.020943951023931952	-0.4590215932745087	-0.0204	0.0677	0.1895
853.9999999999999	-10.208286000000001	-1.9708290000000002	0.87309	0.04537856055185257	0.35779249665883756	-0.3717551306747922	-0.0204	0.0675	0.1893
855.0000000000001	-10.171008	-2.041461	0.571923	0.017453292519943295	0.5044001538263612	-0.3752457891787809	-0.0201	0.0672	0.1892
856.0	-10.195533	-1.951209	0.368856	0.017453292519943295	0.5044001538263612	-0.3752457891787809	-0.0204	0.0669	0.1895
857.0	-10.27107	-1.650042	0.38259000000000004	0.017453292519943295	0.5044001538263612	-0.3752457891787809	-0.0203	0.0666	0.1895
858.0	-9.834525	-1.2360600000000002	0.459108	0.4852015320544236	-0.06806784082777885	-0.44505895925855404	-0.0201	0.0666	0.1899
859.0	-9.238077	-0.8897670000000001	0.707301	0.7749261878854823	-0.20943951023931956	-0.45553093477052004	-0.02	0.0661	0.19
860.0	-8.841753	-0.678852	0.894672	0.9424777960769379	-0.15184364492350666	-0.4415683007545654	-0.0198	0.0663	0.1902
861.0	-8.620047000000001	-0.656289	0.9810000000000001	0.9250245035569946	-0.017453292519943295	-0.39968039870670147	-0.0199	0.0667	0.1905
861.9999999999999	-8.442486	-0.604296	0.964323	0.8779006137531478	0.0	-0.3385938748868999	-0.0198	0.0674	0.1905
863.0000000000001	-8.282583	-0.446355	0.817173	0.6981317007977318	-0.08377580409572781	-0.2181661564992912	-0.02	0.068	0.1907
864.0	-8.467992	-0.3924	0.72594	0.5934119456780721	-0.19722220547535926	-0.0890117918517108	-0.0201	0.0683	0.1907
865.0	-8.665173	-0.28547100000000003	0.474804	0.3560471674068432	-0.27576202181510406	-0.029670597283903602	-0.0199	0.0685	0.1904
866.0	-8.822133000000001	0.0049050000000000005	0.28056600000000004	0.1291543646475804	-0.3665191429188092	0.06632251157578452	-0.0199	0.0688	0.1903
867.0	-8.900613	0.39043800000000006	0.153036	-0.026179938779914945	-0.4520402762665313	0.12391837689159739	-0.0199	0.0689	0.1904
868.0	-8.973207	0.7004340000000001	-0.12262500000000001	-0.143116998663535	-0.4468042885105484	0.13962634015954636	-0.02	0.0689	0.1902
869.0	-9.070326	0.9780570000000001	-0.429678	-0.19896753472735357	-0.3490658503988659	0.12566370614359174	-0.0198	0.069	0.1906
869.9999999999999	-9.182160000000001	1.262547	-0.599391	-0.1884955592153876	-0.291469985083053	0.1361356816555577	-0.0196	0.0687	0.1906
871.0000000000001	-9.271431000000002	1.5823530000000001	-0.6052770000000001	-0.1466076571675237	-0.31066860685499065	0.15009831567151233	-0.0196	0.0687	0.1904
872.0000000000001	-9.336177000000001	1.754028	-0.57879	-0.08552113334772216	-0.34732052114687156	0.16755160819145562	-0.0197	0.0683	0.1904
873.0	-9.390132000000001	1.800135	-0.37278	0.008726646259971648	-0.3595378259108319	0.17976891295541594	-0.0193	0.0683	0.1901
874.0	-9.402885000000001	1.674567	-0.212877	0.017453292519943295	-0.39269908169872414	0.16057029118347832	-0.0189	0.0682	0.1905
875.0	-9.346968	1.374381	0.022563	0.017453292519943295	-0.39269908169872414	0.16057029118347832	-0.0189	0.0684	0.1909
876.0	-9.332253000000001	0.8897670000000001	0.201105	0.017453292519943295	-0.39269908169872414	0.16057029118347832	-0.0188	0.0684	0.1912
877.0	-9.34893	0.363951	0.26487	0.17976891295541594	-0.35779249665883756	0.08726646259971647	-0.0187	0.0687	0.1913
877.9999999999999	-9.410733	-0.06867000000000001	0.301167	0.20943951023931956	-0.3735004599267865	0.07853981633974483	-0.0185	0.0688	0.1914
878.9999999999999	-9.446049	-0.367875	0.261927	0.21467549799530256	-0.3769911184307752	0.07504915783575616	-0.0188	0.0691	0.1912
880.0000000000001	-9.425448000000001	-0.530721	0.22268700000000002	0.23212879051524585	-0.35779249665883756	0.06981317007977318	-0.0191	0.069	0.1912
881.0	-9.342063000000001	-0.646479	0.10692900000000001	0.24609142453120045	-0.3612831551628262	0.061086523819801536	-0.0192	0.069	0.1914
882.0	-9.230229	-0.640593	0.06572700000000001	0.291469985083053	-0.31066860685499065	0.08552113334772216	-0.0188	0.0692	0.1918
883.0	-9.105642000000001	-0.671985	-0.026487000000000004	0.3560471674068432	-0.26703537555513246	0.10471975511965978	-0.0188	0.0693	0.1919
884.0	-9.042858	-0.7004340000000001	-0.045126	0.3700098014227979	-0.2234021442552742	0.11693705988362008	-0.0186	0.0692	0.1916
885.0	-9.036972	-0.722016	-0.04316400000000001	0.39968039870670147	-0.26703537555513246	0.15358897417550102	-0.0183	0.069	0.1912
886.0	-9.029124000000001	-0.7288830000000001	-0.050031000000000006	0.40840704496667307	-0.32812189937493397	0.16755160819145562	-0.0184	0.0691	0.191
886.9999999999999	-9.065421	-0.7396739999999999	0.002943	0.40840704496667307	-0.33510321638291124	0.20943951023931956	-0.0181	0.0691	0.1909
888.0000000000001	-9.109566000000001	-0.729864	0.10692900000000001	0.3909537524467298	-0.3752457891787809	0.21467549799530256	-0.018	0.0687	0.1912
889.0	-9.253773	-0.6916049999999999	0.556227	0.2879793265790644	-0.5218534463463045	0.11519173063162574	-0.0175	0.0687	0.191
890.0	-9.550035000000001	-0.5729040000000001	1.4361840000000001	0.0471238898038469	-0.7208209810736581	-0.09948376736367678	-0.017	0.0692	0.1907
891.0	-9.809019000000001	-0.066708	2.1925350000000003	-0.1884955592153876	-0.8429940287132611	-0.25132741228718347	-0.0165	0.0694	0.1908
892.0	-9.860031000000001	0.7720470000000001	2.366172	-0.291469985083053	-0.3385938748868999	-0.3787364476827695	-0.0164	0.0695	0.1906
893.0	-9.865917000000001	1.51074	2.6732250000000004	-0.24783675378319478	0.1954768762233649	-0.5707226654021458	-0.0163	0.0695	0.1908
894.0	-9.742311	1.9198170000000003	2.651643	-0.23736477827122882	0.39269908169872414	-0.6143558967020041	-0.016	0.0694	0.191
894.9999999999999	-9.572598000000001	2.0463660000000004	2.6045550000000004	-0.13788101090755203	0.4939281783143953	-0.49741883681838395	-0.0164	0.0695	0.191
896.0000000000001	-9.956169	1.9669050000000001	2.6732250000000004	0.029670597283903602	0.5515240436302081	-0.40491638646268446	-0.0163	0.0693	0.1907
897.0000000000001	-10.555560000000002	1.80504	2.856672	0.15009831567151233	0.6440264939859076	-0.22689280275926285	-0.0166	0.0689	0.1908
898.0	-11.290329000000002	1.563714	3.132333	0.12217304763960307	0.312413936106985	-0.13788101090755203	-0.0167	0.069	0.1903
899.0	-11.933864999999999	1.2772620000000001	3.0607200000000003	0.12217304763960307	0.312413936106985	-0.13788101090755203	-0.0169	0.0688	0.1902
900.0	-12.441042000000001	0.9280260000000001	2.528037	0.12217304763960307	0.312413936106985	-0.13788101090755203	-0.017	0.0685	0.19
901.0	-12.652938	0.436545	2.131713	0.14486232791552936	-0.23911010752322315	0.005235987755982988	-0.017	0.0686	0.1896
902.0	-13.103217000000003	-0.30312900000000004	2.289654	0.13439035240356337	-0.020943951023931952	-0.03665191429188092	-0.0169	0.0685	0.1892
902.9999999999999	-13.604508000000001	-0.883881	2.317122	0.13439035240356337	-0.020943951023931952	-0.03665191429188092	-0.0169	0.0683	0.1888
903.9999999999999	-14.167602	-1.119321	2.653605	0.13439035240356337	-0.020943951023931952	-0.03665191429188092	-0.0172	0.0683	0.1884
905.0000000000001	-14.720886	-1.078119	2.9949930000000005	0.13439035240356337	-0.020943951023931952	-0.03665191429188092	-0.0168	0.0683	0.1882
906.0	-14.720886	-0.8466030000000001	3.229452	0.13439035240356337	-0.020943951023931952	-0.03665191429188092	-0.0166	0.0683	0.188
907.0	-13.999851000000001	-0.669042	3.308913	0.1413716694115407	-0.2426007660272118	-0.013962634015954637	-0.0161	0.0684	0.1881
908.0	-13.096350000000001	-0.464994	3.260844	0.15533430342749532	-0.23561944901923448	0.029670597283903602	-0.0158	0.0685	0.1883
909.0	-12.158514000000002	-0.25800300000000004	3.1902120000000003	0.15707963267948966	-0.2932153143350474	0.05585053606381855	-0.0158	0.0688	0.1888
910.0	-11.153970000000001	-0.087309	3.115656	0.20943951023931956	-0.3787364476827695	0.04537856055185257	-0.0157	0.0687	0.1889
911.0	-10.500624	-0.10006200000000001	3.018537	0.24434609527920614	-0.5061454830783556	0.006981317007977318	-0.0156	0.0686	0.1891
911.9999999999999	-9.758988	-0.17167500000000002	2.9616390000000004	0.32637657012293964	-0.6161012259539983	-0.07679448708775051	-0.0155	0.0688	0.1892
913.0000000000001	-9.110547	-0.188352	2.8066410000000004	0.4310963252425994	-0.7330382858376184	-0.14486232791552936	-0.0154	0.0689	0.1897
914.0	-8.462106	-0.20601000000000003	2.651643	0.4310963252425994	-0.7330382858376184	-0.14486232791552936	-0.0153	0.0689	0.1903
915.0	-7.813665	-0.22268700000000002	2.496645	0.4310963252425994	-0.7330382858376184	-0.14486232791552936	-0.0151	0.069	0.1908
916.0	-7.165224000000001	-0.24034500000000003	2.3426280000000004	0.4310963252425994	-0.7330382858376184	-0.14486232791552936	-0.015	0.0691	0.1913
917.0	-7.255476000000001	-0.057879	2.251395	0.4118977034706618	-0.0017453292519943296	0.2234021442552742	-0.0151	0.069	0.1912
918.0	-7.39674	0.12360600000000001	2.1464280000000002	0.4118977034706618	-0.0017453292519943296	0.2234021442552742	-0.0151	0.0686	0.1912
919.0	-7.389873	0.339426	2.116998	0.4468042885105484	-0.36477381366681483	0.39968039870670147	-0.0152	0.0684	0.1912
919.9999999999999	-7.382025	0.5729040000000001	2.01105	0.4799655442984406	-0.2565634000431664	0.41015237421866746	-0.0151	0.0685	0.1912
921.0000000000001	-7.390854	0.754389	1.95219	0.5026548245743669	-0.12566370614359174	0.3735004599267865	-0.0151	0.0684	0.1911
922.0000000000001	-7.504650000000001	0.949608	1.8884250000000002	0.5061454830783556	0.06632251157578452	0.2984513020910304	-0.0153	0.0682	0.1916
923.0	-7.540947000000001	1.083024	1.839375	0.4799655442984406	0.14486232791552936	0.23911010752322315	-0.0159	0.0682	0.1913
924.0	-7.645914	1.2772620000000001	1.852128	0.41713369122664473	0.33335788713091696	0.19373154697137057	-0.0164	0.0681	0.1913
925.0	-7.784235	1.4685570000000001	1.8413370000000002	0.3368485456349056	0.4380776422505767	0.15533430342749532	-0.0166	0.0678	0.1914
926.0	-7.9490430000000005	1.6618140000000001	1.769724	0.2565634000431664	0.4869468613064179	0.13264502315156904	-0.0174	0.0677	0.191
927.0	-7.850943000000001	1.738332	1.689282	0.21991148575128552	0.4642575810304917	0.13439035240356337	-0.0179	0.0681	0.1914
927.9999999999999	-7.776387	1.817793	1.555866	0.13439035240356337	0.5410520681182421	0.1413716694115407	-0.0186	0.0684	0.1916
928.9999999999999	-7.834266	1.850166	1.3694760000000001	0.03665191429188092	0.6073745796940266	0.1413716694115407	-0.0189	0.0684	0.1915
930.0000000000001	-7.900974000000001	1.936494	1.3115970000000001	-0.05585053606381855	0.6649704450098396	0.1413716694115407	-0.0194	0.0682	0.1916
931.0	-7.935309	2.06991	1.2105540000000001	-0.16580627893946132	0.7365289443416071	0.16755160819145562	-0.0196	0.0684	0.1915
932.0	-7.931385000000001	2.160162	1.093815	-0.16580627893946132	0.7365289443416071	0.16755160819145562	-0.0198	0.0686	0.1911
933.0	-7.912746	2.259243	1.060461	-0.16580627893946132	0.7365289443416071	0.16755160819145562	-0.0196	0.0688	0.1912
934.0	-7.8244560000000005	2.2965210000000003	0.9662850000000001	-0.16580627893946132	0.7365289443416071	0.16755160819145562	-0.0194	0.069	0.1909
935.0	-7.703793	2.3377230000000004	0.8956530000000001	-0.16580627893946132	0.7365289443416071	0.16755160819145562	-0.0195	0.0694	0.1905
936.0	-7.741071000000001	2.319084	0.7651800000000001	-0.6667157742618339	1.7976891295541595	0.2303834612632515	-0.0195	0.0698	0.1914
936.9999999999999	-7.874487	2.2788630000000003	0.5611320000000001	-0.7295476273336297	1.837831702350029	0.2181661564992912	-0.02	0.0699	0.1922
938.0000000000001	-8.037333	2.2278510000000002	0.36983699999999997	-0.8377580409572782	1.8099064343181197	0.1710422666954443	-0.0202	0.0701	0.1935
939.0	-8.27964	2.172915	0.197181	-0.8534660042252271	1.7139133254584316	0.13788101090755203	-0.0207	0.0703	0.1953
940.0	-8.606313	2.063043	-0.05886	-0.9180431865490174	1.6458454846306527	0.09773843811168245	-0.021	0.0709	0.198
941.0	-8.936910000000001	1.869786	-0.30312900000000004	-0.895353906273091	1.4748032179352084	0.07679448708775051	-0.0214	0.0708	0.2011
942.0	-9.239058	1.668681	-0.51993	-0.8534660042252271	1.2217304763960306	0.06806784082777885	-0.0218	0.0707	0.2049
943.0	-9.542187	1.466595	-0.736731	-0.8534660042252271	1.2217304763960306	0.06806784082777885	-0.0221	0.0706	0.2087
944.0	-9.845316	1.2645089999999999	-0.9525510000000001	-0.8534660042252271	1.2217304763960306	0.06806784082777885	-0.0225	0.0704	0.2125
944.9999999999999	-10.148445	1.063404	-1.1693520000000002	-0.8534660042252271	1.2217304763960306	0.06806784082777885	-0.0228	0.0703	0.2163
946.0000000000001	-10.266165	0.9191970000000002	-1.26549	-0.8534660042252271	1.2217304763960306	0.06806784082777885	-0.0227	0.0701	0.2192
947.0000000000001	-10.323063000000001	0.8004960000000001	-1.3165020000000003	-0.8534660042252271	1.2217304763960306	0.06806784082777885	-0.0225	0.0699	0.2218
948.0	-10.269108	0.736731	-1.307673	-0.4799655442984406	0.4625122517784973	-0.17453292519943295	-0.022	0.0701	0.226
949.0	-10.218096000000001	0.698472	-1.3714380000000002	-0.4363323129985824	0.43458698374658805	-0.1884955592153876	-0.0213	0.0699	0.2294
950.0	-10.140597000000001	0.677871	-1.3979249999999999	-0.4363323129985824	0.43458698374658805	-0.1884955592153876	-0.021	0.0695	0.2322
951.0	-10.112148	0.729864	-1.347894	-0.41364303272265607	0.38222710618675815	-0.27401669256310973	-0.0207	0.0694	0.2342
952.0	-10.111167	0.7906860000000001	-1.325331	-0.41364303272265607	0.38222710618675815	-0.27401669256310973	-0.0205	0.0692	0.2355
952.9999999999999	-10.110186	0.852489	-1.3027680000000001	-0.41364303272265607	0.38222710618675815	-0.27401669256310973	-0.0203	0.069	0.2368
953.9999999999999	-10.109205000000001	0.9133110000000001	-1.281186	-0.41364303272265607	0.38222710618675815	-0.27401669256310973	-0.02	0.0688	0.2381
955.0000000000001	-10.108224	0.974133	-1.258623	-0.41364303272265607	0.38222710618675815	-0.27401669256310973	-0.0198	0.0687	0.2394
956.0	-10.107243	1.034955	-1.2360600000000002	-0.41364303272265607	0.38222710618675815	-0.27401669256310973	-0.0196	0.0685	0.2407
957.0	-10.020915	1.164447	-1.155618	-0.4468042885105484	-0.27576202181510406	-0.44505895925855404	-0.0193	0.0684	0.2382
958.0	-9.991485	1.2448890000000001	-1.091853	-0.4468042885105484	-0.27576202181510406	-0.44505895925855404	-0.0195	0.0682	0.2337
959.0	-9.931644	1.318464	-0.976095	-0.4468042885105484	-0.27576202181510406	-0.44505895925855404	-0.0195	0.0682	0.2295
960.0	-9.870822	1.392039	-0.860337	-0.4468042885105484	-0.27576202181510406	-0.44505895925855404	-0.0195	0.0682	0.2253
961.0	-9.808038000000002	1.434222	-0.874071	-0.4572762640225143	-0.22689280275926285	-0.3385938748868999	-0.0194	0.0683	0.2201
961.9999999999999	-9.744273	1.4852340000000002	-0.929988	-0.47472955654245763	-0.19722220547535926	-0.30194196059501904	-0.0193	0.0684	0.2147
963.0000000000001	-9.655002	1.525455	-1.001601	-0.4782202150464463	-0.16755160819145562	-0.2879793265790644	-0.0193	0.0689	0.2091
964.0	-9.577503	1.624536	-1.0987200000000001	-0.5113814708343386	-0.10297442586766545	-0.3036872898470133	-0.0193	0.0694	0.2036
965.0	-9.503928	1.71675	-1.162485	-0.5654866776461628	0.0	-0.3193952531149623	-0.0192	0.0698	0.198
966.0	-9.547092	1.9149120000000002	-1.032993	-0.6161012259539983	0.015707963267948967	-0.34732052114687156	-0.019	0.0701	0.1925
967.0	-9.797247	1.9884870000000001	-0.8907480000000001	-0.6544984694978736	-0.09773843811168245	-0.33161255787892263	-0.0189	0.0704	0.191
968.0	-10.158255000000002	1.9001970000000001	-0.51012	-0.619591884457987	-0.158824961931484	-0.23212879051524585	-0.0194	0.0704	0.1891
969.0	-10.738026000000001	1.604916	-0.013734000000000001	-0.4276056667386107	-0.029670597283903602	-0.005235987755982988	-0.0194	0.0704	0.1873
969.9999999999999	-11.609154	0.736731	0.5071770000000001	-0.2583087292951608	0.15009831567151233	0.18151424220741028	-0.0196	0.0705	0.1856
971.0000000000001	-12.387087	-0.283509	0.854451	0.06806784082777885	0.11344640137963143	0.6178465552059926	-0.0193	0.0709	0.1851
972.0000000000001	-12.698064	-1.001601	1.139922	0.31066860685499065	0.05585053606381855	0.9512044423369096	-0.0196	0.0712	0.1848
973.0	-12.707874000000002	-1.290996	1.456785	0.41538836197465046	0.16580627893946132	0.9180431865490174	-0.0199	0.0712	0.1848
974.0	-12.686292	-1.3841910000000002	1.8383940000000003	0.3089232776029963	0.11519173063162574	0.7086036763096978	-0.0198	0.0712	0.1847
975.0	-12.805973999999999	-1.150713	2.30535	-0.09599310885968812	0.158824961931484	0.5742133239061344	-0.0201	0.071	0.1845
976.0	-12.907998000000001	-0.9545130000000001	2.693826	-0.2565634000431664	0.26354471705114374	0.5550147021341968	-0.0205	0.0706	0.1844
977.0	-12.799107000000001	-0.7514460000000001	2.9743920000000004	-0.35255650890285456	0.05585053606381855	0.6038839211900381	-0.0207	0.0703	0.1839
977.9999999999999	-12.427308	-0.47774700000000003	2.988126	-0.3717551306747922	-0.1710422666954443	0.6265732014659643	-0.0206	0.07	0.1846
978.9999999999999	-11.737665	-0.08142300000000001	2.8507860000000003	-0.5148721293383273	-0.3368485456349056	0.5881759579220891	-0.0209	0.0703	0.1844
980.0000000000001	-10.776285000000001	0.7661610000000001	2.65851	-0.5567600313861911	-0.3455751918948773	0.5585053606381855	-0.0208	0.0699	0.1837
981.0	-9.83943	1.604916	2.6035740000000005	-0.5585053606381855	-0.49567350756638956	0.5358160803622591	-0.0213	0.0695	0.1827
982.0	-9.390132000000001	1.95219	2.6045550000000004	-0.4799655442984406	-0.4590215932745087	0.4886921905584123	-0.0215	0.069	0.1811
983.0	-9.443106	1.8079830000000001	2.482911	-0.4939281783143953	-0.22165681500327983	0.23561944901923448	-0.0217	0.0684	0.1799
984.0	-9.801171	1.4636520000000002	2.558448	-0.34033920413889424	0.7819075048934596	0.03316125578789226	-0.0222	0.0681	0.1785
985.0	-9.928701	0.8240400000000001	2.4554430000000003	-0.11344640137963143	0.34732052114687156	-0.11519173063162574	-0.0227	0.0676	0.1781
986.0	-9.666774	0.10300500000000001	2.185668	0.012217304763960306	-0.317649923862968	-0.2059488517353309	-0.0226	0.0677	0.1737
986.9999999999999	-9.349911	-0.522873	2.003202	0.23561944901923448	-0.26005405854715513	-0.20943951023931956	-0.0226	0.0676	0.1698
988.0000000000001	-9.086022	-1.135017	1.8531090000000001	0.19722220547535926	-0.015707963267948967	-0.24085543677521748	-0.0224	0.0679	0.1638
989.0	-9.078174	-1.592163	1.7795340000000002	0.43982297150257105	0.2007128639793479	-0.3159045946109737	-0.0226	0.0674	0.1579
990.0	-9.076212	-1.9433610000000001	1.653966	0.5864306286700948	0.2722713633111154	-0.40317105721069013	-0.0228	0.0673	0.1517
991.0	-9.165483	-2.065005	1.573524	0.7120943348136864	0.24434609527920614	-0.41015237421866746	-0.0231	0.067	0.1474
992.0	-9.224343000000001	-2.025765	1.4528610000000002	0.7941248096574199	0.29670597283903605	-0.44505895925855404	-0.0229	0.0672	0.1431
993.0	-9.245925	-1.789344	1.3812480000000003	0.7487462491055673	0.2984513020910304	-0.4782202150464463	-0.0226	0.0675	0.1396
994.0	-9.055611	-1.4803290000000002	1.0663470000000002	0.7120943348136864	0.38571776469074687	-0.4258603374866164	-0.0223	0.0674	0.1365
994.9999999999999	-8.934948	-1.0467270000000002	0.726921	0.5672320068981571	0.2426007660272118	-0.3368485456349056	-0.0215	0.0678	0.1315
996.0000000000001	-9.054630000000001	-0.501291	0.526797	0.48171087355043496	0.05585053606381855	-0.2617993877991494	-0.0212	0.0676	0.1338
997.0000000000001	-9.255735000000001	0.030411	0.21778200000000003	0.23911010752322315	0.04014257279586958	-0.25132741228718347	-0.0213	0.0674	0.1334
998.0	-9.557883	0.6523650000000001	-0.006867000000000001	0.09773843811168245	-0.0890117918517108	-0.2181661564992912	-0.0212	0.0674	0.1351
999.0	-9.607914000000001	1.062423	-0.272718	-0.03490658503988659	-0.16057029118347832	-0.17976891295541594	-0.021	0.0676	0.1379
1000.0	-9.649116000000001	1.3567230000000001	-0.35904600000000003	-0.09948376736367678	-0.2617993877991494	-0.11693705988362008	-0.0208	0.0679	0.144
1001.0	-9.707976	1.54017	-0.340407	-0.038397243543875255	-0.1884955592153876	-0.05061454830783556	-0.0201	0.0679	0.1506
1002.0	-9.752121	1.650042	-0.305091	-0.0890117918517108	-0.22514747350726852	0.0	-0.0199	0.0678	0.1553
1002.9999999999999	-9.663831	1.614726	-0.188352	-0.029670597283903602	-0.27576202181510406	0.027925268031909273	-0.0198	0.0674	0.159
1003.9999999999999	-9.522567	1.4636520000000002	-0.12851100000000001	0.024434609527920613	-0.22165681500327983	0.03490658503988659	-0.0196	0.067	0.1659
1005.0000000000001	-9.385227	1.2125160000000001	0.018639	0.0471238898038469	-0.2530727415391778	0.020943951023931952	-0.0194	0.0668	0.1723
1006.0	-9.298899	0.8721090000000001	0.048069	0.06981317007977318	-0.2303834612632515	0.010471975511965976	-0.0194	0.0669	0.1757
1007.0	-9.284184	0.533664	0.10594800000000001	0.06283185307179587	-0.20943951023931956	0.008726646259971648	-0.0193	0.067	0.1812
1008.0	-9.264564	0.192276	0.113796	0.0645771823237902	-0.22863813201125716	0.019198621771937627	-0.0191	0.0668	0.1859
1009.0	-9.366588	0.019620000000000002	0.121644	0.07330382858376185	-0.24434609527920614	0.029670597283903602	-0.0187	0.0664	0.1905
1010.0	-9.44703	-0.026487000000000004	0.02943	0.10995574287564276	-0.312413936106985	0.03665191429188092	-0.0185	0.0663	0.1921
1011.0	-9.455859	-0.023544	-0.10300500000000001	0.09948376736367678	-0.3769911184307752	0.029670597283903602	-0.0185	0.066	0.1924
1011.9999999999999	-9.460764000000001	0.050031000000000006	-0.136359	0.09948376736367678	-0.4241150082346221	0.03490658503988659	-0.0186	0.0658	0.1948
1013.0000000000001	-9.438201	0.12753	-0.198162	0.1466076571675237	-0.45553093477052004	0.0471238898038469	-0.0181	0.0659	0.1968
1014.0	-9.383265000000002	0.15696000000000002	-0.182466	0.16406094968746698	-0.4537856055185257	0.05235987755982989	-0.018	0.0662	0.1957
1015.0	-9.32931	0.12360600000000001	-0.153036	0.21467549799530256	-0.4293509959906051	0.06283185307179587	-0.0178	0.0662	0.1961
1016.0	-9.26064	0.05886	-0.094176	0.23212879051524585	-0.39793506945470714	0.06806784082777885	-0.017	0.0664	0.1963
1017.0	-9.185103	-0.04022100000000001	-0.001962	0.23212879051524585	-0.39793506945470714	0.06806784082777885	-0.016	0.0665	0.1969
1018.0	-9.112509	-0.150093	0.051012	0.23212879051524585	-0.39793506945470714	0.06806784082777885	-0.0153	0.0667	0.1974
1019.0	-9.039915	-0.267813	0.044145	0.3490658503988659	-0.20245819323134223	0.07504915783575616	-0.0141	0.0668	0.1976
1019.9999999999999	-8.969283	-0.38259000000000004	0.048069	0.36826447217080355	-0.19024088846738194	0.08203047484373349	-0.0133	0.067	0.198
1021.0000000000001	-8.917290000000001	-0.45027900000000004	0.015696	0.4014257279586958	-0.158824961931484	0.0890117918517108	-0.0122	0.0673	0.1978
1022.0000000000001	-8.888841000000001	-0.508158	-0.070632	0.41538836197465046	-0.16231562043547265	0.10471975511965978	-0.0114	0.0675	0.1978
1023.0	-8.896689	-0.513063	-0.092214	0.4310963252425994	-0.15184364492350666	0.11519173063162574	-0.0109	0.0676	0.1974
1024.0	-8.914347	-0.48559500000000005	-0.12753	0.4310963252425994	-0.15184364492350666	0.11519173063162574	-0.0103	0.0675	0.197
1025.0	-8.938872	-0.424773	-0.173637	0.4223696789826277	-0.23561944901923448	0.15533430342749532	-0.01	0.0677	0.1986
1026.0	-8.960454	-0.34531200000000006	-0.258984	0.39793506945470714	-0.2722713633111154	0.1780235837034216	-0.0097	0.0677	0.1972
1027.0	-9.081117	-0.25506	0.060822	0.19024088846738194	-0.3089232776029963	0.1308996938995747	-0.0096	0.068	0.196
1028.0	-9.529434	-0.148131	1.205649	-0.012217304763960306	-0.773180858633488	-0.15533430342749532	-0.0093	0.068	0.198
1029.0	-9.951264	-0.061803000000000004	2.4083550000000002	-0.012217304763960306	-0.773180858633488	-0.15533430342749532	-0.0093	0.0682	0.2001
1030.0	-10.376037000000002	0.025506	3.604194	-0.012217304763960306	-0.773180858633488	-0.15533430342749532	-0.0092	0.0681	0.2023
1031.0	-10.381923	0.826983	3.981879	-0.8534660042252271	-0.4293509959906051	-0.5969026041820608	-0.0099	0.0682	0.2016
1032.0	-10.071927	1.229193	4.220262000000001	-0.8220500776893293	0.2775073510670984	-0.5602506898901798	-0.0096	0.0681	0.2009
1033.0	-9.945378000000002	1.283148	4.210452	-0.7330382858376184	0.7557275661135446	-0.45553093477052004	-0.0099	0.0681	0.2027
1034.0	-10.141578	1.164447	4.406652	-0.47123889803846897	0.6736970912698113	-0.39793506945470714	-0.0101	0.0681	0.2019
1035.0	-10.481004	0.940779	4.664655	-0.35255650890285456	0.4572762640225143	-0.22863813201125716	-0.0104	0.0678	0.2003
1036.0	-10.97739	0.6258779999999999	5.046264	-0.19198621771937624	0.10471975511965978	-0.06632251157578452	-0.0115	0.0677	0.2016
1037.0	-11.529693	0.229554	5.099238000000001	-0.12042771838760874	0.0	-0.0017453292519943296	-0.012	0.0675	0.2022
1038.0	-11.755323	-0.182466	4.329153000000001	-0.12042771838760874	0.0	-0.0017453292519943296	-0.0128	0.0676	0.1996
1039.0	-11.849499	-0.455184	3.576726	0.06283185307179587	-0.3769911184307752	0.029670597283903602	-0.0137	0.0676	0.1979
1040.0	-11.843613000000001	-0.600372	2.7664199999999997	0.16057029118347832	-0.26005405854715513	-0.020943951023931952	-0.0146	0.0676	0.1962
1041.0	-12.235032000000002	-1.3822290000000002	2.749743	0.291469985083053	-0.12740903539558607	-0.15184364492350666	-0.0151	0.0676	0.1978
1042.0	-12.893283	-1.7451990000000002	2.9322090000000003	0.3560471674068432	-0.03665191429188092	-0.27052603405912107	-0.0159	0.0677	0.1999
1043.0	-13.297455	-1.80504	3.2677110000000003	0.34033920413889424	-0.15009831567151233	-0.32812189937493397	-0.0159	0.0679	0.1978
1044.0	-13.285683	-1.691244	3.448215	0.2932153143350474	-0.21642082724729686	-0.2984513020910304	-0.016	0.0681	0.1995
1045.0	-12.992364	-1.466595	3.5335620000000003	0.2583087292951608	-0.35255650890285456	-0.21467549799530256	-0.016	0.0683	0.2
1046.0	-12.490092000000002	-1.1546370000000001	3.5237520000000004	0.22514747350726852	-0.2984513020910304	-0.12217304763960307	-0.0157	0.0685	0.2008
1047.0	-11.780829	-0.7573320000000001	3.442329	0.2129301687433082	-0.2617993877991494	-0.03316125578789226	-0.0155	0.0685	0.202
1048.0	-11.020554	-0.357084	3.248091	0.2181661564992912	-0.3368485456349056	0.041887902047863905	-0.0159	0.0684	0.2019
1049.0	-10.34955	-0.063765	3.0607200000000003	0.21991148575128552	-0.3717551306747922	0.07504915783575616	-0.016	0.0686	0.2005
1050.0	-9.792342	0.07749900000000001	2.8978740000000003	0.23911010752322315	-0.36477381366681483	0.0715584993317675	-0.0158	0.0684	0.1997
1051.0	-9.218457	0.150093	2.8635390000000003	0.32637657012293964	-0.44331363000655966	0.05235987755982989	-0.0154	0.0684	0.1986
1052.0	-8.709318000000001	0.26879400000000003	2.750724	0.3455751918948773	-0.4939281783143953	0.04537856055185257	-0.0151	0.0687	0.1971
1053.0	-8.350272	0.376704	2.6016120000000003	0.3455751918948773	-0.38048177693476387	0.05585053606381855	-0.0152	0.0689	0.1977
1054.0	-7.993188	0.543474	2.4760440000000004	0.3612831551628262	-0.47472955654245763	0.11344640137963143	-0.0151	0.0691	0.1971
1055.0	-7.855848	0.6817950000000002	2.282787	0.34033920413889424	-0.20943951023931956	0.18151424220741028	-0.0155	0.0692	0.1962
1056.0	-7.785216	0.827964	2.097378	0.34033920413889424	-0.20943951023931956	0.18151424220741028	-0.0155	0.069	0.1946
1057.0	-7.764615	0.959418	1.9060830000000002	0.34033920413889424	-0.20943951023931956	0.18151424220741028	-0.0158	0.0688	0.1931
1058.0	-7.758729000000001	1.05948	1.866843	0.3717551306747922	-0.19896753472735357	0.5113814708343386	-0.0154	0.0692	0.1932
1059.0	-7.753824000000001	1.143846	1.8560520000000003	0.39793506945470714	-0.09250245035569947	0.5183627878423158	-0.0153	0.0692	0.1935
1060.0	-7.737147	1.2723570000000002	1.8403559999999999	0.45029494701453704	0.008726646259971648	0.47472955654245763	-0.0153	0.0695	0.1933
1061.0	-7.727337	1.350837	1.769724	0.4310963252425994	0.10122909661567112	0.4188790204786391	-0.0155	0.0698	0.1933
1062.0	-7.748919000000001	1.409697	1.7432370000000001	0.4415683007545654	0.21118483949131386	0.36826447217080355	-0.0161	0.0695	0.1935
1063.0	-7.705755	1.4921010000000001	1.7658	0.4241150082346221	0.291469985083053	0.3159045946109737	-0.0162	0.0693	0.1934
1064.0	-7.764615	1.533303	1.7324460000000002	0.40317105721069013	0.3735004599267865	0.26703537555513246	-0.0164	0.0687	0.1931
1065.0	-7.775406	1.550961	1.748142	0.3665191429188092	0.39269908169872414	0.22514747350726852	-0.0164	0.0687	0.1928
1066.0	-7.812684	1.531341	1.715769	0.3385938748868999	0.40840704496667307	0.17976891295541594	-0.0165	0.0688	0.1929
1067.0	-7.860753000000001	1.535265	1.704978	0.2879793265790644	0.41364303272265607	0.15707963267948966	-0.0166	0.0687	0.193
1068.0	-7.926480000000001	1.6166880000000001	1.6677000000000002	0.24609142453120045	0.4293509959906051	0.13788101090755203	-0.017	0.0684	0.1929
1069.0	-8.02458	1.689282	1.5156450000000001	0.1832595714594046	0.5044001538263612	0.13962634015954636	-0.0173	0.0683	0.1929
1070.0	-8.136414	1.7451990000000002	1.3832099999999998	0.08203047484373349	0.6632251157578453	0.1466076571675237	-0.0174	0.068	0.1925
1071.0	-8.272773	1.859976	1.2645089999999999	-0.031415926535897934	0.7714355293814937	0.1413716694115407	-0.0176	0.0677	0.1921
1072.0	-8.325747	1.941399	1.1418840000000001	-0.143116998663535	0.8848819307611251	0.16057029118347832	-0.0173	0.0677	0.1917
1073.0	-8.364006	2.024784	0.991791	-0.26703537555513246	1.059414855960558	0.15707963267948966	-0.0174	0.0676	0.191
1074.0	-8.403246000000001	2.059119	0.792648	-0.3665191429188092	1.1938052083641215	0.158824961931484	-0.0174	0.0679	0.1905
1075.0	-8.439543	2.1287700000000003	0.678852	-0.43982297150257105	1.254891732183923	0.16580627893946132	-0.0175	0.0682	0.1907
1076.0	-8.476821000000001	2.263167	0.6190110000000001	-0.5445427266222308	1.2583823906879115	0.17976891295541594	-0.0174	0.0683	0.1901
1077.0	-8.521947	2.3612670000000002	0.498348	-0.6283185307179586	1.270599695451872	0.18675022996339324	-0.0175	0.0684	0.1899
1078.0	-8.605332	2.387754	0.32471099999999997	-0.7539822368615504	1.2531464029319286	0.15533430342749532	-0.0175	0.0685	0.1895
1079.0	-8.705394	2.42307	0.18639	-0.7435102613495844	1.2845623294678266	0.158824961931484	-0.0174	0.0685	0.189
1080.0	-8.805456	2.375982	0.038259	-0.8028514559173916	1.265363707695889	0.15358897417550102	-0.0178	0.0684	0.189
1081.0	-8.890803	2.2141170000000003	-0.14715	-0.8011061266653973	1.1885692206081384	0.16057029118347832	-0.0181	0.0685	0.189
1082.0	-9.040896	2.024784	-0.26879400000000003	-0.7801621756414654	1.1135200627723822	0.12217304763960307	-0.0181	0.0687	0.1888
1083.0	-9.196875	1.8266220000000002	-0.339426	-0.6894050545377601	0.9738937226128358	0.07504915783575616	-0.0184	0.0686	0.1888
1084.0	-9.288108	1.6618140000000001	-0.422811	-0.5602506898901798	0.8464846872172498	0.0017453292519943296	-0.0186	0.0684	0.1893
1085.0	-9.326367000000001	1.4656140000000002	-0.576828	-0.48171087355043496	0.8028514559173916	-0.0890117918517108	-0.0189	0.0684	0.1893
1086.0	-9.305766	1.2448890000000001	-0.668061	-0.3490658503988659	0.8080874436733745	-0.1361356816555577	-0.0192	0.0683	0.1897
1087.0	-9.249849	1.05948	-0.727902	-0.25481807079117214	0.8133234314293576	-0.18500490071139894	-0.0195	0.0682	0.1894
1088.0	-9.175293	0.897615	-0.746541	-0.25481807079117214	0.8133234314293576	-0.18500490071139894	-0.0197	0.0679	0.1893
1089.0	-9.091908	0.7190730000000001	-0.738693	-0.25481807079117214	0.8133234314293576	-0.18500490071139894	-0.0199	0.0677	0.1893
1090.0	-8.992827	0.616068	-0.703377	-0.25481807079117214	0.8133234314293576	-0.18500490071139894	-0.0199	0.0678	0.189
1091.0	-8.906499	0.586638	-0.656289	-0.25481807079117214	0.8133234314293576	-0.18500490071139894	-0.0199	0.0676	0.1887
1092.0	-8.793684	0.5827140000000001	-0.668061	-0.25481807079117214	0.8133234314293576	-0.18500490071139894	-0.02	0.0673	0.1885
1093.0	-8.664192	0.586638	-0.6837570000000001	-0.25481807079117214	0.8133234314293576	-0.18500490071139894	-0.02	0.0672	0.1885
1094.0	-8.847639000000001	0.6660990000000001	-0.701415	-0.19198621771937624	0.1710422666954443	-0.4118977034706618	-0.0206	0.0679	0.1885
1095.0	-9.031086	0.771066	-0.693567	-0.17278759594743864	0.003490658503988659	-0.40317105721069013	-0.0206	0.0683	0.1884
1096.0	-9.206685	0.8878050000000001	-0.704358	-0.17278759594743864	-0.1308996938995747	-0.39793506945470714	-0.0206	0.0683	0.188
1097.0	-9.399942000000001	0.982962	-0.70632	-0.17278759594743864	-0.1308996938995747	-0.39793506945470714	-0.0206	0.0684	0.1879
1098.0	-9.593199	1.078119	-0.7082820000000001	-0.17278759594743864	-0.1308996938995747	-0.39793506945470714	-0.0206	0.0686	0.1879
1099.0	-9.786456000000001	1.173276	-0.711225	-0.17278759594743864	-0.1308996938995747	-0.39793506945470714	-0.0207	0.0688	0.1878
1100.0	-9.979713000000002	1.2684330000000001	-0.713187	-0.17278759594743864	-0.1308996938995747	-0.39793506945470714	-0.0207	0.069	0.1878
1101.0	-10.17297	1.362609	-0.71613	-0.17278759594743864	-0.1308996938995747	-0.39793506945470714	-0.0207	0.0692	0.1878
1102.0	-10.366227	1.4577660000000001	-0.7180920000000001	-0.17278759594743864	-0.1308996938995747	-0.39793506945470714	-0.0208	0.0693	0.1877
1103.0	-10.559484000000001	1.552923	-0.7200540000000001	-0.17278759594743864	-0.1308996938995747	-0.39793506945470714	-0.0208	0.0695	0.1877
1104.0	-10.494738000000002	1.5715620000000001	-0.6759090000000001	-0.17278759594743864	-0.1308996938995747	-0.39793506945470714	-0.0206	0.069	0.1873
1105.0	-10.456479000000002	1.5862770000000002	-0.6258779999999999	-0.17278759594743864	-0.1308996938995747	-0.39793506945470714	-0.0206	0.0685	0.187
1106.0	-10.401543	1.6294410000000001	-0.737712	-0.5707226654021458	-0.2234021442552742	-0.33161255787892263	-0.0202	0.0685	0.1876
1107.0	-10.344645	1.6833960000000001	-0.8662230000000001	-0.6562437987498679	-0.2234021442552742	-0.34033920413889424	-0.0201	0.0687	0.1878
1108.0	-10.272051	1.770705	-0.9810000000000001	-0.7435102613495844	-0.20943951023931956	-0.3455751918948773	-0.0201	0.0688	0.1879
1109.0	-10.207305	1.851147	-1.159542	-0.8464846872172498	-0.13788101090755203	-0.3717551306747922	-0.0199	0.0688	0.1882
1110.0	-10.15335	2.010069	-1.135017	-0.9354964790689606	-0.1413716694115407	-0.4293509959906051	-0.0197	0.0689	0.1886
1111.0	-10.178856000000001	2.161143	-1.022202	-1.02799892942466	-0.2303834612632515	-0.4415683007545654	-0.0195	0.0688	0.1888
1112.0	-10.285785	2.240604	-0.764199	-1.0053096491487339	-0.29496064358704166	-0.38222710618675815	-0.0193	0.0687	0.1892
1113.0	-10.625211	2.2494330000000002	-0.164808	-0.9197885158010117	-0.1780235837034216	-0.24609142453120045	-0.0194	0.0684	0.1892
1114.0	-11.206944000000002	1.763838	0.601353	-0.6370451769779303	-0.017453292519943295	-0.012217304763960306	-0.0195	0.0683	0.1894
1115.0	-11.83086	0.629802	1.035936	-0.2303834612632515	-0.03316125578789226	0.23561944901923448	-0.0197	0.0686	0.1895
1116.0	-12.197754000000002	-0.5287590000000001	1.352799	0.038397243543875255	-0.18500490071139894	0.5777039824101231	-0.02	0.0685	0.1891
1117.0	-12.120255	-1.309635	1.623555	0.08726646259971647	-0.10995574287564276	0.7522369076095561	-0.0199	0.0686	0.1894
1118.0	-12.059433000000002	-2.124846	1.881558	0.08726646259971647	-0.10995574287564276	0.7522369076095561	-0.0198	0.0688	0.1898
1119.0	-11.990763	-2.93319	2.201364	0.08726646259971647	-0.10995574287564276	0.7522369076095561	-0.0198	0.0691	0.19
1120.0	-12.056490000000002	-2.87433	2.5986690000000006	-0.18500490071139894	0.13264502315156904	0.6614797865058508	-0.0197	0.0693	0.1897
1121.0	-12.108483	-2.7222750000000002	3.0038220000000004	-0.2129301687433082	0.11344640137963143	0.6806784082777885	-0.0197	0.0695	0.1896
1122.0	-12.079053000000002	-2.497626	3.264768	-0.2129301687433082	0.11344640137963143	0.6806784082777885	-0.0196	0.0697	0.1894
1123.0	-11.597382	-2.2788630000000003	2.9940120000000006	-0.16580627893946132	-0.16755160819145562	0.640535835481919	-0.0192	0.0702	0.1901
1124.0	-10.841031000000001	-1.699092	2.548638	-0.24434609527920614	-0.3089232776029963	0.5969026041820608	-0.019	0.0706	0.1904
1125.0	-10.044459000000002	-0.6994530000000001	2.382849	-0.26703537555513246	-0.30717794835100204	0.5672320068981571	-0.0188	0.0702	0.1909
1126.0	-9.516681	0.036297	2.3426280000000004	-0.2932153143350474	-0.3944444109507185	0.49567350756638956	-0.0186	0.0701	0.1904
1127.0	-9.696204	0.270756	2.3436090000000003	-0.30019663134302466	-0.24434609527920614	0.25132741228718347	-0.0183	0.0697	0.1898
1128.0	-10.214172	0.48559500000000005	2.411298	-0.13962634015954636	0.5358160803622591	-0.048869219055841226	-0.0182	0.0692	0.1891
1129.0	-10.525149	0.7426170000000001	2.450538	-0.03665191429188092	0.5654866776461628	-0.25132741228718347	-0.0182	0.0687	0.1884
1130.0	-10.371132	0.14715	2.222946	0.09075712110370514	-0.158824961931484	-0.28623399732707	-0.0182	0.0682	0.1884
1131.0	-10.078794000000002	-0.40221	1.915893	0.10471975511965978	-0.18151424220741028	-0.29496064358704166	-0.0182	0.0682	0.1883
1132.0	-9.760950000000001	-0.891729	1.5617520000000003	0.1780235837034216	0.059341194567807204	-0.2984513020910304	-0.0181	0.0679	0.1887
1133.0	-9.599085	-1.2497940000000003	1.475424	0.29496064358704166	0.18500490071139894	-0.2844886680750757	-0.0186	0.0676	0.188
1134.0	-9.551016	-1.4724810000000002	1.41264	0.3141592653589793	0.2181661564992912	-0.35779249665883756	-0.0188	0.0673	0.1877
1135.0	-9.562788000000001	-1.4479560000000002	1.525455	0.5742133239061344	0.30019663134302466	-0.4782202150464463	-0.0184	0.067	0.1874
1136.0	-9.513738	-1.2870720000000002	1.647099	0.8901179185171081	0.09599310885968812	-0.5340707511102649	-0.0186	0.0671	0.1876
1137.0	-9.169407	-1.186029	1.707921	1.0227629416686772	-0.08028514559173916	-0.5445427266222308	-0.019	0.0668	0.188
1138.0	-8.581788000000001	-1.130112	1.592163	1.0367255756846316	0.11519173063162574	-0.5672320068981571	-0.0191	0.0672	0.1887
1139.0	-8.288469000000001	-1.068309	1.43226	0.9948376736367679	0.15009831567151233	-0.5654866776461628	-0.0192	0.0674	0.1888
1140.0	-8.412075000000002	-0.9319500000000001	1.1978010000000001	1.0157816246606999	0.15707963267948966	-0.4799655442984406	-0.0197	0.0678	0.189
1141.0	-8.659287	-0.777933	0.875052	0.9267698328089891	0.0942477796076938	-0.33335788713091696	-0.0206	0.0679	0.1893
1142.0	-8.932005	-0.6867000000000001	0.601353	0.9267698328089891	0.0942477796076938	-0.33335788713091696	-0.0214	0.0681	0.1891
1143.0	-9.265545000000001	-0.6494219999999999	0.250155	0.9267698328089891	0.0942477796076938	-0.33335788713091696	-0.0219	0.0682	0.1894
1144.0	-9.324405	-0.277623	0.014715	0.3717551306747922	-0.23911010752322315	-0.08726646259971647	-0.022	0.0687	0.1893
1145.0	-9.274374	0.012753	-0.310977	0.291469985083053	-0.17627825445142728	-0.027925268031909273	-0.0224	0.0689	0.1893
1146.0	-9.373455	0.319806	-0.454203	0.1832595714594046	-0.12566370614359174	0.003490658503988659	-0.0228	0.0689	0.1903
1147.0	-9.509814	0.7995150000000001	-0.5160060000000001	0.1832595714594046	-0.12566370614359174	0.003490658503988659	-0.0232	0.0693	0.1912
1148.0	-9.630477	1.117359	-0.437526	0.19024088846738194	-0.024434609527920613	0.06632251157578452	-0.0237	0.0693	0.1926
1149.0	-9.664812	1.3861530000000002	-0.28645200000000004	0.19024088846738194	-0.024434609527920613	0.06632251157578452	-0.0242	0.0694	0.1944
1150.0	-9.600066	1.490139	-0.072594	0.19024088846738194	-0.024434609527920613	0.06632251157578452	-0.0242	0.0693	0.196
1151.0	-9.48627	1.445994	0.208953	0.19024088846738194	-0.024434609527920613	0.06632251157578452	-0.024	0.0693	0.1975
1152.0	-9.372474	1.4008680000000002	0.49050000000000005	0.19024088846738194	-0.024434609527920613	0.06632251157578452	-0.0238	0.0694	0.199
1153.0	-9.258678	1.355742	0.7730279999999999	0.19024088846738194	-0.024434609527920613	0.06632251157578452	-0.0236	0.0695	0.2006
1154.0	-9.341082	0.974133	0.9221400000000001	0.19024088846738194	-0.024434609527920613	0.06632251157578452	-0.0236	0.0692	0.2023
1155.0	-9.470574000000001	0.6533460000000001	1.0378980000000002	0.19024088846738194	-0.024434609527920613	0.06632251157578452	-0.0238	0.0695	0.2039
1156.0	-9.538263	0.44439300000000004	0.997677	0.07853981633974483	-0.25481807079117214	0.048869219055841226	-0.0231	0.0696	0.2089
1157.0	-9.598104000000001	0.229554	0.938817	0.08726646259971647	-0.30543261909900765	0.048869219055841226	-0.0226	0.07	0.2137
1158.0	-9.576522	0.241326	0.850527	0.08726646259971647	-0.30543261909900765	0.048869219055841226	-0.0221	0.0702	0.2178
1159.0	-9.522567	0.184428	0.749484	0.1361356816555577	-0.3700098014227979	0.05235987755982989	-0.0216	0.0705	0.222
1160.0	-9.458802	0.135378	0.727902	0.16231562043547265	-0.4014257279586958	0.05759586531581287	-0.0211	0.0704	0.2262
1161.0	-9.391113	0.087309	0.671985	0.17976891295541594	-0.38571776469074687	0.06981317007977318	-0.0204	0.0708	0.2298
1162.0	-9.322443000000002	0.010791000000000002	0.587619	0.2775073510670984	-0.3595378259108319	0.08552113334772216	-0.0197	0.0708	0.2329
1163.0	-9.258678	-0.055917	0.505215	0.28623399732707	-0.30543261909900765	0.10122909661567112	-0.0189	0.0709	0.2354
1164.0	-9.193932	-0.14322600000000002	0.37866600000000006	0.2984513020910304	-0.2722713633111154	0.12391837689159739	-0.0187	0.0711	0.2372
1165.0	-9.112509	-0.20601000000000003	0.27958500000000003	0.33335788713091696	-0.24958208303518914	0.14486232791552936	-0.0179	0.0714	0.2385
1166.0	-9.055611	-0.244269	0.265851	0.32986722862692824	-0.26005405854715513	0.1710422666954443	-0.0177	0.0718	0.2346
1167.0	-9.006561000000001	-0.237402	0.29233800000000004	0.32986722862692824	-0.22514747350726852	0.2059488517353309	-0.0174	0.0721	0.2306
1168.0	-8.958492000000001	-0.231516	0.317844	0.32986722862692824	-0.22514747350726852	0.2059488517353309	-0.0171	0.0724	0.2266
1169.0	-8.987922000000001	-0.121644	0.347274	0.2792526803190927	-0.21118483949131386	0.23212879051524585	-0.0168	0.0724	0.2215
1170.0	-9.027162	-0.019620000000000002	0.296262	0.2792526803190927	-0.21118483949131386	0.23212879051524585	-0.0165	0.0729	0.2164
1171.0	-9.070326	0.08044200000000001	0.278604	0.2792526803190927	-0.21118483949131386	0.23212879051524585	-0.0163	0.0729	0.2118
1172.0	-9.115452000000001	0.209934	0.29135700000000003	0.2792526803190927	-0.21118483949131386	0.23212879051524585	-0.0161	0.0733	0.2079
1173.0	-9.189027	0.34138799999999997	0.35021700000000006	0.14835298641951802	-0.3420845333908886	0.2059488517353309	-0.0163	0.0731	0.2046
1174.0	-9.42741	0.45126	0.8809380000000001	0.008726646259971648	-0.4537856055185257	0.12740903539558607	-0.0159	0.0732	0.2011
1175.0	-9.845316	0.583695	1.8589950000000002	-0.26354471705114374	-0.757472895365539	-0.08377580409572781	-0.016	0.0733	0.1983
1176.0	-10.128825	1.1075490000000001	2.4299370000000002	-0.5375614096142535	-0.9337511498169663	-0.23561944901923448	-0.0161	0.0734	0.1964
1177.0	-10.411353	1.593144	2.977335	-0.5375614096142535	-0.9337511498169663	-0.23561944901923448	-0.0162	0.0733	0.1948
1178.0	-10.693881000000001	2.0777579999999998	3.5237520000000004	-0.5375614096142535	-0.9337511498169663	-0.23561944901923448	-0.0163	0.0732	0.1932
1179.0	-10.481004	2.2366800000000002	3.841596	-0.747000919853573	0.1954768762233649	-0.4642575810304917	-0.0168	0.0731	0.1924
1180.0	-10.238697000000002	2.233737	3.906342	-0.6230825429619757	0.2583087292951608	-0.32812189937493397	-0.0173	0.073	0.1918
1181.0	-9.997371	2.230794	3.972069	-0.6230825429619757	0.2583087292951608	-0.32812189937493397	-0.0178	0.0728	0.1913
1182.0	-10.069965	1.864881	4.055454	-0.22863813201125716	0.3769911184307752	-0.19373154697137057	-0.0182	0.0728	0.1902
1183.0	-10.400562	1.4803290000000002	4.194756	-0.013962634015954637	0.5410520681182421	-0.19198621771937624	-0.0186	0.0735	0.189
1184.0	-10.709577	1.072233	3.8896650000000004	0.024434609527920613	0.47472955654245763	-0.22863813201125716	-0.0187	0.0734	0.1886
1185.0	-10.851822000000002	0.6621750000000001	3.234357	-0.012217304763960306	0.12217304763960307	-0.2844886680750757	-0.0191	0.0731	0.188
1186.0	-11.009763000000001	-0.11673900000000001	2.956734	0.020943951023931952	-0.12217304763960307	-0.2775073510670984	-0.0197	0.0727	0.1878
1187.0	-11.080395	-0.7906860000000001	2.6330040000000006	0.13439035240356337	-0.1884955592153876	-0.2897246558310587	-0.0197	0.072	0.1873
1188.0	-11.151027000000001	-1.4636520000000002	2.3092740000000003	0.13439035240356337	-0.1884955592153876	-0.2897246558310587	-0.0197	0.0713	0.1869
1189.0	-11.714121	-1.664757	2.18763	0.17453292519943295	0.20420352248333654	-0.2775073510670984	-0.0195	0.0711	0.1853
1190.0	-12.241899	-1.6784910000000002	2.404431	0.2129301687433082	0.18500490071139894	-0.2722713633111154	-0.0193	0.0706	0.1821
1191.0	-12.621546	-1.7128260000000002	2.5633529999999998	0.17278759594743864	-0.03316125578789226	-0.2181661564992912	-0.0191	0.0703	0.1808
1192.0	-12.59604	-1.354761	2.750724	0.1117010721276371	-0.1466076571675237	-0.143116998663535	-0.0193	0.0695	0.1782
1193.0	-12.250728	-1.0084680000000001	2.824299	0.0471238898038469	-0.09948376736367678	-0.07679448708775051	-0.0191	0.0691	0.1744
1194.0	-11.698425	-0.6278400000000001	2.9155320000000002	-0.006981317007977318	-0.13264502315156904	-0.024434609527920613	-0.0192	0.0687	0.1728
1195.0	-11.102958	-0.339426	2.848824	-0.022689280275926284	-0.16929693744344995	0.017453292519943295	-0.0194	0.0685	0.1676
1196.0	-10.602648	-0.091233	2.8321470000000004	-0.027925268031909273	-0.23387411976724015	0.022689280275926284	-0.0191	0.0684	0.1642
1197.0	-10.171989	0.011772	2.824299	-0.026179938779914945	-0.3385938748868999	-0.005235987755982988	-0.0194	0.0687	0.1572
1198.0	-9.746235	0.133416	2.8164510000000003	-0.0	-0.4276056667386107	-0.0471238898038469	-0.0195	0.0689	0.1516
1199.0	-9.3195	0.110853	2.8468620000000002	0.04363323129985824	-0.5026548245743669	-0.05061454830783556	-0.0193	0.0686	0.1463
1200.0	-8.952606	0.112815	2.778192	0.08552113334772216	-0.6073745796940266	-0.024434609527920613	-0.0192	0.0686	0.1442
1201.0	-8.699508000000002	0.125568	2.724237	0.1308996938995747	-0.6719517620178169	-0.022689280275926284	-0.0195	0.069	0.1405
1202.0	-8.440524000000002	0.16284600000000002	2.720313	0.15358897417550102	-0.44331363000655966	-0.003490658503988659	-0.0196	0.0694	0.1385
1203.0	-8.371854	0.300186	2.542752	0.19896753472735357	-0.4468042885105484	0.13264502315156904	-0.0195	0.0694	0.1364
1204.0	-8.502327000000001	0.403191	2.527056	0.16755160819145562	0.031415926535897934	0.3385938748868999	-0.0191	0.0694	0.1345
1205.0	-8.579826	0.538569	2.453481	0.20943951023931956	0.12566370614359174	0.4782202150464463	-0.0188	0.0696	0.1355
1206.0	-8.541567	0.629802	2.329875	0.2583087292951608	-0.0715584993317675	0.5183627878423158	-0.0186	0.0699	0.1353
1207.0	-8.467992	0.7769520000000001	2.284749	0.28099800957108706	0.003490658503988659	0.5026548245743669	-0.0186	0.07	0.1385
1208.0	-8.327709	0.8995770000000001	2.264148	0.29670597283903605	0.06632251157578452	0.4468042885105484	-0.0188	0.0703	0.1415
1209.0	-8.163882000000001	0.973152	2.20725	0.3438298626428829	0.19373154697137057	0.3735004599267865	-0.019	0.0703	0.1451
1210.0	-8.03439	0.999639	2.108169	0.3368485456349056	0.27576202181510406	0.2984513020910304	-0.019	0.0705	0.1499
1211.0	-7.97553	1.05948	2.066967	0.32986722862692824	0.33510321638291124	0.2530727415391778	-0.0185	0.0703	0.1525
1212.0	-8.067744000000001	1.062423	1.871748	0.2879793265790644	0.3892084231947355	0.2234021442552742	-0.018	0.0702	0.1569
1213.0	-8.023599	0.9957150000000001	1.8766530000000001	0.22514747350726852	0.4223696789826277	0.2129301687433082	-0.0178	0.0703	0.1627
1214.0	-7.845057	0.9937530000000001	1.721655	0.22514747350726852	0.4223696789826277	0.2129301687433082	-0.0177	0.0703	0.1662
1215.0	-7.750881000000001	1.080081	1.636308	0.10122909661567112	0.43982297150257105	0.24783675378319478	-0.0178	0.0703	0.1715
1216.0	-7.793064	1.21644	1.531341	0.015707963267948967	0.5305800926062761	0.2617993877991494	-0.0174	0.0698	0.1766
1217.0	-7.885278	1.372419	1.437165	-0.11344640137963143	0.6946410422937431	0.2722713633111154	-0.0173	0.0696	0.1819
1218.0	-8.03439	1.593144	1.296882	-0.22689280275926285	0.7627088831215221	0.2932153143350474	-0.0174	0.0694	0.1859
1219.0	-8.16192	1.8285840000000002	1.191915	-0.22689280275926285	0.7627088831215221	0.2932153143350474	-0.0173	0.0693	0.1901
1220.0	-8.261982	2.058138	1.142865	-0.22689280275926285	0.7627088831215221	0.2932153143350474	-0.0176	0.0691	0.1914
1221.0	-8.325747	2.267091	1.076157	-0.22689280275926285	0.7627088831215221	0.2932153143350474	-0.0178	0.0688	0.1947
1222.0	-8.333595	2.4770250000000003	1.070271	-0.22689280275926285	0.7627088831215221	0.2932153143350474	-0.0181	0.0687	0.1963
1223.0	-8.316918000000001	2.676168	1.043784	-0.22689280275926285	0.7627088831215221	0.2932153143350474	-0.0184	0.0684	0.1977
1224.0	-8.29926	2.8753110000000004	1.0172970000000001	-0.22689280275926285	0.7627088831215221	0.2932153143350474	-0.0188	0.0681	0.1991
1225.0	-8.451315000000001	2.8449	0.85347	-0.8045967851693859	1.4329153158873444	0.26005405854715513	-0.0184	0.0675	0.1991
1226.0	-8.612199	2.7418950000000004	0.6867000000000001	-0.8272860654453121	1.4032447186034411	0.2426007660272118	-0.0185	0.0675	0.1985
1227.0	-8.762292	2.566296	0.5160060000000001	-0.8499753457212386	1.3857914260834978	0.24434609527920614	-0.0183	0.0674	0.1981
1228.0	-8.963397	2.2837680000000002	0.32373	-0.7923794804054256	1.335176877775662	0.23911010752322315	-0.0178	0.0676	0.1979
1229.0	-9.09387	1.997316	0.17952300000000002	-0.7696902001294994	1.2060225131280815	0.23911010752322315	-0.0175	0.0676	0.198
1230.0	-9.164502	1.740294	0.001962	-0.6841690667817772	1.08035880698449	0.2181661564992912	-0.0169	0.0678	0.1977
1231.0	-9.209628	1.449918	-0.208953	-0.5916666164260777	1.0035643198967394	0.16057029118347832	-0.0162	0.068	0.1973
1232.0	-9.254754	1.158561	-0.42084900000000003	-0.5916666164260777	1.0035643198967394	0.16057029118347832	-0.0155	0.0683	0.1969
1233.0	-9.29988	0.868185	-0.632745	-0.5916666164260777	1.0035643198967394	0.16057029118347832	-0.0147	0.0685	0.1966
1234.0	-9.400923	0.5846760000000001	-0.815211	-0.33335788713091696	1.0332349171806432	0.031415926535897934	-0.0144	0.0687	0.1983
1235.0	-9.345987000000001	0.458127	-0.839736	-0.33335788713091696	1.0332349171806432	0.031415926535897934	-0.0145	0.0693	0.2004
1236.0	-9.278298	0.374742	-0.825021	-0.33335788713091696	1.0332349171806432	0.031415926535897934	-0.0144	0.0694	0.2022
1237.0	-9.222381	0.32667300000000005	-0.859356	-0.33335788713091696	1.0332349171806432	0.031415926535897934	-0.0145	0.0697	0.2042
1238.0	-9.234153000000001	0.367875	-0.881919	-0.20420352248333654	0.7225663103256524	-0.19024088846738194	-0.0147	0.0698	0.2042
1239.0	-9.296937	0.38357100000000005	-0.943722	-0.15358897417550102	0.5637413483941683	-0.21642082724729686	-0.0145	0.0702	0.2032
1240.0	-9.414657	0.434583	-0.926064	-0.1117010721276371	0.4188790204786391	-0.2565634000431664	-0.0144	0.0702	0.2012
1241.0	-9.534339000000001	0.486576	-0.926064	-0.08028514559173916	0.29670597283903605	-0.2775073510670984	-0.0148	0.0706	0.2027
1242.0	-9.626553	0.558189	-0.896634	-0.059341194567807204	0.16580627893946132	-0.2984513020910304	-0.0155	0.0707	0.2007
1243.0	-9.714843	0.6180300000000001	-0.908406	-0.0471238898038469	0.07504915783575616	-0.3141592653589793	-0.0162	0.071	0.2017
1244.0	-9.739368	0.6837570000000001	-0.930969	-0.04014257279586958	0.012217304763960306	-0.34033920413889424	-0.0161	0.071	0.1996
1245.0	-9.764874	0.7514460000000001	-0.95157	-0.048869219055841226	-0.05759586531581287	-0.3560471674068432	-0.0165	0.0709	0.1967
1246.0	-9.793323000000001	0.807363	-1.0084680000000001	-0.04537856055185257	-0.07853981633974483	-0.38571776469074687	-0.0172	0.0708	0.1938
1247.0	-9.843354000000001	0.8878050000000001	-1.041822	-0.04537856055185257	-0.11868238913561441	-0.4188790204786391	-0.0175	0.0707	0.1923
1248.0	-9.806076000000001	0.9319500000000001	-1.082043	-0.06283185307179587	-0.12566370614359174	-0.4415683007545654	-0.0177	0.071	0.1918
1249.0	-9.784494	0.9908100000000001	-1.123245	-0.07679448708775051	-0.1710422666954443	-0.4415683007545654	-0.0184	0.0712	0.1916
1250.0	-9.784494	1.00062	-1.222326	-0.15009831567151233	-0.19373154697137057	-0.4380776422505767	-0.0191	0.0716	0.1931
1251.0	-9.828639	1.0898910000000002	-1.266471	-0.1954768762233649	-0.26005405854715513	-0.4276056667386107	-0.0193	0.0713	0.1921
1252.0	-9.902214	1.146789	-1.3841910000000002	-0.26703537555513246	-0.26005405854715513	-0.39968039870670147	-0.0193	0.0713	0.1928
1253.0	-9.973827	1.2360600000000002	-1.4038110000000001	-0.3490658503988659	-0.30543261909900765	-0.3892084231947355	-0.0194	0.0706	0.1913
1254.0	-10.045440000000001	1.308654	-1.4950440000000003	-0.4258603374866164	-0.33510321638291124	-0.3769911184307752	-0.0199	0.0706	0.1916
1255.0	-10.109205000000001	1.406754	-1.622574	-0.4625122517784973	-0.36302848441482055	-0.35779249665883756	-0.0201	0.0706	0.1916
1256.0	-10.143540000000002	1.5293790000000003	-1.6775100000000003	-0.5427973973702365	-0.3508111796508603	-0.3438298626428829	-0.0199	0.0708	0.1934
1257.0	-10.19259	1.649061	-1.812888	-0.630063859969953	-0.38048177693476387	-0.3490658503988659	-0.0199	0.0709	0.1928
1258.0	-10.173950999999999	1.7432370000000001	-1.931589	-0.7086036763096978	-0.4118977034706618	-0.3368485456349056	-0.0201	0.0702	0.1928
1259.0	-10.160217000000001	1.852128	-2.057157	-0.7086036763096978	-0.4118977034706618	-0.3368485456349056	-0.0199	0.0697	0.1933
1260.0	-10.06506	1.9727910000000002	-2.1150360000000004	-0.9162978572970231	-0.3717551306747922	-0.3735004599267865	-0.0202	0.0692	0.1933
1261.0	-9.925758	2.063043	-2.1572190000000004	-1.0332349171806432	-0.317649923862968	-0.4118977034706618	-0.0203	0.0686	0.1925
1262.0	-9.857088	2.251395	-1.9276650000000002	-1.1833332328521553	-0.32637657012293964	-0.4276056667386107	-0.0203	0.0685	0.1935
1263.0	-9.920853000000001	2.401488	-1.5941250000000002	-1.160643952576229	-0.4485496177625427	-0.3839724354387525	-0.0202	0.0686	0.1936
1264.0	-10.166103	2.447595	-0.996696	-1.0192722831646885	-0.2844886680750757	-0.2234021442552742	-0.0203	0.0684	0.1931
1265.0	-10.532016000000002	2.189592	-0.226611	-0.9145525280450286	-0.1117010721276371	0.0017453292519943296	-0.0202	0.0686	0.1934
1266.0	-11.070585000000001	1.58922	0.57879	-0.40491638646268446	0.04537856055185257	0.10995574287564276	-0.0201	0.0686	0.1921
1267.0	-11.522826000000002	0.6052770000000001	1.1458080000000002	-0.10821041362364843	-0.008726646259971648	0.32637657012293964	-0.0202	0.0686	0.192
1268.0	-11.637603	-0.26879400000000003	1.5715620000000001	-0.03316125578789226	-0.12217304763960307	0.4625122517784973	-0.0202	0.0688	0.1921
1269.0	-11.287386000000001	-0.8789760000000001	1.921779	-0.09773843811168245	-0.3036872898470133	0.45029494701453704	-0.0202	0.0687	0.1922
1270.0	-11.082357	-1.237041	2.328894	-0.3612831551628262	0.038397243543875255	0.41015237421866746	-0.0202	0.0684	0.1922
1271.0	-11.233431000000001	-1.4381460000000001	2.812527	-0.7208209810736581	0.21118483949131386	0.46600291028248597	-0.0202	0.0685	0.1922
1272.0	-11.628774	-1.592163	3.282426	-0.7190756518216638	0.17976891295541594	0.6038839211900381	-0.0203	0.0687	0.192
1273.0	-11.921112	-1.7000730000000002	3.5934030000000003	-0.5078908123303499	-0.27576202181510406	0.7941248096574199	-0.0201	0.0689	0.192
1274.0	-11.850480000000001	-1.686339	3.65913	-0.3438298626428829	-0.5235987755982988	0.9197885158010117	-0.02	0.0691	0.1918
1275.0	-11.450232000000002	-1.3783050000000001	3.527676	-0.25132741228718347	-0.5550147021341968	0.9442231253289323	-0.0199	0.0689	0.1921
1276.0	-10.819449	-0.788724	3.281445	-0.12740903539558607	-0.4537856055185257	0.9128071987930343	-0.0197	0.0687	0.1919
1277.0	-10.237716	0.163827	3.3324570000000002	-0.12740903539558607	-0.4537856055185257	0.9128071987930343	-0.0195	0.0684	0.1916
1278.0	-10.046421	0.7416360000000001	3.4217280000000003	0.06981317007977318	-0.3159045946109737	0.5183627878423158	-0.0192	0.0682	0.1912
1279.0	-10.550654999999999	0.8309070000000001	3.487455	0.2426007660272118	0.1954768762233649	0.08028514559173916	-0.0186	0.0683	0.191
1280.0	-11.24226	0.586638	3.475683	0.4590215932745087	0.5288347633542818	-0.2181661564992912	-0.0183	0.0687	0.1911
1281.0	-11.500263	0.093195	3.265749	0.5811946409141117	0.04537856055185257	-0.38571776469074687	-0.0182	0.0688	0.191
1282.0	-11.274633	-0.459108	2.8164510000000003	0.6510078109938848	-0.11344640137963143	-0.4310963252425994	-0.0182	0.0689	0.1911
1283.0	-10.895967	-0.8760330000000001	2.386773	0.6457718232379019	-0.08028514559173916	-0.3787364476827695	-0.018	0.0691	0.1911
1284.0	-10.706634	-1.305711	1.9884870000000001	0.6457718232379019	-0.08028514559173916	-0.3787364476827695	-0.0176	0.0691	0.1912
1285.0	-10.621287	-1.4822910000000002	1.5990300000000002	0.5619960191421741	0.24958208303518914	-0.2879793265790644	-0.0176	0.0694	0.1908
1286.0	-10.621287	-1.5293790000000003	1.21644	0.5410520681182421	0.4223696789826277	-0.31066860685499065	-0.0175	0.0698	0.191
1287.0	-10.599705	-1.542132	0.7769520000000001	0.5235987755982988	0.5009094953223726	-0.33335788713091696	-0.0174	0.07	0.1907
1288.0	-10.519263	-1.256661	0.541512	0.5183627878423158	0.5096361415823443	-0.3752457891787809	-0.0178	0.0699	0.1906
1289.0	-10.13373	-0.820116	0.35904600000000003	0.5026548245743669	0.4869468613064179	-0.4293509959906051	-0.0182	0.0698	0.1905
1290.0	-9.452916	-0.332559	0.258984	0.4921828490624009	0.3892084231947355	-0.4468042885105484	-0.0182	0.0697	0.1903
1291.0	-8.877069	0.169713	0.32569200000000004	0.6422811647339133	0.19198621771937624	-0.4415683007545654	-0.0183	0.0698	0.1902
1292.0	-8.472897000000001	0.574866	0.5189490000000001	0.8761552845011534	-0.08552113334772216	-0.4118977034706618	-0.0183	0.0695	0.1902
1293.0	-8.172711	0.7524270000000001	0.781857	1.1152653920243765	-0.26005405854715513	-0.3735004599267865	-0.0187	0.0695	0.1902
1294.0	-7.921575000000001	0.7897050000000001	0.925083	1.3543754995475996	-0.32637657012293964	-0.3089232776029963	-0.0191	0.0693	0.1901
1295.0	-7.742052	0.37572300000000003	1.013373	1.2915436464758039	-0.17278759594743864	-0.2426007660272118	-0.0191	0.0691	0.1901
1296.0	-7.615503	-0.08829	1.007487	1.1990411961201044	-0.07853981633974483	-0.1780235837034216	-0.0191	0.0691	0.1901
1297.0	-7.646895	-0.43360200000000004	0.9329310000000001	1.1362093430483085	-0.010471975511965976	-0.024434609527920613	-0.0192	0.0694	0.1903
1298.0	-7.865658	-0.622935	0.70632	0.9634217471008699	-0.05585053606381855	0.12391837689159739	-0.019	0.0697	0.1906
1299.0	-8.224704000000001	-0.5140440000000001	0.5405310000000001	0.6911503837897546	-0.23212879051524585	0.24609142453120045	-0.0186	0.0702	0.1909
1300.0	-8.514099	-0.151074	0.258984	0.4520402762665313	-0.460766922526503	0.312413936106985	-0.0187	0.0708	0.191
1301.0	-8.686755	0.332559	-0.059841000000000005	0.2775073510670984	-0.3246312408709453	0.30194196059501904	-0.0185	0.0708	0.1912
1302.0	-8.811342	0.806382	-0.381609	0.10471975511965978	-0.13788101090755203	0.24958208303518914	-0.0184	0.0713	0.1912
1303.0	-9.012447	1.219383	-0.694548	0.022689280275926284	-0.03490658503988659	0.18675022996339324	-0.0181	0.0713	0.1912
1304.0	-9.229248	1.587258	-0.8760330000000001	-0.026179938779914945	-0.04537856055185257	0.16406094968746698	-0.0174	0.0715	0.1913
1305.0	-9.530415000000001	2.0041830000000003	-0.896634	-0.006981317007977318	-0.12391837689159739	0.1832595714594046	-0.0171	0.0714	0.1916
1306.0	-9.803133	2.292597	-0.7759710000000001	0.0471238898038469	-0.21467549799530256	0.20420352248333654	-0.0172	0.0715	0.1915
1307.0	-9.939492000000001	2.427975	-0.5287590000000001	0.0471238898038469	-0.21467549799530256	0.20420352248333654	-0.0172	0.0714	0.1918
1308.0	-9.937529999999999	2.392659	-0.208953	0.0471238898038469	-0.21467549799530256	0.20420352248333654	-0.0171	0.0714	0.1919
1309.0	-9.870822	2.129751	0.096138	0.0471238898038469	-0.21467549799530256	0.20420352248333654	-0.0174	0.0713	0.1919
1310.0	-9.899271000000002	1.6206120000000002	0.397305	0.0471238898038469	-0.21467549799530256	0.20420352248333654	-0.0174	0.0711	0.192
1311.0	-9.959112000000001	1.0231830000000002	0.56898	0.1308996938995747	-0.2897246558310587	0.05759586531581287	-0.0177	0.0713	0.1919
1312.0	-10.069965	0.522873	0.632745	0.08552113334772216	-0.291469985083053	0.03665191429188092	-0.0177	0.0709	0.1918
1313.0	-10.095471	0.12851100000000001	0.557208	0.05585053606381855	-0.2844886680750757	0.029670597283903602	-0.0177	0.0711	0.1919
1314.0	-10.01601	-0.08534699999999999	0.516987	0.06632251157578452	-0.2844886680750757	0.024434609527920613	-0.0178	0.0713	0.1921
1315.0	-9.892404	-0.16088400000000003	0.426735	0.07330382858376185	-0.26005405854715513	0.022689280275926284	-0.0179	0.0711	0.1924
1316.0	-9.751140000000001	-0.15696000000000002	0.29233800000000004	0.09075712110370514	-0.23387411976724015	0.029670597283903602	-0.0177	0.0709	0.1921
1317.0	-9.60399	-0.201105	0.231516	0.1291543646475804	-0.24434609527920614	0.04537856055185257	-0.0173	0.0708	0.1921
1318.0	-9.492156000000001	-0.250155	0.205029	0.12740903539558607	-0.2426007660272118	0.061086523819801536	-0.0173	0.0705	0.1919
1319.0	-9.36855	-0.272718	0.102024	0.13962634015954636	-0.2583087292951608	0.09250245035569947	-0.0174	0.0707	0.1921
1320.0	-9.244944	-0.295281	-0.000981	0.13962634015954636	-0.2583087292951608	0.09250245035569947	-0.0175	0.0709	0.1922
1321.0	-9.204723000000001	-0.2943	0.0	0.13962634015954636	-0.2583087292951608	0.09250245035569947	-0.0175	0.0709	0.1925
1322.0	-9.153711000000001	-0.35414100000000004	0.009810000000000001	0.13962634015954636	-0.2583087292951608	0.09250245035569947	-0.0175	0.0713	0.1929
1323.0	-9.409752000000001	-0.21974400000000002	0.894672	-0.05585053606381855	-0.4520402762665313	-0.03490658503988659	-0.0178	0.0711	0.1928
1324.0	-9.612819	0.2943	1.3223880000000001	-0.26703537555513246	-0.6527531402458793	-0.16231562043547265	-0.018	0.0709	0.1929
1325.0	-9.679527	1.021221	1.5127020000000002	-0.609119908946021	-0.38746309394274114	-0.25481807079117214	-0.0178	0.0709	0.1925
1326.0	-9.603009	1.5823530000000001	1.852128	-0.4886921905584123	0.13788101090755203	-0.3961897402027128	-0.0179	0.0708	0.1924
1327.0	-9.440163	1.90314	2.166048	-0.5148721293383273	0.38571776469074687	-0.4991641660703783	-0.0182	0.071	0.1922
1328.0	-9.255735000000001	1.982601	2.255319	-0.5078908123303499	0.3246312408709453	-0.47472955654245763	-0.0181	0.071	0.1923
1329.0	-9.208647000000001	1.894311	2.40345	-0.3909537524467298	0.36826447217080355	-0.43458698374658805	-0.018	0.0708	0.1919
1330.0	-9.324405	1.7471610000000002	2.596707	-0.24958208303518914	0.41538836197465046	-0.3717551306747922	-0.0176	0.0704	0.1917
1331.0	-9.688356	1.4950440000000003	2.8625580000000004	-0.09599310885968812	0.41364303272265607	-0.28623399732707	-0.0172	0.0698	0.1913
1332.0	-10.250469	1.185048	3.1627440000000004	-0.008726646259971648	0.43982297150257105	-0.26703537555513246	-0.017	0.0695	0.191
1333.0	-10.509453	0.736731	2.695788	-0.03316125578789226	0.291469985083053	-0.2181661564992912	-0.0167	0.0693	0.1915
1334.0	-10.777266000000001	0.037278	2.592783	-0.017453292519943295	-0.07504915783575616	-0.15009831567151233	-0.0168	0.069	0.1913
1335.0	-11.172609000000001	-0.693567	2.7428760000000003	-0.022689280275926284	-0.15009831567151233	-0.1361356816555577	-0.0169	0.0689	0.1917
1336.0	-11.727855	-1.160523	2.665377	-0.0	-0.05759586531581287	-0.15009831567151233	-0.0167	0.0688	0.1918
1337.0	-12.334113000000002	-1.325331	2.6339850000000005	0.05759586531581287	0.03665191429188092	-0.20420352248333654	-0.0167	0.0687	0.1918
1338.0	-12.804993	-1.2507750000000002	2.787021	0.0715584993317675	0.038397243543875255	-0.20245819323134223	-0.0168	0.0687	0.1915
1339.0	-13.03749	-1.0751760000000001	2.946924	0.029670597283903602	-0.16057029118347832	-0.16231562043547265	-0.0166	0.0688	0.1918
1340.0	-13.019832	-0.86328	3.0597390000000004	-0.017453292519943295	-0.2129301687433082	-0.09773843811168245	-0.0168	0.0686	0.1921
1341.0	-12.679425	-0.550341	3.0921119999999997	-0.05759586531581287	-0.22165681500327983	-0.012217304763960306	-0.017	0.0686	0.1921
1342.0	-12.080034000000001	-0.20012400000000002	3.066606	-0.06632251157578452	-0.27576202181510406	0.03665191429188092	-0.017	0.0684	0.1924
1343.0	-11.43846	0.10889100000000002	2.9704680000000003	-0.015707963267948967	-0.3612831551628262	0.08028514559173916	-0.0169	0.0683	0.1923
1344.0	-10.853784000000001	0.29724300000000003	2.898855	0.017453292519943295	-0.45553093477052004	0.1064650843716541	-0.0171	0.0683	0.1921
1345.0	-10.262241000000001	0.30312900000000004	2.8076220000000003	0.07330382858376185	-0.5078908123303499	0.1308996938995747	-0.0172	0.0682	0.192
1346.0	-9.607914000000001	0.24230700000000002	2.823318	0.14835298641951802	-0.5410520681182421	0.158824961931484	-0.0175	0.0685	0.1922
1347.0	-9.064440000000001	0.153036	2.675187	0.19024088846738194	-0.5218534463463045	0.13788101090755203	-0.0176	0.0682	0.1924
1348.0	-8.60337	0.175599	2.5692390000000005	0.29496064358704166	-0.3089232776029963	0.17278759594743864	-0.0178	0.0679	0.1931
1349.0	-8.357139	0.21778200000000003	2.4073740000000003	0.3368485456349056	-0.3769911184307752	0.30194196059501904	-0.0182	0.0677	0.1928
1350.0	-8.158977	0.28449	2.264148	0.2932153143350474	-0.16057029118347832	0.35779249665883756	-0.0178	0.0679	0.1928
1351.0	-8.003979	0.38651399999999997	2.166048	0.3490658503988659	-0.19896753472735357	0.40840704496667307	-0.0185	0.0679	0.1928
1352.0	-7.905879	0.487557	2.055195	0.3665191429188092	-0.12042771838760874	0.4258603374866164	-0.0187	0.0682	0.1929
1353.0	-7.821513	0.5886	1.931589	0.41538836197465046	-0.11344640137963143	0.4223696789826277	-0.0191	0.0683	0.1933
1354.0	-7.762653	0.6867000000000001	1.829565	0.41538836197465046	-0.11344640137963143	0.4223696789826277	-0.0193	0.0685	0.194
1355.0	-7.721451000000001	0.803439	1.749123	0.47647488579445196	-0.012217304763960306	0.2984513020910304	-0.0195	0.0688	0.194
1356.0	-7.749900000000001	0.9339120000000001	1.645137	0.47647488579445196	0.04537856055185257	0.2007128639793479	-0.0193	0.0689	0.1943
1357.0	-7.735185	1.076157	1.612764	0.49567350756638956	0.13788101090755203	0.14486232791552936	-0.0198	0.0693	0.1945
1358.0	-7.809741000000001	1.144827	1.552923	0.4468042885105484	0.1954768762233649	0.07853981633974483	-0.02	0.0698	0.1949
1359.0	-7.812684	1.193877	1.522512	0.41364303272265607	0.26005405854715513	0.03316125578789226	-0.0201	0.0701	0.1962
1360.0	-7.866639	1.274319	1.522512	0.3752457891787809	0.30019663134302466	0.013962634015954637	-0.0206	0.0703	0.1978
1361.0	-7.951005	1.295901	1.411659	0.30194196059501904	0.35255650890285456	0.017453292519943295	-0.02	0.0706	0.1998
1362.0	-8.025561000000001	1.354761	1.323369	0.22514747350726852	0.4223696789826277	0.0471238898038469	-0.0199	0.0706	0.2021
1363.0	-8.154072000000001	1.4479560000000002	1.283148	0.143116998663535	0.5166174585903216	0.10122909661567112	-0.0196	0.0705	0.205
1364.0	-8.268849	1.550961	1.19682	0.0471238898038469	0.635299847725936	0.13264502315156904	-0.0198	0.0707	0.2082
1365.0	-8.39736	1.6461180000000002	1.097739	-0.0715584993317675	0.7382742735936013	0.17278759594743864	-0.0197	0.0708	0.2122
1366.0	-8.461125000000001	1.7451990000000002	0.9888480000000001	-0.16057029118347832	0.8604473212332044	0.21991148575128552	-0.0199	0.0707	0.2167
1367.0	-8.496441	1.8678240000000002	0.8652420000000001	-0.23387411976724015	0.9791297103688189	0.26354471705114374	-0.0191	0.0709	0.2215
1368.0	-8.502327000000001	1.948266	0.7239780000000001	-0.32288591161895097	1.2095131716320704	0.2879793265790644	-0.0189	0.0707	0.2264
1369.0	-8.493498	2.0757960000000004	0.604296	-0.42062434973063345	1.3753194505715316	0.2792526803190927	-0.0188	0.0706	0.2309
1370.0	-8.489574	2.154276	0.41692500000000005	-0.5148721293383273	1.4451326206513049	0.26878070480712674	-0.0187	0.0703	0.2349
1371.0	-8.512137000000001	2.242566	0.266832	-0.5672320068981571	1.4748032179352084	0.2426007660272118	-0.0186	0.0703	0.2391
1372.0	-8.57394	2.31516	0.129492	-0.6457718232379019	1.4905111812031575	0.2007128639793479	-0.0185	0.07	0.242
1373.0	-8.655363	2.307312	-0.061803000000000004	-0.7225663103256524	1.514945790731078	0.16406094968746698	-0.0184	0.0703	0.2439
1374.0	-8.777007000000001	2.304369	-0.212877	-0.783652834145454	1.5166911199830724	0.1291543646475804	-0.018	0.0704	0.2445
1375.0	-8.891784	2.2190220000000003	-0.40024800000000005	-0.7592182246175333	1.5044738152191122	0.10995574287564276	-0.0179	0.0706	0.2442
1376.0	-9.047763	2.066967	-0.5189490000000001	-0.7871434926494426	1.4276793281313616	0.07679448708775051	-0.0182	0.0706	0.2426
1377.0	-9.185103	1.8589950000000002	-0.6670800000000001	-0.7661995416255106	1.3648474750595658	0.041887902047863905	-0.0185	0.0704	0.2401
1378.0	-9.303804000000001	1.6618140000000001	-0.8054010000000001	-0.7661995416255106	1.3648474750595658	0.041887902047863905	-0.0185	0.0708	0.237
1379.0	-9.402885000000001	1.4008680000000002	-0.905463	-0.7051130178057091	1.1362093430483085	-0.05061454830783556	-0.0186	0.0707	0.233
1380.0	-9.495099	1.1978010000000001	-0.972171	-0.6073745796940266	1.0157816246606999	-0.09599310885968812	-0.0188	0.0707	0.2281
1381.0	-9.58437	0.999639	-1.035936	-0.5288347633542818	0.9389871375729493	-0.1308996938995747	-0.0191	0.0707	0.2229
1382.0	-9.64323	0.7740090000000001	-1.1183400000000001	-0.44331363000655966	0.8883725892651138	-0.13264502315156904	-0.0192	0.0715	0.2176
1383.0	-9.714843	0.6248970000000001	-1.15758	-0.39269908169872414	0.7644542123735163	-0.12391837689159739	-0.0195	0.0717	0.2118
1384.0	-9.794304	0.45714600000000005	-1.2350790000000003	-0.32637657012293964	0.6859143960337715	-0.09773843811168245	-0.0199	0.0718	0.2073
1385.0	-9.867879	0.36297	-1.2429270000000001	-0.28623399732707	0.5881759579220891	-0.09948376736367678	-0.02	0.0718	0.2031
1386.0	-9.942435000000001	0.34138799999999997	-1.2998250000000002	-0.26878070480712674	0.4886921905584123	-0.12042771838760874	-0.0202	0.0719	0.1994
1387.0	-10.031706	0.36198900000000006	-1.2919770000000002	-0.28099800957108706	0.38048177693476387	-0.17627825445142728	-0.0207	0.0721	0.1961
1388.0	-10.124901000000001	0.37179900000000005	-1.2674520000000002	-0.32637657012293964	0.24958208303518914	-0.22689280275926285	-0.0207	0.0726	0.1928
1389.0	-10.249488	0.443412	-1.2753	-0.30019663134302466	0.12042771838760874	-0.25481807079117214	-0.021	0.0731	0.1907
1390.0	-10.351512	0.508158	-1.266471	-0.2583087292951608	0.024434609527920613	-0.2844886680750757	-0.021	0.0734	0.1891
1391.0	-10.400562	0.611163	-1.201725	-0.2234021442552742	-0.15533430342749532	-0.312413936106985	-0.0211	0.0735	0.1877
1392.0	-10.433916000000002	0.730845	-1.1713140000000002	-0.20943951023931956	-0.2129301687433082	-0.3141592653589793	-0.0214	0.0734	0.1871
1393.0	-10.40841	0.8240400000000001	-1.127169	-0.18675022996339324	-0.23387411976724015	-0.3159045946109737	-0.0213	0.0735	0.1871
1394.0	-10.321101	0.9231210000000001	-1.0388789999999999	-0.2059488517353309	-0.2844886680750757	-0.3159045946109737	-0.0213	0.0732	0.1867
1395.0	-10.215152999999999	1.026126	-1.00062	-0.2007128639793479	-0.29670597283903605	-0.3036872898470133	-0.0214	0.0733	0.1865
1396.0	-10.083699000000001	1.094796	-0.963342	-0.21991148575128552	-0.24958208303518914	-0.2932153143350474	-0.021	0.0731	0.1862
1397.0	-9.95715	1.1546370000000001	-0.9937530000000001	-0.24783675378319478	-0.26878070480712674	-0.2775073510670984	-0.0211	0.0728	0.1864
1398.0	-9.823734000000002	1.237041	-0.987867	-0.2722713633111154	-0.20420352248333654	-0.2827433388230814	-0.0214	0.072	0.1866
1399.0	-9.701109	1.329255	-1.03005	-0.317649923862968	-0.143116998663535	-0.28623399732707	-0.0211	0.071	0.1861
1400.0	-9.631458	1.399887	-1.102644	-0.3752457891787809	-0.11693705988362008	-0.2844886680750757	-0.0218	0.0707	0.1861
1401.0	-9.635382	1.45188	-1.186029	-0.4468042885105484	-0.09948376736367678	-0.3036872898470133	-0.0219	0.0704	0.1855
1402.0	-9.675603	1.525455	-1.227231	-0.5218534463463045	-0.11868238913561441	-0.32288591161895097	-0.0221	0.0701	0.1848
1403.0	-9.753102	1.592163	-1.326312	-0.6387905062299246	-0.1710422666954443	-0.30543261909900765	-0.0224	0.0694	0.1825
1404.0	-9.85905	1.690263	-1.3910580000000001	-0.7208209810736581	-0.20420352248333654	-0.312413936106985	-0.0227	0.0693	0.182
1405.0	-9.967941	1.748142	-1.5176070000000002	-0.8080874436733745	-0.26703537555513246	-0.30717794835100204	-0.0233	0.0686	0.1805
1406.0	-10.057212	1.8413370000000002	-1.5823530000000001	-0.8674286382411819	-0.30717794835100204	-0.32114058236695664	-0.024	0.0684	0.1782
1407.0	-10.140597000000001	1.9325700000000001	-1.554885	-0.9110618695410401	-0.30194196059501904	-0.34033920413889424	-0.0236	0.0679	0.1731
1408.0	-10.288728	2.0561760000000002	-1.4675760000000002	-0.9250245035569946	-0.2932153143350474	-0.35255650890285456	-0.0238	0.0675	0.1703
1409.0	-10.458441	2.0689290000000002	-1.3115970000000001	-0.9128071987930343	-0.24783675378319478	-0.32637657012293964	-0.0238	0.0676	0.164
1410.0	-10.589895	2.06991	-1.1565990000000002	-0.9128071987930343	-0.24783675378319478	-0.32637657012293964	-0.0231	0.0676	0.1573
1411.0	-10.657584000000002	1.803078	-0.9191970000000002	-0.6562437987498679	-0.0645771823237902	-0.16755160819145562	-0.0231	0.0672	0.1534
1412.0	-10.720368	1.523493	-0.488538	-0.48171087355043496	0.10297442586766545	-0.10297442586766545	-0.0228	0.0666	0.1504
1413.0	-10.838088	1.114416	-0.158922	-0.5044001538263612	0.10821041362364843	-0.0715584993317675	-0.023	0.0664	0.146
1414.0	-10.984257	0.60822	0.010791000000000002	-0.4310963252425994	0.11519173063162574	0.019198621771937627	-0.0229	0.0661	0.1419
1415.0	-11.018592	0.188352	0.205029	-0.3385938748868999	0.2007128639793479	0.12217304763960307	-0.0225	0.0658	0.1383
1416.0	-11.037231	-0.14028300000000002	0.37376100000000007	-0.38222710618675815	0.26703537555513246	0.17976891295541594	-0.0223	0.0656	0.1366
1417.0	-11.190267	-0.36297	0.600372	-0.5375614096142535	0.3839724354387525	0.25132741228718347	-0.0223	0.0657	0.1372
1418.0	-11.394315	-0.560151	0.807363	-0.6963863715457375	0.4468042885105484	0.3543018381548489	-0.0219	0.0658	0.1352
1419.0	-11.584629000000001	-0.580752	1.155618	-0.7819075048934596	0.32114058236695664	0.5375614096142535	-0.0221	0.0655	0.1366
1420.0	-11.774943	-0.601353	1.503873	-0.7819075048934596	0.32114058236695664	0.5375614096142535	-0.0222	0.0653	0.138
1421.0	-11.720988000000002	-0.42869700000000005	1.8060210000000003	-0.8255407361933178	-0.26354471705114374	0.8639379797371931	-0.0218	0.0655	0.1404
1422.0	-11.533617	-0.26290800000000003	1.9060830000000002	-0.8011061266653973	-0.39793506945470714	0.9302604913129776	-0.0218	0.0656	0.1421
1423.0	-11.19321	-0.026487000000000004	2.063043	-0.7033676885537148	-0.4310963252425994	0.8796459430051421	-0.0215	0.0656	0.148
1424.0	-10.783152	0.241326	2.350476	-0.5934119456780721	-0.4066617157146788	0.7993607974134029	-0.0213	0.0655	0.1505
1425.0	-10.500624	0.44046900000000005	2.6643960000000004	-0.4939281783143953	-0.36477381366681483	0.6911503837897546	-0.0211	0.0657	0.1564
1426.0	-10.34955	0.422811	2.8115460000000003	-0.4310963252425994	-0.23911010752322315	0.5270894341022875	-0.0206	0.0656	0.1613
1427.0	-10.073889	0.301167	2.853729	-0.4310963252425994	-0.23911010752322315	0.5270894341022875	-0.0204	0.0654	0.1665
1428.0	-10.042497000000001	-0.030411	2.828223	-0.13439035240356337	0.4066617157146788	-0.008726646259971648	-0.0203	0.0651	0.1714
1429.0	-9.918891000000002	-0.406134	2.565315	-0.013962634015954637	0.06806784082777885	-0.20245819323134223	-0.0206	0.0652	0.177
1430.0	-9.708957000000002	-0.770085	2.258262	0.0471238898038469	-0.07330382858376185	-0.2897246558310587	-0.0204	0.0648	0.1834
1431.0	-9.659907	-0.974133	1.9109880000000001	0.06981317007977318	0.026179938779914945	-0.2932153143350474	-0.0207	0.0646	0.1868
1432.0	-9.677565000000001	-1.106568	1.5990300000000002	0.05585053606381855	0.18151424220741028	-0.27052603405912107	-0.0204	0.064	0.1899
1433.0	-9.78057	-1.150713	1.273338	0.06283185307179587	0.27576202181510406	-0.2583087292951608	-0.0207	0.0639	0.1921
1434.0	-9.902214	-1.110492	0.967266	0.06283185307179587	0.36826447217080355	-0.22514747350726852	-0.0207	0.0637	0.1955
1435.0	-10.004238	-0.999639	0.74556	0.12740903539558607	0.3717551306747922	-0.22514747350726852	-0.0208	0.0635	0.1959
1436.0	-10.074869999999999	-0.7906860000000001	0.616068	0.17627825445142728	0.36302848441482055	-0.27052603405912107	-0.021	0.0636	0.1962
1437.0	-10.150407	-0.589581	0.56898	0.22165681500327983	0.36477381366681483	-0.29670597283903605	-0.0211	0.0634	0.197
1438.0	-9.844335000000001	-0.26977500000000004	0.48461400000000004	0.3036872898470133	0.18151424220741028	-0.32986722862692824	-0.0208	0.0635	0.1984
1439.0	-9.522567	-0.044145	0.5160060000000001	0.38048177693476387	-0.003490658503988659	-0.3368485456349056	-0.0203	0.0633	0.1993
1440.0	-9.247887	0.13439700000000002	0.583695	0.44331363000655966	-0.11868238913561441	-0.32288591161895097	-0.0199	0.0633	0.1995
1441.0	-9.040896	0.241326	0.6955290000000001	0.5358160803622591	-0.22165681500327983	-0.28099800957108706	-0.0192	0.0632	0.1996
1442.0	-8.908461	0.29233800000000004	0.787743	0.5358160803622591	-0.26354471705114374	-0.23561944901923448	-0.0189	0.0638	0.1998
1443.0	-8.81919	0.30411	0.8789760000000001	0.5777039824101231	-0.2722713633111154	-0.16580627893946132	-0.0176	0.0639	0.1999
1444.0	-8.748558000000001	0.261927	0.94176	0.5777039824101231	-0.2722713633111154	-0.16580627893946132	-0.0165	0.0641	0.2003
1445.0	-8.757387000000001	0.17756100000000002	0.8672040000000001	0.5131268000863328	-0.18675022996339324	-0.07679448708775051	-0.0158	0.0641	0.2011
1446.0	-8.744634	0.10791	0.7563510000000001	0.4886921905584123	-0.158824961931484	-0.031415926535897934	-0.015	0.0641	0.2005
1447.0	-8.749539	0.133416	0.587619	0.4363323129985824	-0.2007128639793479	0.017453292519943295	-0.0142	0.0642	0.2019
1448.0	-8.790741	0.260946	0.36002700000000004	0.3595378259108319	-0.25132741228718347	0.06632251157578452	-0.0137	0.0643	0.2002
1449.0	-8.879031000000001	0.513063	0.153036	0.2426007660272118	-0.29670597283903605	0.0890117918517108	-0.0131	0.0646	0.201
1450.0	-9.007542	0.7995150000000001	-0.045126	0.2426007660272118	-0.29670597283903605	0.0890117918517108	-0.0129	0.0652	0.2015
1451.0	-9.179217	1.0428030000000001	-0.276642	0.04363323129985824	-0.2827433388230814	0.07504915783575616	-0.0126	0.0653	0.2036
1452.0	-9.33912	1.2095730000000002	-0.45616500000000004	-0.005235987755982988	-0.26529004630313807	0.06632251157578452	-0.0123	0.0651	0.2031
1453.0	-9.501966000000001	1.344951	-0.541512	-0.03316125578789226	-0.28099800957108706	0.05585053606381855	-0.0127	0.0653	0.2029
1454.0	-9.658926000000001	1.408716	-0.587619	-0.026179938779914945	-0.3385938748868999	0.061086523819801536	-0.0136	0.0652	0.2029
1455.0	-9.742311	1.4038110000000001	-0.560151	-0.010471975511965976	-0.40840704496667307	0.06632251157578452	-0.0138	0.0654	0.2034
1456.0	-9.794304	1.375362	-0.44439300000000004	-0.010471975511965976	-0.40840704496667307	0.06632251157578452	-0.0141	0.0654	0.2056
1457.0	-9.782532	1.192896	-0.34138799999999997	0.07679448708775051	-0.4537856055185257	0.061086523819801536	-0.0144	0.0655	0.2038
1458.0	-9.740349	0.9280260000000001	-0.151074	0.14486232791552936	-0.460766922526503	0.06283185307179587	-0.0146	0.0659	0.2055
1459.0	-9.723672	0.590562	-0.079461	0.19373154697137057	-0.4485496177625427	0.048869219055841226	-0.0152	0.0657	0.2055
1460.0	-9.70209	0.278604	0.008829	0.24434609527920614	-0.45553093477052004	0.05585053606381855	-0.0157	0.0656	0.2046
1461.0	-9.664812	0.017658	0.074556	0.2792526803190927	-0.460766922526503	0.048869219055841226	-0.0162	0.0657	0.2019
1462.0	-9.59418	-0.19521900000000003	0.08436600000000001	0.3159045946109737	-0.460766922526503	0.05585053606381855	-0.0167	0.0658	0.2032
1463.0	-9.483327000000001	-0.32471099999999997	0.12262500000000001	0.3735004599267865	-0.46949356878647464	0.054105206811824215	-0.0173	0.0659	0.2035
1464.0	-9.390132000000001	-0.40417200000000003	0.050031000000000006	0.41015237421866746	-0.4363323129985824	0.05585053606381855	-0.0172	0.066	0.2034
1465.0	-9.312633	-0.43164	-0.017658	0.41015237421866746	-0.4363323129985824	0.05585053606381855	-0.0173	0.0659	0.2023
1466.0	-9.235134	-0.459108	-0.08632800000000002	0.41015237421866746	-0.4363323129985824	0.05585053606381855	-0.0174	0.0657	0.2012
1467.0	-9.214533000000001	-0.41888700000000006	-0.16284600000000002	0.5550147021341968	-0.3385938748868999	0.06981317007977318	-0.0177	0.0659	0.2007
1468.0	-9.219438	-0.35414100000000004	-0.18344700000000003	0.57246799465414	-0.317649923862968	0.08028514559173916	-0.018	0.0656	0.2016
1469.0	-9.232191	-0.26388900000000004	-0.16284600000000002	0.5672320068981571	-0.317649923862968	0.07504915783575616	-0.0176	0.0659	0.2018
1470.0	-9.244944	-0.182466	-0.151074	0.5777039824101231	-0.33161255787892263	0.08377580409572781	-0.0174	0.0657	0.2019
1471.0	-9.310671000000001	-0.120663	0.022563	0.4904375198104066	-0.36826447217080355	0.04363323129985824	-0.0175	0.0659	0.2021
1472.0	-9.496080000000001	-0.041202	0.47284200000000004	0.3455751918948773	-0.5427973973702365	-0.059341194567807204	-0.0174	0.0659	0.2005
1473.0	-9.754083	0.12262500000000001	1.05948	0.19373154697137057	-0.7086036763096978	-0.16929693744344995	-0.0172	0.0657	0.1997
1474.0	-9.913986	0.592524	1.460709	0.006981317007977318	-0.5899212871740833	-0.26703537555513246	-0.0171	0.0656	0.1991
1475.0	-9.950283	1.126188	1.72656	-0.048869219055841226	-0.13264502315156904	-0.4380776422505767	-0.0173	0.0657	0.1986
1476.0	-9.895347	1.508778	2.155257	-0.08552113334772216	0.12391837689159739	-0.5462880558742251	-0.0172	0.0656	0.1981
1477.0	-9.763893	1.73637	2.581011	-0.15358897417550102	0.14486232791552936	-0.5619960191421741	-0.0172	0.0655	0.1982
1478.0	-9.540225000000001	1.902159	2.7468000000000004	-0.15707963267948966	0.13264502315156904	-0.49741883681838395	-0.0171	0.0655	0.1966
1479.0	-9.327348	2.013993	2.7369900000000005	-0.04363323129985824	0.19722220547535926	-0.42062434973063345	-0.0173	0.0651	0.1951
1480.0	-9.197856	1.9198170000000003	2.68794	0.0890117918517108	0.34732052114687156	-0.36477381366681483	-0.0171	0.065	0.1945
1481.0	-9.210609	1.703016	2.5741440000000004	0.2234021442552742	0.39269908169872414	-0.3735004599267865	-0.0171	0.0652	0.194
1482.0	-9.336177000000001	1.439127	2.2710150000000002	0.23911010752322315	0.41538836197465046	-0.3665191429188092	-0.0173	0.0651	0.1939
1483.0	-9.474498	1.08891	1.8570330000000002	0.19896753472735357	0.17976891295541594	-0.3141592653589793	-0.017	0.0649	0.1942
1484.0	-9.734463	0.46695600000000004	1.7648190000000001	0.17627825445142728	0.041887902047863905	-0.24783675378319478	-0.0169	0.0652	0.194
1485.0	-10.154330999999999	-0.161865	1.8766530000000001	0.1832595714594046	0.019198621771937627	-0.1954768762233649	-0.0167	0.0653	0.1936
1486.0	-10.66347	-0.558189	1.817793	0.19198621771937624	0.06981317007977318	-0.21118483949131386	-0.0166	0.0657	0.1931
1487.0	-11.256975	-0.679833	1.7451990000000002	0.16406094968746698	0.13264502315156904	-0.24434609527920614	-0.0163	0.066	0.1926
1488.0	-11.898549000000001	-0.698472	1.913931	0.22689280275926285	0.031415926535897934	-0.2617993877991494	-0.0161	0.066	0.1924
1489.0	-12.418479000000001	-0.697491	2.269053	0.16406094968746698	-0.12042771838760874	-0.24783675378319478	-0.0161	0.0662	0.1924
1490.0	-12.74319	-0.567018	2.701674	0.10821041362364843	-0.19198621771937624	-0.19373154697137057	-0.0162	0.0665	0.1924
1491.0	-12.797145	-0.391419	2.9842020000000002	0.07679448708775051	-0.1954768762233649	-0.11344640137963143	-0.0161	0.0661	0.1927
1492.0	-12.647052	-0.161865	3.1872690000000006	0.07679448708775051	-0.1954768762233649	-0.11344640137963143	-0.016	0.0662	0.193
1493.0	-12.416517	0.031392	3.3265710000000004	0.07679448708775051	-0.1954768762233649	-0.11344640137963143	-0.0161	0.0663	0.1928
1494.0	-12.149685	0.21189600000000003	3.4011270000000002	0.07679448708775051	-0.1954768762233649	-0.11344640137963143	-0.0163	0.0662	0.193
1495.0	-11.670957	0.181485	3.3197039999999998	0.22863813201125716	-0.008726646259971648	0.03316125578789226	-0.0164	0.0661	0.1932
1496.0	-11.19321	0.067689	3.248091	0.22863813201125716	-0.008726646259971648	0.03316125578789226	-0.0168	0.0658	0.1936
1497.0	-10.626192	-0.124587	3.161763	0.32637657012293964	-0.16755160819145562	-0.026179938779914945	-0.0168	0.0657	0.1938
1498.0	-10.08468	-0.346293	3.02148	0.3595378259108319	-0.2426007660272118	-0.03490658503988659	-0.0168	0.0658	0.1941
1499.0	-9.6138	-0.483633	2.908665	0.4188790204786391	-0.26703537555513246	-0.05585053606381855	-0.0165	0.0657	0.1941
1500.0	-9.236115	-0.498348	2.710503	0.45029494701453704	-0.3490658503988659	-0.08028514559173916	-0.0163	0.0656	0.1944
1501.0	-9.004599	-0.38749500000000003	2.497626	0.38222710618675815	-0.35779249665883756	-0.08726646259971647	-0.0165	0.0656	0.1943
1502.0	-8.723052000000001	-0.17658	2.336742	0.3752457891787809	-0.25481807079117214	-0.026179938779914945	-0.0163	0.0657	0.1943
1503.0	-8.531757	0.036297	2.117979	0.33335788713091696	-0.13788101090755203	0.12391837689159739	-0.0162	0.0657	0.1942
1504.0	-8.385588	0.258984	1.935513	0.27052603405912107	-0.024434609527920613	0.25481807079117214	-0.0161	0.0659	0.1942
1505.0	-8.327709	0.6092010000000001	1.7775720000000002	0.22863813201125716	-0.143116998663535	0.3665191429188092	-0.0161	0.0659	0.194
1506.0	-8.245305	0.9339120000000001	1.6784910000000002	0.19024088846738194	0.08203047484373349	0.42062434973063345	-0.0159	0.0658	0.1939
1507.0	-8.203122	1.166409	1.570581	0.20943951023931956	0.11868238913561441	0.43458698374658805	-0.0161	0.0659	0.194
1508.0	-8.16192	1.357704	1.460709	0.23911010752322315	0.23387411976724015	0.4014257279586958	-0.0163	0.0659	0.1941
1509.0	-8.146224	1.5019110000000002	1.321407	0.20943951023931956	0.26005405854715513	0.3385938748868999	-0.0164	0.0659	0.1939
1510.0	-8.162901	1.592163	1.2497940000000003	0.20943951023931956	0.32114058236695664	0.291469985083053	-0.0167	0.0662	0.1936
1511.0	-8.113851	1.634346	1.22625	0.19896753472735357	0.3508111796508603	0.23911010752322315	-0.0167	0.0666	0.1933
1512.0	-8.130528	1.5696	1.142865	0.18675022996339324	0.41538836197465046	0.2234021442552742	-0.0168	0.0666	0.1929
1513.0	-8.088345	1.526436	1.146789	0.1361356816555577	0.47647488579445196	0.20943951023931956	-0.0168	0.0665	0.1925
1514.0	-8.029485000000001	1.4508990000000002	1.076157	0.1064650843716541	0.5427973973702365	0.1884955592153876	-0.0167	0.0668	0.1916
1515.0	-8.070687	1.4008680000000002	1.063404	0.0890117918517108	0.5515240436302081	0.16755160819145562	-0.0165	0.0669	0.1915
1516.0	-8.136414	1.375362	0.992772	0.0890117918517108	0.5515240436302081	0.16755160819145562	-0.0165	0.0671	0.1912
1517.0	-8.226666	1.394982	0.930969	-0.012217304763960306	0.6213372137099813	0.14835298641951802	-0.0166	0.067	0.1909
1518.0	-8.324766	1.4401080000000002	0.8377740000000001	-0.048869219055841226	0.6824237375297829	0.13962634015954636	-0.0167	0.0668	0.1905
1519.0	-8.398341	1.4715	0.8054010000000001	-0.10471975511965978	0.7644542123735163	0.13788101090755203	-0.0171	0.0668	0.1901
1520.0	-8.438562	1.475424	0.6857190000000001	-0.16231562043547265	0.783652834145454	0.1413716694115407	-0.0174	0.0665	0.19
1521.0	-8.49546	1.49112	0.579771	-0.2234021442552742	0.9023352232810684	0.12391837689159739	-0.0172	0.0663	0.1896
1522.0	-8.535681	1.458747	0.47088	-0.26354471705114374	1.0297442586766545	0.12391837689159739	-0.0177	0.0664	0.1894
1523.0	-8.555301	1.4165640000000002	0.363951	-0.291469985083053	1.0995574287564276	0.1413716694115407	-0.0179	0.0665	0.1892
1524.0	-8.550396000000001	1.3537800000000002	0.265851	-0.2897246558310587	1.2060225131280815	0.15184364492350666	-0.018	0.066	0.1889
1525.0	-8.528814	1.303749	0.13145400000000002	-0.312413936106985	1.265363707695889	0.1413716694115407	-0.018	0.066	0.1885
1526.0	-8.555301	1.22625	0.047088	-0.3036872898470133	1.3753194505715316	0.13439035240356337	-0.0183	0.0659	0.1885
1527.0	-8.574921	1.153656	-0.064746	-0.30194196059501904	1.356120828799594	0.10995574287564276	-0.0186	0.0657	0.1881
1528.0	-8.568054	1.076157	-0.169713	-0.2565634000431664	1.319468914507713	0.0942477796076938	-0.019	0.0655	0.1876
1529.0	-8.585712000000001	1.001601	-0.36591300000000004	-0.24958208303518914	1.4049900478554354	0.0942477796076938	-0.0189	0.0656	0.1876
1530.0	-8.646534	0.964323	-0.522873	-0.24783675378319478	1.4119713648634127	0.09599310885968812	-0.0188	0.0657	0.187
1531.0	-8.726976	0.8956530000000001	-0.727902	-0.24434609527920614	1.4276793281313616	0.08552113334772216	-0.019	0.0657	0.1864
1532.0	-8.824095	0.8083440000000001	-0.886824	-0.1780235837034216	1.2985249634837812	0.06632251157578452	-0.019	0.0657	0.1859
1533.0	-8.943777	0.698472	-1.08891	-0.14835298641951802	1.2566370614359172	0.019198621771937627	-0.0191	0.0654	0.1855
1534.0	-9.058554	0.610182	-1.29492	-0.11519173063162574	1.0995574287564276	-0.024434609527920613	-0.0193	0.0657	0.1854
1535.0	-9.209628	0.486576	-1.4705190000000001	-0.04014257279586958	1.0053096491487339	-0.08028514559173916	-0.0197	0.0654	0.1853
1536.0	-9.340101	0.429678	-1.666719	0.022689280275926284	0.9162978572970231	-0.143116998663535	-0.0197	0.0653	0.1845
1537.0	-9.557883	0.409077	-1.819755	0.054105206811824215	0.778416846389471	-0.19722220547535926	-0.0197	0.0656	0.1838
1538.0	-9.798228	0.376704	-1.946304	0.054105206811824215	0.778416846389471	-0.19722220547535926	-0.0195	0.0659	0.183
1539.0	-10.049364	0.41594400000000004	-2.041461	0.04363323129985824	0.47298422729046335	-0.2897246558310587	-0.0196	0.0659	0.1825
1540.0	-10.284804000000001	0.424773	-2.126808	-0.005235987755982988	0.2984513020910304	-0.28623399732707	-0.0199	0.066	0.1821
1541.0	-10.520244	0.51993	-2.121903	-0.10471975511965978	0.24434609527920614	-0.30194196059501904	-0.0198	0.0659	0.182
1542.0	-10.733121	0.6759090000000001	-2.170953	-0.1291543646475804	0.06632251157578452	-0.2879793265790644	-0.0199	0.066	0.1818
1543.0	-10.889100000000001	0.8573940000000001	-2.189592	-0.16929693744344995	-0.09773843811168245	-0.27401669256310973	-0.0198	0.0662	0.1816
1544.0	-11.045079	1.080081	-2.143485	-0.24085543677521748	-0.2530727415391778	-0.24434609527920614	-0.02	0.0661	0.1818
1545.0	-11.130426000000002	1.3066920000000002	-2.066967	-0.2827433388230814	-0.41538836197465046	-0.22863813201125716	-0.0197	0.0663	0.1813
1546.0	-11.169666000000001	1.503873	-2.024784	-0.34033920413889424	-0.5253441048502933	-0.2059488517353309	-0.0193	0.0667	0.1811
1547.0	-11.113749	1.656909	-1.968867	-0.41015237421866746	-0.5934119456780721	-0.1954768762233649	-0.0192	0.0664	0.1812
1548.0	-11.016630000000001	1.8266220000000002	-1.851147	-0.46949356878647464	-0.6038839211900381	-0.18500490071139894	-0.0188	0.0662	0.1819
1549.0	-10.885176	1.901178	-1.783458	-0.5288347633542818	-0.635299847725936	-0.19024088846738194	-0.0187	0.0662	0.1819
1550.0	-10.70271	1.995354	-1.652004	-0.5899212871740833	-0.6702064327658225	-0.18675022996339324	-0.0184	0.0663	0.1822
1551.0	-10.483947	2.044404	-1.568619	-0.6422811647339133	-0.6527531402458793	-0.1884955592153876	-0.0181	0.0661	0.1827
1552.0	-10.256355000000001	2.082663	-1.51074	-0.6632251157578453	-0.6143558967020041	-0.20943951023931956	-0.0177	0.0658	0.183
1553.0	-10.052307	2.1032640000000002	-1.503873	-0.6684611035138281	-0.5567600313861911	-0.22165681500327983	-0.0177	0.0658	0.183
1554.0	-9.869841000000001	2.071872	-1.552923	-0.7295476273336297	-0.4520402762665313	-0.24434609527920614	-0.0177	0.0658	0.1824
1555.0	-9.703071	2.0807010000000004	-1.583334	-0.7766715171374766	-0.39968039870670147	-0.26005405854715513	-0.0177	0.0657	0.1825
1556.0	-9.549054000000002	2.053233	-1.670643	-0.8255407361933178	-0.39968039870670147	-0.29670597283903605	-0.0182	0.0652	0.1826
1557.0	-9.470574000000001	2.1032640000000002	-1.550961	-0.8901179185171081	-0.3787364476827695	-0.3420845333908886	-0.0183	0.065	0.183
1558.0	-9.522567	2.07972	-1.4577660000000001	-0.8988445647770797	-0.47298422729046335	-0.34033920413889424	-0.0183	0.0646	0.1827
1559.0	-9.714843	2.019879	-1.261566	-0.8342673824532895	-0.47123889803846897	-0.29670597283903605	-0.0184	0.0639	0.1823
1560.0	-10.146483	1.896273	-0.623916	-0.6946410422937431	-0.32812189937493397	-0.17627825445142728	-0.0186	0.0633	0.182
1561.0	-10.669355999999999	1.290996	-0.051993000000000004	-0.5375614096142535	-0.17627825445142728	-0.10995574287564276	-0.0188	0.0631	0.1818
1562.0	-11.134350000000001	0.424773	0.28547100000000003	-0.041887902047863905	-0.12740903539558607	0.04537856055185257	-0.0191	0.063	0.1813
1563.0	-11.323683	-0.27468000000000004	0.488538	0.2181661564992912	-0.038397243543875255	0.1710422666954443	-0.019	0.063	0.1813
1564.0	-11.345265000000001	-0.63765	0.694548	0.15358897417550102	0.020943951023931952	0.2775073510670984	-0.0189	0.0625	0.1813
1565.0	-11.488491000000002	-0.8878050000000001	1.015335	-0.026179938779914945	0.06806784082777885	0.3385938748868999	-0.0187	0.0626	0.1814
1566.0	-11.865195	-0.9525510000000001	1.560771	-0.3787364476827695	0.19198621771937624	0.36477381366681483	-0.0188	0.0628	0.1816
1567.0	-12.395916000000001	-1.0143540000000002	2.015955	-0.582939970166106	0.3595378259108319	0.4485496177625427	-0.019	0.0632	0.1814
1568.0	-12.750057000000002	-0.9908100000000001	2.376963	-0.5811946409141117	0.2583087292951608	0.5969026041820608	-0.0193	0.0638	0.1816
1569.0	-12.721608	-0.940779	2.684016	-0.49741883681838395	-0.20245819323134223	0.8011061266653973	-0.0197	0.0646	0.1821
1570.0	-12.304683	-0.836793	2.4711390000000004	-0.42062434973063345	-0.3961897402027128	0.9093165402890457	-0.02	0.0651	0.1824
1571.0	-11.797506	-0.278604	2.3426280000000004	-0.42062434973063345	-0.3961897402027128	0.9093165402890457	-0.0202	0.0653	0.1824
1572.0	-11.362923000000002	0.560151	2.492721	-0.42062434973063345	-0.3961897402027128	0.9093165402890457	-0.0203	0.0655	0.1826
1573.0	-11.204982000000001	1.2360600000000002	2.8066410000000004	-0.42062434973063345	-0.3961897402027128	0.9093165402890457	-0.0205	0.0656	0.1829
1574.0	-11.19321	1.606878	3.146067	-0.42062434973063345	-0.3961897402027128	0.9093165402890457	-0.0207	0.066	0.1832
1575.0	-11.083338	1.8482040000000002	3.3275520000000003	-0.42062434973063345	-0.3961897402027128	0.9093165402890457	-0.0211	0.0661	0.1834
1576.0	-10.746855	1.9296270000000002	3.347172	-0.42062434973063345	-0.3961897402027128	0.9093165402890457	-0.021	0.0662	0.1836
1577.0	-10.197495000000002	1.9404180000000002	3.248091	-0.42062434973063345	-0.3961897402027128	0.9093165402890457	-0.021	0.0662	0.1837
1578.0	-9.636363	1.5176070000000002	2.9900880000000005	0.2984513020910304	-0.19024088846738194	-0.4310963252425994	-0.0208	0.0665	0.1868
1579.0	-9.159597	1.190934	2.6683200000000005	0.32288591161895097	-0.3769911184307752	-0.4223696789826277	-0.02	0.0668	0.1905
1580.0	-8.872164	0.9947340000000001	2.48193	0.38222710618675815	-0.07330382858376185	-0.35779249665883756	-0.02	0.0671	0.195
1581.0	-8.577864	0.907425	2.349495	0.460766922526503	0.06806784082777885	-0.312413936106985	-0.0197	0.0674	0.1997
1582.0	-8.282583	0.820116	2.21706	0.460766922526503	0.06806784082777885	-0.312413936106985	-0.0195	0.0677	0.2044
1583.0	-8.09325	0.734769	2.293578	0.7347836150896128	0.012217304763960306	-0.32288591161895097	-0.0192	0.068	0.2104
1584.0	-7.900974000000001	0.42379200000000006	2.265129	1.0559241974565694	-0.03490658503988659	-0.3700098014227979	-0.0187	0.068	0.2166
1585.0	-7.680249000000001	-0.045126	2.1503520000000003	1.3753194505715316	-0.020943951023931952	-0.4537856055185257	-0.0184	0.0685	0.2228
1586.0	-7.471296000000001	-0.587619	1.816812	1.4503686084072878	0.19722220547535926	-0.4782202150464463	-0.0179	0.0686	0.2285
1587.0	-7.414398	-1.0084680000000001	1.3567230000000001	1.3334315485236679	0.33335788713091696	-0.47472955654245763	-0.0175	0.069	0.2344
1588.0	-7.682211000000001	-0.8887860000000001	1.041822	1.2374384396639797	0.4642575810304917	-0.3752457891787809	-0.0174	0.069	0.2364
1589.0	-8.128566000000001	-0.845622	0.8054010000000001	1.2374384396639797	0.4642575810304917	-0.3752457891787809	-0.0175	0.0691	0.2377
1590.0	-8.582769	-0.9339120000000001	0.458127	1.2374384396639797	0.4642575810304917	-0.3752457891787809	-0.0171	0.0693	0.2384
1591.0	-9.043839	-1.1330550000000001	0.055917	1.2374384396639797	0.4642575810304917	-0.3752457891787809	-0.017	0.0694	0.2389
1592.0	-9.504909	-1.3312169999999999	-0.344331	1.2374384396639797	0.4642575810304917	-0.3752457891787809	-0.0169	0.0696	0.2393
1593.0	-9.54513	-0.9800190000000001	-0.702396	0.04537856055185257	-0.5602506898901798	0.12391837689159739	-0.0168	0.0697	0.2354
1594.0	-9.630477	-0.655308	-0.9123300000000001	0.020943951023931952	-0.32986722862692824	0.09948376736367678	-0.0166	0.0703	0.2311
1595.0	-9.816867	-0.320787	-0.963342	0.1064650843716541	-0.22689280275926285	0.0890117918517108	-0.0164	0.0706	0.226
1596.0	-10.054269	-0.038259	-0.8564130000000001	0.17627825445142728	-0.2792526803190927	0.07504915783575616	-0.0162	0.0707	0.2207
1597.0	-10.165122	0.061803000000000004	-0.665118	0.23387411976724015	-0.317649923862968	0.0645771823237902	-0.0161	0.0713	0.2148
1598.0	-10.004238	0.011772	-0.45714600000000005	0.317649923862968	-0.4241150082346221	0.06283185307179587	-0.0157	0.0712	0.2095
1599.0	-9.827658000000001	0.015696	-0.25211700000000004	0.38048177693476387	-0.4904375198104066	0.061086523819801536	-0.0153	0.0713	0.2043
1600.0	-9.631458	0.046107	-0.041202	0.40840704496667307	-0.41364303272265607	0.04537856055185257	-0.0153	0.0717	0.1991
1601.0000000000002	-9.435258000000001	0.076518	0.169713	0.40840704496667307	-0.41364303272265607	0.04537856055185257	-0.0153	0.0721	0.1939
1602.0	-9.239058	0.10692900000000001	0.381609	0.40840704496667307	-0.41364303272265607	0.04537856055185257	-0.0153	0.0725	0.1887
1603.0	-9.32931	-0.300186	0.32569200000000004	0.4241150082346221	-0.36826447217080355	-0.003490658503988659	-0.015	0.0727	0.1863
1604.0	-9.345006	-0.48951900000000004	0.19423800000000002	0.41538836197465046	-0.3595378259108319	-0.017453292519943295	-0.015	0.0731	0.1845
1605.0	-9.252792000000001	-0.558189	0.035316	0.39793506945470714	-0.3490658503988659	-0.020943951023931952	-0.0151	0.0732	0.1831
1605.9999999999998	-9.089946	-0.5258160000000001	-0.050031000000000006	0.38746309394274114	-0.33161255787892263	-0.017453292519943295	-0.0156	0.0738	0.1824
1607.0	-8.924157	-0.50031	-0.165789	0.4118977034706618	-0.291469985083053	-0.003490658503988659	-0.0154	0.0736	0.1822
1607.9999999999998	-8.850582000000001	-0.476766	-0.180504	0.44505895925855404	-0.22689280275926285	0.020943951023931952	-0.0161	0.0739	0.1819
1609.0	-8.829981	-0.47774700000000003	-0.167751	0.46600291028248597	-0.1954768762233649	0.04363323129985824	-0.0165	0.0738	0.1813
1610.0000000000002	-8.856468000000001	-0.448317	-0.154017	0.4869468613064179	-0.21118483949131386	0.08377580409572781	-0.0164	0.0737	0.181
1611.0	-8.865297	-0.41594400000000004	-0.187371	0.5358160803622591	-0.2426007660272118	0.13439035240356337	-0.0161	0.0735	0.1805
1612.0	-8.877069	-0.31293899999999997	-0.141264	0.5881759579220891	-0.25481807079117214	0.16406094968746698	-0.0161	0.0733	0.1801
1613.0	-9.019314	-0.334521	0.198162	0.5393067388662478	-0.26878070480712674	0.14486232791552936	-0.0168	0.0731	0.1801
1614.0	-9.193932	-0.322749	0.569961	0.5393067388662478	-0.26878070480712674	0.14486232791552936	-0.0173	0.0727	0.1797
1614.9999999999998	-9.376398	0.055917	1.106568	0.31066860685499065	-0.7906341511534313	-0.15707963267948966	-0.0176	0.0723	0.1793
1616.0	-9.454878	0.6837570000000001	1.329255	0.10122909661567112	-0.4921828490624009	-0.2932153143350474	-0.0175	0.0719	0.1779
1617.0000000000002	-9.433296	1.2095730000000002	1.65789	0.13788101090755203	-0.031415926535897934	-0.47472955654245763	-0.018	0.0718	0.1773
1618.0	-9.349911	1.554885	2.03067	0.03316125578789226	0.22165681500327983	-0.6387905062299246	-0.0181	0.0716	0.173
1619.0000000000002	-9.330291	1.788363	2.238642	0.006981317007977318	0.3752457891787809	-0.6702064327658225	-0.0182	0.0712	0.1724
1620.0	-9.470574000000001	1.9237410000000001	2.230794	-0.054105206811824215	0.41015237421866746	-0.6056292504420324	-0.0185	0.071	0.1685
1621.0	-9.863955	1.984563	2.251395	-0.08726646259971647	0.4886921905584123	-0.5096361415823443	-0.0189	0.071	0.1637
1622.0	-10.416258000000001	1.8913680000000002	2.345571	-0.024434609527920613	0.4223696789826277	-0.3909537524467298	-0.0193	0.0706	0.1613
1623.0	-10.983276	1.70694	2.316141	-0.0715584993317675	0.16231562043547265	-0.30019663134302466	-0.0192	0.0704	0.1571
1623.9999999999998	-11.560103999999999	1.507797	2.417184	-0.07504915783575616	-0.12042771838760874	-0.24085543677521748	-0.0191	0.0704	0.1513
1625.0	-12.162438	0.9702090000000001	2.306331	-0.07504915783575616	-0.12042771838760874	-0.24085543677521748	-0.0192	0.0703	0.146
1626.0000000000002	-12.654900000000001	0.300186	2.5103790000000004	-0.059341194567807204	-0.31066860685499065	-0.027925268031909273	-0.0191	0.0702	0.1415
1627.0	-13.240556999999999	-0.031392	2.6693010000000004	-0.09599310885968812	-0.12042771838760874	-0.024434609527920613	-0.019	0.0699	0.1368
1628.0	-13.736943000000002	-0.17069399999999998	2.7006930000000002	0.010471975511965976	-0.06806784082777885	-0.0645771823237902	-0.0188	0.0699	0.1352
1629.0	-13.963554	-0.28547100000000003	2.8713870000000004	-0.010471975511965976	-0.1832595714594046	-0.08377580409572781	-0.0187	0.0704	0.1296
1630.0	-13.893903	-0.403191	3.220623	-0.04537856055185257	-0.2303834612632515	-0.0645771823237902	-0.0185	0.0703	0.1299
1630.9999999999998	-13.487769	-0.47872800000000004	3.6169470000000006	-0.04537856055185257	-0.2722713633111154	-0.008726646259971648	-0.0181	0.0703	0.131
1632.0	-12.889359	-0.46597500000000003	3.8121660000000004	-0.054105206811824215	-0.27401669256310973	0.026179938779914945	-0.0177	0.0704	0.1299
1632.9999999999998	-12.116331	-0.37376100000000007	3.8131470000000003	-0.026179938779914945	-0.28099800957108706	0.04014257279586958	-0.0174	0.0707	0.1297
1634.0	-11.262861	-0.28645200000000004	3.695427	0.031415926535897934	-0.2879793265790644	0.038397243543875255	-0.0171	0.0706	0.1316
1635.0000000000002	-10.368189	-0.18344700000000003	3.530619	0.06806784082777885	-0.3420845333908886	0.041887902047863905	-0.0166	0.0705	0.134
1636.0	-9.644211	-0.182466	3.3226470000000004	0.10471975511965978	-0.4188790204786391	0.012217304763960306	-0.0165	0.0707	0.1392
1637.0	-8.930043000000001	-0.28449	3.161763	0.10821041362364843	-0.4310963252425994	-0.008726646259971648	-0.0163	0.0707	0.144
1638.0	-8.400303	-0.30411	3.0048030000000003	0.12740903539558607	-0.46949356878647464	-0.0017453292519943296	-0.0161	0.0706	0.149
1639.0	-8.021637	-0.241326	2.822337	0.1466076571675237	-0.38571776469074687	0.019198621771937627	-0.0159	0.0705	0.1568
1639.9999999999998	-7.752843	-0.135378	2.6702820000000003	0.1466076571675237	-0.38571776469074687	0.019198621771937627	-0.0159	0.0706	0.1613
1641.0	-7.557624000000001	0.115758	2.438766	0.12042771838760874	-0.21118483949131386	0.12566370614359174	-0.0159	0.0702	0.1677
1642.0000000000002	-7.596864	0.36002700000000004	2.234718	0.11344640137963143	-0.05759586531581287	0.2984513020910304	-0.0158	0.0704	0.1721
1643.0	-7.676325	0.59841	2.092473	0.06283185307179587	0.2530727415391778	0.43982297150257105	-0.0158	0.0702	0.1778
1644.0000000000002	-7.663572	0.826983	1.9090260000000001	0.06981317007977318	-0.06632251157578452	0.4869468613064179	-0.0154	0.0703	0.1831
1645.0	-7.684173	1.0555560000000002	1.836432	0.06632251157578452	0.12042771838760874	0.4852015320544236	-0.0156	0.0703	0.1883
1646.0	-7.779330000000001	1.290996	1.718712	0.059341194567807204	0.20420352248333654	0.48171087355043496	-0.0156	0.07	0.1904
1647.0	-7.846038	1.460709	1.5646950000000002	0.059341194567807204	0.20420352248333654	0.48171087355043496	-0.0157	0.0698	0.1922
1648.0	-7.8372090000000005	1.552923	1.444032	0.059341194567807204	0.20420352248333654	0.48171087355043496	-0.0157	0.0698	0.1946
1648.9999999999998	-7.844076	1.621593	1.350837	0.059341194567807204	0.20420352248333654	0.48171087355043496	-0.0157	0.0696	0.195
1650.0	-7.850943000000001	1.691244	1.2576420000000001	0.059341194567807204	0.20420352248333654	0.48171087355043496	-0.0156	0.0694	0.1953
1651.0000000000002	-7.924518	1.6431750000000003	1.214478	-0.15009831567151233	0.39269908169872414	0.27576202181510406	-0.0155	0.0696	0.1943
1652.0	-7.797969000000001	1.5970680000000002	1.170333	-0.17627825445142728	0.4293509959906051	0.26005405854715513	-0.015	0.0696	0.195
1653.0	-7.702812000000001	1.580391	1.1310930000000001	-0.22165681500327983	0.47298422729046335	0.2303834612632515	-0.0143	0.0695	0.195
1654.0	-7.790121000000001	1.5666570000000002	1.065366	-0.23212879051524585	0.5235987755982988	0.20943951023931956	-0.0145	0.0694	0.195
1655.0	-7.896069	1.5293790000000003	0.967266	-0.24783675378319478	0.5427973973702365	0.18675022996339324	-0.0139	0.0694	0.1948
1655.9999999999998	-7.983378	1.4950440000000003	0.9466650000000001	-0.24783675378319478	0.5427973973702365	0.18675022996339324	-0.0132	0.0694	0.195
1657.0	-8.069706	1.460709	0.927045	-0.24783675378319478	0.5427973973702365	0.18675022996339324	-0.0126	0.0693	0.1951
1657.9999999999998	-8.157015000000001	1.4253930000000001	0.907425	-0.24783675378319478	0.5427973973702365	0.18675022996339324	-0.0119	0.0693	0.1953
1659.0	-8.243343000000001	1.3910580000000001	0.886824	-0.24783675378319478	0.5427973973702365	0.18675022996339324	-0.0112	0.0693	0.1954
1660.0000000000002	-8.268849	1.313559	0.8672040000000001	-0.3036872898470133	0.8866272600131193	0.019198621771937627	-0.0108	0.0694	0.1958
1661.0	-8.255115	1.2350790000000003	0.849546	-0.3036872898470133	0.8866272600131193	0.019198621771937627	-0.0106	0.0694	0.1962
1662.0	-8.236476	1.159542	0.850527	-0.3036872898470133	0.8866272600131193	0.019198621771937627	-0.0106	0.0693	0.1966
1663.0	-8.205084000000001	1.083024	0.826983	-0.3036872898470133	0.8866272600131193	0.019198621771937627	-0.0109	0.0694	0.1971
1664.0	-8.155053	1.032993	0.858375	-0.3036872898470133	0.8866272600131193	0.019198621771937627	-0.0107	0.0695	0.1975
1664.9999999999998	-8.085402	0.935874	0.761256	-0.22863813201125716	1.4748032179352084	-0.20245819323134223	-0.011	0.0695	0.1939
1666.0	-8.015751000000002	0.8387550000000001	0.664137	-0.22863813201125716	1.4748032179352084	-0.20245819323134223	-0.0113	0.0695	0.1903
1667.0000000000002	-7.947081000000001	0.7426170000000001	0.567999	-0.22863813201125716	1.4748032179352084	-0.20245819323134223	-0.0116	0.0695	0.1866
1668.0	-7.877430000000001	0.645498	0.47088	-0.22863813201125716	1.4748032179352084	-0.20245819323134223	-0.0119	0.0695	0.183
1669.0000000000002	-7.807779000000001	0.5483790000000001	0.374742	-0.22863813201125716	1.4748032179352084	-0.20245819323134223	-0.0122	0.0695	0.1794
1670.0	-8.029485000000001	0.560151	0.110853	-0.2059488517353309	1.684242728174528	-0.19722220547535926	-0.0124	0.0694	0.1783
1671.0	-8.332614000000001	0.601353	-0.11968200000000001	-0.2181661564992912	1.4922565104551517	-0.16929693744344995	-0.013	0.0695	0.1776
1672.0	-8.682831	0.629802	-0.32176800000000005	-0.28099800957108706	1.2688543661998777	-0.13264502315156904	-0.0138	0.0694	0.1767
1673.0	-9.088965	0.6504030000000001	-0.530721	-0.3560471674068432	1.0838494654884787	-0.10471975511965978	-0.0143	0.0692	0.176
1673.9999999999998	-9.600066	0.722997	-0.736731	-0.42062434973063345	0.8325220532012952	-0.11344640137963143	-0.0147	0.0692	0.1754
1675.0	-10.09449	0.884862	-0.820116	-0.49741883681838395	0.5899212871740833	-0.1361356816555577	-0.0152	0.0693	0.1801
1676.0000000000002	-10.542807	1.0575180000000002	-0.948627	-0.5864306286700948	0.3700098014227979	-0.15358897417550102	-0.0156	0.0694	0.1844
1677.0	-10.929321000000002	1.261566	-1.0555560000000002	-0.6789330790257941	0.2234021442552742	-0.158824961931484	-0.0159	0.0693	0.1888
1678.0	-11.259918	1.4656140000000002	-1.184067	-0.7138396640656808	0.10821041362364843	-0.143116998663535	-0.0165	0.0695	0.1909
1679.0	-11.590515	1.669662	-1.312578	-0.7138396640656808	0.10821041362364843	-0.143116998663535	-0.0172	0.0697	0.193
1680.0	-11.692539	1.8079830000000001	-1.274319	-0.7138396640656808	0.10821041362364843	-0.143116998663535	-0.0178	0.0698	0.1924
1680.9999999999998	-11.617002	1.835451	-1.2821670000000003	-0.7661995416255106	-0.04363323129985824	-0.13264502315156904	-0.0177	0.0693	0.1926
1682.0	-11.486529	1.837413	-1.340046	-0.7522369076095561	-0.10122909661567112	-0.15533430342749532	-0.0171	0.0692	0.1943
1682.9999999999998	-11.307987	1.849185	-1.39302	-0.7365289443416071	-0.15358897417550102	-0.1780235837034216	-0.017	0.0688	0.1954
1684.0	-11.045079	1.7962110000000002	-1.419507	-0.7173303225696694	-0.1832595714594046	-0.21467549799530256	-0.0172	0.0685	0.195
1685.0000000000002	-10.804734	1.707921	-1.4705190000000001	-0.7173303225696694	-0.1832595714594046	-0.21467549799530256	-0.0171	0.0683	0.1932
1686.0	-10.635021000000002	1.588239	-1.535265	-0.6684611035138281	-0.30717794835100204	-0.2583087292951608	-0.0169	0.0681	0.1912
1687.0	-10.521225000000001	1.455804	-1.624536	-0.6684611035138281	-0.3612831551628262	-0.2792526803190927	-0.0171	0.0681	0.1899
1688.0	-10.464327	1.345932	-1.681434	-0.6771877497737998	-0.3787364476827695	-0.291469985083053	-0.0169	0.068	0.1907
1689.0	-10.410372	1.227231	-1.8236790000000003	-0.7173303225696694	-0.3735004599267865	-0.3141592653589793	-0.0166	0.0677	0.1913
1689.9999999999998	-10.34955	1.153656	-1.935513	-0.7714355293814937	-0.38222710618675815	-0.3368485456349056	-0.0163	0.0677	0.1919
1691.0	-10.35936	1.186029	-2.045385	-0.8360127117052838	-0.39269908169872414	-0.3612831551628262	-0.0161	0.0679	0.1917
1692.0000000000002	-10.334835000000002	1.26549	-2.129751	-0.9477137838329209	-0.4118977034706618	-0.39793506945470714	-0.0165	0.0678	0.19
1693.0	-10.300500000000001	1.34397	-2.212155	-0.9477137838329209	-0.4118977034706618	-0.39793506945470714	-0.0165	0.0681	0.1887
1694.0000000000002	-10.247526	1.434222	-2.32497	-0.9477137838329209	-0.4118977034706618	-0.39793506945470714	-0.0165	0.068	0.1887
1695.0	-10.195533	1.524474	-2.4377850000000003	-0.9477137838329209	-0.4118977034706618	-0.39793506945470714	-0.0164	0.068	0.1887
1696.0	-10.532997000000002	1.522512	-1.490139	-0.9320058205649719	-0.5497787143782138	-0.020943951023931952	-0.0167	0.068	0.189
1697.0	-11.009763000000001	0.8132490000000001	-0.9231210000000001	-0.32637657012293964	-0.14486232791552936	0.26878070480712674	-0.0167	0.0681	0.1887
1698.0	-11.398239	-0.08338500000000001	-0.5493600000000001	0.0017453292519943296	0.022689280275926284	0.5061454830783556	-0.0164	0.0679	0.1884
1698.9999999999998	-11.781810000000002	-0.973152	-0.08829	0.0017453292519943296	0.022689280275926284	0.5061454830783556	-0.016	0.0678	0.1883
1700.0	-12.173229	-1.907064	0.339426	0.0017453292519943296	0.022689280275926284	0.5061454830783556	-0.0157	0.0674	0.1882
1701.0000000000002	-12.590154000000002	-2.86452	0.778914	0.0017453292519943296	0.022689280275926284	0.5061454830783556	-0.0155	0.0673	0.1878
1702.0	-13.049262	-3.831786	1.215459	0.0017453292519943296	0.022689280275926284	0.5061454830783556	-0.0151	0.0673	0.1875
1703.0	-13.508370000000001	-4.7990520000000005	1.652004	0.0017453292519943296	0.022689280275926284	0.5061454830783556	-0.0147	0.0672	0.1873
1704.0	-13.739886000000002	-4.823577	2.314179	-0.3717551306747922	0.06632251157578452	0.8604473212332044	-0.0146	0.0675	0.1874
1705.0	-13.818366000000001	-4.837311	2.95281	-0.29496064358704166	-0.08726646259971647	0.8691739674931761	-0.0142	0.0676	0.1873
1705.9999999999998	-13.418118	-4.761774	2.5152840000000003	-0.22514747350726852	-0.11344640137963143	0.7976154681614086	-0.0141	0.0678	0.1876
1707.0	-12.816765	-4.097637000000001	2.430918	-0.11693705988362008	-0.11519173063162574	0.6702064327658225	-0.0141	0.0678	0.1877
1707.9999999999998	-12.243861	-3.324609	2.4770250000000003	-0.07330382858376185	-0.22165681500327983	0.4852015320544236	-0.0141	0.0681	0.1881
1709.0	-11.741589000000001	-2.6830350000000003	2.40345	-0.0	-0.10821041362364843	0.35779249665883756	-0.0143	0.0683	0.1883
1710.0000000000002	-11.444346000000001	-2.112093	2.294559	0.03316125578789226	0.05585053606381855	0.10122909661567112	-0.0147	0.0683	0.1885
1711.0	-11.125521	-1.653966	2.135637	0.10122909661567112	0.14486232791552936	-0.07853981633974483	-0.0152	0.0685	0.1887
1712.0	-10.747836	-1.153656	1.9433610000000001	0.21118483949131386	-0.07504915783575616	-0.2059488517353309	-0.0158	0.0688	0.1887
1713.0	-10.363284	-0.567999	1.7756100000000001	0.2617993877991494	0.09948376736367678	-0.2617993877991494	-0.0158	0.0689	0.1887
1714.0	-10.100376	-0.821097	1.4185260000000002	0.2879793265790644	0.06981317007977318	-0.22863813201125716	-0.0157	0.0687	0.1885
1714.9999999999998	-9.852183	-0.9702090000000001	1.0663470000000002	0.28099800957108706	-0.1413716694115407	-0.1884955592153876	-0.0163	0.0686	0.1882
1716.0	-9.572598000000001	-1.0231830000000002	0.8328690000000001	0.2583087292951608	-0.041887902047863905	-0.17976891295541594	-0.0162	0.0683	0.1881
1717.0000000000002	-9.327348	-0.918216	0.7200540000000001	0.28623399732707	-0.020943951023931952	-0.19722220547535926	-0.0161	0.0687	0.188
1718.0	-9.14292	-0.7563510000000001	0.660213	0.28623399732707	-0.020943951023931952	-0.19722220547535926	-0.0164	0.0689	0.1877
1719.0000000000002	-9.059535	-0.530721	0.916254	0.8028514559173916	0.003490658503988659	-0.3560471674068432	-0.0165	0.0687	0.1876
1720.0	-8.771121	-0.23445900000000003	1.207611	0.8028514559173916	0.003490658503988659	-0.3560471674068432	-0.0164	0.0687	0.1874
1721.0	-8.393436000000001	-0.187371	1.4401080000000002	1.2950343049797925	-0.2530727415391778	-0.43982297150257105	-0.0162	0.0687	0.1872
1722.0	-8.046162	-0.22464900000000002	1.5372270000000001	1.3281955607676847	-0.0471238898038469	-0.4310963252425994	-0.0159	0.0685	0.1872
1723.0	-7.756767	-0.327654	1.458747	1.2095131716320704	0.1884955592153876	-0.39269908169872414	-0.0161	0.0686	0.1873
1723.9999999999998	-7.787178	-0.363951	1.2988439999999999	1.1414453308042916	0.26703537555513246	-0.28623399732707	-0.016	0.0687	0.1871
1725.0	-8.169768	-0.332559	1.034955	0.8866272600131193	0.05585053606381855	-0.16057029118347832	-0.0158	0.0688	0.1873
1726.0000000000002	-8.682831	-0.132435	0.7759710000000001	0.5951572749300664	-0.4310963252425994	-0.05759586531581287	-0.0156	0.0691	0.1875
1727.0	-9.062478	0.188352	0.447336	0.39968039870670147	-0.7539822368615504	0.022689280275926284	-0.0158	0.0689	0.1877
1728.0	-9.276336	0.5591700000000001	0.18639	0.20943951023931956	-0.6841690667817772	0.08552113334772216	-0.0158	0.0687	0.1878
1729.0	-9.240039	0.929988	-0.17952300000000002	0.14835298641951802	-0.5393067388662478	0.1117010721276371	-0.0162	0.0689	0.1883
1730.0	-9.21159	1.124226	-0.49540500000000004	0.12042771838760874	-0.38222710618675815	0.11344640137963143	-0.0162	0.0691	0.1886
1730.9999999999998	-9.294975	1.535265	-0.6513840000000001	0.09773843811168245	-0.40840704496667307	0.10471975511965978	-0.0162	0.0689	0.1887
1732.0	-9.503928	1.913931	-0.670023	0.0890117918517108	-0.36826447217080355	0.09250245035569947	-0.0162	0.069	0.1888
1732.9999999999998	-9.693261	2.202345	-0.526797	0.16231562043547265	-0.3508111796508603	0.10122909661567112	-0.0166	0.069	0.1889
1734.0	-9.668736	2.320065	-0.336483	0.16231562043547265	-0.3508111796508603	0.10122909661567112	-0.0169	0.069	0.1893
1735.0000000000002	-9.429372	2.255319	-0.025506	0.16231562043547265	-0.3508111796508603	0.10122909661567112	-0.0171	0.069	0.1893
1736.0	-9.155673	1.949247	0.23642100000000002	0.16231562043547265	-0.3508111796508603	0.10122909661567112	-0.0174	0.0689	0.189
1737.0	-9.048744000000001	1.4636520000000002	0.475785	0.16231562043547265	-0.3508111796508603	0.10122909661567112	-0.0174	0.0688	0.1889
1738.0	-9.107604	0.9290070000000001	0.6494219999999999	0.16231562043547265	-0.3508111796508603	0.10122909661567112	-0.0175	0.0687	0.1889
1739.0	-9.243963	0.46205100000000005	0.730845	0.16231562043547265	-0.3508111796508603	0.10122909661567112	-0.0172	0.0687	0.1885
1739.9999999999998	-9.372474	0.17167500000000002	0.762237	0.16231562043547265	-0.3508111796508603	0.10122909661567112	-0.0173	0.0686	0.1883
1741.0	-9.500985	0.024525	0.7426170000000001	0.16231562043547265	-0.3508111796508603	0.10122909661567112	-0.0175	0.0687	0.1884
1742.0000000000002	-9.532377	-0.045126	0.75537	0.16231562043547265	-0.3508111796508603	0.10122909661567112	-0.0175	0.0688	0.1884
1743.0	-9.532377	-0.045126	0.75537	0.16231562043547265	-0.3508111796508603	0.10122909661567112	-0.0175	0.0688	0.1884
1744.0000000000002	-9.445068000000001	-0.060822	0.7563510000000001	0.21642082724729686	-0.21642082724729686	0.05585053606381855	-0.0169	0.0688	0.1885
1745.0	-9.395037	-0.041202	0.868185	0.2129301687433082	-0.22514747350726852	0.048869219055841226	-0.0165	0.0688	0.1888
1746.0	-9.358740000000001	0.005886	1.2556800000000001	0.17278759594743864	-0.30194196059501904	0.015707963267948967	-0.0165	0.0689	0.1888
1747.0	-9.494118	0.10398600000000001	1.768743	0.13439035240356337	-0.4415683007545654	-0.10471975511965978	-0.0163	0.069	0.1888
1748.0	-9.620667000000001	0.349236	2.096397	0.0471238898038469	-0.5026548245743669	-0.24609142453120045	-0.0159	0.0692	0.189
1748.9999999999998	-9.811962	0.8083440000000001	2.431899	-0.13788101090755203	-0.21467549799530256	-0.4293509959906051	-0.0159	0.0691	0.1888
1750.0	-9.92772	1.175238	2.6055360000000003	-0.143116998663535	0.06632251157578452	-0.6021385919380436	-0.0156	0.0691	0.1887
1751.0000000000002	-9.981675000000001	1.330236	2.6231940000000002	-0.25132741228718347	0.19198621771937624	-0.6492624817418906	-0.0155	0.0691	0.1885
1752.0	-10.138635	1.2399840000000002	2.6045550000000004	-0.26354471705114374	0.2303834612632515	-0.6440264939859076	-0.015	0.0692	0.188
1753.0	-10.4967	1.0516320000000001	2.754648	-0.143116998663535	0.3595378259108319	-0.5427973973702365	-0.0149	0.0694	0.188
1754.0	-11.033307	0.762237	2.980278	-0.04014257279586958	0.41713369122664473	-0.36302848441482055	-0.0151	0.0693	0.1876
1755.0	-11.628774	0.41103900000000004	3.1637250000000003	0.026179938779914945	0.1710422666954443	-0.20943951023931956	-0.0152	0.0691	0.1871
1755.9999999999998	-12.182058000000001	0.10692900000000001	3.183345	0.059341194567807204	0.07679448708775051	-0.07330382858376185	-0.0148	0.0688	0.1869
1757.0	-12.464586	-0.13145400000000002	2.9969550000000003	0.10821041362364843	-0.10821041362364843	0.05061454830783556	-0.0147	0.0687	0.1865
1757.9999999999998	-12.691197	-0.35021700000000006	3.0057840000000002	0.10471975511965978	-0.1466076571675237	0.0715584993317675	-0.0149	0.0687	0.1862
1759.0	-12.798126	-0.713187	2.9940120000000006	0.14486232791552936	-0.08726646259971647	0.05585053606381855	-0.0147	0.0687	0.1862
1760.0000000000002	-12.862872	-1.007487	3.0744540000000002	0.16580627893946132	-0.05235987755982989	0.026179938779914945	-0.0148	0.0686	0.1863
1761.0	-12.865815000000001	-1.126188	3.3275520000000003	0.13788101090755203	-0.15533430342749532	-0.005235987755982988	-0.0147	0.0685	0.1864
1762.0	-12.683349	-1.033974	3.6071370000000003	0.0942477796076938	-0.1884955592153876	-0.013962634015954637	-0.0147	0.0685	0.1869
1763.0	-12.22326	-0.8662230000000001	3.6973890000000003	0.07679448708775051	-0.16929693744344995	0.005235987755982988	-0.0143	0.0684	0.1869
1764.0	-11.606211000000002	-0.563094	3.7268190000000003	0.054105206811824215	-0.19722220547535926	0.003490658503988659	-0.0146	0.0683	0.1871
1764.9999999999998	-10.891062000000002	-0.232497	3.6885600000000003	0.054105206811824215	-0.19722220547535926	0.003490658503988659	-0.0147	0.0682	0.1874
1766.0	-10.116071999999999	0.047088	3.508056	-0.015707963267948967	-0.3700098014227979	0.015707963267948967	-0.0148	0.0679	0.1876
1767.0000000000002	-9.395037	0.24525000000000002	3.3707160000000003	-0.05061454830783556	-0.47472955654245763	0.013962634015954637	-0.015	0.0678	0.188
1768.0	-8.820171	0.33059700000000003	3.17844	-0.0715584993317675	-0.5218534463463045	0.015707963267948967	-0.0149	0.0674	0.188
1769.0000000000002	-8.280621	0.37278	3.014613	-0.0890117918517108	-0.460766922526503	0.024434609527920613	-0.0147	0.0671	0.1882
1770.0	-7.852905000000001	0.471861	2.9263230000000005	-0.06806784082777885	-0.4310963252425994	0.0017453292519943296	-0.0145	0.067	0.1881
1771.0	-7.589997000000001	0.6837570000000001	2.750724	-0.07504915783575616	-0.45553093477052004	-0.03490658503988659	-0.0143	0.0664	0.1879
1772.0	-7.567434	0.94176	2.577087	-0.16057029118347832	-0.13264502315156904	0.015707963267948967	-0.0145	0.0661	0.1877
1773.0	-7.777368	1.198782	2.5005690000000005	-0.29670597283903605	0.08203047484373349	0.15358897417550102	-0.0145	0.0658	0.1878
1773.9999999999998	-7.890183	1.389096	2.3475330000000003	-0.33335788713091696	0.2530727415391778	0.2984513020910304	-0.0142	0.0658	0.1877
1775.0	-7.934328	1.5823530000000001	2.232756	-0.3839724354387525	-0.1291543646475804	0.3735004599267865	-0.014	0.0656	0.1876
1776.0000000000002	-8.021637	1.7471610000000002	2.133675	-0.4223696789826277	0.024434609527920613	0.3961897402027128	-0.014	0.0657	0.1874
1777.0	-8.150148	1.90314	2.061081	-0.4485496177625427	0.06981317007977318	0.38746309394274114	-0.0138	0.0654	0.187
1778.0	-8.218818	2.025765	2.013993	-0.5218534463463045	0.17453292519943295	0.3665191429188092	-0.0143	0.0654	0.1869
1779.0	-8.329671	2.143485	1.934532	-0.6038839211900381	0.24958208303518914	0.3420845333908886	-0.0144	0.0654	0.187
1780.0	-8.450334000000002	2.235699	1.8138690000000002	-0.7365289443416071	0.30019663134302466	0.33510321638291124	-0.0149	0.0653	0.1872
1780.9999999999998	-8.526852	2.27592	1.83447	-0.8342673824532895	0.3385938748868999	0.3368485456349056	-0.0153	0.0655	0.1874
1782.0	-8.452296	2.299464	1.821717	-0.9616764178488756	0.3961897402027128	0.3490658503988659	-0.0155	0.0652	0.1875
1782.9999999999998	-8.221761	2.346552	1.7304840000000001	-0.9616764178488756	0.3961897402027128	0.3490658503988659	-0.0158	0.0649	0.1873
1784.0	-8.150148	2.483892	1.707921	-1.2479104151759457	0.45553093477052004	0.3700098014227979	-0.0163	0.0649	0.1876
1785.0000000000002	-8.15211	2.6231940000000002	1.6264980000000002	-1.3945180723434694	0.4415683007545654	0.41015237421866746	-0.0169	0.065	0.1876
1786.0	-8.199198	2.7369900000000005	1.5715620000000001	-1.5271630954950384	0.4677482395344803	0.4642575810304917	-0.0169	0.0652	0.1877
1787.0	-8.276697	2.8301849999999997	1.496025	-1.6510814723866356	0.5096361415823443	0.5044001538263612	-0.0173	0.0654	0.1886
1788.0	-8.324766	2.8615770000000005	1.4352030000000002	-1.7715091907742444	0.57246799465414	0.5515240436302081	-0.0174	0.0654	0.1896
1789.0	-8.332614000000001	2.86452	1.409697	-1.87448361664191	0.6614797865058508	0.5881759579220891	-0.0178	0.0654	0.1907
1789.9999999999998	-8.329671	2.852748	1.410678	-1.9460421159736774	0.7400196028455958	0.6370451769779303	-0.018	0.0656	0.1924
1791.0	-8.319861	2.822337	1.3518180000000002	-2.0193459445574393	0.8412486994612669	0.6719517620178169	-0.0181	0.0655	0.1948
1792.0000000000002	-8.323785	2.7978120000000004	1.3223880000000001	-2.0821777976292353	0.9581857593448869	0.7138396640656808	-0.018	0.0655	0.198
1793.0	-8.32869	2.785059	1.2674520000000002	-2.101376419401173	1.0768681484805014	0.7347836150896128	-0.0179	0.066	0.2012
1794.0000000000002	-8.391474	2.750724	1.202706	-2.1676989309769574	1.1187560505283651	0.778416846389471	-0.0179	0.0661	0.205
1795.0	-8.478783	2.694807	1.126188	-2.2287854547967587	1.2304571226560024	0.8133234314293576	-0.0176	0.0661	0.2089
1796.0	-8.58375	2.6732250000000004	1.052613	-2.2567107228286685	1.265363707695889	0.8377580409572782	-0.018	0.0656	0.2137
1797.0	-8.675964	2.626137	0.9662850000000001	-2.309070600388498	1.2723450247038663	0.8290313946973066	-0.018	0.0654	0.2182
1798.0	-8.777988	2.5790490000000004	0.8318880000000001	-2.34223185617639	1.265363707695889	0.8098327729253689	-0.0179	0.0653	0.2228
1798.9999999999998	-8.911404000000001	2.527056	0.6759090000000001	-2.3474678439323733	1.2409290981679681	0.7853981633974483	-0.0174	0.0653	0.2275
1800.0	-9.076212	2.4554430000000003	0.5287590000000001	-2.3806290997202657	1.2304571226560024	0.7278022980816354	-0.0169	0.0651	0.2313
1801.0000000000002	-9.284184	2.349495	0.35316	-2.384119758224254	1.1903145498601329	0.6754424205218056	-0.0165	0.0651	0.2348
1802.0	-9.487251	2.225889	0.182466	-2.405063709248186	1.1274826967883367	0.6318091892219474	-0.0168	0.065	0.2371
1803.0	-9.707976	2.086587	0.054936000000000006	-2.361430477948328	1.069886831472524	0.5899212871740833	-0.0168	0.0646	0.2386
1804.0	-9.888480000000001	1.9051020000000003	-0.092214	-2.371902453460294	1.059414855960558	0.5375614096142535	-0.0165	0.064	0.2391
1805.0	-10.018953000000002	1.7589329999999999	-0.197181	-2.345722514680379	0.9651670763528641	0.4852015320544236	-0.0164	0.064	0.239
1805.9999999999998	-10.1043	1.6166880000000001	-0.298224	-2.319542575900464	0.8970992355250854	0.4328416544945937	-0.0162	0.064	0.2376
1807.0	-10.17297	1.516626	-0.351198	-2.2863813201125716	0.8342673824532895	0.38571776469074687	-0.016	0.0639	0.2352
1807.9999999999998	-10.236735000000001	1.4715	-0.36689400000000005	-2.260201381332657	0.7923794804054256	0.3560471674068432	-0.0155	0.0637	0.2323
1809.0	-10.270089	1.4381460000000001	-0.379647	-2.2148228207808045	0.6998770300497261	0.317649923862968	-0.0159	0.0636	0.2281
1810.0000000000002	-10.283823	1.407735	-0.424773	-2.178170906488923	0.6213372137099813	0.2879793265790644	-0.016	0.0636	0.2235
1811.0	-10.262241000000001	1.4008680000000002	-0.43948800000000005	-2.138028333693054	0.5393067388662478	0.2303834612632515	-0.0161	0.0641	0.2187
1812.0	-10.211229	1.4352030000000002	-0.43556400000000006	-2.0943951023931953	0.4590215932745087	0.19024088846738194	-0.0158	0.0642	0.2135
1813.0	-10.113128999999999	1.475424	-0.479709	-2.071705822117269	0.41015237421866746	0.15009831567151233	-0.0159	0.0642	0.2086
1814.0	-9.982656	1.55979	-0.512082	-2.0664698343612864	0.3892084231947355	0.12217304763960307	-0.0161	0.065	0.2036
1814.9999999999998	-9.853164	1.635327	-0.5375880000000001	-2.054252529597326	0.38048177693476387	0.08203047484373349	-0.0158	0.065	0.1991
1816.0	-9.766836000000001	1.7295030000000002	-0.565056	-2.0420352248333655	0.40491638646268446	0.04537856055185257	-0.0159	0.0651	0.1948
1817.0000000000002	-9.694242000000001	1.803078	-0.587619	-2.0455258833373544	0.39968039870670147	0.022689280275926284	-0.016	0.0654	0.1916
1818.0	-9.621648	1.852128	-0.5523030000000001	-2.0647245051092917	0.38222710618675815	0.013962634015954637	-0.016	0.0657	0.1885
1819.0000000000002	-9.585351000000001	1.892349	-0.5375880000000001	-2.097885760897184	0.312413936106985	-0.017453292519943295	-0.0157	0.0659	0.1862
1820.0	-9.543168	1.9570950000000003	-0.49050000000000005	-2.097885760897184	0.312413936106985	-0.017453292519943295	-0.0157	0.0663	0.1845
1821.0	-9.503928	2.027727	-0.45616500000000004	-2.097885760897184	0.312413936106985	-0.017453292519943295	-0.0157	0.0661	0.1829
1822.0	-9.477441	2.072853	-0.43164	-2.097885760897184	0.312413936106985	-0.017453292519943295	-0.0158	0.0665	0.1821
1823.0	-9.480384	2.1160170000000003	-0.37866600000000006	-2.097885760897184	0.312413936106985	-0.017453292519943295	-0.0157	0.0666	0.1818
1823.9999999999998	-9.502947	2.135637	-0.31293899999999997	-2.097885760897184	0.312413936106985	-0.017453292519943295	-0.0157	0.0664	0.1816
1825.0	-9.54513	2.1454470000000003	-0.265851	-2.097885760897184	0.312413936106985	-0.017453292519943295	-0.016	0.0666	0.1817
1826.0000000000002	-9.569655000000001	2.126808	-0.23642100000000002	-2.097885760897184	0.312413936106985	-0.017453292519943295	-0.0159	0.0668	0.182
1827.0	-9.806076000000001	2.048328	0.33059700000000003	-2.118829711921116	-0.04014257279586958	-0.4363323129985824	-0.0163	0.0669	0.1811
1828.0	-10.591857000000001	1.6382700000000001	0.8809380000000001	-2.0158552860534504	-0.23911010752322315	-0.2775073510670984	-0.0169	0.0665	0.1806
1829.0	-11.833803	0.828945	1.3783050000000001	-1.8989182261698305	-0.21467549799530256	0.059341194567807204	-0.0171	0.066	0.1802
1830.0	-12.707874000000002	-0.12753	1.6255169999999999	-1.5917402778188285	-0.24783675378319478	0.5480333851262195	-0.0178	0.0658	0.1797
1830.9999999999998	-12.916827	-0.7563510000000001	1.817793	-1.2409290981679681	-0.19373154697137057	0.5148721293383273	-0.0187	0.0652	0.1792
1832.0	-12.848157000000002	-0.992772	1.968867	-1.1309733552923256	0.1117010721276371	0.13788101090755203	-0.0192	0.0645	0.1787
1832.9999999999998	-12.778506	-1.228212	2.120922	-1.1309733552923256	0.1117010721276371	0.13788101090755203	-0.0197	0.0637	0.1782
1834.0	-12.709836000000001	-1.4646329999999999	2.272977	-1.1309733552923256	0.1117010721276371	0.13788101090755203	-0.0202	0.0629	0.1777
1835.0000000000002	-12.640185	-1.701054	2.4250320000000003	-1.1309733552923256	0.1117010721276371	0.13788101090755203	-0.0207	0.0622	0.1772
1836.0	-12.571515000000002	-1.936494	2.5761060000000002	-1.1309733552923256	0.1117010721276371	0.13788101090755203	-0.0212	0.0614	0.1767
1837.0	-12.52737	-1.636308	2.0777579999999998	-2.291617307868555	0.45029494701453704	-0.6143558967020041	-0.021	0.0608	0.1722
1838.0	-11.868138	-1.115397	1.563714	-2.5342180738957665	0.059341194567807204	-0.5235987755982988	-0.0208	0.0603	0.1708
1839.0	-10.617363000000001	-0.32667300000000005	1.103625	-2.6179938779914944	-0.2932153143350474	-0.3735004599267865	-0.021	0.0598	0.1676
1839.9999999999998	-9.641268	0.49246200000000007	0.854451	-2.584832622203602	-0.3752457891787809	-0.21467549799530256	-0.0204	0.0592	0.1626
1841.0	-9.252792000000001	0.891729	0.6386310000000001	-2.586577951455596	-0.3595378259108319	-0.10297442586766545	-0.0199	0.059	0.1587
1842.0000000000002	-9.088965	0.8328690000000001	0.41888700000000006	-2.541199390903744	-0.3595378259108319	-0.048869219055841226	-0.0198	0.0587	0.1519
1843.0	-8.993808	0.7730279999999999	0.20208600000000002	-2.5551620249196985	-0.15533430342749532	-0.03490658503988659	-0.0197	0.0588	0.1426
1844.0000000000002	-8.932986	0.753408	-0.024525	-2.4312436480281012	-0.06806784082777885	0.0	-0.0193	0.0584	0.1365
1845.0	-8.872164	0.7337880000000001	-0.25211700000000004	-2.4312436480281012	-0.06806784082777885	0.0	-0.019	0.058	0.1304
1846.0	-8.855487	0.664137	-0.48559500000000005	-2.321287905152458	-0.2617993877991494	0.003490658503988659	-0.0188	0.0581	0.1239
1847.0	-8.653401	0.07161300000000001	-0.567999	-2.2584560520806627	-0.21118483949131386	-0.005235987755982988	-0.0189	0.0577	0.1224
1848.0	-8.494479	-0.463032	-0.7239780000000001	-2.087413785385218	-0.30717794835100204	0.012217304763960306	-0.0185	0.0579	0.1177
1848.9999999999998	-8.452296	-0.929988	-0.788724	-2.022836603061428	-0.2129301687433082	0.022689280275926284	-0.0181	0.0578	0.1149
1850.0	-8.514099	-1.2645089999999999	-0.730845	-1.778490507782222	-0.09250245035569947	0.05585053606381855	-0.0178	0.058	0.1139
1851.0000000000002	-8.648496000000002	-1.5440940000000003	-0.663156	-1.6545721308906243	-0.054105206811824215	0.07504915783575616	-0.0175	0.058	0.1152
1852.0	-8.825076	-1.703016	-0.531702	-1.4852751934471744	-0.06632251157578452	0.09773843811168245	-0.0174	0.0579	0.1191
1853.0	-8.942796	-1.852128	-0.42084900000000003	-1.3962634015954636	-0.09075712110370514	0.09599310885968812	-0.0169	0.058	0.1263
1854.0	-9.020295	-1.996335	-0.27468000000000004	-1.254891732183923	-0.029670597283903602	0.0890117918517108	-0.0168	0.0584	0.1298
1855.0	-9.148806	-2.102283	-0.16284600000000002	-1.2322024519079966	0.0	0.0715584993317675	-0.0169	0.059	0.1347
1855.9999999999998	-9.257697	-2.108169	-0.0049050000000000005	-1.1938052083641215	0.006981317007977318	0.061086523819801536	-0.0166	0.0585	0.1414
1857.0	-9.332253000000001	-2.0640240000000003	0.075537	-1.1309733552923256	-0.020943951023931952	0.06806784082777885	-0.0163	0.0584	0.1481
1857.9999999999998	-9.448011	-1.935513	0.22464900000000002	-1.117010721276371	-0.015707963267948967	0.0715584993317675	-0.0164	0.0583	0.156
1859.0	-9.561807	-1.7147880000000002	0.33354000000000006	-1.1100294042683936	-0.03665191429188092	0.09599310885968812	-0.0167	0.0584	0.1619
1860.0000000000002	-9.66285	-1.507797	0.358065	-1.1100294042683936	-0.03665191429188092	0.09599310885968812	-0.017	0.0581	0.1677
1861.0	-9.769779	-1.263528	0.39534300000000006	-1.1100294042683936	-0.03665191429188092	0.09599310885968812	-0.0172	0.0578	0.1703
1862.0	-9.888480000000001	-1.0751760000000001	0.413001	-1.1100294042683936	-0.03665191429188092	0.09599310885968812	-0.017	0.058	0.1732
1863.0	-9.931644	-0.965304	0.501291	-1.048942880448592	-0.054105206811824215	0.13439035240356337	-0.017	0.0576	0.1762
1864.0	-9.955188	-0.906444	0.636669	-1.0227629416686772	-0.08552113334772216	0.1308996938995747	-0.017	0.0575	0.1797
1864.9999999999998	-9.932625	-0.910368	0.779895	-0.9930923443847735	-0.08377580409572781	0.1413716694115407	-0.0169	0.0568	0.182
1866.0	-9.880632000000002	-0.9574560000000001	0.8985960000000001	-0.9651670763528641	-0.06806784082777885	0.15009831567151233	-0.017	0.0566	0.1828
1867.0000000000002	-9.795285000000002	-1.009449	1.058499	-0.9459684545809267	-0.048869219055841226	0.16406094968746698	-0.0172	0.0567	0.183
1868.0	-9.686394000000002	-1.0810620000000002	1.2095730000000002	-0.9180431865490174	0.026179938779914945	0.18675022996339324	-0.0171	0.0562	0.1823
1869.0000000000002	-9.607914000000001	-1.135017	1.336122	-0.9162978572970231	0.08377580409572781	0.2129301687433082	-0.0167	0.0562	0.1835
1870.0	-9.521586000000001	-1.162485	1.5028920000000001	-0.921533845053006	0.08552113334772216	0.2303834612632515	-0.0164	0.056	0.1846
1871.0	-9.44703	-1.1654280000000001	1.6333650000000002	-0.9477137838329209	0.09075712110370514	0.27401669256310973	-0.0156	0.0558	0.1857
1872.0	-9.377379	-1.149732	1.7746290000000002	-0.9773843811168246	0.08203047484373349	0.312413936106985	-0.0151	0.0559	0.1865
1873.0	-9.386208	-1.052613	1.866843	-0.9896016858807849	0.09773843811168245	0.35255650890285456	-0.015	0.0558	0.1864
1873.9999999999998	-9.435258000000001	-0.967266	1.90314	-0.9930923443847735	0.10122909661567112	0.3944444109507185	-0.0149	0.0555	0.1861
1875.0	-9.485289	-0.891729	1.948266	-0.9826203688728075	0.059341194567807204	0.41713369122664473	-0.0138	0.0555	0.186
1876.0000000000002	-9.528453	-0.817173	2.014974	-0.9512044423369096	0.026179938779914945	0.4276056667386107	-0.0128	0.0561	0.1857
1877.0	-9.580446	-0.7396739999999999	2.070891	-0.9512044423369096	0.026179938779914945	0.4276056667386107	-0.0118	0.0566	0.1855
1878.0	-9.634401	-0.6288210000000001	2.1670290000000003	-0.8569566627292158	0.11868238913561441	0.41364303272265607	-0.0112	0.0569	0.1866
1879.0	-9.660888	-0.506196	2.2916160000000003	-0.7801621756414654	0.1291543646475804	0.39269908169872414	-0.011	0.057	0.1866
1880.0	-9.694242000000001	-0.409077	2.375001	-0.7801621756414654	0.1291543646475804	0.39269908169872414	-0.0107	0.0574	0.1867
1880.9999999999998	-9.845316	-0.34138799999999997	2.378925	-0.5777039824101231	0.32637657012293964	0.17976891295541594	-0.0105	0.058	0.1867
1882.0	-10.051326	-0.368856	2.401488	-0.5515240436302081	0.47298422729046335	-0.0017453292519943296	-0.01	0.0583	0.1861
1882.9999999999998	-10.22202	-0.426735	2.4083550000000002	-0.5864306286700948	0.5497787143782138	-0.17976891295541594	-0.0098	0.0588	0.1846
1884.0	-10.288728	-0.469899	2.386773	-0.7138396640656808	0.5567600313861911	-0.2879793265790644	-0.0093	0.0588	0.1826
1885.0000000000002	-10.178856000000001	-0.469899	2.411298	-0.7627088831215221	0.4852015320544236	-0.27052603405912107	-0.0101	0.0591	0.1818
1886.0	-9.954207	-0.459108	2.332818	-0.7592182246175333	0.4625122517784973	-0.17278759594743864	-0.0106	0.0589	0.1808
1887.0	-9.728577000000001	-0.448317	2.254338	-0.7592182246175333	0.4625122517784973	-0.17278759594743864	-0.0111	0.0588	0.1798
1888.0	-9.436239	-0.38651399999999997	2.0689290000000002	-0.8272860654453121	0.6038839211900381	-0.0645771823237902	-0.0117	0.059	0.1799
1889.0	-9.202761	-0.329616	1.7775720000000002	-1.0140362954087054	0.6998770300497261	-0.04014257279586958	-0.012	0.059	0.1782
1889.9999999999998	-9.051687	-0.149112	1.469538	-1.0821041362364843	0.7260569688296411	-0.022689280275926284	-0.0123	0.0589	0.1782
1891.0	-8.949663000000001	0.11673900000000001	1.2350790000000003	-1.3910274138394807	0.6475171524898963	-0.027925268031909273	-0.0129	0.0585	0.1774
1892.0000000000002	-8.925138	0.511101	0.8995770000000001	-1.5254177662430441	0.4485496177625427	0.03665191429188092	-0.0141	0.0584	0.1784
1893.0	-9.024219	0.9290070000000001	0.5817330000000001	-1.6249015336067207	0.38571776469074687	0.1413716694115407	-0.0145	0.0584	0.1799
1894.0000000000002	-9.307728000000001	1.3194450000000002	0.2943	-1.616174887346749	0.4188790204786391	0.24085543677521748	-0.0149	0.0587	0.1804
1895.0	-9.742311	1.621593	0.001962	-1.668534764906579	0.2617993877991494	0.36477381366681483	-0.0153	0.0588	0.1789
1896.0	-10.218096000000001	1.8334890000000001	-0.198162	-1.6877333866785167	0.03665191429188092	0.48171087355043496	-0.0156	0.0587	0.1773
1897.0	-10.621287	1.993392	-0.344331	-1.6458454846306527	0.008726646259971648	0.5969026041820608	-0.0157	0.0591	0.1784
1898.0	-11.065679999999999	2.027727	-0.42183	-1.6283921921107094	0.010471975511965976	0.6754424205218056	-0.0158	0.0592	0.1756
1898.9999999999998	-11.416878	1.965924	-0.36591300000000004	-1.5603243512829308	-0.020943951023931952	0.6911503837897546	-0.016	0.0592	0.1754
1900.0	-11.659184999999999	1.738332	-0.266832	-1.4765485471872026	-0.038397243543875255	0.6946410422937431	-0.016	0.0596	0.1759
1901.0000000000002	-11.6739	1.419507	-0.112815	-1.3788101090755203	-0.06981317007977318	0.6824237375297829	-0.0163	0.0596	0.1778
1902.0	-11.531655	1.071252	0.124587	-1.2828170002158321	-0.09250245035569947	0.6457718232379019	-0.016	0.0597	0.1773
1903.0	-11.268747000000001	0.7514460000000001	0.30411	-1.2252211349000195	-0.1291543646475804	0.5794493116621174	-0.0159	0.0596	0.1762
1904.0	-10.889100000000001	0.524835	0.41692500000000005	-1.1955505376161157	-0.16231562043547265	0.5323254218582705	-0.0162	0.0601	0.1772
1905.0	-10.501605000000001	0.45224100000000006	0.5405310000000001	-1.218239817892042	-0.16231562043547265	0.4625122517784973	-0.016	0.0602	0.1783
1905.9999999999998	-10.179837000000001	0.48951900000000004	0.6337260000000001	-1.2740903539558606	-0.1466076571675237	0.44331363000655966	-0.0162	0.0603	0.1803
1907.0	-9.953226	0.6190110000000001	0.6504030000000001	-1.3421581947836396	-0.0715584993317675	0.45029494701453704	-0.0164	0.0604	0.1792
1907.9999999999998	-9.794304	0.812268	0.6533460000000001	-1.436405974391333	-0.041887902047863905	0.48171087355043496	-0.0165	0.0604	0.1797
1909.0	-9.700128000000001	1.03986	0.5405310000000001	-1.541125729510993	0.029670597283903602	0.5375614096142535	-0.0164	0.0605	0.1803
1910.0000000000002	-9.628515	1.3243500000000001	0.47088	-1.6074482410867774	0.05235987755982989	0.5864306286700948	-0.0166	0.0603	0.1784
1911.0	-9.596142	1.604916	0.334521	-1.6720254234105676	0.061086523819801536	0.6283185307179586	-0.0166	0.0607	0.1758
1912.0	-9.536301	1.864881	0.209934	-1.710422666954443	0.09075712110370514	0.6527531402458793	-0.0167	0.061	0.1752
1913.0	-9.493137	2.0944350000000003	0.096138	-1.7592918860102842	0.15707963267948966	0.6684611035138281	-0.0171	0.0611	0.1749
1914.0	-9.451935	2.221965	0.027468000000000003	-1.811651763570114	0.2059488517353309	0.6789330790257941	-0.0168	0.0608	0.1746
1914.9999999999998	-9.44703	2.2661100000000003	-0.04022100000000001	-1.837831702350029	0.23387411976724015	0.6789330790257941	-0.0166	0.0611	0.1741
1916.0	-9.463707000000001	2.272977	-0.130473	-1.8360863730980348	0.21467549799530256	0.6510078109938848	-0.0164	0.0615	0.1738
1917.0000000000002	-9.439182	2.2445280000000003	-0.16677000000000003	-1.8308503853420517	0.19896753472735357	0.6370451769779303	-0.0168	0.0611	0.1737
1918.0	-9.357759	2.1464280000000002	-0.19423800000000002	-1.8203784098300857	0.2007128639793479	0.6038839211900381	-0.0169	0.0612	0.1737
1919.0000000000002	-9.253773	2.084625	-0.133416	-1.811651763570114	0.22165681500327983	0.5707226654021458	-0.0171	0.0612	0.1732
1920.0	-9.144882	1.9776960000000001	-0.198162	-1.7889624832941877	0.24783675378319478	0.5550147021341968	-0.017	0.0614	0.1729
1921.0	-9.073269000000002	1.901178	-0.203067	-1.7627825445142729	0.26878070480712674	0.5235987755982988	-0.0172	0.0618	0.1729
1922.0	-9.032067	1.830546	-0.19423800000000002	-1.7523105690023069	0.291469985083053	0.5061454830783556	-0.0174	0.0616	0.1728
1923.0	-8.989884	1.755009	-0.175599	-1.7383479349863522	0.312413936106985	0.4991641660703783	-0.0174	0.0616	0.1725
1923.9999999999998	-8.980074	1.7147880000000002	-0.169713	-1.7296212887263804	0.3595378259108319	0.4869468613064179	-0.0176	0.0617	0.1726
1925.0	-8.971245	1.6932060000000002	-0.155979	-1.70518667919846	0.40840704496667307	0.47472955654245763	-0.0182	0.0618	0.173
1926.0000000000002	-8.967321	1.652004	-0.138321	-1.6807520696705394	0.43458698374658805	0.4468042885105484	-0.0182	0.0619	0.1728
1927.0	-8.983998	1.591182	-0.182466	-1.6545721308906243	0.43982297150257105	0.4276056667386107	-0.0181	0.062	0.1728
1928.0	-9.027162	1.5843150000000001	-0.17265600000000003	-1.631882850614698	0.4590215932745087	0.3944444109507185	-0.018	0.0618	0.1727
1929.0	-9.060516	1.54017	-0.220725	-1.6057029118347832	0.46600291028248597	0.3612831551628262	-0.0177	0.0619	0.1727
1930.0	-9.115452000000001	1.55979	-0.19129500000000002	-1.5969762655748114	0.46949356878647464	0.32288591161895097	-0.0179	0.0618	0.173
1930.9999999999998	-9.125262000000001	1.5440940000000003	-0.167751	-1.5952309363228172	0.4834562028024293	0.28623399732707	-0.0178	0.0616	0.1729
1932.0	-9.155673	1.5666570000000002	-0.159903	-1.5917402778188285	0.4886921905584123	0.24958208303518914	-0.0173	0.0619	0.1724
1932.9999999999998	-9.165483	1.574505	-0.133416	-1.5812683023068625	0.5061454830783556	0.23561944901923448	-0.017	0.0621	0.1722
1934.0	-9.158616	1.6058970000000001	-0.094176	-1.562069680534925	0.5358160803622591	0.22514747350726852	-0.017	0.0622	0.1719
1935.0000000000002	-9.131148	1.6255169999999999	-0.070632	-1.5533430342749532	0.5567600313861911	0.2181661564992912	-0.0166	0.0622	0.1716
1936.0	-9.087003000000001	1.6461180000000002	-0.041202	-1.5323990832510213	0.5689773361501514	0.2181661564992912	-0.0166	0.062	0.1714
1937.0	-9.044820000000001	1.6765290000000002	-0.006867000000000001	-1.4957471689591404	0.5637413483941683	0.20420352248333654	-0.0167	0.0621	0.171
1938.0	-9.012447	1.6961490000000001	-0.022563	-1.4590952546672593	0.5637413483941683	0.18500490071139894	-0.017	0.0625	0.1711
1939.0	-8.989884	1.7245980000000003	-0.000981	-1.4259339988793673	0.5445427266222308	0.15707963267948966	-0.017	0.0628	0.1712
1939.9999999999998	-8.968302000000001	1.70694	-0.04022100000000001	-1.4067353771074296	0.5201081170943103	0.11868238913561441	-0.0167	0.0629	0.1709
1941.0	-8.981055	1.71675	-0.051993000000000004	-1.3700834628155487	0.4939281783143953	0.09599310885968812	-0.0165	0.0632	0.1709
1942.0000000000002	-8.998713	1.6618140000000001	-0.113796	-1.3421581947836396	0.4834562028024293	0.04014257279586958	-0.0165	0.0632	0.1708
1943.0	-9.070326	1.6637760000000001	-0.11968200000000001	-1.3107422682477414	0.47647488579445196	-0.020943951023931952	-0.0163	0.0636	0.1709
1944.0000000000002	-9.178236	1.668681	-0.15499800000000002	-1.293288975727798	0.47298422729046335	-0.07679448708775051	-0.0163	0.0636	0.1709
1945.0	-9.293994000000001	1.6529850000000001	-0.23936400000000002	-1.2740903539558606	0.4520402762665313	-0.11344640137963143	-0.0161	0.0634	0.1709
1946.0	-9.435258000000001	1.6804530000000002	-0.32569200000000004	-1.2479104151759457	0.40491638646268446	-0.14486232791552936	-0.0161	0.0637	0.1707
1947.0	-9.565731	1.7177310000000001	-0.34138799999999997	-1.2199851471440364	0.39968039870670147	-0.17627825445142728	-0.0159	0.0639	0.1707
1948.0	-9.683451	1.737351	-0.422811	-1.1798425743481666	0.3543018381548489	-0.17976891295541594	-0.0158	0.0639	0.1704
1948.9999999999998	-9.795285000000002	1.790325	-0.46891800000000006	-1.1466813185602747	0.3560471674068432	-0.1884955592153876	-0.016	0.0637	0.1702
1950.0	-9.885537000000001	1.829565	-0.498348	-1.1292280260403313	0.33510321638291124	-0.1954768762233649	-0.0162	0.0639	0.1701
1951.0000000000002	-9.952245	1.8658620000000001	-0.542493	-1.090830782496456	0.3141592653589793	-0.19198621771937624	-0.0162	0.0635	0.1701
1952.0	-10.018953000000002	1.9080450000000002	-0.590562	-1.0524335389525807	0.317649923862968	-0.19896753472735357	-0.0163	0.0633	0.1699
1953.0	-10.047402	1.897254	-0.6582510000000001	-1.0053096491487339	0.32114058236695664	-0.21118483949131386	-0.0164	0.0633	0.1698
1954.0	-10.036610999999999	1.855071	-0.7180920000000001	-0.9529497715889039	0.32114058236695664	-0.21642082724729686	-0.0164	0.0632	0.1695
1955.0	-10.029744	1.83447	-0.7524270000000001	-0.9529497715889039	0.32114058236695664	-0.21642082724729686	-0.0166	0.0632	0.1693
1955.9999999999998	-9.967941	1.790325	-0.722016	-0.8796459430051421	0.317649923862968	-0.24609142453120045	-0.0166	0.0628	0.169
1957.0	-9.89829	1.7432370000000001	-0.7563510000000001	-0.8429940287132611	0.2844886680750757	-0.2565634000431664	-0.0165	0.0627	0.1692
1957.9999999999998	-9.812943	1.722636	-0.711225	-0.783652834145454	0.23561944901923448	-0.2583087292951608	-0.0163	0.0624	0.1688
1959.0	-9.726615	1.650042	-0.698472	-0.7749261878854823	0.16929693744344995	-0.24783675378319478	-0.016	0.0627	0.1687
1960.0000000000002	-9.626553	1.5303600000000002	-0.635688	-0.7086036763096978	0.1466076571675237	-0.21991148575128552	-0.016	0.0627	0.1689
1961.0	-9.557883	1.407735	-0.5287590000000001	-0.6579891280018623	0.16231562043547265	-0.18500490071139894	-0.0159	0.0628	0.1689
1962.0	-9.563769	1.2919770000000002	-0.23053500000000002	-0.6108652381980153	0.08552113334772216	-0.13962634015954636	-0.0161	0.0631	0.1692
1963.0	-9.74133	1.106568	0.13439700000000002	-0.6021385919380436	0.08377580409572781	0.031415926535897934	-0.0162	0.0628	0.1689
1964.0	-10.145502	0.736731	0.458127	-0.4415683007545654	0.15707963267948966	0.2827433388230814	-0.0162	0.0632	0.1691
1964.9999999999998	-10.566351	0.232497	0.80442	-0.30717794835100204	0.15009831567151233	0.5672320068981571	-0.016	0.0633	0.1692
1966.0	-10.766475	-0.208953	1.103625	-0.2007128639793479	0.13264502315156904	0.7155849933176751	-0.0159	0.0636	0.1695
1967.0000000000002	-10.792962000000001	-0.374742	1.4626710000000003	-0.14835298641951802	-0.0890117918517108	0.6876597252857658	-0.0158	0.0635	0.1693
1968.0	-10.788057	-0.413982	1.902159	-0.15009831567151233	-0.11868238913561441	0.5253441048502933	-0.016	0.0639	0.1696
1969.0000000000002	-10.78119	-0.385533	2.2788630000000003	-0.17453292519943295	-0.05061454830783556	0.33161255787892263	-0.0163	0.0638	0.1692
1970.0	-10.812582	-0.21582	2.6693010000000004	-0.27401669256310973	-0.015707963267948967	0.12391837689159739	-0.016	0.0637	0.1688
1971.0	-10.902834	-0.018639	2.9273040000000004	-0.4363323129985824	-0.0942477796076938	-0.054105206811824215	-0.016	0.0634	0.1687
1972.0	-10.949922	0.154017	3.0263850000000003	-0.5742133239061344	-0.08726646259971647	-0.16406094968746698	-0.0159	0.0631	0.168
1973.0	-10.816506	0.35904600000000003	2.9596770000000006	-0.6876597252857658	-0.1780235837034216	-0.18675022996339324	-0.0159	0.0631	0.1679
1973.9999999999998	-10.385847	0.705339	2.9753730000000003	-0.7592182246175333	-0.33510321638291124	-0.13962634015954636	-0.0162	0.063	0.1675
1975.0	-9.863955	1.123245	2.8959120000000005	-0.8203047484373349	-0.4066617157146788	-0.06283185307179587	-0.0164	0.0632	0.1675
1976.0000000000002	-9.519624	1.456785	2.7978120000000004	-0.8080874436733745	-0.4468042885105484	0.038397243543875255	-0.0166	0.0629	0.1674
1977.0	-9.257697	1.4361840000000001	2.5741440000000004	-0.7435102613495844	-0.4485496177625427	0.1291543646475804	-0.0168	0.0631	0.1674
1978.0	-9.043839	1.2517559999999999	2.253357	-0.7749261878854823	-0.2234021442552742	0.1832595714594046	-0.0169	0.063	0.1674
1979.0	-9.107604	1.025145	2.073834	-0.8098327729253689	0.16929693744344995	0.19024088846738194	-0.0169	0.0628	0.1676
1980.0	-9.349911	0.7004340000000001	1.836432	-0.6649704450098396	0.39793506945470714	0.10995574287564276	-0.017	0.0626	0.1678
1980.9999999999998	-9.527472	0.35414100000000004	1.69713	-0.5480333851262195	0.13264502315156904	-0.026179938779914945	-0.0169	0.0631	0.1677
1982.0	-9.518643	0.009810000000000001	1.550961	-0.38571776469074687	-0.10821041362364843	-0.11868238913561441	-0.0168	0.0628	0.1681
1982.9999999999998	-9.464688	-0.295281	1.469538	-0.3769911184307752	-0.34033920413889424	-0.15009831567151233	-0.0168	0.0628	0.1685
1984.0	-9.475479	-0.523854	1.354761	-0.2844886680750757	-0.2426007660272118	-0.2129301687433082	-0.0166	0.0625	0.169
1985.0000000000002	-9.510795	-0.659232	1.269414	-0.17278759594743864	-0.07679448708775051	-0.24783675378319478	-0.0165	0.0622	0.1691
1986.0	-9.633420000000001	-0.712206	1.1477700000000002	-0.16057029118347832	0.026179938779914945	-0.26529004630313807	-0.0167	0.0621	0.1691
1987.0	-9.856107	-0.635688	1.099701	-0.15707963267948966	0.15358897417550102	-0.25481807079117214	-0.0166	0.0619	0.1688
1988.0	-10.119996	-0.45027900000000004	1.03005	-0.20943951023931956	0.1884955592153876	-0.24085543677521748	-0.0164	0.0616	0.1688
1989.0	-10.113128999999999	-0.203067	0.8220780000000001	-0.26354471705114374	0.17453292519943295	-0.21467549799530256	-0.0164	0.0617	0.1686
1989.9999999999998	-9.911043	0.06572700000000001	0.632745	-0.26354471705114374	0.17453292519943295	-0.21467549799530256	-0.0165	0.0619	0.1684
1991.0	-9.700128000000001	0.33844500000000005	0.459108	-0.38048177693476387	0.11519173063162574	-0.15009831567151233	-0.0167	0.0618	0.1681
1992.0000000000002	-9.620667000000001	0.574866	0.290376	-0.3944444109507185	0.1291543646475804	-0.1291543646475804	-0.017	0.0617	0.1683
1993.0	-9.601047000000001	0.7485030000000001	0.164808	-0.38222710618675815	0.010471975511965976	-0.11344640137963143	-0.0174	0.0616	0.1678
1994.0000000000002	-9.58437	0.818154	0.076518	-0.28099800957108706	-0.06283185307179587	-0.09599310885968812	-0.0176	0.0615	0.1676
1995.0	-9.614781	0.807363	0.031392	-0.24783675378319478	-0.10471975511965978	-0.0942477796076938	-0.0179	0.0616	0.1674
1996.0	-9.646173	0.7004340000000001	0.016677	-0.18151424220741028	-0.15707963267948966	-0.0942477796076938	-0.0179	0.0615	0.1673
1997.0	-9.688356	0.535626	0.028449	-0.029670597283903602	-0.16755160819145562	-0.09599310885968812	-0.0184	0.0612	0.168
1998.0	-9.686394000000002	0.290376	0.04905	0.006981317007977318	-0.16580627893946132	-0.11693705988362008	-0.0187	0.0613	0.1681
1998.9999999999998	-9.667755000000001	0.001962	0.092214	0.10297442586766545	-0.17627825445142728	-0.09773843811168245	-0.019	0.0615	0.1683
2000.0	-9.644211	-0.26487	0.12262500000000001	0.17627825445142728	-0.18151424220741028	-0.0942477796076938	-0.0193	0.0613	0.1689
2001.0000000000002	-9.611838	-0.5395500000000001	0.11673900000000001	0.17627825445142728	-0.18151424220741028	-0.0942477796076938	-0.0196	0.0613	0.1697
2002.0	-9.593199	-0.75537	0.10987200000000001	0.17627825445142728	-0.18151424220741028	-0.0942477796076938	-0.0198	0.0614	0.1699
2003.0	-9.556902000000001	-0.8338500000000001	0.04905	0.2792526803190927	-0.12740903539558607	-0.09948376736367678	-0.0197	0.0614	0.1702
2004.0	-9.534339000000001	-0.821097	-0.053955	0.2879793265790644	-0.08377580409572781	-0.10471975511965978	-0.02	0.0613	0.1706
2005.0	-9.533358	-0.760275	-0.15499800000000002	0.2984513020910304	-0.06632251157578452	-0.10995574287564276	-0.0202	0.0613	0.171
2005.9999999999998	-9.532377	-0.663156	-0.21582	0.2775073510670984	-0.024434609527920613	-0.09599310885968812	-0.0205	0.0618	0.1721
2007.0	-9.532377	-0.5640750000000001	-0.314901	0.2583087292951608	0.0	-0.08028514559173916	-0.0204	0.0619	0.1731
2007.9999999999998	-9.494118	-0.45224100000000006	-0.351198	0.19198621771937624	-0.003490658503988659	-0.0645771823237902	-0.0206	0.0623	0.1746
2009.0	-9.424467	-0.358065	-0.37376100000000007	0.18500490071139894	0.005235987755982988	-0.038397243543875255	-0.0206	0.0623	0.177
2010.0000000000002	-9.359721	-0.30901500000000004	-0.44145	0.21642082724729686	0.05759586531581287	0.012217304763960306	-0.0203	0.0623	0.1792
2011.0	-9.300861000000001	-0.254079	-0.41888700000000006	0.2181661564992912	0.10821041362364843	0.05585053606381855	-0.0203	0.0626	0.1815
2012.0	-9.247887	-0.21680100000000002	-0.396324	0.24783675378319478	0.12391837689159739	0.0890117918517108	-0.0203	0.0626	0.1848
2013.0	-9.234153000000001	-0.23445900000000003	-0.351198	0.23561944901923448	0.12391837689159739	0.15009831567151233	-0.0203	0.0628	0.1889
2014.0	-9.274374	-0.26290800000000003	-0.062784	0.1884955592153876	0.06632251157578452	0.17976891295541594	-0.0203	0.063	0.1932
2014.9999999999998	-9.500004	-0.20012400000000002	0.750465	0.04014257279586958	-0.07504915783575616	0.11519173063162574	-0.02	0.0632	0.198
2016.0	-9.760950000000001	0.092214	1.2517559999999999	-0.10821041362364843	-0.4014257279586958	0.0471238898038469	-0.0193	0.0631	0.2027
2017.0000000000002	-9.903195000000002	0.5591700000000001	1.486215	-0.4677482395344803	-0.20943951023931956	0.024434609527920613	-0.019	0.0632	0.2077
2018.0	-10.085661	1.013373	1.6726050000000001	-0.4677482395344803	-0.20943951023931956	0.024434609527920613	-0.0187	0.0629	0.2123
2019.0000000000002	-10.31031	1.4715	1.864881	-0.4677482395344803	-0.20943951023931956	0.024434609527920613	-0.0184	0.0629	0.2162
2020.0	-10.533978000000001	1.9561140000000001	2.114055	-0.4677482395344803	-0.20943951023931956	0.024434609527920613	-0.0185	0.063	0.2199
2021.0	-10.75176	2.433861	2.2749390000000003	-0.4677482395344803	-0.20943951023931956	0.024434609527920613	-0.0183	0.0628	0.2235
2022.0	-10.964637	2.928285	2.434842	-0.4677482395344803	-0.20943951023931956	0.024434609527920613	-0.018	0.0629	0.2262
2023.0	-11.156913000000001	3.4217280000000003	2.595726	-0.4677482395344803	-0.20943951023931956	0.024434609527920613	-0.0179	0.0629	0.2283
2023.9999999999998	-11.293272	3.9141900000000005	2.5349040000000005	-0.4677482395344803	-0.20943951023931956	0.024434609527920613	-0.0175	0.0628	0.2301
2025.0	-11.224602	4.314438000000001	1.9453230000000001	-0.4677482395344803	-0.20943951023931956	0.024434609527920613	-0.0174	0.0627	0.2314
2026.0000000000002	-11.411973	3.994632	1.7569710000000003	-0.11693705988362008	0.10995574287564276	-0.32986722862692824	-0.0175	0.0627	0.2288
2027.0	-11.691558	3.556125	1.8138690000000002	-0.06283185307179587	0.04363323129985824	-0.23561944901923448	-0.0176	0.0627	0.2243
2028.0	-11.875005	3.121542	1.8727289999999999	0.006981317007977318	-0.03316125578789226	-0.12042771838760874	-0.0175	0.0626	0.2198
2029.0	-11.962314000000001	2.7026550000000005	1.879596	-0.026179938779914945	-0.13264502315156904	-0.05585053606381855	-0.0176	0.063	0.2148
2030.0	-11.959371	2.346552	1.961019	-0.12391837689159739	-0.23387411976724015	0.0017453292519943296	-0.0178	0.0633	0.2095
2030.9999999999998	-11.881872000000001	2.0287080000000004	1.9747530000000002	-0.15009831567151233	-0.32986722862692824	0.05759586531581287	-0.0176	0.0636	0.204
2032.0	-11.684691	1.738332	2.025765	-0.2059488517353309	-0.41364303272265607	0.10297442586766545	-0.0173	0.0634	0.1978
2032.9999999999998	-11.460042	1.4401080000000002	2.0041830000000003	-0.28623399732707	-0.3735004599267865	0.1291543646475804	-0.0176	0.064	0.1913
2034.0	-11.168685000000002	1.125207	2.0287080000000004	-0.4223696789826277	-0.2984513020910304	0.13439035240356337	-0.0175	0.0642	0.1852
2035.0000000000002	-10.919511	0.8338500000000001	2.027727	-0.45029494701453704	-0.3420845333908886	0.17627825445142728	-0.0173	0.0651	0.1787
2036.0	-10.341702000000002	1.027107	1.901178	-0.4625122517784973	-0.20943951023931956	0.2792526803190927	-0.0174	0.0656	0.1756
2037.0	-9.645192	1.1330550000000001	1.851147	-0.4677482395344803	-0.3159045946109737	0.3543018381548489	-0.0173	0.0663	0.1735
2038.0	-8.989884	1.217421	1.815831	-0.4520402762665313	-0.22863813201125716	0.3543018381548489	-0.0175	0.0669	0.1716
2039.0	-8.589636	1.29492	1.75599	-0.38222710618675815	-0.1884955592153876	0.36477381366681483	-0.0177	0.0672	0.1702
2039.9999999999998	-8.281602	1.303749	1.6726050000000001	-0.38222710618675815	0.07679448708775051	0.41538836197465046	-0.0176	0.0676	0.169
2041.0	-8.037333	1.26549	1.65789	-0.32637657012293964	-0.04537856055185257	0.4625122517784973	-0.0176	0.0678	0.1681
2042.0000000000002	-7.943157	1.179162	1.6255169999999999	-0.2792526803190927	0.031415926535897934	0.49741883681838395	-0.0181	0.0685	0.1676
2043.0	-7.8803730000000005	1.10853	1.606878	-0.2181661564992912	0.015707963267948967	0.4991641660703783	-0.0178	0.0684	0.1674
2044.0000000000002	-7.862715000000001	1.0143540000000002	1.538208	-0.17976891295541594	0.013962634015954637	0.46949356878647464	-0.0181	0.0684	0.1669
2045.0	-7.762653	0.916254	1.5480180000000001	-0.13264502315156904	-0.008726646259971648	0.4293509959906051	-0.0181	0.0679	0.1667
2046.0	-7.677306	0.8622990000000001	1.5794100000000002	-0.12391837689159739	-0.005235987755982988	0.41015237421866746	-0.0181	0.0682	0.1663
2047.0	-7.744995	0.8338500000000001	1.50093	-0.061086523819801536	0.029670597283903602	0.3700098014227979	-0.0187	0.0676	0.1661
2048.0	-7.872525	0.861318	1.4675760000000002	-0.048869219055841226	0.143116998663535	0.3246312408709453	-0.0192	0.0673	0.1661
2049.0	-7.916670000000001	0.9005580000000001	1.4352030000000002	-0.03316125578789226	0.24958208303518914	0.2722713633111154	-0.019	0.0672	0.1658
2050.0	-8.022618	0.9378360000000001	1.4008680000000002	-0.048869219055841226	0.36477381366681483	0.23561944901923448	-0.0193	0.0662	0.1654
2051.0	-8.139357	0.9849240000000001	1.3655519999999999	-0.048869219055841226	0.36477381366681483	0.23561944901923448	-0.02	0.0653	0.165
2052.0	-8.225685	1.0516320000000001	1.310616	-0.048869219055841226	0.36477381366681483	0.23561944901923448	-0.0202	0.0646	0.1649
2053.0	-8.308089	1.112454	1.313559	-0.048869219055841226	0.36477381366681483	0.23561944901923448	-0.0207	0.0639	0.1647
2054.0	-8.412075000000002	1.211535	1.320426	-0.048869219055841226	0.36477381366681483	0.23561944901923448	-0.021	0.0633	0.1646
2055.0	-8.47584	1.3066920000000002	1.200744	-0.0942477796076938	0.5951572749300664	0.2181661564992912	-0.0214	0.063	0.1596
2056.0	-8.56413	1.390077	1.08891	-0.1291543646475804	0.7487462491055673	0.21118483949131386	-0.0215	0.0625	0.1565
2057.0	-8.621028	1.4636520000000002	1.053594	-0.1780235837034216	0.8848819307611251	0.2129301687433082	-0.0211	0.0625	0.1533
2058.0	-8.687736000000001	1.5176070000000002	0.965304	-0.18675022996339324	1.0053096491487339	0.20943951023931956	-0.0207	0.0622	0.1485
2059.0	-8.686755	1.521531	0.918216	-0.24783675378319478	1.048942880448592	0.1832595714594046	-0.0208	0.0616	0.1416
2060.0	-8.601408000000001	1.523493	0.7906860000000001	-0.26878070480712674	1.0611601852125523	0.13962634015954636	-0.0207	0.062	0.1353
2061.0	-8.498403	1.5372270000000001	0.6386310000000001	-0.3490658503988659	1.0681415022205298	0.054105206811824215	-0.0204	0.0623	0.1278
2062.0	-8.386569	1.531341	0.479709	-0.3159045946109737	1.1205013797803596	0.006981317007977318	-0.0203	0.0625	0.1211
2063.0	-8.273754	1.525455	0.32176800000000005	-0.3159045946109737	1.1205013797803596	0.006981317007977318	-0.0202	0.0627	0.1145
2064.0	-8.255115	1.505835	0.141264	-0.41364303272265607	1.2269664641520137	-0.06806784082777885	-0.0199	0.0631	0.1092
2065.0	-8.334576	1.473462	-0.010791000000000002	-0.3717551306747922	1.2269664641520137	-0.08377580409572781	-0.0196	0.063	0.1085
2066.0	-8.448372	1.394001	-0.19129500000000002	-0.4834562028024293	1.265363707695889	-0.13788101090755203	-0.0194	0.0632	0.105
2067.0	-8.594541	1.3321980000000002	-0.38259000000000004	-0.3944444109507185	1.260127719939906	-0.16406094968746698	-0.0191	0.0632	0.1028
2068.0	-8.74071	1.2497940000000003	-0.580752	-0.3839724354387525	1.1519173063162575	-0.18500490071139894	-0.0192	0.0633	0.1033
2069.0	-8.859411	1.1634660000000001	-0.771066	-0.3612831551628262	1.1222467090323538	-0.20245819323134223	-0.0191	0.0636	0.1065
2070.0	-8.999694	1.08891	-0.908406	-0.3508111796508603	1.0367255756846316	-0.22165681500327983	-0.0186	0.0635	0.1093
2071.0	-9.156654000000001	0.9613800000000001	-1.031031	-0.2897246558310587	0.9878563566287906	-0.23561944901923448	-0.0183	0.0635	0.1131
2072.0	-9.373455	0.8564130000000001	-1.1781810000000001	-0.23212879051524585	0.921533845053006	-0.24434609527920614	-0.0179	0.0634	0.1186
2073.0	-9.60399	0.74556	-1.269414	-0.2007128639793479	0.8482300164692442	-0.26529004630313807	-0.0178	0.0635	0.1215
2074.0	-9.80019	0.689643	-1.372419	-0.18500490071139894	0.7155849933176751	-0.27052603405912107	-0.0177	0.0633	0.1281
2075.0	-10.014047999999999	0.656289	-1.4479560000000002	-0.1954768762233649	0.5881759579220891	-0.2932153143350474	-0.0178	0.0635	0.1344
2076.0	-10.212209999999999	0.71613	-1.446975	-0.2234021442552742	0.4415683007545654	-0.32114058236695664	-0.0183	0.0631	0.1423
2077.0	-10.396638000000001	0.8054010000000001	-1.441089	-0.2844886680750757	0.30543261909900765	-0.3420845333908886	-0.0185	0.0629	0.1485
2078.0	-10.550654999999999	0.915273	-1.445994	-0.3700098014227979	0.13439035240356337	-0.3560471674068432	-0.0184	0.0625	0.1532
2079.0	-10.696824000000001	1.070271	-1.4234310000000001	-0.4468042885105484	0.019198621771937627	-0.3595378259108319	-0.0185	0.062	0.1575
2080.0	-10.817487	1.2125160000000001	-1.4302980000000003	-0.5044001538263612	-0.08726646259971647	-0.3560471674068432	-0.0185	0.0619	0.1619
2081.0	-10.916568	1.404792	-1.388115	-0.5515240436302081	-0.19198621771937624	-0.35255650890285456	-0.0183	0.0613	0.1665
2082.0	-10.939131	1.55979	-1.3165020000000003	-0.5846852994181004	-0.27576202181510406	-0.35255650890285456	-0.0184	0.0617	0.1687
2083.0	-10.939131	1.7108640000000002	-1.328274	-0.6265732014659643	-0.32986722862692824	-0.3368485456349056	-0.0181	0.0615	0.1734
2084.0	-10.856727000000001	1.7962110000000002	-1.323369	-0.6667157742618339	-0.36826447217080355	-0.32637657012293964	-0.0178	0.0613	0.173
2085.0	-10.734102000000002	1.8786150000000001	-1.2841289999999999	-0.6946410422937431	-0.4293509959906051	-0.317649923862968	-0.0173	0.061	0.1731
2086.0	-10.58499	1.8933300000000002	-1.3027680000000001	-0.6946410422937431	-0.4293509959906051	-0.317649923862968	-0.0166	0.0612	0.1726
2087.0	-10.433916000000002	1.8786150000000001	-1.313559	-0.6946410422937431	-0.4293509959906051	-0.317649923862968	-0.016	0.0612	0.1725
2088.0	-10.296576000000002	1.8432990000000002	-1.312578	-0.6946410422937431	-0.4293509959906051	-0.317649923862968	-0.0155	0.0615	0.1727
2089.0	-10.152369	1.8138690000000002	-1.3066920000000002	-0.8482300164692442	-0.38746309394274114	-0.2827433388230814	-0.0151	0.0617	0.1728
2090.0	-10.029744	1.783458	-1.333179	-0.895353906273091	-0.38571776469074687	-0.2879793265790644	-0.0146	0.062	0.1729
2091.0	-9.929682	1.7451990000000002	-1.3989060000000002	-0.895353906273091	-0.38571776469074687	-0.2879793265790644	-0.0143	0.0625	0.173
2092.0	-9.854145	1.741275	-1.46169	-0.895353906273091	-0.38571776469074687	-0.2879793265790644	-0.0137	0.0625	0.1729
2093.0	-9.772722	1.7628570000000001	-1.5489990000000002	-1.0506882097005865	-0.26703537555513246	-0.3089232776029963	-0.0135	0.0626	0.1728
2094.0	-9.717786	1.803078	-1.603935	-1.1309733552923256	-0.21991148575128552	-0.32986722862692824	-0.013	0.0631	0.1733
2095.0	-9.742311	1.869786	-1.5146640000000002	-1.1431906600562858	-0.24958208303518914	-0.3665191429188092	-0.0127	0.063	0.1731
2096.0	-9.830601	1.8570330000000002	-1.395963	-1.0890854532444616	-0.2775073510670984	-0.32114058236695664	-0.0127	0.0632	0.174
2097.0	-10.156293000000002	1.9100070000000002	-0.8142300000000001	-0.9826203688728075	-0.17627825445142728	-0.21118483949131386	-0.0121	0.063	0.1754
2098.0	-10.714482	1.621593	-0.10006200000000001	-0.7819075048934596	-0.19373154697137057	-0.0471238898038469	-0.0117	0.0631	0.1748
2099.0	-11.282480999999999	0.807363	0.277623	-0.2897246558310587	-0.23911010752322315	0.15707963267948966	-0.0117	0.0634	0.1735
2100.0	-11.583648000000002	-0.030411	0.5189490000000001	-0.143116998663535	-0.1710422666954443	0.33161255787892263	-0.0117	0.0636	0.1737
2101.0	-11.510073	-0.702396	0.575847	-0.23387411976724015	-0.13439035240356337	0.43458698374658805	-0.0118	0.0636	0.1734
2102.0	-11.491434	-1.08891	0.825021	-0.3193952531149623	0.25132741228718347	0.45029494701453704	-0.0119	0.0635	0.1739
2103.0	-11.489472000000001	-1.49112	1.124226	-0.3193952531149623	0.25132741228718347	0.45029494701453704	-0.0117	0.0635	0.1743
2104.0	-11.483586	-1.887444	1.408716	-0.3193952531149623	0.25132741228718347	0.45029494701453704	-0.0118	0.0633	0.1743
2105.0	-11.910321	-1.9404180000000002	1.928646	-0.598647933434055	-0.017453292519943295	0.6597344572538565	-0.0123	0.0634	0.172
2106.0	-12.064338000000001	-1.9247220000000003	2.398545	-0.5567600313861911	-0.4014257279586958	0.7976154681614086	-0.0124	0.0634	0.1727
2107.0	-11.775924	-1.9433610000000001	2.366172	-0.5044001538263612	-0.4642575810304917	0.8342673824532895	-0.013	0.064	0.1713
2108.0	-11.172609000000001	-1.6294410000000001	2.200383	-0.47647488579445196	-0.3961897402027128	0.8080874436733745	-0.014	0.0642	0.1707
2109.0	-10.500624	-0.8416980000000001	2.319084	-0.4677482395344803	-0.4537856055185257	0.7417649320975901	-0.0145	0.064	0.1723
2110.0	-9.980694000000002	-0.13734000000000002	2.592783	-0.3665191429188092	-0.4991641660703783	0.7016223593017206	-0.0149	0.0637	0.1711
2111.0	-9.845316	0.221706	2.942019	-0.32812189937493397	-0.4485496177625427	0.5672320068981571	-0.0157	0.0639	0.1726
2112.0	-9.78057	0.10006200000000001	2.9351520000000004	-0.2775073510670984	-0.20943951023931956	0.33510321638291124	-0.0165	0.0641	0.172
2113.0	-10.170027	-0.002943	3.0891690000000005	-0.022689280275926284	0.5951572749300664	-0.020943951023931952	-0.0174	0.0643	0.1725
2114.0	-10.364265	-0.07848000000000001	3.097017	0.08377580409572781	0.41364303272265607	-0.21467549799530256	-0.0182	0.0645	0.1736
2115.0	-9.956169	-0.526797	2.7036360000000004	0.10821041362364843	-0.21118483949131386	-0.3543018381548489	-0.0185	0.0644	0.1768
2116.0	-9.65304	-0.869166	2.31516	0.13788101090755203	-0.048869219055841226	-0.36477381366681483	-0.0192	0.0643	0.1742
2117.0	-9.353835	-1.148751	1.935513	0.11868238913561441	-0.24609142453120045	-0.34033920413889424	-0.0195	0.0643	0.173
2118.0	-9.096813000000001	-1.318464	1.5519420000000002	0.13788101090755203	0.019198621771937627	-0.29496064358704166	-0.0197	0.0639	0.1735
2119.0	-8.863335	-1.411659	1.1997630000000001	0.20245819323134223	0.26703537555513246	-0.26703537555513246	-0.0194	0.0638	0.1742
2120.0	-8.718147	-1.318464	0.939798	0.1884955592153876	0.38746309394274114	-0.2722713633111154	-0.0201	0.064	0.1747
2121.0	-8.725995	-0.976095	0.915273	0.27401669256310973	0.5218534463463045	-0.32637657012293964	-0.0199	0.0639	0.1734
2122.0	-8.698527	-0.47774700000000003	1.146789	0.6736970912698113	0.32114058236695664	-0.32637657012293964	-0.0197	0.0636	0.1734
2123.0	-8.133471	-0.159903	1.2684330000000001	0.9232791743050003	-0.07853981633974483	-0.33161255787892263	-0.0195	0.0636	0.1722
2124.0	-7.754805	-0.047088	1.4822910000000002	1.2287117934040082	-0.08028514559173916	-0.33335788713091696	-0.0195	0.0636	0.1701
2125.0	-7.488954	-0.10889100000000002	1.50093	1.202531854624093	0.17976891295541594	-0.3089232776029963	-0.0197	0.0635	0.1691
2126.0	-7.405569000000001	-0.287433	1.342989	1.0629055144645467	0.3438298626428829	-0.27576202181510406	-0.0195	0.0641	0.1697
2127.0	-7.657686	-0.37179900000000005	1.161504	0.9093165402890457	0.3368485456349056	-0.15533430342749532	-0.0198	0.0638	0.1707
2128.0	-8.072649	-0.35021700000000006	0.877995	0.6230825429619757	0.05759586531581287	-0.017453292519943295	-0.0199	0.0636	0.1708
2129.0	-8.557263	-0.36983699999999997	0.60822	0.6230825429619757	0.05759586531581287	-0.017453292519943295	-0.0202	0.0635	0.1693
2130.0	-9.071307000000001	-0.459108	0.26487	0.6230825429619757	0.05759586531581287	-0.017453292519943295	-0.0203	0.063	0.1694
2131.0	-9.208647000000001	-0.044145	-0.06572700000000001	-0.10122909661567112	-0.44505895925855404	0.23736477827122882	-0.0206	0.0629	0.169
2132.0	-9.210609	0.37376100000000007	-0.389457	-0.2775073510670984	-0.312413936106985	0.20420352248333654	-0.0205	0.0628	0.1684
2133.0	-9.296937	0.953532	-0.764199	-0.2775073510670984	-0.312413936106985	0.20420352248333654	-0.0206	0.0623	0.1681
2134.0	-9.391113	1.7108640000000002	-1.086948	-0.2775073510670984	-0.312413936106985	0.20420352248333654	-0.0204	0.062	0.1679
2135.0	-9.465669	2.622213	-1.204668	-0.2775073510670984	-0.312413936106985	0.20420352248333654	-0.0201	0.0618	0.1675
2136.0	-9.462726	3.5551440000000003	-1.1310930000000001	-0.2775073510670984	-0.312413936106985	0.20420352248333654	-0.0199	0.0611	0.1674
2137.0	-9.467631	3.498246	-0.9545130000000001	0.10821041362364843	-0.24958208303518914	0.0942477796076938	-0.0199	0.0609	0.1671
2138.0	-9.350892000000002	3.234357	-0.669042	0.10821041362364843	-0.24958208303518914	0.0942477796076938	-0.0197	0.061	0.167
2139.0	-9.233172000000001	2.9704680000000003	-0.38357100000000005	0.10821041362364843	-0.24958208303518914	0.0942477796076938	-0.0195	0.0611	0.167
2140.0	-9.115452000000001	2.706579	-0.099081	0.10821041362364843	-0.24958208303518914	0.0942477796076938	-0.0193	0.0612	0.1669
2141.0	-9.130167	1.920798	-0.08142300000000001	0.5131268000863328	-0.20943951023931956	-0.06806784082777885	-0.019	0.0612	0.1667
2142.0	-9.177255	1.2095730000000002	-0.091233	0.5864306286700948	-0.13439035240356337	-0.0942477796076938	-0.0196	0.0613	0.1669
2143.0	-9.229248	0.526797	-0.13439700000000002	0.6161012259539983	-0.10471975511965978	-0.0942477796076938	-0.0196	0.0614	0.1672
2144.0	-9.282222	-0.154017	-0.17658	0.6161012259539983	-0.10471975511965978	-0.0942477796076938	-0.0195	0.0615	0.1675
2145.0	-9.349911	-0.859356	-0.184428	0.6492624817418906	-0.08726646259971647	-0.08377580409572781	-0.0197	0.0619	0.1677
2146.0	-9.415638	-1.590201	-0.21680100000000002	0.6771877497737998	-0.13264502315156904	-0.07330382858376185	-0.0196	0.0619	0.1677
2147.0	-9.318519	-1.4950440000000003	-0.21189600000000003	0.7190756518216638	-0.14835298641951802	-0.038397243543875255	-0.0194	0.0618	0.1678
2148.0	-9.2214	-1.3586850000000001	-0.248193	0.747000919853573	-0.17627825445142728	-0.0017453292519943296	-0.0197	0.0618	0.168
2149.0	-9.087003000000001	-1.1713140000000002	-0.26388900000000004	0.7853981633974483	-0.2181661564992912	0.026179938779914945	-0.0196	0.062	0.1683
2150.0	-8.928081	-0.9623610000000001	-0.328635	0.8395033702092726	-0.2129301687433082	0.06283185307179587	-0.0203	0.0622	0.1684
2151.0	-8.86824	-0.761256	-0.159903	0.8307767239493009	-0.2059488517353309	0.031415926535897934	-0.0204	0.062	0.1687
2152.0	-9.00558	-0.562113	0.577809	0.6387905062299246	-0.5480333851262195	-0.04014257279586958	-0.0199	0.0619	0.1688
2153.0	-9.217476	-0.244269	1.6117830000000002	0.5619960191421741	-0.7522369076095561	-0.26703537555513246	-0.0202	0.0621	0.1688
2154.0	-9.308709	0.44046900000000005	1.953171	-0.143116998663535	-0.4834562028024293	-0.3839724354387525	-0.0205	0.062	0.1689
2155.0	-9.385227	1.361628	2.247471	-0.09773843811168245	-0.1780235837034216	-0.5602506898901798	-0.0206	0.0617	0.1689
2156.0	-9.472536	2.176839	2.615346	-0.15184364492350666	0.33335788713091696	-0.7312929565856241	-0.0209	0.0617	0.1691
2157.0	-9.489213000000001	2.6388900000000004	2.606517	-0.3089232776029963	0.40491638646268446	-0.7295476273336297	-0.0209	0.0618	0.169
2158.0	-9.620667000000001	2.790945	2.591802	-0.33510321638291124	0.5009094953223726	-0.6422811647339133	-0.0207	0.0618	0.1688
2159.0	-10.1043	2.8164510000000003	2.760534	-0.27401669256310973	0.640535835481919	-0.4834562028024293	-0.0209	0.0615	0.1685
2160.0	-10.812582	2.659491	3.083283	-0.22165681500327983	0.3508111796508603	-0.30019663134302466	-0.0205	0.0608	0.1687
2161.0	-11.627793	2.353419	3.444291	-0.21467549799530256	-0.03665191429188092	-0.14835298641951802	-0.0204	0.061	0.1687
2162.0	-12.253671000000002	1.9718100000000003	3.2559389999999997	-0.22689280275926285	-0.25481807079117214	-0.024434609527920613	-0.0204	0.061	0.1687
2163.0	-12.680406	1.541151	2.7271800000000006	-0.21467549799530256	-0.3508111796508603	0.038397243543875255	-0.0203	0.0606	0.1687
2164.0	-13.062015	0.840717	2.8458810000000003	-0.10471975511965978	-0.29670597283903605	0.015707963267948967	-0.0204	0.0607	0.1685
2165.0	-13.330809	0.0049050000000000005	2.9606580000000005	0.024434609527920613	-0.17976891295541594	-0.05061454830783556	-0.0204	0.0609	0.1686
2166.0	-13.515237	-0.6906240000000001	3.0577769999999997	0.08377580409572781	-0.09773843811168245	-0.10122909661567112	-0.0204	0.0609	0.1688
2167.0	-13.703589000000001	-1.082043	3.3363810000000003	0.10821041362364843	-0.1710422666954443	-0.1291543646475804	-0.0206	0.0608	0.1693
2168.0	-13.646691	-1.220364	3.656187	0.1710422666954443	-0.23911010752322315	-0.12740903539558607	-0.0207	0.0607	0.1695
2169.0	-13.181697	-1.308654	3.7876410000000003	0.24434609527920614	-0.2426007660272118	-0.07504915783575616	-0.0207	0.061	0.1698
2170.0	-12.498921000000001	-1.211535	3.7621350000000002	0.24958208303518914	-0.2844886680750757	-0.019198621771937627	-0.0205	0.0614	0.1699
2171.0	-11.611116	-0.9702090000000001	3.606156	0.23911010752322315	-0.4223696789826277	0.04014257279586958	-0.0203	0.0612	0.1698
2172.0	-10.625211	-0.680814	3.31578	0.22863813201125716	-0.5026548245743669	0.09948376736367678	-0.0205	0.0612	0.1698
2173.0	-9.793323000000001	-0.45126	3.0617010000000002	0.21642082724729686	-0.33510321638291124	0.13264502315156904	-0.0205	0.0614	0.1702
2174.0	-9.080136	-0.265851	2.9008170000000004	0.2303834612632515	-0.33510321638291124	0.17976891295541594	-0.0203	0.0612	0.1701
2175.0	-8.470935	-0.0981	2.736009	0.2234021442552742	-0.34732052114687156	0.18151424220741028	-0.0205	0.061	0.1706
2176.0	-8.033409	0.087309	2.483892	0.1832595714594046	-0.19373154697137057	0.19373154697137057	-0.0203	0.0608	0.1708
2177.0	-7.666515	0.396324	2.3396850000000002	0.12217304763960307	-0.3543018381548489	0.2932153143350474	-0.0203	0.0607	0.1707
2178.0	-7.649838000000001	0.7328070000000001	2.1935160000000002	0.06632251157578452	0.005235987755982988	0.41713369122664473	-0.0206	0.0609	0.171
2179.0	-7.586073	1.0231830000000002	1.984563	0.08726646259971647	-0.26703537555513246	0.49567350756638956	-0.0205	0.0608	0.1712
2180.0	-7.499745	1.243908	1.8933300000000002	0.09250245035569947	-0.19896753472735357	0.5515240436302081	-0.0204	0.0606	0.1709
2181.0	-7.443828000000001	1.410678	1.7000730000000002	0.11344640137963143	-0.16231562043547265	0.5619960191421741	-0.0206	0.0604	0.1712
2182.0	-7.491897000000001	1.5696	1.550961	0.11344640137963143	-0.16231562043547265	0.5619960191421741	-0.0203	0.0602	0.1714
2183.0	-7.504650000000001	1.689282	1.443051	0.11344640137963143	-0.16231562043547265	0.5619960191421741	-0.0204	0.06	0.1713
2184.0	-7.641990000000001	1.739313	1.321407	0.05585053606381855	0.20769418098732523	0.43982297150257105	-0.0204	0.0603	0.1713
2185.0	-7.828380000000001	1.829565	1.1889720000000001	-0.003490658503988659	0.2775073510670984	0.36302848441482055	-0.0203	0.0604	0.1709
2186.0	-7.925499	1.8766530000000001	1.100682	-0.08377580409572781	0.3438298626428829	0.3036872898470133	-0.0205	0.0608	0.1703
2187.0	-8.056953	1.8423180000000001	1.025145	-0.16580627893946132	0.36477381366681483	0.25132741228718347	-0.0205	0.0607	0.17
2188.0	-7.962777	1.7520660000000001	0.940779	-0.2181661564992912	0.38746309394274114	0.22514747350726852	-0.02	0.0608	0.1698
2189.0	-7.997112	1.7108640000000002	0.9378360000000001	-0.2722713633111154	0.4363323129985824	0.18151424220741028	-0.0198	0.0609	0.1694
2190.0	-8.07363	1.7285220000000001	0.869166	-0.28623399732707	0.48171087355043496	0.18500490071139894	-0.0201	0.0612	0.1692
2191.0	-8.19135	1.7098830000000003	0.8142300000000001	-0.32288591161895097	0.5445427266222308	0.19024088846738194	-0.0201	0.0617	0.1687
2192.0	-8.285526	1.6922249999999999	0.8083440000000001	-0.33335788713091696	0.6021385919380436	0.18500490071139894	-0.0201	0.062	0.1682
2193.0	-8.351253	1.650042	0.791667	-0.35255650890285456	0.6649704450098396	0.19024088846738194	-0.0202	0.0622	0.1677
2194.0	-8.31888	1.641213	0.769104	-0.35255650890285456	0.7522369076095561	0.1832595714594046	-0.0203	0.0619	0.1674
2195.0	-8.272773	1.5391890000000001	0.7396739999999999	-0.35255650890285456	0.8272860654453121	0.16580627893946132	-0.0203	0.062	0.1673
2196.0	-8.222742	1.411659	0.656289	-0.3839724354387525	0.9616764178488756	0.13439035240356337	-0.0203	0.0619	0.1673
2197.0	-8.163882000000001	1.2851100000000002	0.602334	-0.41713369122664473	1.0454522219446034	0.08377580409572781	-0.02	0.0621	0.1672
2198.0	-8.094231	1.200744	0.5189490000000001	-0.41713369122664473	1.1641346110802178	0.019198621771937627	-0.0201	0.0618	0.1671
2199.0	-8.058915	1.138941	0.409077	-0.42062434973063345	1.2356931104119853	-0.04014257279586958	-0.02	0.0615	0.1669
2200.0	-8.055972	1.0408410000000001	0.231516	-0.4258603374866164	1.3753194505715316	-0.11519173063162574	-0.0202	0.0613	0.1671
2201.0	-8.102079	1.018278	0.164808	-0.4380776422505767	1.4433872913993107	-0.17627825445142728	-0.0202	0.0608	0.167
2202.0	-8.177616	0.968247	-0.009810000000000001	-0.4380776422505767	1.5027284859671177	-0.2181661564992912	-0.0201	0.0605	0.1665
2203.0	-8.294355000000001	0.9898290000000001	-0.17069399999999998	-0.4328416544945937	1.4416419621473162	-0.2426007660272118	-0.02	0.0602	0.1663
2204.0	-8.458182	0.9574560000000001	-0.406134	-0.4014257279586958	1.408480706359424	-0.24783675378319478	-0.0199	0.0603	0.1659
2205.0	-8.656344	0.9044820000000001	-0.626859	-0.39269908169872414	1.4329153158873444	-0.24085543677521748	-0.0198	0.0602	0.1654
2206.0	-8.890803	0.8711280000000001	-0.7416360000000001	-0.41015237421866746	1.3945180723434694	-0.24783675378319478	-0.0198	0.0599	0.1653
2207.0	-9.1233	0.8004960000000001	-0.883881	-0.41015237421866746	1.2147491593880533	-0.23561944901923448	-0.02	0.0597	0.165
2208.0	-9.420543	0.7239780000000001	-1.0575180000000002	-0.35255650890285456	0.9564404300928926	-0.2181661564992912	-0.02	0.0594	0.1643
2209.0	-9.792342	0.6248970000000001	-1.164447	-0.3490658503988659	0.8325220532012952	-0.22165681500327983	-0.0202	0.0593	0.1637
2210.0	-10.151388	0.602334	-1.2380220000000002	-0.34732052114687156	0.6859143960337715	-0.23561944901923448	-0.0196	0.0594	0.1632
2211.0	-10.395657000000002	0.634707	-1.340046	-0.34033920413889424	0.3368485456349056	-0.2583087292951608	-0.0197	0.0593	0.163
2212.0	-10.635021000000002	0.7092630000000001	-1.3714380000000002	-0.4485496177625427	0.16231562043547265	-0.27401669256310973	-0.0202	0.0594	0.1632
2213.0	-10.902834	0.7671420000000001	-1.392039	-0.41364303272265607	0.10471975511965978	-0.2844886680750757	-0.0202	0.0594	0.1633
2214.0	-11.143179	0.86328	-1.3684950000000002	-0.41364303272265607	0.10471975511965978	-0.2844886680750757	-0.0203	0.0592	0.1634
2215.0	-11.321721	0.972171	-1.318464	-0.41364303272265607	0.10471975511965978	-0.2844886680750757	-0.0205	0.059	0.1634
2216.0	-11.462985000000002	1.102644	-1.312578	-0.41364303272265607	0.10471975511965978	-0.2844886680750757	-0.0206	0.059	0.1633
2217.0	-11.596401	1.2546990000000002	-1.318464	-0.41364303272265607	0.10471975511965978	-0.2844886680750757	-0.0208	0.0588	0.1633
2218.0	-11.565990000000001	1.406754	-1.2684330000000001	-0.6318091892219474	-0.2897246558310587	-0.30019663134302466	-0.021	0.0591	0.1638
2219.0	-11.409030000000001	1.600011	-1.323369	-0.6946410422937431	-0.3769911184307752	-0.3036872898470133	-0.0213	0.059	0.1646
2220.0	-11.187324000000002	1.735389	-1.3518180000000002	-0.747000919853573	-0.4642575810304917	-0.29670597283903605	-0.0221	0.0586	0.165
2221.0	-11.010744	1.767762	-1.419507	-0.778416846389471	-0.4782202150464463	-0.30194196059501904	-0.0223	0.0591	0.1653
2222.0	-10.822392	1.7971920000000001	-1.4803290000000002	-0.8028514559173916	-0.41015237421866746	-0.3193952531149623	-0.0219	0.059	0.1663
2223.0	-10.578123000000001	1.7775720000000002	-1.5862770000000002	-0.8133234314293576	-0.3438298626428829	-0.33335788713091696	-0.022	0.0592	0.1674
2224.0	-10.322082	1.7599140000000002	-1.69713	-0.8447393579652555	-0.30717794835100204	-0.3438298626428829	-0.0221	0.0594	0.1693
2225.0	-10.067022	1.7422560000000002	-1.8079830000000001	-0.8447393579652555	-0.30717794835100204	-0.3438298626428829	-0.0223	0.0597	0.1712
2226.0	-9.811962	1.7245980000000003	-1.918836	-0.8447393579652555	-0.30717794835100204	-0.3438298626428829	-0.0224	0.0599	0.1731
2227.0	-9.556902000000001	1.70694	-2.0296890000000003	-0.8447393579652555	-0.30717794835100204	-0.3438298626428829	-0.0226	0.0602	0.175
2228.0	-9.4176	1.6951680000000002	-2.11896	-0.8447393579652555	-0.30717794835100204	-0.3438298626428829	-0.0227	0.0602	0.1766
2229.0	-9.490194	1.7569710000000003	-1.6058970000000001	-0.9250245035569946	-0.27576202181510406	-0.4328416544945937	-0.0223	0.0606	0.1804
2230.0	-9.935568	1.671624	-0.5189490000000001	-0.7033676885537148	-0.3159045946109737	-0.23387411976724015	-0.0218	0.0608	0.1851
2231.0	-10.669355999999999	0.906444	0.256041	-0.38222710618675815	-0.3385938748868999	0.09599310885968812	-0.0216	0.0608	0.1903
2232.0	-11.333493	-0.238383	0.8387550000000001	0.21642082724729686	-0.17976891295541594	0.6003932626860493	-0.0215	0.061	0.1951
2233.0	-11.279538	-1.192896	1.134036	0.33335788713091696	0.09075712110370514	0.8272860654453121	-0.0211	0.0611	0.2005
2234.0	-10.982295	-1.7765910000000003	1.4253930000000001	0.08203047484373349	-0.06981317007977318	0.8429940287132611	-0.0208	0.0611	0.2048
2235.0	-11.070585000000001	-2.113074	1.963962	-0.3193952531149623	0.45553093477052004	0.8587019919812102	-0.0205	0.0613	0.2094
2236.0	-11.486529	-2.159181	2.6447760000000002	-0.5113814708343386	0.3455751918948773	0.8395033702092726	-0.0199	0.0615	0.2133
2237.0	-11.902473	-2.204307	3.324609	-0.5113814708343386	0.3455751918948773	0.8395033702092726	-0.0194	0.0618	0.2171
2238.0	-12.318417	-2.250414	4.005423	-0.5113814708343386	0.3455751918948773	0.8395033702092726	-0.0189	0.062	0.221
2239.0	-12.548952	-2.387754	4.1123520000000005	-0.5113814708343386	0.3455751918948773	0.8395033702092726	-0.0187	0.0623	0.2226
2240.0	-12.104559	-2.170953	3.5894790000000003	-0.15707963267948966	-0.4904375198104066	0.9861110273767962	-0.0186	0.0622	0.2219
2241.0	-11.331531	-1.354761	3.381507	-0.08552113334772216	-0.3735004599267865	0.9564404300928926	-0.0183	0.0622	0.22
2242.0	-10.695843000000002	-0.332559	3.213756	-0.022689280275926284	-0.32114058236695664	0.7819075048934596	-0.018	0.0626	0.2172
2243.0	-11.032326000000001	0.33354000000000006	3.3354000000000004	0.054105206811824215	-0.07679448708775051	0.3665191429188092	-0.0181	0.0628	0.2131
2244.0	-11.672919	0.403191	3.362868	0.19373154697137057	0.4380776422505767	-0.03490658503988659	-0.0176	0.0633	0.2088
2245.0	-11.874024	0.18639	3.137238	0.3717551306747922	0.21118483949131386	-0.3036872898470133	-0.0175	0.0635	0.2038
2246.0	-11.630736	-0.322749	2.723256	0.41538836197465046	0.03665191429188092	-0.4293509959906051	-0.0176	0.0638	0.199
2247.0	-11.269728	-0.736731	2.349495	0.5358160803622591	-0.14835298641951802	-0.41364303272265607	-0.0178	0.0641	0.1941
2248.0	-10.80081	-1.027107	1.892349	0.5497787143782138	-0.17453292519943295	-0.3595378259108319	-0.0181	0.0639	0.1888
2249.0	-10.288728	-1.168371	1.449918	0.6021385919380436	-0.05235987755982989	-0.31066860685499065	-0.0183	0.0639	0.1832
2250.0	-10.024839	-1.41264	1.025145	0.6684611035138281	0.14835298641951802	-0.2617993877991494	-0.0185	0.0644	0.1787
2251.0	-9.846297000000002	-1.458747	0.60822	0.6056292504420324	0.28099800957108706	-0.28099800957108706	-0.0183	0.0645	0.1753
2252.0	-9.610857000000001	-1.341027	0.327654	0.6056292504420324	0.28099800957108706	-0.28099800957108706	-0.0185	0.0644	0.1723
2253.0	-9.176274000000001	-0.9800190000000001	0.192276	0.6108652381980153	0.7225663103256524	-0.4642575810304917	-0.0186	0.0646	0.1703
2254.0	-8.69166	-0.39534300000000006	0.159903	0.6108652381980153	0.7225663103256524	-0.4642575810304917	-0.019	0.0646	0.1688
2255.0	-8.26002	0.22857300000000003	0.133416	0.6108652381980153	0.7225663103256524	-0.4642575810304917	-0.0192	0.0647	0.1676
2256.0	-7.946100000000001	0.8554320000000001	0.153036	0.6108652381980153	0.7225663103256524	-0.4642575810304917	-0.0194	0.0646	0.1671
2257.0	-7.749900000000001	1.387134	0.133416	0.6108652381980153	0.7225663103256524	-0.4642575810304917	-0.0193	0.0645	0.1666
2258.0	-7.6616100000000005	1.79523	0.1962	0.6108652381980153	0.7225663103256524	-0.4642575810304917	-0.0192	0.0649	0.1665
2259.0	-7.616484	2.053233	0.24525000000000002	0.6108652381980153	0.7225663103256524	-0.4642575810304917	-0.0193	0.065	0.1667
2260.0	-7.672401000000001	2.212155	0.34335000000000004	0.6108652381980153	0.7225663103256524	-0.4642575810304917	-0.0194	0.0651	0.1672
2261.0	-7.711641	2.2749390000000003	0.46008899999999997	0.6108652381980153	0.7225663103256524	-0.4642575810304917	-0.0196	0.0652	0.1674
2262.0	-7.751862000000001	2.3387040000000003	0.577809	0.6108652381980153	0.7225663103256524	-0.4642575810304917	-0.0199	0.0653	0.1677
2263.0	-7.751862000000001	2.3387040000000003	0.577809	0.6108652381980153	0.7225663103256524	-0.4642575810304917	-0.0199	0.0653	0.1677
2264.0	-7.869582	2.701674	0.327654	0.1832595714594046	-0.5777039824101231	0.4276056667386107	-0.0197	0.0651	0.1669
2265.0	-7.988283000000001	3.0656250000000003	0.07749900000000001	0.1832595714594046	-0.5777039824101231	0.4276056667386107	-0.0195	0.0649	0.1662
2266.0	-8.050086	3.2971410000000003	-0.06867000000000001	-0.24609142453120045	-0.2827433388230814	0.30194196059501904	-0.0199	0.0646	0.1663
2267.0	-8.11287	3.5286570000000004	-0.214839	-0.24609142453120045	-0.2827433388230814	0.30194196059501904	-0.0202	0.0643	0.1664
2268.0	-8.175654000000002	3.760173	-0.361008	-0.24609142453120045	-0.2827433388230814	0.30194196059501904	-0.0206	0.064	0.1665
2269.0	-8.337519	3.4256520000000004	-0.434583	-0.17453292519943295	0.012217304763960306	0.11344640137963143	-0.0211	0.0637	0.166
2270.0	-8.513118	2.9743920000000004	-0.520911	-0.029670597283903602	-0.019198621771937627	0.12391837689159739	-0.0215	0.0633	0.1626
2271.0	-8.694603	2.4368040000000004	-0.610182	0.1117010721276371	-0.003490658503988659	0.12740903539558607	-0.0216	0.0628	0.1599
2272.0	-8.84862	1.8531090000000001	-0.7082820000000001	0.22514747350726852	0.003490658503988659	0.13439035240356337	-0.0215	0.0623	0.1549
2273.0	-9.002637	1.2703950000000002	-0.807363	0.22514747350726852	0.003490658503988659	0.13439035240356337	-0.0214	0.0618	0.1499
2274.0	-8.945739000000001	0.352179	-0.668061	0.44331363000655966	-0.020943951023931952	0.038397243543875255	-0.022	0.0614	0.1437
2275.0	-8.88786	-0.566037	-0.5287590000000001	0.44331363000655966	-0.020943951023931952	0.038397243543875255	-0.0225	0.061	0.1375
2276.0	-8.876088000000001	-1.21644	-0.516987	0.5811946409141117	0.04537856055185257	-0.09250245035569947	-0.0229	0.0608	0.1324
2277.0	-8.880012	-1.7569710000000003	-0.47382300000000005	0.5742133239061344	0.006981317007977318	-0.13962634015954636	-0.0223	0.0605	0.1261
2278.0	-8.882955	-2.297502	-0.43164	0.5742133239061344	0.006981317007977318	-0.13962634015954636	-0.0216	0.0603	0.1199
2279.0	-8.787798	-2.271996	-0.46205100000000005	0.5742133239061344	0.006981317007977318	-0.13962634015954636	-0.0209	0.0601	0.1142
2280.0	-8.950644	-1.689282	-0.104967	0.12217304763960307	-0.4380776422505767	-0.38222710618675815	-0.0204	0.06	0.112
2281.0	-9.162540000000002	-0.779895	0.13734000000000002	-0.2530727415391778	-0.24434609527920614	-0.4014257279586958	-0.0204	0.0599	0.1086
2282.0	-9.531396	0.24623100000000003	0.39926700000000004	-0.3420845333908886	0.017453292519943295	-0.5567600313861911	-0.0208	0.0597	0.1077
2283.0	-9.926739000000001	1.1330550000000001	0.689643	-0.33161255787892263	0.26354471705114374	-0.6754424205218056	-0.0209	0.0595	0.1086
2284.0	-10.414296000000002	1.9914300000000003	0.991791	-0.33161255787892263	0.26354471705114374	-0.6754424205218056	-0.0205	0.0594	0.1115
2285.0	-10.878309	2.4073740000000003	1.200744	-0.3560471674068432	0.1064650843716541	-0.5113814708343386	-0.0201	0.0596	0.1133
2286.0	-11.473776	2.5643340000000006	1.60884	-0.26878070480712674	0.1710422666954443	-0.317649923862968	-0.0194	0.0596	0.1157
2287.0	-12.0663	2.494683	2.061081	-0.158824961931484	-0.08726646259971647	-0.12042771838760874	-0.0196	0.0595	0.1197
2288.0	-12.768696000000002	2.3377230000000004	2.6349660000000004	-0.11868238913561441	-0.24085543677521748	-0.012217304763960306	-0.02	0.0594	0.1229
2289.0	-13.509351	2.142504	3.1921740000000005	-0.11868238913561441	-0.29496064358704166	-0.003490658503988659	-0.0203	0.0595	0.1271
2290.0	-13.865454	1.6255169999999999	3.313818	-0.08203047484373349	-0.45029494701453704	-0.029670597283903602	-0.02	0.0596	0.1329
2291.0	-14.032224	0.958437	3.5257140000000002	-0.013962634015954637	-0.5009094953223726	-0.0942477796076938	-0.0197	0.0598	0.1383
2292.0	-13.94982	0.250155	3.6973890000000003	0.05585053606381855	-0.4188790204786391	-0.16057029118347832	-0.0195	0.06	0.1436
2293.0	-13.840929000000001	-0.317844	3.8406150000000006	0.05585053606381855	-0.4188790204786391	-0.16057029118347832	-0.0197	0.0601	0.1471
2294.0	-13.507389000000002	-0.883881	3.8759310000000005	0.1291543646475804	-0.3595378259108319	-0.2426007660272118	-0.0198	0.0602	0.152
2295.0	-13.053186	-1.0084680000000001	4.01229	0.18675022996339324	-0.4258603374866164	-0.20245819323134223	-0.0196	0.0597	0.1582
2296.0	-12.394935000000002	-1.005525	3.908304	0.21642082724729686	-0.4572762640225143	-0.1291543646475804	-0.0197	0.0599	0.1618
2297.0	-11.65428	-0.8191350000000001	3.707199	0.19024088846738194	-0.4223696789826277	-0.020943951023931952	-0.0198	0.0599	0.1647
2298.0	-10.799829	-0.506196	3.3236280000000002	0.13264502315156904	-0.3455751918948773	0.09948376736367678	-0.0197	0.0602	0.1686
2299.0	-9.85905	-0.15499800000000002	2.9969550000000003	0.11519173063162574	-0.1832595714594046	0.19024088846738194	-0.0196	0.0602	0.1715
2300.0	-9.079155	0.10594800000000001	2.7271800000000006	0.1117010721276371	-0.13264502315156904	0.21991148575128552	-0.0201	0.0603	0.1722
2301.0	-8.440524000000002	0.36198900000000006	2.4711390000000004	0.020943951023931952	-0.03316125578789226	0.2426007660272118	-0.0201	0.0602	0.1736
2302.0	-8.109927	0.6278400000000001	2.213136	-0.017453292519943295	-0.16231562043547265	0.33510321638291124	-0.0196	0.0602	0.1753
2303.0	-7.750881000000001	0.874071	2.0169360000000003	-0.07504915783575616	-0.06283185307179587	0.4293509959906051	-0.0193	0.0601	0.177
2304.0	-7.569396	1.071252	1.8894060000000001	-0.031415926535897934	-0.48171087355043496	0.4625122517784973	-0.0186	0.0603	0.1775
2305.0	-7.5321180000000005	1.2674520000000002	1.754028	-0.031415926535897934	-0.48171087355043496	0.4625122517784973	-0.0183	0.0608	0.1777
2306.0	-7.469334	1.4489370000000001	1.6833960000000001	0.20245819323134223	-0.3665191429188092	0.5410520681182421	-0.0183	0.0608	0.1779
2307.0	-7.458543	1.508778	1.634346	0.23561944901923448	-0.1832595714594046	0.5288347633542818	-0.0176	0.0611	0.1784
2308.0	-7.4762010000000005	1.536246	1.617669	0.28099800957108706	-0.024434609527920613	0.4939281783143953	-0.0173	0.061	0.1786
2309.0	-7.551738000000001	1.5489990000000002	1.522512	0.312413936106985	0.0890117918517108	0.45029494701453704	-0.0167	0.0611	0.1788
2310.0	-7.624332000000001	1.54017	1.414602	0.32637657012293964	0.19198621771937624	0.41015237421866746	-0.0158	0.0611	0.179
2311.0	-7.731261000000001	1.469538	1.308654	0.2984513020910304	0.28099800957108706	0.3560471674068432	-0.0153	0.0613	0.1798
2312.0	-7.652781000000001	1.388115	1.2870720000000002	0.25481807079117214	0.30194196059501904	0.2827433388230814	-0.0155	0.0617	0.1793
2313.0	-7.6439520000000005	1.376343	1.173276	0.21642082724729686	0.3543018381548489	0.2059488517353309	-0.0149	0.062	0.1796
2314.0	-7.689078000000001	1.407735	1.071252	0.16580627893946132	0.40840704496667307	0.1413716694115407	-0.0149	0.0622	0.1788
2315.0	-7.741071000000001	1.4793479999999999	0.9800190000000001	0.11519173063162574	0.4380776422505767	0.10122909661567112	-0.0148	0.0625	0.1768
2316.0	-7.8980310000000005	1.5646950000000002	0.90252	0.04014257279586958	0.47298422729046335	0.07330382858376185	-0.014	0.0628	0.1779
2317.0	-8.07363	1.703997	0.826002	0.04014257279586958	0.47298422729046335	0.07330382858376185	-0.0139	0.0632	0.1789
2318.0	-8.167806	1.7942490000000002	0.750465	-0.07853981633974483	0.5096361415823443	0.05585053606381855	-0.0142	0.0631	0.1782
2319.0	-8.235495	1.885482	0.7318260000000001	-0.16057029118347832	0.5654866776461628	0.03665191429188092	-0.0142	0.0634	0.1798
2320.0	-8.26983	1.948266	0.677871	-0.1954768762233649	0.6579891280018623	0.029670597283903602	-0.015	0.0636	0.1768
2321.0	-8.224704000000001	1.997316	0.668061	-0.24783675378319478	0.7016223593017206	0.024434609527920613	-0.0156	0.0637	0.1762
2322.0	-8.154072000000001	1.995354	0.571923	-0.33335788713091696	0.7627088831215221	0.0017453292519943296	-0.0157	0.0637	0.1776
2323.0	-8.059896	1.948266	0.505215	-0.38222710618675815	0.9337511498169663	-0.005235987755982988	-0.0163	0.0639	0.177
2324.0	-7.989264	1.874691	0.437526	-0.4415683007545654	1.106538745764405	-0.026179938779914945	-0.0166	0.0638	0.1775
2325.0	-7.925499	1.750104	0.33746400000000004	-0.44331363000655966	1.239183768915974	-0.054105206811824215	-0.0174	0.0635	0.1792
2326.0	-7.863696	1.624536	0.22563	-0.44331363000655966	1.239183768915974	-0.054105206811824215	-0.0182	0.0633	0.1778
2327.0	-7.819551000000001	1.458747	0.10594800000000001	-0.4310963252425994	1.4381513036433275	-0.17627825445142728	-0.019	0.0631	0.1759
2328.0	-7.890183	1.325331	-0.05297400000000001	-0.4258603374866164	1.556833692778942	-0.24958208303518914	-0.0192	0.0635	0.1766
2329.0	-8.009865	1.1693520000000002	-0.190314	-0.4415683007545654	1.6283921921107094	-0.2932153143350474	-0.0197	0.0635	0.1748
2330.0	-8.121699	1.0555560000000002	-0.288414	-0.38222710618675815	1.5236724369910497	-0.3368485456349056	-0.0197	0.0639	0.177
2331.0	-8.287488	0.9447030000000001	-0.442431	-0.3455751918948773	1.481784534943186	-0.3961897402027128	-0.0197	0.0641	0.1767
2332.0	-8.517042	0.8642610000000001	-0.645498	-0.312413936106985	1.4521139376592822	-0.4310963252425994	-0.02	0.064	0.1756
2333.0	-8.774064000000001	0.761256	-0.877995	-0.28623399732707	1.3683381335635545	-0.4485496177625427	-0.0201	0.064	0.1736
2334.0	-9.053649000000002	0.7092630000000001	-0.9957150000000001	-0.27052603405912107	1.2426744274199626	-0.42062434973063345	-0.0203	0.0639	0.1717
2335.0	-9.381303	0.670023	-1.1693520000000002	-0.291469985083053	0.9494591130849153	-0.3735004599267865	-0.0204	0.0642	0.1718
2336.0	-9.764874	0.65727	-1.3165020000000003	-0.32114058236695664	0.6632251157578453	-0.32637657012293964	-0.0202	0.0644	0.1698
2337.0	-10.206324	0.6768900000000001	-1.4705190000000001	-0.3246312408709453	0.4066617157146788	-0.28099800957108706	-0.0203	0.0647	0.1693
2338.0	-10.636983	0.744579	-1.533303	-0.41713369122664473	0.2129301687433082	-0.24609142453120045	-0.0202	0.0646	0.1682
2339.0	-11.046059999999999	0.877995	-1.641213	-0.4380776422505767	-0.041887902047863905	-0.20420352248333654	-0.0202	0.0647	0.1671
2340.0	-11.36979	1.005525	-1.708902	-0.49741883681838395	-0.24609142453120045	-0.17278759594743864	-0.0199	0.0641	0.1668
2341.0	-11.616021	1.158561	-1.7922870000000002	-0.5044001538263612	-0.3735004599267865	-0.15009831567151233	-0.0201	0.064	0.166
2342.0	-11.761209000000001	1.29492	-1.7285220000000001	-0.5445427266222308	-0.39968039870670147	-0.15009831567151233	-0.0198	0.0641	0.1651
2343.0	-11.824974000000001	1.469538	-1.6117830000000002	-0.5916666164260777	-0.4590215932745087	-0.15533430342749532	-0.0198	0.0646	0.1663
2344.0	-11.81124	1.603935	-1.654947	-0.6230825429619757	-0.5201081170943103	-0.1466076571675237	-0.0197	0.0647	0.1673
2345.0	-11.697443999999999	1.7628570000000001	-1.5794100000000002	-0.630063859969953	-0.5358160803622591	-0.16057029118347832	-0.0193	0.0645	0.1664
2346.0	-11.486529	1.881558	-1.5970680000000002	-0.6667157742618339	-0.5532693728822025	-0.16231562043547265	-0.0194	0.0647	0.1674
2347.0	-11.160837	1.984563	-1.603935	-0.6946410422937431	-0.5148721293383273	-0.16929693744344995	-0.0193	0.0643	0.1674
2348.0	-10.756665000000002	2.0601	-1.590201	-0.7260569688296411	-0.4188790204786391	-0.19373154697137057	-0.0195	0.0642	0.167
2349.0	-10.335816000000001	2.105226	-1.592163	-0.757472895365539	-0.3159045946109737	-0.25132741228718347	-0.0197	0.0642	0.1672
2350.0	-9.979713000000002	2.102283	-1.6833960000000001	-0.7661995416255106	-0.23387411976724015	-0.30717794835100204	-0.0197	0.0643	0.1668
2351.0	-9.699147	2.0757960000000004	-1.7295030000000002	-0.8115781021773633	-0.08726646259971647	-0.3543018381548489	-0.0197	0.0644	0.1665
2352.0	-9.510795	2.057157	-1.7658	-0.8639379797371931	0.027925268031909273	-0.4223696789826277	-0.0199	0.0642	0.1661
2353.0	-9.408771	2.006145	-1.681434	-0.8342673824532895	-0.13788101090755203	-0.43458698374658805	-0.0201	0.0634	0.1659
2354.0	-9.379341	1.9257030000000002	-1.50093	-0.8203047484373349	-0.17627825445142728	-0.38571776469074687	-0.0202	0.0635	0.1657
2355.0	-9.624591	1.9620000000000002	-0.815211	-0.7661995416255106	-0.2426007660272118	-0.22514747350726852	-0.0207	0.0634	0.1652
2356.0	-10.193571	1.585296	0.08436600000000001	-0.3909537524467298	-0.26878070480712674	0.05235987755982989	-0.0207	0.0633	0.1651
2357.0	-11.013687000000001	0.487557	0.746541	0.26878070480712674	-0.2303834612632515	0.46600291028248597	-0.0208	0.0635	0.1645
2358.0	-11.582667	-0.64746	1.1369790000000002	0.4904375198104066	-0.08726646259971647	0.8168140899333461	-0.0207	0.0638	0.1647
2359.0	-11.534598	-1.5136830000000001	1.3027680000000001	0.43982297150257105	-0.06806784082777885	0.8447393579652555	-0.0205	0.064	0.1644
2360.0	-11.266785	-1.973772	1.6157070000000002	0.12391837689159739	0.2583087292951608	0.7801621756414654	-0.0207	0.0644	0.1647
2361.0	-11.097072	-2.07972	2.1101310000000004	-0.30717794835100204	0.4590215932745087	0.7435102613495844	-0.0205	0.0646	0.1651
2362.0	-11.196153	-1.934532	2.652624	-0.40491638646268446	0.32114058236695664	0.747000919853573	-0.0205	0.0647	0.1653
2363.0	-11.534598	-1.7000730000000002	3.1342950000000003	-0.2932153143350474	0.17976891295541594	0.7749261878854823	-0.0205	0.0651	0.1651
2364.0	-11.875005	-1.44207	3.545334	-0.10122909661567112	0.04014257279586958	0.8220500776893293	-0.0205	0.0654	0.1649
2365.0	-11.8701	-1.379286	3.376602	-0.041887902047863905	-0.1291543646475804	0.8080874436733745	-0.0203	0.066	0.1648
2366.0	-11.408049000000002	-0.953532	3.0401190000000002	-0.026179938779914945	-0.32288591161895097	0.7435102613495844	-0.0202	0.0662	0.1649
2367.0	-10.68309	0.037278	2.8753110000000004	0.003490658503988659	-0.3892084231947355	0.609119908946021	-0.0202	0.0661	0.1651
2368.0	-10.12392	0.851508	2.828223	0.019198621771937627	-0.46600291028248597	0.36826447217080355	-0.0199	0.0661	0.1647
2369.0	-10.356417000000002	1.2233070000000001	3.0048030000000003	0.15009831567151233	0.015707963267948967	0.017453292519943295	-0.0205	0.066	0.165
2370.0	-11.190267	1.1369790000000002	3.1029030000000004	0.2879793265790644	0.49741883681838395	-0.26354471705114374	-0.0202	0.0656	0.1648
2371.0	-11.679786000000002	0.669042	2.908665	0.3717551306747922	-0.1954768762233649	-0.3508111796508603	-0.0203	0.0655	0.1643
2372.0	-11.698425	-0.031392	2.581011	0.4677482395344803	-0.21118483949131386	-0.38048177693476387	-0.0204	0.0655	0.164
2373.0	-11.358018	-0.7082820000000001	2.183706	0.5009094953223726	-0.08028514559173916	-0.3944444109507185	-0.0205	0.0654	0.164
2374.0	-10.941093	-1.189953	1.8334890000000001	0.5619960191421741	0.006981317007977318	-0.3455751918948773	-0.0207	0.0654	0.1639
2375.0	-10.556541000000001	-1.541151	1.444032	0.5183627878423158	0.05235987755982989	-0.3141592653589793	-0.0204	0.065	0.164
2376.0	-10.278918	-1.754028	1.076157	0.5218534463463045	0.15707963267948966	-0.29670597283903605	-0.0205	0.0649	0.1638
2377.0	-10.051326	-1.790325	0.7740090000000001	0.5218534463463045	0.15707963267948966	-0.29670597283903605	-0.0202	0.065	0.1638
2378.0	-9.943416000000001	-1.622574	0.583695	0.5218534463463045	0.15707963267948966	-0.29670597283903605	-0.0206	0.065	0.1638
2379.0	-9.66285	-1.2772620000000001	0.413001	0.5218534463463045	0.15707963267948966	-0.29670597283903605	-0.0201	0.0648	0.1634
2380.0	-9.019314	-0.849546	0.23642100000000002	0.5218534463463045	0.15707963267948966	-0.29670597283903605	-0.0202	0.065	0.1632
2381.0	-8.58375	-0.403191	0.301167	0.8726646259971648	-0.09599310885968812	-0.47472955654245763	-0.0204	0.0648	0.1635
2382.0	-8.323785	-0.04316400000000001	0.506196	1.1205013797803596	-0.24783675378319478	-0.41538836197465046	-0.0204	0.0646	0.1637
2383.0	-8.143281	0.11968200000000001	0.6768900000000001	1.2095131716320704	-0.4188790204786391	-0.36302848441482055	-0.0203	0.0644	0.1638
2384.0	-7.971606	0.015696	0.79461	1.1623892818282233	-0.3595378259108319	-0.317649923862968	-0.0204	0.0643	0.1639
2385.0	-7.877430000000001	-0.173637	0.891729	1.1484266478122689	-0.39269908169872414	-0.2059488517353309	-0.0208	0.0639	0.164
2386.0	-7.879392000000001	-0.367875	0.815211	1.0088003076527223	-0.34732052114687156	-0.05585053606381855	-0.0206	0.0637	0.1643
2387.0	-7.97553	-0.368856	0.736731	0.8674286382411819	-0.20943951023931956	0.10122909661567112	-0.0208	0.0634	0.1648
2388.0	-8.174673	-0.20012400000000002	0.5405310000000001	0.6527531402458793	-0.2181661564992912	0.23561944901923448	-0.021	0.0629	0.1653
2389.0	-8.356158	0.145188	0.35904600000000003	0.39968039870670147	-0.3892084231947355	0.32812189937493397	-0.0212	0.0627	0.1654
2390.0	-8.537643	0.49050000000000005	0.17756100000000002	0.39968039870670147	-0.3892084231947355	0.32812189937493397	-0.0214	0.0625	0.1655
2391.0	-8.746596	0.8309070000000001	-0.14028300000000002	0.39968039870670147	-0.3892084231947355	0.32812189937493397	-0.0213	0.0624	0.1655
2392.0	-8.944758	1.2399840000000002	-0.586638	0.39968039870670147	-0.3892084231947355	0.32812189937493397	-0.0214	0.0623	0.1655
2393.0	-9.136053	1.7471610000000002	-1.013373	0.39968039870670147	-0.3892084231947355	0.32812189937493397	-0.0215	0.0624	0.1654
2394.0	-9.307728000000001	2.078739	-1.2674520000000002	-0.20420352248333654	-0.10471975511965978	0.23911010752322315	-0.0214	0.0622	0.1656
2395.0	-9.520605000000002	2.3082930000000004	-1.40283	-0.15009831567151233	-0.07853981633974483	0.2059488517353309	-0.0214	0.0626	0.1655
2396.0	-9.722691000000001	2.353419	-1.360647	-0.10821041362364843	-0.08203047484373349	0.2007128639793479	-0.0219	0.0629	0.1654
2397.0	-9.801171	2.124846	-1.3066920000000002	-0.03316125578789226	-0.11693705988362008	0.1884955592153876	-0.0219	0.0631	0.1652
2398.0	-9.713862	1.689282	-1.1369790000000002	0.0645771823237902	-0.13439035240356337	0.1710422666954443	-0.0217	0.063	0.165
2399.0	-9.644211	1.077138	-0.982962	0.0645771823237902	-0.13439035240356337	0.1710422666954443	-0.0214	0.0627	0.1652
2400.0	-9.573579	0.46401300000000006	-0.828945	0.0645771823237902	-0.13439035240356337	0.1710422666954443	-0.0212	0.0624	0.1654
2401.0	-9.503928	-0.14715	-0.673947	0.0645771823237902	-0.13439035240356337	0.1710422666954443	-0.0209	0.0622	0.1655
2402.0	-9.434277	-0.759294	-0.51993	0.0645771823237902	-0.13439035240356337	0.1710422666954443	-0.0207	0.0619	0.1657
2403.0	-9.322443000000002	-1.303749	-0.41103900000000004	0.3665191429188092	0.07679448708775051	-0.024434609527920613	-0.0205	0.0618	0.1657
2404.0	-9.247887	-1.5813720000000002	-0.417906	0.3665191429188092	0.07679448708775051	-0.024434609527920613	-0.0202	0.0617	0.1654
2405.0	-9.130167	-1.7442180000000003	-0.454203	0.3665191429188092	0.07679448708775051	-0.024434609527920613	-0.02	0.0614	0.1652
2406.0	-8.996751000000001	-1.793268	-0.493443	0.3665191429188092	0.07679448708775051	-0.024434609527920613	-0.0197	0.061	0.165
2407.0	-8.892765	-1.7628570000000001	-0.541512	0.3665191429188092	0.07679448708775051	-0.024434609527920613	-0.0195	0.0608	0.1648
2408.0	-8.851563	-1.6951680000000002	-0.586638	0.3665191429188092	0.07679448708775051	-0.024434609527920613	-0.0195	0.061	0.1645
2409.0	-8.810361	-1.6264980000000002	-0.632745	0.3665191429188092	0.07679448708775051	-0.024434609527920613	-0.0195	0.0612	0.1643
2410.0	-9.086022	-0.917235	-0.039240000000000004	0.03665191429188092	-0.8133234314293576	-0.16580627893946132	-0.0199	0.0616	0.1639
2411.0	-9.27045	0.120663	0.30411	-0.5846852994181004	-0.6771877497737998	-0.26005405854715513	-0.02	0.0618	0.1637
2412.0	-9.410733	1.134036	0.596448	-0.5707226654021458	-0.3595378259108319	-0.4590215932745087	-0.0203	0.0622	0.1638
2413.0	-9.592218	2.078739	0.935874	-0.5707226654021458	-0.3595378259108319	-0.4590215932745087	-0.0207	0.0624	0.1642
2414.0	-9.772722	3.0234419999999997	1.274319	-0.5707226654021458	-0.3595378259108319	-0.4590215932745087	-0.021	0.0627	0.1646
2415.0	-9.954207	3.9681450000000003	1.612764	-0.5707226654021458	-0.3595378259108319	-0.4590215932745087	-0.0214	0.0629	0.165
2416.0	-10.135691999999999	4.913829000000001	1.951209	-0.5707226654021458	-0.3595378259108319	-0.4590215932745087	-0.0217	0.0631	0.1654
2417.0	-10.317177000000001	5.858531999999999	2.289654	-0.5707226654021458	-0.3595378259108319	-0.4590215932745087	-0.0221	0.0633	0.1658
2418.0	-10.498662000000001	6.803235000000001	2.62908	-0.5707226654021458	-0.3595378259108319	-0.4590215932745087	-0.0224	0.0635	0.1662
2419.0	-10.679166	7.7479379999999995	2.967525	-0.5707226654021458	-0.3595378259108319	-0.4590215932745087	-0.0228	0.0637	0.1666
2420.0	-10.997991	7.148547000000001	2.8076220000000003	-0.33335788713091696	-0.38571776469074687	-0.038397243543875255	-0.0226	0.0633	0.1665
2421.0	-11.291310000000001	6.305868	2.851767	-0.20943951023931956	-0.4276056667386107	-0.005235987755982988	-0.0227	0.0634	0.1664
2422.0	-11.629755000000001	5.489676	2.947905	-0.20943951023931956	-0.4276056667386107	-0.005235987755982988	-0.0225	0.0633	0.166
2423.0	-11.717063999999999	4.709781	3.00186	-0.06632251157578452	-0.317649923862968	-0.09075712110370514	-0.0225	0.0632	0.1656
2424.0	-11.805354000000001	3.930867	3.054834	-0.06632251157578452	-0.317649923862968	-0.09075712110370514	-0.0224	0.0631	0.1653
2425.0	-11.658204	3.1254660000000003	3.028347	-0.003490658503988659	-0.3717551306747922	-0.08377580409572781	-0.0222	0.0626	0.165
2426.0	-11.395296	2.328894	2.997936	0.010471975511965976	-0.4188790204786391	-0.0645771823237902	-0.0224	0.0625	0.1641
2427.0	-11.108844000000001	1.565676	2.883159	0.015707963267948967	-0.41364303272265607	0.008726646259971648	-0.0224	0.0621	0.164
2428.0	-10.812582	0.8338500000000001	2.781135	-0.03316125578789226	-0.2897246558310587	0.10122909661567112	-0.0225	0.062	0.1638
2429.0	-10.469232	0.152055	2.715408	-0.1117010721276371	-0.1832595714594046	0.1832595714594046	-0.0227	0.0617	0.1635
2430.0	-9.680508000000001	0.394362	2.410317	-0.13264502315156904	-0.21642082724729686	0.24085543677521748	-0.0226	0.0619	0.164
2431.0	-9.171369	0.567018	2.264148	-0.17278759594743864	-0.1466076571675237	0.2583087292951608	-0.0231	0.0618	0.1643
2432.0	-8.587674	0.753408	1.959057	-0.23212879051524585	0.04537856055185257	0.31066860685499065	-0.0235	0.0617	0.1645
2433.0	-8.390493	0.877995	1.7667810000000002	-0.19024088846738194	-0.3612831551628262	0.4380776422505767	-0.0241	0.0616	0.1651
2434.0	-8.100117000000001	1.022202	1.5843150000000001	-0.19896753472735357	-0.0715584993317675	0.5183627878423158	-0.0248	0.0612	0.1654
2435.0	-7.937271000000001	1.168371	1.46169	-0.13264502315156904	-0.3595378259108319	0.5811946409141117	-0.0253	0.0615	0.1653
2436.0	-7.822494000000001	1.328274	1.3812480000000003	-0.07504915783575616	-0.32986722862692824	0.6422811647339133	-0.0254	0.0615	0.1659
2437.0	-7.709679	1.4234310000000001	1.323369	-0.03665191429188092	-0.2181661564992912	0.6632251157578453	-0.0261	0.0617	0.1662
2438.0	-7.606674	1.488177	1.2517559999999999	-0.03665191429188092	-0.2181661564992912	0.6632251157578453	-0.0267	0.0616	0.1665
2439.0	-7.549776	1.5019110000000002	1.144827	-0.03665191429188092	-0.2181661564992912	0.6632251157578453	-0.0272	0.0618	0.1669
2440.0	-7.48503	1.494063	1.1369790000000002	-0.03665191429188092	-0.2181661564992912	0.6632251157578453	-0.0279	0.0619	0.1671
2441.0	-7.3692720000000005	1.5539040000000002	1.002582	-0.19024088846738194	0.24609142453120045	0.4886921905584123	-0.0279	0.0621	0.1687
2442.0	-7.368291	1.5960870000000003	1.013373	-0.22514747350726852	0.26354471705114374	0.41538836197465046	-0.0281	0.0624	0.1708
2443.0	-7.2319320000000005	1.627479	0.949608	-0.28099800957108706	0.2792526803190927	0.32114058236695664	-0.028	0.0627	0.1734
2444.0	-7.2446850000000005	1.6117830000000002	0.8642610000000001	-0.29670597283903605	0.34033920413889424	0.2303834612632515	-0.0275	0.063	0.1765
2445.0	-7.380063	1.6137450000000002	0.801477	-0.33161255787892263	0.4014257279586958	0.15009831567151233	-0.0273	0.0633	0.1806
2446.0	-7.576263	1.5862770000000002	0.6955290000000001	-0.36826447217080355	0.36826447217080355	0.08377580409572781	-0.0271	0.0633	0.1847
2447.0	-7.783254	1.5617520000000003	0.6621750000000001	-0.3717551306747922	0.38048177693476387	0.05235987755982989	-0.0265	0.0635	0.1896
2448.0	-7.947081000000001	1.5293790000000003	0.630783	-0.3769911184307752	0.3665191429188092	0.03665191429188092	-0.0257	0.0636	0.1941
2449.0	-8.072649	1.488177	0.590562	-0.3735004599267865	0.3560471674068432	0.022689280275926284	-0.0248	0.0637	0.1993
2450.0	-8.163882000000001	1.46169	0.5709420000000001	-0.3717551306747922	0.43982297150257105	0.003490658503988659	-0.024	0.064	0.2048
2451.0	-8.123661	1.352799	0.5395500000000001	-0.3892084231947355	0.5899212871740833	-0.006981317007977318	-0.0236	0.0637	0.2088
2452.0	-8.037333	1.274319	0.5071770000000001	-0.40840704496667307	0.7487462491055673	-0.019198621771937627	-0.0232	0.0636	0.2127
2453.0	-8.005941000000002	1.204668	0.49246200000000007	-0.4241150082346221	0.9564404300928926	-0.06283185307179587	-0.0225	0.0636	0.2155
2454.0	-7.977492000000001	1.1772	0.45224100000000006	-0.4520402762665313	1.1955505376161157	-0.11868238913561441	-0.0223	0.0637	0.2175
2455.0	-7.914708	1.129131	0.385533	-0.4537856055185257	1.265363707695889	-0.15009831567151233	-0.0222	0.0637	0.2178
2456.0	-7.886259	1.076157	0.2943	-0.4590215932745087	1.2636183784438948	-0.1954768762233649	-0.022	0.0639	0.2177
2457.0	-7.903917	1.0643850000000001	0.17167500000000002	-0.4415683007545654	1.3369222070276563	-0.22165681500327983	-0.022	0.0641	0.2159
2458.0	-7.976511000000001	1.053594	0.003924	-0.46600291028248597	1.3788101090755203	-0.25481807079117214	-0.0216	0.0643	0.2137
2459.0	-8.099136	1.0408410000000001	-0.149112	-0.42062434973063345	1.4154620233674011	-0.27052603405912107	-0.0216	0.0643	0.2104
2460.0	-8.272773	1.021221	-0.33746400000000004	-0.3961897402027128	1.4695672301792255	-0.2844886680750757	-0.0216	0.0649	0.2061
2461.0	-8.517042	0.9898290000000001	-0.565056	-0.35779249665883756	1.4154620233674011	-0.3036872898470133	-0.0214	0.0651	0.2011
2462.0	-8.811342	0.9191970000000002	-0.736731	-0.3595378259108319	1.4206980111233845	-0.3089232776029963	-0.0211	0.0651	0.1956
2463.0	-9.079155	0.86328	-0.9319500000000001	-0.3490658503988659	1.260127719939906	-0.3141592653589793	-0.0209	0.0653	0.1895
2464.0	-9.340101	0.8103060000000001	-1.058499	-0.3490658503988659	1.0821041362364843	-0.30717794835100204	-0.0207	0.0657	0.1837
2465.0	-9.650097	0.7651800000000001	-1.211535	-0.3612831551628262	0.8709192967451704	-0.29670597283903605	-0.0207	0.0659	0.1788
2466.0	-10.008162	0.7769520000000001	-1.297863	-0.3560471674068432	0.6928957130417489	-0.29496064358704166	-0.0207	0.0661	0.1742
2467.0	-10.332873	0.777933	-1.362609	-0.3560471674068432	0.6928957130417489	-0.29496064358704166	-0.0207	0.0661	0.1701
2468.0	-10.645812	0.7848	-1.3832099999999998	-0.3560471674068432	0.6928957130417489	-0.29496064358704166	-0.0211	0.0661	0.1669
2469.0	-10.950903000000002	0.8554320000000001	-1.4165640000000002	-0.48171087355043496	0.24609142453120045	-0.3246312408709453	-0.021	0.0666	0.1638
2470.0	-11.20302	0.918216	-1.427355	-0.5567600313861911	0.05759586531581287	-0.3089232776029963	-0.0207	0.0663	0.1617
2471.0	-11.370771000000001	0.9849240000000001	-1.380267	-0.5689773361501514	-0.054105206811824215	-0.2879793265790644	-0.0209	0.0665	0.16
2472.0	-11.454156000000001	1.0643850000000001	-1.360647	-0.6073745796940266	-0.1466076571675237	-0.25481807079117214	-0.021	0.0668	0.1589
2473.0	-11.483586	1.152675	-1.359666	-0.6335545184739416	-0.2617993877991494	-0.21991148575128552	-0.0214	0.0668	0.1581
2474.0	-11.462985000000002	1.222326	-1.390077	-0.6335545184739416	-0.2617993877991494	-0.21991148575128552	-0.0217	0.0665	0.1575
2475.0	-11.357037	1.276281	-1.394982	-0.6527531402458793	-0.38746309394274114	-0.1884955592153876	-0.0221	0.0668	0.1574
2476.0	-11.142198	1.286091	-1.4302980000000003	-0.619591884457987	-0.4310963252425994	-0.21118483949131386	-0.0219	0.0668	0.1571
2477.0	-10.889100000000001	1.281186	-1.5028920000000001	-0.5969026041820608	-0.460766922526503	-0.23736477827122882	-0.0223	0.0668	0.1569
2478.0	-10.602648	1.29492	-1.5627330000000001	-0.5602506898901798	-0.4380776422505767	-0.27052603405912107	-0.0228	0.0669	0.1565
2479.0	-10.284804000000001	1.2753	-1.602954	-0.5619960191421741	-0.4258603374866164	-0.3036872898470133	-0.0231	0.0666	0.1563
2480.0	-9.997371	1.263528	-1.6382700000000001	-0.5637413483941683	-0.38048177693476387	-0.3595378259108319	-0.0237	0.0662	0.156
2481.0	-9.706995000000001	1.240965	-1.6922249999999999	-0.5811946409141117	-0.34732052114687156	-0.41364303272265607	-0.024	0.066	0.1559
2482.0	-9.468612	1.229193	-1.71675	-0.582939970166106	-0.2792526803190927	-0.47123889803846897	-0.0243	0.0656	0.1558
2483.0	-9.32931	1.2380220000000002	-1.5480180000000001	-0.5934119456780721	-0.2181661564992912	-0.5009094953223726	-0.0244	0.0654	0.1551
2484.0	-9.234153000000001	1.187991	-1.4136210000000002	-0.5637413483941683	-0.2303834612632515	-0.4799655442984406	-0.0246	0.0652	0.155
2485.0	-9.350892000000002	1.2576420000000001	-0.75537	-0.5183627878423158	-0.23212879051524585	-0.4014257279586958	-0.0242	0.0646	0.1524
2486.0	-9.737406	1.1693520000000002	0.157941	-0.3612831551628262	-0.47472955654245763	-0.21118483949131386	-0.0248	0.0644	0.1512
2487.0	-10.160217000000001	1.0967580000000001	1.110492	-0.3612831551628262	-0.47472955654245763	-0.21118483949131386	-0.0249	0.0642	0.15
2488.0	-10.617363000000001	1.004544	2.05029	-0.3612831551628262	-0.47472955654245763	-0.21118483949131386	-0.0249	0.0641	0.1489
2489.0	-10.793943	0.151074	2.301426	0.38222710618675815	-0.1954768762233649	0.8028514559173916	-0.0252	0.0639	0.1482
2490.0	-10.649735999999999	-0.339426	2.552562	0.26703537555513246	-0.15533430342749532	0.8063421144213803	-0.0254	0.0636	0.1468
2491.0	-10.727235	-0.5405310000000001	3.05091	-0.0890117918517108	-0.006981317007977318	0.7871434926494426	-0.0256	0.0638	0.1404
2492.0	-11.07549	-0.52974	3.6669780000000003	-0.35255650890285456	0.08726646259971647	0.8621926504851988	-0.0255	0.064	0.1393
2493.0	-11.430612	-0.40221	4.185927	-0.26005405854715513	-0.10471975511965978	0.9546951008408983	-0.0256	0.064	0.1345
2494.0	-11.74257	-0.21385800000000002	4.73823	-0.26005405854715513	-0.10471975511965978	0.9546951008408983	-0.0256	0.0642	0.1292
2495.0	-11.735702999999999	-0.002943	4.658769	0.04014257279586958	-0.3385938748868999	1.0035643198967394	-0.0258	0.0642	0.1246
2496.0	-11.355075000000001	0.30999600000000005	4.330134	0.04363323129985824	-0.39269908169872414	0.9389871375729493	-0.0256	0.0639	0.1206
2497.0	-10.907739000000001	0.49736700000000006	3.9102660000000005	0.07679448708775051	-0.32986722862692824	0.8203047484373349	-0.0256	0.0642	0.1181
2498.0	-10.459422000000002	0.458127	3.389355	0.048869219055841226	-0.2879793265790644	0.5846852994181004	-0.0254	0.0642	0.1146
2499.0	-10.637964	1.022202	3.487455	0.19373154697137057	0.08726646259971647	0.19896753472735357	-0.0247	0.0642	0.1105
2500.0	-11.320739999999999	1.097739	3.6228330000000004	0.30717794835100204	0.6370451769779303	-0.158824961931484	-0.0243	0.0646	0.1067
2501.0	-11.540484	0.8377740000000001	3.3873930000000003	0.3735004599267865	-0.2234021442552742	-0.34033920413889424	-0.0239	0.0643	0.1106
2502.0	-11.480642999999999	0.35512200000000005	2.991069	0.3735004599267865	-0.2234021442552742	-0.34033920413889424	-0.0237	0.0642	0.1091
2503.0	-11.186343	-0.17265600000000003	2.4858540000000002	0.49567350756638956	-0.317649923862968	-0.3665191429188092	-0.0234	0.0642	0.1121
2504.0	-10.742931	-0.566037	1.9718100000000003	0.5288347633542818	-0.26005405854715513	-0.30543261909900765	-0.0229	0.064	0.1156
2505.0	-10.405467	-0.950589	1.580391	0.5427973973702365	0.0	-0.25481807079117214	-0.0228	0.0639	0.1204
2506.0	-10.24164	-1.182105	1.135998	0.5305800926062761	0.317649923862968	-0.2565634000431664	-0.0228	0.0639	0.1239
2507.0	-10.117053000000002	-1.2429270000000001	0.787743	0.5253441048502933	0.5061454830783556	-0.2792526803190927	-0.0221	0.0634	0.1286
2508.0	-9.971865	-1.062423	0.553284	0.5619960191421741	0.5515240436302081	-0.33161255787892263	-0.0216	0.0628	0.1342
2509.0	-9.520605000000002	-0.7337880000000001	0.374742	0.5899212871740833	0.6370451769779303	-0.39793506945470714	-0.0219	0.0628	0.1401
2510.0	-8.893746	-0.28547100000000003	0.148131	0.5899212871740833	0.6370451769779303	-0.39793506945470714	-0.0217	0.0627	0.1463
2511.0	-8.541567	0.22464900000000002	0.066708	0.5899212871740833	0.6370451769779303	-0.39793506945470714	-0.0216	0.0626	0.1499
2512.0	-8.189388000000001	0.73575	-0.013734000000000001	0.5899212871740833	0.6370451769779303	-0.39793506945470714	-0.0216	0.0626	0.1535
2513.0	-7.891164000000001	1.004544	0.14322600000000002	0.8464846872172498	-0.18675022996339324	-0.3490658503988659	-0.0216	0.0619	0.1577
2514.0	-7.775406	1.065366	0.31392000000000003	0.9686577348568529	-0.3560471674068432	-0.27401669256310973	-0.0219	0.0614	0.1614
2515.0	-7.741071000000001	0.911349	0.396324	1.0419615634406147	-0.32986722862692824	-0.16406094968746698	-0.0216	0.0612	0.165
2516.0	-7.734204	0.65727	0.37866600000000006	0.9128071987930343	-0.23212879051524585	-0.054105206811824215	-0.0212	0.0608	0.1684
2517.0	-7.897050000000001	0.474804	0.282528	0.788888821901437	-0.10471975511965978	0.059341194567807204	-0.0211	0.0604	0.1688
2518.0	-8.136414	0.385533	0.120663	0.6614797865058508	-0.07679448708775051	0.17453292519943295	-0.0212	0.0604	0.1699
2519.0	-8.365968	0.458127	-0.06572700000000001	0.47298422729046335	-0.2844886680750757	0.2530727415391778	-0.021	0.0603	0.1707
2520.0	-8.512137000000001	0.654327	-0.261927	0.31066860685499065	-0.40840704496667307	0.312413936106985	-0.021	0.0601	0.1711
2521.0	-8.659287	0.849546	-0.45714600000000005	0.31066860685499065	-0.40840704496667307	0.312413936106985	-0.0211	0.06	0.1716
2522.0	-8.805456	1.044765	-0.6523650000000001	0.31066860685499065	-0.40840704496667307	0.312413936106985	-0.0211	0.0598	0.1721
2523.0	-9.046782	1.39302	-1.044765	0.31066860685499065	-0.40840704496667307	0.312413936106985	-0.0211	0.0604	0.1719
2524.0	-9.27045	1.6637760000000001	-1.2753	-0.23561944901923448	-0.054105206811824215	0.22863813201125716	-0.0207	0.0611	0.1718
2525.0	-9.512757	1.9453230000000001	-1.357704	-0.27052603405912107	-0.10821041362364843	0.1832595714594046	-0.0207	0.0609	0.1723
2526.0	-9.70209	2.104245	-1.323369	-0.26005405854715513	-0.17278759594743864	0.13962634015954636	-0.0207	0.0612	0.1724
2527.0	-9.734463	2.0601	-1.1870100000000001	-0.21467549799530256	-0.20420352248333654	0.11868238913561441	-0.0197	0.0616	0.1729
2528.0	-9.664812	1.822698	-1.001601	-0.11344640137963143	-0.25132741228718347	0.0942477796076938	-0.0191	0.062	0.1728
2529.0	-9.54513	1.354761	-0.8093250000000001	-0.003490658503988659	-0.22514747350726852	0.05235987755982989	-0.0189	0.0622	0.1725
2530.0	-9.500004	0.7396739999999999	-0.659232	0.10821041362364843	-0.15009831567151233	0.010471975511965976	-0.0184	0.0623	0.1732
2531.0	-9.461745	0.113796	-0.5395500000000001	0.12391837689159739	-0.10821041362364843	-0.027925268031909273	-0.0182	0.0625	0.1754
2532.0	-9.403866	-0.49246200000000007	-0.41202000000000005	0.2129301687433082	-0.07504915783575616	-0.04014257279586958	-0.0178	0.0626	0.1761
2533.0	-9.37836	-1.074195	-0.29135700000000003	0.2879793265790644	-0.06806784082777885	-0.09075712110370514	-0.0171	0.0625	0.1768
2534.0	-9.331272	-1.466595	-0.30312900000000004	0.317649923862968	-0.041887902047863905	-0.0890117918517108	-0.0168	0.062	0.178
2535.0	-9.217476	-1.704978	-0.363951	0.3508111796508603	-0.06283185307179587	-0.07853981633974483	-0.0164	0.0625	0.1761
2536.0	-9.055611	-1.790325	-0.39534300000000006	0.3769911184307752	-0.12566370614359174	-0.04363323129985824	-0.0157	0.0625	0.1768
2537.0	-8.959473000000001	-1.707921	-0.335502	0.36302848441482055	-0.15707963267948966	-0.0017453292519943296	-0.0168	0.0627	0.1753
2538.0	-9.114471	-1.486215	0.152055	0.20245819323134223	-0.32288591161895097	-0.0471238898038469	-0.0171	0.0626	0.1758
2539.0	-9.381303	-1.02024	0.950589	0.08552113334772216	-0.7644542123735163	-0.143116998663535	-0.0174	0.0624	0.1764
2540.0	-9.513738	-0.287433	1.3665330000000002	-0.3455751918948773	-0.7958701389094143	-0.2129301687433082	-0.0181	0.0623	0.1757
2541.0	-9.675603	0.677871	1.666719	-0.4310963252425994	-0.27401669256310973	-0.3595378259108319	-0.018	0.0627	0.1736
2542.0	-9.821772000000001	1.52055	2.0169360000000003	-0.35779249665883756	0.25132741228718347	-0.5009094953223726	-0.0183	0.0627	0.1725
2543.0	-9.848259	2.0296890000000003	2.241585	-0.3909537524467298	0.3089232776029963	-0.5201081170943103	-0.019	0.0628	0.171
2544.0	-10.012086	2.253357	2.3563620000000003	-0.28099800957108706	0.43982297150257105	-0.4223696789826277	-0.0196	0.063	0.1699
2545.0	-10.363284	2.304369	2.625156	-0.18151424220741028	0.39793506945470714	-0.30019663134302466	-0.0203	0.063	0.1721
2546.0	-10.772361000000002	2.202345	2.9940120000000006	0.005235987755982988	0.04014257279586958	-0.15533430342749532	-0.0212	0.0631	0.1716
2547.0	-11.291310000000001	1.9404180000000002	3.39426	0.10297442586766545	-0.013962634015954637	-0.0890117918517108	-0.0214	0.0629	0.1742
2548.0	-11.788677	1.6157070000000002	3.4335	0.048869219055841226	-0.022689280275926284	-0.07504915783575616	-0.0219	0.0627	0.1729
2549.0	-12.239937000000001	1.162485	3.110751	0.022689280275926284	-0.32637657012293964	-0.12740903539558607	-0.0223	0.0628	0.1736
2550.0	-12.832461	0.46695600000000004	3.218661	0.022689280275926284	-0.32637657012293964	-0.12740903539558607	-0.0224	0.0628	0.1749
2551.0	-13.388688	-0.45126	3.47274	0.022689280275926284	-0.32637657012293964	-0.12740903539558607	-0.0229	0.0622	0.1761
2552.0	-13.97925	-1.2645089999999999	3.669921	0.022689280275926284	-0.32637657012293964	-0.12740903539558607	-0.0234	0.0622	0.1778
2553.0	-14.659083	-1.768743	3.999537	0.022689280275926284	-0.32637657012293964	-0.12740903539558607	-0.0236	0.0622	0.1798
2554.0	-15.206481000000002	-2.0287080000000004	4.405671	0.022689280275926284	-0.32637657012293964	-0.12740903539558607	-0.0238	0.0622	0.1809
2555.0	-15.588090000000001	-2.1807630000000002	4.658769	0.022689280275926284	-0.32637657012293964	-0.12740903539558607	-0.024	0.0621	0.1816
2556.0	-15.199614000000002	-2.045385	4.592061	0.20420352248333654	-0.33510321638291124	-0.11693705988362008	-0.0235	0.0623	0.1807
2557.0	-14.578641000000001	-1.804059	4.372317	0.1710422666954443	-0.317649923862968	-0.05585053606381855	-0.0234	0.062	0.1795
2558.0	-13.69476	-1.50093	4.052511000000001	0.19722220547535926	-0.42062434973063345	-0.003490658503988659	-0.0234	0.0622	0.1801
2559.0	-12.701988	-1.241946	3.797451	0.23561944901923448	-0.4869468613064179	0.041887902047863905	-0.0231	0.062	0.1787
2560.0	-11.718045	-0.958437	3.4550820000000004	0.18675022996339324	-0.3665191429188092	0.061086523819801536	-0.0227	0.0621	0.1773
2561.0	-10.725273	-0.639612	3.1235040000000005	0.1413716694115407	-0.2303834612632515	0.1117010721276371	-0.0225	0.0621	0.1759
2562.0	-9.733482	-0.320787	2.790945	0.1413716694115407	-0.2303834612632515	0.1117010721276371	-0.0224	0.062	0.1745
2563.0	-8.74071	-0.001962	2.459367	0.1413716694115407	-0.2303834612632515	0.1117010721276371	-0.0222	0.062	0.1732
2564.0	-7.748919000000001	0.31686300000000006	2.126808	0.1413716694115407	-0.2303834612632515	0.1117010721276371	-0.022	0.062	0.1718
2565.0	-6.8709240000000005	0.738693	1.770705	0.03316125578789226	-0.4852015320544236	0.4223696789826277	-0.0223	0.0621	0.1705
2566.0	-6.75909	0.9662850000000001	1.640232	0.06632251157578452	-0.2879793265790644	0.5218534463463045	-0.0225	0.062	0.1706
2567.0	-6.630579	1.150713	1.525455	0.09250245035569947	-0.3420845333908886	0.5585053606381855	-0.0226	0.062	0.1704
2568.0	-6.581529000000001	1.217421	1.3861530000000002	0.09599310885968812	-0.11693705988362008	0.5619960191421741	-0.0227	0.0619	0.1702
2569.0	-6.633522	1.3017870000000002	1.2772620000000001	0.07853981633974483	0.020943951023931952	0.5288347633542818	-0.0228	0.0622	0.17
2570.0	-6.684534	1.3684950000000002	1.246851	0.059341194567807204	0.16406094968746698	0.4799655442984406	-0.0233	0.062	0.1701
2571.0	-6.769881000000001	1.42245	1.152675	0.031415926535897934	0.2932153143350474	0.40840704496667307	-0.0237	0.0621	0.1701
2572.0	-6.902316000000001	1.5146640000000002	1.084005	-0.003490658503988659	0.4590215932745087	0.33161255787892263	-0.0237	0.0622	0.1697
2573.0	-7.072029000000001	1.573524	0.9888480000000001	-0.038397243543875255	0.5515240436302081	0.25132741228718347	-0.0237	0.062	0.1697
2574.0	-7.289811	1.6314030000000002	0.9093870000000001	-0.08726646259971647	0.5899212871740833	0.20943951023931956	-0.0237	0.0623	0.1693
2575.0	-7.398702	1.5813720000000002	0.84366	-0.12042771838760874	0.5707226654021458	0.12566370614359174	-0.0233	0.0621	0.1691
2576.0	-7.477182	1.542132	0.7661610000000001	-0.12566370614359174	0.5567600313861911	0.06806784082777885	-0.0236	0.0619	0.1688
2577.0	-7.646895	1.521531	0.6759090000000001	-0.12566370614359174	0.5567600313861911	0.06806784082777885	-0.0238	0.0619	0.1681
2578.0	-7.787178	1.5342840000000002	0.623916	-0.12740903539558607	0.5899212871740833	0.0	-0.0238	0.0622	0.1677
2579.0	-7.889202000000001	1.4793479999999999	0.558189	-0.13264502315156904	0.6422811647339133	-0.029670597283903602	-0.024	0.0619	0.1675
2580.0	-7.974549	1.379286	0.46597500000000003	-0.12391837689159739	0.6894050545377601	-0.0471238898038469	-0.024	0.0621	0.1669
2581.0	-8.005941000000002	1.289034	0.5032530000000001	-0.11693705988362008	0.7312929565856241	-0.08377580409572781	-0.0236	0.062	0.1665
2582.0	-7.98534	1.172295	0.45126	-0.09599310885968812	0.8237954069413236	-0.1291543646475804	-0.0234	0.0617	0.1665
2583.0	-7.944138	1.092834	0.424773	-0.11693705988362008	0.9756390518648302	-0.1780235837034216	-0.0231	0.062	0.1662
2584.0	-7.894107	1.022202	0.34335000000000004	-0.12740903539558607	1.13271868454432	-0.23212879051524585	-0.023	0.0618	0.1663
2585.0	-7.836228	0.9574560000000001	0.271737	-0.12740903539558607	1.13271868454432	-0.23212879051524585	-0.0228	0.062	0.1661
2586.0	-7.800912	0.875052	0.133416	-0.16406094968746698	1.3753194505715316	-0.32637657012293964	-0.0225	0.062	0.166
2587.0	-7.801893000000001	0.8083440000000001	-0.014715	-0.17627825445142728	1.5376350710070041	-0.3385938748868999	-0.0221	0.0621	0.166
2588.0	-7.871544	0.74556	-0.174618	-0.16755160819145562	1.6458454846306527	-0.33335788713091696	-0.022	0.0621	0.1659
2589.0	-8.042238	0.7485030000000001	-0.36297	-0.16580627893946132	1.7086773377024487	-0.32986722862692824	-0.0215	0.062	0.1657
2590.0	-8.296317	0.778914	-0.524835	-0.16406094968746698	1.6859880574265222	-0.3141592653589793	-0.0211	0.0616	0.1657
2591.0	-8.635743	0.821097	-0.7239780000000001	-0.19373154697137057	1.4486232791552935	-0.2879793265790644	-0.0208	0.0613	0.1656
2592.0	-9.001656	0.874071	-0.835812	-0.27052603405912107	1.2234758056480248	-0.24958208303518914	-0.0206	0.0614	0.1652
2593.0	-9.411714	0.9525510000000001	-0.9888480000000001	-0.3368485456349056	0.9040805525330626	-0.19896753472735357	-0.0207	0.0613	0.1647
2594.0	-9.852183	1.0378980000000002	-1.134036	-0.41538836197465046	0.6824237375297829	-0.17453292519943295	-0.0204	0.0613	0.1643
2595.0	-10.387809	1.138941	-1.239003	-0.5044001538263612	0.4799655442984406	-0.17278759594743864	-0.0202	0.061	0.1639
2596.0	-10.894986000000001	1.3017870000000002	-1.297863	-0.5969026041820608	0.36826447217080355	-0.158824961931484	-0.02	0.0611	0.1639
2597.0	-11.365866	1.4479560000000002	-1.345932	-0.5969026041820608	0.36826447217080355	-0.158824961931484	-0.02	0.0612	0.1638
2598.0	-11.647413	1.639251	-1.3684950000000002	-0.7278022980816354	-0.06806784082777885	-0.12042771838760874	-0.02	0.0605	0.1637
2599.0	-11.806335	1.787382	-1.408716	-0.7400196028455958	-0.10297442586766545	-0.11693705988362008	-0.0201	0.0605	0.1639
2600.0	-11.873043	1.894311	-1.466595	-0.7330382858376184	-0.10995574287564276	-0.12566370614359174	-0.0203	0.0608	0.1638
2601.0	-11.842632000000002	1.982601	-1.5450750000000002	-0.7382742735936013	-0.1780235837034216	-0.12740903539558607	-0.0205	0.0612	0.1641
2602.0	-11.781810000000002	2.0385180000000003	-1.630422	-0.7661995416255106	-0.21118483949131386	-0.12740903539558607	-0.0205	0.0615	0.1642
2603.0	-11.665071000000001	2.010069	-1.71675	-0.7923794804054256	-0.18675022996339324	-0.13264502315156904	-0.0204	0.0613	0.1649
2604.0	-11.473776	1.950228	-1.7746290000000002	-0.8360127117052838	-0.25132741228718347	-0.13962634015954636	-0.0207	0.0613	0.1653
2605.0	-11.186343	1.8737100000000002	-1.8727289999999999	-0.8360127117052838	-0.25132741228718347	-0.13962634015954636	-0.0209	0.0615	0.1658
2606.0	-10.883214	1.79523	-1.954152	-0.8342673824532895	-0.22514747350726852	-0.19722220547535926	-0.0211	0.0612	0.1658
2607.0	-10.539864000000001	1.731465	-2.03067	-0.8866272600131193	-0.3089232776029963	-0.25481807079117214	-0.0213	0.061	0.1656
2608.0	-10.300500000000001	1.6677000000000002	-2.122884	-0.8901179185171081	-0.32288591161895097	-0.33510321638291124	-0.0212	0.0614	0.1654
2609.0	-10.09449	1.632384	-2.1935160000000002	-0.9634217471008699	-0.22165681500327983	-0.4380776422505767	-0.0211	0.0615	0.1651
2610.0	-9.932625	1.703997	-2.065005	-1.0227629416686772	-0.25132741228718347	-0.48171087355043496	-0.0209	0.0612	0.1652
2611.0	-9.855126	1.741275	-1.7658	-0.9756390518648302	-0.3595378259108319	-0.4415683007545654	-0.0213	0.0609	0.1651
2612.0	-10.103319	1.916874	-0.9711900000000001	-0.7993607974134029	-0.3193952531149623	-0.22863813201125716	-0.0212	0.0609	0.1655
2613.0	-10.742931	1.575486	0.15499800000000002	-0.10297442586766545	-0.40840704496667307	0.1413716694115407	-0.0212	0.0608	0.1651
2614.0	-11.406087000000001	0.5375880000000001	0.7661610000000001	0.3455751918948773	-0.2932153143350474	0.6021385919380436	-0.0212	0.0608	0.1649
2615.0	-11.633679	-0.543474	0.9329310000000001	0.3141592653589793	0.15009831567151233	0.8045967851693859	-0.0209	0.0607	0.1647
2616.0	-11.408049000000002	-1.2870720000000002	1.345932	0.26878070480712674	0.12740903539558607	0.8395033702092726	-0.0208	0.0611	0.1644
2617.0	-11.445327	-1.711845	1.936494	0.038397243543875255	0.33335788713091696	0.8377580409572782	-0.0206	0.0613	0.1646
2618.0	-11.681748	-1.9227600000000002	2.640852	-0.2722713633111154	0.32114058236695664	0.7644542123735163	-0.0205	0.0615	0.1647
2619.0	-12.036870000000002	-1.9109880000000001	3.346191	-0.3385938748868999	-0.006981317007977318	0.7051130178057091	-0.0203	0.0617	0.165
2620.0	-12.288987	-1.9453230000000001	3.8121660000000004	-0.23387411976724015	-0.03490658503988659	0.7749261878854823	-0.0206	0.0619	0.1649
2621.0	-12.462624	-1.959057	4.037796	-0.0942477796076938	-0.14486232791552936	0.8098327729253689	-0.0204	0.0621	0.1645
2622.0	-12.215412	-2.112093	3.770964	-0.08028514559173916	-0.09599310885968812	0.7504915783575618	-0.0206	0.0623	0.1638
2623.0	-11.455137	-1.7942490000000002	3.166668	-0.017453292519943295	-0.1954768762233649	0.6387905062299246	-0.0211	0.0628	0.1634
2624.0	-10.70271	-0.910368	2.9400570000000004	0.022689280275926284	-0.3246312408709453	0.4677482395344803	-0.0212	0.0626	0.1631
2625.0	-10.532016000000002	-0.064746	3.1244850000000004	0.12566370614359174	-0.2617993877991494	0.1954768762233649	-0.0214	0.0628	0.1626
2626.0	-11.05587	0.253098	3.101922	0.1832595714594046	0.26878070480712674	-0.05759586531581287	-0.0215	0.0627	0.1627
2627.0	-11.156913000000001	0.16088400000000003	2.7821160000000003	0.317649923862968	0.3246312408709453	-0.21642082724729686	-0.0217	0.0626	0.162
2628.0	-10.996029	-0.157941	2.3259510000000003	0.39968039870670147	-0.2897246558310587	-0.28099800957108706	-0.0216	0.0626	0.1619
2629.0	-10.719387000000001	-0.6288210000000001	1.864881	0.4869468613064179	-0.1308996938995747	-0.2722713633111154	-0.0217	0.0624	0.1613
2630.0	-10.438821	-0.9711900000000001	1.454823	0.4939281783143953	-0.010471975511965976	-0.28623399732707	-0.0215	0.0625	0.161
2631.0	-10.083699000000001	-1.24587	1.114416	0.5218534463463045	0.11868238913561441	-0.24434609527920614	-0.0213	0.0623	0.161
2632.0	-9.776646000000001	-1.394982	0.721035	0.5061454830783556	0.20943951023931956	-0.2181661564992912	-0.0213	0.0618	0.1612
2633.0	-9.629496000000001	-1.3537800000000002	0.41202000000000005	0.4939281783143953	0.32114058236695664	-0.24085543677521748	-0.0213	0.0613	0.1612
2634.0	-9.458802	-1.16739	0.243288	0.4939281783143953	0.32114058236695664	-0.24085543677521748	-0.0216	0.0613	0.1609
2635.0	-9.154692	-0.782838	0.384552	0.4468042885105484	0.3159045946109737	-0.3735004599267865	-0.0218	0.0611	0.1613
2636.0	-8.659287	-0.277623	0.636669	0.6789330790257941	-0.019198621771937627	-0.3961897402027128	-0.0215	0.0609	0.1616
2637.0	-8.312994000000002	0.124587	1.0791000000000002	0.8377580409572782	-0.44331363000655966	-0.40491638646268446	-0.0212	0.0608	0.1622
2638.0	-8.039295000000001	0.28056600000000004	1.509759	1.2095131716320704	-0.5881759579220891	-0.4241150082346221	-0.0213	0.0607	0.1624
2639.0	-7.727337	0.10398600000000001	1.6824150000000002	1.5254177662430441	-0.460766922526503	-0.43458698374658805	-0.0215	0.0606	0.1623
2640.0	-7.426170000000001	-0.17265600000000003	1.6824150000000002	1.5742869852988852	-0.1291543646475804	-0.4118977034706618	-0.0212	0.0604	0.1622
2641.0	-7.375158000000001	-0.38357100000000005	1.4675760000000002	1.3491395117916167	-0.06283185307179587	-0.32812189937493397	-0.0213	0.0602	0.1622
2642.0	-7.694964000000001	-0.486576	1.253718	1.1885692206081384	0.05585053606381855	-0.14486232791552936	-0.0212	0.06	0.1626
2643.0	-8.105022000000002	-0.36297	0.976095	0.8552113334772214	0.1117010721276371	0.06981317007977318	-0.0209	0.0598	0.1631
2644.0	-8.42679	0.059841000000000005	0.713187	0.45553093477052004	-0.4014257279586958	0.24085543677521748	-0.0208	0.0596	0.1636
2645.0	-8.562168	0.5140440000000001	0.248193	0.20245819323134223	-0.7295476273336297	0.33510321638291124	-0.0211	0.0593	0.1637
2646.0	-8.566092	0.9211590000000001	-0.23936400000000002	-0.0	-0.7120943348136864	0.32288591161895097	-0.0213	0.0593	0.1635
2647.0	-8.628876000000002	1.312578	-0.693567	-0.1308996938995747	-0.4886921905584123	0.2827433388230814	-0.0216	0.0592	0.1633
2648.0	-8.746596	1.735389	-0.999639	-0.18675022996339324	-0.29496064358704166	0.25481807079117214	-0.0222	0.0589	0.1635
2649.0	-8.953587	2.228832	-1.044765	-0.15707963267948966	-0.3089232776029963	0.23387411976724015	-0.0222	0.059	0.1641
2650.0	-9.255735000000001	2.5702200000000004	-0.9378360000000001	-0.06981317007977318	-0.2827433388230814	0.2426007660272118	-0.0227	0.0589	0.1647
2651.0	-9.424467	2.6702820000000003	-0.72594	0.059341194567807204	-0.2722713633111154	0.2234021442552742	-0.0232	0.059	0.1652
2652.0	-9.292032	2.482911	-0.5258160000000001	0.17976891295541594	-0.23736477827122882	0.20943951023931956	-0.0236	0.0592	0.1654
2653.0	-9.025200000000002	1.9816200000000002	-0.298224	0.17976891295541594	-0.23736477827122882	0.20943951023931956	-0.024	0.0595	0.1658
2654.0	-8.837829000000001	1.161504	-0.153036	0.2722713633111154	-0.06283185307179587	0.1413716694115407	-0.0239	0.0596	0.1664
2655.0	-8.818209000000001	0.24623100000000003	-0.08044200000000001	0.317649923862968	-0.03316125578789226	0.1117010721276371	-0.0241	0.0599	0.1666
2656.0	-8.968302000000001	-0.5160060000000001	-0.08044200000000001	0.34033920413889424	0.031415926535897934	0.0715584993317675	-0.0247	0.0601	0.1669
2657.0	-9.175293	-1.035936	-0.21680100000000002	0.32114058236695664	0.06806784082777885	0.03316125578789226	-0.0251	0.0604	0.1673
2658.0	-9.308709	-1.312578	-0.367875	0.317649923862968	-0.024434609527920613	0.019198621771937627	-0.025	0.0609	0.1679
2659.0	-9.334215	-1.370457	-0.5042340000000001	0.32288591161895097	-0.09948376736367678	0.0017453292519943296	-0.0253	0.0612	0.1692
2660.0	-9.296937	-1.2998250000000002	-0.563094	0.38746309394274114	-0.24609142453120045	-0.010471975511965976	-0.0256	0.0612	0.1707
2661.0	-9.382284	-1.115397	-0.079461	0.4241150082346221	-0.20943951023931956	-0.024434609527920613	-0.0253	0.0612	0.1729
2662.0	-9.487251	-0.7651800000000001	0.6523650000000001	0.34033920413889424	-0.3961897402027128	-0.15009831567151233	-0.0251	0.0613	0.1751
2663.0	-9.480384	-0.244269	1.005525	0.3490658503988659	-0.6283185307179586	-0.28099800957108706	-0.0248	0.0612	0.1781
2664.0	-9.480384	0.419868	1.308654	0.12042771838760874	-0.32637657012293964	-0.32986722862692824	-0.0251	0.0613	0.1813
2665.0	-9.569655000000001	0.9201779999999999	1.723617	0.13439035240356337	0.04014257279586958	-0.4677482395344803	-0.0247	0.0614	0.1852
2666.0	-9.773703	1.2753	2.130732	0.06806784082777885	0.32637657012293964	-0.6161012259539983	-0.0242	0.0612	0.1898
2667.0	-9.987561000000001	1.550961	2.332818	-0.061086523819801536	0.3961897402027128	-0.6719517620178169	-0.0239	0.061	0.1949
2668.0	-10.254393	1.7913060000000003	2.461329	-0.061086523819801536	0.3961897402027128	-0.6719517620178169	-0.0238	0.0606	0.1994
2669.0	-10.739007	1.8658620000000001	2.645757	-0.17627825445142728	0.28623399732707	-0.47123889803846897	-0.0233	0.0604	0.2044
2670.0	-11.383524000000001	1.8403559999999999	2.963601	-0.16231562043547265	0.20420352248333654	-0.3595378259108319	-0.0228	0.0604	0.2091
2671.0	-11.934846	1.7108640000000002	2.943	-0.24085543677521748	0.010471975511965976	-0.2617993877991494	-0.0227	0.0604	0.2128
2672.0	-12.442023	1.4489370000000001	2.6997120000000003	-0.32114058236695664	-0.22514747350726852	-0.1780235837034216	-0.0226	0.0601	0.2164
2673.0	-13.042394999999999	1.080081	2.813508	-0.3455751918948773	-0.26878070480712674	-0.13962634015954636	-0.0227	0.0602	0.2188
2674.0	-13.532895	0.610182	3.055815	-0.2775073510670984	-0.20943951023931956	-0.143116998663535	-0.0223	0.0602	0.2204
2675.0	-13.800708000000002	0.277623	3.175497	-0.23212879051524585	-0.2565634000431664	-0.15533430342749532	-0.0223	0.0601	0.2207
2676.0	-13.766373	-0.013734000000000001	3.136257	-0.18675022996339324	-0.32812189937493397	-0.17278759594743864	-0.0222	0.06	0.22
2677.0	-13.526028	-0.259965	3.3452100000000002	-0.1308996938995747	-0.3752457891787809	-0.16406094968746698	-0.0219	0.0598	0.2183
2678.0	-13.185621000000001	-0.550341	3.5208090000000003	-0.0	-0.3892084231947355	-0.143116998663535	-0.0218	0.0599	0.216
2679.0	-12.593097000000002	-0.6817950000000002	3.609099	0.07679448708775051	-0.4904375198104066	-0.10297442586766545	-0.0218	0.0601	0.2122
2680.0	-11.868138	-0.727902	3.5159040000000004	0.17453292519943295	-0.5061454830783556	-0.03316125578789226	-0.022	0.0602	0.2079
2681.0	-11.136312	-0.694548	3.283407	0.14835298641951802	-0.40491638646268446	0.020943951023931952	-0.022	0.0605	0.2029
2682.0	-10.337778000000002	-0.5935050000000001	3.048948	0.07330382858376185	-0.46949356878647464	0.07853981633974483	-0.022	0.0612	0.1978
2683.0	-9.520605000000002	-0.498348	2.9057220000000004	0.059341194567807204	-0.45029494701453704	0.13962634015954636	-0.022	0.061	0.193
2684.0	-8.88786	-0.39043800000000006	2.705598	0.04014257279586958	-0.27576202181510406	0.1884955592153876	-0.0218	0.0614	0.1885
2685.0	-8.447391	-0.173637	2.519208	-0.026179938779914945	-0.16231562043547265	0.21642082724729686	-0.0216	0.0619	0.1842
2686.0	-8.065782	0.132435	2.41326	0.038397243543875255	-0.3438298626428829	0.27576202181510406	-0.0216	0.0622	0.1803
2687.0	-7.897050000000001	0.45224100000000006	2.301426	-0.1308996938995747	-0.2617993877991494	0.3438298626428829	-0.0217	0.0627	0.1767
2688.0	-7.648857	0.7759710000000001	2.116998	-0.03316125578789226	-0.3595378259108319	0.4276056667386107	-0.0213	0.063	0.1737
2689.0	-7.597845	1.063404	2.003202	0.008726646259971648	-0.31066860685499065	0.49741883681838395	-0.0213	0.0632	0.1711
2690.0	-7.538004	1.289034	1.881558	-0.026179938779914945	0.005235987755982988	0.5288347633542818	-0.0213	0.0638	0.169
2691.0	-7.427151	1.525455	1.7520660000000001	-0.05235987755982989	-0.05235987755982989	0.5358160803622591	-0.021	0.064	0.1675
2692.0	-7.421265	1.75599	1.6765290000000002	-0.08552113334772216	0.03665191429188092	0.4886921905584123	-0.0208	0.064	0.1668
2693.0	-7.480125	1.911969	1.4626710000000003	-0.11344640137963143	0.16929693744344995	0.4642575810304917	-0.0211	0.0646	0.1659
2694.0	-7.473258	2.058138	1.344951	-0.15707963267948966	0.22863813201125716	0.4188790204786391	-0.0212	0.0647	0.1652
2695.0	-7.415379000000001	2.0473470000000002	1.2036870000000002	-0.1954768762233649	0.3036872898470133	0.3769911184307752	-0.0213	0.0645	0.165
2696.0	-7.461486000000001	1.998297	1.120302	-0.27401669256310973	0.3839724354387525	0.33510321638291124	-0.0215	0.0648	0.1646
2697.0	-7.447752	1.884501	1.01043	-0.33335788713091696	0.4118977034706618	0.27401669256310973	-0.0215	0.0647	0.1645
2698.0	-7.6439520000000005	1.83447	0.999639	-0.36477381366681483	0.4852015320544236	0.20420352248333654	-0.0218	0.0647	0.1642
2699.0	-7.753824000000001	1.78542	0.943722	-0.4223696789826277	0.5009094953223726	0.15707963267948966	-0.0221	0.0645	0.1638
2700.0	-7.886259	1.80504	0.9290070000000001	-0.4310963252425994	0.5445427266222308	0.13962634015954636	-0.0224	0.0642	0.1636
2701.0	-8.017713	1.788363	0.915273	-0.49567350756638956	0.5846852994181004	0.143116998663535	-0.0228	0.0642	0.1638
2702.0	-8.074611	1.7196930000000001	0.86328	-0.5375614096142535	0.6056292504420324	0.1413716694115407	-0.0229	0.0638	0.1624
2703.0	-8.090307000000001	1.654947	0.8789760000000001	-0.5794493116621174	0.6736970912698113	0.12391837689159739	-0.0228	0.0634	0.1611
2704.0	-8.128566000000001	1.5646950000000002	0.8240400000000001	-0.619591884457987	0.8080874436733745	0.09599310885968812	-0.0229	0.0627	0.1599
2705.0	-8.158977	1.4803290000000002	0.7975530000000001	-0.6614797865058508	0.9337511498169663	0.061086523819801536	-0.0229	0.0622	0.159
2706.0	-8.137395	1.3694760000000001	0.697491	-0.6667157742618339	1.0053096491487339	0.013962634015954637	-0.023	0.0617	0.1555
2707.0	-8.09325	1.278243	0.611163	-0.6789330790257941	1.0873401239924672	-0.027925268031909273	-0.0235	0.0617	0.1537
2708.0	-8.061858	1.153656	0.5032530000000001	-0.6579891280018623	1.218239817892042	-0.061086523819801536	-0.0235	0.0614	0.1481
2709.0	-8.030466	1.0172970000000001	0.38259000000000004	-0.6178465552059926	1.3526301702956054	-0.11344640137963143	-0.0238	0.0613	0.1446
2710.0	-8.003979	0.8475840000000001	0.22268700000000002	-0.5742133239061344	1.4172073526193956	-0.16057029118347832	-0.0237	0.0614	0.1404
2711.0	-8.032428	0.72594	0.069651	-0.5131268000863328	1.5254177662430441	-0.23212879051524585	-0.0235	0.0612	0.1334
2712.0	-8.134452000000001	0.569961	-0.120663	-0.47298422729046335	1.5742869852988852	-0.22689280275926285	-0.0237	0.0614	0.1292
2713.0	-8.262963000000001	0.46891800000000006	-0.334521	-0.4363323129985824	1.603957582582789	-0.23561944901923448	-0.0233	0.0615	0.1226
2714.0	-8.364987000000001	0.368856	-0.5277780000000001	-0.4363323129985824	1.603957582582789	-0.23561944901923448	-0.0231	0.062	0.1155
2715.0	-8.469954	0.28547100000000003	-0.726921	-0.4363323129985824	1.603957582582789	-0.23561944901923448	-0.0229	0.0624	0.1081
2716.0	-8.601408000000001	0.221706	-0.8799570000000001	-0.4363323129985824	1.603957582582789	-0.23561944901923448	-0.0225	0.0627	0.1036
2717.0	-8.960454	0.155979	-1.058499	-0.31066860685499065	1.0890854532444616	-0.25132741228718347	-0.0223	0.0627	0.0988
2718.0	-9.296937	0.11968200000000001	-1.198782	-0.2792526803190927	0.778416846389471	-0.22165681500327983	-0.022	0.0626	0.0989
2719.0	-9.677565000000001	0.135378	-1.315521	-0.2897246558310587	0.5794493116621174	-0.17278759594743864	-0.0213	0.0629	0.0978
2720.0	-10.106262000000001	0.22563	-1.424412	-0.3700098014227979	0.4852015320544236	-0.16231562043547265	-0.0212	0.0625	0.0971
2721.0	-10.493757000000002	0.32471099999999997	-1.4803290000000002	-0.48171087355043496	0.31066860685499065	-0.17278759594743864	-0.021	0.0624	0.0986
2722.0	-10.823373	0.516987	-1.456785	-0.4520402762665313	0.1117010721276371	-0.16755160819145562	-0.0209	0.0622	0.0995
2723.0	-11.087262	0.698472	-1.46169	-0.5585053606381855	0.0	-0.17278759594743864	-0.0213	0.062	0.1046
2724.0	-11.306025000000002	0.881919	-1.4489370000000001	-0.5462880558742251	-0.15707963267948966	-0.15533430342749532	-0.0217	0.0618	0.1101
2725.0	-11.466909000000001	1.0575180000000002	-1.434222	-0.57246799465414	-0.23911010752322315	-0.12042771838760874	-0.0221	0.0616	0.1163
2726.0	-11.61504	1.224288	-1.4361840000000001	-0.5969026041820608	-0.312413936106985	-0.10995574287564276	-0.0221	0.0612	0.1224
2727.0	-11.517921	1.4018490000000001	-1.375362	-0.6178465552059926	-0.3159045946109737	-0.1064650843716541	-0.0219	0.061	0.1272
2728.0	-11.39922	1.55979	-1.360647	-0.6684611035138281	-0.3769911184307752	-0.10821041362364843	-0.0217	0.0608	0.1342
2729.0	-11.229507000000002	1.679472	-1.3537800000000002	-0.6684611035138281	-0.3769911184307752	-0.10821041362364843	-0.0218	0.0604	0.1406
2730.0	-11.003877	1.7520660000000001	-1.3390650000000002	-0.6684611035138281	-0.3769911184307752	-0.10821041362364843	-0.0215	0.0601	0.147
2731.0	-10.786095	1.7962110000000002	-1.352799	-0.6684611035138281	-0.3769911184307752	-0.10821041362364843	-0.0213	0.0598	0.1539
2732.0	-10.503567	1.7746290000000002	-1.4185260000000002	-0.7051130178057091	-0.4188790204786391	-0.2059488517353309	-0.0215	0.0597	0.1585
2733.0	-10.267146	1.702035	-1.42245	-0.6911503837897546	-0.3560471674068432	-0.25132741228718347	-0.0212	0.0594	0.162
2734.0	-10.069965	1.6009920000000002	-1.5136830000000001	-0.6806784082777885	-0.34033920413889424	-0.30019663134302466	-0.0208	0.0592	0.1654
2735.0	-9.922815000000002	1.5176070000000002	-1.5960870000000003	-0.7138396640656808	-0.30194196059501904	-0.3385938748868999	-0.0206	0.0591	0.1679
2736.0	-9.825696	1.458747	-1.6009920000000002	-0.7487462491055673	-0.21467549799530256	-0.4014257279586958	-0.0203	0.0588	0.1705
2737.0	-9.797247	1.443051	-1.493082	-0.7487462491055673	-0.30019663134302466	-0.39793506945470714	-0.0201	0.0587	0.1729
2738.0	-9.768798	1.4312790000000002	-1.3498560000000002	-0.7487462491055673	-0.30019663134302466	-0.39793506945470714	-0.0202	0.0588	0.1721
2739.0	-10.018953000000002	1.5019110000000002	-0.6278400000000001	-0.5951572749300664	-0.34033920413889424	-0.26878070480712674	-0.0202	0.0587	0.1716
2740.0	-10.524168	1.214478	0.20012400000000002	-0.38571776469074687	-0.4276056667386107	-0.03490658503988659	-0.0202	0.0588	0.1712
2741.0	-11.187324000000002	0.334521	0.693567	0.12217304763960307	-0.16231562043547265	0.291469985083053	-0.0204	0.0589	0.1709
2742.0	-11.586591	-0.506196	1.0143540000000002	0.26878070480712674	-0.09948376736367678	0.5323254218582705	-0.0202	0.0589	0.1711
2743.0	-11.447289000000001	-1.1075490000000001	1.0898910000000002	0.25132741228718347	-0.1308996938995747	0.5532693728822025	-0.0192	0.0593	0.1715
2744.0	-11.325645000000002	-1.4008680000000002	1.449918	0.13962634015954636	0.08028514559173916	0.5078908123303499	-0.0186	0.0598	0.1715
2745.0	-11.410992	-1.5460559999999999	1.892349	-0.08552113334772216	0.33161255787892263	0.460766922526503	-0.0179	0.0599	0.1716
2746.0	-11.755323	-1.5460559999999999	2.4299370000000002	-0.30019663134302466	0.30019663134302466	0.4991641660703783	-0.0173	0.0604	0.172
2747.0	-12.160476000000001	-1.52055	2.9361330000000003	-0.24434609527920614	0.15358897417550102	0.6335545184739416	-0.0165	0.0607	0.1719
2748.0	-12.381201	-1.459728	3.415842	-0.20245819323134223	-0.17627825445142728	0.7976154681614086	-0.0154	0.0608	0.1719
2749.0	-12.081996	-1.4479560000000002	3.2363190000000004	-0.09250245035569947	-0.44331363000655966	0.8936085770210968	-0.0148	0.0614	0.1734
2750.0	-11.476719	-1.094796	2.9596770000000006	-0.0942477796076938	-0.30543261909900765	0.8796459430051421	-0.0146	0.0618	0.1724
2751.0	-10.671318000000001	-0.178542	2.9753730000000003	-0.06283185307179587	-0.26878070480712674	0.8115781021773633	-0.0137	0.0624	0.1721
2752.0	-10.223001	0.730845	3.183345	-0.06283185307179587	-0.26878070480712674	0.8115781021773633	-0.0129	0.0629	0.1723
2753.0	-10.297557000000001	1.161504	3.45312	0.008726646259971648	-0.23387411976724015	0.39968039870670147	-0.0133	0.0633	0.1707
2754.0	-10.603629	1.1654280000000001	3.445272	0.09250245035569947	0.24609142453120045	0.0715584993317675	-0.014	0.0633	0.1726
2755.0	-10.825334999999999	0.917235	3.299103	0.17453292519943295	0.5148721293383273	-0.20769418098732523	-0.014	0.0638	0.1721
2756.0	-10.701729	0.505215	2.9361330000000003	0.26529004630313807	0.20420352248333654	-0.2879793265790644	-0.0146	0.064	0.1691
2757.0	-10.29069	0.10889100000000002	2.488797	0.25481807079117214	-0.041887902047863905	-0.2792526803190927	-0.0155	0.0641	0.1697
2758.0	-9.980694000000002	-0.243288	2.035575	0.23561944901923448	-0.0471238898038469	-0.22863813201125716	-0.0165	0.0643	0.1707
2759.0	-9.833544	-0.5366070000000001	1.623555	0.30019663134302466	0.019198621771937627	-0.18500490071139894	-0.0171	0.0643	0.1668
2760.0	-9.636363	-0.7396739999999999	1.2036870000000002	0.30717794835100204	0.1832595714594046	-0.16580627893946132	-0.0171	0.0642	0.1672
2761.0	-9.422505000000001	-0.791667	0.848565	0.3368485456349056	0.20420352248333654	-0.20420352248333654	-0.0176	0.064	0.166
2762.0	-9.190989	-0.834831	0.523854	0.25132741228718347	0.43458698374658805	-0.25132741228718347	-0.0185	0.0637	0.1671
2763.0	-9.047763	-0.6278400000000001	0.463032	0.2844886680750757	0.35779249665883756	-0.3036872898470133	-0.019	0.0633	0.169
2764.0	-8.771121	-0.26290800000000003	0.64746	0.45029494701453704	0.143116998663535	-0.33335788713091696	-0.0186	0.0632	0.1666
2765.0	-8.394417	0.08534699999999999	0.948627	0.8552113334772214	0.0017453292519943296	-0.3752457891787809	-0.0196	0.0628	0.1671
2766.0	-7.990245000000001	0.204048	1.213497	1.1309733552923256	-0.3508111796508603	-0.41538836197465046	-0.0203	0.0627	0.1681
2767.0	-7.777368	0.073575	1.303749	1.2740903539558606	-0.1954768762233649	-0.4014257279586958	-0.0203	0.0623	0.1681
2768.0	-7.645914	-0.13439700000000002	1.4253930000000001	1.2740903539558606	-0.1954768762233649	-0.4014257279586958	-0.0206	0.062	0.1674
2769.0	-7.595883000000001	-0.438507	1.585296	1.2740903539558606	-0.1954768762233649	-0.4014257279586958	-0.0207	0.0615	0.17
2770.0	-7.644933	-0.8142300000000001	1.7442180000000003	1.2740903539558606	-0.1954768762233649	-0.4014257279586958	-0.0213	0.0613	0.1707
2771.0	-7.752843	-1.312578	1.881558	1.2740903539558606	-0.1954768762233649	-0.4014257279586958	-0.0216	0.061	0.172
2772.0	-7.879392000000001	-1.8187740000000001	1.9875060000000002	1.2740903539558606	-0.1954768762233649	-0.4014257279586958	-0.0216	0.0608	0.1711
2773.0	-7.940214	-2.321046	2.003202	1.2740903539558606	-0.1954768762233649	-0.4014257279586958	-0.0216	0.0606	0.1709
2774.0	-7.929423000000001	-1.921779	1.568619	-0.1780235837034216	-0.47123889803846897	0.17976891295541594	-0.0219	0.0607	0.1709
2775.0	-7.906860000000001	-1.5617520000000003	1.168371	-0.27401669256310973	-0.30717794835100204	0.15009831567151233	-0.0215	0.0606	0.1707
2776.0	-7.996131000000001	-1.153656	0.942741	-0.28099800957108706	-0.2303834612632515	0.11868238913561441	-0.0214	0.0608	0.1724
2777.0	-8.088345	-0.7328070000000001	0.870147	-0.22165681500327983	-0.26529004630313807	0.12042771838760874	-0.0212	0.0608	0.1716
2778.0	-8.189388000000001	-0.453222	0.781857	-0.12391837689159739	-0.26529004630313807	0.12740903539558607	-0.0212	0.0608	0.1709
2779.0	-8.302203	-0.241326	0.630783	0.029670597283903602	-0.24958208303518914	0.1361356816555577	-0.0209	0.0612	0.1702
2780.0	-8.415018	-0.082404	0.467937	0.16057029118347832	-0.1832595714594046	0.12042771838760874	-0.021	0.0611	0.1695
2781.0	-8.543529000000001	0.032373	0.24034500000000003	0.2181661564992912	-0.13788101090755203	0.0942477796076938	-0.0209	0.0613	0.1688
2782.0	-8.620047000000001	0.133416	0.001962	0.30019663134302466	-0.1466076571675237	0.11519173063162574	-0.0208	0.0617	0.1682
2783.0	-8.696565	0.23544	-0.23544	0.30019663134302466	-0.1466076571675237	0.11519173063162574	-0.0208	0.0621	0.1676
2784.0	-8.736786	-0.575847	-0.209934	0.30019663134302466	-0.1466076571675237	0.11519173063162574	-0.0209	0.0622	0.1676
2785.0	-8.84862	-1.175238	-0.336483	0.39269908169872414	0.0	0.041887902047863905	-0.0208	0.0623	0.1673
2786.0	-8.925138	-1.588239	-0.542493	0.39269908169872414	0.0	0.041887902047863905	-0.0206	0.0623	0.1668
2787.0	-9.021276	-1.670643	-0.646479	0.34732052114687156	-0.13962634015954636	0.026179938779914945	-0.0207	0.0626	0.167
2788.0	-9.110547	-1.6117830000000002	-0.734769	0.34732052114687156	-0.13962634015954636	0.026179938779914945	-0.0206	0.0629	0.1672
2789.0	-9.158616	-1.4136210000000002	-0.512082	0.3420845333908886	-0.2932153143350474	0.0645771823237902	-0.0208	0.0629	0.1673
2790.0	-9.205704	-1.164447	-0.276642	0.3420845333908886	-0.2932153143350474	0.0645771823237902	-0.0207	0.0635	0.1673
2791.0	-9.341082	-0.6847380000000001	0.41594400000000004	0.059341194567807204	-0.8883725892651138	-0.14486232791552936	-0.0209	0.0634	0.1676
2792.0	-9.488232	0.054936000000000006	0.801477	-0.3159045946109737	-0.4328416544945937	-0.19896753472735357	-0.0212	0.0633	0.1677
2793.0	-9.635382	0.796572	1.1870100000000001	-0.3159045946109737	-0.4328416544945937	-0.19896753472735357	-0.0214	0.0631	0.1679
2794.0	-9.997371	1.455804	1.668681	-0.20420352248333654	0.24434609527920614	-0.5567600313861911	-0.0213	0.0633	0.1679
2795.0	-10.25145	1.882539	2.055195	-0.31066860685499065	0.22165681500327983	-0.5515240436302081	-0.0215	0.0632	0.1682
2796.0	-10.543788000000001	2.166048	2.2955400000000004	-0.32986722862692824	0.16929693744344995	-0.44331363000655966	-0.0215	0.0631	0.1683
2797.0	-10.912644	2.1572190000000004	2.559429	-0.17278759594743864	0.08726646259971647	-0.2932153143350474	-0.0217	0.0628	0.1683
2798.0	-11.392353	2.013993	2.9361330000000003	-0.0942477796076938	-0.020943951023931952	-0.18500490071139894	-0.0217	0.0627	0.1683
2799.0	-12.014307	1.7128260000000002	3.2029650000000003	-0.1064650843716541	-0.1466076571675237	-0.11519173063162574	-0.0219	0.0625	0.1685
2800.0	-12.693159000000001	1.399887	3.4854930000000004	-0.09773843811168245	-0.3420845333908886	-0.03665191429188092	-0.0224	0.0622	0.1686
2801.0	-13.098312	0.95157	3.3667920000000002	-0.04014257279586958	-0.5201081170943103	0.0	-0.0223	0.0623	0.1686
2802.0	-13.543686000000001	0.25506	3.566916	-0.04014257279586958	-0.5201081170943103	0.0	-0.0222	0.0621	0.1687
2803.0	-13.98906	-0.43948800000000005	3.76704	-0.04014257279586958	-0.5201081170943103	0.0	-0.022	0.062	0.1687
2804.0	-13.922352	-0.8907480000000001	3.7611540000000003	0.16580627893946132	-0.25132741228718347	-0.07330382858376185	-0.0223	0.0616	0.1687
2805.0	-13.734981	-1.186029	3.870045	0.17453292519943295	-0.26354471705114374	-0.08377580409572781	-0.0221	0.0613	0.1687
2806.0	-13.407327	-1.346913	4.0946940000000005	0.2234021442552742	-0.2583087292951608	-0.08203047484373349	-0.0223	0.0612	0.1687
2807.0	-12.967839000000001	-1.388115	4.185927	0.2234021442552742	-0.2583087292951608	-0.08203047484373349	-0.0224	0.0613	0.1687
2808.0	-12.416517	-1.29492	4.165326	0.2234021442552742	-0.2583087292951608	-0.08203047484373349	-0.0226	0.0612	0.1687
2809.0	-11.75238	-1.116378	4.004442	0.2234021442552742	-0.2583087292951608	-0.08203047484373349	-0.0227	0.0612	0.1684
2810.0	-11.032326000000001	-0.9241020000000001	3.827862	0.2234021442552742	-0.2583087292951608	-0.08203047484373349	-0.0224	0.0612	0.1683
2811.0	-10.481985	-0.782838	3.65913	0.2234021442552742	-0.2583087292951608	-0.08203047484373349	-0.0225	0.0612	0.1682
2812.0	-9.775665000000002	-0.49050000000000005	3.303027	0.1780235837034216	-0.19896753472735357	0.1413716694115407	-0.0224	0.061	0.1684
2813.0	-9.13311	-0.18344700000000003	3.016575	0.15184364492350666	-0.2879793265790644	0.19024088846738194	-0.0224	0.0613	0.1689
2814.0	-8.788779	-0.04022100000000001	2.839014	0.15184364492350666	-0.2879793265790644	0.19024088846738194	-0.0223	0.0615	0.1695
2815.0	-8.552358	0.203067	2.631042	0.18675022996339324	-0.38571776469074687	0.29496064358704166	-0.0223	0.062	0.1695
2816.0	-8.41698	0.45616500000000004	2.4515190000000002	0.18675022996339324	-0.38571776469074687	0.29496064358704166	-0.0221	0.0621	0.1696
2817.0	-8.280621	0.677871	2.311236	0.25132741228718347	-0.3490658503988659	0.41015237421866746	-0.0221	0.0621	0.1699
2818.0	-8.123661	0.848565	2.202345	0.29496064358704166	-0.20420352248333654	0.4188790204786391	-0.0223	0.0623	0.1702
2819.0	-7.967682000000001	1.02024	2.092473	0.29496064358704166	-0.20420352248333654	0.4188790204786391	-0.0225	0.0626	0.1705
2820.0	-7.761672000000001	1.191915	1.965924	0.31066860685499065	0.022689280275926284	0.4118977034706618	-0.0225	0.0626	0.1705
2821.0	-7.594902	1.387134	1.749123	0.24609142453120045	0.1832595714594046	0.3735004599267865	-0.0221	0.0628	0.1706
2822.0	-7.6361040000000004	1.484253	1.703016	0.19373154697137057	0.3595378259108319	0.34033920413889424	-0.0221	0.0629	0.1705
2823.0	-7.658667	1.6166880000000001	1.5970680000000002	0.13439035240356337	0.47123889803846897	0.2984513020910304	-0.0221	0.0628	0.1699
2824.0	-7.720470000000001	1.7667810000000002	1.507797	0.06632251157578452	0.5113814708343386	0.2303834612632515	-0.0219	0.063	0.1696
2825.0	-7.828380000000001	1.8236790000000003	1.46169	-0.0	0.4520402762665313	0.17453292519943295	-0.0218	0.0628	0.1697
2826.0	-7.891164000000001	1.8639000000000001	1.3910580000000001	-0.022689280275926284	0.43458698374658805	0.12566370614359174	-0.022	0.0628	0.1698
2827.0	-7.938252	1.9247220000000003	1.3027680000000001	-0.07853981633974483	0.5096361415823443	0.11344640137963143	-0.0221	0.0628	0.1696
2828.0	-7.991226	1.998297	1.205649	-0.12391837689159739	0.5515240436302081	0.10821041362364843	-0.0218	0.0627	0.1694
2829.0	-8.035371000000001	2.058138	1.067328	-0.15358897417550102	0.6003932626860493	0.0890117918517108	-0.0214	0.0626	0.1691
2830.0	-8.125623000000001	2.108169	0.9290070000000001	-0.17278759594743864	0.6562437987498679	0.08552113334772216	-0.0213	0.0629	0.1691
2831.0	-8.148186	2.134656	0.927045	-0.1954768762233649	0.7103490055616922	0.06806784082777885	-0.0215	0.063	0.169
2832.0	-8.09325	2.095416	0.9044820000000001	-0.24434609527920614	0.7592182246175333	0.029670597283903602	-0.0213	0.0633	0.169
2833.0	-7.997112	1.982601	0.8475840000000001	-0.2827433388230814	0.8761552845011534	-0.005235987755982988	-0.0213	0.063	0.169
2834.0	-7.862715000000001	1.852128	0.7749900000000001	-0.2827433388230814	0.8761552845011534	-0.005235987755982988	-0.0216	0.0624	0.1686
2835.0	-7.724394	1.7285220000000001	0.7200540000000001	-0.2827433388230814	0.8761552845011534	-0.005235987755982988	-0.0219	0.0623	0.1685
2836.0	-7.632180000000001	1.619631	0.688662	-0.2827433388230814	0.8761552845011534	-0.005235987755982988	-0.0219	0.0619	0.1683
2837.0	-7.648857	1.508778	0.533664	-0.4014257279586958	1.3229595730117016	-0.2234021442552742	-0.0217	0.062	0.168
2838.0	-7.695945	1.3861530000000002	0.328635	-0.41364303272265607	1.4329153158873444	-0.27401669256310973	-0.0214	0.0619	0.1676
2839.0	-7.787178	1.2350790000000003	0.154017	-0.43458698374658805	1.53588974175501	-0.32637657012293964	-0.0217	0.062	0.167
2840.0	-7.897050000000001	1.082043	0.013734000000000001	-0.38222710618675815	1.5132004614790837	-0.3420845333908886	-0.0214	0.062	0.1664
2841.0	-8.033409	0.929988	-0.256041	-0.3752457891787809	1.4765485471872026	-0.33510321638291124	-0.0214	0.0616	0.1657
2842.0	-8.195274000000001	0.793629	-0.488538	-0.3752457891787809	1.4765485471872026	-0.33510321638291124	-0.0216	0.0613	0.1647
2843.0	-8.352234000000001	0.678852	-0.697491	-0.3752457891787809	1.4765485471872026	-0.33510321638291124	-0.0214	0.0614	0.164
2844.0	-8.690679000000001	0.615087	-0.8829	-0.2617993877991494	1.3945180723434694	-0.3141592653589793	-0.0211	0.0615	0.1632
2845.0	-9.098775	0.531702	-1.095777	-0.27401669256310973	1.2217304763960306	-0.26703537555513246	-0.0211	0.0616	0.1625
2846.0	-9.477441	0.50031	-1.274319	-0.22863813201125716	0.9913470151327791	-0.2234021442552742	-0.0209	0.0619	0.1618
2847.0	-9.86886	0.516987	-1.347894	-0.29496064358704166	0.6038839211900381	-0.2059488517353309	-0.0209	0.0619	0.1613
2848.0	-10.292652	0.542493	-1.360647	-0.3193952531149623	0.5113814708343386	-0.20245819323134223	-0.0211	0.062	0.1607
2849.0	-10.677204000000001	0.6523650000000001	-1.4018490000000001	-0.34732052114687156	0.3752457891787809	-0.158824961931484	-0.0212	0.062	0.1606
2850.0	-10.989162000000002	0.827964	-1.4302980000000003	-0.44331363000655966	0.10297442586766545	-0.12740903539558607	-0.021	0.0617	0.1607
2851.0	-11.257956	1.0663470000000002	-1.34397	-0.4886921905584123	-0.041887902047863905	-0.13264502315156904	-0.0213	0.0621	0.1611
2852.0	-11.525769	1.345932	-1.3008060000000001	-0.6579891280018623	-0.07679448708775051	-0.1117010721276371	-0.0213	0.0621	0.1614
2853.0	-11.727855	1.593144	-1.2556800000000001	-0.6492624817418906	-0.11693705988362008	-0.10297442586766545	-0.0213	0.0622	0.1613
2854.0	-11.747475000000001	1.790325	-1.234098	-0.6492624817418906	-0.11693705988362008	-0.10297442586766545	-0.0214	0.0623	0.1614
2855.0	-11.630736	1.978677	-1.227231	-0.7696902001294994	-0.3246312408709453	-0.1117010721276371	-0.0215	0.0625	0.1619
2856.0	-11.513016	2.0934540000000004	-1.204668	-0.8080874436733745	-0.3892084231947355	-0.1291543646475804	-0.0219	0.0623	0.162
2857.0	-11.266785	2.135637	-1.20663	-0.8203047484373349	-0.47647488579445196	-0.143116998663535	-0.0219	0.0626	0.1621
2858.0	-10.945998	2.205288	-1.241946	-0.8325220532012952	-0.5113814708343386	-0.16929693744344995	-0.0222	0.0626	0.1623
2859.0	-10.623249	2.230794	-1.253718	-0.8464846872172498	-0.49741883681838395	-0.19024088846738194	-0.0223	0.0625	0.1623
2860.0	-10.317177000000001	2.212155	-1.2674520000000002	-0.8342673824532895	-0.4415683007545654	-0.24783675378319478	-0.0225	0.0626	0.1622
2861.0	-10.082718000000002	2.10915	-1.3518180000000002	-0.8272860654453121	-0.3944444109507185	-0.28623399732707	-0.0226	0.0623	0.162
2862.0	-9.873765	1.964943	-1.4253930000000001	-0.8709192967451704	-0.23911010752322315	-0.33335788713091696	-0.0228	0.0622	0.162
2863.0	-9.729558	1.8560520000000003	-1.525455	-0.8918632477691024	-0.19198621771937624	-0.3909537524467298	-0.0232	0.0622	0.1621
2864.0	-9.603009	1.7775720000000002	-1.51074	-0.9250245035569946	-0.16755160819145562	-0.460766922526503	-0.0233	0.0623	0.1621
2865.0	-9.620667000000001	1.7344080000000002	-1.286091	-0.9389871375729493	-0.20769418098732523	-0.4904375198104066	-0.0235	0.062	0.1617
2866.0	-9.799209000000001	1.6961490000000001	-1.067328	-0.8604473212332044	-0.32637657012293964	-0.4363323129985824	-0.0234	0.0619	0.1621
2867.0	-10.004238	1.6981110000000001	-0.825021	-0.8604473212332044	-0.32637657012293964	-0.4363323129985824	-0.0236	0.0614	0.1625
2868.0	-10.23183	1.7098830000000003	-0.583695	-0.8604473212332044	-0.32637657012293964	-0.4363323129985824	-0.0235	0.0609	0.1628
2869.0	-10.886156999999999	0.6288210000000001	-0.07749900000000001	-0.08203047484373349	-0.15184364492350666	0.17627825445142728	-0.0233	0.061	0.1632
2870.0	-11.040174	-0.24525000000000002	0.016677	0.2827433388230814	-0.23561944901923448	0.4572762640225143	-0.0235	0.0612	0.164
2871.0	-10.836126	-0.759294	0.15696000000000002	0.20769418098732523	-0.1361356816555577	0.6335545184739416	-0.0239	0.0611	0.1642
2872.0	-10.62423	-0.9329310000000001	0.515025	0.13962634015954636	0.13788101090755203	0.5742133239061344	-0.0243	0.0618	0.1643
2873.0	-10.720368	-0.976095	1.0192590000000001	-0.16929693744344995	0.30019663134302466	0.4537856055185257	-0.0241	0.0625	0.1644
2874.0	-11.131407000000001	-1.0084680000000001	1.54017	-0.38746309394274114	0.3089232776029963	0.40317105721069013	-0.0245	0.063	0.1647
2875.0	-11.489472000000001	-0.997677	1.9727910000000002	-0.31066860685499065	0.27576202181510406	0.5305800926062761	-0.0248	0.063	0.1656
2876.0	-11.403144000000001	-0.950589	2.30535	-0.12740903539558607	-0.06283185307179587	0.7312929565856241	-0.0248	0.0633	0.1664
2877.0	-11.160837	-0.910368	2.616327	-0.04014257279586958	-0.3368485456349056	0.7993607974134029	-0.0253	0.064	0.1674
2878.0	-10.89891	-0.8760330000000001	2.800755	-0.03665191429188092	-0.18675022996339324	0.767944870877505	-0.0254	0.0645	0.1695
2879.0	-10.215152999999999	0.12262500000000001	2.691864	-0.019198621771937627	-0.19198621771937624	0.6894050545377601	-0.0255	0.0649	0.1717
2880.0	-10.078794000000002	0.6906240000000001	2.87433	-0.017453292519943295	-0.25481807079117214	0.5410520681182421	-0.0257	0.0651	0.1737
2881.0	-10.276956000000002	0.918216	3.047967	-0.017453292519943295	-0.25481807079117214	0.5410520681182421	-0.0252	0.0655	0.1761
2882.0	-10.717425	0.6504030000000001	2.934171	0.006981317007977318	0.09773843811168245	-0.041887902047863905	-0.0249	0.0652	0.1797
2883.0	-10.906758	0.26290800000000003	2.7271800000000006	0.16057029118347832	0.28099800957108706	-0.22514747350726852	-0.0249	0.065	0.1841
2884.0	-10.560465	-0.10692900000000001	2.346552	0.19722220547535926	-0.029670597283903602	-0.2617993877991494	-0.0245	0.0649	0.1893
2885.0	-9.998352000000002	-0.438507	1.869786	0.16755160819145562	-0.28099800957108706	-0.26005405854715513	-0.0236	0.0656	0.194
2886.0	-9.622629	-0.697491	1.522512	0.16231562043547265	-0.09773843811168245	-0.27052603405912107	-0.0235	0.0657	0.1989
2887.0	-9.289089	-0.8328690000000001	1.350837	0.312413936106985	0.0	-0.23212879051524585	-0.023	0.0659	0.204
2888.0	-8.898651000000001	-0.905463	1.410678	0.4241150082346221	-0.16231562043547265	-0.23736477827122882	-0.0228	0.0658	0.2078
2889.0	-8.590617	-0.906444	1.649061	0.7103490055616922	-0.11344640137963143	-0.27052603405912107	-0.0227	0.0657	0.2118
2890.0	-8.273754	-0.693567	1.982601	0.7103490055616922	-0.11344640137963143	-0.27052603405912107	-0.0227	0.0656	0.2156
2891.0	-7.956891000000001	-0.48069000000000006	2.317122	0.7103490055616922	-0.11344640137963143	-0.27052603405912107	-0.0227	0.0656	0.2193
2892.0	-7.377120000000001	-0.114777	2.752686	0.7103490055616922	-0.11344640137963143	-0.27052603405912107	-0.0227	0.0659	0.2219
2893.0	-6.745356	0.238383	3.1637250000000003	0.7103490055616922	-0.11344640137963143	-0.27052603405912107	-0.0227	0.0658	0.2238
2894.0	-6.7414320000000005	0.23642100000000002	2.886102	1.4974924982111346	0.6649704450098396	-0.6108652381980153	-0.0225	0.0656	0.2223
2895.0	-7.176996000000001	0.38651399999999997	2.577087	1.3124875974997359	0.7696902001294994	-0.4241150082346221	-0.0227	0.0654	0.2205
2896.0	-7.831323	0.7651800000000001	2.1925350000000003	0.9599310885968813	0.312413936106985	-0.20245819323134223	-0.0228	0.0654	0.2174
2897.0	-8.374797000000001	1.293939	1.73637	0.619591884457987	-0.32288591161895097	-0.017453292519943295	-0.0228	0.0652	0.2138
2898.0	-8.729919	1.874691	1.2900150000000001	0.38222710618675815	-0.6859143960337715	0.041887902047863905	-0.0227	0.0653	0.2095
2899.0	-8.862354	2.430918	0.835812	0.1884955592153876	-0.598647933434055	0.061086523819801536	-0.0223	0.0654	0.2045
2900.0	-9.049725	2.7644580000000003	0.459108	0.09599310885968812	-0.32986722862692824	0.03490658503988659	-0.0223	0.0655	0.1992
2901.0	-9.26064	2.8655010000000005	0.149112	0.09773843811168245	-0.2181661564992912	0.041887902047863905	-0.0222	0.0655	0.1934
2902.0	-9.567693	2.785059	-0.218763	0.1361356816555577	-0.26703537555513246	0.1117010721276371	-0.0219	0.0657	0.1874
2903.0	-9.946359000000001	2.612403	-0.6092010000000001	0.21642082724729686	-0.18151424220741028	0.18151424220741028	-0.0217	0.0659	0.1812
2904.0	-9.888480000000001	2.715408	-0.29233800000000004	0.21642082724729686	-0.2722713633111154	0.20769418098732523	-0.0219	0.0662	0.1775
2905.0	-9.562788000000001	2.5986690000000006	-0.027468000000000003	0.23387411976724015	-0.3438298626428829	0.17976891295541594	-0.0219	0.0662	0.1738
2906.0	-9.10368	2.208231	0.199143	0.2722713633111154	-0.3368485456349056	0.1413716694115407	-0.0215	0.0663	0.1711
2907.0	-8.874126	1.6264980000000002	0.351198	0.2984513020910304	-0.2827433388230814	0.09773843811168245	-0.021	0.0666	0.1682
2908.0	-8.921214	0.948627	0.352179	0.26529004630313807	-0.13962634015954636	0.048869219055841226	-0.0209	0.0668	0.1667
2909.0	-9.091908	0.39043800000000006	0.281547	0.23561944901923448	-0.12391837689159739	0.026179938779914945	-0.0212	0.067	0.1657
2910.0	-9.183141	0.016677	0.091233	0.20769418098732523	-0.17976891295541594	0.015707963267948967	-0.0209	0.0674	0.1649
2911.0	-9.240039	-0.167751	-0.112815	0.2007128639793479	-0.17976891295541594	0.019198621771937627	-0.0212	0.0672	0.1642
2912.0	-9.176274000000001	-0.22268700000000002	-0.23936400000000002	0.19024088846738194	-0.1832595714594046	0.03665191429188092	-0.0209	0.0671	0.1637
2913.0	-9.045801	-0.26879400000000003	-0.413982	0.23736477827122882	-0.16580627893946132	0.06806784082777885	-0.0212	0.067	0.1633
2914.0	-8.963397	-0.295281	-0.47284200000000004	0.2932153143350474	-0.08726646259971647	0.0890117918517108	-0.0209	0.0669	0.163
2915.0	-8.928081	-0.344331	-0.502272	0.36477381366681483	-0.041887902047863905	0.09948376736367678	-0.0206	0.0669	0.163
2916.0	-8.928081	-0.413982	-0.42869700000000005	0.3909537524467298	-0.05759586531581287	0.12042771838760874	-0.0211	0.0668	0.1626
2917.0	-8.912385	-0.488538	-0.364932	0.45029494701453704	-0.07504915783575616	0.13962634015954636	-0.0217	0.0663	0.1626
2918.0	-8.855487	-0.530721	-0.25506	0.5323254218582705	-0.16755160819145562	0.14486232791552936	-0.0217	0.0658	0.1619
2919.0	-8.875107	-0.567999	0.126549	0.5427973973702365	-0.19373154697137057	0.12042771838760874	-0.0217	0.0654	0.1621
2920.0	-8.918271	-0.567999	0.5493600000000001	0.5427973973702365	-0.19373154697137057	0.12042771838760874	-0.022	0.0648	0.1623
2921.0	-8.997732000000001	-0.198162	1.1418840000000001	0.22863813201125716	-0.8552113334772214	-0.2984513020910304	-0.0216	0.0644	0.1619
2922.0	-9.049725	0.511101	1.2448890000000001	-0.20943951023931956	-0.39269908169872414	-0.40491638646268446	-0.0221	0.0639	0.16
2923.0	-9.097794	1.3047300000000002	1.419507	-0.20943951023931956	-0.39269908169872414	-0.40491638646268446	-0.0221	0.0636	0.1582
2924.0	-9.107604	2.100321	1.498968	-0.20943951023931956	-0.39269908169872414	-0.40491638646268446	-0.0226	0.0632	0.1565
2925.0	-9.089946	2.8968930000000004	1.647099	-0.20943951023931956	-0.39269908169872414	-0.40491638646268446	-0.0232	0.0628	0.1546
2926.0	-9.077193000000001	3.665016	1.7344080000000002	-0.20943951023931956	-0.39269908169872414	-0.40491638646268446	-0.0231	0.0626	0.1528
2927.0	-9.077193000000001	4.36545	1.822698	-0.20943951023931956	-0.39269908169872414	-0.40491638646268446	-0.0229	0.0624	0.1509
2928.0	-9.106623	5.016834	1.902159	-0.20943951023931956	-0.39269908169872414	-0.40491638646268446	-0.0233	0.0624	0.1492
2929.0	-9.828639	4.7352870000000005	1.975734	-0.4066617157146788	0.008726646259971648	0.041887902047863905	-0.0232	0.062	0.1459
2930.0	-10.482966000000001	4.465512	2.105226	-0.3787364476827695	-0.312413936106985	0.10471975511965978	-0.0235	0.0619	0.1397
2931.0	-11.006820000000001	3.930867	1.963962	-0.3665191429188092	-0.36477381366681483	0.09599310885968812	-0.024	0.0621	0.1338
2932.0	-11.492415000000001	3.1990410000000002	2.284749	-0.3036872898470133	-0.26703537555513246	0.048869219055841226	-0.024	0.0623	0.1306
2933.0	-11.875005	2.496645	2.578068	-0.19198621771937624	-0.22514747350726852	0.0	-0.024	0.062	0.1258
2934.0	-12.179115000000001	1.771686	2.858634	-0.11868238913561441	-0.2007128639793479	-0.0942477796076938	-0.0239	0.0617	0.1227
2935.0	-12.294873	0.992772	3.1686300000000003	-0.027925268031909273	-0.27401669256310973	-0.17627825445142728	-0.0235	0.0618	0.1188
2936.0	-12.27231	0.161865	3.376602	0.059341194567807204	-0.4310963252425994	-0.1832595714594046	-0.0232	0.0618	0.116
2937.0	-12.195792	-0.636669	3.5894790000000003	0.0890117918517108	-0.4241150082346221	-0.1413716694115407	-0.0232	0.0616	0.114
2938.0	-12.058452	-1.43226	3.750363	0.12740903539558607	-0.40317105721069013	-0.09773843811168245	-0.0229	0.0614	0.1123
2939.0	-11.112768	-1.2772620000000001	3.636567	0.1710422666954443	-0.41015237421866746	-0.08028514559173916	-0.0228	0.0615	0.1133
2940.0	-10.180818	-1.084005	3.4609680000000003	0.2426007660272118	-0.5619960191421741	-0.05759586531581287	-0.0226	0.0613	0.1164
2941.0	-9.355797	-0.95157	3.337362	0.2426007660272118	-0.5619960191421741	-0.05759586531581287	-0.0224	0.0612	0.1204
2942.0	-8.584731	-0.848565	3.127428	0.312413936106985	-0.5585053606381855	-0.022689280275926284	-0.0218	0.061	0.1241
2943.0	-7.987302000000001	-0.722997	2.902779	0.20245819323134223	-0.4904375198104066	0.0017453292519943296	-0.0215	0.0611	0.1285
2944.0	-7.584111	-0.45714600000000005	2.7036360000000004	0.07853981633974483	-0.12740903539558607	0.06981317007977318	-0.0213	0.0613	0.1342
2945.0	-7.513479	-0.115758	2.426994	0.06981317007977318	-0.19198621771937624	0.23561944901923448	-0.0215	0.0611	0.1421
2946.0	-7.60275	0.25211700000000004	2.336742	0.13788101090755203	0.04014257279586958	0.35255650890285456	-0.0218	0.061	0.1485
2947.0	-7.6056930000000005	0.5483790000000001	2.2366800000000002	0.15184364492350666	-0.43982297150257105	0.4310963252425994	-0.0213	0.0611	0.153
2948.0	-7.60275	0.827964	2.176839	0.2059488517353309	-0.4276056667386107	0.47647488579445196	-0.0214	0.0611	0.1575
2949.0	-7.598826	1.052613	2.035575	0.22689280275926285	-0.3490658503988659	0.4572762640225143	-0.0216	0.0611	0.1609
2950.0	-7.644933	1.213497	1.8266220000000002	0.20943951023931956	-0.1710422666954443	0.43982297150257105	-0.0211	0.0611	0.1649
2951.0	-7.692021	1.374381	1.617669	0.20943951023931956	-0.1710422666954443	0.43982297150257105	-0.0206	0.061	0.1689
2952.0	-7.775406	1.5941250000000002	1.521531	0.06981317007977318	0.0017453292519943296	0.3769911184307752	-0.0209	0.061	0.1712
2953.0	-7.827399000000001	1.784439	1.4332410000000002	0.015707963267948967	0.36477381366681483	0.3438298626428829	-0.0208	0.061	0.1748
2954.0	-7.843095	1.8266220000000002	1.3371030000000002	-0.061086523819801536	0.6126105674500097	0.34033920413889424	-0.0207	0.0608	0.1756
2955.0	-7.7606910000000005	1.820736	1.247832	-0.1466076571675237	0.640535835481919	0.30543261909900765	-0.0206	0.061	0.1751
2956.0	-7.691040000000001	1.793268	1.071252	-0.24783675378319478	0.6387905062299246	0.23561944901923448	-0.02	0.061	0.1751
2957.0	-7.746957	1.825641	0.95157	-0.3159045946109737	0.5602506898901798	0.19024088846738194	-0.0199	0.0609	0.1759
2958.0	-7.845057	1.88352	0.821097	-0.35255650890285456	0.4782202150464463	0.16580627893946132	-0.019	0.0608	0.1765
2959.0	-7.9490430000000005	1.90314	0.7200540000000001	-0.3787364476827695	0.46600291028248597	0.1466076571675237	-0.0187	0.0611	0.1765
2960.0	-8.05401	1.936494	0.6906240000000001	-0.3787364476827695	0.46600291028248597	0.1466076571675237	-0.0189	0.0613	0.1765
2961.0	-8.159958	1.9698480000000003	0.6621750000000001	-0.3787364476827695	0.46600291028248597	0.1466076571675237	-0.019	0.0616	0.1764
2962.0	-8.219799	1.825641	0.600372	-0.4572762640225143	0.7278022980816354	0.12217304763960307	-0.0184	0.0613	0.177
2963.0	-8.239419	1.6441560000000002	0.5856570000000001	-0.47472955654245763	0.8115781021773633	0.08377580409572781	-0.0178	0.0618	0.1767
2964.0	-8.19135	1.4852340000000002	0.5258160000000001	-0.47472955654245763	0.9145525280450286	0.048869219055841226	-0.0173	0.0623	0.1782
2965.0	-8.097174	1.3518180000000002	0.506196	-0.47472955654245763	0.9145525280450286	0.048869219055841226	-0.0168	0.0625	0.1795
2966.0	-7.968663	1.26549	0.488538	-0.47472955654245763	0.9145525280450286	0.048869219055841226	-0.0164	0.0627	0.1809
2967.0	-7.8548670000000005	1.158561	0.42084900000000003	-0.47472955654245763	0.9145525280450286	0.048869219055841226	-0.0162	0.0632	0.1823
2968.0	-7.765596	1.0408410000000001	0.37376100000000007	-0.47472955654245763	0.9145525280450286	0.048869219055841226	-0.0163	0.0636	0.1837
2969.0	-7.733223000000001	0.9623610000000001	0.33354000000000006	-0.47472955654245763	0.9145525280450286	0.048869219055841226	-0.0158	0.0637	0.1851
2970.0	-7.6998690000000005	0.8829	0.293319	-0.47472955654245763	0.9145525280450286	0.048869219055841226	-0.0152	0.0638	0.1865
2971.0	-7.9156889999999995	0.801477	0.129492	-0.5707226654021458	1.6790067404185451	-0.22165681500327983	-0.0145	0.0638	0.1844
2972.0	-8.192331	0.7995150000000001	-0.025506	-0.6021385919380436	1.5254177662430441	-0.23911010752322315	-0.0148	0.0642	0.1834
2973.0	-8.528814	0.7985340000000001	-0.25702200000000003	-0.5881759579220891	1.4643312424232426	-0.24085543677521748	-0.0153	0.0644	0.1824
2974.0	-8.877069	0.8299259999999999	-0.417906	-0.5899212871740833	1.2636183784438948	-0.22514747350726852	-0.0151	0.0642	0.1809
2975.0	-9.180198	0.854451	-0.6092010000000001	-0.5707226654021458	1.0471975511965976	-0.2059488517353309	-0.0152	0.0644	0.1778
2976.0	-9.47646	0.8721090000000001	-0.8004960000000001	-0.6003932626860493	0.9564404300928926	-0.1832595714594046	-0.0153	0.0642	0.175
2977.0	-9.843354000000001	0.9142920000000001	-0.918216	-0.619591884457987	0.8011061266653973	-0.158824961931484	-0.0156	0.0641	0.1727
2978.0	-10.239678000000001	0.9142920000000001	-1.0791000000000002	-0.6649704450098396	0.5742133239061344	-0.15533430342749532	-0.016	0.0641	0.1713
2979.0	-10.678185000000001	0.9191970000000002	-1.202706	-0.6963863715457375	0.35255650890285456	-0.158824961931484	-0.0163	0.0641	0.17
2980.0	-11.076471	0.940779	-1.338084	-0.6911503837897546	0.11519173063162574	-0.14486232791552936	-0.0167	0.0642	0.1691
2981.0	-11.21283	0.9859050000000001	-1.395963	-0.7260569688296411	-0.09948376736367678	-0.12566370614359174	-0.0177	0.0645	0.17
2982.0	-11.291310000000001	1.007487	-1.4018490000000001	-0.7295476273336297	-0.13439035240356337	-0.11693705988362008	-0.0179	0.0643	0.1711
2983.0	-11.294253000000001	1.032993	-1.364571	-0.7330382858376184	-0.1710422666954443	-0.1064650843716541	-0.0181	0.0639	0.1731
2984.0	-11.256975	1.05948	-1.342008	-0.7365289443416071	-0.25481807079117214	-0.10122909661567112	-0.0187	0.0641	0.1744
2985.0	-11.263842000000002	1.090872	-1.2900150000000001	-0.7365289443416071	-0.25481807079117214	-0.10122909661567112	-0.019	0.0638	0.1772
2986.0	-11.235393	1.160523	-1.237041	-0.7173303225696694	-0.43982297150257105	-0.1361356816555577	-0.0191	0.0641	0.1788
2987.0	-11.082357	1.179162	-1.266471	-0.7120943348136864	-0.5288347633542818	-0.16057029118347832	-0.0196	0.0642	0.1779
2988.0	-10.874385	1.246851	-1.246851	-0.7103490055616922	-0.57246799465414	-0.19198621771937624	-0.0196	0.0645	0.1775
2989.0	-10.587933	1.321407	-1.217421	-0.7400196028455958	-0.5654866776461628	-0.22863813201125716	-0.0196	0.0642	0.1768
2990.0	-10.330911	1.394001	-1.253718	-0.7696902001294994	-0.5201081170943103	-0.25132741228718347	-0.0198	0.0642	0.1751
2991.0	-10.063098	1.419507	-1.26549	-0.7923794804054256	-0.4066617157146788	-0.27052603405912107	-0.0195	0.0642	0.1756
2992.0	-9.856107	1.4656140000000002	-1.3008060000000001	-0.8150687606813519	-0.27401669256310973	-0.29670597283903605	-0.02	0.0644	0.1745
2993.0	-9.678546	1.531341	-1.2919770000000002	-0.8499753457212386	-0.15533430342749532	-0.33510321638291124	-0.0199	0.0643	0.1733
2994.0	-9.622629	1.585296	-1.16739	-0.8307767239493009	-0.09948376736367678	-0.3508111796508603	-0.0199	0.0645	0.1709
2995.0	-9.640287	1.5666570000000002	-1.080081	-0.8150687606813519	-0.19722220547535926	-0.33335788713091696	-0.0199	0.0649	0.1686
2996.0	-9.892404	1.6255169999999999	-0.531702	-0.7958701389094143	-0.3159045946109737	-0.2792526803190927	-0.0202	0.0649	0.1673
2997.0	-10.525149	1.3841910000000002	0.331578	-0.6667157742618339	-0.4118977034706618	-0.09250245035569947	-0.0199	0.0647	0.1682
2998.0	-11.33055	0.464994	0.771066	-0.05759586531581287	-0.3368485456349056	0.2530727415391778	-0.0199	0.0646	0.1673
2999.0	-11.787696	-0.43164	1.061442	0.34033920413889424	-0.015707963267948967	0.5201081170943103	-0.0201	0.0652	0.1667
3000.0	-11.718045	-1.068309	1.115397	0.26354471705114374	-0.07504915783575616	0.5811946409141117	-0.0201	0.0652	0.1667
3001.0	-11.640546000000002	-1.330236	1.333179	0.10995574287564276	0.22863813201125716	0.5061454830783556	-0.0201	0.0652	0.1665
3002.0	-11.703330000000001	-1.427355	1.6784910000000002	-0.19198621771937624	0.40840704496667307	0.4258603374866164	-0.0199	0.0652	0.1664
3003.0	-11.996649000000001	-1.3351410000000001	2.1758580000000003	-0.3595378259108319	0.36302848441482055	0.3839724354387525	-0.02	0.0654	0.1661
3004.0	-12.338037000000002	-1.230174	2.6055360000000003	-0.3700098014227979	0.2879793265790644	0.4572762640225143	-0.02	0.0654	0.1665
3005.0	-12.511674000000001	-1.043784	3.0636630000000005	-0.3612831551628262	0.0645771823237902	0.6143558967020041	-0.02	0.0654	0.1667
3006.0	-12.494016000000002	-0.9662850000000001	3.0597390000000004	-0.3612831551628262	0.0645771823237902	0.6143558967020041	-0.02	0.0657	0.167
3007.0	-12.150666	-0.5611320000000001	2.749743	-0.3612831551628262	0.0645771823237902	0.6143558967020041	-0.02	0.0661	0.167
3008.0	-11.22264	0.334521	2.743857	-0.2844886680750757	-0.22863813201125716	0.7382742735936013	-0.0198	0.0661	0.167
3009.0	-10.617363000000001	1.097739	2.793888	-0.20245819323134223	-0.2303834612632515	0.6928957130417489	-0.0196	0.0662	0.1668
3010.0	-10.582047000000001	1.51074	3.0685680000000004	-0.24085543677521748	-0.17453292519943295	0.5951572749300664	-0.0192	0.0663	0.1669
3011.0	-10.701729	1.44207	3.0636630000000005	-0.18500490071139894	0.04014257279586958	0.23911010752322315	-0.019	0.0665	0.1667
3012.0	-11.039193000000001	1.1281500000000002	2.916513	-0.07504915783575616	0.7243116395776468	-0.054105206811824215	-0.0188	0.0666	0.1667
3013.0	-11.086281000000001	0.622935	2.6084790000000004	-0.03665191429188092	0.10297442586766545	-0.16580627893946132	-0.0184	0.0668	0.167
3014.0	-10.710558	0.157941	2.211174	0.06981317007977318	-0.26703537555513246	-0.16231562043547265	-0.0186	0.0668	0.1667
3015.0	-10.184742	-0.275661	1.832508	0.006981317007977318	-0.26878070480712674	-0.1954768762233649	-0.0187	0.0669	0.1665
3016.0	-9.585351000000001	-0.612144	1.4793479999999999	0.05585053606381855	0.003490658503988659	-0.24085543677521748	-0.0187	0.0665	0.1665
3017.0	-8.986941	-0.948627	1.126188	0.05585053606381855	0.003490658503988659	-0.24085543677521748	-0.0188	0.0662	0.1665
3018.0	-8.826057	-1.1075490000000001	0.886824	0.05585053606381855	0.003490658503988659	-0.24085543677521748	-0.019	0.0659	0.167
3019.0	-8.770140000000001	-1.015335	1.062423	0.6230825429619757	-0.10995574287564276	-0.22514747350726852	-0.0194	0.0658	0.1673
3020.0	-8.753463	-1.0280880000000001	1.247832	1.02799892942466	-0.1413716694115407	-0.33161255787892263	-0.0196	0.0657	0.1673
3021.0	-8.638686000000002	-1.187991	1.4705190000000001	1.3788101090755203	0.17976891295541594	-0.43458698374658805	-0.0196	0.0652	0.1673
3022.0	-8.081478	-1.466595	1.4626710000000003	1.4625859131712482	0.3193952531149623	-0.49741883681838395	-0.0198	0.065	0.1673
3023.0	-7.5625290000000005	-1.668681	1.280205	1.2583823906879115	0.47123889803846897	-0.5131268000863328	-0.02	0.0647	0.1669
3024.0	-7.589016	-1.6726050000000001	1.0143540000000002	1.24965574442794	0.5515240436302081	-0.4118977034706618	-0.02	0.0643	0.1667
3025.0	-8.127585	-1.4852340000000002	0.6837570000000001	0.9546951008408983	0.5026548245743669	-0.27401669256310973	-0.0199	0.0642	0.1664
3026.0	-8.766216	-1.1134350000000002	0.34531200000000006	0.598647933434055	-0.0942477796076938	-0.12566370614359174	-0.0198	0.0645	0.1661
3027.0	-9.209628	-0.488538	0.067689	0.2844886680750757	-0.5777039824101231	-0.054105206811824215	-0.02	0.0647	0.1661
3028.0	-9.421524000000002	0.205029	-0.10104300000000001	0.07330382858376185	-0.5619960191421741	-0.008726646259971648	-0.02	0.0646	0.1661
3029.0	-9.587313	0.7485030000000001	-0.636669	0.07330382858376185	-0.5619960191421741	-0.008726646259971648	-0.0198	0.0642	0.1663
3030.0	-9.578484000000001	1.15758	-0.9005580000000001	-0.04537856055185257	-0.2303834612632515	0.05235987755982989	-0.02	0.0644	0.1664
3031.0	-9.658926000000001	1.6117830000000002	-1.013373	0.0715584993317675	-0.16580627893946132	0.07853981633974483	-0.02	0.0645	0.1665
3032.0	-9.844335000000001	2.101302	-0.918216	0.1308996938995747	-0.2879793265790644	0.09948376736367678	-0.0196	0.0648	0.1665
3033.0	-10.047402	2.4201270000000004	-0.7318260000000001	0.20769418098732523	-0.3159045946109737	0.09773843811168245	-0.0195	0.0652	0.167
3034.0	-9.974808	2.4750630000000005	-0.464994	0.26529004630313807	-0.4066617157146788	0.08377580409572781	-0.0194	0.0653	0.1673
3035.0	-9.631458	2.299464	-0.14322600000000002	0.26529004630313807	-0.4066617157146788	0.08377580409572781	-0.0194	0.065	0.1678
3036.0	-9.261621000000002	1.8403559999999999	0.158922	0.26529004630313807	-0.4066617157146788	0.08377580409572781	-0.0195	0.0646	0.168
3037.0	-9.037953	1.201725	0.305091	0.4276056667386107	-0.2007128639793479	0.003490658503988659	-0.0192	0.0647	0.1678
3038.0	-9.045801	0.493443	0.34236900000000003	0.4276056667386107	-0.2007128639793479	0.003490658503988659	-0.019	0.0651	0.1676
3039.0	-9.068364	-0.161865	0.36198900000000006	0.40491638646268446	-0.1466076571675237	-0.026179938779914945	-0.0195	0.0653	0.1677
3040.0	-9.188046	-0.47872800000000004	0.20601000000000003	0.3944444109507185	-0.158824961931484	-0.008726646259971648	-0.0196	0.0654	0.1677
3041.0	-9.182160000000001	-0.617049	-0.012753	0.3560471674068432	-0.21642082724729686	0.010471975511965976	-0.0195	0.0655	0.1676
3042.0	-9.13311	-0.63765	-0.17069399999999998	0.36302848441482055	-0.19373154697137057	0.031415926535897934	-0.02	0.0655	0.1675
3043.0	-9.111528	-0.5817330000000001	-0.250155	0.35779249665883756	-0.1710422666954443	0.06283185307179587	-0.0201	0.0656	0.1674
3044.0	-9.091908	-0.554265	-0.282528	0.3665191429188092	-0.16231562043547265	0.0890117918517108	-0.0203	0.066	0.1673
3045.0	-9.089946	-0.48461400000000004	-0.336483	0.38571776469074687	-0.1954768762233649	0.11519173063162574	-0.0204	0.0664	0.1672
3046.0	-9.068364	-0.376704	-0.35021700000000006	0.44331363000655966	-0.23212879051524585	0.12740903539558607	-0.0207	0.0668	0.1671
3047.0	-9.109566000000001	-0.307053	-0.32667300000000005	0.5218534463463045	-0.23911010752322315	0.11868238913561441	-0.0208	0.0668	0.1674
3048.0	-9.164502	-0.23544	-0.102024	0.47472955654245763	-0.32288591161895097	0.05585053606381855	-0.0212	0.0666	0.1676
3049.0	-9.326367000000001	-0.197181	0.694548	0.3368485456349056	-0.7435102613495844	-0.13962634015954636	-0.0209	0.0668	0.1677
3050.0	-9.426429	-0.066708	0.9702090000000001	0.26529004630313807	-0.8988445647770797	-0.2932153143350474	-0.0208	0.0663	0.1677
3051.0	-9.431334000000001	0.436545	1.1978010000000001	-0.04537856055185257	-0.23911010752322315	-0.3839724354387525	-0.021	0.0665	0.1676
3052.0	-9.43722	0.964323	1.375362	-0.04537856055185257	-0.23911010752322315	-0.3839724354387525	-0.0206	0.0666	0.1675
3053.0	-9.678546	1.3655519999999999	1.666719	-0.09599310885968812	0.38746309394274114	-0.6108652381980153	-0.0208	0.0661	0.1677
3054.0	-9.994428	1.670643	1.8060210000000003	-0.25481807079117214	0.312413936106985	-0.5864306286700948	-0.0206	0.0659	0.1673
3055.0	-10.343664	1.763838	1.859976	-0.2007128639793479	0.24434609527920614	-0.4118977034706618	-0.0203	0.0655	0.1671
3056.0	-10.890081000000002	1.701054	2.010069	-0.18675022996339324	0.2303834612632515	-0.2827433388230814	-0.0202	0.0652	0.1669
3057.0	-11.535579	1.506816	2.3995260000000003	-0.08726646259971647	0.26703537555513246	-0.19198621771937624	-0.0205	0.0651	0.1661
3058.0	-12.110445	1.2645089999999999	2.671263	-0.04014257279586958	-0.020943951023931952	-0.0942477796076938	-0.0205	0.0652	0.1658
3059.0	-12.465567	1.005525	2.401488	-0.04014257279586958	-0.32637657012293964	-0.029670597283903602	-0.0204	0.065	0.1652
3060.0	-12.80205	0.7239780000000001	2.6231940000000002	0.03316125578789226	-0.38571776469074687	0.031415926535897934	-0.0201	0.0651	0.1651
3061.0	-13.196412	0.165789	2.839014	0.12566370614359174	-0.30019663134302466	0.048869219055841226	-0.0201	0.0648	0.165
3062.0	-13.506408	-0.377685	3.075435	0.19722220547535926	-0.17627825445142728	-0.017453292519943295	-0.0201	0.0645	0.165
3063.0	-13.439700000000002	-0.796572	3.1686300000000003	0.2775073510670984	-0.1413716694115407	-0.05061454830783556	-0.0202	0.0648	0.1642
3064.0	-13.180716	-1.112454	3.342267	0.3246312408709453	-0.19024088846738194	-0.10297442586766545	-0.0204	0.0649	0.1647
3065.0	-12.741228	-1.246851	3.6189090000000004	0.3560471674068432	-0.25132741228718347	-0.10995574287564276	-0.0208	0.0649	0.1651
3066.0	-12.070224	-1.2507750000000002	3.744477	0.41364303272265607	-0.32288591161895097	-0.07504915783575616	-0.0209	0.0648	0.1652
3067.0	-11.269728	-1.115397	3.636567	0.4276056667386107	-0.2722713633111154	-0.05061454830783556	-0.0211	0.0648	0.1662
3068.0	-10.4967	-0.8887860000000001	3.4648920000000003	0.4468042885105484	-0.29670597283903605	-0.031415926535897934	-0.0212	0.0647	0.1664
3069.0	-9.787437	-0.641574	3.213756	0.4590215932745087	-0.3839724354387525	-0.03490658503988659	-0.0213	0.0646	0.167
3070.0	-9.119376	-0.42869700000000005	3.0057840000000002	0.4572762640225143	-0.5148721293383273	-0.041887902047863905	-0.0216	0.0647	0.1672
3071.0	-8.592579	-0.22563	2.817432	0.45029494701453704	-0.5864306286700948	-0.04014257279586958	-0.0219	0.0643	0.1676
3072.0	-8.149167	0.021582000000000004	2.628099	0.40317105721069013	-0.5270894341022875	-0.017453292519943295	-0.0222	0.0639	0.168
3073.0	-7.744995	0.295281	2.4201270000000004	0.4188790204786391	-0.5899212871740833	0.013962634015954637	-0.0224	0.0641	0.1683
3074.0	-7.432056000000001	0.600372	2.277882	0.40491638646268446	-0.5078908123303499	0.022689280275926284	-0.0227	0.0639	0.1681
3075.0	-7.471296000000001	0.9290070000000001	2.124846	0.23212879051524585	-0.34732052114687156	0.10471975511965978	-0.0226	0.0636	0.1679
3076.0	-7.611579000000001	1.2988439999999999	2.0120310000000003	0.2303834612632515	0.15009831567151233	0.23561944901923448	-0.0225	0.0631	0.1679
3077.0	-7.756767	1.552923	1.9109880000000001	0.22863813201125716	-0.1466076571675237	0.3769911184307752	-0.0225	0.0627	0.1676
3078.0	-7.874487	1.708902	1.788363	0.1710422666954443	0.13788101090755203	0.47647488579445196	-0.0224	0.0626	0.1677
3079.0	-8.026542000000001	1.8423180000000001	1.731465	0.1710422666954443	0.13788101090755203	0.47647488579445196	-0.0225	0.0627	0.1673
3080.0	-8.225685	1.916874	1.6431750000000003	0.1710422666954443	0.13788101090755203	0.47647488579445196	-0.0225	0.0625	0.1672
3081.0	-8.332614000000001	1.9570950000000003	1.601973	0.1710422666954443	0.13788101090755203	0.47647488579445196	-0.0224	0.0629	0.1672
3082.0	-8.441505000000001	1.941399	1.543113	0.1710422666954443	0.13788101090755203	0.47647488579445196	-0.0223	0.0632	0.1671
3083.0	-8.600427000000002	1.9453230000000001	1.493082	0.1117010721276371	0.5515240436302081	0.4415683007545654	-0.0224	0.0628	0.1674
3084.0	-8.781912	1.939437	1.4253930000000001	0.059341194567807204	0.5497787143782138	0.38048177693476387	-0.0224	0.0629	0.1675
3085.0	-8.725995	1.901178	1.39302	0.013962634015954637	0.5078908123303499	0.30717794835100204	-0.0225	0.0633	0.1677
3086.0	-8.622009	1.8099450000000001	1.315521	-0.003490658503988659	0.47298422729046335	0.24783675378319478	-0.0226	0.0642	0.1681
3087.0	-8.517042	1.767762	1.3008060000000001	-0.022689280275926284	0.460766922526503	0.21118483949131386	-0.0228	0.0644	0.1681
3088.0	-8.489574	1.8060210000000003	1.2870720000000002	-0.038397243543875255	0.4939281783143953	0.16406094968746698	-0.023	0.0643	0.1682
3089.0	-8.460144000000001	1.8383940000000003	1.273338	-0.048869219055841226	0.5166174585903216	0.13788101090755203	-0.0235	0.0644	0.168
3090.0	-8.435619	1.852128	1.207611	-0.07330382858376185	0.5218534463463045	0.10297442586766545	-0.0239	0.0645	0.168
3091.0	-8.411094	1.836432	1.1477700000000002	-0.09948376736367678	0.5515240436302081	0.08203047484373349	-0.0238	0.0646	0.1685
3092.0	-8.374797000000001	1.829565	1.120302	-0.15009831567151233	0.57246799465414	0.03665191429188092	-0.0243	0.0649	0.1698
3093.0	-8.334576	1.7648190000000001	1.0320120000000002	-0.19722220547535926	0.5689773361501514	0.0	-0.0246	0.065	0.171
3094.0	-8.276697	1.689282	0.9780570000000001	-0.23212879051524585	0.5846852994181004	-0.048869219055841226	-0.0244	0.065	0.1728
3095.0	-8.225685	1.5823530000000001	0.8711280000000001	-0.2792526803190927	0.6492624817418906	-0.08726646259971647	-0.0244	0.065	0.1751
3096.0	-8.169768	1.475424	0.815211	-0.32637657012293964	0.7644542123735163	-0.12391837689159739	-0.0241	0.065	0.1773
3097.0	-8.115813000000001	1.419507	0.7396739999999999	-0.34033920413889424	0.8307767239493009	-0.15358897417550102	-0.0238	0.065	0.1805
3098.0	-8.059896	1.3341600000000002	0.5944860000000001	-0.35779249665883756	0.9459684545809267	-0.19198621771937624	-0.0237	0.0651	0.1844
3099.0	-8.010846	1.205649	0.403191	-0.3455751918948773	1.1187560505283651	-0.23561944901923448	-0.0228	0.0649	0.1893
3100.0	-7.9794540000000005	1.08891	0.22464900000000002	-0.3385938748868999	1.2636183784438948	-0.2565634000431664	-0.0221	0.0648	0.1944
3101.0	-7.9794540000000005	0.983943	0.045126	-0.33335788713091696	1.3735741213195374	-0.26703537555513246	-0.0219	0.0648	0.1994
3102.0	-8.040276	0.870147	-0.21680100000000002	-0.3193952531149623	1.4451326206513049	-0.26354471705114374	-0.021	0.0646	0.2038
3103.0	-8.155053	0.7906860000000001	-0.34236900000000003	-0.28099800957108706	1.5027284859671177	-0.25481807079117214	-0.0202	0.0646	0.2079
3104.0	-8.355177000000001	0.746541	-0.522873	-0.23736477827122882	1.5044738152191122	-0.21642082724729686	-0.0198	0.0645	0.2117
3105.0	-8.623971000000001	0.72594	-0.697491	-0.2059488517353309	1.4643312424232426	-0.18500490071139894	-0.0194	0.0645	0.2145
3106.0	-8.919252	0.6916049999999999	-0.906444	-0.2181661564992912	1.3107422682477414	-0.17278759594743864	-0.0194	0.0642	0.2166
3107.0	-9.246906000000001	0.6847380000000001	-1.063404	-0.22689280275926285	1.085594794740473	-0.16231562043547265	-0.0193	0.0641	0.2172
3108.0	-9.587313	0.687681	-1.193877	-0.25481807079117214	0.9145525280450286	-0.16929693744344995	-0.0193	0.064	0.2169
3109.0	-9.999333000000002	0.781857	-1.2429270000000001	-0.3420845333908886	0.7661995416255106	-0.19198621771937624	-0.0193	0.0641	0.2149
3110.0	-10.399581000000001	0.894672	-1.2919770000000002	-0.41015237421866746	0.6021385919380436	-0.23212879051524585	-0.0196	0.0642	0.2123
3111.0	-10.724292	1.056537	-1.2870720000000002	-0.46949356878647464	0.38571776469074687	-0.26005405854715513	-0.0197	0.0643	0.2087
3112.0	-10.958751000000001	1.207611	-1.312578	-0.5323254218582705	0.19896753472735357	-0.2844886680750757	-0.0197	0.0644	0.2044
3113.0	-11.100996	1.346913	-1.338084	-0.5742133239061344	0.07330382858376185	-0.2775073510670984	-0.0199	0.065	0.2
3114.0	-11.136312	1.493082	-1.312578	-0.62482787221397	-0.015707963267948967	-0.26529004630313807	-0.0198	0.0651	0.1943
3115.0	-11.097072	1.632384	-1.283148	-0.6841690667817772	-0.06283185307179587	-0.24609142453120045	-0.0199	0.0652	0.189
3116.0	-11.049984000000002	1.7658	-1.2723570000000002	-0.7347836150896128	-0.0942477796076938	-0.24085543677521748	-0.0197	0.0658	0.1841
3117.0	-10.992105	1.8482040000000002	-1.308654	-0.767944870877505	-0.15009831567151233	-0.22863813201125716	-0.0196	0.0664	0.1798
3118.0	-10.913625000000001	1.916874	-1.328274	-0.7819075048934596	-0.22165681500327983	-0.22514747350726852	-0.0191	0.0667	0.1757
3119.0	-10.735083000000001	1.920798	-1.390077	-0.7958701389094143	-0.23911010752322315	-0.23387411976724015	-0.019	0.0674	0.1724
3120.0	-10.532016000000002	1.936494	-1.414602	-0.8203047484373349	-0.2879793265790644	-0.25132741228718347	-0.0189	0.0676	0.1693
3121.0	-10.34955	1.9198170000000003	-1.4979870000000002	-0.8307767239493009	-0.32986722862692824	-0.27052603405912107	-0.0185	0.0679	0.1668
3122.0	-10.177875000000002	1.915893	-1.535265	-0.8360127117052838	-0.3717551306747922	-0.2984513020910304	-0.019	0.0683	0.1645
3123.0	-10.039554	1.913931	-1.637289	-0.8499753457212386	-0.3700098014227979	-0.32986722862692824	-0.0189	0.068	0.1629
3124.0	-9.931644	1.884501	-1.7658	-0.8901179185171081	-0.2932153143350474	-0.36302848441482055	-0.0194	0.0682	0.1622
3125.0	-9.770760000000001	1.847223	-1.8952920000000002	-0.9162978572970231	-0.23212879051524585	-0.42062434973063345	-0.0196	0.0683	0.1619
3126.0	-9.638325	1.851147	-1.948266	-0.9354964790689606	-0.13788101090755203	-0.4642575810304917	-0.0197	0.0681	0.1615
3127.0	-9.600066	1.892349	-1.6981110000000001	-1.0297442586766545	0.08377580409572781	-0.5253441048502933	-0.02	0.0678	0.1612
3128.0	-9.739368	2.048328	-1.2184020000000002	-1.0419615634406147	-0.12566370614359174	-0.5131268000863328	-0.0204	0.0679	0.161
3129.0	-10.36917	1.9257030000000002	-0.033354	-0.9546951008408983	-0.3508111796508603	-0.32114058236695664	-0.0203	0.0676	0.1606
3130.0	-11.218716	0.9859050000000001	0.5277780000000001	-0.5393067388662478	-0.4223696789826277	0.10821041362364843	-0.0207	0.0675	0.1607
3131.0	-12.000573000000001	-0.21385800000000002	1.0859670000000001	0.18151424220741028	0.08203047484373349	0.6841690667817772	-0.0212	0.0674	0.1605
3132.0	-12.043737	-1.0987200000000001	1.2919770000000002	0.38746309394274114	0.1954768762233649	0.9285151620609834	-0.0216	0.0669	0.1605
3133.0	-11.729817	-1.51074	1.509759	0.16057029118347832	-0.17976891295541594	0.8237954069413236	-0.0217	0.067	0.1604
3134.0	-11.548332	-1.6294410000000001	1.9149120000000002	-0.022689280275926284	0.1308996938995747	0.6422811647339133	-0.0214	0.0664	0.16
3135.0	-11.685672	-1.533303	2.482911	-0.36826447217080355	0.42062434973063345	0.5532693728822025	-0.0212	0.0666	0.1589
3136.0	-12.077091000000001	-1.4155830000000003	3.140181	-0.4066617157146788	0.5096361415823443	0.5253441048502933	-0.0214	0.0664	0.1575
3137.0	-12.399840000000001	-1.3694760000000001	3.446253	-0.34033920413889424	0.38746309394274114	0.5811946409141117	-0.0214	0.0665	0.1556
3138.0	-12.310569	-1.490139	3.5286570000000004	-0.22863813201125716	-0.029670597283903602	0.6597344572538565	-0.0214	0.0664	0.1516
3139.0	-11.686653000000002	-1.3665330000000002	2.88414	-0.1780235837034216	-0.23561944901923448	0.6702064327658225	-0.0221	0.0661	0.1484
3140.0	-10.842993	-0.544455	2.784078	-0.12391837689159739	-0.15184364492350666	0.6056292504420324	-0.0219	0.0658	0.1457
3141.0	-10.088604	0.5366070000000001	2.68794	-0.12391837689159739	-0.15184364492350666	0.6056292504420324	-0.0219	0.0656	0.1431
3142.0	-9.991485	1.05948	2.8360710000000005	0.006981317007977318	-0.4520402762665313	0.2844886680750757	-0.0217	0.0658	0.139
3143.0	-10.376037000000002	1.015335	2.9067030000000003	0.05235987755982989	-0.35779249665883756	0.041887902047863905	-0.0218	0.0656	0.1331
3144.0	-10.816506	0.583695	2.789964	0.11519173063162574	0.05235987755982989	-0.05061454830783556	-0.0221	0.0656	0.129
3145.0	-10.986219	-0.050031000000000006	2.529999	0.26703537555513246	0.05585053606381855	-0.17627825445142728	-0.0223	0.0653	0.1238
3146.0	-10.789038000000001	-0.541512	2.117979	0.3787364476827695	-0.20420352248333654	-0.23212879051524585	-0.0225	0.0652	0.1193
3147.0	-10.425087	-0.8907480000000001	1.707921	0.33335788713091696	-0.24609142453120045	-0.26529004630313807	-0.0226	0.0649	0.1155
3148.0	-10.284804000000001	-1.1801430000000002	1.320426	0.33335788713091696	-0.24609142453120045	-0.26529004630313807	-0.0228	0.0647	0.1138
3149.0	-9.933606	-1.243908	1.071252	0.28623399732707	-0.08377580409572781	-0.22863813201125716	-0.0225	0.0646	0.1137
3150.0	-9.637344	-1.126188	0.939798	0.28623399732707	0.08552113334772216	-0.25132741228718347	-0.0224	0.0644	0.1134
3151.0	-9.350892000000002	-0.934893	0.9319500000000001	0.3839724354387525	0.06632251157578452	-0.2932153143350474	-0.0221	0.0643	0.1112
3152.0	-9.192951	-0.6248970000000001	1.116378	0.630063859969953	-0.11344640137963143	-0.31066860685499065	-0.0218	0.0641	0.1125
3153.0	-9.018333	-0.424773	1.4479560000000002	0.9756390518648302	-0.07330382858376185	-0.36302848441482055	-0.0217	0.0641	0.1137
3154.0	-8.641629	-0.389457	1.652004	1.3491395117916167	0.06632251157578452	-0.4014257279586958	-0.0214	0.064	0.1145
3155.0	-8.263944	-0.44439300000000004	1.653966	1.4014993893514465	0.22863813201125716	-0.4485496177625427	-0.0211	0.0635	0.1192
3156.0	-7.986321000000001	-0.60822	1.4979870000000002	1.2775810124598492	0.43458698374658805	-0.44505895925855404	-0.0207	0.0626	0.123
3157.0	-8.031447	-0.702396	1.2772620000000001	1.2060225131280815	0.3892084231947355	-0.3560471674068432	-0.0205	0.0626	0.1268
3158.0	-8.205084000000001	-0.5817330000000001	1.041822	0.9459684545809267	0.2181661564992912	-0.22514747350726852	-0.0203	0.0626	0.1318
3159.0	-8.657325	-0.631764	0.694548	0.9459684545809267	0.2181661564992912	-0.22514747350726852	-0.0203	0.0626	0.1347
3160.0	-8.989884	-0.290376	0.376704	0.35779249665883756	-0.5183627878423158	-0.008726646259971648	-0.0203	0.0628	0.1394
3161.0	-9.149787	0.021582000000000004	0.0049050000000000005	0.19024088846738194	-0.5934119456780721	0.041887902047863905	-0.0201	0.0627	0.1451
3162.0	-9.228267	0.38651399999999997	-0.307053	0.09075712110370514	-0.43458698374658805	0.08203047484373349	-0.0197	0.0621	0.1485
3163.0	-9.24102	0.7671420000000001	-0.6062580000000001	0.048869219055841226	-0.24609142453120045	0.09773843811168245	-0.0196	0.0619	0.1543
3164.0	-9.29007	1.24587	-0.7337880000000001	0.09075712110370514	-0.2775073510670984	0.1361356816555577	-0.0199	0.0619	0.1592
3165.0	-9.434277	1.674567	-0.697491	0.04363323129985824	-0.19722220547535926	0.143116998663535	-0.0203	0.0618	0.162
3166.0	-9.612819	1.949247	-0.526797	0.09075712110370514	-0.18675022996339324	0.16057029118347832	-0.0204	0.0626	0.1658
3167.0	-9.622629	2.024784	-0.31392000000000003	0.15707963267948966	-0.312413936106985	0.1780235837034216	-0.0204	0.0625	0.1691
3168.0	-9.490194	1.869786	-0.079461	0.13439035240356337	-0.38746309394274114	0.15533430342749532	-0.0202	0.0623	0.171
3169.0	-9.369531	1.763838	0.13734000000000002	0.16057029118347832	-0.4380776422505767	0.13962634015954636	-0.0197	0.062	0.1732
3170.0	-9.314595	1.208592	0.29233800000000004	0.158824961931484	-0.4537856055185257	0.1117010721276371	-0.0196	0.0617	0.1731
3171.0	-9.413676	0.6660990000000001	0.374742	0.11344640137963143	-0.4677482395344803	0.08028514559173916	-0.0194	0.0615	0.1739
3172.0	-9.539244	0.238383	0.36297	0.0942477796076938	-0.4799655442984406	0.059341194567807204	-0.0198	0.0616	0.1753
3173.0	-9.620667000000001	0.005886	0.271737	0.07679448708775051	-0.4991641660703783	0.048869219055841226	-0.0198	0.0614	0.1756
3174.0	-9.64323	-0.111834	0.164808	0.059341194567807204	-0.4904375198104066	0.03665191429188092	-0.019	0.0613	0.1759
3175.0	-9.543168	-0.15499800000000002	0.08436600000000001	0.059341194567807204	-0.4869468613064179	0.04537856055185257	-0.0185	0.0616	0.1763
3176.0	-9.359721	-0.159903	0.08829	0.07853981633974483	-0.4485496177625427	0.05585053606381855	-0.0175	0.0611	0.1764
3177.0	-9.188046	-0.17658	0.130473	0.12566370614359174	-0.36826447217080355	0.07853981633974483	-0.0167	0.061	0.1767
3178.0	-9.039915	-0.201105	0.18639	0.17453292519943295	-0.2984513020910304	0.09773843811168245	-0.016	0.0612	0.1765
3179.0	-8.894727	-0.296262	0.206991	0.20943951023931956	-0.2617993877991494	0.12391837689159739	-0.0159	0.0613	0.1776
3180.0	-8.807418	-0.37278	0.248193	0.2932153143350474	-0.1832595714594046	0.11868238913561441	-0.0151	0.0618	0.1768
3181.0	-8.762292	-0.459108	0.30999600000000005	0.312413936106985	-0.1361356816555577	0.0890117918517108	-0.0153	0.0621	0.176
3182.0	-8.796627	-0.521892	0.49736700000000006	0.2984513020910304	-0.1884955592153876	0.029670597283903602	-0.0147	0.0621	0.176
3183.0	-8.846658000000001	-0.52974	0.8083440000000001	0.23911010752322315	-0.29670597283903605	-0.041887902047863905	-0.0142	0.0625	0.1749
3184.0	-8.964378	-0.398286	1.2546990000000002	0.1884955592153876	-0.3909537524467298	-0.13264502315156904	-0.0142	0.0626	0.176
3185.0	-9.039915	-0.008829	1.4832720000000001	0.1832595714594046	-0.30019663134302466	-0.19024088846738194	-0.0138	0.0627	0.1754
3186.0	-9.141939	0.47284200000000004	1.6264980000000002	0.03316125578789226	0.05759586531581287	-0.22863813201125716	-0.0142	0.063	0.1738
3187.0	-9.258678	0.8760330000000001	1.850166	0.010471975511965976	0.1291543646475804	-0.3420845333908886	-0.0149	0.0632	0.1721
3188.0	-9.46665	1.2360600000000002	2.086587	-0.143116998663535	0.2583087292951608	-0.44505895925855404	-0.0156	0.0633	0.1745
3189.0	-9.708957000000002	1.5843150000000001	2.294559	-0.18500490071139894	0.2722713633111154	-0.46949356878647464	-0.016	0.0634	0.1751
3190.0	-9.855126	1.738332	2.349495	-0.23212879051524585	0.2303834612632515	-0.40840704496667307	-0.0165	0.063	0.1742
3191.0	-10.072908	1.702035	2.370096	-0.11519173063162574	0.291469985083053	-0.3036872898470133	-0.0162	0.063	0.1754
3192.0	-10.422144000000001	1.5136830000000001	2.358324	-0.03665191429188092	0.5201081170943103	-0.21467549799530256	-0.0164	0.063	0.1757
3193.0	-10.902834	1.187991	2.292597	0.09599310885968812	0.4014257279586958	-0.11344640137963143	-0.0167	0.0629	0.1767
3194.0	-11.336436	0.729864	2.221965	0.18151424220741028	0.1117010721276371	-0.031415926535897934	-0.0176	0.0629	0.1766
3195.0	-11.761209000000001	0.18540900000000002	2.422089	0.2583087292951608	-0.06632251157578452	0.013962634015954637	-0.0181	0.0628	0.1761
3196.0	-12.109464000000001	-0.344331	2.628099	0.32637657012293964	-0.1361356816555577	0.0	-0.0186	0.0623	0.1776
3197.0	-12.420441	-0.673947	2.813508	0.2932153143350474	-0.0017453292519943296	-0.08203047484373349	-0.0185	0.0622	0.1799
3198.0	-12.628413000000002	-0.8573940000000001	2.91357	0.36477381366681483	0.010471975511965976	-0.1291543646475804	-0.0185	0.0618	0.1773
3199.0	-12.656862	-1.012392	3.07053	0.3560471674068432	-0.09075712110370514	-0.15009831567151233	-0.0185	0.0616	0.1765
3200.0	-12.659805	-1.034955	3.3962220000000003	0.3560471674068432	-0.12042771838760874	-0.12566370614359174	-0.0188	0.0615	0.1794
3201.0	-12.500883	-0.986886	3.7062180000000002	0.34033920413889424	-0.11693705988362008	-0.11519173063162574	-0.0194	0.0614	0.178
3202.0000000000005	-12.099654000000001	-0.8995770000000001	3.903399	0.36477381366681483	-0.16580627893946132	-0.10122909661567112	-0.0197	0.0614	0.1784
3203.0	-11.548332	-0.746541	4.030929	0.36302848441482055	-0.2007128639793479	-0.10297442586766545	-0.0197	0.0615	0.1785
3204.0	-10.982295	-0.5395500000000001	3.961278	0.3787364476827695	-0.27052603405912107	-0.09948376736367678	-0.0195	0.0616	0.178
3204.9999999999995	-10.485909	-0.394362	3.8131470000000003	0.38222710618675815	-0.3787364476827695	-0.08377580409572781	-0.0197	0.0615	0.1782
3206.0	-10.028763	-0.28645200000000004	3.66894	0.3787364476827695	-0.4485496177625427	-0.05585053606381855	-0.0194	0.0621	0.1777
3207.0	-9.506871	-0.199143	3.5482770000000006	0.38571776469074687	-0.5061454830783556	-0.0645771823237902	-0.0194	0.0621	0.1768
3208.0	-9.043839	-0.138321	3.427614	0.3490658503988659	-0.4886921905584123	-0.08726646259971647	-0.0195	0.0623	0.177
3209.0000000000005	-8.713242000000001	-0.002943	3.3275520000000003	0.4188790204786391	-0.5148721293383273	-0.09250245035569947	-0.0197	0.0623	0.176
3210.0	-8.559225000000001	0.17265600000000003	3.118599	0.18500490071139894	-0.3892084231947355	-0.10995574287564276	-0.0195	0.0624	0.1744
3211.0	-8.327709	0.46597500000000003	2.919456	0.16231562043547265	-0.36302848441482055	0.0	-0.0197	0.0623	0.1748
3211.9999999999995	-8.278659000000001	0.8573940000000001	2.7418950000000004	0.0471238898038469	-0.3543018381548489	0.13264502315156904	-0.0198	0.0624	0.1734
3213.0000000000005	-8.395398	1.21644	2.5976879999999998	-0.029670597283903602	0.16057029118347832	0.30194196059501904	-0.0199	0.0621	0.1733
3214.0	-8.373816000000001	1.5303600000000002	2.5015500000000004	-0.0715584993317675	-0.2583087292951608	0.39968039870670147	-0.0202	0.0617	0.1722
3215.0	-8.384607	1.790325	2.4201270000000004	-0.09250245035569947	-0.16406094968746698	0.4468042885105484	-0.0201	0.0617	0.1729
3215.9999999999995	-8.411094	1.9708290000000002	2.293578	-0.10471975511965978	-0.04537856055185257	0.4625122517784973	-0.0204	0.0615	0.1729
3217.0	-8.46603	2.067948	2.1111120000000003	-0.12566370614359174	0.061086523819801536	0.4485496177625427	-0.0205	0.0618	0.1726
3218.0	-8.468973	2.1375990000000002	2.0120310000000003	-0.19896753472735357	0.18151424220741028	0.41713369122664473	-0.0206	0.0618	0.1729
3219.0	-8.470935	2.139561	1.918836	-0.19896753472735357	0.18151424220741028	0.41713369122664473	-0.0206	0.0617	0.173
3220.0000000000005	-8.361063	2.1582000000000003	1.8737100000000002	-0.3420845333908886	0.26878070480712674	0.35255650890285456	-0.0207	0.0618	0.1727
3221.0	-8.382645	2.155257	1.8678240000000002	-0.3961897402027128	0.30194196059501904	0.312413936106985	-0.0204	0.0619	0.1728
3222.0	-8.298279	2.0905110000000002	1.772667	-0.4921828490624009	0.3717551306747922	0.2792526803190927	-0.0201	0.0619	0.1727
3222.9999999999995	-8.087364	2.104245	1.688301	-0.582939970166106	0.4223696789826277	0.26878070480712674	-0.0199	0.0615	0.1724
3224.0	-8.050086	2.141523	1.580391	-0.6841690667817772	0.4328416544945937	0.2565634000431664	-0.0197	0.0619	0.1724
3225.0	-8.007903	2.2317750000000003	1.473462	-0.8045967851693859	0.4590215932745087	0.2775073510670984	-0.0197	0.0619	0.1719
3226.0	-8.006922000000001	2.384811	1.4253930000000001	-0.9459684545809267	0.5358160803622591	0.30543261909900765	-0.0193	0.0622	0.1716
3227.0000000000005	-8.049105	2.548638	1.352799	-1.0192722831646885	0.5689773361501514	0.35255650890285456	-0.0195	0.0618	0.1715
3228.0	-8.087364	2.6977500000000005	1.2674520000000002	-1.165879940332212	0.619591884457987	0.3735004599267865	-0.0195	0.0618	0.1711
3229.0	-8.130528	2.8409760000000004	1.179162	-1.3264502315156905	0.6702064327658225	0.4310963252425994	-0.0198	0.0621	0.1705
3229.9999999999995	-8.200179	2.917494	1.0859670000000001	-1.4503686084072878	0.7661995416255106	0.4991641660703783	-0.0199	0.0626	0.1701
3231.0	-8.287488	2.98224	0.983943	-1.5865042900628457	0.8796459430051421	0.5480333851262195	-0.0199	0.063	0.1698
3232.0	-8.380683	3.075435	0.9692280000000001	-1.7296212887263804	0.9756390518648302	0.5969026041820608	-0.0201	0.0636	0.1695
3233.0	-8.502327000000001	3.152934	0.942741	-1.8517943363659835	1.0890854532444616	0.6632251157578453	-0.0203	0.0643	0.1692
3234.0000000000005	-8.649477000000001	3.1980600000000003	0.8672040000000001	-1.9704767255015982	1.1309733552923256	0.7330382858376184	-0.0204	0.0648	0.1687
3235.0	-8.827038000000002	3.21768	0.86328	-2.087413785385218	1.192059879112127	0.773180858633488	-0.0204	0.0653	0.1687
3236.0	-8.953587	3.2235660000000004	0.874071	-2.181661564992912	1.1746065865921838	0.8011061266653973	-0.0207	0.0654	0.1684
3236.9999999999995	-9.046782	3.213756	0.818154	-2.260201381332657	1.218239817892042	0.8168140899333461	-0.0205	0.066	0.1679
3238.0000000000005	-9.124281000000002	3.196098	0.724959	-2.2671826983406342	1.2723450247038663	0.8045967851693859	-0.0203	0.0661	0.1674
3239.0	-9.177255	3.160782	0.671985	-2.3300145514124297	1.3264502315156905	0.767944870877505	-0.0201	0.0662	0.1675
3240.0	-9.293994000000001	3.1127130000000003	0.565056	-2.4696408915719763	1.3735741213195374	0.7260569688296411	-0.02	0.0662	0.1675
3240.9999999999995	-9.461745	3.043062	0.448317	-2.5673793296836585	1.3648474750595658	0.6789330790257941	-0.0199	0.0663	0.1671
3242.0	-9.633420000000001	2.955753	0.32569200000000004	-2.62846585350346	1.213003830136059	0.635299847725936	-0.0196	0.0661	0.1666
3243.0	-9.767817	2.855691	0.199143	-2.6738444140553126	1.08035880698449	0.5811946409141117	-0.0196	0.0663	0.1667
3244.0	-9.879651	2.7350280000000002	0.10398600000000001	-2.6738444140553126	0.9669124056048586	0.5445427266222308	-0.0194	0.0663	0.1665
3245.0000000000005	-9.931644	2.553543	-0.048069	-2.642428487519415	0.9005898940290741	0.5061454830783556	-0.0192	0.0663	0.1661
3246.0	-9.978732	2.3563620000000003	-0.148131	-2.570869988187648	0.8552113334772214	0.47123889803846897	-0.0189	0.0664	0.1662
3247.0	-10.042497000000001	2.149371	-0.210915	-2.504547476611863	0.8325220532012952	0.4468042885105484	-0.019	0.0666	0.1662
3247.9999999999995	-10.09449	1.9100070000000002	-0.23544	-2.466150233067988	0.773180858633488	0.39793506945470714	-0.0192	0.0671	0.1666
3249.0	-10.189647	1.7432370000000001	-0.277623	-2.420771672516135	0.7051130178057091	0.3700098014227979	-0.0191	0.0672	0.1662
3250.0	-10.23183	1.6294410000000001	-0.272718	-2.3753931119642826	0.6614797865058508	0.30543261909900765	-0.019	0.0676	0.1662
3251.0	-10.204362000000001	1.4921010000000001	-0.315882	-2.3492131731843675	0.5480333851262195	0.24958208303518914	-0.0188	0.0679	0.1662
3252.0000000000005	-10.143540000000002	1.39302	-0.30411	-2.345722514680379	0.4852015320544236	0.1710422666954443	-0.0188	0.0681	0.1668
3253.0	-10.054269	1.295901	-0.31293899999999997	-2.34223185617639	0.41364303272265607	0.12566370614359174	-0.0185	0.0682	0.167
3254.0	-9.978732	1.295901	-0.287433	-2.3509585024363617	0.3665191429188092	0.0890117918517108	-0.0184	0.0682	0.1671
3254.9999999999995	-9.916929	1.3665330000000002	-0.301167	-2.3911010752322315	0.36477381366681483	0.06632251157578452	-0.0181	0.0683	0.1674
3256.0	-9.852183	1.475424	-0.363951	-2.4155356847601523	0.34732052114687156	0.059341194567807204	-0.0178	0.0685	0.1674
3257.0	-9.758988	1.634346	-0.351198	-2.424262331020124	0.3490658503988659	0.059341194567807204	-0.0174	0.0688	0.1674
3258.0	-9.695223	1.8580140000000003	-0.385533	-2.4452062820440554	0.3612831551628262	0.0645771823237902	-0.017	0.0691	0.1673
3259.0000000000005	-9.581427000000001	2.005164	-0.45224100000000006	-2.4469516112960497	0.36826447217080355	0.0645771823237902	-0.0167	0.0694	0.1678
3260.0	-9.435258000000001	2.153295	-0.44537400000000005	-2.4399702942880728	0.3717551306747922	0.059341194567807204	-0.0166	0.0693	0.1679
3261.0	-9.306747	2.340666	-0.46597500000000003	-2.441715623540067	0.36302848441482055	0.06283185307179587	-0.0165	0.0691	0.1681
3261.9999999999995	-9.183141	2.4368040000000004	-0.479709	-2.405063709248186	0.34033920413889424	0.04537856055185257	-0.0162	0.0695	0.1679
3263.0000000000005	-9.108585	2.493702	-0.5366070000000001	-2.3806290997202657	0.3839724354387525	0.015707963267948967	-0.0161	0.0697	0.1676
3264.0	-9.096813000000001	2.468196	-0.532683	-2.371902453460294	0.3717551306747922	-0.022689280275926284	-0.0159	0.0701	0.1676
3265.0	-9.128205000000001	2.426994	-0.523854	-2.34223185617639	0.317649923862968	-0.06981317007977318	-0.016	0.0703	0.1674
3265.9999999999995	-9.177255	2.297502	-0.434583	-2.3230332344044524	0.3193952531149623	-0.1308996938995747	-0.0159	0.0704	0.1669
3267.0	-9.234153000000001	2.147409	-0.361008	-2.303834612632515	0.2617993877991494	-0.21118483949131386	-0.0158	0.0704	0.1669
3268.0	-9.245925	1.931589	-0.302148	-2.272418686096617	0.17278759594743864	-0.2879793265790644	-0.0156	0.0706	0.1667
3269.0	-9.254754	1.773648	-0.14715	-2.253220064324679	0.12566370614359174	-0.3735004599267865	-0.0158	0.0705	0.1665
3270.0000000000005	-9.306747	1.636308	0.039240000000000004	-2.2060961745208325	0.1308996938995747	-0.41364303272265607	-0.0156	0.0705	0.1662
3271.0	-9.449973000000002	1.394982	0.34335000000000004	-2.1467549799530254	0.12217304763960307	-0.47472955654245763	-0.0156	0.0707	0.1661
3272.0	-9.896328	1.149732	0.8191350000000001	-2.0856684561332237	0.06981317007977318	-0.5078908123303499	-0.016	0.0705	0.1663
3272.9999999999995	-10.727235	0.640593	1.3165020000000003	-1.980948701013564	-0.020943951023931952	-0.3560471674068432	-0.0165	0.0706	0.1665
3274.0	-11.6739	-0.19129500000000002	1.6981110000000001	-1.7924531417981764	-0.05061454830783556	-0.0645771823237902	-0.0164	0.0705	0.1662
3275.0	-12.207564	-1.0172970000000001	1.944342	-1.4748032179352084	-0.12740903539558607	0.43982297150257105	-0.0163	0.0706	0.1663
3276.0	-12.355695	-1.4832720000000001	2.108169	-1.0943214410004447	-0.09075712110370514	0.7016223593017206	-0.0165	0.0707	0.1666
3277.0000000000005	-12.327246	-1.5941250000000002	2.204307	-0.8499753457212386	0.13264502315156904	0.46949356878647464	-0.0169	0.0706	0.1667
3278.0	-12.249747	-1.359666	2.2916160000000003	-0.8569566627292158	0.22165681500327983	0.10821041362364843	-0.0173	0.0706	0.167
3279.0	-12.247785	-0.958437	2.27592	-1.218239817892042	0.33161255787892263	-0.21642082724729686	-0.0174	0.0707	0.1671
3279.9999999999995	-12.290949	-0.546417	2.156238	-1.556833692778942	0.6126105674500097	-0.46949356878647464	-0.0177	0.0708	0.1674
3281.0	-12.290949	-0.09711900000000001	2.0169360000000003	-1.8832102629018816	0.6911503837897546	-0.6283185307179586	-0.0177	0.0705	0.1675
3282.0	-12.004497	0.352179	1.647099	-2.16071761396898	0.5026548245743669	-0.7138396640656808	-0.0178	0.0708	0.1674
3283.0	-11.263842000000002	0.997677	1.2350790000000003	-2.412045026256163	0.1710422666954443	-0.7243116395776468	-0.0177	0.0705	0.1675
3284.0000000000005	-10.253411999999999	1.9080450000000002	0.8662230000000001	-2.5499260371637154	-0.17976891295541594	-0.6492624817418906	-0.0181	0.0706	0.1676
3285.0	-9.567693	2.6997120000000003	0.6533460000000001	-2.626720524251466	-0.3246312408709453	-0.5393067388662478	-0.0185	0.0705	0.1678
3286.0	-9.235134	3.1244850000000004	0.43948800000000005	-2.6720990848033184	-0.32986722862692824	-0.4223696789826277	-0.0184	0.0702	0.1682
3286.9999999999995	-9.100737	3.1676490000000004	0.32471099999999997	-2.6738444140553126	-0.33510321638291124	-0.28623399732707	-0.0182	0.0701	0.1683
3288.0000000000005	-9.083079	2.849805	0.241326	-2.6738444140553126	-0.2879793265790644	-0.20245819323134223	-0.0182	0.0697	0.1683
3289.0	-9.046782	2.279844	0.20012400000000002	-2.569124658935653	-0.3595378259108319	-0.08028514559173916	-0.018	0.0692	0.1685
3290.0	-8.948682	1.580391	0.16088400000000003	-2.542944720155738	-0.26354471705114374	-0.010471975511965976	-0.0179	0.0692	0.1685
3290.9999999999995	-8.792703	0.9211590000000001	0.074556	-2.535963403147761	-0.32288591161895097	0.017453292519943295	-0.0177	0.0692	0.1686
3292.0	-8.622009	0.298224	-0.04022100000000001	-2.424262331020124	-0.3700098014227979	0.0715584993317675	-0.0173	0.0689	0.1687
3293.0	-8.542548	-0.238383	-0.201105	-2.4085543677521746	-0.3438298626428829	0.10471975511965978	-0.0173	0.0691	0.1686
3294.0	-8.617104	-0.69651	-0.347274	-2.3649211364523164	-0.19198621771937624	0.15009831567151233	-0.0171	0.0687	0.169
3295.0000000000005	-8.772102	-0.9888480000000001	-0.38749500000000003	-2.3544491609403506	-0.061086523819801536	0.19722220547535926	-0.0173	0.0689	0.1693
3296.0	-8.946720000000001	-1.181124	-0.44439300000000004	-2.3352505391684133	-0.022689280275926284	0.2530727415391778	-0.0177	0.0691	0.1691
3297.0	-9.107604	-1.2841289999999999	-0.443412	-2.28987197861656	0.05235987755982989	0.2984513020910304	-0.0181	0.0691	0.1692
3297.9999999999995	-9.2214	-1.310616	-0.41496299999999997	-2.2218041377887814	0.1291543646475804	0.3193952531149623	-0.0183	0.0694	0.1697
3299.0	-9.307728000000001	-1.283148	-0.40711500000000006	-2.2218041377887814	0.1291543646475804	0.3193952531149623	-0.0186	0.0697	0.1702
3300.0	-9.373455	-1.173276	-0.37179900000000005	-2.2218041377887814	0.1291543646475804	0.3193952531149623	-0.0189	0.0697	0.1706
3301.0	-9.446049	-1.143846	-0.253098	-1.8832102629018816	-0.024434609527920613	0.3508111796508603	-0.0195	0.0699	0.1709
3302.0000000000005	-9.571617	-1.135998	-0.12851100000000001	-1.8203784098300857	-0.027925268031909273	0.3543018381548489	-0.0199	0.0701	0.1719
3303.0	-9.67266	-1.146789	0.08436600000000001	-1.7174039839624204	-0.005235987755982988	0.38746309394274114	-0.0202	0.0702	0.1734
3304.0	-9.730539	-1.186029	0.281547	-1.631882850614698	0.0	0.41364303272265607	-0.0205	0.0706	0.1753
3304.9999999999995	-9.750159	-1.276281	0.44929800000000003	-1.567305668290908	-0.005235987755982988	0.4118977034706618	-0.0206	0.0703	0.1776
3306.0	-9.781551	-1.357704	0.672966	-1.4800392056911915	-0.041887902047863905	0.40317105721069013	-0.0206	0.0705	0.1808
3307.0	-9.817848	-1.489158	0.7995150000000001	-1.4049900478554354	-0.07504915783575616	0.39968039870670147	-0.0204	0.0707	0.184
3308.0	-9.856107	-1.653966	0.893691	-1.3229595730117016	-0.11868238913561441	0.3665191429188092	-0.0201	0.0709	0.1877
3309.0000000000005	-9.884556000000002	-1.773648	1.050651	-1.2374384396639797	-0.16231562043547265	0.3438298626428829	-0.0198	0.071	0.1916
3310.0	-9.904176000000001	-1.9109880000000001	1.181124	-1.1571532940722404	-0.15009831567151233	0.3089232776029963	-0.0195	0.0713	0.196
3311.0	-9.920853000000001	-1.920798	1.3115970000000001	-1.0611601852125523	-0.11344640137963143	0.28099800957108706	-0.0194	0.0714	0.2015
3311.9999999999995	-9.919872000000002	-1.9090260000000001	1.3979249999999999	-1.0157816246606999	-0.010471975511965976	0.27401669256310973	-0.0192	0.0715	0.2067
3313.0000000000005	-9.889461	-1.8678240000000002	1.528398	-0.9302604913129776	0.031415926535897934	0.24609142453120045	-0.0189	0.0718	0.2119
3314.0	-9.840411000000001	-1.733427	1.7628570000000001	-0.8499753457212386	0.13439035240356337	0.23736477827122882	-0.0188	0.0719	0.2169
3315.0	-9.812943	-1.5843150000000001	1.904121	-0.7941248096574199	0.2129301687433082	0.2303834612632515	-0.0184	0.0722	0.2206
3315.9999999999995	-9.79038	-1.4852340000000002	1.9943730000000002	-0.7592182246175333	0.26354471705114374	0.22689280275926285	-0.0179	0.0723	0.2238
3317.0	-9.769779	-1.3841910000000002	2.129751	-0.7312929565856241	0.3246312408709453	0.20943951023931956	-0.0175	0.0722	0.2262
3318.0	-9.775665000000002	-1.152675	2.3436090000000003	-0.7225663103256524	0.3490658503988659	0.18500490071139894	-0.0175	0.0723	0.2278
3319.0	-9.826677	-0.8652420000000001	2.3524380000000003	-0.6544984694978736	0.38222710618675815	0.1413716694115407	-0.0177	0.0724	0.2282
3320.0000000000005	-9.910062	-0.5846760000000001	2.359305	-0.630063859969953	0.4625122517784973	0.04363323129985824	-0.0177	0.0722	0.2273
3321.0	-9.95715	-0.356103	2.293578	-0.6318091892219474	0.5934119456780721	-0.0715584993317675	-0.0177	0.0724	0.2245
3322.0	-9.97677	-0.12753	2.280825	-0.5969026041820608	0.6876597252857658	-0.1466076571675237	-0.0176	0.0726	0.221
3322.9999999999995	-9.918891000000002	0.060822	2.182725	-0.7068583470577035	0.8761552845011534	-0.1832595714594046	-0.0175	0.0727	0.2165
3324.0	-9.726615	0.13145400000000002	1.946304	-0.7365289443416071	0.6614797865058508	-0.14835298641951802	-0.017	0.0726	0.2108
3325.0	-9.467631	0.15499800000000002	1.753047	-0.7347836150896128	0.6143558967020041	-0.09948376736367678	-0.0172	0.0728	0.206
3326.0	-9.205704	0.19423800000000002	1.5440940000000003	-0.747000919853573	0.6719517620178169	-0.038397243543875255	-0.0174	0.0728	0.2004
3327.0000000000005	-9.021276	0.238383	1.231155	-0.8080874436733745	0.7504915783575618	-0.027925268031909273	-0.0173	0.0729	0.1951
3328.0	-8.982036	0.278604	0.8907480000000001	-0.9878563566287906	0.7906341511534313	-0.041887902047863905	-0.0173	0.0732	0.1896
3329.0	-9.052668	0.281547	0.636669	-1.090830782496456	0.6422811647339133	-0.029670597283903602	-0.0169	0.0733	0.1852
3329.9999999999995	-9.240039	0.361008	0.393381	-1.1746065865921838	0.3961897402027128	-0.012217304763960306	-0.0167	0.0735	0.1816
3331.0	-9.578484000000001	0.476766	0.12753	-1.1990411961201044	0.32986722862692824	0.05585053606381855	-0.0164	0.0739	0.1788
3332.0	-9.95715	0.639612	-0.095157	-1.13271868454432	0.22689280275926285	0.1780235837034216	-0.0163	0.074	0.1767
3333.0	-10.302462	0.786762	-0.327654	-1.111774733520388	0.0	0.23212879051524585	-0.0163	0.0741	0.1752
3334.0000000000005	-10.639926	0.953532	-0.43556400000000006	-1.1030480872604163	-0.09075712110370514	0.3246312408709453	-0.0164	0.0746	0.1744
3335.0	-10.961694	1.1369790000000002	-0.47872800000000004	-1.0786134777324956	-0.10471975511965978	0.38048177693476387	-0.0163	0.0747	0.1731
3336.0	-11.240298	1.313559	-0.49540500000000004	-1.0611601852125523	-0.048869219055841226	0.40491638646268446	-0.016	0.0752	0.1726
3336.9999999999995	-11.451213000000001	1.4675760000000002	-0.41692500000000005	-1.017526953912694	0.05759586531581287	0.4293509959906051	-0.0159	0.0755	0.1722
3338.0000000000005	-11.530674000000001	1.496025	-0.36002700000000004	-0.9930923443847735	0.2007128639793479	0.45029494701453704	-0.0161	0.0756	0.1721
3339.0	-11.464947	1.4724810000000002	-0.28645200000000004	-1.0018189906447452	0.14486232791552936	0.460766922526503	-0.0162	0.076	0.1719
3340.0	-11.211849	1.409697	-0.153036	-0.9930923443847735	0.04014257279586958	0.4572762640225143	-0.0161	0.0763	0.1716
3340.9999999999995	-10.805715	1.3822290000000002	0.024525	-0.9930923443847735	0.005235987755982988	0.46600291028248597	-0.0168	0.0761	0.1714
3342.0	-10.341702000000002	1.364571	0.13439700000000002	-1.0314895879286488	-0.024434609527920613	0.46949356878647464	-0.017	0.0764	0.1711
3343.0	-9.995409	1.4332410000000002	0.315882	-1.0768681484805014	-0.017453292519943295	0.47647488579445196	-0.0174	0.0762	0.1704
3344.0	-9.804114	1.5450750000000002	0.38749500000000003	-1.1309733552923256	0.0017453292519943296	0.4869468613064179	-0.0176	0.0757	0.1694
3345.0000000000005	-9.706014	1.6932060000000002	0.413001	-1.1798425743481666	-0.003490658503988659	0.5096361415823443	-0.0176	0.0754	0.1689
3346.0	-9.659907	1.85409	0.43556400000000006	-1.233947781159991	-0.024434609527920613	0.5340707511102649	-0.0187	0.0751	0.1669
3347.0	-9.621648	2.03067	0.403191	-1.2985249634837812	-0.04363323129985824	0.582939970166106	-0.0191	0.075	0.1649
3347.9999999999995	-9.550035000000001	2.20725	0.37376100000000007	-1.3439035240356338	-0.05759586531581287	0.5969026041820608	-0.0189	0.0748	0.1634
3349.0	-9.468612	2.3602860000000003	0.38749500000000003	-1.3788101090755203	-0.04537856055185257	0.6318091892219474	-0.019	0.0744	0.1604
3350.0	-9.433296	2.5005690000000005	0.358065	-1.3788101090755203	-0.04537856055185257	0.6318091892219474	-0.0192	0.074	0.1576
3351.0	-9.431334000000001	2.594745	0.32176800000000005	-1.3788101090755203	-0.04537856055185257	0.6318091892219474	-0.0185	0.0739	0.1547
3352.0000000000005	-9.448992	2.652624	0.31686300000000006	-1.3788101090755203	-0.04537856055185257	0.6318091892219474	-0.0184	0.0734	0.1517
3353.0	-9.443106	2.590821	0.254079	-1.4032447186034411	0.08726646259971647	0.6510078109938848	-0.0178	0.0732	0.1496
3354.0	-9.406809	2.513322	0.249174	-1.392772743091475	0.09075712110370514	0.6387905062299246	-0.0182	0.0736	0.1454
3354.9999999999995	-9.353835	2.415222	0.241326	-1.3439035240356338	0.09948376736367678	0.619591884457987	-0.0182	0.0738	0.1398
3356.0	-9.29007	2.288673	0.226611	-1.2950343049797925	0.13264502315156904	0.5969026041820608	-0.0176	0.0736	0.1372
3357.0	-9.215514	2.147409	0.28645200000000004	-1.2444197566719568	0.14835298641951802	0.5777039824101231	-0.0175	0.0736	0.1317
3358.0	-9.159597	2.021841	0.32176800000000005	-1.1938052083641215	0.1361356816555577	0.5532693728822025	-0.0172	0.0734	0.1285
3359.0000000000005	-9.118395	1.915893	0.336483	-1.1623892818282233	0.13788101090755203	0.5201081170943103	-0.0171	0.0736	0.1284
3360.0	-9.092889	1.793268	0.308034	-1.1746065865921838	0.16929693744344995	0.4939281783143953	-0.0169	0.0737	0.1257
3361.0	-9.068364	1.6804530000000002	0.28056600000000004	-1.1693705988362009	0.1832595714594046	0.4590215932745087	-0.0169	0.0737	0.1241
3361.9999999999995	-9.041877	1.5941250000000002	0.293319	-1.1885692206081384	0.19198621771937624	0.4363323129985824	-0.0169	0.0737	0.1232
3363.0000000000005	-9.042858	1.614726	0.349236	-1.2112585008840648	0.2007128639793479	0.42062434973063345	-0.0173	0.074	0.1222
3364.0	-9.054630000000001	1.6765290000000002	0.391419	-1.2356931104119853	0.23561944901923448	0.3769911184307752	-0.0166	0.0734	0.1258
3365.0	-9.073269000000002	1.737351	0.41692500000000005	-1.2356931104119853	0.23561944901923448	0.3769911184307752	-0.0162	0.0728	0.1304
3365.9999999999995	-9.100737	1.815831	0.443412	-1.2356931104119853	0.23561944901923448	0.3769911184307752	-0.0158	0.0724	0.1336
3367.0	-9.130167	1.8903870000000003	0.41202000000000005	-1.2356931104119853	0.23561944901923448	0.3769911184307752	-0.0154	0.0718	0.1397
3368.0	-9.099756000000001	1.933551	0.396324	-1.2740903539558606	0.2181661564992912	0.30543261909900765	-0.0155	0.0717	0.1453
3369.0	-9.064440000000001	1.9561140000000001	0.38651399999999997	-1.2775810124598492	0.24783675378319478	0.28623399732707	-0.0155	0.0712	0.1487
3370.0000000000005	-9.025200000000002	2.007126	0.40221	-1.3124875974997359	0.27401669256310973	0.26529004630313807	-0.0157	0.0714	0.1565
3371.0	-8.965359000000001	2.041461	0.398286	-1.3386675362796507	0.24434609527920614	0.25132741228718347	-0.0154	0.0712	0.1627
3372.0	-8.926119000000002	2.065005	0.36983699999999997	-1.3491395117916167	0.2844886680750757	0.22689280275926285	-0.0154	0.0709	0.1679
3372.9999999999995	-8.922195	2.082663	0.306072	-1.3578661580515883	0.33335788713091696	0.19722220547535926	-0.0152	0.0706	0.1727
3374.0	-8.940834	2.102283	0.25702200000000003	-1.361356816555577	0.3490658503988659	0.15707963267948966	-0.0154	0.0707	0.1761
3375.0	-8.942796	2.112093	0.23544	-1.356120828799594	0.3385938748868999	0.11868238913561441	-0.0154	0.0709	0.1786
3376.0	-8.936910000000001	2.116998	0.21385800000000002	-1.3788101090755203	0.34732052114687156	0.0942477796076938	-0.0156	0.0712	0.1818
3377.0000000000005	-8.939853000000001	2.141523	0.208953	-1.387536755335492	0.3543018381548489	0.06981317007977318	-0.0155	0.0714	0.185
3378.0	-9.019314	2.199402	0.164808	-1.3980087308474578	0.36302848441482055	0.04537856055185257	-0.0151	0.0711	0.186
3379.0	-9.090927	2.230794	0.10791	-1.4172073526193956	0.38048177693476387	0.022689280275926284	-0.015	0.0713	0.1874
3379.9999999999995	-9.155673	2.288673	0.12262500000000001	-1.4276793281313616	0.3944444109507185	0.020943951023931952	-0.0148	0.0709	0.187
3381.0	-9.239058	2.331837	0.093195	-1.4468779499032993	0.4066617157146788	0.006981317007977318	-0.0143	0.0709	0.1872
3382.0	-9.289089	2.3730390000000003	0.10791	-1.4468779499032993	0.41364303272265607	-0.008726646259971648	-0.0136	0.071	0.1873
3383.0	-9.301842	2.416203	0.14715	-1.4521139376592822	0.4223696789826277	-0.022689280275926284	-0.0134	0.0707	0.1873
3384.0000000000005	-9.283203	2.388735	0.121644	-1.4503686084072878	0.4520402762665313	-0.05061454830783556	-0.0126	0.0708	0.1871
3385.0	-9.271431000000002	2.378925	0.13439700000000002	-1.4433872913993107	0.4869468613064179	-0.07853981633974483	-0.0121	0.0706	0.1876
3386.0	-9.262602000000001	2.3612670000000002	0.15499800000000002	-1.436405974391333	0.5096361415823443	-0.10995574287564276	-0.0113	0.0706	0.1874
3386.9999999999995	-9.244944	2.322027	0.158922	-1.436405974391333	0.5096361415823443	-0.10995574287564276	-0.0108	0.0708	0.1872
3388.0000000000005	-9.205704	2.272977	0.203067	-1.436405974391333	0.5096361415823443	-0.10995574287564276	-0.0105	0.0712	0.1869
3389.0	-9.173331000000001	2.259243	0.26977500000000004	-1.436405974391333	0.5096361415823443	-0.10995574287564276	-0.0099	0.0713	0.1866
3390.0	-9.136053	2.206269	0.28449	-1.436405974391333	0.5096361415823443	-0.10995574287564276	-0.0093	0.0714	0.1865
3390.9999999999995	-9.100737	2.176839	0.36002700000000004	-1.436405974391333	0.5096361415823443	-0.10995574287564276	-0.0092	0.0714	0.1862
3392.0	-9.079155	2.130732	0.37866600000000006	-1.436405974391333	0.5096361415823443	-0.10995574287564276	-0.009	0.0716	0.1862
3393.0	-9.150768	1.9865250000000003	0.48461400000000004	-1.111774733520388	0.4328416544945937	-0.23212879051524585	-0.0088	0.0717	0.1875
3394.0	-9.242001	1.869786	0.673947	-1.0367255756846316	0.4014257279586958	-0.24609142453120045	-0.0089	0.0717	0.189
3395.0000000000005	-9.374436000000001	1.720674	0.817173	-0.9651670763528641	0.3438298626428829	-0.25132741228718347	-0.0094	0.0722	0.1874
3396.0	-9.561807	1.5666570000000002	1.083024	-0.9093165402890457	0.317649923862968	-0.24783675378319478	-0.01	0.0723	0.1887
3397.0	-9.809019000000001	1.3694760000000001	1.344951	-0.8115781021773633	0.1832595714594046	-0.22689280275926285	-0.0109	0.0726	0.19
3397.9999999999995	-10.117053000000002	1.090872	1.642194	-0.7400196028455958	0.15358897417550102	-0.14486232791552936	-0.0114	0.0727	0.1906
3399.0	-10.552617000000001	0.8083440000000001	1.9276650000000002	-0.6667157742618339	0.18151424220741028	0.022689280275926284	-0.0118	0.0728	0.1902
3400.0	-10.979352	0.488538	2.153295	-0.582939970166106	0.23212879051524585	0.23561944901923448	-0.0126	0.0729	0.1896
3401.0	-11.292291	0.24623100000000003	2.417184	-0.5288347633542818	0.30019663134302466	0.38222710618675815	-0.0135	0.0729	0.1904
3402.0000000000005	-11.441403	0.164808	2.666358	-0.5201081170943103	0.27576202181510406	0.3368485456349056	-0.0145	0.073	0.1909
3403.0	-11.371752	0.2943	2.748762	-0.5340707511102649	0.2426007660272118	0.16755160819145562	-0.0149	0.0734	0.1903
3404.0	-11.238336	0.493443	2.855691	-0.5899212871740833	0.2897246558310587	-0.010471975511965976	-0.0157	0.0739	0.1881
3404.9999999999995	-11.074509	0.703377	2.8959120000000005	-0.6492624817418906	0.3385938748868999	-0.15184364492350666	-0.0159	0.0739	0.189
3406.0	-10.838088	0.908406	2.790945	-0.7504915783575618	0.27576202181510406	-0.2583087292951608	-0.0162	0.0741	0.1879
3407.0	-10.567332	1.120302	2.645757	-0.8761552845011534	0.24958208303518914	-0.32986722862692824	-0.016	0.0737	0.1877
3408.0	-10.314233999999999	1.3665330000000002	2.406393	-0.9704030641088472	0.24958208303518914	-0.38222710618675815	-0.0164	0.0737	0.1877
3409.0000000000005	-10.015029	1.541151	2.120922	-1.0105456369047168	0.21642082724729686	-0.41713369122664473	-0.0166	0.0739	0.1874
3410.0	-9.785475000000002	1.7108640000000002	1.874691	-1.017526953912694	0.12042771838760874	-0.45029494701453704	-0.0168	0.0736	0.1872
3411.0	-9.696204	1.740294	1.557828	-0.9930923443847735	0.017453292519943295	-0.4572762640225143	-0.0168	0.0737	0.1856
3411.9999999999995	-9.735444	1.5480180000000001	1.2527370000000002	-0.9738937226128358	-0.11868238913561441	-0.4310963252425994	-0.0168	0.0734	0.1846
3413.0000000000005	-9.835506	1.229193	1.005525	-0.9232791743050003	-0.21991148575128552	-0.3752457891787809	-0.0173	0.0731	0.1841
3414.0	-9.934587	0.885843	0.7749900000000001	-0.8796459430051421	-0.1710422666954443	-0.3036872898470133	-0.017	0.0725	0.1844
3415.0	-10.018953000000002	0.596448	0.590562	-0.7400196028455958	-0.19024088846738194	-0.24434609527920614	-0.0171	0.0718	0.1846
3415.9999999999995	-10.102338000000001	0.322749	0.385533	-0.6981317007977318	-0.19722220547535926	-0.2234021442552742	-0.0172	0.0717	0.1839
3417.0	-10.134711	0.042183000000000005	0.178542	-0.6824237375297829	-0.17976891295541594	-0.2234021442552742	-0.0173	0.0717	0.1826
3418.0	-10.096452	-0.21778200000000003	0.047088	-0.609119908946021	-0.1413716694115407	-0.22165681500327983	-0.017	0.0715	0.1813
3419.0	-9.964998000000001	-0.438507	0.010791000000000002	-0.6265732014659643	-0.14835298641951802	-0.1954768762233649	-0.0171	0.0711	0.1822
3420.0000000000005	-9.773703	-0.6180300000000001	-0.003924	-0.6265732014659643	-0.14835298641951802	-0.1954768762233649	-0.0168	0.0711	0.1831
3421.0	-9.57456	-0.73575	0.013734000000000001	-0.5707226654021458	-0.1064650843716541	-0.12391837689159739	-0.0168	0.0708	0.1837
3422.0	-9.426429	-0.730845	0.079461	-0.5532693728822025	-0.003490658503988659	-0.08203047484373349	-0.0167	0.0709	0.1842
3422.9999999999995	-9.335196	-0.6955290000000001	0.132435	-0.5480333851262195	0.017453292519943295	-0.03490658503988659	-0.0167	0.0706	0.1838
3424.0	-9.245925	-0.646479	0.12753	-0.5427973973702365	-0.09250245035569947	-0.0017453292519943296	-0.0168	0.0708	0.1838
3425.0	-9.171369	-0.576828	0.118701	-0.5637413483941683	-0.10471975511965978	0.03316125578789226	-0.0167	0.071	0.1837
3426.0	-9.122319	-0.479709	0.159903	-0.5794493116621174	-0.07853981633974483	0.07853981633974483	-0.0161	0.0704	0.1839
3427.0000000000005	-9.143901000000001	-0.367875	0.260946	-0.5969026041820608	-0.020943951023931952	0.12391837689159739	-0.0163	0.0702	0.1838
3428.0	-9.20178	-0.270756	0.327654	-0.5916666164260777	0.0	0.16755160819145562	-0.0164	0.0703	0.1841
3429.0	-9.282222	-0.161865	0.42084900000000003	-0.5637413483941683	-0.05235987755982989	0.2129301687433082	-0.0166	0.0701	0.1835
3429.9999999999995	-9.372474	-0.064746	0.545436	-0.5253441048502933	-0.10821041362364843	0.24434609527920614	-0.0165	0.0702	0.1831
3431.0	-9.452916	0.015696	0.65727	-0.4939281783143953	-0.13962634015954636	0.24085543677521748	-0.0164	0.0702	0.1831
3432.0	-9.517662	0.035316	0.722016	-0.4939281783143953	-0.13962634015954636	0.24085543677521748	-0.0162	0.07	0.1831
3433.0	-9.587313	0.031392	0.8299259999999999	-0.4939281783143953	-0.13962634015954636	0.24085543677521748	-0.016	0.0701	0.1831
3434.0000000000005	-9.708957000000002	-0.011772	0.918216	-0.4939281783143953	-0.13962634015954636	0.24085543677521748	-0.016	0.0699	0.1832
3435.0	-9.830601	-0.11673900000000001	1.011411	-0.4939281783143953	-0.13962634015954636	0.24085543677521748	-0.016	0.0699	0.1835
3436.0	-9.950283	-0.23936400000000002	1.090872	-0.4939281783143953	-0.13962634015954636	0.24085543677521748	-0.0163	0.0701	0.1837
3436.9999999999995	-9.97677	-0.32667300000000005	1.195839	-0.27052603405912107	-0.04537856055185257	0.12042771838760874	-0.0162	0.0698	0.1837
3438.0000000000005	-9.942435000000001	-0.37278	1.3027680000000001	-0.27401669256310973	-0.015707963267948967	0.09773843811168245	-0.0157	0.0697	0.1836
3439.0	-9.883575	-0.381609	1.3635900000000003	-0.26878070480712674	0.061086523819801536	0.0942477796076938	-0.0157	0.0698	0.1837
3440.0	-9.814905	-0.380628	1.392039	-0.26878070480712674	0.061086523819801536	0.0942477796076938	-0.0158	0.0696	0.1835
3440.9999999999995	-9.760950000000001	-0.336483	1.460709	-0.25481807079117214	0.16929693744344995	0.09599310885968812	-0.016	0.0695	0.1832
3442.0	-9.751140000000001	-0.290376	1.507797	-0.25481807079117214	0.21642082724729686	0.1064650843716541	-0.0159	0.0695	0.1828
3443.0	-9.738387000000001	-0.23347800000000002	1.604916	-0.26529004630313807	0.16755160819145562	0.1308996938995747	-0.016	0.0699	0.1827
3444.0	-9.742311	-0.175599	1.6608330000000002	-0.291469985083053	0.13788101090755203	0.13962634015954636	-0.016	0.0699	0.1826
3445.0000000000005	-9.747216000000002	-0.092214	1.7765910000000003	-0.32288591161895097	0.09948376736367678	0.13264502315156904	-0.016	0.07	0.1825
3446.0	-9.737406	-0.039240000000000004	1.8580140000000003	-0.3560471674068432	0.07853981633974483	0.1064650843716541	-0.0163	0.0702	0.1821
3447.0	-9.776646000000001	0.04316400000000001	1.965924	-0.3909537524467298	0.07853981633974483	0.061086523819801536	-0.0164	0.0704	0.182
3447.9999999999995	-9.84924	0.136359	2.044404	-0.460766922526503	0.0942477796076938	0.0471238898038469	-0.0169	0.0705	0.1822
3449.0	-9.939492000000001	0.278604	2.185668	-0.5113814708343386	0.1117010721276371	0.0471238898038469	-0.0168	0.0704	0.1821
3450.0	-10.019934000000001	0.42869700000000005	2.282787	-0.5585053606381855	0.1291543646475804	0.04014257279586958	-0.0167	0.0702	0.1822
3451.0	-10.05525	0.5189490000000001	2.298483	-0.5707226654021458	0.12391837689159739	0.024434609527920613	-0.0166	0.0702	0.1825
3452.0000000000005	-10.029744	0.579771	2.387754	-0.5637413483941683	0.1413716694115407	-0.006981317007977318	-0.0166	0.0703	0.1826
3453.0	-10.026801	0.612144	2.381868	-0.5637413483941683	0.19722220547535926	-0.038397243543875255	-0.0163	0.07	0.1825
3454.0	-9.992466	0.613125	2.4073740000000003	-0.5445427266222308	0.21991148575128552	-0.06283185307179587	-0.0164	0.0696	0.1827
3454.9999999999995	-9.945378000000002	0.560151	2.3475330000000003	-0.5078908123303499	0.25132741228718347	-0.07679448708775051	-0.0163	0.0697	0.1827
3456.0	-9.899271000000002	0.50031	2.33478	-0.4852015320544236	0.27052603405912107	-0.1064650843716541	-0.0156	0.0696	0.1827
3457.0	-9.845316	0.3924	2.289654	-0.4537856055185257	0.25132741228718347	-0.10821041362364843	-0.0156	0.0694	0.1828
3458.0	-9.753102	0.259965	2.289654	-0.41364303272265607	0.21642082724729686	-0.11693705988362008	-0.0155	0.069	0.1827
3459.0000000000005	-9.64323	0.041202	2.178801	-0.3961897402027128	0.2007128639793479	-0.12566370614359174	-0.0155	0.0688	0.1828
3460.0	-9.567693	-0.158922	2.0905110000000002	-0.38571776469074687	0.23387411976724015	-0.1413716694115407	-0.0156	0.0688	0.1827
3461.0	-9.527472	-0.305091	2.092473	-0.3595378259108319	0.22514747350726852	-0.16057029118347832	-0.0155	0.0687	0.1824
3461.9999999999995	-9.53532	-0.40515300000000004	1.978677	-0.3735004599267865	0.20769418098732523	-0.18675022996339324	-0.0153	0.0685	0.1828
3463.0000000000005	-9.522567	-0.488538	1.9080450000000002	-0.3735004599267865	0.20769418098732523	-0.18675022996339324	-0.0153	0.0684	0.1829
3464.0	-9.531396	-0.515025	1.767762	-0.34033920413889424	0.16755160819145562	-0.158824961931484	-0.015	0.0683	0.1827
3465.0	-9.50589	-0.482652	1.69713	-0.27052603405912107	0.1780235837034216	-0.10821041362364843	-0.0152	0.0678	0.1826
3465.9999999999995	-9.494118	-0.41202000000000005	1.6137450000000002	-0.27052603405912107	0.1780235837034216	-0.10821041362364843	-0.0156	0.0675	0.1828
3467.0	-9.489213000000001	-0.33354000000000006	1.4970060000000003	-0.27052603405912107	0.1780235837034216	-0.10821041362364843	-0.0157	0.0674	0.1829
3468.0	-9.504909	-0.237402	1.380267	-0.27052603405912107	0.1780235837034216	-0.10821041362364843	-0.0158	0.0675	0.1831
3469.0	-9.53532	-0.11673900000000001	1.293939	-0.27052603405912107	0.1780235837034216	-0.10821041362364843	-0.016	0.0674	0.1832
3470.0000000000005	-9.540225000000001	-0.021582000000000004	1.229193	-0.27052603405912107	0.1780235837034216	-0.10821041362364843	-0.0161	0.0674	0.1833
3471.0	-9.571617	0.044145	1.084986	-0.29670597283903605	0.30019663134302466	-0.08552113334772216	-0.0163	0.0677	0.1836
3472.0	-9.577503	0.10594800000000001	0.9662850000000001	-0.32812189937493397	0.26354471705114374	-0.06981317007977318	-0.0166	0.0679	0.1833
3472.9999999999995	-9.587313	0.204048	0.893691	-0.32812189937493397	0.24609142453120045	-0.03665191429188092	-0.0167	0.0681	0.1829
3474.0	-9.605952	0.308034	0.839736	-0.4241150082346221	0.2234021442552742	-0.017453292519943295	-0.0169	0.0685	0.183
3475.0	-9.685413	0.42771600000000004	0.796572	-0.3787364476827695	0.21642082724729686	0.024434609527920613	-0.0168	0.069	0.183
3476.0	-9.776646000000001	0.5395500000000001	0.688662	-0.4066617157146788	0.1832595714594046	0.054105206811824215	-0.0167	0.0691	0.1826
3477.0000000000005	-9.86886	0.70632	0.64746	-0.5235987755982988	0.1413716694115407	0.08028514559173916	-0.0167	0.0694	0.1822
3478.0	-9.962055000000001	0.8318880000000001	0.5405310000000001	-0.4520402762665313	0.12217304763960307	0.10297442586766545	-0.0165	0.0701	0.1816
3479.0	-10.030725	0.9623610000000001	0.482652	-0.4625122517784973	0.0942477796076938	0.12042771838760874	-0.0164	0.0705	0.1811
3479.9999999999995	-10.085661	1.08891	0.40417200000000003	-0.46949356878647464	0.054105206811824215	0.1413716694115407	-0.0163	0.071	0.1809
3481.0	-10.105281000000002	1.207611	0.35021700000000006	-0.47123889803846897	0.10122909661567112	0.16580627893946132	-0.0162	0.0711	0.1809
3482.0	-10.130787	1.313559	0.389457	-0.45029494701453704	0.15009831567151233	0.2059488517353309	-0.0162	0.0712	0.1806
3483.0	-10.140597000000001	1.340046	0.335502	-0.4363323129985824	0.18675022996339324	0.22689280275926285	-0.0164	0.0712	0.1807
3484.0000000000005	-10.129806	1.361628	0.37572300000000003	-0.4188790204786391	0.158824961931484	0.24609142453120045	-0.0164	0.0711	0.1804
3485.0	-10.081737	1.3165020000000003	0.356103	-0.40840704496667307	0.14486232791552936	0.2530727415391778	-0.0166	0.071	0.1802
3486.0	-10.006200000000002	1.286091	0.42771600000000004	-0.3595378259108319	0.12042771838760874	0.26878070480712674	-0.0166	0.0711	0.1801
3486.9999999999995	-9.934587	1.187991	0.37081800000000004	-0.32812189937493397	0.1291543646475804	0.2792526803190927	-0.0165	0.0708	0.1802
3488.0000000000005	-9.856107	1.146789	0.44537400000000005	-0.2984513020910304	0.15184364492350666	0.27576202181510406	-0.0165	0.0704	0.1808
3489.0	-9.810981	1.139922	0.474804	-0.2879793265790644	0.17278759594743864	0.2827433388230814	-0.0167	0.0703	0.1812
