PacketCounter	Acc_X	Acc_Y	Acc_Z	Gyr_X	Gyr_Y	Gyr_Z	Mag_X	Mag_Y	Mag_Z
0.0	7.998093000000001	-1.7275410000000002	5.558346	-0.04363323129985824	0.03316125578789226	0.015707963267948967	-0.8536	-0.2932	-0.881
1.0	7.998093000000001	-1.74618	5.5691370000000004	-0.03490658503988659	0.017453292519943295	0.020943951023931952	-0.8554	-0.2963	-0.8866
2.0	7.997112	-1.783458	5.541669	-0.027925268031909273	0.013962634015954637	0.012217304763960306	-0.8534	-0.2959	-0.8866
3.0	8.003979	-1.79523	5.545593	-0.026179938779914945	0.020943951023931952	0.010471975511965976	-0.8532	-0.2949	-0.8847
4.0	8.006922000000001	-1.8119070000000002	5.531859	-0.031415926535897934	0.03665191429188092	0.017453292519943295	-0.854	-0.2949	-0.8841
5.0	8.005941000000002	-1.8187740000000001	5.524992000000001	-0.020943951023931952	0.024434609527920613	0.006981317007977318	-0.8545	-0.295	-0.8837
6.0	8.006922000000001	-1.827603	5.523029999999999	-0.029670597283903602	0.0471238898038469	0.008726646259971648	-0.8551	-0.2951	-0.8837
7.000000000000001	8.00496	-1.829565	5.518125	-0.005235987755982988	0.03665191429188092	-0.022689280275926284	-0.855	-0.2949	-0.8838
8.0	8.001036000000001	-1.8423180000000001	5.519106	-0.005235987755982988	0.03490658503988659	-0.027925268031909273	-0.8552	-0.2945	-0.8838
9.0	8.000055	-1.8442800000000001	5.520087	0.013962634015954637	0.029670597283903602	-0.031415926535897934	-0.8553	-0.2947	-0.8838
10.0	7.999074	-1.8413370000000002	5.522049	0.0017453292519943296	0.0471238898038469	-0.027925268031909273	-0.8552	-0.2951	-0.8839
11.0	7.998093000000001	-1.8442800000000001	5.519106	0.015707963267948967	0.04014257279586958	-0.027925268031909273	-0.8552	-0.2951	-0.8837
12.0	7.998093000000001	-1.8413370000000002	5.522049	-0.0	0.038397243543875255	-0.024434609527920613	-0.8554	-0.2951	-0.8835
13.0	7.996131000000001	-1.836432	5.521068	0.010471975511965976	0.048869219055841226	-0.024434609527920613	-0.8551	-0.2951	-0.884
14.000000000000002	7.994169	-1.827603	5.5259730000000005	-0.0	0.05759586531581287	-0.026179938779914945	-0.8541	-0.295	-0.8845
15.0	7.990245000000001	-1.820736	5.531859	-0.0	0.03490658503988659	-0.020943951023931952	-0.8538	-0.2953	-0.8847
16.0	7.9843589999999995	-1.8138690000000002	5.534802000000001	-0.005235987755982988	0.026179938779914945	-0.010471975511965976	-0.8533	-0.2954	-0.8845
17.0	7.982397000000001	-1.8060210000000003	5.546574000000001	0.008726646259971648	0.022689280275926284	-0.017453292519943295	-0.8531	-0.2957	-0.8843
18.0	7.982397000000001	-1.783458	5.551479	-0.012217304763960306	0.031415926535897934	-0.0017453292519943296	-0.8526	-0.2962	-0.8844
19.0	7.9794540000000005	-1.768743	5.558346	-0.008726646259971648	0.008726646259971648	0.005235987755982988	-0.8519	-0.296	-0.8846
20.0	7.980435000000001	-1.760895	5.558346	-0.027925268031909273	0.029670597283903602	0.012217304763960306	-0.8519	-0.2957	-0.8844
21.0	7.9794540000000005	-1.760895	5.558346	-0.012217304763960306	0.019198621771937627	0.0	-0.8517	-0.2957	-0.8844
22.0	7.978473000000001	-1.7589329999999999	5.555403	-0.026179938779914945	0.019198621771937627	0.006981317007977318	-0.8519	-0.2957	-0.8844
23.0	7.977492000000001	-1.763838	5.556384	-0.013962634015954637	0.006981317007977318	0.0	-0.8518	-0.2961	-0.8844
24.0	7.976511000000001	-1.767762	5.553441000000001	-0.017453292519943295	0.031415926535897934	-0.005235987755982988	-0.8524	-0.2965	-0.8836
25.0	7.9794540000000005	-1.770705	5.554422000000001	-0.005235987755982988	0.026179938779914945	0.0	-0.8522	-0.2964	-0.8818
26.0	7.982397000000001	-1.772667	5.553441000000001	-0.017453292519943295	0.03490658503988659	0.0	-0.852	-0.2963	-0.8788
27.0	7.98534	-1.7746290000000002	5.550498	-0.0	0.015707963267948967	-0.017453292519943295	-0.8515	-0.2963	-0.8744
28.000000000000004	7.986321000000001	-1.780515	5.547555	-0.013962634015954637	0.029670597283903602	-0.008726646259971648	-0.8516	-0.2966	-0.8689
28.999999999999996	7.987302000000001	-1.78542	5.545593	0.012217304763960306	0.015707963267948967	-0.019198621771937627	-0.8519	-0.297	-0.8634
30.0	7.987302000000001	-1.788363	5.544612000000001	-0.006981317007977318	0.026179938779914945	-0.015707963267948967	-0.8517	-0.2971	-0.8595
31.0	7.989264	-1.784439	5.548536	-0.006981317007977318	0.026179938779914945	-0.005235987755982988	-0.8516	-0.2971	-0.8567
32.0	7.989264	-1.782477	5.550498	-0.013962634015954637	0.03316125578789226	0.003490658503988659	-0.8513	-0.2974	-0.8559
33.0	7.989264	-1.7756100000000001	5.550498	0.003490658503988659	0.026179938779914945	0.0	-0.8514	-0.2977	-0.8562
34.0	7.987302000000001	-1.771686	5.55246	-0.017453292519943295	0.027925268031909273	-0.003490658503988659	-0.8515	-0.2974	-0.8575
35.0	7.98534	-1.770705	5.551479	-0.005235987755982988	0.03665191429188092	-0.0017453292519943296	-0.8515	-0.2978	-0.86
36.0	7.983378	-1.7628570000000001	5.553441000000001	-0.006981317007977318	0.03316125578789226	-0.006981317007977318	-0.8514	-0.2981	-0.8638
37.0	7.9843589999999995	-1.763838	5.55246	-0.0017453292519943296	0.017453292519943295	0.0	-0.8516	-0.2979	-0.869
38.0	7.9843589999999995	-1.7658	5.551479	-0.017453292519943295	0.048869219055841226	0.0	-0.851	-0.2981	-0.8748
39.0	7.982397000000001	-1.7658	5.55246	-0.0017453292519943296	0.03665191429188092	-0.019198621771937627	-0.8508	-0.2985	-0.8809
40.0	7.9794540000000005	-1.7628570000000001	5.555403	-0.003490658503988659	0.031415926535897934	-0.013962634015954637	-0.8504	-0.2985	-0.8847
41.0	7.977492000000001	-1.760895	5.555403	0.003490658503988659	0.027925268031909273	-0.010471975511965976	-0.8499	-0.299	-0.8857
42.0	7.976511000000001	-1.7569710000000003	5.559327	-0.017453292519943295	0.038397243543875255	-0.0017453292519943296	-0.8495	-0.2994	-0.8833
43.0	7.977492000000001	-1.75599	5.563251000000001	-0.015707963267948967	0.027925268031909273	0.006981317007977318	-0.8496	-0.2995	-0.8783
44.0	7.977492000000001	-1.755009	5.5642320000000005	-0.019198621771937627	0.04014257279586958	-0.005235987755982988	-0.8496	-0.3	-0.8732
45.0	7.978473000000001	-1.7471610000000002	5.565213000000001	-0.005235987755982988	0.027925268031909273	-0.008726646259971648	-0.8495	-0.2999	-0.8683
46.0	7.981416	-1.74618	5.5642320000000005	-0.013962634015954637	0.029670597283903602	0.003490658503988659	-0.8494	-0.2996	-0.8653
47.0	7.977492000000001	-1.7432370000000001	5.563251000000001	0.0017453292519943296	0.015707963267948967	0.0	-0.8497	-0.3003	-0.8636
48.0	7.978473000000001	-1.740294	5.566194	-0.010471975511965976	0.04537856055185257	0.0	-0.8504	-0.3001	-0.8639
49.0	7.980435000000001	-1.73637	5.565213000000001	-0.006981317007977318	0.03316125578789226	-0.012217304763960306	-0.8507	-0.3002	-0.8643
50.0	7.981416	-1.735389	5.567175000000001	0.003490658503988659	0.029670597283903602	-0.010471975511965976	-0.8512	-0.3006	-0.8661
51.0	7.980435000000001	-1.7304840000000001	5.565213000000001	-0.013962634015954637	0.04014257279586958	-0.006981317007977318	-0.8518	-0.3008	-0.8695
52.0	7.9794540000000005	-1.7275410000000002	5.5642320000000005	-0.017453292519943295	0.03665191429188092	0.012217304763960306	-0.8524	-0.3007	-0.8737
53.0	7.978473000000001	-1.723617	5.5642320000000005	-0.013962634015954637	0.03665191429188092	0.0017453292519943296	-0.8528	-0.3009	-0.881
54.0	7.980435000000001	-1.71675	5.5691370000000004	-0.0	0.027925268031909273	0.006981317007977318	-0.8532	-0.301	-0.8858
55.00000000000001	7.9794540000000005	-1.713807	5.5691370000000004	-0.008726646259971648	0.041887902047863905	0.006981317007977318	-0.853	-0.3014	-0.8905
56.00000000000001	7.982397000000001	-1.7108640000000002	5.574042	-0.0017453292519943296	0.041887902047863905	0.003490658503988659	-0.8529	-0.302	-0.8987
56.99999999999999	7.983378	-1.707921	5.573061000000001	-0.019198621771937627	0.017453292519943295	0.013962634015954637	-0.8528	-0.3016	-0.901
57.99999999999999	7.981416	-1.703016	5.575023000000001	-0.010471975511965976	0.015707963267948967	0.012217304763960306	-0.8522	-0.3019	-0.8994
59.0	7.9794540000000005	-1.69713	5.576004	-0.019198621771937627	0.015707963267948967	0.026179938779914945	-0.852	-0.302	-0.9001
60.0	7.976511000000001	-1.6853580000000001	5.58189	-0.03316125578789226	-0.006981317007977318	0.041887902047863905	-0.8518	-0.3023	-0.9002
61.0	7.9667010000000005	-1.6461180000000002	5.588757	-0.09250245035569947	-0.0471238898038469	0.10995574287564276	-0.8511	-0.3027	-0.8992
62.0	7.958853	-1.588239	5.612301	-0.11868238913561441	-0.09250245035569947	0.15533430342749532	-0.8509	-0.3024	-0.8991
63.0	7.950024000000001	-1.533303	5.624073000000001	-0.18151424220741028	-0.1291543646475804	0.24783675378319478	-0.8505	-0.3018	-0.8972
64.0	7.944138	-1.493082	5.644674	-0.24609142453120045	-0.21467549799530256	0.3246312408709453	-0.8503	-0.3009	-0.8972
65.0	7.946100000000001	-1.459728	5.654484000000001	-0.26703537555513246	-0.2426007660272118	0.3839724354387525	-0.8517	-0.2992	-0.8969
66.0	7.945119	-1.444032	5.669199	-0.27052603405912107	-0.2932153143350474	0.4328416544945937	-0.853	-0.2973	-0.8913
67.0	7.952967	-1.4528610000000002	5.669199	-0.26703537555513246	-0.3246312408709453	0.4572762640225143	-0.8547	-0.2956	-0.8903
68.0	7.965720000000001	-1.4803290000000002	5.662332000000001	-0.23561944901923448	-0.34732052114687156	0.47472955654245763	-0.8569	-0.2928	-0.8931
69.0	7.976511000000001	-1.509759	5.646636	-0.24783675378319478	-0.3368485456349056	0.4869468613064179	-0.8596	-0.2897	-0.8891
70.0	7.98534	-1.565676	5.63094	-0.2181661564992912	-0.3595378259108319	0.4799655442984406	-0.8621	-0.2857	-0.8855
71.0	8.005941000000002	-1.6510230000000001	5.604453	-0.1954768762233649	-0.36826447217080355	0.47472955654245763	-0.8652	-0.2811	-0.8806
72.0	8.020656	-1.793268	5.549517	-0.16057029118347832	-0.36826447217080355	0.44505895925855404	-0.8681	-0.2769	-0.8819
73.0	8.037333	-1.933551	5.507334	-0.07679448708775051	-0.3612831551628262	0.4118977034706618	-0.8713	-0.2726	-0.8801
74.0	8.050086	-2.130732	5.440626	0.41015237421866746	-0.4276056667386107	0.41538836197465046	-0.8753	-0.2683	-0.8788
75.0	8.062839	-2.3377230000000004	5.354298	0.7976154681614086	-0.4677482395344803	0.4537856055185257	-0.8787	-0.2654	-0.8754
76.0	8.082459	-2.3387040000000003	5.293476	1.181587903600161	-0.5026548245743669	0.5707226654021458	-0.8829	-0.2632	-0.8715
77.0	8.097174	-2.350476	5.257179000000001	1.2636183784438948	-0.5235987755982988	0.6422811647339133	-0.8868	-0.2618	-0.867
78.0	8.100117000000001	-2.312217	5.244426	1.2147491593880533	-0.5026548245743669	0.6824237375297829	-0.891	-0.2617	-0.8598
79.0	8.11287	-2.322027	5.219901	1.2147491593880533	-0.5061454830783556	0.7103490055616922	-0.895	-0.2621	-0.8565
80.0	8.123661	-2.300445	5.196357	1.1431906600562858	-0.4834562028024293	0.7120943348136864	-0.8993	-0.2636	-0.8519
81.0	8.13249	-2.30535	5.165946	1.111774733520388	-0.4520402762665313	0.6998770300497261	-0.904	-0.2659	-0.8493
82.0	8.143281	-2.277882	5.146326	1.0978120995044334	-0.44331363000655966	0.6911503837897546	-0.9086	-0.2687	-0.8393
83.0	8.150148	-2.229813	5.132592	1.090830782496456	-0.45029494701453704	0.7033676885537148	-0.9137	-0.2722	-0.8323
84.0	8.158977	-2.096397	5.155155	1.043706892692609	-0.48171087355043496	0.7417649320975901	-0.9179	-0.2764	-0.8248
85.0	8.16192	-1.951209	5.197338000000001	1.0088003076527223	-0.5288347633542818	0.7504915783575618	-0.9227	-0.28	-0.8186
86.0	8.157996	-2.02086	5.193414	1.0122909661567112	-0.5218534463463045	0.7120943348136864	-0.9271	-0.2832	-0.8124
87.0	8.154072000000001	-2.0816820000000003	5.178699000000001	1.0227629416686772	-0.5078908123303499	0.6841690667817772	-0.9318	-0.2863	-0.8062
88.0	8.159958	-2.155257	5.136515999999999	1.0122909661567112	-0.49567350756638956	0.6579891280018623	-0.9365	-0.2894	-0.8005
89.0	8.160939	-2.185668	5.113953	0.9721483933608416	-0.4799655442984406	0.6073745796940266	-0.9405	-0.2922	-0.7946
90.0	8.168787	-2.220003	5.077656	0.905825881785057	-0.4293509959906051	0.5654866776461628	-0.9456	-0.2946	-0.7889
91.0	8.174673	-2.228832	5.0580359999999995	0.905825881785057	-0.4293509959906051	0.5654866776461628	-0.9501	-0.2968	-0.7837
92.0	8.186445	-2.2366800000000002	5.021739	0.7103490055616922	-0.2932153143350474	0.44331363000655966	-0.9546	-0.2993	-0.7782
93.0	8.20116	-2.276901	4.976613	0.5270894341022875	-0.1832595714594046	0.34033920413889424	-0.9585	-0.3013	-0.7732
94.0	8.213913000000002	-2.331837	4.9108860000000005	0.5270894341022875	-0.1832595714594046	0.34033920413889424	-0.9623	-0.3031	-0.7687
95.0	8.226666	-2.379906	4.857912	0.5270894341022875	-0.1832595714594046	0.34033920413889424	-0.9652	-0.3047	-0.7649
96.0	8.236476	-2.400507	4.818672	0.5270894341022875	-0.1832595714594046	0.34033920413889424	-0.9678	-0.3062	-0.7617
97.0	8.246286000000001	-2.3946210000000003	4.782375	0.5270894341022875	-0.1832595714594046	0.34033920413889424	-0.97	-0.3071	-0.7593
98.0	8.255115	-2.406393	4.756869	0.5270894341022875	-0.1832595714594046	0.34033920413889424	-0.9715	-0.3077	-0.7572
99.0	8.261982	-2.418165	4.7303820000000005	0.5270894341022875	-0.1832595714594046	0.34033920413889424	-0.973	-0.3081	-0.7556
100.0	8.265906000000001	-2.4368040000000004	4.711743	0.5270894341022875	-0.1832595714594046	0.34033920413889424	-0.9734	-0.3085	-0.7548
101.0	8.270811	-2.456424	4.694085	0.5270894341022875	-0.1832595714594046	0.34033920413889424	-0.9739	-0.3089	-0.7539
102.0	8.270811	-2.4701580000000005	4.695066000000001	0.5270894341022875	-0.1832595714594046	0.34033920413889424	-0.9741	-0.3088	-0.7541
103.0	8.258058	-2.376963	4.747059	0.1361356816555577	0.30717794835100204	-0.2234021442552742	-0.9725	-0.3112	-0.7505
104.0	8.250210000000001	-2.2788630000000003	4.82652	0.09075712110370514	0.23387411976724015	-0.17453292519943295	-0.9707	-0.3141	-0.746
105.0	8.241381	-2.164086	4.905	0.054105206811824215	0.1832595714594046	-0.10821041362364843	-0.9695	-0.3172	-0.742
106.0	8.232552	-2.063043	4.974651000000001	0.013962634015954637	0.14486232791552936	-0.03490658503988659	-0.9677	-0.3202	-0.7394
107.0	8.222742	-1.975734	5.046264	-0.005235987755982988	0.08203047484373349	0.013962634015954637	-0.9658	-0.3231	-0.7382
108.0	8.212932	-1.8933300000000002	5.107086	-0.017453292519943295	0.0645771823237902	0.03316125578789226	-0.964	-0.3263	-0.7383
109.00000000000001	8.206065	-1.8236790000000003	5.165946	-0.03316125578789226	0.041887902047863905	0.07330382858376185	-0.9621	-0.3292	-0.7401
110.00000000000001	8.196255	-1.771686	5.213034	-0.0471238898038469	0.03665191429188092	0.10297442586766545	-0.9599	-0.3324	-0.7422
111.00000000000001	8.187426	-1.7344080000000002	5.263065	-0.03665191429188092	0.027925268031909273	0.0942477796076938	-0.9581	-0.3352	-0.7445
112.00000000000001	8.175654000000002	-1.705959	5.30721	-0.04363323129985824	0.04537856055185257	0.08552113334772216	-0.9561	-0.3379	-0.7465
112.99999999999999	8.175654000000002	-1.772667	5.298381000000001	-0.008726646259971648	0.05759586531581287	0.03490658503988659	-0.9558	-0.3384	-0.7523
113.99999999999999	8.17173	-1.849185	5.260122	-0.010471975511965976	0.07330382858376185	0.013962634015954637	-0.955	-0.3382	-0.7591
114.99999999999999	8.167806	-1.9374750000000003	5.224806	0.005235987755982988	0.09075712110370514	-0.0017453292519943296	-0.954	-0.338	-0.7652
115.99999999999999	8.167806	-2.007126	5.1953759999999996	0.003490658503988659	0.1117010721276371	-0.041887902047863905	-0.9531	-0.338	-0.7692
117.0	8.169768	-2.061081	5.164965	0.031415926535897934	0.1291543646475804	-0.0715584993317675	-0.9525	-0.3379	-0.7709
118.0	8.174673	-2.105226	5.140440000000001	0.03665191429188092	0.17278759594743864	-0.08726646259971647	-0.9516	-0.3379	-0.7699
119.0	8.176635000000001	-2.135637	5.127687000000001	0.05585053606381855	0.21118483949131386	-0.12217304763960307	-0.9507	-0.3386	-0.7663
120.0	8.176635000000001	-2.1464280000000002	5.125725	0.0715584993317675	0.23911010752322315	-0.1413716694115407	-0.9499	-0.3388	-0.7621
121.0	8.17173	-2.141523	5.133573	0.08028514559173916	0.23911010752322315	-0.158824961931484	-0.9485	-0.3398	-0.7582
122.0	8.167806	-2.126808	5.1473070000000005	0.09075712110370514	0.26529004630313807	-0.16406094968746698	-0.9478	-0.3408	-0.7555
123.0	8.164863	-2.1111120000000003	5.163003	0.11868238913561441	0.2879793265790644	-0.17976891295541594	-0.9463	-0.3418	-0.7541
124.0	8.155053	-2.097378	5.192433	0.1413716694115407	0.2775073510670984	-0.21991148575128552	-0.9453	-0.3433	-0.7544
125.0	8.143281	-2.0807010000000004	5.2208820000000005	0.1413716694115407	0.2722713633111154	-0.24434609527920614	-0.9439	-0.3451	-0.7568
126.0	8.127585	-2.057157	5.263065	0.16929693744344995	0.2530727415391778	-0.25481807079117214	-0.9429	-0.347	-0.7603
127.0	8.109927	-2.032632	5.301324	0.1466076571675237	0.24609142453120045	-0.24609142453120045	-0.9413	-0.3497	-0.7647
128.0	8.089326	-2.008107	5.347431	0.158824961931484	0.21642082724729686	-0.2583087292951608	-0.9398	-0.3522	-0.7704
129.0	8.064801000000001	-1.985544	5.383728	0.13962634015954636	0.20943951023931956	-0.25481807079117214	-0.9381	-0.3543	-0.7765
130.0	8.047143	-1.953171	5.420025	0.14835298641951802	0.17976891295541594	-0.2583087292951608	-0.9365	-0.3569	-0.783
131.0	8.035371000000001	-1.913931	5.4445500000000004	0.12566370614359174	0.18675022996339324	-0.26005405854715513	-0.9349	-0.3595	-0.79
132.0	8.026542000000001	-1.882539	5.467113	0.15358897417550102	0.17627825445142728	-0.2583087292951608	-0.9324	-0.3627	-0.7957
133.0	8.01477	-1.8629190000000002	5.483790000000001	0.16406094968746698	0.17976891295541594	-0.291469985083053	-0.9301	-0.3659	-0.8018
134.0	8.015751000000002	-1.827603	5.491638	0.16406094968746698	0.18675022996339324	-0.291469985083053	-0.9279	-0.3695	-0.8026
135.0	8.013789	-1.7775720000000002	5.505372	0.16406094968746698	0.2007128639793479	-0.30194196059501904	-0.9255	-0.3729	-0.8041
136.0	8.007903	-1.739313	5.511258	0.14835298641951802	0.20245819323134223	-0.28623399732707	-0.9231	-0.3763	-0.8021
137.0	8.003979	-1.681434	5.532839999999999	0.16231562043547265	0.18500490071139894	-0.2722713633111154	-0.9209	-0.3796	-0.8026
138.0	8.003979	-1.6166880000000001	5.547555	0.143116998663535	0.17453292519943295	-0.24958208303518914	-0.9191	-0.3832	-0.8035
139.0	8.00496	-1.5489990000000002	5.570118	0.13788101090755203	0.15358897417550102	-0.21991148575128552	-0.9165	-0.3865	-0.805
140.0	8.00496	-1.488177	5.584833000000001	0.11868238913561441	0.15009831567151233	-0.19024088846738194	-0.9144	-0.3899	-0.8062
141.0	8.003979	-1.437165	5.6024910000000006	0.12391837689159739	0.143116998663535	-0.1832595714594046	-0.9121	-0.3933	-0.8063
142.0	7.998093000000001	-1.3832099999999998	5.619168	0.09075712110370514	0.13962634015954636	-0.16231562043547265	-0.91	-0.3963	-0.807
143.0	7.99515	-1.307673	5.643693000000001	0.07504915783575616	0.15184364492350666	-0.13962634015954636	-0.9087	-0.3994	-0.8058
144.0	7.982397000000001	-1.234098	5.673123	0.06632251157578452	0.13264502315156904	-0.11519173063162574	-0.9074	-0.4021	-0.8081
145.0	7.972587	-1.173276	5.695686	0.027925268031909273	0.1117010721276371	-0.08203047484373349	-0.9062	-0.4044	-0.8086
146.0	7.967682000000001	-1.119321	5.720211	0.03490658503988659	0.0942477796076938	-0.048869219055841226	-0.905	-0.4068	-0.8123
147.0	7.959834000000001	-1.08891	5.72904	0.013962634015954637	0.09599310885968812	-0.03316125578789226	-0.904	-0.4088	-0.8149
148.0	7.951986000000001	-1.0751760000000001	5.739831	0.022689280275926284	0.06632251157578452	-0.012217304763960306	-0.9025	-0.4105	-0.8165
149.0	7.946100000000001	-1.076157	5.737869	-0.012217304763960306	0.06806784082777885	0.0	-0.9013	-0.4123	-0.8173
150.0	7.944138	-1.084005	5.74866	-0.015707963267948967	0.06632251157578452	0.0	-0.8997	-0.4139	-0.8159
151.0	7.937271000000001	-1.097739	5.750622000000001	-0.005235987755982988	0.059341194567807204	0.013962634015954637	-0.8992	-0.4148	-0.8174
152.0	7.9362900000000005	-1.120302	5.75847	-0.013962634015954637	0.09075712110370514	-0.003490658503988659	-0.8983	-0.4159	-0.8189
153.0	7.934328	-1.151694	5.75847	0.012217304763960306	0.06806784082777885	-0.019198621771937627	-0.8973	-0.4166	-0.8188
154.0	7.939233000000001	-1.182105	5.754546	0.013962634015954637	0.06283185307179587	-0.026179938779914945	-0.8957	-0.417	-0.8188
155.0	7.9362900000000005	-1.21644	5.747679	-0.0017453292519943296	0.07679448708775051	-0.026179938779914945	-0.8948	-0.4176	-0.8176
156.0	7.937271000000001	-1.248813	5.741793	0.003490658503988659	0.07504915783575616	-0.029670597283903602	-0.8936	-0.4177	-0.8168
157.0	7.939233000000001	-1.283148	5.733945	-0.0	0.07679448708775051	-0.03665191429188092	-0.8924	-0.4179	-0.8147
158.0	7.939233000000001	-1.3165020000000003	5.727078000000001	0.026179938779914945	0.09075712110370514	-0.04537856055185257	-0.8919	-0.4188	-0.8132
159.0	7.938252	-1.3243500000000001	5.734926000000001	0.008726646259971648	0.1064650843716541	-0.048869219055841226	-0.8917	-0.4195	-0.8122
160.0	7.932366	-1.3047300000000002	5.737869	0.017453292519943295	0.10122909661567112	-0.048869219055841226	-0.8913	-0.4197	-0.8136
161.0	7.927461000000001	-1.2684330000000001	5.751603000000001	-0.008726646259971648	0.10297442586766545	-0.015707963267948967	-0.8903	-0.4203	-0.8127
162.0	7.920594	-1.214478	5.7623940000000005	-0.017453292519943295	0.0890117918517108	0.020943951023931952	-0.8895	-0.4206	-0.8117
163.0	7.911765	-1.1565990000000002	5.77809	-0.041887902047863905	0.08552113334772216	0.0645771823237902	-0.8887	-0.4206	-0.8119
164.0	7.899012000000001	-1.10853	5.792805	-0.059341194567807204	0.06283185307179587	0.1064650843716541	-0.8888	-0.4208	-0.8125
165.0	7.8980310000000005	-1.074195	5.804577	-0.09075712110370514	0.054105206811824215	0.13962634015954636	-0.8881	-0.4207	-0.8133
166.0	7.891164000000001	-1.0516320000000001	5.805558	-0.08552113334772216	0.0471238898038469	0.1466076571675237	-0.8877	-0.4207	-0.8141
167.0	7.884297	-1.0280880000000001	5.811444000000001	-0.09075712110370514	0.06283185307179587	0.15009831567151233	-0.8872	-0.4207	-0.8144
168.0	7.875468	-0.9947340000000001	5.819292	-0.11693705988362008	0.06283185307179587	0.17453292519943295	-0.8866	-0.4191	-0.8147
169.0	7.865658	-0.964323	5.830083000000001	-0.14486232791552936	0.05061454830783556	0.21118483949131386	-0.8865	-0.4177	-0.8159
170.0	7.852905000000001	-0.9447030000000001	5.841855000000001	-0.21118483949131386	0.003490658503988659	0.26703537555513246	-0.8867	-0.416	-0.8169
171.0	7.844076	-0.939798	5.860494000000001	-0.2844886680750757	-0.06806784082777885	0.3438298626428829	-0.8868	-0.4143	-0.8172
172.0	7.840152000000001	-0.9191970000000002	5.872266000000001	-0.33510321638291124	-0.1413716694115407	0.4118977034706618	-0.8873	-0.4129	-0.8177
173.0	7.841133	-0.9319500000000001	5.8820760000000005	-0.3717551306747922	-0.16580627893946132	0.4485496177625427	-0.8879	-0.4104	-0.8179
174.0	7.848000000000001	-0.938817	5.880114000000001	-0.41713369122664473	-0.20943951023931956	0.5096361415823443	-0.8887	-0.4073	-0.8178
175.0	7.863696	-0.948627	5.87619	-0.4485496177625427	-0.25132741228718347	0.5654866776461628	-0.8897	-0.4034	-0.8178
176.0	7.878411000000001	-0.964323	5.878152	-0.4852015320544236	-0.27401669256310973	0.6213372137099813	-0.8917	-0.3984	-0.8172
177.0	7.888221000000001	-0.991791	5.870304000000001	-0.5323254218582705	-0.30194196059501904	0.6702064327658225	-0.8938	-0.3924	-0.8159
178.0	7.8980310000000005	-1.095777	5.851665000000001	-0.5515240436302081	-0.33510321638291124	0.6946410422937431	-0.8961	-0.3863	-0.8131
179.0	7.906860000000001	-1.271376	5.80752	-0.5183627878423158	-0.3159045946109737	0.6492624817418906	-0.8988	-0.3794	-0.8083
180.0	7.919613000000001	-1.4675760000000002	5.75847	-0.48171087355043496	-0.3159045946109737	0.6021385919380436	-0.901	-0.3718	-0.8025
181.0	7.926480000000001	-1.6461180000000002	5.698629	-0.4310963252425994	-0.2722713633111154	0.5305800926062761	-0.9039	-0.3631	-0.7959
182.0	7.931385000000001	-1.8639000000000001	5.6378070000000005	-0.3612831551628262	-0.2617993877991494	0.4537856055185257	-0.9068	-0.354	-0.7892
183.0	7.925499	-2.1032640000000002	5.551479	-0.3193952531149623	-0.19373154697137057	0.3490658503988659	-0.9102	-0.3455	-0.7846
184.0	7.911765	-2.4083550000000002	5.474961	-0.19024088846738194	-0.1291543646475804	0.17278759594743864	-0.9132	-0.3377	-0.7812
185.0	7.892145	-2.657529	5.405310000000001	-0.07330382858376185	-0.04537856055185257	0.0	-0.9162	-0.3305	-0.779
186.0	7.879392000000001	-2.8331280000000003	5.355279	-0.012217304763960306	-0.038397243543875255	-0.0715584993317675	-0.9182	-0.3245	-0.7786
187.0	7.873506	-2.9753730000000003	5.30721	0.0471238898038469	0.003490658503988659	-0.17278759594743864	-0.9198	-0.3197	-0.7795
188.0	7.876449	-3.032271	5.274837	0.13439035240356337	0.027925268031909273	-0.24609142453120045	-0.9214	-0.3167	-0.7816
189.0	7.889202000000001	-2.9998980000000004	5.260122	0.16231562043547265	0.0890117918517108	-0.28623399732707	-0.9223	-0.3148	-0.7853
190.0	7.899012000000001	-2.9498670000000002	5.253255	0.1884955592153876	0.12740903539558607	-0.32114058236695664	-0.9231	-0.3147	-0.7902
191.0	7.905879	-2.908665	5.253255	0.20245819323134223	0.12042771838760874	-0.34033920413889424	-0.9235	-0.3154	-0.796
192.0	7.919613000000001	-2.817432	5.268951	0.21467549799530256	0.1466076571675237	-0.33335788713091696	-0.9234	-0.3172	-0.8019
193.0	7.937271000000001	-2.660472	5.313096	0.23212879051524585	0.14835298641951802	-0.33510321638291124	-0.9227	-0.3201	-0.8054
194.0	7.957872000000001	-2.440728	5.356260000000001	0.19373154697137057	0.15358897417550102	-0.3141592653589793	-0.9219	-0.3237	-0.8064
195.0	7.977492000000001	-2.2661100000000003	5.4013860000000005	0.19198621771937624	0.12042771838760874	-0.312413936106985	-0.9205	-0.3278	-0.8044
196.0	7.986321000000001	-2.154276	5.427873000000001	0.1780235837034216	0.13788101090755203	-0.30717794835100204	-0.9193	-0.332	-0.8003
197.0	7.988283000000001	-2.065005	5.460246	0.1780235837034216	0.12740903539558607	-0.312413936106985	-0.9181	-0.3363	-0.7947
198.0	7.991226	-2.008107	5.480847	0.19024088846738194	0.09948376736367678	-0.3455751918948773	-0.9166	-0.3406	-0.7904
199.0	7.9843589999999995	-1.9776960000000001	5.5132200000000005	0.21991148575128552	0.10297442586766545	-0.3612831551628262	-0.9157	-0.345	-0.7872
200.0	7.986321000000001	-1.928646	5.537745	0.22689280275926285	0.07330382858376185	-0.39968039870670147	-0.9143	-0.3491	-0.7858
200.99999999999997	7.988283000000001	-1.9090260000000001	5.573061000000001	0.29670597283903605	0.041887902047863905	-0.45029494701453704	-0.9132	-0.354	-0.7856
202.0	7.996131000000001	-1.964943	5.578947	0.3961897402027128	0.04537856055185257	-0.5375614096142535	-0.9123	-0.3587	-0.7864
202.99999999999997	8.023599	-2.0905110000000002	5.595624000000001	0.6963863715457375	0.06981317007977318	-0.6754424205218056	-0.9107	-0.3639	-0.7881
204.0	8.028504	-2.121903	5.659389	0.8307767239493009	0.06632251157578452	-0.778416846389471	-0.9093	-0.3697	-0.791
204.99999999999997	7.9362900000000005	-2.036556	5.908563	0.5148721293383273	-0.22514747350726852	-0.7557275661135446	-0.9083	-0.3761	-0.7953
206.0	7.8931260000000005	-1.9060830000000002	6.075333	0.5148721293383273	-0.3787364476827695	-0.7365289443416071	-0.9077	-0.3835	-0.7999
206.99999999999997	7.847019000000001	-1.79523	6.234255	0.32637657012293964	-0.6736970912698113	-0.7033676885537148	-0.9078	-0.3912	-0.8043
208.0	7.795026	-1.6108020000000003	6.408873	0.35779249665883756	-0.9477137838329209	-0.6771877497737998	-0.908	-0.3992	-0.8056
209.0	7.7430330000000005	-1.4852340000000002	6.5658330000000005	0.23911010752322315	-1.2583823906879115	-0.6143558967020041	-0.9083	-0.4073	-0.8088
210.0	7.691040000000001	-1.354761	6.737508	0.2583087292951608	-1.5533430342749532	-0.5934119456780721	-0.9097	-0.4156	-0.81
211.0	7.658667	-1.2497940000000003	6.851304000000001	0.14835298641951802	-1.8395770316020235	-0.582939970166106	-0.9119	-0.4241	-0.8069
212.0	7.601769000000001	-1.1134350000000002	7.019055000000001	0.12391837689159739	-2.0158552860534504	-0.6073745796940266	-0.9151	-0.4324	-0.8023
213.0	7.519365	-0.893691	7.136775000000001	0.18675022996339324	-2.3352505391684133	-0.6213372137099813	-0.9204	-0.4402	-0.7927
214.0	7.442847	-0.74556	7.236837	0.0890117918517108	-2.66860842629933	-0.6335545184739416	-0.9272	-0.4476	-0.7815
215.0	7.456581000000001	-0.758313	7.154433	0.059341194567807204	-3.0665434957540367	-0.6579891280018623	-0.935	-0.4545	-0.7663
216.0	7.370253	-0.753408	7.1887680000000005	-0.03490658503988659	-3.553490357060455	-0.6649704450098396	-0.9441	-0.4609	-0.7494
217.0	7.2878490000000005	-0.791667	7.163262	-0.312413936106985	-4.066617157146788	-0.7661995416255106	-0.955	-0.4669	-0.7306
218.00000000000003	7.206426	-0.916254	7.117155	-0.4904375198104066	-4.5553093477052	-0.9686577348568529	-0.9681	-0.4725	-0.7106
219.0	7.119117	-0.963342	7.064181	-0.4293509959906051	-4.80489143074039	-1.0681415022205298	-0.9827	-0.4782	-0.6829
220.00000000000003	7.0386750000000005	-1.0987200000000001	6.947442000000001	-0.22165681500327983	-5.347688828110625	-1.3264502315156905	-0.9992	-0.4847	-0.6506
221.0	7.0592760000000006	-1.150713	6.882696	0.23212879051524585	-5.907939518000806	-1.5917402778188285	-1.0171	-0.4916	-0.6154
222.00000000000003	7.458543	-1.129131	6.717888	0.7923794804054256	-6.511823439190844	-1.8517943363659835	-1.0351	-0.5	-0.5738
223.0	8.308089	-1.077138	6.407892	1.0210176124166828	-7.007496946757233	-1.8971728969178363	-1.053	-0.5099	-0.5333
224.00000000000003	9.789399000000001	-0.960399	6.0929910000000005	1.090830782496456	-7.206464481484586	-1.816887751326097	-1.0705	-0.521	-0.4846
225.0	11.253051000000001	-0.722997	5.918373	1.1728612573401895	-7.255333700540428	-1.9477874452256716	-1.0865	-0.5333	-0.4342
225.99999999999997	12.704931	-0.891729	5.810463	1.8360863730980348	-7.508406442079606	-2.0402898955813713	-1.1002	-0.5471	-0.3762
227.0	14.269625999999999	-1.004544	5.765337000000001	2.621484536495483	-7.616616855703254	-2.3963370629882146	-1.1099	-0.5627	-0.3128
227.99999999999997	15.879447	-1.056537	5.549517	2.855358656262723	-7.368780101920059	-2.651155133779387	-1.1114	-0.5819	-0.2332
229.0	17.70705	-1.3115970000000001	5.3248679999999995	2.586577951455596	-6.86088928958971	-2.572615317439642	-1.1071	-0.6019	-0.1517
229.99999999999997	19.489527	-1.679472	5.435721000000001	2.131047016685076	-5.714207971029435	-2.0839231268812295	-1.0972	-0.6221	-0.069
231.0	20.632392000000003	-2.018898	5.9841	1.530653753999027	-3.167772592369708	-1.6074482410867774	-1.0816	-0.6415	0.0106
231.99999999999997	20.721663	-2.131713	7.355538000000001	1.1466813185602747	-1.4835298641951802	-1.457349925415265	-1.0633	-0.6599	0.0845
233.0	20.582361000000002	-2.238642	9.138996	0.4939281783143953	0.5777039824101231	-1.5323990832510213	-1.0427	-0.6771	0.1535
234.0	19.446363	-2.616327	10.807677	-0.2181661564992912	2.2951079663725436	-1.5376350710070041	-1.0198	-0.6933	0.2106
235.0	17.908155	-3.081321	12.023136000000001	-0.7103490055616922	3.045599544730105	-1.6266468628587152	-0.9969	-0.7096	0.2589
236.0	16.302258000000002	-3.2863500000000005	12.894264000000002	-1.0821041362364843	3.673918075448064	-1.4765485471872026	-0.9741	-0.7249	0.2939
237.0	14.591394000000001	-3.568878	13.556439	-1.2217304763960306	4.270820679630124	-1.2164944886400477	-0.9529	-0.7395	0.3164
238.0	12.845214	-4.00248	14.238234	-1.1885692206081384	4.506440128649358	-0.8621926504851988	-0.9377	-0.7506	0.3157
239.0	10.916568	-4.337001	14.801328	-0.895353906273091	4.878195259324151	-0.6719517620178169	-0.9267	-0.7606	0.3046
240.0	9.059535	-4.544973	14.96025	-0.49567350756638956	5.160938598147232	-0.291469985083053	-0.9196	-0.7696	0.283
241.0	7.801893000000001	-4.808862	14.565888	-0.022689280275926284	5.33721685259866	0.0890117918517108	-0.916	-0.7781	0.2541
242.0	7.322184	-5.338602000000001	13.313151000000001	0.3490658503988659	5.4942964852781495	0.4642575810304917	-0.9151	-0.7853	0.2208
243.00000000000003	6.744375000000001	-5.9173919999999995	11.739627000000002	0.619591884457987	5.62345084992573	0.7714355293814937	-0.9162	-0.7915	0.1848
244.0	6.675705000000001	-6.314697000000001	10.188666	0.8115781021773633	5.750859885321316	1.0524335389525807	-0.9192	-0.7953	0.1471
245.00000000000003	7.137756	-6.684534	8.886879	0.8901179185171081	5.796238445873168	1.1938052083641215	-0.9232	-0.7966	0.1084
246.0	7.786197	-6.944499	7.787178	0.9599310885968813	5.838126347921032	1.4748032179352084	-0.9286	-0.7952	0.0688
247.00000000000003	8.497422	-7.103421	6.87681	0.9651670763528641	5.813691738393112	1.7610372152622786	-0.935	-0.7914	0.0291
248.0	9.269469	-7.13187	6.103782	0.9250245035569946	5.745623897565332	2.0420352248333655	-0.9423	-0.7865	-0.0111
249.00000000000003	10.113128999999999	-7.071048	5.443569	0.8691739674931761	5.7124626417774405	2.2863813201125716	-0.9498	-0.7792	-0.0518
250.0	10.989162000000002	-6.95529	4.889304	0.8133234314293576	5.633922825437696	2.5115287936198403	-0.9571	-0.7704	-0.0934
250.99999999999997	11.834783999999999	-6.828741000000001	4.466493	0.788888821901437	5.5780722893738774	2.6790804018112957	-0.9644	-0.759	-0.1362
252.0	12.573477	-6.682572	4.172193	0.7225663103256524	5.492551156026155	2.7680921936630067	-0.97	-0.7457	-0.1802
252.99999999999997	13.163058000000001	-6.483429000000001	4.009347	0.6754424205218056	5.302310267558774	2.90248254606657	-0.9736	-0.7305	-0.2256
254.0	13.617261	-6.1842239999999995	3.956373	0.5323254218582705	5.066690818539539	2.993239667170275	-0.9739	-0.7135	-0.2705
254.99999999999997	14.010642	-5.781033000000001	4.021119	0.23736477827122882	4.76474885794452	3.017674276698196	-0.972	-0.6947	-0.3137
256.0	14.450130000000001	-5.214015	4.194756	-0.23387411976724015	4.50294947014537	3.03163691071415	-0.9676	-0.6747	-0.3549
257.0	14.871960000000001	-4.333077	4.411557	-0.9267698328089891	4.326671215693943	3.1695179216217024	-0.9603	-0.6529	-0.3932
258.0	15.330087	-3.280464	4.55184	-1.3840460968315034	4.258603374866164	3.2812189937493397	-0.951	-0.6281	-0.4304
259.0	15.799986	-2.253357	4.589118	-2.3701571242083	4.255112716362175	3.312634920285238	-0.9392	-0.6011	-0.4671
260.0	16.273809	-1.208592	4.50279	-2.909463863074547	4.131194339470578	2.935643801854462	-0.9259	-0.5717	-0.5033
261.0	16.712316	-0.10791	4.190832	-3.0473448739820994	3.754203221039803	2.3649211364523164	-0.9105	-0.5411	-0.5386
262.0	17.241075000000002	0.9780570000000001	3.6159660000000002	-2.9042278753185644	3.202679177409595	1.6929693744344996	-0.8943	-0.5088	-0.5735
263.0	17.957205000000002	1.9875060000000002	2.7772110000000003	-2.841396022246769	2.8693212902786778	1.1135200627723822	-0.8779	-0.4759	-0.6067
264.0	18.738081	2.8664820000000004	1.6284600000000002	-2.731440279371126	2.748893571891069	0.7295476273336297	-0.8623	-0.4433	-0.6394
265.0	19.385541	3.5934030000000003	0.12262500000000001	-2.652900463031381	2.6354471705114375	0.6038839211900381	-0.8466	-0.411	-0.6716
266.0	19.852497	4.194756	-1.768743	-2.528982086139784	2.234021442552742	0.4363323129985824	-0.8313	-0.3793	-0.7035
267.0	20.236068000000003	4.527315000000001	-3.9779550000000006	-2.5499260371637154	1.6266468628587152	0.4293509959906051	-0.8166	-0.3479	-0.7361
268.0	20.472489	4.663674	-6.281343000000001	-2.4958208303518914	0.9285151620609834	0.4677482395344803	-0.8023	-0.3177	-0.7664
269.0	20.598057	4.762755	-8.498403	-2.080432468377241	0.21642082724729686	0.4834562028024293	-0.7895	-0.2895	-0.7929
270.0	20.647107	4.794147000000001	-10.498662000000001	-1.2740903539558606	-0.4188790204786391	0.33335788713091696	-0.7781	-0.2633	-0.813
271.0	20.630430000000004	4.817691	-12.14478	-0.7853981633974483	-0.7225663103256524	0.16755160819145562	-0.7694	-0.24	-0.828
272.0	20.540178	4.922658	-13.288626	0.2129301687433082	-1.281071670963838	-0.4118977034706618	-0.7633	-0.2204	-0.8357
273.0	20.684385	4.761774	-12.97863	1.181587903600161	-1.6859880574265222	-1.2095131716320704	-0.7599	-0.2048	-0.8375
274.0	18.94311	4.681332	-10.817487	2.827433388230814	-2.1205750411731104	-2.6720990848033184	-0.76	-0.1961	-0.8349
275.0	16.125678	3.609099	-6.835608	1.6179202165987436	-2.858849314766712	-2.1676989309769574	-0.7637	-0.1929	-0.8297
276.0	14.500161	2.400507	-4.780413	2.368411794956305	-3.6826447217080354	-2.981022362406315	-0.7709	-0.1946	-0.8212
277.0	13.413213	2.740914	-3.9151710000000004	1.5323990832510213	-4.600687908257053	-2.6406831582674206	-0.7824	-0.2025	-0.8088
278.0	13.045338000000001	2.444652	-1.967886	1.481784534943186	-4.792674125976429	-2.192133540504878	-0.7977	-0.2155	-0.7933
279.0	12.476358000000001	1.916874	0.577809	1.5690509975429023	-4.2062434973063345	-1.2671090369478832	-0.8158	-0.2328	-0.774
280.0	11.421783	1.7658	2.595726	1.424188669627373	-4.15213829049451	-0.27576202181510406	-0.8367	-0.2534	-0.7526
281.0	11.513997	1.55979	4.919715	1.4643312424232426	-4.333652532701921	0.4939281783143953	-0.8595	-0.2754	-0.7281
282.0	12.599964	2.272977	7.278039000000001	0.32637657012293964	0.5689773361501514	-1.0332349171806432	-0.8823	-0.2985	-0.7037
283.0	12.08592	1.6510230000000001	6.923898	0.34033920413889424	0.460766922526503	-0.5707226654021458	-0.9029	-0.3216	-0.682
284.0	12.323322000000001	1.276281	6.207768000000001	0.28099800957108706	0.5288347633542818	-0.47647488579445196	-0.9216	-0.3411	-0.6614
285.0	13.867416	2.0473470000000002	3.774888	0.14835298641951802	0.3612831551628262	-0.16929693744344995	-0.9376	-0.3579	-0.6445
286.0	14.250987000000002	2.7987930000000003	3.6228330000000004	0.031415926535897934	0.29670597283903605	0.12217304763960307	-0.9518	-0.3723	-0.6307
287.0	14.14602	1.90314	4.940316000000001	-0.07853981633974483	0.1832595714594046	0.3787364476827695	-0.9628	-0.3821	-0.6166
288.0	13.367106000000001	1.591182	5.3582220000000005	-0.16231562043547265	0.0017453292519943296	0.5270894341022875	-0.9709	-0.3889	-0.6056
289.0	12.789297000000001	1.550961	5.212053	-0.2565634000431664	-0.08377580409572781	0.6178465552059926	-0.9765	-0.3927	-0.5968
290.0	12.678444	1.166409	5.507334	-0.2844886680750757	-0.1466076571675237	0.6876597252857658	-0.9793	-0.394	-0.591
291.0	11.484567000000002	0.7190730000000001	5.313096	-0.317649923862968	-0.13962634015954636	0.7120943348136864	-0.9791	-0.3944	-0.5899
292.0	9.293013	-0.877014	4.8069	-0.3246312408709453	-0.13264502315156904	0.6422811647339133	-0.978	-0.3929	-0.5908
293.0	8.305146	-0.9329310000000001	5.776128	-0.2827433388230814	-0.09948376736367678	0.5166174585903216	-0.9783	-0.3896	-0.5913
294.0	8.384607	-1.2880530000000001	5.526954000000001	-0.16231562043547265	-0.05235987755982989	0.3368485456349056	-0.9785	-0.3853	-0.5925
295.0	8.316918000000001	-1.753047	5.469075	-0.08726646259971647	-0.006981317007977318	0.1832595714594046	-0.9795	-0.3806	-0.5906
296.0	8.295336	-2.074815	5.3935379999999995	-0.0	0.019198621771937627	0.05585053606381855	-0.9803	-0.3757	-0.5869
297.0	8.253153000000001	-2.314179	5.339583	0.019198621771937627	0.04537856055185257	0.029670597283903602	-0.982	-0.3712	-0.5857
298.0	8.21097	-2.482911	5.303286	0.07853981633974483	0.04537856055185257	-0.03665191429188092	-0.9835	-0.3667	-0.5839
299.0	8.170749	-2.650662	5.262084	0.08552113334772216	0.08552113334772216	-0.09075712110370514	-0.9846	-0.3631	-0.5845
300.0	8.147205000000001	-2.814489	5.235596999999999	0.1117010721276371	0.09599310885968812	-0.1466076571675237	-0.9857	-0.3606	-0.5834
301.0	8.118756000000001	-2.9008170000000004	5.23854	0.1291543646475804	0.09773843811168245	-0.19896753472735357	-0.9871	-0.3589	-0.5807
302.0	8.088345	-2.8380330000000002	5.251293	0.14486232791552936	0.12042771838760874	-0.21642082724729686	-0.988	-0.358	-0.5818
303.0	8.062839	-2.681073	5.279742000000001	0.15707963267948966	0.1308996938995747	-0.2059488517353309	-0.9875	-0.3585	-0.5818
304.0	8.042238	-2.4995880000000006	5.309172	0.15358897417550102	0.12391837689159739	-0.19024088846738194	-0.9873	-0.3596	-0.5821
305.0	8.02458	-2.300445	5.351355	0.143116998663535	0.11693705988362008	-0.15358897417550102	-0.9871	-0.3617	-0.5845
306.0	8.015751000000002	-2.142504	5.37588	0.09948376736367678	0.1117010721276371	-0.10995574287564276	-0.9871	-0.3636	-0.5854
307.0	8.008884	-2.0130120000000002	5.390595	0.05061454830783556	0.08203047484373349	-0.09075712110370514	-0.9868	-0.3659	-0.5851
308.0	7.978473000000001	-1.9129500000000002	5.364108	0.12042771838760874	0.07504915783575616	-0.04537856055185257	-0.9865	-0.3676	-0.5843
309.0	7.982397000000001	-1.839375	5.415120000000001	0.012217304763960306	0.08203047484373349	-0.09948376736367678	-0.986	-0.3688	-0.5825
310.0	7.971606	-1.7775720000000002	5.425911000000001	0.010471975511965976	0.09948376736367678	-0.1308996938995747	-0.9849	-0.3699	-0.5841
311.0	7.956891000000001	-1.754028	5.441607	0.1413716694115407	0.13439035240356337	-0.1832595714594046	-0.9831	-0.3715	-0.5865
312.0	7.9539480000000005	-1.7579520000000002	5.458284	0.10122909661567112	0.158824961931484	-0.26703537555513246	-0.9817	-0.3738	-0.5857
313.0	7.951986000000001	-1.782477	5.466132000000001	0.16755160819145562	0.15009831567151233	-0.32288591161895097	-0.981	-0.3761	-0.5859
314.0	7.951005	-1.820736	5.467113	0.18675022996339324	0.17453292519943295	-0.3787364476827695	-0.9796	-0.3779	-0.5858
315.0	7.955910000000001	-1.954152	5.4396450000000005	0.26005405854715513	0.158824961931484	-0.4834562028024293	-0.9782	-0.3801	-0.584
316.0	7.967682000000001	-2.092473	5.4092340000000005	0.2984513020910304	0.17627825445142728	-0.5654866776461628	-0.9768	-0.3827	-0.5832
317.0	7.971606	-2.245509	5.381766	0.4188790204786391	0.19024088846738194	-0.5864306286700948	-0.9742	-0.3865	-0.5839
318.0	7.994169	-2.32497	5.443569	0.42062434973063345	0.17976891295541594	-0.6457718232379019	-0.9714	-0.3914	-0.5849
319.0	7.996131000000001	-2.319084	5.455341000000001	0.4293509959906051	0.13439035240356337	-0.6789330790257941	-0.9688	-0.3975	-0.5858
320.0	8.000055	-2.224908	5.551479	0.40491638646268446	0.006981317007977318	-0.6754424205218056	-0.9669	-0.4043	-0.5856
321.0	8.000055	-2.071872	5.686857	0.32114058236695664	-0.2844886680750757	-0.6265732014659643	-0.9652	-0.4113	-0.5852
322.0	7.8676200000000005	-1.88352	6.138117	0.23387411976724015	-0.8796459430051421	-0.5532693728822025	-0.9639	-0.418	-0.5835
323.0	7.774425	-1.707921	6.457923	0.23736477827122882	-1.1763519158441782	-0.5410520681182421	-0.9626	-0.4248	-0.5809
324.0	7.667496	-1.489158	6.804216	0.1780235837034216	-1.7418385934903409	-0.4590215932745087	-0.9626	-0.432	-0.5765
325.0	7.560567000000001	-1.21644	7.183863	0.1361356816555577	-2.321287905152458	-0.38746309394274114	-0.964	-0.439	-0.5699
326.0	7.432056000000001	-0.982962	7.574301	-0.059341194567807204	-2.9007372168145755	-0.3438298626428829	-0.9664	-0.445	-0.5609
327.0	7.283925000000001	-0.7671420000000001	7.982397000000001	-0.16406094968746698	-3.5482543693044724	-0.3385938748868999	-0.9706	-0.4507	-0.5485
328.0	7.068105000000001	-0.56898	8.321823	-0.3543018381548489	-4.283037984394085	-0.34033920413889424	-0.9769	-0.4558	-0.5325
329.0	6.711021000000001	-0.493443	8.755425	-0.6038839211900381	-5.08763476956347	-0.3717551306747922	-0.9856	-0.4604	-0.5122
330.0	6.394158000000001	-0.6611940000000001	9.010485000000001	-0.7627088831215221	-5.496041814530144	-0.4380776422505767	-0.9957	-0.4646	-0.4867
331.0	6.000777	-0.844641	9.216495	-0.8150687606813519	-6.447246256867053	-0.783652834145454	-1.0072	-0.4686	-0.4544
332.0	5.695686	-1.044765	9.180198	-0.5148721293383273	-7.5485490148754755	-1.1536626355682518	-1.0202	-0.4735	-0.4139
333.0	6.0164729999999995	-1.181124	9.152730000000002	0.12042771838760874	-8.922123136195012	-1.4224433403753787	-1.0335	-0.4785	-0.3651
334.0	7.459524	-1.350837	8.772102	0.10821041362364843	-9.826203688728075	-1.4957471689591404	-1.0458	-0.4849	-0.3066
335.0	9.857088	-1.274319	8.282583	-0.013962634015954637	-10.238101392198738	-1.2688543661998777	-1.0566	-0.4925	-0.2396
336.0	12.110445	-1.5293790000000003	8.056953	-0.010471975511965976	-10.17876019763093	-1.577777643802874	-1.064	-0.5013	-0.1666
337.0	14.613957000000001	-2.186649	7.933347	0.41713369122664473	-10.081021759519247	-1.6475908138826472	-1.0672	-0.5111	-0.0883
338.0	17.033103	-2.748762	7.670439000000001	1.265363707695889	-9.58185759344887	-2.28987197861656	-1.0648	-0.5226	-0.0061
339.0	19.772054999999998	-3.279483	7.845057	1.1536626355682518	-8.681267699419795	-2.2008601867648494	-1.0555	-0.5356	0.0785
340.0	21.882186	-3.7111230000000006	9.130167	0.46600291028248597	-6.5554566704907025	-1.3840460968315034	-1.041	-0.5496	0.1625
341.0	22.839641999999998	-4.0387770000000005	10.856727000000001	-0.2897246558310587	-2.260201381332657	-0.9075712110370514	-1.0229	-0.5636	0.2422
342.0	23.836338	-4.42431	12.661767000000001	-0.4572762640225143	0.3385938748868999	-1.0733774899765127	-1.0028	-0.5778	0.3121
343.0	23.890293	-4.794147000000001	14.338296000000001	-0.7173303225696694	1.5132004614790837	-1.1187560505283651	-0.9826	-0.5924	0.3699
344.0	22.467843	-4.999176000000001	15.897105000000002	-1.2723450247038663	2.780309498426967	-1.5219271077390555	-0.9636	-0.6068	0.4127
345.0	19.920186	-5.405310000000001	17.144937000000002	-1.8936822384138476	3.6442474781641603	-1.6283921921107094	-0.9451	-0.6217	0.4402
346.0	17.495154000000003	-5.479866	17.858124	-2.522000769131806	4.417428336797648	-1.4206980111233845	-0.9301	-0.6384	0.4539
347.0	14.880789	-5.202243	18.260334	-2.8815385950426378	5.122541354603357	-1.0454522219446034	-0.9188	-0.655	0.4541
348.0	12.381201	-5.107086	18.661563	-2.8605946440187062	5.569345643113906	-0.6335545184739416	-0.9119	-0.6716	0.4407
349.0	9.660888	-4.977594	18.366282	-2.7139869868511823	5.691518690753509	-0.19373154697137057	-0.9105	-0.6873	0.4148
350.0	7.523289000000001	-4.743135	16.989939	-2.3387411976724017	5.80496509213314	0.041887902047863905	-0.9122	-0.7024	0.3782
351.0	6.643332000000001	-4.574403	15.095628	-1.843067690106012	5.785766470361202	0.5253441048502933	-0.9161	-0.7167	0.3324
352.0	5.82714	-4.293837	13.01787	-1.481784534943186	5.679301385989548	0.9791297103688189	-0.9203	-0.7297	0.2805
353.0	5.392557	-4.01229	11.165742000000002	-1.2444197566719568	5.553637679845957	1.4189526818713898	-0.9245	-0.7397	0.2247
354.0	5.475942000000001	-3.843558	9.765855	-1.1152653920243765	5.468116546498234	1.8081611050661253	-0.928	-0.7475	0.1667
355.0	5.883057	-3.631662	8.794665	-1.1152653920243765	5.464625887994246	2.181661564992912	-0.9318	-0.752	0.1071
356.0	6.460866	-3.329514	8.131509	-1.1466813185602747	5.497787143782138	2.3265238929084413	-0.9363	-0.7525	0.0473
357.0	7.126965000000001	-2.919456	7.701831	-1.1938052083641215	5.619960191421741	2.5761059759436304	-0.9406	-0.7498	-0.0131
358.0	7.945119	-2.4073740000000003	7.454619000000001	-1.2461650859239515	5.782275811857214	2.7349309378751143	-0.9433	-0.7429	-0.0739
359.0	8.909442	-1.8678240000000002	7.342785000000001	-1.3264502315156905	5.991715322096534	2.8309240467348022	-0.9458	-0.7324	-0.1339
360.0	9.970884	-1.3861530000000002	7.339842	-1.3735741213195374	6.164502918043972	2.841396022246769	-0.9473	-0.7194	-0.1947
361.0	11.103939	-1.001601	7.434999	-1.36659280431156	6.290166624187563	2.839650692994774	-0.9472	-0.7037	-0.256
362.0	12.250728	-0.6621750000000001	7.580187000000001	-1.3491395117916167	6.28842129493557	2.7942721324429214	-0.9452	-0.6856	-0.3141
363.0	13.314132	-0.282528	7.668477	-1.5184364492350666	6.265732014659643	2.7768188399229783	-0.9408	-0.667	-0.3702
364.0	14.284341	0.17069399999999998	7.597845	-2.0734511513692633	5.976007358828584	2.7349309378751143	-0.9348	-0.6467	-0.4246
365.0	15.271227	0.63765	7.373196000000001	-2.7209683038591597	5.407030022678433	2.6843163895672792	-0.9264	-0.6246	-0.4774
366.0	16.486686000000002	1.1281500000000002	7.0632	-3.1258846903218442	4.754276882432554	2.7087509990951992	-0.9145	-0.6004	-0.5295
367.0	17.9523	1.7108640000000002	6.533460000000001	-3.408628029144926	4.387757739513744	2.738421596379103	-0.8996	-0.5731	-0.5847
368.0	19.556235	2.3082930000000004	5.69961	-3.454006589696778	4.185299546282402	2.689552377323262	-0.8837	-0.5445	-0.6358
369.0	21.172923	2.791926	4.470417	-3.2655110304813904	4.173082241518442	2.5918139392115793	-0.8646	-0.514	-0.6864
370.0	22.542399	3.3197039999999998	2.693826	-2.424262331020124	3.956661414271145	2.1676989309769574	-0.8437	-0.4822	-0.7337
371.0	23.567544	4.086846	0.42183	-1.551597705022959	3.326597554301192	1.6877333866785167	-0.8225	-0.4504	-0.7766
372.0	24.510285	4.9412970000000005	-2.186649	-0.9512044423369096	2.6232298657474775	1.3229595730117016	-0.8011	-0.4194	-0.8185
373.0	25.369641	5.76828	-5.006043	-0.5358160803622591	1.9896753472735358	1.1205013797803596	-0.7796	-0.3892	-0.8577
374.0	25.934697	6.577605	-7.938252	-0.24783675378319478	0.9721483933608416	0.9442231253289323	-0.7582	-0.3605	-0.8944
375.0	26.252541	7.332975000000001	-10.796886	-0.07330382858376185	0.4468042885105484	0.7382742735936013	-0.7379	-0.3337	-0.9268
376.0	26.184852000000003	7.99515	-13.453434	0.40840704496667307	-0.4677482395344803	0.6213372137099813	-0.72	-0.3102	-0.9526
377.0	25.712991000000002	8.531757	-15.662646	0.9337511498169663	-1.2287117934040082	0.21991148575128552	-0.7053	-0.2916	-0.9711
378.0	25.115562	8.943777	-16.087419	2.8832839242946324	-3.1381019950858047	-1.6545721308906243	-0.6945	-0.278	-0.9881
379.0	20.595114000000002	8.457201	-13.825233	1.2618730491919001	-4.67224640758882	-1.8011797880581482	-0.6899	-0.272	-0.997
380.0	17.693316000000003	6.207768000000001	-9.703071	1.8692476288859268	-5.581562947877866	-2.644173816771409	-0.6927	-0.2719	-0.9942
381.0	16.333650000000002	6.043941	-9.119376	1.457349925415265	-5.871287603708924	-2.895501229058593	-0.7064	-0.278	-0.9836
382.0	15.270246	6.0880860000000006	-8.265906000000001	1.345648853287628	-6.244788063635712	-2.569124658935653	-0.7264	-0.2917	-0.9647
383.0	14.905314000000002	5.2591410000000005	-5.404329	1.202531854624093	-5.16791991515521	-1.70518667919846	-0.7518	-0.3083	-0.9391
384.0	13.926276	4.378203	-2.725218	1.017526953912694	-4.591961261997081	-1.048942880448592	-0.7818	-0.3276	-0.9084
385.0	13.637862000000002	3.3648300000000004	0.003924	1.2897983172238097	-4.091051766674709	-0.8744099552491591	-0.8144	-0.3492	-0.8739
386.0	14.611995000000002	2.602593	3.474702	0.6894050545377601	0.6562437987498679	-1.8657569703819383	-0.8451	-0.3731	-0.8421
387.0	14.178393000000002	1.293939	4.6921230000000005	0.7051130178057091	0.7417649320975901	-1.36659280431156	-0.8742	-0.3984	-0.8087
388.0	12.869739000000001	0.6494219999999999	5.988024000000001	0.4328416544945937	0.7365289443416071	-0.8621926504851988	-0.9005	-0.4238	-0.7748
389.0	15.196671	0.817173	4.719591	0.2932153143350474	0.7033676885537148	-0.6038839211900381	-0.923	-0.4465	-0.7451
390.0	16.061913	2.5712010000000003	2.168991	0.16755160819145562	0.5393067388662478	-0.23911010752322315	-0.9409	-0.4671	-0.724
391.0	15.648912000000001	1.8629190000000002	3.603213	0.07679448708775051	0.3717551306747922	-0.05235987755982989	-0.9497	-0.4839	-0.7084
392.0	14.932782000000001	0.8230590000000001	5.081580000000001	0.041887902047863905	0.2583087292951608	0.024434609527920613	-0.9544	-0.4949	-0.6992
393.0	13.565268000000001	0.589581	4.864779	0.005235987755982988	0.15184364492350666	0.11344640137963143	-0.9556	-0.504	-0.6949
394.0	13.041414	0.28449	5.1041430000000005	-0.013962634015954637	0.09075712110370514	0.16929693744344995	-0.9535	-0.5112	-0.6939
395.0	11.895605999999999	0.047088	5.333697	-0.03316125578789226	0.06632251157578452	0.18151424220741028	-0.9493	-0.517	-0.6966
396.0	9.503928	-0.454203	4.663674	-0.038397243543875255	0.027925268031909273	0.1832595714594046	-0.9464	-0.52	-0.6984
397.0	8.549415000000002	-0.417906	5.966442	-0.038397243543875255	0.0017453292519943296	0.17453292519943295	-0.9445	-0.5214	-0.7004
398.0	8.335557	-1.024164	5.6809709999999995	-0.041887902047863905	0.006981317007977318	0.1291543646475804	-0.9438	-0.5217	-0.7019
399.0	8.280621	-1.4332410000000002	5.671161	-0.010471975511965976	-0.010471975511965976	0.061086523819801536	-0.9437	-0.5215	-0.7028
400.0	8.231571	-1.688301	5.619168	0.003490658503988659	0.019198621771937627	0.005235987755982988	-0.9438	-0.5206	-0.7037
401.0	8.173692	-1.7746290000000002	5.593662000000001	0.003490658503988659	0.019198621771937627	0.005235987755982988	-0.9442	-0.5199	-0.7042
401.99999999999994	8.134452000000001	-1.88352	5.57208	0.05759586531581287	0.05061454830783556	-0.0942477796076938	-0.9443	-0.519	-0.7043
403.0	8.108946	-2.019879	5.520087	0.07853981633974483	0.09075712110370514	-0.17453292519943295	-0.9444	-0.5184	-0.7044
404.0	8.08344	-2.135637	5.4622079999999995	0.09599310885968812	0.13439035240356337	-0.22863813201125716	-0.9444	-0.5187	-0.705
405.0	8.066763	-2.220984	5.418063	0.09599310885968812	0.13439035240356337	-0.22863813201125716	-0.9443	-0.5188	-0.7049
405.99999999999994	8.032428	-2.186649	5.420025	0.059341194567807204	0.16929693744344995	-0.22863813201125716	-0.9438	-0.5199	-0.7054
407.0	8.010846	-2.202345	5.421987	0.16929693744344995	0.20943951023931956	-0.21991148575128552	-0.9429	-0.5218	-0.7055
408.0	8.009865	-2.202345	5.425911000000001	0.13962634015954636	0.23736477827122882	-0.2617993877991494	-0.9412	-0.5232	-0.7047
409.0	8.018694	-2.1846870000000003	5.427873000000001	0.26703537555513246	0.32114058236695664	-0.32986722862692824	-0.9397	-0.5254	-0.7026
409.99999999999994	8.032428	-2.141523	5.438664	0.26878070480712674	0.3700098014227979	-0.40317105721069013	-0.9389	-0.528	-0.6989
411.00000000000006	8.039295000000001	-2.114055	5.458284	0.3036872898470133	0.3839724354387525	-0.48171087355043496	-0.9372	-0.5302	-0.6938
412.0	8.011827	-2.043423	5.489676	0.31066860685499065	0.39269908169872414	-0.5323254218582705	-0.9346	-0.533	-0.6895
413.0	7.9617960000000005	-1.8560520000000003	5.5612889999999995	0.27401669256310973	0.3560471674068432	-0.5253441048502933	-0.9313	-0.5368	-0.6864
413.99999999999994	7.918632000000001	-1.6382700000000001	5.651541	0.23561944901923448	0.25132741228718347	-0.41538836197465046	-0.9277	-0.5406	-0.6848
415.00000000000006	7.875468	-1.439127	5.745717	0.19896753472735357	0.21118483949131386	-0.3665191429188092	-0.9236	-0.5451	-0.6844
416.0	7.858791000000001	-1.3655519999999999	5.791824000000001	0.15358897417550102	0.1117010721276371	-0.28623399732707	-0.9199	-0.5498	-0.6856
417.0	7.856829	-1.3194450000000002	5.82714	0.1308996938995747	0.05061454830783556	-0.27052603405912107	-0.9166	-0.5539	-0.6876
418.0	7.838190000000001	-1.247832	5.865399	0.1308996938995747	0.05061454830783556	-0.27052603405912107	-0.9135	-0.5585	-0.6907
419.00000000000006	7.8372090000000005	-1.2723570000000002	5.937993	0.17278759594743864	-0.03490658503988659	-0.4363323129985824	-0.9106	-0.5631	-0.6943
420.0	7.826418	-1.2546990000000002	6.030207000000001	0.18675022996339324	-0.10122909661567112	-0.5410520681182421	-0.9064	-0.5679	-0.6996
421.0	7.757748	-1.138941	6.240141	0.14835298641951802	-0.15707963267948966	-0.5672320068981571	-0.9028	-0.5736	-0.7059
422.0	7.668477	-1.06929	6.608016	0.20420352248333654	-0.4415683007545654	-0.5916666164260777	-0.9005	-0.5796	-0.7112
423.00000000000006	7.637085	-1.1183400000000001	6.850323	0.23561944901923448	-0.8970992355250854	-0.598647933434055	-0.8989	-0.5848	-0.7139
424.0	7.566453	-1.148751	7.116174000000001	0.291469985083053	-1.3491395117916167	-0.6440264939859076	-0.8985	-0.5903	-0.7121
425.0	7.501707000000001	-1.140903	7.402626000000001	0.2722713633111154	-1.8308503853420517	-0.6579891280018623	-0.899	-0.5959	-0.7069
426.0	7.395759000000001	-1.0663470000000002	7.710660000000001	0.27401669256310973	-2.399827721492203	-0.6510078109938848	-0.901	-0.6014	-0.6964
426.99999999999994	7.2319320000000005	-0.891729	8.039295000000001	0.1884955592153876	-2.9949849964222692	-0.6213372137099813	-0.9045	-0.6074	-0.6824
428.0	7.040637	-0.726921	8.359101	0.12042771838760874	-3.3196162372932148	-0.6038839211900381	-0.9094	-0.614	-0.6655
429.0	6.795387	-0.50031	8.652420000000001	0.031415926535897934	-4.033455901358895	-0.6073745796940266	-0.9163	-0.6203	-0.6474
430.0	6.416721000000001	-0.41496299999999997	9.010485000000001	-0.12042771838760874	-4.876449930072156	-0.6544984694978736	-0.9256	-0.6269	-0.6269
430.99999999999994	6.1234020000000005	-0.479709	9.166464000000001	-0.4782202150464463	-5.824163713905078	-0.8290313946973066	-0.9374	-0.6332	-0.6028
432.0	5.832045000000001	-0.607239	9.084060000000001	-0.6510078109938848	-6.724753607934152	-1.1152653920243765	-0.9512	-0.6395	-0.5749
433.0	5.4926189999999995	-0.702396	9.157635	-0.23561944901923448	-7.773696488382743	-1.556833692778942	-0.9679	-0.647	-0.5424
434.0	5.566194	-0.918216	9.115452000000001	0.3839724354387525	-8.297295263981042	-1.736602605734358	-0.9855	-0.6546	-0.5047
434.99999999999994	6.803235000000001	-1.056537	8.772102	0.9023352232810684	-9.238027730805985	-2.080432468377241	-1.0034	-0.6638	-0.4594
436.00000000000006	9.071307000000001	-1.021221	8.277678	0.6597344572538565	-9.74766387238833	-2.0263272615654166	-1.0196	-0.6743	-0.4081
437.0	11.184381	-1.0388789999999999	8.136414	0.6038839211900381	-10.07404044251127	-1.843067690106012	-1.033	-0.6862	-0.351
438.0	13.445586	-1.6833960000000001	8.175654000000002	1.233947781159991	-10.300933245270533	-2.1048670779051615	-1.0434	-0.6993	-0.2866
438.99999999999994	15.799986	-2.272977	7.928442	1.837831702350029	-9.798278420696166	-2.6982790235832335	-1.048	-0.7139	-0.211
440.00000000000006	18.58014	-2.8066410000000004	7.551738000000001	1.3229595730117016	-8.854055295367234	-2.413790355508158	-1.0464	-0.7297	-0.1288
441.0	21.340674	-3.3697350000000004	8.002998	0.6998770300497261	-7.970918693858103	-1.9163715186897738	-1.0381	-0.7472	-0.0419
442.0	23.103531000000004	-4.122162	9.465669	-0.08028514559173916	-4.32143522793796	-1.0402162341886205	-1.024	-0.765	0.0468
443.0	23.862825	-5.059017000000001	11.166723000000001	0.2007128639793479	-0.6789330790257941	-0.7086036763096978	-1.006	-0.7815	0.1291
444.00000000000006	24.675093	-5.8438170000000005	13.153248000000001	0.5602506898901798	1.5044738152191122	-0.7871434926494426	-0.9858	-0.7977	0.2046
445.0	23.561658	-6.310773	14.975946	0.26005405854715513	2.546435378659727	-1.1257373675363425	-0.9651	-0.8119	0.2668
446.0	21.212163000000004	-6.655104000000001	16.550451000000002	-0.4869468613064179	3.2812189937493397	-1.1519173063162575	-0.9453	-0.8254	0.3189
447.0	18.986274	-6.871905000000001	17.44218	-1.0105456369047168	3.6826447217080354	-1.0506882097005865	-0.9278	-0.8373	0.3589
448.00000000000006	16.654437	-6.493239000000001	17.963091000000002	-1.9582594207376378	4.529129408925285	-0.767944870877505	-0.9137	-0.8488	0.3844
449.0	14.266683	-6.257799	18.59976	-2.4975661596038856	5.218534463463046	-0.4241150082346221	-0.9043	-0.8598	0.3911
450.0	11.583648000000002	-6.048846000000001	19.098108000000003	-2.6040312439755393	5.686282702997526	-0.05061454830783556	-0.9016	-0.8697	0.3824
451.0	8.894727	-5.736888	18.687069	-2.4556782575560216	5.94633676154468	0.3455751918948773	-0.9051	-0.8778	0.3589
451.99999999999994	7.253514	-5.112972	17.232246	-2.220058808536787	6.02662190713642	0.7871434926494426	-0.9137	-0.8848	0.3208
453.0	6.682572	-4.260483000000001	15.399738000000001	-1.9355701404617116	5.963790054064624	1.2164944886400477	-0.9249	-0.89	0.2774
454.0	5.779071	-3.447234	13.306284000000002	-1.843067690106012	5.925392810520749	1.4398966328953218	-0.9381	-0.8933	0.2276
455.0	5.735907	-3.002841	11.632698	-1.642354826126664	5.818927726149094	1.837831702350029	-0.9521	-0.8939	0.1737
455.99999999999994	6.0880860000000006	-2.851767	10.350531	-1.4660765716752369	5.799729104377158	2.1851522234969005	-0.9664	-0.8908	0.1141
457.0	6.670800000000001	-2.7418950000000004	9.428391	-1.3439035240356338	5.8643062867009474	2.5010568181078745	-0.9798	-0.8846	0.0442
458.0	7.3692720000000005	-2.5290179999999998	8.755425	-1.2880529879718152	5.963790054064624	2.7471482426390748	-0.9922	-0.8712	-0.0285
459.0	8.195274000000001	-2.1748770000000004	8.286507	-1.3107422682477414	6.1418136377680455	2.965314399138366	-1.0033	-0.8529	-0.1007
459.99999999999994	9.129186	-1.715769	7.997112	-1.3421581947836396	6.225589441863773	3.097959422289935	-1.0121	-0.83	-0.1723
461.00000000000006	10.126863	-1.2429270000000001	7.850943000000001	-1.4730578886832142	6.380923745291269	3.1573006168577424	-1.0178	-0.8027	-0.2448
462.0	11.165742000000002	-0.812268	7.815627	-1.5655603390389137	6.400122367063206	3.183480555637657	-1.0206	-0.7711	-0.3155
463.0	12.180096	-0.41692500000000005	7.878411000000001	-1.6790067404185451	6.232570758871751	3.178244567881674	-1.0195	-0.7364	-0.3871
463.99999999999994	13.205241000000001	-0.046107	7.955910000000001	-1.9093902016817965	5.96204472481263	3.13635666583381	-1.0145	-0.6985	-0.46
465.00000000000006	14.291208000000001	0.356103	7.943157	-2.2706733568446227	5.630432166933708	3.1049407392979123	-1.005	-0.6582	-0.5309
466.0	15.474294	0.844641	7.836228	-2.542944720155738	5.1749012321631875	3.193952531149623	-0.9914	-0.6153	-0.6003
467.0	16.801587	1.506816	7.589016	-2.6616271092913526	4.967207051175862	3.2812189937493397	-0.9732	-0.5696	-0.6608
468.0	18.290745	2.270034	7.084782	-2.780309498426967	4.600687908257053	3.3196162372932148	-0.9508	-0.5243	-0.7177
469.00000000000006	19.801485	3.0303090000000004	6.254856	-2.6232298657474775	4.220206131322289	3.0944687637859465	-0.9245	-0.4776	-0.773
470.0	21.347541	3.670902	5.001138000000001	-2.0193459445574393	3.93048147549123	2.5272367568877896	-0.8947	-0.431	-0.825
471.0	22.831794	4.1555159999999995	3.2265090000000005	-1.0419615634406147	3.673918075448064	1.8779742751458985	-0.8624	-0.3865	-0.8719
472.0	24.052158000000002	4.700952	0.942741	-0.1466076571675237	3.115412714809878	1.3892820845874863	-0.8279	-0.3449	-0.9139
473.00000000000006	25.105752000000003	5.346450000000001	-1.771686	0.09599310885968812	2.7838001569309556	1.18507856210415	-0.7932	-0.307	-0.9505
474.0	25.944506999999998	6.1312500000000005	-4.808862	0.19896753472735357	1.9390607989657	1.1501719770642633	-0.7591	-0.2731	-0.981
475.0	26.446779	6.981777	-8.011827	0.008726646259971648	0.8464846872172498	1.1414453308042916	-0.7277	-0.2435	-1.0069
476.0	26.632188	7.772463	-11.223621	-0.07504915783575616	-0.2181661564992912	1.0471975511965976	-0.6996	-0.2178	-1.027
476.99999999999994	26.533107	8.332614000000001	-14.188203	0.13962634015954636	-0.9756390518648302	0.7696902001294994	-0.6767	-0.1976	-1.0415
478.0	26.328078	8.61318	-15.792138	2.5342180738957665	-3.344050846821135	-1.2077678423800762	-0.6602	-0.1853	-1.0505
479.0	24.011937000000003	8.723052000000001	-18.073944	1.4433872913993107	-5.777039824101231	-1.7627825445142729	-0.6522	-0.1801	-1.0529
480.0	20.830554000000003	8.005941000000002	-15.449769	1.1903145498601329	-6.684611035138282	-1.88670092140587	-0.6544	-0.1806	-1.0482
480.99999999999994	17.653095	7.423227000000001	-12.289968	1.1903145498601329	-6.684611035138282	-1.88670092140587	-0.6603	-0.1832	-1.0415
482.0	16.832979	7.446771	-11.188305000000001	1.2583823906879115	-6.054547175168329	-2.5185101106278176	-0.6783	-0.1933	-1.0242
483.0	16.17669	6.661971	-8.513118	1.0367255756846316	-5.216789134211051	-1.7086773377024487	-0.7028	-0.2067	-1.0008
484.0	14.887656000000002	5.999796000000001	-6.153813	0.9965830028887622	-4.392993727269728	-0.8272860654453121	-0.733	-0.2215	-0.9714
484.99999999999994	15.736221000000002	5.303286	-2.1719340000000003	1.3020156219877697	-3.837979025135531	-0.6841690667817772	-0.7672	-0.2386	-0.937
486.00000000000006	15.618501000000002	4.174155	0.008829	0.6178465552059926	-0.5602506898901798	-1.53588974175501	-0.8009	-0.258	-0.9014
487.0	14.816043	3.0097080000000003	2.680092	0.5654866776461628	0.8220500776893293	-1.3735741213195374	-0.8323	-0.2792	-0.8661
488.0	12.940371	1.9384560000000002	4.639149	0.44331363000655966	1.101302758008422	-1.096066770252439	-0.8603	-0.2992	-0.8333
488.99999999999994	13.218975	1.0388789999999999	7.504650000000001	0.4293509959906051	0.8604473212332044	-0.8325220532012952	-0.8825	-0.3177	-0.8056
490.00000000000006	14.273550000000002	1.1565990000000002	5.881095	0.3385938748868999	0.6265732014659643	-0.5026548245743669	-0.898	-0.3348	-0.7843
491.0	15.336954	1.132074	4.246749	0.16580627893946132	0.4310963252425994	-0.20769418098732523	-0.9129	-0.3527	-0.7649
492.0	14.206842	0.408096	5.206167	0.1064650843716541	0.2722713633111154	-0.09948376736367678	-0.9189	-0.3648	-0.7558
493.0	13.038471	0.367875	4.987404	0.06806784082777885	0.20769418098732523	-0.061086523819801536	-0.9209	-0.3743	-0.7523
494.00000000000006	12.614679	-0.009810000000000001	5.434740000000001	0.017453292519943295	0.1413716694115407	0.0017453292519943296	-0.9194	-0.3827	-0.7543
495.0	10.22202	-0.5375880000000001	4.530258	-0.010471975511965976	0.09599310885968812	0.0471238898038469	-0.9146	-0.3895	-0.7607
496.0	8.84862	-0.701415	5.517144	0.006981317007977318	0.09250245035569947	0.019198621771937627	-0.9096	-0.3949	-0.769
497.0	8.141319	-0.84366	5.867361	0.010471975511965976	0.08028514559173916	0.0	-0.9058	-0.3984	-0.778
498.00000000000006	8.307108000000001	-0.950589	5.782014	0.04014257279586958	0.05585053606381855	-0.031415926535897934	-0.9029	-0.4012	-0.7859
499.0	8.274735000000002	-1.093815	5.761413000000001	0.03490658503988659	0.05061454830783556	-0.05061454830783556	-0.9007	-0.403	-0.7915
500.0	8.196255	-1.364571	5.745717	0.03490658503988659	0.05061454830783556	-0.05061454830783556	-0.8988	-0.4042	-0.7949
501.0	8.109927	-1.493082	5.741793	0.03490658503988659	0.05061454830783556	-0.05061454830783556	-0.8976	-0.4047	-0.7965
501.99999999999994	8.067744000000001	-1.577448	5.7064770000000005	0.015707963267948967	0.048869219055841226	-0.061086523819801536	-0.8969	-0.4051	-0.7927
503.0	8.041257	-1.65789	5.606415	0.029670597283903602	0.06283185307179587	-0.048869219055841226	-0.8968	-0.4056	-0.7877
504.0	8.033409	-1.741275	5.6456550000000005	0.04014257279586958	0.08203047484373349	-0.08377580409572781	-0.8963	-0.4061	-0.7829
505.0	8.022618	-1.75599	5.622111000000001	0.06806784082777885	0.11868238913561441	-0.12217304763960307	-0.8955	-0.4067	-0.7798
505.99999999999994	8.008884	-1.7451990000000002	5.609358	0.07330382858376185	0.1413716694115407	-0.1291543646475804	-0.8956	-0.4075	-0.778
507.0	7.982397000000001	-1.705959	5.625054	0.09599310885968812	0.17278759594743864	-0.1413716694115407	-0.8954	-0.4086	-0.7776
508.0	7.962777	-1.656909	5.639769	0.07504915783575616	0.13962634015954636	-0.12566370614359174	-0.8952	-0.4094	-0.7788
509.0	7.946100000000001	-1.5970680000000002	5.666256000000001	0.1710422666954443	0.12042771838760874	-0.09075712110370514	-0.8955	-0.411	-0.7808
509.99999999999994	7.916670000000001	-1.490139	5.708439	0.0645771823237902	0.07504915783575616	-0.0715584993317675	-0.8958	-0.4123	-0.7831
511.00000000000006	7.895088	-1.4057730000000002	5.747679	0.05061454830783556	0.013962634015954637	-0.03665191429188092	-0.8967	-0.4136	-0.7852
512.0	7.878411000000001	-1.329255	5.777109	0.04363323129985824	-0.027925268031909273	-0.006981317007977318	-0.8974	-0.4141	-0.7917
513.0	7.864677	-1.2527370000000002	5.885019	0.0942477796076938	-0.054105206811824215	0.0	-0.8967	-0.4145	-0.799
514.0	7.841133	-1.179162	5.840874	-0.0017453292519943296	-0.05235987755982989	-0.010471975511965976	-0.8963	-0.4152	-0.805
515.0	7.832304000000001	-1.1634660000000001	5.857551	0.019198621771937627	-0.07330382858376185	-0.05585053606381855	-0.8959	-0.4158	-0.8132
516.0	7.827399000000001	-1.204668	5.854608000000001	0.03665191429188092	-0.048869219055841226	-0.1308996938995747	-0.8956	-0.4167	-0.8163
517.0	7.846038	-1.3165020000000003	5.842836	0.08377580409572781	-0.05585053606381855	-0.2303834612632515	-0.8952	-0.4181	-0.8164
518.0	7.871544	-1.44207	5.845779	0.16231562043547265	-0.07504915783575616	-0.3438298626428829	-0.8949	-0.4195	-0.8149
519.0	7.897050000000001	-1.5627330000000001	5.870304000000001	0.21467549799530256	-0.11693705988362008	-0.3909537524467298	-0.894	-0.4207	-0.8129
520.0	7.939233000000001	-1.707921	5.900715000000001	0.23387411976724015	-0.1884955592153876	-0.49567350756638956	-0.8935	-0.4226	-0.812
521.0	7.890183	-1.790325	6.1234020000000005	0.30019663134302466	-0.36826447217080355	-0.5864306286700948	-0.8917	-0.4249	-0.81
522.0	7.848981000000001	-1.800135	6.300963	0.32812189937493397	-0.6806784082777885	-0.6126105674500097	-0.8906	-0.4289	-0.8071
523.0	7.7989500000000005	-1.7667810000000002	6.508935	0.3368485456349056	-1.0471975511965976	-0.609119908946021	-0.8912	-0.4336	-0.8029
524.0	7.719489000000001	-1.686339	6.775767	0.2844886680750757	-1.4992378274631293	-0.5794493116621174	-0.8924	-0.4388	-0.7986
525.0	7.634142000000001	-1.5794100000000002	7.056333	0.25481807079117214	-1.980948701013564	-0.5846852994181004	-0.8949	-0.4442	-0.7891
526.0	7.5321180000000005	-1.406754	7.363386000000001	0.23387411976724015	-2.241002759560719	-0.5811946409141117	-0.8985	-0.4503	-0.7811
527.0	7.401645	-1.161504	7.659648000000001	0.1780235837034216	-2.78554548618295	-0.5742133239061344	-0.9036	-0.4565	-0.7712
528.0	7.2319320000000005	-0.929988	7.965720000000001	-0.005235987755982988	-3.392920065876977	-0.5881759579220891	-0.9104	-0.4628	-0.7629
529.0	7.039656000000001	-0.692586	8.206065	-0.09599310885968812	-4.061381169390804	-0.5969026041820608	-0.9199	-0.4694	-0.7467
530.0	6.714945	-0.521892	8.493498	-0.39968039870670147	-4.850269991292241	-0.6230825429619757	-0.931	-0.4759	-0.7244
531.0	6.473619000000001	-0.442431	8.567073	-0.5654866776461628	-5.715953300281429	-0.788888821901437	-0.9456	-0.4828	-0.7041
532.0	6.147927000000001	-0.5405310000000001	8.656344	-0.7068583470577035	-6.164502918043972	-0.8779006137531478	-0.9612	-0.489	-0.6786
533.0	5.854608000000001	-0.749484	8.715204	-0.5305800926062761	-7.2204271155005415	-1.293288975727798	-0.979	-0.4953	-0.6385
534.0	5.80752	-1.0467270000000002	8.747577000000001	0.6911503837897546	-8.318239215004976	-1.7470745812463238	-0.9996	-0.5041	-0.5883
535.0	6.547194	-1.2380220000000002	8.595522	1.181587903600161	-9.183922523994163	-2.0437805540853597	-1.0209	-0.5149	-0.5287
536.0	8.415018	-1.346913	8.164863	1.0786134777324956	-9.634217471008698	-2.0210912738094335	-1.0404	-0.527	-0.4618
537.0	10.543788000000001	-1.2527370000000002	7.925499	1.2269664641520137	-9.730210579868388	-2.139773662945048	-1.0571	-0.5409	-0.3869
538.0	12.661767000000001	-1.8099450000000001	7.976511000000001	2.151990967709008	-9.9413954193597	-2.6860617188192735	-1.0699	-0.5569	-0.2989
539.0	14.967117000000002	-2.460348	7.908822000000001	2.5080381351158514	-9.71101195809645	-3.0630528372500483	-1.0765	-0.5747	-0.2083
540.0	17.485344	-2.9273040000000004	7.538985	2.485348854839925	-9.171705219230201	-3.1066860685499065	-1.0768	-0.5942	-0.1124
541.0	20.205657	-3.5502390000000004	7.820532000000001	1.4765485471872026	-7.653268769995135	-2.0036379812894904	-1.0705	-0.6144	-0.0087
542.0	22.528665	-4.053492	9.069345	0.5916666164260777	-4.038691889114879	-1.007054978400728	-1.06	-0.6348	0.0932
543.0	23.481216000000003	-4.637187	10.78119	0.4066617157146788	-0.40317105721069013	-0.8569566627292158	-1.0463	-0.655	0.18
544.0	24.484779	-5.141421	12.657843000000002	0.18151424220741028	1.8308503853420517	-1.0454522219446034	-1.0297	-0.6731	0.2548
545.0	24.200289	-5.540688	14.433453000000002	-0.15707963267948966	2.5185101106278176	-1.2514010736799344	-1.0122	-0.6901	0.3167
546.0	22.349142	-5.76828	16.047198	-0.8604473212332044	3.2428217502054646	-1.5585790220309363	-0.9964	-0.7065	0.3659
547.0	20.073221999999998	-6.090048	17.065476	-1.8640116411299439	3.9933133285630262	-1.4660765716752369	-0.9832	-0.7227	0.3991
548.0	17.792397	-5.80752	17.479458	-2.6965336943312392	4.719370297392667	-1.1990411961201044	-0.9742	-0.738	0.4148
549.0	15.363441000000002	-5.5769850000000005	17.848314	-3.07177948351002	5.295328950550796	-0.8028514559173916	-0.971	-0.7522	0.4122
550.0	12.855024	-5.5946430000000005	18.295650000000002	-2.965314399138366	5.639158813193679	-0.3560471674068432	-0.9743	-0.7651	0.3926
551.0	10.157274000000001	-5.469075	17.965053	-2.5795966344476193	5.841617006425021	0.09075712110370514	-0.9836	-0.7768	0.358
552.0	7.964739	-5.357241	16.59852	-2.3369958684204075	5.892231554732857	0.3246312408709453	-0.9972	-0.7869	0.3118
553.0	7.148547000000001	-5.059017000000001	14.683608	-1.8465583486100006	5.9096848472528	0.8325220532012952	-1.0125	-0.795	0.2571
554.0	6.137136000000001	-4.715667000000001	12.566609999999999	-1.3910274138394807	5.817182396897101	1.3212142437597074	-1.0279	-0.7995	0.1948
555.0	5.727078000000001	-4.526334	10.710558	-1.0314895879286488	5.7124626417774405	1.8186330805780915	-1.0431	-0.7998	0.1272
556.0	5.883057	-4.5243720000000005	9.285165000000001	-0.8587019919812102	5.633922825437696	2.2811453323565885	-1.0567	-0.7951	0.0553
557.0	6.4971630000000005	-4.565574	8.286507	-0.8272860654453121	5.686282702997526	2.670353755551324	-1.0678	-0.7846	-0.0187
558.0	7.299621	-4.464531	7.598826	-0.8255407361933178	5.733406592801373	2.839650692994774	-1.0747	-0.7688	-0.0935
559.0	8.190369	-4.207509	7.129908	-0.8482300164692442	5.874778262212914	3.1276300195738385	-1.077	-0.7482	-0.1668
560.0	9.163521000000001	-3.7866600000000004	6.825798	-0.8325220532012952	6.031857894892403	3.3231068957972036	-1.0756	-0.7233	-0.2383
561.0	10.225944	-3.263787	6.700230000000001	-0.8395033702092726	6.1330869915080735	3.436553297176835	-1.0699	-0.6943	-0.3059
562.0	11.353113	-2.730123	6.736527	-0.8761552845011534	6.215117466351808	3.4697145529647275	-1.059	-0.6628	-0.3706
563.0	12.505788	-2.181744	6.89643	-0.8779006137531478	6.234316088123745	3.4033920413889427	-1.0438	-0.6295	-0.4314
564.0	13.623147000000001	-1.580391	7.037694000000001	-1.075122819228507	6.152285613280012	3.2550390549694246	-1.0237	-0.5949	-0.4896
565.0	14.742468	-0.8985960000000001	7.083801	-1.2688543661998777	6.068509809184284	3.1764992386296798	-0.9986	-0.5601	-0.5463
566.0	15.923592000000001	-0.10791	7.001397000000001	-1.8849555921538759	5.7124626417774405	3.1066860685499065	-0.9692	-0.5252	-0.6014
567.0	17.166519	0.7514460000000001	6.7845960000000005	-2.504547476611863	5.1068333913354085	3.1764992386296798	-0.9369	-0.4903	-0.6546
568.0	18.61938	1.598049	6.331374	-2.8605946440187062	4.597197249753064	3.1730085801256913	-0.9035	-0.455	-0.7058
569.0	20.123253	2.466234	5.563251000000001	-2.871066619530672	4.262094033370152	2.937389131106457	-0.8695	-0.4192	-0.7541
570.0	21.607506	3.171573	4.395861	-2.4975661596038856	4.016002608838952	2.4277529895241123	-0.8339	-0.3831	-0.7994
571.0	22.900464000000003	3.69837	2.729142	-2.075196480621258	3.9217548292312583	2.097885760897184	-0.7973	-0.3476	-0.8432
572.0	23.884407	4.285989000000001	0.542493	-1.0297442586766545	3.5761796373363812	1.4713125594312197	-0.7604	-0.3142	-0.8839
573.0	24.684903000000002	5.027625	-2.055195	-0.2565634000431664	2.9827676916583092	1.1239920382843482	-0.7239	-0.2834	-0.9223
574.0	25.317648000000002	5.908563	-4.955031	-0.08028514559173916	2.2165681500327987	1.0786134777324956	-0.6894	-0.2557	-0.9563
575.0	25.664922	6.8022540000000005	-7.988283000000001	-0.3159045946109737	1.1728612573401895	1.14493598930828	-0.6574	-0.2307	-0.9837
576.0	25.812072000000004	7.501707000000001	-10.921473	-0.38746309394274114	0.09075712110370514	1.0629055144645467	-0.6299	-0.2082	-1.0046
577.0	25.681599000000002	7.994169	-13.564287	-0.0	-0.7539822368615504	0.7452555906015788	-0.6069	-0.1882	-1.0198
578.0	25.239168	8.359101	-15.720525	0.3089232776029963	-1.0611601852125523	0.5323254218582705	-0.5886	-0.172	-1.0287
579.0	23.872635000000002	8.531757	-16.697601	2.1432643214490366	-2.90248254606657	-0.8168140899333461	-0.5761	-0.1613	-1.0328
580.0	20.382237000000003	8.096193000000001	-14.963193000000002	1.7540558982543013	-4.328416544945937	-1.6353735091186867	-0.5704	-0.1577	-1.0332
581.0	18.101412	6.127326000000001	-11.108844000000001	1.1903145498601329	-5.976007358828584	-1.960004749989632	-0.5731	-0.1597	-1.0297
582.0	16.847694	5.9684040000000005	-10.355436000000001	1.7976891295541595	-5.405284693426438	-2.509783464367846	-0.5842	-0.1656	-1.0222
583.0	15.762708000000002	5.798691	-9.325386	1.530653753999027	-6.068509809184284	-1.99142067652553	-0.6035	-0.1756	-1.0102
584.0	15.608691	4.798071	-6.452037	1.460840583919254	-5.649630788705645	-1.0925761117484503	-0.63	-0.1889	-0.9942
585.0	14.848416000000002	3.7170090000000005	-3.744477	1.408480706359424	-4.410447019789671	-0.6894050545377601	-0.6621	-0.2042	-0.9752
586.0	13.722228000000001	2.8449	-1.5176070000000002	1.3281955607676847	-4.3825217517577615	0.3246312408709453	-0.6984	-0.2219	-0.9535
587.0	14.678703	3.0636630000000005	2.879235	1.0681415022205298	-1.710422666954443	-0.6161012259539983	-0.7372	-0.2415	-0.9288
588.0	14.026338	1.864881	3.918114	0.291469985083053	0.9005898940290741	-1.19729586686811	-0.7735	-0.2627	-0.9061
589.0	13.69476	0.8897670000000001	5.6024910000000006	0.3700098014227979	1.090830782496456	-0.8639379797371931	-0.8064	-0.2834	-0.8855
590.0	14.939649	0.524835	4.961898000000001	0.39968039870670147	0.8080874436733745	-0.7539822368615504	-0.8346	-0.3017	-0.8654
591.0	15.208443	1.978677	2.6035740000000005	0.3717551306747922	0.7452555906015788	-0.6614797865058508	-0.8566	-0.3184	-0.8489
592.0	14.674779000000001	1.668681	3.8465010000000004	0.2844886680750757	0.5427973973702365	-0.3961897402027128	-0.873	-0.3337	-0.8378
593.0	14.095989000000001	1.0879290000000001	5.173794	0.143116998663535	0.32288591161895097	-0.13962634015954636	-0.8836	-0.3462	-0.8266
594.0	12.677463000000001	1.0320120000000002	5.031549	0.10297442586766545	0.20420352248333654	-0.027925268031909273	-0.8893	-0.356	-0.8182
595.0	12.02706	0.934893	5.293476	0.020943951023931952	0.10471975511965978	0.05235987755982989	-0.8906	-0.3637	-0.8152
596.0	11.772	0.563094	6.038055000000001	-0.019198621771937627	0.07679448708775051	0.0942477796076938	-0.8881	-0.3701	-0.8148
597.0	9.383265000000002	-0.9456840000000001	4.4145	-0.012217304763960306	0.0890117918517108	0.03490658503988659	-0.8829	-0.376	-0.819
598.0	8.566092	-0.9937530000000001	5.871285	0.038397243543875255	0.09075712110370514	0.005235987755982988	-0.8789	-0.3798	-0.8225
599.0	8.18154	-1.116378	5.79771	0.054105206811824215	0.1117010721276371	-0.05759586531581287	-0.8753	-0.3826	-0.8257
600.0	8.271792	-1.091853	5.7447360000000005	0.1064650843716541	0.10821041362364843	-0.0942477796076938	-0.8733	-0.385	-0.8299
601.0	8.212932	-1.184067	5.761413000000001	0.09948376736367678	0.0942477796076938	-0.09948376736367678	-0.8725	-0.3868	-0.8322
602.0	8.1423	-1.3979249999999999	5.745717	0.11868238913561441	0.10122909661567112	-0.09250245035569947	-0.8717	-0.3874	-0.8309
603.0	8.072649	-1.5372270000000001	5.740812000000001	0.09250245035569947	0.08203047484373349	-0.0942477796076938	-0.8713	-0.3879	-0.8332
604.0	8.035371000000001	-1.614726	5.700591	0.09773843811168245	0.0715584993317675	-0.10471975511965978	-0.8709	-0.3889	-0.836
605.0	8.035371000000001	-1.7422560000000002	5.628978	0.11519173063162574	0.12566370614359174	-0.09773843811168245	-0.8704	-0.39	-0.837
606.0	8.016732000000001	-1.793268	5.652522000000001	0.10821041362364843	0.12217304763960307	-0.1413716694115407	-0.8698	-0.3914	-0.8327
607.0	7.99515	-1.7255790000000002	5.654484000000001	0.04537856055185257	0.13962634015954636	-0.16231562043547265	-0.8694	-0.3928	-0.8291
608.0	7.977492000000001	-1.647099	5.671161	0.15358897417550102	0.18151424220741028	-0.15533430342749532	-0.8683	-0.3945	-0.8294
609.0	7.957872000000001	-1.5539040000000002	5.697648	0.1064650843716541	0.17453292519943295	-0.1832595714594046	-0.8677	-0.3967	-0.8302
610.0	7.942176	-1.50093	5.7064770000000005	0.1413716694115407	0.17976891295541594	-0.16406094968746698	-0.8661	-0.3991	-0.8332
611.0	7.928442	-1.509759	5.71923	0.10471975511965978	0.19198621771937624	-0.18675022996339324	-0.8644	-0.4014	-0.8335
612.0	7.917651000000001	-1.4950440000000003	5.718249	0.1361356816555577	0.21642082724729686	-0.1832595714594046	-0.8636	-0.4032	-0.8336
613.0	7.905879	-1.4803290000000002	5.718249	0.1361356816555577	0.21642082724729686	-0.1832595714594046	-0.8628	-0.4045	-0.8328
614.0	7.8803730000000005	-1.395963	5.771223000000001	0.0942477796076938	0.12740903539558607	-0.14486232791552936	-0.8606	-0.4053	-0.8318
615.0	7.833285	-1.2753	5.87619	0.08377580409572781	0.03665191429188092	-0.10821041362364843	-0.8586	-0.4071	-0.831
616.0	7.804836	-1.142865	5.907582	0.017453292519943295	-0.027925268031909273	-0.061086523819801536	-0.8567	-0.4087	-0.8361
617.0	7.767558	-1.03005	5.969385000000001	0.008726646259971648	-0.06981317007977318	-0.04014257279586958	-0.8545	-0.4102	-0.8397
618.0	7.741071000000001	-0.953532	6.001758000000001	-0.013962634015954637	-0.12042771838760874	-0.012217304763960306	-0.8533	-0.4118	-0.8397
619.0	7.741071000000001	-1.009449	6.002739	0.010471975511965976	-0.15358897417550102	-0.0645771823237902	-0.8519	-0.4131	-0.8391
620.0	7.749900000000001	-1.132074	5.989005000000001	0.048869219055841226	-0.13264502315156904	-0.1710422666954443	-0.8512	-0.4144	-0.8362
621.0	7.7734440000000005	-1.22625	5.978214000000001	0.12042771838760874	-0.1117010721276371	-0.291469985083053	-0.8501	-0.4153	-0.8357
622.0	7.806798	-1.344951	5.995872	0.19722220547535926	-0.09250245035569947	-0.4328416544945937	-0.8492	-0.4178	-0.8353
623.0	7.845057	-1.466595	6.045903	0.19896753472735357	-0.10471975511965978	-0.5742133239061344	-0.8484	-0.4211	-0.8346
624.0	7.871544	-1.604916	6.129288000000001	0.26354471705114374	-0.23911010752322315	-0.6370451769779303	-0.8489	-0.4248	-0.8331
625.0	7.795026	-1.7128260000000002	6.465771	0.33510321638291124	-0.6632251157578453	-0.7243116395776468	-0.8495	-0.4287	-0.8309
626.0	7.761672000000001	-1.8187740000000001	6.657066	0.39968039870670147	-1.0716321607245183	-0.8220500776893293	-0.8511	-0.4333	-0.8277
627.0	7.700850000000001	-1.8383940000000003	6.918012000000001	0.40491638646268446	-1.5428710587629875	-0.8377580409572782	-0.8533	-0.4388	-0.8236
628.0	7.620408000000001	-1.771686	7.207407000000001	0.3595378259108319	-2.0682151636132806	-0.8325220532012952	-0.8566	-0.4449	-0.8178
629.0	7.502688000000001	-1.5666570000000002	7.538985	0.33510321638291124	-2.6249751949994717	-0.7958701389094143	-0.8617	-0.452	-0.8099
630.0	7.34769	-1.289034	7.8931260000000005	0.33161255787892263	-2.9286624848464853	-0.788888821901437	-0.8682	-0.4593	-0.7997
631.0	7.153452	-1.021221	8.222742	0.1710422666954443	-3.5761796373363812	-0.7871434926494426	-0.8771	-0.4671	-0.7865
632.0	6.890544	-0.7426170000000001	8.627895	0.026179938779914945	-4.328416544945937	-0.8325220532012952	-0.8878	-0.4754	-0.7697
633.0	6.500106	-0.44439300000000004	8.906499	-0.25132741228718347	-5.276130328778859	-0.8726646259971648	-0.9009	-0.4839	-0.7488
634.0	6.144984	-0.426735	9.102699	-0.5567600313861911	-6.13134166225608	-1.1292280260403313	-0.9176	-0.492	-0.7231
635.0	5.8134060000000005	-0.46205100000000005	9.035991000000001	-0.4363323129985824	-7.084291433844983	-1.4870205226991688	-0.937	-0.5005	-0.6904
636.0	5.437683000000001	-0.5189490000000001	9.11349	-0.4363323129985824	-7.084291433844983	-1.4870205226991688	-0.9555	-0.5081	-0.6589
637.0	6.467733	-0.6386310000000001	8.909442	1.2269664641520137	-8.716174284459681	-2.230530784048753	-0.9778	-0.5188	-0.6091
638.0	8.533719	-0.44145	8.4366	1.2095131716320704	-9.278170303601856	-2.3300145514124297	-1.0	-0.5317	-0.5497
639.0	10.632078000000002	-0.48461400000000004	8.262963000000001	0.6928957130417489	-9.913470151327791	-1.9739673840055867	-1.0211	-0.5457	-0.4815
640.0	12.817746	-1.132074	8.263944	1.038470904936626	-10.149089600347025	-2.059488517353309	-1.0397	-0.5602	-0.4057
641.0	15.024996000000002	-1.6981110000000001	7.981416	1.858775653373961	-9.822713030224087	-2.7768188399229783	-1.0545	-0.5771	-0.3236
642.0	17.586387000000002	-2.268072	7.521327000000001	2.028072590817411	-9.060004147102566	-2.9530970943744053	-1.0639	-0.5951	-0.2366
643.0	20.362617	-2.928285	7.935309	1.556833692778942	-8.491026810952413	-2.5499260371637154	-1.0673	-0.6144	-0.1469
644.0	22.235346	-3.49236	9.244944	0.34732052114687156	-5.920156822764766	-1.3386675362796507	-1.0646	-0.6347	-0.0577
645.0	22.93578	-4.28697	10.791000000000002	-0.022689280275926284	-1.7313666179783749	-0.767944870877505	-1.0578	-0.6541	0.0251
646.0	24.051177000000003	-5.062941	12.584268	0.3717551306747922	0.6928957130417489	-0.7592182246175333	-1.0503	-0.6741	0.1082
647.0	23.149638	-5.493600000000001	14.182317000000001	0.27401669256310973	2.2113321622768156	-0.9337511498169663	-1.0381	-0.6903	0.1699
648.0	20.929635	-5.996853	15.650874	-0.2775073510670984	2.7820548276789614	-1.1152653920243765	-1.0246	-0.704	0.2179
649.0	18.576216	-6.215616000000001	16.453332	-1.192059879112127	3.4156093461529027	-0.9669124056048586	-1.01	-0.717	0.2513
650.0	16.165899	-5.8820760000000005	16.843770000000003	-1.6545721308906243	3.755948550291797	-0.8325220532012952	-0.9968	-0.7293	0.2705
651.0	13.824252000000001	-5.723154000000001	17.41275	-2.3806290997202657	4.422664324553631	-0.5375614096142535	-0.9851	-0.7403	0.2757
652.0	11.200077	-5.6603699999999995	17.900307	-2.631956512007449	4.930555136883981	-0.16929693744344995	-0.9772	-0.7496	0.2676
653.0	8.480745	-5.5612889999999995	17.460819	-2.4748768793279594	5.227261109723017	0.20943951023931956	-0.9729	-0.7567	0.2481
654.0	6.688458	-5.310153000000001	16.01973	-2.199114857512855	5.380850083898518	0.635299847725936	-0.9711	-0.7625	0.2186
655.0	6.227388	-4.801014	14.280417	-1.7976891295541595	5.447172595474303	1.064650843716541	-0.9708	-0.7664	0.1821
656.0	5.467113	-4.278141	12.268386	-1.5987215948268059	5.45415391248228	1.3020156219877697	-0.9712	-0.7689	0.1383
657.0	5.4779040000000006	-4.0642830000000005	10.668375	-1.1728612573401895	5.447172595474303	1.7592918860102842	-0.9719	-0.7696	0.0898
658.0	5.891886	-4.067226000000001	9.441144000000001	-0.8744099552491591	5.50651379004211	2.209586833024821	-0.972	-0.7678	0.0373
659.0	6.56289	-4.091751	8.560206	-0.7068583470577035	5.6374134839416845	2.5813419636996136	-0.9724	-0.7625	-0.0172
660.0	7.352595000000001	-4.011309	7.928442	-0.6649704450098396	5.843362335677016	2.90248254606657	-0.9729	-0.7545	-0.0731
661.0	8.174673	-3.7827360000000003	7.445790000000001	-0.6562437987498679	6.005677956112488	3.152064629101759	-0.9733	-0.7424	-0.1296
662.0	9.066402	-3.407013	7.133832	-0.640535835481919	6.124360345248102	3.331833542057175	-0.9724	-0.727	-0.1869
663.0	10.030725	-2.947905	6.9523470000000005	-0.6597344572538565	6.1592669302879886	3.4033920413889427	-0.9707	-0.7084	-0.2451
664.0	11.022516	-2.4858540000000002	6.892506	-0.7243116395776468	6.215117466351808	3.4766958699727044	-0.9675	-0.6861	-0.302
665.0	12.004497	-2.062062	6.926841	-0.7225663103256524	6.183701539815909	3.4627332359567498	-0.9618	-0.6626	-0.3594
666.0	12.925656000000002	-1.649061	7.032789	-0.6265732014659643	6.010913943868471	3.363249468593073	-0.954	-0.6372	-0.4142
667.0	13.766373	-1.21644	7.125984000000001	-0.7190756518216638	5.794493116621174	3.1852258848896513	-0.9443	-0.6105	-0.4643
668.0	14.635539000000001	-0.7475220000000001	7.191711	-1.0786134777324956	5.4175019981903985	2.9583330821303884	-0.9322	-0.5833	-0.514
669.0	15.700905	-0.163827	7.1887680000000005	-1.371828792067543	5.232497097479	2.876302607286655	-0.9187	-0.5559	-0.5609
670.0	16.976205	0.57879	7.0514280000000005	-2.050761871093337	4.928809807631986	2.839650692994774	-0.9023	-0.5275	-0.6046
671.0	18.371187000000003	1.4489370000000001	6.610959000000001	-2.8047441079548876	4.743804906920588	2.853613327010729	-0.8839	-0.4981	-0.6473
672.0	19.805409	2.281806	5.8487219999999995	-3.2794736644973455	4.445353604829557	2.693043035827251	-0.8645	-0.4673	-0.6885
673.0	21.272004000000003	2.869425	4.6921230000000005	-3.080506129769992	4.183554217030408	2.253220064324679	-0.8432	-0.4357	-0.7268
674.0	22.669929000000003	3.235338	3.0607200000000003	-1.99142067652553	3.935717463247213	1.7016960206944713	-0.8211	-0.4042	-0.7642
675.0	23.752953	3.7140660000000003	0.907425	-0.7958701389094143	3.406882699892931	1.3316862192716734	-0.7989	-0.3727	-0.7976
676.0	24.618195000000004	4.441968	-1.6833960000000001	-0.39968039870670147	3.0281462522101616	1.239183768915974	-0.7767	-0.3431	-0.8284
677.0	25.373565000000003	5.342526	-4.574403	-0.1884955592153876	2.202605516016844	1.1798425743481666	-0.755	-0.3155	-0.8591
678.0	25.850331	6.289191000000001	-7.649838000000001	-0.3787364476827695	1.239183768915974	1.1746065865921838	-0.7352	-0.2888	-0.8853
679.0	25.946469	7.09263	-10.700748	-0.4363323129985824	0.2583087292951608	1.090830782496456	-0.7163	-0.2638	-0.9084
680.0	25.694352000000002	7.580187000000001	-13.490712	0.0017453292519943296	-0.5550147021341968	0.7958701389094143	-0.7006	-0.2413	-0.9289
681.0	25.212681000000003	7.8117030000000005	-15.732296999999999	0.8936085770210968	-1.371828792067543	0.22863813201125716	-0.6874	-0.2224	-0.9448
682.0	24.300351000000003	7.960815	-16.634817	2.7820548276789614	-2.9792770331543204	-1.0367255756846316	-0.6786	-0.2086	-0.9573
683.0	20.204676000000003	7.569396	-15.075027	1.7016960206944713	-4.501204140893376	-1.460840583919254	-0.6746	-0.2022	-0.9627
684.0	17.419617000000002	5.818311	-11.018592	1.2723450247038663	-6.276203990171609	-1.8901915799098588	-0.6781	-0.2023	-0.9629
685.0	16.313049000000003	5.617206	-10.223001	1.8151424220741028	-5.590289594137838	-2.5080381351158514	-0.6938	-0.208	-0.952
686.0	15.190785	5.687838	-9.3195	1.616174887346749	-6.1592669302879886	-2.0158552860534504	-0.716	-0.2211	-0.9366
687.0	14.995566	4.821615	-6.463809	1.4451326206513049	-4.8031461014883945	-1.3212142437597074	-0.7435	-0.2374	-0.9129
688.0	14.215671	3.799413	-3.620871	1.3124875974997359	-4.403465702781694	-0.6056292504420324	-0.7745	-0.2568	-0.8843
689.0	13.107141000000002	3.100941	-1.241946	1.2199851471440364	-4.495968153137393	-0.04537856055185257	-0.8095	-0.2779	-0.8507
690.0	14.088141	2.656548	2.730123	1.1519173063162575	-1.8936822384138476	-0.8360127117052838	-0.8432	-0.301	-0.818
691.0	14.042034000000001	1.9943730000000002	4.3007040000000005	0.4468042885105484	0.8255407361933178	-1.2479104151759457	-0.8756	-0.3256	-0.786
692.0	13.725171000000001	1.129131	5.473980000000001	0.3839724354387525	0.9180431865490174	-0.8325220532012952	-0.9052	-0.3503	-0.7542
693.0	15.589071	0.9662850000000001	5.069808000000001	0.32637657012293964	0.6649704450098396	-0.5742133239061344	-0.932	-0.3719	-0.7275
694.0	16.283619	2.415222	2.551581	0.2234021442552742	0.4642575810304917	-0.30194196059501904	-0.9533	-0.3916	-0.7035
695.0	15.583185	2.20725	3.749382	0.16929693744344995	0.4223696789826277	-0.16755160819145562	-0.9644	-0.4089	-0.6887
696.0	15.060312	1.3684950000000002	5.211072000000001	0.0942477796076938	0.29670597283903605	-0.003490658503988659	-0.9711	-0.4194	-0.6767
697.0	13.683969000000001	1.1870100000000001	5.047245	0.026179938779914945	0.19373154697137057	0.0645771823237902	-0.9741	-0.4275	-0.671
698.0	12.995307	1.016316	5.138478000000001	-0.003490658503988659	0.0942477796076938	0.0890117918517108	-0.9743	-0.4337	-0.6691
699.0	12.673539000000002	0.43948800000000005	5.728059	-0.038397243543875255	0.06283185307179587	0.11344640137963143	-0.971	-0.4389	-0.6721
700.0	10.288728	-0.334521	4.5547830000000005	-0.026179938779914945	0.061086523819801536	0.05759586531581287	-0.9687	-0.4425	-0.6745
701.0	8.940834	-0.8760330000000001	5.504391000000001	0.015707963267948967	0.07330382858376185	-0.038397243543875255	-0.9666	-0.4449	-0.6766
702.0	8.169768	-1.151694	5.834007000000001	0.041887902047863905	0.07504915783575616	-0.09948376736367678	-0.9653	-0.4461	-0.6781
703.0	8.290431	-1.372419	5.681952000000001	0.06981317007977318	0.10297442586766545	-0.19024088846738194	-0.9641	-0.4471	-0.6795
704.0	8.276697	-1.5970680000000002	5.625054	0.11693705988362008	0.11693705988362008	-0.2530727415391778	-0.9632	-0.4479	-0.6802
705.0	8.223723000000001	-1.793268	5.596605	0.15707963267948966	0.13788101090755203	-0.27401669256310973	-0.9626	-0.4484	-0.6805
706.0	8.180559	-1.8894060000000001	5.570118	0.1413716694115407	0.158824961931484	-0.30019663134302466	-0.9619	-0.449	-0.6809
707.0	8.119737	-1.950228	5.585814	0.18151424220741028	0.17278759594743864	-0.32114058236695664	-0.9605	-0.4507	-0.6814
708.0	8.088345	-2.003202	5.567175000000001	0.1832595714594046	0.1710422666954443	-0.3036872898470133	-0.959	-0.4528	-0.6819
709.0	8.066763	-1.983582	5.55246	0.19024088846738194	0.1954768762233649	-0.2932153143350474	-0.9577	-0.4553	-0.6822
710.0	8.030466	-1.926684	5.557365	0.18675022996339324	0.2303834612632515	-0.291469985083053	-0.9559	-0.4585	-0.6833
711.0	7.997112	-1.768743	5.57208	0.16580627893946132	0.23911010752322315	-0.26878070480712674	-0.9543	-0.4617	-0.684
712.0	7.9490430000000005	-1.5696	5.622111000000001	0.10297442586766545	0.25481807079117214	-0.21118483949131386	-0.952	-0.4656	-0.6835
713.0	7.899012000000001	-1.345932	5.702553000000001	0.0715584993317675	0.19722220547535926	-0.12740903539558607	-0.9503	-0.4695	-0.6815
714.0	7.853886	-1.189953	5.770242	0.038397243543875255	0.13264502315156904	-0.038397243543875255	-0.949	-0.473	-0.6783
715.0	7.833285	-1.0859670000000001	5.821254000000001	0.0471238898038469	0.09599310885968812	-0.010471975511965976	-0.948	-0.4757	-0.674
716.0	7.8117030000000005	-1.02024	5.890905000000001	0.013962634015954637	0.05061454830783556	0.0	-0.9471	-0.4776	-0.6694
717.0	7.799931000000001	-0.9545130000000001	5.91543	0.013962634015954637	0.019198621771937627	-0.013962634015954637	-0.9466	-0.4785	-0.6665
718.0	7.7812920000000005	-0.8985960000000001	5.945841	0.03490658503988659	-0.012217304763960306	-0.031415926535897934	-0.9455	-0.4793	-0.6651
719.0	7.769520000000001	-0.8642610000000001	5.9634990000000005	0.008726646259971648	-0.015707963267948967	-0.03665191429188092	-0.945	-0.4806	-0.6652
720.0	7.7685390000000005	-0.8789760000000001	5.977233	0.0017453292519943296	-0.03490658503988659	-0.05759586531581287	-0.9439	-0.4811	-0.6658
721.0	7.774425	-0.9692280000000001	5.988024000000001	0.013962634015954637	-0.03316125578789226	-0.11519173063162574	-0.9434	-0.4821	-0.6669
722.0	7.810722	-1.151694	5.971347000000001	0.07504915783575616	-0.003490658503988659	-0.158824961931484	-0.9436	-0.4826	-0.6693
723.0	7.863696	-1.421469	5.918373	0.12740903539558607	0.0017453292519943296	-0.29670597283903605	-0.9433	-0.4832	-0.6731
724.0	7.929423000000001	-1.691244	5.884038	0.23561944901923448	0.027925268031909273	-0.47123889803846897	-0.9423	-0.4841	-0.6781
725.0	7.9922070000000005	-1.939437	5.885019	0.33335788713091696	0.07330382858376185	-0.6754424205218056	-0.9408	-0.4864	-0.6838
726.0	8.043219	-2.107188	5.943879	0.4520402762665313	0.06283185307179587	-0.8988445647770797	-0.9392	-0.4906	-0.6899
727.0	7.9617960000000005	-2.107188	6.244065	0.48171087355043496	-0.15184364492350666	-1.0332349171806432	-0.9376	-0.4955	-0.6933
728.0	7.894107	-2.113074	6.49422	0.5235987755982988	-0.4014257279586958	-1.0419615634406147	-0.9363	-0.5016	-0.6925
729.0	7.819551000000001	-2.0296890000000003	6.750261000000001	0.49567350756638956	-0.8360127117052838	-1.0821041362364843	-0.9348	-0.5082	-0.6882
730.0	7.7047740000000005	-1.821717	7.049466000000001	0.45553093477052004	-1.3020156219877697	-1.0524335389525807	-0.9345	-0.5162	-0.6804
731.0	7.5752820000000005	-1.506816	7.392816000000001	0.4241150082346221	-1.7505652397503124	-0.9861110273767962	-0.9344	-0.5245	-0.6706
732.0	7.41636	-1.186029	7.750881000000001	0.3944444109507185	-2.316051917396475	-0.9145525280450286	-0.9344	-0.5337	-0.6594
733.0	7.216236	-0.817173	8.099136	0.3839724354387525	-2.907718533822553	-0.8691739674931761	-0.9362	-0.5435	-0.6468
734.0	6.9700050000000005	-0.44046900000000005	8.46603	0.34033920413889424	-3.2480577379614473	-0.8674286382411819	-0.9401	-0.5539	-0.6332
735.0	6.642351000000001	-0.025506	8.815266	0.20769418098732523	-3.972369377539094	-0.8691739674931761	-0.9458	-0.5644	-0.6176
736.0	6.223464	0.214839	9.203742	0.12217304763960307	-4.900884539600078	-0.9180431865490174	-0.9535	-0.5749	-0.5985
737.0	6.008625	0.157941	9.196875	-0.17976891295541594	-5.820673055401089	-1.111774733520388	-0.9636	-0.5859	-0.5754
738.0	5.633883000000001	0.10006200000000001	9.271431000000002	-0.3612831551628262	-6.7230082786821574	-1.4049900478554354	-0.9758	-0.5965	-0.5487
739.0	5.283666	-0.069651	9.411714	0.28099800957108706	-7.857472292478471	-1.778490507782222	-0.9895	-0.6072	-0.5169
740.0	5.609358	-0.39534300000000006	9.336177000000001	1.2688543661998777	-8.86103661237521	-2.2270401255447645	-1.0039	-0.6187	-0.4797
741.0	7.284906	-0.46597500000000003	8.880993	1.3055062804917585	-9.080948098126497	-2.28987197861656	-1.0179	-0.6319	-0.4339
742.0	9.477441	-0.16677000000000003	8.570016	0.7819075048934596	-9.887290212547876	-1.9704767255015982	-1.0304	-0.6463	-0.3819
743.0	11.566971	-0.471861	8.639667000000001	0.7801621756414654	-10.337585159562414	-1.7191493132144147	-1.0407	-0.6614	-0.321
744.0	13.876245	-1.227231	8.54451	1.6406094968746698	-10.147344271095031	-2.343977185428385	-1.0462	-0.6772	-0.2488
745.0	16.386624	-1.9943730000000002	8.095212	2.2497294058206907	-9.210102462774078	-3.097959422289935	-1.0469	-0.6935	-0.1698
746.0	19.177569000000002	-2.5741440000000004	7.8980310000000005	1.4206980111233845	-7.873180255746421	-2.3509585024363617	-1.0409	-0.7109	-0.0846
747.0	21.494691000000003	-3.0734730000000003	8.791722	0.5113814708343386	-4.80489143074039	-1.160643952576229	-1.0287	-0.7286	0.0024
748.0	22.633632	-4.11039	10.389771	0.4468042885105484	-2.7558748888990463	-0.7382742735936013	-1.0122	-0.7453	0.0881
749.0	23.487102000000004	-5.11101	12.062376	0.9791297103688189	0.32986722862692824	-0.28099800957108706	-0.9941	-0.761	0.168
750.0	23.562639	-5.711382	13.775202	1.0035643198967394	1.8989182261698305	-0.21642082724729686	-0.9752	-0.774	0.2397
751.0	21.819402000000004	-6.176376000000001	15.373251	0.4537856055185257	2.4591689160600105	-0.34732052114687156	-0.9576	-0.7839	0.2995
752.0	19.388484000000002	-6.7688999999999995	16.411149	-0.4188790204786391	2.9408797896104453	-0.2583087292951608	-0.9427	-0.7919	0.3502
753.0	17.077248	-6.751242	16.819245	-1.36659280431156	3.595378259108319	-0.08552113334772216	-0.9296	-0.7984	0.3875
754.0	14.676741	-6.363747000000001	17.222436000000002	-1.684242728174528	3.960152072775134	-0.0017453292519943296	-0.9214	-0.8042	0.4073
755.0	12.196773000000002	-6.10182	17.834580000000003	-1.9460421159736774	4.598942579005058	0.1832595714594046	-0.9187	-0.8097	0.4143
756.0	9.538263	-5.972328	17.939547	-1.9024088846738192	5.1068333913354085	0.38571776469074687	-0.9229	-0.8129	0.4044
757.0	7.289811	-5.798691	16.979148	-1.577777643802874	5.382595413150512	0.5951572749300664	-0.9329	-0.8149	0.3793
758.0	6.4029869999999995	-5.071770000000001	15.201576000000001	-1.24965574442794	5.515240436302081	0.8587019919812102	-0.9467	-0.8167	0.3463
759.0	5.839893000000001	-4.30659	13.242519000000001	-0.9302604913129776	5.53094839957003	1.1623892818282233	-0.962	-0.8176	0.3055
760.0	5.526954000000001	-3.789603	11.377638	-0.757472895365539	5.565854984609916	1.5254177662430441	-0.9775	-0.8179	0.2572
761.0	5.6898	-3.7219140000000004	9.965979	-0.757472895365539	5.565854984609916	1.5254177662430441	-0.9916	-0.8186	0.2104
762.0	6.270552	-3.754287	8.923176	-0.6754424205218056	5.616469532917753	2.035053907825388	-1.006	-0.8141	0.1476
763.0	6.992568	-3.7660590000000003	8.165844	-0.7278022980816354	5.74038790980935	2.384119758224254	-1.0199	-0.8073	0.0823
764.0	7.737147	-3.6522630000000005	7.572339	-0.7225663103256524	5.86954227445693	2.68082573106329	-1.0321	-0.797	0.0155
765.0	8.556282	-3.3873930000000003	7.14168	-0.7539822368615504	6.031857894892403	2.9618237406343773	-1.0416	-0.7824	-0.0545
766.0	9.483327000000001	-3.018537	6.856209	-0.7627088831215221	6.197664173831865	3.118903373313867	-1.0485	-0.7648	-0.1233
767.0	10.397619	-2.6487000000000003	6.693363000000001	-0.7627088831215221	6.197664173831865	3.118903373313867	-1.0536	-0.7467	-0.1835
768.0	11.389410000000002	-2.311236	6.646275	-0.7173303225696694	6.335545184739416	3.1904618726456344	-1.0556	-0.7218	-0.2534
769.0	12.363543	-2.003202	6.716907	-0.6230825429619757	6.239552075879728	3.141592653589793	-1.0531	-0.6938	-0.3237
770.0	13.287645000000001	-1.6853580000000001	6.850323	-0.6928957130417489	6.096435077216193	3.036872898470133	-1.0473	-0.6635	-0.3922
771.0	14.288264999999999	-1.2556800000000001	6.931746	-1.1257373675363425	5.845107664929009	2.8745572780346604	-1.038	-0.6291	-0.4664
772.0	15.241797000000002	-0.7740090000000001	6.956271	-1.8709929581379212	5.489060497522167	2.775073510670984	-1.0229	-0.5955	-0.5287
773.0	16.359156000000002	-0.10692900000000001	6.852285	-2.682571060315284	5.077162794051504	2.7942721324429214	-1.0028	-0.5596	-0.5899
774.0	17.671734	0.6621750000000001	6.550137	-3.0909781052819576	4.920083161372014	2.827433388230814	-0.9781	-0.5207	-0.649
775.0	19.054944	1.455804	5.934069	-3.516838442768574	4.494222823885399	2.7296949501191317	-0.9499	-0.4799	-0.7046
776.0	20.411667000000005	2.14839	4.9383539999999995	-3.3492868345771183	3.960152072775134	2.424262331020124	-0.9184	-0.4378	-0.7567
777.0	21.851775	2.6791110000000002	3.442329	-2.387610416728243	3.5238197597765515	1.9477874452256716	-0.884	-0.3921	-0.8105
778.0	23.069196	3.218661	1.4057730000000002	-1.18507856210415	2.8780479365386493	1.562069680534925	-0.8486	-0.3513	-0.8531
779.0	24.045291	3.9759930000000003	-1.100682	-0.5934119456780721	2.1223203704251046	1.377064779823526	-0.8136	-0.3129	-0.8897
780.0	24.939963000000002	4.952088000000001	-3.964221	-0.5619960191421741	1.7540558982543013	1.3107422682477414	-0.7797	-0.2767	-0.9209
781.0	25.708086	6.026283	-7.060257	-0.8482300164692442	1.0471975511965976	1.18507856210415	-0.7484	-0.2431	-0.9468
782.0	26.297667	6.954309	-10.077813	-0.8482300164692442	1.0471975511965976	1.18507856210415	-0.721	-0.2137	-0.9672
783.0	26.346717	7.647876	-12.856986000000001	-0.6998770300497261	-0.5567600313861911	0.4799655442984406	-0.6986	-0.1869	-0.9824
784.0	26.101467	8.028504	-15.135849	0.05585053606381855	-1.2234758056480248	-0.038397243543875255	-0.681	-0.1652	-0.9929
785.0	25.202871000000002	7.598826	-14.933763	1.9233528356977512	-2.4556782575560216	-1.4276793281313616	-0.6695	-0.1501	-0.9987
786.0	21.104253	6.592320000000001	-11.475738	2.0001473227855016	-2.8204520712228365	-2.0664698343612864	-0.6646	-0.1436	-0.9989
787.0	18.195588	4.452759	-8.177616	1.5289084247470326	-4.13992098573055	-1.589994948566834	-0.6664	-0.1428	-0.9933
788.0	16.271847	4.489056000000001	-8.087364	2.558652683423687	-4.864232625308197	-2.251474735072685	-0.6757	-0.148	-0.9815
789.0	15.108381000000001	4.548897	-7.1328510000000005	1.7924531417981764	-6.040584541152375	-2.179916235740918	-0.692	-0.158	-0.9629
790.0	14.510952000000001	3.537486	-4.288932	1.715658654710426	-5.761331860833282	-1.1205013797803596	-0.7151	-0.1716	-0.938
791.0	13.26312	2.482911	-1.602954	1.7034413499464656	-4.907865856608055	-0.2530727415391778	-0.7428	-0.1887	-0.9093
792.0	13.027680000000002	1.703997	1.26549	1.9093902016817965	-4.944517770899936	0.22514747350726852	-0.7739	-0.2071	-0.8776
793.0	13.957668000000002	1.5156450000000001	4.736268	1.6999506914424771	-3.1695179216217024	-1.096066770252439	-0.8057	-0.2293	-0.8451
794.0	13.289607	-0.046107	5.840874	0.7330382858376184	1.2060225131280815	-1.9826940302655582	-0.836	-0.2544	-0.8151
795.0	12.305664	0.013734000000000001	6.491277	0.8080874436733745	1.0716321607245183	-1.551597705022959	-0.8632	-0.2799	-0.7887
796.0	14.427567	0.589581	3.922038	0.5532693728822025	0.7661995416255106	-1.1187560505283651	-0.8872	-0.3027	-0.7652
797.0	15.317334	2.4211080000000003	1.996335	0.3752457891787809	0.598647933434055	-0.6998770300497261	-0.9065	-0.3243	-0.7467
798.0	15.275151	2.025765	3.8465010000000004	0.21467549799530256	0.38048177693476387	-0.32986722862692824	-0.9206	-0.343	-0.7328
799.0	14.669874000000002	1.229193	5.2257869999999995	0.12740903539558607	0.26354471705114374	-0.15184364492350666	-0.9299	-0.3585	-0.7252
800.0	13.520142000000002	1.205649	5.0531310000000005	0.12740903539558607	0.26354471705114374	-0.15184364492350666	-0.9341	-0.3718	-0.7233
801.0	13.052205	1.0231830000000002	5.323887	0.059341194567807204	0.15358897417550102	-0.012217304763960306	-0.9343	-0.3832	-0.7247
802.0	11.573838	0.5160060000000001	5.397462000000001	0.0471238898038469	0.09599310885968812	0.06283185307179587	-0.9308	-0.3934	-0.7271
802.9999999999999	9.164502	-0.5935050000000001	4.713705	0.015707963267948967	0.0890117918517108	0.08203047484373349	-0.9259	-0.4014	-0.7297
803.9999999999999	8.351253	-0.182466	6.103782	0.013962634015954637	0.08726646259971647	0.06632251157578452	-0.9225	-0.4066	-0.7289
805.0000000000001	8.292393	-0.6190110000000001	5.7447360000000005	0.019198621771937627	0.07853981633974483	0.05235987755982989	-0.9195	-0.41	-0.7249
806.0	8.236476	-0.9093870000000001	5.74866	0.03490658503988659	0.0645771823237902	0.04363323129985824	-0.9176	-0.4125	-0.7214
807.0	8.134452000000001	-1.135017	5.76828	0.022689280275926284	0.054105206811824215	0.054105206811824215	-0.9164	-0.4137	-0.7187
808.0	8.102079	-1.320426	5.736888	0.026179938779914945	0.019198621771937627	0.08726646259971647	-0.9161	-0.4145	-0.7175
809.0	8.068725	-1.3832099999999998	5.7143250000000005	0.013962634015954637	0.006981317007977318	0.1117010721276371	-0.916	-0.4144	-0.7173
810.0	8.041257	-1.478367	5.686857	0.026179938779914945	0.0	0.0942477796076938	-0.9158	-0.4145	-0.7183
811.0	8.028504	-1.601973	5.653503000000001	0.031415926535897934	0.010471975511965976	0.061086523819801536	-0.9162	-0.4142	-0.7197
811.9999999999999	8.012808	-1.6677000000000002	5.631921000000001	0.04363323129985824	0.013962634015954637	0.03316125578789226	-0.9162	-0.4137	-0.723
813.0000000000001	8.015751000000002	-1.6804530000000002	5.593662000000001	0.054105206811824215	0.03490658503988659	0.020943951023931952	-0.917	-0.4134	-0.7272
814.0	7.983378	-1.668681	5.598567	0.008726646259971648	0.05759586531581287	-0.024434609527920613	-0.9176	-0.4137	-0.7327
815.0	7.9667010000000005	-1.686339	5.595624000000001	-0.019198621771937627	0.05585053606381855	-0.0645771823237902	-0.9189	-0.4138	-0.739
816.0	7.962777	-1.733427	5.58189	0.09599310885968812	0.0890117918517108	-0.1117010721276371	-0.9193	-0.4137	-0.7436
817.0	7.952967	-1.7765910000000003	5.576004	0.05759586531581287	0.0890117918517108	-0.16929693744344995	-0.9199	-0.414	-0.744
818.0	7.9411950000000004	-1.7746290000000002	5.578947	0.1291543646475804	0.10471975511965978	-0.14835298641951802	-0.9204	-0.4144	-0.7444
819.0	7.932366	-1.754028	5.609358	0.10122909661567112	0.10471975511965978	-0.14486232791552936	-0.921	-0.4149	-0.7461
819.9999999999999	7.921575000000001	-1.721655	5.629959	0.07679448708775051	0.07679448708775051	-0.17278759594743864	-0.921	-0.4145	-0.7463
821.0000000000001	7.909803	-1.6441560000000002	5.657427	0.06632251157578452	0.05759586531581287	-0.16231562043547265	-0.9203	-0.4146	-0.7461
822.0000000000001	7.895088	-1.5715620000000001	5.692743000000001	0.031415926535897934	0.0471238898038469	-0.15358897417550102	-0.9203	-0.4157	-0.7465
823.0	7.870563000000001	-1.4803290000000002	5.76828	-0.012217304763960306	0.015707963267948967	-0.12042771838760874	-0.919	-0.4169	-0.7458
824.0	7.8676200000000005	-1.3979249999999999	5.773185000000001	0.003490658503988659	-0.04363323129985824	-0.09250245035569947	-0.9177	-0.4182	-0.7455
825.0	7.866639	-1.396944	5.782014	-0.010471975511965976	-0.09599310885968812	-0.16929693744344995	-0.9163	-0.4196	-0.7451
826.0	7.876449	-1.498968	5.7751470000000005	0.024434609527920613	-0.07853981633974483	-0.24085543677521748	-0.9157	-0.421	-0.7452
827.0	7.912746	-1.6598519999999999	5.765337000000001	0.2897246558310587	-0.06981317007977318	-0.40840704496667307	-0.9148	-0.4227	-0.7485
827.9999999999999	7.952967	-1.8383940000000003	5.7879	0.2879793265790644	-0.022689280275926284	-0.5916666164260777	-0.914	-0.4248	-0.75
828.9999999999999	7.997112	-1.9747530000000002	5.830083000000001	0.4241150082346221	-0.09250245035569947	-0.778416846389471	-0.9129	-0.4281	-0.7488
830.0000000000001	7.9490430000000005	-1.950228	6.0802380000000005	0.4572762640225143	-0.3141592653589793	-0.8395033702092726	-0.9125	-0.4328	-0.7467
831.0	7.891164000000001	-1.9453230000000001	6.305868	0.4537856055185257	-0.7120943348136864	-0.8709192967451704	-0.9123	-0.4384	-0.7442
832.0	7.844076	-1.9060830000000002	6.5226690000000005	0.4485496177625427	-0.8691739674931761	-0.8639379797371931	-0.9121	-0.444	-0.7427
833.0	7.763634000000001	-1.79523	6.795387	0.3508111796508603	-1.3508848410436112	-0.8255407361933178	-0.9128	-0.4507	-0.7401
834.0	7.667496	-1.6529850000000001	7.077915000000001	0.2844886680750757	-1.8622663118779497	-0.7487462491055673	-0.9142	-0.4579	-0.7374
835.0	7.566453	-1.443051	7.400664	0.2181661564992912	-2.38237442897226	-0.6789330790257941	-0.9165	-0.466	-0.7333
836.0	7.409493	-1.101663	7.744014	0.04363323129985824	-2.9530970943744053	-0.6544984694978736	-0.9213	-0.4746	-0.7226
836.9999999999999	7.21035	-0.746541	8.082459	-0.06806784082777885	-3.574434308084387	-0.6213372137099813	-0.9281	-0.4833	-0.7089
838.0000000000001	6.94548	-0.413982	8.401284	-0.22689280275926285	-4.324925886441949	-0.6161012259539983	-0.9369	-0.4923	-0.6906
839.0	6.624693000000001	-0.124587	8.699508000000002	-0.3141592653589793	-4.735078260660616	-0.619591884457987	-0.9476	-0.5004	-0.667
840.0	6.313715999999999	-0.135378	8.778969	-0.6876597252857658	-5.569345643113906	-0.7417649320975901	-0.961	-0.5087	-0.6395
841.0	6.04296	-0.244269	8.843715	-0.6963863715457375	-6.541494036474747	-1.0786134777324956	-0.9766	-0.5164	-0.6059
842.0	5.654484000000001	-0.32176800000000005	8.977131	-0.09948376736367678	-7.778932476138727	-1.3735741213195374	-0.9947	-0.5248	-0.5629
843.0	5.67999	-0.544455	9.010485000000001	0.635299847725936	-8.939576428714958	-1.583013631558857	-1.0134	-0.5333	-0.5123
844.0	6.6649140000000004	-0.69651	8.733843	0.3909537524467298	-9.64643477577266	-1.5550883635269475	-1.0321	-0.5426	-0.4516
844.9999999999999	8.733843	-0.6199920000000001	8.209008	0.23212879051524585	-9.915215480579787	-1.2095131716320704	-1.0494	-0.5524	-0.3821
846.0000000000001	10.862613	-0.51993	8.06382	0.0715584993317675	-10.11069235680315	-1.2374384396639797	-1.0626	-0.5631	-0.3088
847.0000000000001	13.068882	-1.227231	8.042238	0.9302604913129776	-10.091493735031214	-1.8552849948699723	-1.0718	-0.5744	-0.2277
848.0	15.396795	-1.998297	7.738128	1.8465583486100006	-9.510299094117102	-2.815216083466854	-1.0749	-0.5872	-0.1413
849.0	17.975844000000002	-2.692845	7.470315	1.75754655675829	-8.407251006856685	-2.7017696820872223	-1.0721	-0.6015	-0.0514
850.0	20.705967	-3.2883120000000003	8.011827	0.9686577348568529	-6.0842177724522335	-1.6493361431346414	-1.0629	-0.6158	0.0392
851.0	22.583600999999998	-3.826881	9.349911	0.3909537524467298	-1.9949113350295187	-0.8918632477691024	-1.05	-0.6303	0.1259
852.0	23.297769	-4.427253	10.962674999999999	0.36302848441482055	-0.3508111796508603	-0.8377580409572782	-1.0342	-0.6434	0.2049
852.9999999999999	24.017823000000003	-4.977594	12.748095000000001	0.017453292519943295	1.6371188383706812	-0.7330382858376184	-1.0179	-0.6551	0.2721
853.9999999999999	23.192802	-5.459265	14.488389000000002	-0.6492624817418906	2.738421596379103	-0.7958701389094143	-1.002	-0.6659	0.3272
855.0000000000001	20.969856	-5.97429	16.040331000000002	-1.3002702927357754	3.394665395128971	-0.7696902001294994	-0.9872	-0.6764	0.368
856.0	18.598779	-6.493239000000001	16.866333	-1.9617500792416265	4.075343803406759	-0.5340707511102649	-0.9753	-0.6868	0.3936
857.0	16.190424	-6.236217000000001	17.319555	-2.4015730507441972	4.806636759992383	-0.24609142453120045	-0.9673	-0.6964	0.4031
858.0	13.805613000000001	-5.9684040000000005	17.868915	-2.443460952792061	5.099852074327431	0.09075712110370514	-0.9644	-0.7047	0.3966
859.0	11.236374	-5.821254000000001	18.071982000000002	-2.291617307868555	5.557128338349945	0.26703537555513246	-0.9672	-0.7115	0.3752
860.0	8.626914	-5.590719	17.377434	-1.9669860669976094	5.806710421385135	0.6370451769779303	-0.9748	-0.7177	0.3408
861.0	6.919974000000001	-5.269932000000001	15.870618	-1.5934856070708228	5.94633676154468	0.9878563566287906	-0.9855	-0.7222	0.2978
861.9999999999999	6.581529000000001	-4.894209	13.970421	-1.1309733552923256	5.976007358828584	1.3281955607676847	-0.998	-0.7257	0.2493
863.0000000000001	5.949765000000001	-4.446873	11.927979	-0.8063421144213803	5.949827420048669	1.673770752662562	-1.0107	-0.7277	0.1978
864.0	6.059637	-4.088808	10.210248	-0.6579891280018623	5.885250237724879	1.9844393595175527	-1.0236	-0.7273	0.1446
865.0	6.652161	-3.8769120000000004	8.920233	-0.6422811647339133	5.899212871740834	2.1240656996770992	-1.0366	-0.7245	0.0909
866.0	7.514460000000001	-3.679731	8.007903	-0.6510078109938848	5.9899699928445385	2.3806290997202657	-1.0495	-0.7183	0.0356
867.0	8.491536	-3.3854310000000005	7.382025	-0.6789330790257941	6.140068308516051	2.6179938779914944	-1.0616	-0.7094	-0.0215
868.0	9.470574000000001	-2.953791	6.911145	-0.6998770300497261	6.295402611943547	2.829178717482808	-1.0722	-0.6966	-0.0817
869.0	10.47708	-2.4554430000000003	6.724755	-0.7958701389094143	6.415830330331156	2.970550386894349	-1.0807	-0.6806	-0.1445
869.9999999999999	11.496339	-2.00124	6.682572	-0.8936085770210968	6.415830330331156	3.0211649352021843	-1.087	-0.6612	-0.2097
871.0000000000001	12.50775	-1.5941250000000002	6.730641000000001	-0.8848819307611251	6.391395720803235	2.949606435870417	-1.0892	-0.6387	-0.2766
872.0000000000001	13.460301000000001	-1.205649	6.799311000000001	-0.8691739674931761	6.227334771115768	2.8989918875625813	-1.0876	-0.6132	-0.3456
873.0	14.359878	-0.807363	6.844437	-1.0088003076527223	5.963790054064624	2.7419122548830916	-1.0823	-0.5857	-0.4155
874.0	15.320277	-0.340407	6.850323	-1.4486232791552935	5.461135229490257	2.5953045977155678	-1.0719	-0.5557	-0.4869
875.0	16.519059	0.198162	6.7718430000000005	-2.0053833105414847	4.944517770899936	2.5150194521238287	-1.0575	-0.5235	-0.5585
876.0	17.881668	0.8103060000000001	6.465771	-2.528982086139784	4.735078260660616	2.490584842595908	-1.0382	-0.4889	-0.6287
877.0	19.19817	1.4253930000000001	5.822235000000001	-2.8797932657906435	4.576253298729132	2.4347343065320897	-1.0149	-0.452	-0.6957
877.9999999999999	20.436192000000002	1.9090260000000001	4.807881	-2.935643801854462	4.436626958569586	2.368411794956305	-0.988	-0.4134	-0.7561
878.9999999999999	21.636936000000002	2.183706	3.3226470000000004	-2.5028021473598687	4.017747938090946	2.0734511513692633	-0.9581	-0.3741	-0.8102
880.0000000000001	22.703283	2.454462	1.3390650000000002	-1.4835298641951802	3.574434308084387	1.663298777150596	-0.926	-0.335	-0.8566
881.0	23.603841	2.91357	-1.0172970000000001	-0.44331363000655966	3.0089476304382243	1.4032447186034411	-0.8936	-0.2983	-0.8959
882.0	24.393546000000004	3.591441	-3.591441	0.015707963267948967	2.4539329283040274	1.3823007675795091	-0.8616	-0.2644	-0.9296
883.0	24.990975	4.388994	-6.34707	-0.0471238898038469	1.7383479349863522	1.4346606451393389	-0.8311	-0.2325	-0.9599
884.0	25.220529000000003	5.134554	-9.217476	-0.23212879051524585	0.8115781021773633	1.3334315485236679	-0.8025	-0.2038	-0.9871
885.0	25.046892	5.769261	-11.952504	-0.2059488517353309	0.34732052114687156	1.2304571226560024	-0.7769	-0.1776	-1.0118
886.0	24.57405	6.220521000000001	-14.293170000000002	0.09599310885968812	-0.40317105721069013	0.9162978572970231	-0.7552	-0.1551	-1.034
886.9999999999999	24.037443	6.296058	-15.377175	0.7417649320975901	-1.075122819228507	0.3769911184307752	-0.7381	-0.137	-1.0527
888.0000000000001	22.198068	6.838551000000001	-16.572033	2.614503219487506	-2.841396022246769	-1.5341444125030157	-0.7275	-0.1266	-1.0678
889.0	19.056906	6.661971	-13.723209	1.4503686084072878	-5.045746867515607	-1.7243853009703975	-0.7253	-0.1229	-1.0783
890.0	17.201835000000003	5.010948000000001	-10.030725	1.7941984710501708	-5.354670145118603	-2.2776546738526	-0.7322	-0.1246	-1.083
891.0	15.919668000000001	5.257179000000001	-9.365607	2.0629791758572975	-4.977679026687827	-2.638937829015426	-0.7473	-0.1317	-1.0822
892.0	14.985756000000002	5.185566	-7.977492000000001	1.5638150097869192	-5.731661263549378	-2.260201381332657	-0.7698	-0.1435	-1.0768
893.0	14.693418000000001	4.260483000000001	-4.998195	1.4067353771074296	-4.846779332788253	-1.488765851951163	-0.7986	-0.1597	-1.0665
894.0	13.853682	3.51198	-2.400507	1.2514010736799344	-4.176572900022431	-0.7330382858376184	-0.833	-0.179	-1.0466
894.9999999999999	12.814803000000001	3.02148	-0.113796	0.9896016858807849	-4.297000618410039	0.29496064358704166	-0.872	-0.2007	-1.0173
896.0000000000001	13.730076	2.7340470000000003	3.48255	0.8848819307611251	-1.8989182261698305	-0.4537856055185257	-0.9133	-0.2233	-0.9868
897.0000000000001	13.805613000000001	2.382849	4.333077	0.21991148575128552	0.8534660042252271	-1.0873401239924672	-0.9533	-0.2471	-0.9541
898.0	14.574717000000001	1.084986	5.781033000000001	0.3455751918948773	0.905825881785057	-0.8499753457212386	-0.99	-0.2694	-0.9229
899.0	15.636159000000001	0.908406	4.465512	0.3141592653589793	0.8744099552491591	-0.7417649320975901	-1.0212	-0.2898	-0.8955
900.0	15.719544	2.345571	2.591802	0.29670597283903605	0.5934119456780721	-0.4834562028024293	-1.0459	-0.3084	-0.8731
901.0	15.296733	1.69713	4.135896	0.18151424220741028	0.4310963252425994	-0.21118483949131386	-1.0644	-0.3239	-0.8553
902.0	14.622786	1.068309	5.185566	0.08028514559173916	0.29670597283903605	0.0	-1.0772	-0.3359	-0.8405
902.9999999999999	13.473054	0.959418	4.858893	0.026179938779914945	0.18151424220741028	0.03665191429188092	-1.0857	-0.3448	-0.8282
903.9999999999999	12.997269000000001	0.544455	5.071770000000001	0.031415926535897934	0.13788101090755203	0.020943951023931952	-1.0898	-0.3518	-0.8234
905.0000000000001	12.714741	-0.13439700000000002	5.518125	0.038397243543875255	0.11519173063162574	-0.04014257279586958	-1.0904	-0.358	-0.8258
906.0	10.474137	-1.0143540000000002	4.43412	0.04363323129985824	0.13788101090755203	-0.14486232791552936	-1.0872	-0.3635	-0.829
907.0	9.045801	-1.5460559999999999	5.142402000000001	0.08726646259971647	0.1832595714594046	-0.28623399732707	-1.0843	-0.3685	-0.8315
908.0	8.213913000000002	-1.456785	5.767299	0.12566370614359174	0.19198621771937624	-0.3665191429188092	-1.0816	-0.3723	-0.8337
909.0	8.379702	-1.516626	5.597586000000001	0.1361356816555577	0.2129301687433082	-0.36826447217080355	-1.0792	-0.3753	-0.8366
910.0	8.312994000000002	-1.645137	5.62113	0.15184364492350666	0.2059488517353309	-0.33335788713091696	-1.0774	-0.3781	-0.8376
911.0	8.266887	-1.7628570000000001	5.600529	0.13788101090755203	0.20943951023931956	-0.31066860685499065	-1.0757	-0.3813	-0.8397
911.9999999999999	8.206065	-1.8560520000000003	5.60151	0.143116998663535	0.17453292519943295	-0.2792526803190927	-1.074	-0.3841	-0.8396
913.0000000000001	8.144262000000001	-1.882539	5.585814	0.1308996938995747	0.20943951023931956	-0.26703537555513246	-1.0712	-0.3877	-0.8421
914.0	8.111889	-1.847223	5.579928	0.14835298641951802	0.23911010752322315	-0.2827433388230814	-1.0693	-0.3917	-0.845
915.0	8.084421	-1.783458	5.599548	0.16755160819145562	0.26703537555513246	-0.30543261909900765	-1.0664	-0.3956	-0.8461
916.0	8.055972	-1.653966	5.643693000000001	0.16580627893946132	0.3089232776029963	-0.3368485456349056	-1.0637	-0.3999	-0.846
917.0	8.026542000000001	-1.4822910000000002	5.681952000000001	0.18500490071139894	0.32986722862692824	-0.36826447217080355	-1.0605	-0.4044	-0.8481
918.0	7.998093000000001	-1.3655519999999999	5.711382	0.21991148575128552	0.3961897402027128	-0.38571776469074687	-1.0573	-0.4093	-0.8504
919.0	7.970625	-1.321407	5.71923	0.19896753472735357	0.40491638646268446	-0.38571776469074687	-1.0542	-0.4143	-0.8506
919.9999999999999	7.938252	-1.2851100000000002	5.7319830000000005	0.16580627893946132	0.41364303272265607	-0.3543018381548489	-1.0511	-0.4195	-0.8523
921.0000000000001	7.899012000000001	-1.2105540000000001	5.774166	0.16755160819145562	0.32114058236695664	-0.30019663134302466	-1.0487	-0.4238	-0.8524
922.0000000000001	7.863696	-1.161504	5.812425	0.16929693744344995	0.2792526803190927	-0.2617993877991494	-1.0462	-0.4278	-0.855
923.0	7.847019000000001	-1.126188	5.82714	0.15707963267948966	0.26703537555513246	-0.29670597283903605	-1.0437	-0.4309	-0.8555
924.0	7.827399000000001	-1.126188	5.852646000000001	0.14835298641951802	0.2792526803190927	-0.30717794835100204	-1.0405	-0.4343	-0.8558
925.0	7.782273000000001	-1.0516320000000001	5.926221	0.13788101090755203	0.1954768762233649	-0.30543261909900765	-1.0368	-0.4383	-0.858
926.0	7.735185	-0.935874	5.989986000000001	0.10471975511965978	0.12217304763960307	-0.26703537555513246	-1.0338	-0.4428	-0.86
927.0	7.702812000000001	-0.869166	6.050808000000001	0.09250245035569947	0.03316125578789226	-0.26005405854715513	-1.0309	-0.4468	-0.8616
927.9999999999999	7.666515	-0.834831	6.113592	0.06981317007977318	-0.05061454830783556	-0.24958208303518914	-1.0281	-0.4503	-0.8627
928.9999999999999	7.641990000000001	-0.796572	6.180300000000001	0.0645771823237902	-0.13264502315156904	-0.27052603405912107	-1.0257	-0.454	-0.8634
930.0000000000001	7.667496	-0.875052	6.216597000000001	0.10471975511965978	-0.15358897417550102	-0.30717794835100204	-1.0238	-0.4571	-0.8636
931.0	7.727337	-1.0408410000000001	6.203844	0.14835298641951802	-0.15358897417550102	-0.42062434973063345	-1.0214	-0.461	-0.8644
932.0	7.770501	-1.112454	6.196977	0.15358897417550102	-0.15009831567151233	-0.49567350756638956	-1.0196	-0.4659	-0.8645
933.0	7.759710000000001	-1.0516320000000001	6.273495	0.04363323129985824	-0.23911010752322315	-0.5323254218582705	-1.0189	-0.4714	-0.8636
934.0	7.688097	-1.0378980000000002	6.580548	0.19896753472735357	-0.5445427266222308	-0.5742133239061344	-1.0185	-0.4768	-0.862
935.0	7.635123	-1.033974	6.740451000000001	0.21118483949131386	-0.9005898940290741	-0.5934119456780721	-1.0191	-0.4818	-0.8594
936.0	7.564491	-0.9711900000000001	6.985701	0.21118483949131386	-1.345648853287628	-0.5305800926062761	-1.0206	-0.487	-0.8554
936.9999999999999	7.470315	-0.8191350000000001	7.260381	0.2007128639793479	-1.5742869852988852	-0.5009094953223726	-1.0233	-0.4924	-0.8499
938.0000000000001	7.379082	-0.71613	7.533099000000001	0.19896753472735357	-2.0472712125893486	-0.4799655442984406	-1.0271	-0.4987	-0.8428
939.0	7.248609	-0.5974290000000001	7.797969000000001	0.2583087292951608	-2.5778513051956247	-0.4921828490624009	-1.0326	-0.505	-0.8321
940.0	7.065162	-0.413001	8.07363	0.3159045946109737	-3.153809958353753	-0.5078908123303499	-1.0399	-0.5117	-0.8171
941.0	6.799311000000001	-0.1962	8.391474	0.2530727415391778	-3.7995817815916553	-0.5288347633542818	-1.0497	-0.5182	-0.7969
942.0	6.489315	-0.024525	8.734824	0.11693705988362008	-4.637339822548934	-0.5480333851262195	-1.062	-0.5247	-0.7711
943.0	6.100839000000001	-0.025506	9.058554	0.026179938779914945	-5.129522671611334	-0.5742133239061344	-1.0769	-0.5316	-0.7391
944.0	5.766318	0.075537	9.070326	-0.3089232776029963	-6.185446869067904	-0.6126105674500097	-1.0946	-0.5383	-0.7018
944.9999999999999	5.3631269999999995	0.044145	9.235134	-0.2303834612632515	-7.2640603468004	-0.7609635538695277	-1.1152	-0.5454	-0.6587
946.0000000000001	5.346450000000001	-0.0981	9.164502	0.5602506898901798	-8.386307055832754	-0.8290313946973066	-1.1378	-0.5528	-0.6086
947.0000000000001	6.305868	0.112815	8.801532	0.6562437987498679	-9.417796643761402	-0.783652834145454	-1.1618	-0.5609	-0.55
948.0	8.334576	0.524835	8.460144000000001	0.0471238898038469	-10.201449477906856	-0.22863813201125716	-1.1863	-0.5686	-0.4829
949.0	10.630116	-0.158922	8.226666	0.18151424220741028	-10.121164332315116	-0.5218534463463045	-1.2093	-0.576	-0.4071
950.0	12.925656000000002	-1.2095730000000002	7.972587	0.7155849933176751	-9.946631407115683	-1.0227629416686772	-1.229	-0.5837	-0.3243
951.0	15.226101000000002	-1.954152	7.545852	1.8971728969178363	-9.241518389309975	-2.234021442552742	-1.2426	-0.5933	-0.2345
952.0	17.721765	-2.474082	7.677306	2.139773662945048	-8.21526478913731	-2.689552377323262	-1.2504	-0.6038	-0.1403
952.9999999999999	19.964331	-3.006765	8.642610000000001	1.4625859131712482	-6.68810169364227	-1.6877333866785167	-1.251	-0.6152	-0.0446
953.9999999999999	21.311244000000002	-3.620871	10.342683000000001	0.6736970912698113	-3.590142271352336	-0.8080874436733745	-1.2459	-0.6268	0.0503
955.0000000000001	21.892977000000002	-4.058397	11.773962	0.1291543646475804	-0.2426007660272118	-0.7452555906015788	-1.2363	-0.6376	0.1417
956.0	22.27851	-4.449816	13.380840000000001	-0.12566370614359174	0.6928957130417489	-0.7243116395776468	-1.2234	-0.648	0.2248
957.0	21.349503	-5.095314	14.801328	-0.8918632477691024	2.008873969045473	-0.8360127117052838	-1.2092	-0.658	0.2954
958.0	19.099089000000003	-5.85657	15.842169	-1.551597705022959	2.7785641691749725	-1.0629055144645467	-1.1939	-0.6689	0.3528
959.0	16.545546	-5.555403	16.503363	-2.1659536017249628	3.405137370640937	-1.0681415022205298	-1.179	-0.6814	0.3928
960.0	14.074407	-4.926582	17.042913000000002	-2.5795966344476193	3.998549316319009	-0.937241808320955	-1.1661	-0.6947	0.4133
961.0	11.767095000000001	-4.696047	17.583444	-2.731440279371126	4.614650542273007	-0.6667157742618339	-1.1576	-0.707	0.4135
961.9999999999999	9.354816000000001	-4.751964	17.43237	-2.4591689160600105	5.08763476956347	-0.32812189937493397	-1.1528	-0.7185	0.3943
963.0000000000001	7.309431	-4.698009	16.331688	-2.2148228207808045	5.2831116457868355	-0.1361356816555577	-1.1523	-0.729	0.3576
964.0	6.165585	-4.528296	14.531553	-1.7296212887263804	5.501277802286126	0.2565634000431664	-1.1545	-0.7381	0.3077
965.0	5.885019	-4.3615260000000005	12.879549	-1.3124875974997359	5.553637679845957	0.6789330790257941	-1.1575	-0.7465	0.2474
966.0	5.5132200000000005	-4.087827000000001	11.175552	-1.1536626355682518	5.487315168270172	1.1344640137963142	-1.1601	-0.7532	0.1804
967.0	5.614263	-3.8867220000000002	9.899271000000002	-1.2217304763960306	5.457644570986268	1.5795229730548683	-1.1609	-0.7573	0.1089
968.0	6.110649	-3.6875790000000004	8.965359000000001	-1.3526301702956054	5.468116546498234	1.965240737745615	-1.1592	-0.7583	0.0345
969.0	6.842475	-3.427614	8.331633000000002	-1.4206980111233845	5.5030231315381215	2.2968532956245378	-1.1561	-0.7552	-0.0398
969.9999999999999	7.679268000000001	-3.062682	7.878411000000001	-1.5132004614790837	5.586798935633849	2.441715623540067	-1.1515	-0.7476	-0.1102
971.0000000000001	8.533719	-2.551581	7.589016	-1.6266468628587152	5.715953300281429	2.7017696820872223	-1.145	-0.7363	-0.1804
972.0000000000001	9.448992	-1.9453230000000001	7.401645	-1.6877333866785167	5.820673055401089	2.8518679977587347	-1.1357	-0.721	-0.2515
973.0	10.454517000000001	-1.308654	7.282944	-1.7819811662862104	5.9061941887488105	2.8937558998065986	-1.1239	-0.7017	-0.3192
974.0	11.502225000000001	-0.759294	7.170129	-1.7994344588061537	5.9149208350087825	2.839650692994774	-1.1101	-0.6793	-0.3819
975.0	12.495978000000001	-0.36002700000000004	7.093611	-1.7278759594743862	5.7211892880374124	2.7646015351590183	-1.0942	-0.6535	-0.4439
976.0	13.418118	-0.05886	7.090668	-1.673770752662562	5.485569839018178	2.736676267127109	-1.0761	-0.6248	-0.5023
977.0	14.439339	0.23445900000000003	7.135794000000001	-1.6301375213627038	4.967207051175862	2.7680921936630067	-1.0564	-0.5943	-0.559
977.9999999999999	15.694038000000003	0.611163	7.160319	-1.6126842288427605	4.639085151800928	2.897246558310587	-1.0364	-0.5615	-0.6138
978.9999999999999	17.019369	1.125207	7.034751	-1.7505652397503124	4.577998627981127	3.13635666583381	-1.0138	-0.5268	-0.6672
980.0000000000001	18.221094	1.793268	6.659028	-1.9250981649497454	4.379031093253773	3.3196162372932148	-0.9895	-0.4902	-0.7209
981.0	19.425762	2.431899	5.961537000000001	-1.9216075064457567	4.066617157146788	3.1869712141416455	-0.9635	-0.4514	-0.7696
982.0	20.681442	2.8321470000000004	4.853988	-1.7400932642383466	3.9706240482870996	2.682571060315284	-0.9371	-0.4113	-0.8119
983.0	21.845889000000003	3.033252	3.316761	-0.9320058205649719	3.8589229761594623	2.3736477827122884	-0.9094	-0.3713	-0.8516
984.0	22.779801	3.268692	1.355742	0.059341194567807204	3.6425021489121656	1.8709929581379212	-0.8808	-0.3328	-0.8875
985.0	23.567544	3.6238140000000003	-0.926064	0.8499753457212386	3.181735226385663	1.6004669240788003	-0.8511	-0.2976	-0.9209
986.0	24.149277	4.123143000000001	-3.544353	1.137954672300303	2.4329889772800954	1.488765851951163	-0.821	-0.2664	-0.9519
986.9999999999999	24.36804	4.765698	-6.391215	0.9110618695410401	1.361356816555577	1.4835298641951802	-0.7912	-0.2386	-0.9823
988.0000000000001	24.18165	5.425911000000001	-9.321462	0.5183627878423158	0.38048177693476387	1.413716694115407	-0.7627	-0.2148	-1.01
989.0	23.766687	5.8310640000000005	-12.060414000000002	0.45029494701453704	-0.024434609527920613	1.3002702927357754	-0.7371	-0.195	-1.0328
990.0	23.321313	5.904639	-14.393232000000001	0.5585053606381855	-0.6859143960337715	0.9773843811168246	-0.7151	-0.1798	-1.0511
991.0	22.813155000000002	5.863437	-16.190424	0.757472895365539	-1.1554079648202462	0.6614797865058508	-0.6978	-0.1702	-1.0639
992.0	22.084272	5.697648	-16.420959	1.6004669240788003	-2.132792345937071	-0.21642082724729686	-0.6855	-0.1672	-1.0719
993.0	20.089899	5.3405640000000005	-15.022053000000001	1.6214108751027323	-2.522000769131806	-0.767944870877505	-0.6794	-0.1694	-1.0747
994.0	16.152165	4.5498780000000005	-10.546731	0.8150687606813519	-4.909611185860049	-0.38222710618675815	-0.681	-0.1749	-1.075
994.9999999999999	14.187222	3.3707160000000003	-8.15211	1.3945180723434694	-5.277875658030852	-1.4538592669112764	-0.6912	-0.1835	-1.0672
996.0000000000001	12.891321000000001	3.5159040000000004	-7.404588	1.2967796342317868	-5.5187310948060695	-1.583013631558857	-0.7098	-0.1947	-1.0551
997.0000000000001	12.746133	3.0597390000000004	-5.019777	1.1484266478122689	-5.099852074327431	-1.24965574442794	-0.7348	-0.2082	-1.035
998.0	12.361581000000001	2.130732	-1.9404180000000002	0.9913470151327791	-4.09977841293468	-1.038470904936626	-0.7643	-0.2235	-1.0101
999.0	11.300139	1.600011	0.542493	0.6841690667817772	-4.241150082346221	-0.6579891280018623	-0.7973	-0.2404	-0.9824
1000.0	10.216134000000002	1.449918	2.8664820000000004	0.24783675378319478	-4.338888520457903	0.03490658503988659	-0.8327	-0.2578	-0.9517
1001.0	9.782532	0.90252	5.369013000000001	0.27052603405912107	-1.8675022996339325	-0.7138396640656808	-0.8682	-0.275	-0.9211
1002.0	10.972485	1.0516320000000001	7.242723	-0.3141592653589793	0.7993607974134029	-0.9616764178488756	-0.9007	-0.2906	-0.8924
1002.9999999999999	12.060414000000002	0.283509	5.597586000000001	0.2879793265790644	0.6579891280018623	-0.8133234314293576	-0.9304	-0.3055	-0.8664
1003.9999999999999	14.355954	0.8338500000000001	3.2225850000000005	0.19896753472735357	0.5113814708343386	-0.5864306286700948	-0.9545	-0.3198	-0.8436
1005.0000000000001	14.785632000000001	1.750104	2.973411	0.12391837689159739	0.38571776469074687	-0.21642082724729686	-0.9736	-0.3321	-0.8248
1006.0	14.696361000000001	1.227231	4.76766	-0.06632251157578452	0.22689280275926285	0.16755160819145562	-0.9874	-0.3415	-0.8102
1007.0	13.637862000000002	0.883881	5.069808000000001	-0.10821041362364843	0.13962634015954636	0.33335788713091696	-0.9967	-0.3485	-0.7993
1008.0	12.855024	0.729864	4.769622	-0.11519173063162574	0.07853981633974483	0.41015237421866746	-1.0029	-0.353	-0.792
1009.0	12.715722000000001	0.29135700000000003	5.012910000000001	-0.09948376736367678	0.04363323129985824	0.45553093477052004	-1.0057	-0.3555	-0.7884
1010.0	12.577401	-0.349236	5.240502	-0.143116998663535	0.017453292519943295	0.6038839211900381	-1.0052	-0.3569	-0.7887
1011.0	11.739627000000002	-0.523854	5.036454	-0.19896753472735357	-0.026179938779914945	0.6771877497737998	-1.003	-0.357	-0.7911
1011.9999999999999	9.356778	-1.201725	4.251654	-0.22689280275926285	-0.013962634015954637	0.6126105674500097	-1.0014	-0.3557	-0.7928
1013.0000000000001	8.324766	-0.722016	5.8310640000000005	-0.17453292519943295	-0.020943951023931952	0.4380776422505767	-1.0007	-0.3527	-0.7936
1014.0	8.216856	-1.15758	5.511258	-0.12566370614359174	0.015707963267948967	0.22863813201125716	-1.0002	-0.3489	-0.7946
1015.0	8.177616	-1.6166880000000001	5.502429	-0.06283185307179587	0.026179938779914945	0.13962634015954636	-1.0002	-0.3445	-0.7941
1016.0	8.180559	-2.09934	5.395500000000001	0.012217304763960306	0.05759586531581287	-0.010471975511965976	-1.0006	-0.3404	-0.7925
1017.0	8.145243	-2.319084	5.367051000000001	0.09599310885968812	0.07330382858376185	-0.12042771838760874	-1.0007	-0.3371	-0.7894
1018.0	8.106984	-2.3740200000000002	5.3631269999999995	0.09250245035569947	0.08552113334772216	-0.16231562043547265	-1.0008	-0.3343	-0.7848
1019.0	8.099136	-2.4515190000000002	5.354298	0.11868238913561441	0.061086523819801536	-0.20420352248333654	-1.0009	-0.3327	-0.7795
1019.9999999999999	8.096193000000001	-2.558448	5.336640000000001	0.1291543646475804	0.07679448708775051	-0.20943951023931956	-1.0012	-0.3317	-0.7748
1021.0000000000001	8.082459	-2.621232	5.349393	0.1413716694115407	0.054105206811824215	-0.2059488517353309	-1.0012	-0.3315	-0.7712
1022.0000000000001	8.056953	-2.567277	5.413158	0.12566370614359174	0.048869219055841226	-0.19896753472735357	-1.0013	-0.3322	-0.7695
1023.0	8.047143	-2.4191460000000005	5.441607	0.1291543646475804	0.026179938779914945	-0.1954768762233649	-1.0009	-0.334	-0.7691
1024.0	8.03439	-2.233737	5.4651510000000005	0.12217304763960307	0.06632251157578452	-0.21118483949131386	-1.0009	-0.3359	-0.77
1025.0	8.027523	-2.0757960000000004	5.486733	0.13439035240356337	0.08377580409572781	-0.23387411976724015	-1.0008	-0.3385	-0.7722
1026.0	8.018694	-1.9423800000000002	5.5083150000000005	0.13439035240356337	0.1291543646475804	-0.22863813201125716	-1.0004	-0.3415	-0.775
1027.0	8.016732000000001	-1.901178	5.501448	0.13439035240356337	0.13962634015954636	-0.24085543677521748	-1.0007	-0.3442	-0.7792
1028.0	8.015751000000002	-1.885482	5.494581000000001	0.14486232791552936	0.17627825445142728	-0.26354471705114374	-1.0006	-0.3473	-0.7843
1029.0	8.010846	-1.8639000000000001	5.490657	0.19722220547535926	0.1954768762233649	-0.312413936106985	-1.0001	-0.3491	-0.7904
1030.0	8.000055	-1.830546	5.496543000000001	0.21467549799530256	0.2129301687433082	-0.3385938748868999	-0.9982	-0.3514	-0.7962
1031.0	7.989264	-1.783458	5.504391000000001	0.2059488517353309	0.1884955592153876	-0.32114058236695664	-0.9967	-0.3539	-0.8003
1032.0	7.982397000000001	-1.699092	5.517144	0.16929693744344995	0.15358897417550102	-0.2722713633111154	-0.9948	-0.3569	-0.8014
1033.0	7.964739	-1.583334	5.553441000000001	0.12042771838760874	0.11344640137963143	-0.20943951023931956	-0.9928	-0.3603	-0.8001
1034.0	7.959834000000001	-1.5028920000000001	5.582871000000001	0.05585053606381855	0.08028514559173916	-0.19024088846738194	-0.9911	-0.3638	-0.7956
1035.0	7.9490430000000005	-1.4950440000000003	5.613282000000001	0.07504915783575616	0.06632251157578452	-0.18675022996339324	-0.9892	-0.3673	-0.7913
1036.0	7.946100000000001	-1.477386	5.631921000000001	0.08377580409572781	0.04537856055185257	-0.18675022996339324	-0.9869	-0.3706	-0.7873
1037.0	7.948062000000001	-1.456785	5.647617	0.22689280275926285	0.020943951023931952	-0.2059488517353309	-0.9845	-0.3739	-0.7852
1038.0	7.945119	-1.445994	5.661351	0.12391837689159739	0.06283185307179587	-0.26529004630313807	-0.9826	-0.3774	-0.7849
1039.0	7.942176	-1.444032	5.675085	0.18151424220741028	0.048869219055841226	-0.32812189937493397	-0.9813	-0.3815	-0.7857
1040.0	7.9490430000000005	-1.469538	5.677047	0.2897246558310587	0.04537856055185257	-0.3735004599267865	-0.9806	-0.3863	-0.7871
1041.0	7.963758	-1.557828	5.667237	0.21467549799530256	0.029670597283903602	-0.4241150082346221	-0.9801	-0.391	-0.7891
1042.0	7.987302000000001	-1.6618140000000001	5.674104000000001	0.24783675378319478	0.0471238898038469	-0.5061454830783556	-0.98	-0.3954	-0.7924
1043.0	8.009865	-1.7128260000000002	5.708439	0.2722713633111154	-0.006981317007977318	-0.5759586531581288	-0.9795	-0.3996	-0.7975
1044.0	7.968663	-1.70694	5.8487219999999995	0.26005405854715513	-0.1064650843716541	-0.6038839211900381	-0.9791	-0.4047	-0.8033
1045.0	7.932366	-1.686339	6.040017000000001	0.2897246558310587	-0.3769911184307752	-0.5881759579220891	-0.9787	-0.4103	-0.808
1046.0	7.897050000000001	-1.666719	6.207768000000001	0.3193952531149623	-0.6370451769779303	-0.6126105674500097	-0.9788	-0.4161	-0.8104
1047.0	7.836228	-1.5489990000000002	6.4284930000000005	0.32637657012293964	-0.9808750396208132	-0.6126105674500097	-0.9792	-0.4227	-0.8107
1048.0	7.769520000000001	-1.395963	6.646275	0.3036872898470133	-1.1554079648202462	-0.5916666164260777	-0.9794	-0.4292	-0.8101
1049.0	7.710660000000001	-1.243908	6.860133	0.30194196059501904	-1.5393804002589988	-0.5672320068981571	-0.9803	-0.4358	-0.8073
1050.0	7.624332000000001	-1.045746	7.093611	0.2234021442552742	-1.9303341527057283	-0.5305800926062761	-0.9826	-0.4426	-0.8024
1051.0	7.511517	-0.8103060000000001	7.3614239999999995	0.21467549799530256	-2.4172810140121466	-0.44331363000655966	-0.9857	-0.4499	-0.7951
1052.0	7.384968000000001	-0.6916049999999999	7.581168000000001	-0.022689280275926284	-2.8937558998065986	-0.4328416544945937	-0.9906	-0.4568	-0.7839
1053.0	7.235856000000001	-0.6278400000000001	7.739109000000001	-0.10122909661567112	-3.4033920413889427	-0.4939281783143953	-0.9978	-0.4638	-0.769
1054.0	7.087725000000001	-0.501291	7.831323	-0.17627825445142728	-3.6948620264719954	-0.47123889803846897	-1.0072	-0.4702	-0.7516
1055.0	6.918993	-0.37376100000000007	7.825437	-0.39968039870670147	-4.335397861953915	-0.43458698374658805	-1.019	-0.4758	-0.7314
1056.0	6.7080779999999995	-0.356103	7.812684	-0.5009094953223726	-4.928809807631986	-0.5044001538263612	-1.0329	-0.4809	-0.7083
1057.0	6.584472000000001	-0.332559	7.802874	-0.3944444109507185	-5.649630788705645	-0.6161012259539983	-1.0487	-0.485	-0.6803
1058.0	6.4922580000000005	-0.30999600000000005	7.758729000000001	-0.2565634000431664	-6.435028952103093	-0.6614797865058508	-1.0669	-0.4899	-0.646
1059.0	6.615864	-0.347274	7.696926	0.0715584993317675	-7.230899091012508	-0.7190756518216638	-1.0859	-0.4948	-0.6068
1060.0	7.2956970000000005	-0.401229	7.3996830000000005	0.158824961931484	-7.887142889762375	-0.6824237375297829	-1.1058	-0.4997	-0.5573
1061.0	8.728938000000001	-0.394362	6.985701	0.2426007660272118	-8.126252997285599	-0.5619960191421741	-1.126	-0.5044	-0.5017
1062.0	10.487871	-0.458127	6.568776	0.5253441048502933	-7.764969842122772	-0.7452555906015788	-1.1448	-0.5092	-0.4396
1063.0	12.176172000000001	-0.8377740000000001	6.1489080000000005	1.2793263417118435	-7.2029738229805975	-1.3212142437597074	-1.1616	-0.5145	-0.3705
1064.0	13.967478	-1.389096	5.659389	1.9093902016817965	-6.572909963010646	-1.778490507782222	-1.1751	-0.521	-0.2996
1065.0	15.654798000000001	-1.80504	5.318982	1.9844393595175527	-5.68802803224952	-1.879719604397893	-1.1824	-0.5282	-0.219
1066.0	17.272467	-2.140542	5.617206	1.5812683023068625	-4.255112716362175	-1.4346606451393389	-1.1862	-0.5377	-0.136
1067.0	18.237771000000002	-2.5800300000000003	6.177357000000001	1.3247049022636963	-3.4121186876489142	-1.2636183784438948	-1.1857	-0.5482	-0.0553
1068.0	18.690012	-2.8164510000000003	7.067124000000001	0.4380776422505767	-1.0873401239924672	-1.1798425743481666	-1.182	-0.5581	0.0193
1069.0	18.556596	-2.8027170000000003	7.799931000000001	-0.16755160819145562	0.1954768762233649	-1.5219271077390555	-1.1761	-0.5693	0.0869
1070.0	18.075906	-2.99205	8.741691000000001	-0.778416846389471	1.4189526818713898	-1.5917402778188285	-1.1683	-0.5803	0.1412
1071.0	16.654437	-3.3304950000000004	9.553959	-1.0576695267085636	2.1956241990088667	-1.8465583486100006	-1.1585	-0.5929	0.1841
1072.0	14.703228	-3.5188470000000005	10.180818	-1.1222467090323538	2.665117767795341	-1.980948701013564	-1.1479	-0.6072	0.213
1073.0	12.720627	-3.417804	10.671318000000001	-1.075122819228507	2.963569069886372	-1.965240737745615	-1.1368	-0.622	0.2281
1074.0	10.650717000000002	-3.303027	11.108844000000001	-1.0122909661567112	3.1084313978019007	-1.9250981649497454	-1.1264	-0.6379	0.2342
1075.0	8.727957000000002	-3.378564	11.351151000000002	-0.8168140899333461	3.3492868345771183	-1.7400932642383466	-1.1191	-0.6536	0.2227
1076.0	6.92586	-3.536505	10.946978999999999	-0.4118977034706618	3.553490357060455	-1.392772743091475	-1.1125	-0.6684	0.2
1077.0	5.763375000000001	-3.758211	10.176894	0.158824961931484	3.7873644768276953	-0.9442231253289323	-1.1078	-0.683	0.1704
1078.0	5.171832	-4.26735	9.065421	0.7086036763096978	4.085815778918725	-0.42062434973063345	-1.1034	-0.6971	0.1373
1079.0	5.006043	-5.051169000000001	8.096193000000001	1.4049900478554354	4.3161992401819775	0.12042771838760874	-1.0992	-0.7095	0.1012
1080.0	4.729401	-5.7015720000000005	7.103421	1.7383479349863522	4.4156830075456535	0.6736970912698113	-1.095	-0.7198	0.0633
1081.0	4.779432000000001	-6.248970000000001	6.258780000000001	2.3125612588924866	4.5849799449891036	0.9197885158010117	-1.0915	-0.7273	0.0244
1082.0	5.145345	-6.732603	5.56227	2.722713633111154	4.763003528692525	1.3753194505715316	-1.0882	-0.7315	-0.0142
1083.0	5.733945	-7.173072	4.972689000000001	3.0333822399661448	4.900884539600078	1.7453292519943295	-1.0848	-0.733	-0.0526
1084.0	6.4971630000000005	-7.557624000000001	4.4174430000000005	3.2934362985132997	5.01084028247572	2.059488517353309	-1.082	-0.7301	-0.0903
1085.0	7.351614	-7.845057	3.8867220000000002	3.556981015564444	4.995132319207771	2.2794000031045942	-1.0791	-0.7254	-0.1275
1086.0	8.272773	-8.038314	3.3501150000000006	3.6896260387160127	4.852015320544236	2.4399702942880728	-1.077	-0.7182	-0.1632
1087.0	9.227286000000001	-8.123661	2.818413	3.7367499285198593	4.722860955896656	2.5028021473598687	-1.0745	-0.7098	-0.1979
1088.0	10.135691999999999	-8.153091	2.188611	3.7454765747798313	4.377285764001779	2.6738444140553126	-1.0727	-0.7007	-0.2319
1089.0	10.953846	-8.149167	1.523493	3.815289744859604	3.837979025135531	2.834414705238791	-1.0702	-0.6912	-0.2641
1090.0	11.765133	-8.275716000000001	0.911349	3.981096023799066	3.24107642095347	2.9461157773664284	-1.068	-0.682	-0.2945
1091.0	12.602907	-8.476821000000001	0.41202000000000005	4.251622057858187	2.717477645355171	3.0421088862261167	-1.0653	-0.6728	-0.321
1092.0	13.448529	-8.795646	0.000981	4.509930787153347	2.4766222085799536	3.2271137869375153	-1.0632	-0.6641	-0.343
1093.0	14.243139000000001	-9.268488	-0.36297	4.705407663376713	2.4155356847601523	3.485422516232676	-1.0613	-0.6554	-0.3605
1094.0	14.976927	-9.877689	-0.73575	5.223770451219028	2.3509585024363617	3.652974124424132	-1.0596	-0.6477	-0.3729
1095.0	15.663627000000002	-10.592838000000002	-1.190934	6.010913943868471	2.272418686096617	4.049163864626845	-1.06	-0.6397	-0.3799
1096.0	16.247322	-11.345265000000001	-1.8060210000000003	6.948155752189426	2.1834068942449063	4.480260189869444	-1.0612	-0.6311	-0.3833
1097.0	16.632855	-12.058452	-2.5643340000000006	7.941248096574199	1.8605209826259552	4.9218284906240095	-1.0638	-0.6213	-0.3831
1098.0	16.94187	-12.704931	-3.3618870000000003	8.78773278379145	1.3369222070276563	5.447172595474303	-1.0674	-0.6095	-0.3792
1099.0	17.243037	-13.213089	-4.213395	9.409069997501431	0.7173303225696694	5.885250237724879	-1.074	-0.5957	-0.3718
1100.0	17.441199	-13.441662	-5.144364	9.60978286148078	0.4223696789826277	6.068509809184284	-1.0828	-0.5781	-0.3601
1101.0	17.468667	-13.49856	-6.122421	9.779079798924228	-0.13788101090755203	6.281439977927592	-1.0936	-0.5578	-0.3448
1102.0	17.315631	-13.397517	-7.090668	9.740682555380353	-0.5654866776461628	6.302383928951524	-1.1055	-0.5329	-0.3278
1103.0	17.011521000000002	-13.038471	-7.974549	9.580112264196874	-0.8848819307611251	6.073745796940266	-1.1194	-0.504	-0.3085
1104.0	16.532793	-12.402783000000001	-8.693622	9.260717011081914	-1.1414453308042916	5.729915934297384	-1.1343	-0.4707	-0.2889
1105.0	15.896124000000002	-11.539503	-9.162540000000002	8.810422064067376	-1.361356816555577	5.277875658030852	-1.1482	-0.434	-0.2686
1106.0	15.162336000000002	-10.505529000000001	-9.271431000000002	8.492772140204409	-1.4521139376592822	4.871213942316174	-1.1621	-0.3943	-0.2473
1107.0	14.468769000000002	-9.496080000000001	-9.019314	7.794640439406676	-1.6336281798666923	4.6600291028248595	-1.1748	-0.3516	-0.224
1108.0	13.713399	-8.54451	-8.473878000000001	7.073819458333018	-1.736602605734358	4.173082241518442	-1.1861	-0.3073	-0.1982
1109.0	12.789297000000001	-7.639047	-7.771482000000001	6.450736915371042	-1.8343410438460404	3.5622170033204266	-1.1956	-0.2618	-0.1711
1110.0	11.775924	-6.844437	-6.95529	5.5030231315381215	-2.10835773640915	2.7820548276789614	-1.2025	-0.2175	-0.1429
1111.0	11.660166000000002	-5.71923	-6.117516000000001	4.813618077000361	-2.4294983187761066	1.7924531417981764	-1.208	-0.1745	-0.1163
1112.0	12.465567	-5.300343000000001	-5.274837	3.5255650890285457	-1.0262536001726656	2.590068609959585	-1.2115	-0.1352	-0.0918
1113.0	12.012345	-4.652883	-5.003100000000001	2.6406831582674206	-0.09250245035569947	2.8379053637427796	-1.213	-0.098	-0.0719
1114.0	12.66471	-4.068207	-5.049207000000001	1.6144295580947547	-0.22689280275926285	2.5254914276357945	-1.2129	-0.0629	-0.0564
1115.0	13.030623	-3.6915030000000004	-5.454360000000001	0.07679448708775051	0.2426007660272118	2.644173816771409	-1.2121	-0.03	-0.0448
1116.0	13.182678000000001	-4.056435	-5.105124	-1.1763519158441782	1.3439035240356338	2.033308578573394	-1.2098	0.0009	-0.0373
1117.0	13.137552	-4.652883	-4.301685	-0.6230825429619757	1.99142067652553	1.059414855960558	-1.2072	0.0288	-0.0341
1118.0	13.095369	-4.411557	-3.522771	-0.2303834612632515	2.1746802479849343	0.5201081170943103	-1.2047	0.0534	-0.0364
1119.0	13.19445	-4.091751	-2.624175	-0.19896753472735357	2.0682151636132806	0.4380776422505767	-1.2017	0.0747	-0.0435
1120.0	13.420080000000002	-3.895551	-1.7814960000000002	-0.16929693744344995	1.9774580425095754	0.39793506945470714	-1.1987	0.0934	-0.0577
1121.0	12.761829	-4.197699	-1.003563	-0.1117010721276371	1.848303677861995	0.2617993877991494	-1.1951	0.1099	-0.0749
1122.0	11.227545000000001	-3.8131470000000003	-0.16088400000000003	-0.16057029118347832	1.6720254234105676	0.1413716694115407	-1.1918	0.1255	-0.0928
1123.0	11.024478	-3.7356480000000003	1.1997630000000001	-0.15707963267948966	1.4032447186034411	0.06981317007977318	-1.1883	0.1377	-0.111
1124.0	9.845316	-3.7170090000000005	2.716389	-0.16580627893946132	1.19729586686811	0.048869219055841226	-1.1847	0.1469	-0.1288
1125.0	9.044820000000001	-3.571821	4.482189	-0.10995574287564276	1.1100294042683936	0.029670597283903602	-1.1813	0.1538	-0.1449
1126.0	8.578845000000001	-2.794869	5.343507	-0.10122909661567112	1.0978120995044334	0.041887902047863905	-1.179	0.1581	-0.1606
1127.0	8.238438	-1.6784910000000002	5.980176000000001	-0.20245819323134223	0.9145525280450286	0.054105206811824215	-1.1763	0.1607	-0.1755
1128.0	8.117775	-1.489158	6.167547000000001	-0.2722713633111154	0.6422811647339133	0.19722220547535926	-1.1737	0.1623	-0.1919
1129.0	8.067744000000001	-1.474443	6.234255	-0.21118483949131386	0.4869468613064179	0.18500490071139894	-1.1711	0.1639	-0.2047
1130.0	8.011827	-1.355742	6.270552	-0.17627825445142728	0.39269908169872414	0.18151424220741028	-1.1685	0.1657	-0.2138
1131.0	7.969644000000001	-1.195839	6.330393	-0.15358897417550102	0.32986722862692824	0.17976891295541594	-1.1665	0.1671	-0.2222
1132.0	7.9490430000000005	-1.1418840000000001	6.269571	-0.143116998663535	0.2932153143350474	0.16231562043547265	-1.1651	0.168	-0.2308
1133.0	7.952967	-1.126188	6.207768000000001	-0.1361356816555577	0.26878070480712674	0.1413716694115407	-1.1637	0.1694	-0.2379
1134.0	7.933347	-1.134036	6.206787	-0.12391837689159739	0.22863813201125716	0.12217304763960307	-1.163	0.1708	-0.2441
1135.0	7.914708	-1.19682	6.200901	-0.09075712110370514	0.2059488517353309	0.09075712110370514	-1.1624	0.1724	-0.249
1136.0	7.891164000000001	-1.260585	6.1793190000000005	-0.06632251157578452	0.2007128639793479	0.07504915783575616	-1.161	0.1739	-0.2552
1137.0	8.002998	-1.460709	5.80752	-0.0715584993317675	0.15533430342749532	0.038397243543875255	-1.1604	0.1752	-0.2595
1138.0	7.999074	-1.576467	5.77809	-0.048869219055841226	0.1466076571675237	0.010471975511965976	-1.1599	0.1767	-0.2615
1139.0	7.987302000000001	-1.6333650000000002	5.70942	-0.022689280275926284	0.15358897417550102	-0.012217304763960306	-1.1594	0.178	-0.2645
1140.0	7.9794540000000005	-1.6922249999999999	5.674104000000001	-0.029670597283903602	0.1466076571675237	-0.03490658503988659	-1.1588	0.1781	-0.2657
1141.0	7.970625	-1.7520660000000001	5.644674	0.0471238898038469	0.16406094968746698	-0.08203047484373349	-1.1588	0.1789	-0.2685
1142.0	7.962777	-1.75599	5.6456550000000005	0.026179938779914945	0.158824961931484	-0.12391837689159739	-1.1575	0.1791	-0.2693
1143.0	7.959834000000001	-1.722636	5.644674	0.038397243543875255	0.16755160819145562	-0.1117010721276371	-1.1571	0.1791	-0.2717
1144.0	7.9539480000000005	-1.701054	5.64075	0.0471238898038469	0.15707963267948966	-0.1291543646475804	-1.1566	0.1788	-0.2724
1145.0	7.9490430000000005	-1.65789	5.642712	0.031415926535897934	0.16580627893946132	-0.1361356816555577	-1.1561	0.1782	-0.2749
1146.0	7.940214	-1.617669	5.6809709999999995	0.0471238898038469	0.15533430342749532	-0.12391837689159739	-1.1557	0.1769	-0.2749
1147.0	7.939233000000001	-1.5784289999999999	5.672142000000001	0.06283185307179587	0.158824961931484	-0.1291543646475804	-1.1549	0.1762	-0.2757
1148.0	7.928442	-1.516626	5.6937240000000005	0.03316125578789226	0.1361356816555577	-0.12391837689159739	-1.1547	0.1748	-0.2751
1149.0	7.917651000000001	-1.4646329999999999	5.722173000000001	0.012217304763960306	0.12042771838760874	-0.10297442586766545	-1.1547	0.1732	-0.2748
1150.0	7.908822000000001	-1.4018490000000001	5.740812000000001	0.04014257279586958	0.08377580409572781	-0.0890117918517108	-1.155	0.1721	-0.2767
1151.0	7.900974000000001	-1.357704	5.764356	0.026179938779914945	0.09948376736367678	-0.0890117918517108	-1.1546	0.1704	-0.277
1152.0	7.890183	-1.295901	5.783976	0.013962634015954637	0.07504915783575616	-0.09075712110370514	-1.1552	0.1689	-0.2789
1153.0	7.883316000000001	-1.276281	5.8006530000000005	-0.03490658503988659	0.048869219055841226	-0.06981317007977318	-1.1556	0.1674	-0.2785
1154.0	7.874487	-1.2399840000000002	5.81733	-0.0	0.05585053606381855	-0.06632251157578452	-1.1553	0.1661	-0.2796
1155.0	7.858791000000001	-1.16739	5.850684000000001	-0.008726646259971648	0.024434609527920613	-0.019198621771937627	-1.1553	0.1649	-0.2803
1156.0	7.8499620000000006	-1.116378	5.844798	-0.143116998663535	-0.027925268031909273	0.038397243543875255	-1.1555	0.1638	-0.2804
1157.0	7.844076	-1.082043	5.889924000000001	-0.12042771838760874	-0.0471238898038469	0.06632251157578452	-1.1558	0.163	-0.2808
1158.0	7.8372090000000005	-1.05948	5.898753	-0.19024088846738194	-0.09773843811168245	0.10297442586766545	-1.1558	0.1627	-0.2815
1159.0	7.836228	-1.0428030000000001	5.900715000000001	-0.1780235837034216	-0.10471975511965978	0.12217304763960307	-1.1559	0.1625	-0.2816
1160.0	7.823475	-1.0172970000000001	5.897772	-0.23561944901923448	-0.13962634015954636	0.158824961931484	-1.1556	0.1621	-0.2808
1161.0	7.812684	-0.9810000000000001	5.909544	-0.21467549799530256	-0.17976891295541594	0.19896753472735357	-1.1558	0.1625	-0.2797
1162.0	7.818570000000001	-0.981981	5.903658	-0.26878070480712674	-0.2059488517353309	0.2234021442552742	-1.1559	0.1636	-0.2783
1163.0	7.825437	-0.987867	5.902677000000001	-0.24783675378319478	-0.2426007660272118	0.23736477827122882	-1.1555	0.1649	-0.2771
1164.0	7.828380000000001	-1.003563	5.900715000000001	-0.24783675378319478	-0.24434609527920614	0.26354471705114374	-1.1555	0.1665	-0.2751
1165.0	7.844076	-1.0192590000000001	5.893848	-0.25481807079117214	-0.26354471705114374	0.291469985083053	-1.1552	0.1685	-0.2728
1166.0	7.861734	-1.015335	5.906601	-0.291469985083053	-0.3141592653589793	0.3543018381548489	-1.155	0.171	-0.2703
1167.0	7.8803730000000005	-1.001601	5.870304000000001	-0.32114058236695664	-0.36826447217080355	0.4625122517784973	-1.1547	0.174	-0.2664
1168.0	7.906860000000001	-0.9957150000000001	5.859513000000001	-0.3141592653589793	-0.4258603374866164	0.5585053606381855	-1.1541	0.1768	-0.2606
1169.0	7.932366	-1.015335	5.842836	-0.3246312408709453	-0.4241150082346221	0.6667157742618339	-1.1535	0.1808	-0.2535
1170.0	7.962777	-1.106568	5.824197000000001	-0.27576202181510406	-0.4590215932745087	0.7260569688296411	-1.1531	0.1861	-0.2449
1171.0	7.989264	-1.224288	5.791824000000001	-0.19373154697137057	-0.48171087355043496	0.7539822368615504	-1.1521	0.191	-0.2344
1172.0	7.997112	-1.5470370000000002	5.747679	-0.07504915783575616	-0.4921828490624009	0.7539822368615504	-1.1512	0.1962	-0.2244
1173.0	8.007903	-1.6627950000000002	5.711382	0.9599310885968813	-0.5567600313861911	0.8011061266653973	-1.1502	0.2018	-0.2155
1174.0	8.019675000000001	-1.590201	5.695686	1.900663555421825	-0.640535835481919	1.08035880698449	-1.1495	0.2081	-0.2085
1175.0	8.023599	-1.6058970000000001	5.683914000000001	2.192133540504878	-0.6649704450098396	1.3124875974997359	-1.1483	0.2149	-0.2032
1176.0	8.019675000000001	-1.6726050000000001	5.681952000000001	2.4713862208239705	-0.7260569688296411	1.4730578886832142	-1.1464	0.2218	-0.2003
1177.0	8.030466	-1.701054	5.687838	2.848377339254746	-0.8290313946973066	1.6877333866785167	-1.1449	0.2295	-0.1991
1178.0	8.018694	-1.70694	5.677047	3.03163691071415	-0.8203047484373349	1.7732545200262386	-1.1424	0.2381	-0.2003
1179.0	8.001036000000001	-1.6932060000000002	5.6898	3.1974431896536117	-0.8796459430051421	1.9338248112097172	-1.1396	0.247	-0.2033
1180.0	7.976511000000001	-1.6314030000000002	5.733945	3.0682888250060314	-0.9756390518648302	2.0036379812894904	-1.1364	0.2559	-0.2087
1181.0	7.968663	-1.623555	5.737869	2.8256880589788196	-1.0524335389525807	1.9757127132575811	-1.1323	0.2657	-0.2164
1182.0	7.974549	-1.4165640000000002	5.739831	2.7838001569309556	-1.0716321607245183	1.9181168479417683	-1.1275	0.2765	-0.224
1183.0	7.983378	-1.4253930000000001	5.698629	2.7995081201989045	-1.0559241974565694	1.8622663118779497	-1.1224	0.2879	-0.2301
1184.0	8.00496	-1.617669	5.61132	2.762856205907024	-0.937241808320955	1.7976891295541595	-1.1165	0.2992	-0.2338
1185.0	8.028504	-1.7589329999999999	5.500467	2.7401669256310974	-0.8848819307611251	1.7540558982543013	-1.1106	0.3106	-0.2356
1186.0	8.066763	-1.879596	5.369994	2.7454029133870805	-0.757472895365539	1.6720254234105676	-1.1048	0.3223	-0.2345
1187.0	8.087364	-2.04048	5.216958000000001	2.858849314766712	-0.6283185307179586	1.5707963267948966	-1.0982	0.3335	-0.2332
1188.0	8.126604	-2.202345	5.092371	2.9461157773664284	-0.4642575810304917	1.4730578886832142	-1.0921	0.344	-0.233
1189.0	8.162901	-2.38383	4.978575	2.909463863074547	-0.34732052114687156	1.3473941825396225	-1.0857	0.3539	-0.2353
1190.0	8.184483	-2.565315	4.888323000000001	2.7349309378751143	-0.25132741228718347	1.1222467090323538	-1.0796	0.3633	-0.2397
1191.0	8.178597	-2.682054	4.928544	2.6162485487395	-0.24609142453120045	0.6614797865058508	-1.0743	0.3715	-0.2465
1192.0	8.138376000000001	-2.784078	5.049207000000001	2.2671826983406342	-0.30019663134302466	0.6544984694978736	-1.0691	0.3782	-0.2553
1193.0	8.066763	-2.818413	5.2895520000000005	1.811651763570114	-0.44331363000655966	0.30543261909900765	-1.0648	0.3833	-0.2654
1194.0	7.968663	-2.8380330000000002	5.58189	1.3124875974997359	-0.7051130178057091	-0.003490658503988659	-1.0616	0.3866	-0.2769
1195.0	7.883316000000001	-2.9371140000000002	5.8261590000000005	0.9442231253289323	-1.0053096491487339	-0.3368485456349056	-1.0588	0.3889	-0.2881
1196.0	7.810722	-3.0401190000000002	6.073371	0.7243116395776468	-1.2688543661998777	-0.6841690667817772	-1.0577	0.3894	-0.3012
1197.0	7.763634000000001	-3.1235040000000005	6.3166590000000005	0.619591884457987	-1.5376350710070041	-1.0245082709206714	-1.0575	0.3879	-0.3123
1198.0	7.769520000000001	-3.243186	6.5226690000000005	0.5969026041820608	-1.642354826126664	-1.1903145498601329	-1.0585	0.3851	-0.3183
1199.0	7.788159000000001	-3.347172	6.696306	0.6946410422937431	-1.8291050560900572	-1.53588974175501	-1.0613	0.3797	-0.3231
1200.0	7.901955	-3.44331	6.834627	0.7330382858376184	-1.980948701013564	-1.8727382873899157	-1.0658	0.3719	-0.3225
1201.0	8.139357	-3.6159660000000002	6.902316000000001	0.9773843811168246	-1.986184688769547	-2.209586833024821	-1.0718	0.3617	-0.3164
1202.0	8.532738	-3.8514060000000003	6.953328	1.6545721308906243	-1.7592918860102842	-2.570869988187648	-1.0801	0.349	-0.3079
1203.0	8.792703	-4.076055	6.944499	2.586577951455596	-1.616174887346749	-2.937389131106457	-1.0895	0.3336	-0.2979
1204.0	8.972226000000001	-4.182003	7.005321	2.960078411382383	-1.5707963267948966	-3.097959422289935	-1.0996	0.3149	-0.2852
1205.0	9.007542	-4.103523	7.370253	3.326597554301192	-1.4800392056911915	-3.01941960595019	-1.1108	0.2924	-0.2737
1206.0	8.982036	-3.962259	8.074611	2.748893571891069	-1.0716321607245183	-2.340486526924396	-1.122	0.2677	-0.26
1207.0	8.507232	-3.9102660000000005	8.871183	1.6545721308906243	-0.640535835481919	-1.335176877775662	-1.134	0.241	-0.2477
1208.0	7.705755	-4.1633640000000005	9.808038000000002	0.6003932626860493	-0.1117010721276371	-0.27576202181510406	-1.1454	0.2143	-0.239
1209.0	6.905259	-4.595985000000001	10.756665000000002	0.054105206811824215	0.4642575810304917	0.598647933434055	-1.156	0.1886	-0.2288
1210.0	6.16068	-5.115915	11.727855	-0.16580627893946132	1.1222467090323538	1.2217304763960306	-1.1648	0.1652	-0.2225
1211.0	5.268951	-5.483790000000001	12.631356000000002	-0.15009831567151233	1.345648853287628	1.413716694115407	-1.1728	0.1456	-0.2193
1212.0	4.263426	-5.64075	13.427928000000001	-0.10297442586766545	1.7016960206944713	1.6545721308906243	-1.1785	0.1297	-0.2188
1213.0	3.498246	-5.679009	14.163678	-0.15358897417550102	1.9739673840055867	1.8325957145940461	-1.1816	0.1188	-0.2227
1214.0	2.9312280000000004	-5.710401	14.784651000000002	-0.3438298626428829	2.2479840765686965	1.9949113350295187	-1.1832	0.1139	-0.2326
1215.0	2.590821	-5.766318	15.13683	-0.5113814708343386	2.509783464367846	2.1240656996770992	-1.1829	0.1147	-0.244
1216.0	2.380887	-5.8134060000000005	15.120153	-0.5794493116621174	2.738421596379103	2.1903882112528836	-1.1804	0.1205	-0.2596
1217.0	2.677149	-5.720211	14.997528	-0.5742133239061344	2.848377339254746	2.2427480888127134	-1.1755	0.131	-0.2745
1218.0	3.311856	-5.219901	14.717943	-0.5602506898901798	2.975786374650332	2.260201381332657	-1.1675	0.1472	-0.2984
1219.0	3.9808980000000003	-4.4174430000000005	14.390289000000001	-0.5811946409141117	2.9740410453983377	2.3387411976724017	-1.1577	0.1668	-0.3225
1220.0	4.558707	-3.382488	13.982193	-0.7295476273336297	2.827433388230814	2.4748768793279594	-1.1462	0.188	-0.3502
1221.0	5.266008000000001	-2.302407	13.560363000000002	-0.9145525280450286	2.584832622203602	2.5150194521238287	-1.1324	0.2105	-0.3796
1222.0	6.086124	-1.3812480000000003	13.138533	-0.9843656981248018	2.38237442897226	2.398082392240209	-1.1174	0.235	-0.4092
1223.0	6.94548	-0.671985	12.680406	-0.9145525280450286	2.178170906488923	2.16071761396898	-1.1014	0.2594	-0.4374
1224.0	7.793064	-0.08534699999999999	12.174210000000002	-0.8744099552491591	2.080432468377241	2.0402898955813713	-1.0844	0.2839	-0.4643
1225.0	8.693622	0.43360200000000004	11.658204	-0.8447393579652555	1.928588823453734	1.8395770316020235	-1.0662	0.3094	-0.4906
1226.0	9.690318000000001	0.9142920000000001	11.122577999999999	-0.9197885158010117	2.0472712125893486	1.7016960206944713	-1.0465	0.3347	-0.5158
1227.0	10.677204000000001	1.3665330000000002	10.52613	-1.0663961729685354	2.357939819444339	1.5498523757709646	-1.0265	0.3604	-0.5438
1228.0	11.570895	1.7746290000000002	9.865917000000001	-1.239183768915974	2.6232298657474775	1.3631021458075714	-1.007	0.3834	-0.5645
1229.0	12.342942	2.121903	9.124281000000002	-1.4625859131712482	2.7838001569309556	1.1990411961201044	-0.986	0.4058	-0.5868
1230.0	12.927618	2.3730390000000003	8.266887	-1.5638150097869192	2.775073510670984	1.0018189906447452	-0.9647	0.4276	-0.6057
1231.0	13.261158	2.5398090000000004	7.314336000000001	-1.6231562043547265	2.535963403147761	0.8848819307611251	-0.943	0.4481	-0.6232
1232.0	13.382802000000002	2.7006930000000002	6.274476	-1.520181778487061	2.1258110289290935	0.6614797865058508	-0.9211	0.4669	-0.6391
1233.0	13.372992	2.912589	5.180661000000001	-1.2636183784438948	1.7208946424664089	0.4572762640225143	-0.8996	0.4853	-0.6531
1234.0	13.301379000000003	3.116637	4.05153	-1.0122909661567112	1.4433872913993107	0.2792526803190927	-0.8783	0.5021	-0.6658
1235.0	13.090464	3.24711	2.8262610000000006	-0.7208209810736581	1.2583823906879115	0.015707963267948967	-0.8581	0.517	-0.6773
1236.0	12.663729	3.2912550000000005	1.5303600000000002	-0.5323254218582705	1.0873401239924672	-0.24958208303518914	-0.8403	0.5299	-0.6874
1237.0	12.134970000000001	3.317742	0.23445900000000003	-0.49567350756638956	0.9494591130849153	-0.3560471674068432	-0.8235	0.5413	-0.6964
1238.0	11.607192000000001	3.3206850000000006	-0.9702090000000001	-0.5078908123303499	0.6108652381980153	-0.4782202150464463	-0.8094	0.5502	-0.7037
1239.0	11.160837	3.213756	-2.041461	-0.4991641660703783	0.2984513020910304	-0.5497787143782138	-0.7981	0.5579	-0.7089
1240.0	10.879290000000001	2.978316	-2.8272420000000005	-0.3735004599267865	0.012217304763960306	-0.6230825429619757	-0.7892	0.5635	-0.7133
1241.0	10.689957	2.682054	-3.3707160000000003	-0.18675022996339324	-0.2844886680750757	-0.6824237375297829	-0.7836	0.5674	-0.7164
1242.0	10.583028	2.319084	-3.703275	0.08377580409572781	-0.5969026041820608	-0.7504915783575618	-0.7817	0.5688	-0.7188
1243.0	10.502586	1.9296270000000002	-3.8455200000000005	0.3595378259108319	-0.8848819307611251	-0.8813912722571364	-0.782	0.5684	-0.72
1244.0	10.481985	1.5342840000000002	-3.754287	0.5567600313861911	-1.0140362954087054	-0.9896016858807849	-0.7852	0.5663	-0.7188
1245.0	10.527111	1.261566	-3.415842	0.9843656981248018	-1.1466813185602747	-1.2793263417118435	-0.7913	0.5621	-0.7158
1246.0	10.640907	1.172295	-2.853729	1.2828170002158321	-1.1676252695842066	-1.5114551322270893	-0.7998	0.5563	-0.711
1247.0	10.697805	1.45188	-1.5813720000000002	1.0245082709206714	-1.0978120995044334	-1.5969762655748114	-0.8111	0.5479	-0.7051
1248.0	10.438821	0.5071770000000001	1.7304840000000001	-0.57246799465414	-1.0716321607245183	-1.6982053621904827	-0.8238	0.5383	-0.6978
1249.0	8.532738	-0.6248970000000001	4.363488	-0.6824237375297829	-0.9878563566287906	-1.8517943363659835	-0.8381	0.5275	-0.6917
1250.0	7.191711	-1.60884	5.0835420000000004	-0.8395033702092726	-1.9844393595175527	-2.2148228207808045	-0.855	0.5158	-0.6848
1251.0	7.170129	-1.951209	5.175756	-0.24434609527920614	-3.775147172063735	-2.750638901143063	-0.875	0.5024	-0.6764
1252.0	7.751862000000001	-2.396583	5.844798	0.054105206811824215	-4.040437218366873	-2.0734511513692633	-0.8971	0.4878	-0.6659
1253.0	8.303184000000002	-2.904741	6.543270000000001	0.41538836197465046	-3.4452799434368067	-1.3840460968315034	-0.9216	0.4722	-0.6532
1254.0	8.5347	-2.956734	7.0465230000000005	0.42062434973063345	-2.9408797896104453	-0.9599310885968813	-0.9471	0.4563	-0.6395
1255.0	8.665173	-2.7821160000000003	7.434018000000001	0.31066860685499065	-2.743657584135086	0.03490658503988659	-0.9722	0.4412	-0.6244
1256.0	8.636724	-2.8115460000000003	7.817589000000001	0.21118483949131386	-2.426007660272118	0.460766922526503	-0.9966	0.4279	-0.6088
1257.0	10.201419000000001	-2.851767	8.245305	0.25481807079117214	-2.220058808536787	0.29496064358704166	-1.0198	0.4167	-0.5914
1258.0	10.694862	-2.5113600000000003	5.435721000000001	-0.26354471705114374	0.598647933434055	-0.27401669256310973	-1.0409	0.407	-0.5745
1259.0	12.656862	-2.061081	3.837672	0.026179938779914945	0.41364303272265607	-0.19896753472735357	-1.0606	0.3978	-0.556
1260.0	13.682988000000002	-1.355742	4.146687	0.1413716694115407	0.40491638646268446	-0.38222710618675815	-1.0777	0.3892	-0.5375
1261.0	13.519161000000002	-1.21644	5.001138000000001	0.1361356816555577	0.49741883681838395	-0.3752457891787809	-1.0911	0.3826	-0.5201
1262.0	12.780468	-0.9378360000000001	5.181642	0.14486232791552936	0.5288347633542818	-0.3508111796508603	-1.1005	0.3772	-0.5044
1263.0	12.081015	-0.612144	5.251293	0.1466076571675237	0.5148721293383273	-0.3543018381548489	-1.107	0.3731	-0.4928
1264.0	11.606211000000002	-0.6817950000000002	5.377842	0.14486232791552936	0.5026548245743669	-0.3595378259108319	-1.1113	0.3703	-0.4862
1265.0	11.126502000000002	-0.940779	5.554422000000001	0.1413716694115407	0.3560471674068432	-0.30543261909900765	-1.1138	0.3674	-0.4837
1266.0	10.740969	-1.032993	5.674104000000001	0.10471975511965978	0.1832595714594046	-0.16057029118347832	-1.1149	0.3642	-0.4855
1267.0	8.843715	-1.587258	5.135535	0.0471238898038469	0.10297442586766545	-0.0471238898038469	-1.115	0.3607	-0.491
1268.0	8.36793	-1.310616	5.805558	0.031415926535897934	0.005235987755982988	0.029670597283903602	-1.1155	0.3573	-0.4972
1269.0	8.067744000000001	-0.916254	5.927202	-0.015707963267948967	-0.03316125578789226	0.0942477796076938	-1.1161	0.3545	-0.5038
1270.0	8.118756000000001	-0.852489	5.927202	-0.017453292519943295	-0.054105206811824215	0.12391837689159739	-1.117	0.3521	-0.5105
1271.0	8.105022000000002	-0.807363	5.9252400000000005	-0.015707963267948967	-0.11344640137963143	0.16231562043547265	-1.1174	0.35	-0.5174
1272.0	8.062839	-0.724959	5.948784000000001	-0.05585053606381855	-0.143116998663535	0.21991148575128552	-1.1176	0.3486	-0.5251
1273.0	7.999074	-0.6425550000000001	5.980176000000001	-0.03490658503988659	-0.15009831567151233	0.2583087292951608	-1.1176	0.3478	-0.5339
1274.0	7.9411950000000004	-0.634707	6.015492	-0.059341194567807204	-0.16755160819145562	0.27401669256310973	-1.1177	0.3477	-0.5415
1275.0	7.906860000000001	-0.726921	5.989986000000001	-0.0715584993317675	-0.16755160819145562	0.30194196059501904	-1.1174	0.3479	-0.5417
1276.0	7.900974000000001	-0.893691	5.939955	-0.0715584993317675	-0.17976891295541594	0.3159045946109737	-1.1172	0.349	-0.5417
1277.0	7.905879	-0.9849240000000001	5.886	-0.07679448708775051	-0.16231562043547265	0.3455751918948773	-1.1168	0.3511	-0.5416
1278.0	7.912746	-1.126188	5.829102	-0.06632251157578452	-0.17278759594743864	0.32812189937493397	-1.1164	0.3532	-0.5382
1279.0	7.919613000000001	-1.263528	5.777109	-0.054105206811824215	-0.15009831567151233	0.29496064358704166	-1.1158	0.3555	-0.5362
1280.0	7.929423000000001	-1.3861530000000002	5.733945	-0.026179938779914945	-0.1361356816555577	0.2303834612632515	-1.1153	0.3584	-0.5345
1281.0	7.946100000000001	-1.490139	5.700591	-0.022689280275926284	-0.12566370614359174	0.17976891295541594	-1.1142	0.3611	-0.5325
1282.0	7.958853	-1.585296	5.668218	-0.027925268031909273	-0.09075712110370514	0.15358897417550102	-1.1134	0.364	-0.5305
1283.0	7.958853	-1.645137	5.646636	-0.0	-0.08377580409572781	0.13264502315156904	-1.1133	0.3673	-0.5256
1284.0	7.952967	-1.6333650000000002	5.638788	-0.017453292519943295	-0.041887902047863905	0.12217304763960307	-1.1128	0.3697	-0.5201
1285.0	7.951005	-1.617669	5.64075	-0.013962634015954637	-0.059341194567807204	0.15184364492350666	-1.113	0.3722	-0.5206
1286.0	7.951986000000001	-1.645137	5.623092000000001	-0.04537856055185257	-0.061086523819801536	0.16231562043547265	-1.1127	0.3739	-0.518
1287.0	7.951005	-1.6961490000000001	5.603472000000001	-0.06632251157578452	-0.03316125578789226	0.12217304763960307	-1.113	0.3754	-0.5156
1288.0	7.947081000000001	-1.711845	5.584833000000001	-0.05759586531581287	0.0	0.048869219055841226	-1.1138	0.3768	-0.5186
1289.0	7.945119	-1.7245980000000003	5.5612889999999995	-0.05061454830783556	0.041887902047863905	0.008726646259971648	-1.1144	0.379	-0.5216
1290.0	7.935309	-1.704978	5.543631	-0.003490658503988659	0.0645771823237902	-0.061086523819801536	-1.1143	0.3812	-0.5219
1291.0	7.922556	-1.6824150000000002	5.553441000000001	-0.005235987755982988	0.10122909661567112	-0.059341194567807204	-1.1138	0.3831	-0.5208
1292.0	7.916670000000001	-1.681434	5.570118	0.022689280275926284	0.09948376736367678	-0.0942477796076938	-1.1133	0.384	-0.5182
1293.0	7.924518	-1.708902	5.570118	0.11344640137963143	0.10995574287564276	-0.13439035240356337	-1.1126	0.3837	-0.5171
1294.0	7.938252	-1.7913060000000003	5.550498	0.061086523819801536	0.14486232791552936	-0.1710422666954443	-1.1119	0.3837	-0.5166
1295.0	7.944138	-1.869786	5.539707	0.14486232791552936	0.1291543646475804	-0.21118483949131386	-1.111	0.3834	-0.5164
1296.0	7.951005	-1.9257030000000002	5.536764000000001	0.1413716694115407	0.11868238913561441	-0.2426007660272118	-1.1109	0.3836	-0.5169
1297.0	7.9539480000000005	-1.9374750000000003	5.541669	0.1413716694115407	0.11868238913561441	-0.2426007660272118	-1.1104	0.3835	-0.516
1298.0	7.958853	-1.9904490000000001	5.573061000000001	0.18675022996339324	0.0645771823237902	-0.4363323129985824	-1.11	0.3814	-0.5129
1299.0	7.956891000000001	-2.0296890000000003	5.634864	0.34732052114687156	-0.012217304763960306	-0.5567600313861911	-1.1097	0.3776	-0.5093
1300.0	7.971606	-2.092473	5.704515000000001	0.26354471705114374	-0.0715584993317675	-0.6894050545377601	-1.1102	0.3721	-0.509
1301.0	7.988283000000001	-2.1925350000000003	5.808501	0.38746309394274114	-0.2583087292951608	-0.8255407361933178	-1.1121	0.3662	-0.5104
1302.0	7.940214	-2.0944350000000003	6.063561	0.30019663134302466	-0.4293509959906051	-0.8272860654453121	-1.1149	0.36	-0.5129
1303.0	7.814646	-1.933551	6.4490940000000005	0.3839724354387525	-0.9232791743050003	-0.757472895365539	-1.118	0.3535	-0.5128
1304.0	7.726356	-1.7275410000000002	6.709059	0.291469985083053	-1.3997540600994522	-0.6928957130417489	-1.1223	0.3463	-0.5105
1305.0	7.621389000000001	-1.4970060000000003	7.02396	0.23387411976724015	-1.9146261894377796	-0.5532693728822025	-1.1274	0.3387	-0.5053
1306.0	7.502688000000001	-1.2350790000000003	7.329051000000001	0.19024088846738194	-2.438224965036078	-0.4258603374866164	-1.1338	0.3303	-0.4986
1307.0	7.376139	-1.013373	7.666515	-0.005235987755982988	-2.9827676916583092	-0.34033920413889424	-1.1413	0.3217	-0.4887
1308.0	7.235856000000001	-0.764199	7.958853	-0.07679448708775051	-3.5918876006043305	-0.30717794835100204	-1.1494	0.3145	-0.4745
1309.0	7.032789	-0.538569	8.229609	-0.15184364492350666	-3.91826417072727	-0.30019663134302466	-1.1591	0.3075	-0.455
1310.0	6.7895010000000005	-0.32569200000000004	8.490555	-0.41015237421866746	-4.612905213021013	-0.3036872898470133	-1.17	0.3012	-0.4295
1311.0	6.505992000000001	-0.104967	8.741691000000001	-0.62482787221397	-5.447172595474303	-0.3420845333908886	-1.1817	0.2957	-0.3981
1312.0	6.1920720000000005	-0.254079	8.779950000000001	-0.757472895365539	-6.332054526235428	-0.5585053606381855	-1.1938	0.2906	-0.3594
1313.0	5.94486	-0.413982	8.722071	-0.38746309394274114	-7.435102613495844	-0.7819075048934596	-1.206	0.2853	-0.3128
1314.0	5.631921000000001	-0.5591700000000001	8.774064000000001	0.1308996938995747	-8.79995008855541	-0.9354964790689606	-1.2169	0.2796	-0.2581
1315.0	6.9366509999999995	-0.754389	8.381664	0.3385938748868999	-9.381144729469522	-0.937241808320955	-1.226	0.2739	-0.1945
1316.0	9.136053	-0.7769520000000001	7.897050000000001	0.022689280275926284	-10.002481943179504	-0.778416846389471	-1.2312	0.2675	-0.122
1317.0	11.285424	-0.9241020000000001	7.646895	-0.010471975511965976	-10.028661881959417	-0.7260569688296411	-1.2323	0.2608	-0.0397
1318.0	13.653558	-1.624536	7.5242700000000005	0.5340707511102649	-9.925687456091753	-1.2287117934040082	-1.2278	0.2528	0.0498
1319.0	16.041312	-2.191554	7.3918349999999995	1.520181778487061	-9.573130947188897	-1.9774580425095754	-1.2169	0.2441	0.1456
1320.0	18.59976	-2.8301849999999997	7.6007880000000005	1.9093902016817965	-8.754571528003558	-2.2846359908605773	-1.1997	0.2349	0.2451
1321.0	20.878623	-3.603213	8.645553	1.616174887346749	-6.914994496401533	-1.65282680163863	-1.1762	0.2247	0.3451
1322.0	22.061709	-4.085865	10.352492999999999	1.3735741213195374	-5.25693170700692	-1.2880529879718152	-1.1477	0.2156	0.4395
1323.0	22.879863	-4.209471	12.057471000000001	0.8639379797371931	-1.18507856210415	-1.0471975511965976	-1.118	0.207	0.5235
1324.0	23.814756000000003	-4.458645000000001	13.791879	0.05235987755982989	1.2793263417118435	-1.1309733552923256	-1.0894	0.1991	0.5953
1325.0	22.550247000000002	-4.644054	15.423282	-1.0245082709206714	2.813470754214859	-1.4556045961632709	-1.0641	0.1903	0.6521
1326.0	20.395971	-5.012910000000001	17.159652	-1.0245082709206714	2.813470754214859	-1.4556045961632709	-1.0415	0.1827	0.6978
1327.0	18.168120000000002	-5.2895520000000005	17.956224000000002	-2.363175807200322	4.276056667386108	-1.7470745812463238	-1.0272	0.1701	0.7233
1328.0	15.747012	-5.081580000000001	18.454572000000002	-2.5569073541716927	4.63210383479295	-1.4468779499032993	-1.0209	0.1556	0.7327
1329.0	13.358277	-5.06196	18.786150000000003	-2.670353755551324	5.2586770362589155	-1.254891732183923	-1.0224	0.1392	0.7262
1330.0	10.82043	-5.002119	18.631152	-2.4312436480281012	5.728170605045389	-0.8534660042252271	-1.0321	0.1217	0.7042
1331.0	8.588655	-4.784337000000001	17.457876000000002	-1.9373154697137058	5.955063407804652	-0.4572762640225143	-1.0497	0.1037	0.6696
1332.0	7.561548000000001	-4.590099	15.586128	-1.4451326206513049	5.996951309852517	-0.04014257279586958	-1.0732	0.0843	0.628
1333.0	6.9395940000000005	-4.693104	13.625109	-1.0716321607245183	5.928883469024737	0.36477381366681483	-1.0994	0.0646	0.5822
1334.0	6.317640000000001	-4.660731	11.617982999999999	-0.9337511498169663	5.825909043157072	0.7871434926494426	-1.1265	0.0467	0.5339
1335.0	6.404949000000001	-4.619529	10.082718000000002	-0.9075712110370514	5.766567848589265	0.9913470151327791	-1.1525	0.0306	0.4841
1336.0	6.615864	-4.522410000000001	8.550396000000001	-0.9529497715889039	5.6705747397295765	1.3857914260834978	-1.1797	0.0162	0.4284
1337.0	7.1073450000000005	-4.337001	7.713603	-1.0838494654884787	5.691518690753509	1.7592918860102842	-1.2021	0.009	0.3725
1338.0	7.716546	-4.047606	7.109307	-1.1152653920243765	5.757841202329293	2.092649773141201	-1.2213	0.0066	0.3132
1339.0	8.458182	-3.65913	6.695325	-1.0768681484805014	5.886995566976874	2.340486526924396	-1.2374	0.009	0.25
1340.0	9.320481	-3.208851	6.411816	-1.0559241974565694	6.021385919380437	2.509783464367846	-1.2488	0.0163	0.1841
1341.0	10.287747	-2.785059	6.251913	-1.0332349171806432	6.0842177724522335	2.611012560983517	-1.2565	0.028	0.1161
1342.0	11.298177	-2.461329	6.212673	-1.0245082709206714	6.204645490839842	2.658136450787364	-1.2597	0.0436	0.0459
1343.0	12.309588	-2.213136	6.2833049999999995	-0.9197885158010117	6.194173515327875	2.731440279371126	-1.2578	0.0626	-0.0259
1344.0	13.261158	-1.9570950000000003	6.381405	-0.9599310885968813	6.085963101704227	2.8187067419708423	-1.2512	0.0839	-0.0984
1345.0	14.202918	-1.656909	6.429474	-1.3002702927357754	5.883504908472886	2.892010570554604	-1.2389	0.1082	-0.172
1346.0	15.155469	-1.273338	6.391215	-1.8256143975860686	5.471607205002223	2.9722957161463435	-1.2215	0.1342	-0.243
1347.0	16.184538	-0.7848	6.243084	-2.3649211364523164	4.8973938810960895	3.035127569218139	-1.1993	0.1623	-0.3108
1348.0	17.433351	-0.23053500000000002	5.921316000000001	-2.5377087323997554	4.656538444320871	3.040363556974122	-1.1727	0.1928	-0.3769
1349.0	18.769473	0.36198900000000006	5.357241	-2.694788365079245	4.328416544945937	2.933898472602468	-1.1419	0.2258	-0.4364
1350.0	20.117367	0.9241020000000001	4.512600000000001	-2.4766222085799536	4.085815778918725	2.6598817800393584	-1.1086	0.2592	-0.4872
1351.0	21.386781	1.380267	3.274578	-1.7732545200262386	3.9479347680111734	2.2252947962927703	-1.0721	0.2939	-0.5306
1352.0	22.424679	1.8884250000000002	1.5715620000000001	-0.7714355293814937	3.611086222376268	1.7278759594743862	-1.0343	0.3285	-0.5709
1353.0	23.202612000000002	2.565315	-0.5974290000000001	-0.09948376736367678	3.0124382889422128	1.345648853287628	-0.9956	0.3616	-0.6055
1354.0	23.844186	3.406032	-3.115656	-0.017453292519943295	2.6075219024795286	1.1152653920243765	-0.9574	0.3928	-0.6363
1355.0	24.36804	4.337982	-5.821254000000001	-0.19024088846738194	1.7418385934903409	1.0890854532444616	-0.9211	0.4213	-0.6623
1356.0	24.697656	5.194395	-8.574921	-0.4939281783143953	0.8464846872172498	1.0925761117484503	-0.8868	0.4478	-0.6858
1357.0	24.762402	5.875209	-11.21283	-0.3665191429188092	0.017453292519943295	0.9791297103688189	-0.8559	0.4712	-0.7052
1358.0	24.453387000000003	6.388272000000001	-13.549572000000001	0.21118483949131386	-0.7068583470577035	0.6422811647339133	-0.8287	0.4919	-0.7175
1359.0	23.971716	6.824817	-15.420339000000002	0.7819075048934596	-1.2740903539558606	0.17453292519943295	-0.8059	0.5085	-0.728
1360.0	23.186916	7.278039000000001	-15.899067	2.5080381351158514	-2.975786374650332	-1.6283921921107094	-0.7885	0.5212	-0.737
1361.0	19.368864000000002	7.054371	-14.258835000000001	1.589994948566834	-3.7926004645836784	-1.5341444125030157	-0.7782	0.527	-0.7465
1362.0	16.546527	5.825178	-10.140597000000001	0.6544984694978736	-5.9096848472528	-1.6475908138826472	-0.7759	0.5281	-0.7479
1363.0	15.465465000000002	5.268951	-9.191970000000001	1.4276793281313616	-5.618214862169746	-2.3893557459802373	-0.7825	0.5255	-0.7436
1364.0	14.550192000000001	5.163984	-8.231571	1.3089969389957472	-6.26049602690366	-1.9093902016817965	-0.7963	0.519	-0.7321
1365.0	14.521743	4.234977	-5.567175000000001	1.2514010736799344	-5.1399946471233005	-1.1623892818282233	-0.8198	0.5095	-0.7131
1366.0	13.794822	3.2216040000000006	-2.7821160000000003	1.0943214410004447	-4.654793115068877	-0.3368485456349056	-0.8477	0.4961	-0.6908
1367.0	12.747114000000002	2.685978	-0.599391	1.0716321607245183	-4.865977954560191	0.8360127117052838	-0.8783	0.4823	-0.6627
1368.0	13.431852000000001	2.677149	2.91357	1.4206980111233845	-3.490658503988659	0.08377580409572781	-0.9098	0.4667	-0.6351
1369.0	13.585869	2.3396850000000002	4.685256000000001	-0.0471238898038469	1.1431906600562858	-0.7749261878854823	-0.941	0.4496	-0.6078
1370.0	13.298436	0.939798	5.178699000000001	0.20769418098732523	0.9040805525330626	-0.46600291028248597	-0.9708	0.4332	-0.5831
1371.0	14.976927	0.6494219999999999	4.8549690000000005	0.2059488517353309	0.5532693728822025	-0.4118977034706618	-0.9971	0.4188	-0.5579
1372.0	15.979509	1.4822910000000002	2.3269320000000002	0.16755160819145562	0.3909537524467298	-0.24434609527920614	-1.0194	0.4065	-0.5369
1373.0	15.465465000000002	1.5156450000000001	3.406032	0.0645771823237902	0.28623399732707	-0.008726646259971648	-1.0361	0.396	-0.5206
1374.0	14.916105	0.869166	4.849083	-0.0017453292519943296	0.23911010752322315	0.1117010721276371	-1.0479	0.3885	-0.5095
1375.0	13.514256	0.753408	4.850064000000001	-0.07330382858376185	0.09075712110370514	0.2897246558310587	-1.0523	0.3837	-0.5041
1376.0	12.857967	0.669042	4.860855	-0.1308996938995747	-0.006981317007977318	0.41538836197465046	-1.0537	0.3818	-0.5014
1377.0	12.537180000000001	0.20012400000000002	5.4445500000000004	-0.2181661564992912	-0.09599310885968812	0.57246799465414	-1.053	0.3802	-0.5045
1378.0	10.502586	-0.705339	4.532220000000001	-0.2181661564992912	-0.09599310885968812	0.57246799465414	-1.0516	0.3795	-0.5075
1379.0	8.981055	-1.494063	5.064903	-0.20943951023931956	-0.08377580409572781	0.47647488579445196	-1.0504	0.3809	-0.509
1380.0	8.078535	-1.385172	5.750622000000001	-0.07679448708775051	-0.013962634015954637	0.17453292519943295	-1.0488	0.3827	-0.5093
1381.0	8.223723000000001	-1.670643	5.519106	-0.0017453292519943296	0.012217304763960306	0.020943951023931952	-1.0476	0.385	-0.5094
1382.0	8.208027000000001	-2.01105	5.473980000000001	0.14486232791552936	0.07853981633974483	-0.21991148575128552	-1.0456	0.3873	-0.5091
1383.0	8.197236	-2.288673	5.432778	0.19198621771937624	0.12566370614359174	-0.317649923862968	-1.0445	0.3895	-0.5086
1384.0	8.157996	-2.58984	5.379804	0.2565634000431664	0.16231562043547265	-0.41538836197465046	-1.0438	0.3909	-0.5086
1385.0	8.116794	-2.771325	5.321925	0.23212879051524585	0.19896753472735357	-0.47472955654245763	-1.0434	0.3915	-0.5088
1386.0	8.090307000000001	-2.89395	5.2718940000000005	0.3089232776029963	0.23561944901923448	-0.4782202150464463	-1.0434	0.3911	-0.5096
1387.0	8.090307000000001	-3.043062	5.234616	0.2775073510670984	0.23736477827122882	-0.5044001538263612	-1.044	0.3895	-0.5105
1388.0	8.087364	-3.196098	5.201262000000001	0.30543261909900765	0.28099800957108706	-0.5061454830783556	-1.0451	0.3874	-0.5125
1389.0	8.069706	-3.0734730000000003	5.242464	0.26703537555513246	0.2792526803190927	-0.5235987755982988	-1.0455	0.3834	-0.5156
1390.0	8.032428	-2.793888	5.2974000000000006	0.24434609527920614	0.29670597283903605	-0.5113814708343386	-1.0469	0.3783	-0.5186
1391.0	8.001036000000001	-2.3602860000000003	5.392557	0.23911010752322315	0.24609142453120045	-0.4869468613064179	-1.0481	0.3725	-0.52
1392.0	7.976511000000001	-2.008107	5.483790000000001	0.17278759594743864	0.21118483949131386	-0.4066617157146788	-1.0502	0.3667	-0.5206
1393.0	7.951005	-1.789344	5.571099	0.17627825445142728	0.15009831567151233	-0.34033920413889424	-1.0527	0.3611	-0.5194
1394.0	7.931385000000001	-1.583334	5.644674	0.15358897417550102	0.1466076571675237	-0.312413936106985	-1.055	0.3565	-0.5169
1395.0	7.912746	-1.4018490000000001	5.713344	0.17278759594743864	0.11868238913561441	-0.30194196059501904	-1.0565	0.3524	-0.515
1396.0	7.8980310000000005	-1.3174830000000002	5.757489	0.17453292519943295	0.11693705988362008	-0.30717794835100204	-1.0572	0.3483	-0.5144
1397.0	7.872525	-1.2184020000000002	5.814387	0.19373154697137057	0.09075712110370514	-0.3159045946109737	-1.0583	0.3436	-0.5146
1398.0	7.851924	-1.121283	5.864418000000001	0.16580627893946132	0.03316125578789226	-0.31066860685499065	-1.0593	0.3388	-0.5156
1399.0	7.836228	-1.129131	5.891886	0.18151424220741028	-0.022689280275926284	-0.32812189937493397	-1.0607	0.3344	-0.518
1400.0	7.863696	-1.205649	5.911506	0.2059488517353309	-0.05585053606381855	-0.36477381366681483	-1.0618	0.3301	-0.5212
1401.0	7.900974000000001	-1.370457	5.896791	0.26354471705114374	-0.04537856055185257	-0.4572762640225143	-1.0633	0.3264	-0.525
1402.0	7.951986000000001	-1.5293790000000003	5.886981	0.3385938748868999	-0.027925268031909273	-0.5585053606381855	-1.0645	0.3215	-0.5302
1403.0	7.942176	-1.590201	5.961537000000001	0.42062434973063345	-0.019198621771937627	-0.6597344572538565	-1.0648	0.3163	-0.5374
1404.0	7.892145	-1.5823530000000001	6.17049	0.3717551306747922	-0.2426007660272118	-0.6667157742618339	-1.0659	0.3097	-0.5448
1405.0	7.848000000000001	-1.563714	6.342165	0.34732052114687156	-0.5462880558742251	-0.6824237375297829	-1.0677	0.3024	-0.5515
1406.0	7.772463	-1.474443	6.579567	0.3665191429188092	-0.9128071987930343	-0.6998770300497261	-1.0707	0.2947	-0.5544
1407.0	7.691040000000001	-1.355742	6.81795	0.3543018381548489	-1.1187560505283651	-0.6824237375297829	-1.0738	0.2875	-0.5542
1408.0	7.60275	-1.211535	7.080858	0.3193952531149623	-1.6022122533307945	-0.6335545184739416	-1.0781	0.2793	-0.5491
1409.0	7.487973	-1.0231830000000002	7.368291	0.2565634000431664	-2.097885760897184	-0.5864306286700948	-1.0839	0.2717	-0.5391
1410.0	7.340823	-0.778914	7.685154	0.25481807079117214	-2.6546457922833753	-0.5445427266222308	-1.0904	0.2635	-0.5257
1411.0	7.133832	-0.516987	8.030466	0.19896753472735357	-3.2271137869375153	-0.5462880558742251	-1.098	0.2553	-0.5105
1412.0	6.879753000000001	-0.267813	8.311031999999999	0.031415926535897934	-3.9479347680111734	-0.5113814708343386	-1.1071	0.2474	-0.4929
1413.0	6.607035	-0.161865	8.569035000000001	-0.07504915783575616	-4.32143522793796	-0.5375614096142535	-1.1178	0.2401	-0.4718
1414.0	6.333336	-0.08632800000000002	8.647515	-0.34033920413889424	-5.206317158699085	-0.5532693728822025	-1.1296	0.2328	-0.4466
1415.0	5.988024000000001	-0.19129500000000002	8.766216	-0.6108652381980153	-6.13134166225608	-0.6998770300497261	-1.1429	0.2258	-0.4157
1416.0	5.658408	-0.398286	8.843715	-0.5113814708343386	-7.164576579436723	-1.054178868204575	-1.157	0.2186	-0.3789
1417.0	5.486733	-0.717111	8.876088000000001	0.3735004599267865	-8.328711190516941	-1.4521139376592822	-1.1716	0.2111	-0.3351
1418.0	6.252894	-0.958437	8.694603	1.181587903600161	-9.194394499506128	-1.848303677861995	-1.185	0.2031	-0.286
1419.0	8.090307000000001	-0.9035010000000001	8.182521	0.8936085770210968	-9.77209848191625	-1.726130630222392	-1.1973	0.193	-0.2265
1420.0	10.167084000000001	-0.877995	7.821513	0.8639379797371931	-9.847147639752007	-1.6615534478986018	-1.2061	0.1823	-0.1621
1421.0	12.158514000000002	-1.4234310000000001	7.686135	1.5341444125030157	-9.923942126839759	-1.9792033717615698	-1.2104	0.1704	-0.0878
1422.0	14.360859000000001	-1.95219	7.4762010000000005	2.4312436480281012	-9.754645189396307	-2.6354471705114375	-1.2104	0.1575	-0.0055
1423.0	16.785891000000003	-2.284749	7.111269	2.441715623540067	-9.224065096790032	-2.7977627909469103	-1.2036	0.1433	0.0849
1424.0	19.535634	-2.868444	7.598826	1.4224433403753787	-7.689920684287016	-1.70518667919846	-1.1897	0.1286	0.1771
1425.0	21.732093000000003	-3.3501150000000006	8.914347	0.7120943348136864	-4.7699848457005025	-0.8412486994612669	-1.1697	0.1142	0.2728
1426.0	22.857300000000002	-3.923019	10.553598000000001	0.42062434973063345	-2.6406831582674206	-0.6562437987498679	-1.1458	0.1011	0.3612
1427.0	23.537133000000004	-4.272255	12.204621000000001	0.4537856055185257	0.4014257279586958	-1.0053096491487339	-1.12	0.0891	0.4422
1428.0	23.284035	-4.719591	14.048901	0.4537856055185257	0.4014257279586958	-1.0053096491487339	-1.0938	0.0792	0.5147
1429.0	21.52314	-5.137497000000001	15.645969000000001	-0.7871434926494426	3.1590459461097367	-1.4416419621473162	-1.0705	0.0695	0.5692
1430.0	19.34532	-5.445531000000001	16.720164	-1.6179202165987436	3.895574890451343	-1.4590952546672593	-1.052	0.0592	0.6125
1431.0	17.223417	-5.229711000000001	17.260695000000002	-2.39459173373622	4.572762640225143	-1.2514010736799344	-1.0393	0.0491	0.6403
1432.0	14.969079	-5.13063	17.759043000000002	-2.790781473938933	5.103342732831419	-0.8709192967451704	-1.0323	0.0376	0.6539
1433.0	12.592116	-5.263065	18.184797	-2.8361600344907854	5.3092915845667505	-0.6544984694978736	-1.0332	0.0256	0.6517
1434.0	9.942435000000001	-5.215977	17.688411	-2.626720524251466	5.602506898901797	-0.21118483949131386	-1.0424	0.0131	0.6374
1435.0	7.937271000000001	-5.108067000000001	16.246341	-2.2584560520806627	5.7473692268173275	0.291469985083053	-1.0587	0.0	0.6071
1436.0	7.010226	-4.850064000000001	14.474655	-2.2584560520806627	5.7473692268173275	0.291469985083053	-1.0777	-0.0133	0.5763
1437.0	6.515802000000001	-4.6793700000000005	12.608793000000002	-1.3526301702956054	5.75260521457331	1.319468914507713	-1.102	-0.026	0.5334
1438.0	6.1459649999999995	-4.437063	10.728216	-1.0088003076527223	5.698500007761486	1.8465583486100006	-1.1279	-0.0372	0.484
1439.0	6.231312	-4.504752	9.402885000000001	-1.0088003076527223	5.698500007761486	1.8465583486100006	-1.1507	-0.0465	0.4393
1440.0	6.806178	-4.519467000000001	8.425809000000001	-0.7382742735936013	5.7630771900852755	2.5377087323997554	-1.1739	-0.0491	0.3776
1441.0	7.613541000000001	-4.453740000000001	7.751862000000001	-0.6824237375297829	5.951572749300664	2.939134460358451	-1.1947	-0.0437	0.3127
1442.0	8.499384	-4.248711	7.273134	-0.5567600313861911	6.1086523819801535	3.2375857624494815	-1.212	-0.0319	0.2435
1443.0	9.449973000000002	-3.871026	6.964119	-0.5393067388662478	6.23606141737574	3.452261260444784	-1.2241	-0.0139	0.1717
1444.0	10.481985	-3.377583	6.773805	-0.5742133239061344	6.359979794267336	3.532546406036523	-1.2307	0.0103	0.0984
1445.0	11.565990000000001	-2.883159	6.682572	-0.6143558967020041	6.478662183402951	3.4766958699727044	-1.2314	0.0399	0.0246
1446.0	12.701007	-2.4191460000000005	6.611940000000001	-0.5707226654021458	6.483898171158934	3.4033920413889427	-1.2284	0.0734	-0.055
1447.0	13.708494	-2.005164	6.666876	-0.5148721293383273	6.380923745291269	3.2358404331974873	-1.2171	0.1106	-0.13
1448.0	14.589432000000002	-1.5440940000000003	6.712002000000001	-0.7208209810736581	6.047565858160352	3.0909781052819576	-1.2004	0.1499	-0.203
1449.0	15.553755	-0.893691	6.6649140000000004	-1.3124875974997359	5.515240436302081	3.0421088862261167	-1.1796	0.1934	-0.2807
1450.0	16.446465000000003	-0.18540900000000002	6.511877999999999	-2.012364627549462	4.822344723260333	2.988003679414292	-1.1521	0.2365	-0.3412
1451.0	17.572653	0.5375880000000001	6.2558370000000005	-2.5237460983838003	4.43837228782158	2.8640853025226947	-1.1208	0.2776	-0.3973
1452.0	18.847953	1.2507750000000002	5.767299	-2.6371924997634317	4.3406338497098975	2.584832622203602	-1.086	0.3197	-0.447
1453.0	20.093823	1.850166	4.976613	-2.546435378659727	4.190535534038385	2.398082392240209	-1.0494	0.3609	-0.4913
1454.0	21.203334	2.234718	3.807261	-1.816887751326097	3.9322268047432245	1.8675022996339325	-1.0114	0.3999	-0.5302
1455.0	22.092119999999998	2.537847	2.156238	-0.7661995416255106	3.5255650890285457	1.3281955607676847	-0.9729	0.4364	-0.5635
1456.0	22.716036	3.083283	0.096138	-0.16406094968746698	2.841396022246769	1.0733774899765127	-0.9356	0.4693	-0.5928
1457.0	23.275206	3.8847600000000004	-2.2612050000000004	-0.19024088846738194	2.1415189921970423	1.0786134777324956	-0.8993	0.4987	-0.6174
1458.0	23.806908000000004	4.721553	-4.819653000000001	-0.460766922526503	1.4259339988793673	1.0821041362364843	-0.8652	0.5254	-0.6378
1459.0	24.126714	5.453379	-7.479144	-0.5009094953223726	1.017526953912694	1.0367255756846316	-0.8336	0.5489	-0.6541
1460.0	24.129657	6.031188	-10.095471	-0.3246312408709453	0.1710422666954443	0.7976154681614086	-0.8052	0.5684	-0.6671
1461.0	23.753934000000005	6.4490940000000005	-12.517560000000001	0.2775073510670984	-0.5445427266222308	0.3420845333908886	-0.78	0.5841	-0.6777
1462.0	23.167296000000004	6.795387	-14.495256000000001	0.8744099552491591	-1.075122819228507	-0.1832595714594046	-0.7597	0.5952	-0.6858
1463.0	22.939704000000003	7.41636	-15.405624000000001	1.8936822384138476	-2.843141351498763	-2.080432468377241	-0.7469	0.6004	-0.6918
1464.0	20.234106000000004	7.657686	-12.503826	0.7696902001294994	-4.731587602156628	-2.2846359908605773	-0.7424	0.6013	-0.6934
1465.0	18.761625000000002	6.166566	-9.652059000000001	0.4886921905584123	-5.379104754646524	-2.4312436480281012	-0.746	0.5986	-0.6898
1466.0	17.606988	6.008625	-9.288108	1.1571532940722404	-4.916592502868026	-2.78554548618295	-0.7571	0.5929	-0.6807
1467.0	17.048799000000002	5.478885	-7.8931260000000005	1.0821041362364843	-5.653121447209633	-2.541199390903744	-0.7747	0.5846	-0.6649
1468.0	16.805511000000003	4.400766	-5.2208820000000005	1.1763519158441782	-5.183627878423159	-1.5481070465189704	-0.7982	0.5731	-0.6436
1469.0	15.94125	3.69837	-2.885121	1.1484266478122689	-4.317944569433972	-0.5619960191421741	-0.8264	0.5595	-0.6171
1470.0	15.108381000000001	2.7624960000000005	-0.5856570000000001	0.9093165402890457	-4.403465702781694	0.6736970912698113	-0.856	0.5452	-0.587
1471.0	16.277733	3.643434	3.179421	0.4118977034706618	-1.0140362954087054	-0.25481807079117214	-0.8876	0.5307	-0.5553
1472.0	15.693057	2.045385	4.020138	-0.26354471705114374	1.1554079648202462	-0.6562437987498679	-0.9181	0.516	-0.526
1473.0	14.215671	0.7416360000000001	5.739831	0.13264502315156904	0.6946410422937431	-0.34033920413889424	-0.9451	0.5033	-0.4993
1474.0	14.981831999999999	0.163827	3.8798550000000005	0.14835298641951802	0.6161012259539983	-0.34033920413889424	-0.9682	0.4924	-0.4773
1475.0	14.709114000000001	1.407735	2.612403	0.08726646259971647	0.4328416544945937	-0.1117010721276371	-0.9868	0.4828	-0.4603
1476.0	14.369688000000002	1.184067	4.1937750000000005	-0.038397243543875255	0.2827433388230814	0.20420352248333654	-1.0	0.4763	-0.4475
1477.0	13.491693	0.948627	5.020758000000001	-0.1832595714594046	0.1308996938995747	0.45029494701453704	-1.0088	0.4719	-0.4403
1478.0	12.335094000000002	1.050651	4.794147000000001	-0.23387411976724015	0.06632251157578452	0.6073745796940266	-1.0133	0.4702	-0.438
1479.0	11.927979	0.692586	5.099238000000001	-0.23387411976724015	0.06632251157578452	0.6073745796940266	-1.015	0.4695	-0.4406
1480.0	11.558142	0.5375880000000001	5.498505000000001	-0.34033920413889424	-0.1361356816555577	0.7661995416255106	-1.0148	0.471	-0.4467
1481.0	9.188046	-1.394001	4.30659	-0.3787364476827695	-0.1832595714594046	0.8482300164692442	-1.0127	0.4729	-0.454
1482.0	8.509194	-0.9447030000000001	5.773185000000001	-0.39968039870670147	-0.19198621771937624	0.8185594191853406	-1.0101	0.4762	-0.4581
1483.0	8.297298	-1.1046060000000002	5.571099	-0.3385938748868999	-0.17976891295541594	0.6911503837897546	-1.0071	0.4804	-0.4585
1484.0	8.354196	-1.496025	5.518125	-0.23387411976724015	-0.1466076571675237	0.4991641660703783	-1.0036	0.4855	-0.455
1485.0	8.346348	-1.886463	5.416101	-0.18675022996339324	-0.12740903539558607	0.39968039870670147	-1.0003	0.4913	-0.4485
1486.0	8.297298	-2.320065	5.356260000000001	-0.09773843811168245	-0.06283185307179587	0.2181661564992912	-0.9972	0.4972	-0.4409
1487.0	8.251191	-2.6055360000000003	5.318001000000001	-0.04363323129985824	-0.06632251157578452	0.0942477796076938	-0.9948	0.5028	-0.4339
1488.0	8.206065	-2.792907	5.279742000000001	-0.022689280275926284	-0.07504915783575616	0.031415926535897934	-0.9923	0.508	-0.4285
1489.0	8.159958	-2.953791	5.245407	-0.003490658503988659	-0.09250245035569947	-0.015707963267948967	-0.9899	0.5135	-0.4243
1490.0	8.135433	-3.106827	5.206167	-0.005235987755982988	-0.07853981633974483	-0.05061454830783556	-0.9883	0.5169	-0.422
1491.0	8.107965	-3.215718	5.175756	0.0017453292519943296	-0.04014257279586958	-0.08726646259971647	-0.9874	0.5201	-0.4211
1492.0	8.079516	-3.179421	5.165946	-0.003490658503988659	-0.012217304763960306	-0.11519173063162574	-0.9876	0.5221	-0.4214
1493.0	8.052048000000001	-3.0734730000000003	5.166926999999999	0.017453292519943295	0.027925268031909273	-0.16929693744344995	-0.9883	0.5233	-0.4233
1494.0	8.025561000000001	-2.9498670000000002	5.16987	0.005235987755982988	0.09599310885968812	-0.21991148575128552	-0.9895	0.5233	-0.4274
1495.0	8.020656	-2.851767	5.171832	0.11868238913561441	0.13962634015954636	-0.32637657012293964	-0.9909	0.5233	-0.4329
1496.0	8.006922000000001	-2.7693630000000002	5.1571169999999995	0.19198621771937624	0.19896753472735357	-0.4293509959906051	-0.9926	0.522	-0.4392
1497.0	8.002017	-2.685978	5.142402000000001	0.26354471705114374	0.22689280275926285	-0.4869468613064179	-0.9949	0.5202	-0.4432
1498.0	7.9922070000000005	-2.640852	5.127687000000001	0.26354471705114374	0.22689280275926285	-0.4869468613064179	-0.9973	0.5183	-0.4458
1499.0	7.98534	-2.6231940000000002	5.108067000000001	0.26354471705114374	0.22689280275926285	-0.4869468613064179	-0.9995	0.5162	-0.4471
1500.0	7.977492000000001	-2.6045550000000004	5.096295	0.317649923862968	0.3089232776029963	-0.5515240436302081	-1.0011	0.5145	-0.4522
1501.0	7.972587	-2.5339229999999997	5.107086	0.32114058236695664	0.3141592653589793	-0.5707226654021458	-1.0027	0.5111	-0.4577
1502.0	7.956891000000001	-2.450538	5.136515999999999	0.3141592653589793	0.30717794835100204	-0.5532693728822025	-1.0043	0.5066	-0.4616
1503.0	7.955910000000001	-2.329875	5.192433	0.2844886680750757	0.25481807079117214	-0.4904375198104066	-1.0058	0.5021	-0.4655
1504.0	7.957872000000001	-2.206269	5.255217	0.29670597283903605	0.2129301687433082	-0.4782202150464463	-1.0076	0.4971	-0.4682
1505.0	7.954929	-2.1160170000000003	5.303286	0.28623399732707	0.21467549799530256	-0.4834562028024293	-1.0087	0.4915	-0.471
1506.0	7.956891000000001	-2.025765	5.369013000000001	0.30717794835100204	0.19373154697137057	-0.5096361415823443	-1.01	0.4858	-0.4742
1507.0	7.951986000000001	-1.913931	5.454360000000001	0.39968039870670147	0.13962634015954636	-0.4869468613064179	-1.0112	0.4804	-0.4791
1508.0	7.948062000000001	-1.769724	5.559327	0.2827433388230814	0.006981317007977318	-0.47123889803846897	-1.0127	0.4748	-0.4845
1509.0	7.952967	-1.6480800000000002	5.6898	0.21991148575128552	-0.16406094968746698	-0.4537856055185257	-1.0145	0.4678	-0.49
1510.0	7.952967	-1.5489990000000002	5.889924000000001	0.21991148575128552	-0.45553093477052004	-0.4921828490624009	-1.0172	0.4602	-0.4904
1511.0	7.814646	-1.424412	6.345108000000001	0.19024088846738194	-0.6911503837897546	-0.460766922526503	-1.0204	0.4537	-0.49
1512.0	7.7253750000000005	-1.376343	6.6727620000000005	0.20943951023931956	-1.3002702927357754	-0.4293509959906051	-1.0236	0.4479	-0.4911
1513.0	7.623351	-1.2880530000000001	6.995511	0.20769418098732523	-1.8308503853420517	-0.38571776469074687	-1.0274	0.442	-0.4931
1514.0	7.504650000000001	-1.132074	7.332975000000001	0.13788101090755203	-2.419026343264141	-0.2792526803190927	-1.0318	0.4361	-0.4868
1515.0	7.366329	-0.9447030000000001	7.6998690000000005	-0.0942477796076938	-3.0333822399661448	-0.2007128639793479	-1.0374	0.4305	-0.478
1516.0	7.205445000000001	-0.759294	8.006922000000001	-0.23561944901923448	-3.679154063204047	-0.10995574287564276	-1.0453	0.426	-0.4625
1517.0	7.00434	-0.632745	8.274735000000002	-0.49741883681838395	-4.36157780073383	-0.04014257279586958	-1.0536	0.4213	-0.4437
1518.0	6.8022540000000005	-0.538569	8.523909	-0.49741883681838395	-4.36157780073383	-0.04014257279586958	-1.0617	0.4168	-0.4246
1519.0	6.511877999999999	-0.5846760000000001	8.723052000000001	-0.7976154681614086	-5.562364326105928	-0.09075712110370514	-1.0718	0.4137	-0.3924
1520.0	6.162642	-0.7475220000000001	8.839791	-0.7539822368615504	-6.558947328994691	-0.3036872898470133	-1.0825	0.4105	-0.3526
1521.0	5.893848	-0.977076	8.804475	-0.2775073510670984	-7.747516549602828	-0.5794493116621174	-1.0934	0.4071	-0.3038
1522.0	5.739831	-1.297863	8.752482	0.4363323129985824	-9.098401390646439	-1.1030480872604163	-1.104	0.4032	-0.2458
1523.0	6.290172	-1.688301	8.54451	0.6614797865058508	-9.840166322744029	-1.5079644737231008	-1.113	0.398	-0.1763
1524.0	7.959834000000001	-1.8570330000000002	8.156034	0.6632251157578453	-10.03738852821939	-1.3962634015954636	-1.1195	0.3923	-0.1058
1525.0	10.200438000000002	-1.936494	7.786197	0.921533845053006	-9.887290212547876	-1.7016960206944713	-1.1219	0.3852	-0.0283
1526.0	12.434175000000002	-2.543733	7.503669	1.8465583486100006	-9.361946107697584	-2.452187599052033	-1.119	0.3759	0.0511
1527.0	14.837625000000001	-3.299103	7.195635000000001	2.652900463031381	-8.967501696746865	-3.029891581462156	-1.1115	0.3655	0.1354
1528.0	17.186139	-3.8818170000000003	7.01415	2.452187599052033	-8.31649388575298	-2.7680921936630067	-1.1003	0.3537	0.2259
1529.0	19.67886	-4.348773	7.621389000000001	1.7226399717184033	-6.642723133090419	-1.6406094968746698	-1.0831	0.341	0.3092
1530.0	21.50352	-4.655826	8.939853000000001	0.640535835481919	-2.8815385950426378	-1.017526953912694	-1.063	0.3287	0.3871
1531.0	22.318731000000003	-4.761774	10.572237000000001	0.29670597283903605	-1.090830782496456	-1.137954672300303	-1.0414	0.3153	0.4568
1532.0	23.272263000000002	-4.685256000000001	12.46851	-0.5235987755982988	1.2793263417118435	-1.3631021458075714	-1.0217	0.301	0.5158
1533.0	23.085873	-4.631301000000001	14.213709000000001	-1.5376350710070041	2.9059732045705586	-1.7523105690023069	-1.0051	0.2855	0.5624
1534.0	21.382857	-4.8549690000000005	15.703848	-2.2043508452688383	3.7821284890717117	-2.029817920069405	-0.9929	0.2682	0.5955
1535.0	18.991179	-5.193414	16.786872000000002	-2.7663468644110125	4.508185457901353	-1.9757127132575811	-0.9868	0.2489	0.6158
1536.0	16.636779	-5.021739	17.827713	-2.7663468644110125	4.508185457901353	-1.9757127132575811	-0.9836	0.2318	0.6278
1537.0	14.156811000000001	-4.881456	18.40356	-3.0211649352021843	5.41401133968641	-1.4346606451393389	-0.9906	0.2097	0.6221
1538.0	11.757285	-5.0070239999999995	18.684126000000003	-2.7471482426390748	5.857324969692971	-0.9616764178488756	-1.0041	0.1868	0.6046
1539.0	9.332253000000001	-5.127687000000001	17.948376	-2.199114857512855	6.089453760208215	-0.4869468613064179	-1.0241	0.1629	0.5745
1540.0	7.737147	-5.262084	16.426845	-1.5114551322270893	6.2186081248557965	0.026179938779914945	-1.049	0.1388	0.5357
1541.0	7.319241	-5.499486	14.441301000000001	-0.9302604913129776	6.161012259539984	0.5288347633542818	-1.0754	0.1168	0.4884
1542.0	6.721812000000001	-5.708439	12.296835000000002	-0.4014257279586958	6.11912435749212	1.007054978400728	-1.1016	0.0974	0.4357
1543.0	6.6472560000000005	-5.80752	10.429011	-0.048869219055841226	6.009168614616477	1.4381513036433275	-1.1258	0.0826	0.379
1544.0	7.100478000000001	-5.815368	8.983998	0.015707963267948967	5.967280712568613	1.6458454846306527	-1.1474	0.0726	0.3194
1545.0	7.809741000000001	-5.708439	7.934328	0.020943951023931952	5.907939518000806	2.0961404316451895	-1.1649	0.0684	0.2566
1546.0	8.643591	-5.580909	6.898392000000001	-0.038397243543875255	5.918411493512772	2.506292805863857	-1.181	0.0663	0.187
1547.0	9.588294000000001	-5.254236	6.355899000000001	-0.06806784082777885	5.988224663592545	2.8309240467348022	-1.1878	0.0739	0.1191
1548.0	10.575180000000001	-4.7990520000000005	5.978214000000001	-0.0645771823237902	6.052801845916335	3.0473448739820994	-1.1887	0.087	0.0486
1549.0	11.589534	-4.272255	5.880114000000001	-0.0471238898038469	6.068509809184284	3.13635666583381	-1.1832	0.1051	-0.0228
1550.0	12.575439000000001	-3.744477	5.934069	-0.038397243543875255	6.051056516664341	3.139847324337799	-1.1717	0.127	-0.0953
1551.0	13.487769	-3.2216040000000006	6.0468839999999995	-0.015707963267948967	5.984734005088556	3.082251459021986	-1.1548	0.1511	-0.1665
1552.0	14.332410000000001	-2.661453	6.169509000000001	-0.10471975511965978	5.832890360165049	2.9251718263424964	-1.132	0.1765	-0.2364
1553.0	15.230025000000001	-2.04048	6.240141	-0.5515240436302081	5.560618996853934	2.7558748888990463	-1.1045	0.2029	-0.3051
1554.0	16.303239	-1.330236	6.206787	-1.2985249634837812	5.171410573659198	2.6075219024795286	-1.0731	0.2305	-0.3716
1555.0	17.506926	-0.553284	5.971347000000001	-2.1659536017249628	4.886921905584122	2.572615317439642	-1.0383	0.2583	-0.4348
1556.0	18.719442	0.237402	5.456322	-2.8902652413026098	4.649557127312893	2.4888395133439136	-1.0015	0.2873	-0.4939
1557.0	19.883889	0.9231210000000001	4.616586000000001	-3.1328660073298216	4.522148091917308	2.3858650874762484	-0.9625	0.3167	-0.5469
1558.0	20.976723000000003	1.42245	3.39426	-3.080506129769992	4.160864936754482	2.0053833105414847	-0.923	0.3468	-0.5922
1559.0	21.892977000000002	1.881558	1.658871	-2.412045026256163	3.673918075448064	1.5323990832510213	-0.8832	0.3766	-0.6302
1560.0	22.580658000000003	2.490759	-0.523854	-1.6126842288427605	2.988003679414292	1.171115928088195	-0.8439	0.405	-0.6608
1561.0	23.180049	3.2314140000000005	-3.0293280000000005	-1.202531854624093	2.2043508452688383	1.0035643198967394	-0.8058	0.432	-0.6852
1562.0	23.749029	4.047606	-5.752584000000001	-1.1885692206081384	1.4521139376592822	0.9756390518648302	-0.7696	0.4588	-0.7054
1563.0	24.094341000000004	4.813767	-8.591598000000001	-1.2444197566719568	1.1257373675363425	0.9669124056048586	-0.7359	0.4837	-0.7228
1564.0	24.069816	5.389614	-11.368809	-1.24965574442794	0.3909537524467298	0.895353906273091	-0.7039	0.508	-0.7375
1565.0	23.769630000000003	5.732964000000001	-13.840929000000001	-0.9459684545809267	-0.32812189937493397	0.6213372137099813	-0.6762	0.5306	-0.7498
1566.0	23.371344	5.966442	-15.811758	-0.35255650890285456	-0.9896016858807849	0.22165681500327983	-0.6521	0.551	-0.7607
1567.0	22.974039	5.723154000000001	-16.354251	0.4328416544945937	-1.5882496193148399	-0.312413936106985	-0.6336	0.5675	-0.77
1568.0	21.343617000000002	5.818311	-16.110963	2.9862583501622977	-2.7349309378751143	-1.8151424220741028	-0.622	0.5779	-0.7793
1569.0	17.826732	5.397462000000001	-12.306645	1.9163715186897738	-4.705407663376713	-1.2671090369478832	-0.6186	0.5827	-0.7887
1570.0	16.105077	3.819033	-9.327348	1.8099064343181197	-5.412266010434417	-1.293288975727798	-0.6228	0.5837	-0.7977
1571.0	14.885694	3.9544110000000003	-8.636724	2.4294983187761066	-5.632177496185701	-1.7470745812463238	-0.6352	0.5804	-0.8014
1572.0	14.290227000000002	3.5316	-6.899373000000001	2.05599785884932	-6.14355896702004	-1.0733774899765127	-0.6561	0.5733	-0.804
1573.0	13.898808	2.779173	-3.930867	1.9163715186897738	-5.096361415823442	-0.32812189937493397	-0.6824	0.5629	-0.8028
1574.0	12.959991	2.368134	-1.375362	1.6214108751027323	-4.8031461014883945	0.3438298626428829	-0.7148	0.5499	-0.7968
1575.0	13.166982	2.302407	1.4979870000000002	1.616174887346749	-3.876376268679406	-0.06283185307179587	-0.7504	0.5354	-0.7871
1576.0	14.18526	3.3530580000000003	4.662693	0.2932153143350474	-0.07330382858376185	-1.1623892818282233	-0.7876	0.5186	-0.774
1577.0	13.735961999999999	2.232756	4.569498	0.3455751918948773	0.8744099552491591	-0.8796459430051421	-0.8229	0.5011	-0.762
1578.0	13.622166000000002	1.603935	5.773185000000001	0.3036872898470133	1.048942880448592	-0.757472895365539	-0.8553	0.4851	-0.7508
1579.0	15.450750000000001	1.639251	3.665997	0.30019663134302466	0.7243116395776468	-0.6562437987498679	-0.883	0.4711	-0.74
1580.0	15.649893	2.695788	2.760534	0.22514747350726852	0.6527531402458793	-0.4834562028024293	-0.9061	0.4583	-0.7296
1581.0	15.432111	1.850166	4.415481000000001	0.16231562043547265	0.46949356878647464	-0.35255650890285456	-0.9241	0.4475	-0.7241
1582.0	14.549211000000001	1.3675140000000001	5.2718940000000005	0.10471975511965978	0.3595378259108319	-0.2426007660272118	-0.9361	0.4384	-0.7187
1583.0	13.531914	1.132074	5.102181000000001	0.10297442586766545	0.28623399732707	-0.21467549799530256	-0.9443	0.4313	-0.7154
1584.0	13.129704	0.610182	5.3964810000000005	0.07853981633974483	0.19373154697137057	-0.11868238913561441	-0.9482	0.4247	-0.716
1585.0	11.610135000000001	-0.21680100000000002	5.227749000000001	0.05759586531581287	0.15184364492350666	-0.05585053606381855	-0.9487	0.4189	-0.7188
1586.0	9.251811000000002	-2.188611	4.509657	0.03316125578789226	0.15358897417550102	-0.07853981633974483	-0.9478	0.4138	-0.7248
1587.0	8.28945	-1.4685570000000001	5.938974000000001	0.08552113334772216	0.15358897417550102	-0.15184364492350666	-0.9475	0.4095	-0.7271
1588.0	8.227647000000001	-1.396944	5.681952000000001	0.10821041362364843	0.16406094968746698	-0.20245819323134223	-0.9471	0.4059	-0.7266
1589.0	8.207046	-1.414602	5.667237	0.1117010721276371	0.16580627893946132	-0.21467549799530256	-0.9471	0.4026	-0.7285
1590.0	8.174673	-1.4253930000000001	5.678028	0.12391837689159739	0.16406094968746698	-0.21642082724729686	-0.9468	0.4	-0.7322
1591.0	8.098155	-1.441089	5.71923	0.09250245035569947	0.15358897417550102	-0.18675022996339324	-0.9465	0.3978	-0.7339
1592.0	8.057934000000001	-1.459728	5.742774000000001	0.09250245035569947	0.14486232791552936	-0.18151424220741028	-0.9458	0.3954	-0.736
1593.0	8.035371000000001	-1.52055	5.720211	0.09250245035569947	0.17976891295541594	-0.19024088846738194	-0.9455	0.3931	-0.7381
1594.0	8.026542000000001	-1.6108020000000003	5.688819	0.12566370614359174	0.20420352248333654	-0.1832595714594046	-0.9448	0.3911	-0.7395
1595.0	8.013789	-1.650042	5.673123	0.10995574287564276	0.2426007660272118	-0.19722220547535926	-0.945	0.3884	-0.7416
1596.0	7.990245000000001	-1.5970680000000002	5.673123	0.13264502315156904	0.26354471705114374	-0.2059488517353309	-0.9446	0.3857	-0.7424
1597.0	7.969644000000001	-1.528398	5.67018	0.13264502315156904	0.30543261909900765	-0.24085543677521748	-0.9441	0.3828	-0.7462
1598.0	7.9490430000000005	-1.498968	5.6603699999999995	0.12391837689159739	0.3595378259108319	-0.28099800957108706	-0.9437	0.3797	-0.7516
1599.0	7.937271000000001	-1.489158	5.646636	0.09948376736367678	0.3612831551628262	-0.30019663134302466	-0.9428	0.3765	-0.754
1600.0	7.913727	-1.518588	5.6603699999999995	0.13264502315156904	0.3665191429188092	-0.3159045946109737	-0.9427	0.3733	-0.7542
1601.0000000000002	7.894107	-1.536246	5.669199	0.1291543646475804	0.3141592653589793	-0.3508111796508603	-0.9428	0.3705	-0.7564
1602.0	7.870563000000001	-1.52055	5.692743000000001	0.143116998663535	0.31066860685499065	-0.3368485456349056	-0.9432	0.3685	-0.7585
1603.0	7.846038	-1.459728	5.742774000000001	0.11344640137963143	0.26878070480712674	-0.34033920413889424	-0.9428	0.3662	-0.7604
1604.0	7.823475	-1.399887	5.818311	0.12566370614359174	0.23561944901923448	-0.3246312408709453	-0.9427	0.3637	-0.763
1605.0	7.794045000000001	-1.281186	5.903658	0.0942477796076938	0.15358897417550102	-0.312413936106985	-0.9418	0.3608	-0.7651
1605.9999999999998	7.7557860000000005	-1.13796	6.012549	0.07853981633974483	0.059341194567807204	-0.2775073510670984	-0.9415	0.3579	-0.7676
1607.0	7.722432	-1.0378980000000002	6.106725000000001	0.0942477796076938	-0.024434609527920613	-0.2827433388230814	-0.9416	0.3546	-0.7699
1607.9999999999998	7.692021	-0.948627	6.189129	0.07504915783575616	-0.07853981633974483	-0.3036872898470133	-0.9419	0.3514	-0.7715
1609.0	7.670439000000001	-0.935874	6.246027000000001	0.10297442586766545	-0.09948376736367678	-0.33161255787892263	-0.9425	0.3487	-0.7729
1610.0000000000002	7.695945	-0.9711900000000001	6.241122	0.16057029118347832	-0.07504915783575616	-0.41364303272265607	-0.9432	0.3451	-0.7741
1611.0	7.7430330000000005	-1.086948	6.231312	0.23911010752322315	0.0017453292519943296	-0.5305800926062761	-0.9438	0.3407	-0.7754
1612.0	7.790121000000001	-1.184067	6.221502	0.2879793265790644	0.08203047484373349	-0.6824237375297829	-0.9445	0.3358	-0.7767
1613.0	7.835247	-1.2753	6.243084	0.26005405854715513	0.048869219055841226	-0.7295476273336297	-0.9461	0.3309	-0.7774
1614.0	7.813665	-1.3194450000000002	6.5785860000000005	0.29670597283903605	-0.22514747350726852	-0.8168140899333461	-0.9482	0.3245	-0.7777
1614.9999999999998	7.753824000000001	-1.3910580000000001	6.762033000000001	0.4188790204786391	-0.640535835481919	-0.8342673824532895	-0.9508	0.3183	-0.7781
1616.0	7.663572	-1.328274	6.983739	0.4363323129985824	-0.8342673824532895	-0.8534660042252271	-0.9544	0.3115	-0.7774
1617.0000000000002	7.585092	-1.2125160000000001	7.255476000000001	0.4241150082346221	-1.2479104151759457	-0.788888821901437	-0.9589	0.3044	-0.7749
1618.0	7.469334	-1.091853	7.538985	0.4939281783143953	-1.6964600329384885	-0.8237954069413236	-0.9646	0.2967	-0.7697
1619.0000000000002	7.378101	-0.958437	7.848000000000001	0.5061454830783556	-2.21307749152881	-0.8028514559173916	-0.9716	0.2869	-0.761
1620.0	7.206426	-0.769104	8.172711	0.6719517620178169	-2.754129559647052	-0.937241808320955	-0.9801	0.2769	-0.7498
1621.0	6.985701	-0.580752	8.508213	0.6161012259539983	-3.330088212805181	-0.8377580409572782	-0.9911	0.2667	-0.7341
1622.0	6.695325	-0.32471099999999997	8.991846	0.7661995416255106	-3.649483465920143	-1.0838494654884787	-1.0046	0.2562	-0.7146
1623.0	6.364728	-0.27958500000000003	9.341082	0.6876597252857658	-4.471533543609472	-1.2775810124598492	-1.0203	0.2437	-0.693
1623.9999999999998	6.0547320000000004	-0.283509	9.434277	0.6527531402458793	-5.511749777798093	-1.610938899590766	-1.0393	0.2305	-0.6677
1625.0	5.6378070000000005	-0.24034500000000003	9.542187	0.2565634000431664	-6.431538293599105	-1.9390607989657	-1.0609	0.216	-0.6372
1626.0000000000002	5.114934	-0.43556400000000006	9.597123	0.4886921905584123	-7.665486074759095	-2.113593724165133	-1.0848	0.1997	-0.6008
1627.0	5.1473070000000005	-0.595467	9.491175	1.3962634015954636	-9.023352232810684	-2.2043508452688383	-1.1105	0.1816	-0.5571
1628.0	6.655104000000001	-0.13439700000000002	8.907480000000001	1.0821041362364843	-9.749409201640326	-2.0961404316451895	-1.137	0.1613	-0.5051
1629.0	8.952606	0.430659	8.462106	0.4520402762665313	-10.098475052039191	-1.7313666179783749	-1.164	0.1406	-0.4449
1630.0	11.141217	0.182466	8.392455	-0.005235987755982988	-10.27126264798663	-1.2304571226560024	-1.1887	0.1198	-0.3756
1630.9999999999998	13.288626	-0.41103900000000004	8.271792	0.9285151620609834	-10.136872295583066	-1.8552849948699723	-1.2091	0.0976	-0.2988
1632.0	15.739164	-1.124226	7.714584	1.8203784098300857	-9.38463538797351	-2.871066619530672	-1.225	0.0731	-0.2145
1632.9999999999998	18.461439	-1.4871960000000002	7.945119	1.4102260356114182	-8.126252997285599	-2.490584842595908	-1.2349	0.0484	-0.1218
1634.0	20.676537	-1.926684	8.709318000000001	0.5026548245743669	-5.991715322096534	-1.2845623294678266	-1.2379	0.0237	-0.024
1635.0000000000002	22.015602000000005	-2.9586959999999998	10.124901000000001	0.29496064358704166	-4.136430327226561	-0.7976154681614086	-1.2347	0.0	0.0737
1636.0	23.019165	-3.897513	11.452194	1.0157816246606999	-0.05061454830783556	-0.3159045946109737	-1.2273	-0.0216	0.1663
1637.0	23.389983	-4.604814	12.920751	1.2967796342317868	1.5917402778188285	0.12740903539558607	-1.2169	-0.0401	0.2481
1638.0	21.80763	-5.568156	14.407947	0.9616764178488756	2.209586833024821	0.38048177693476387	-1.2043	-0.0558	0.3145
1639.0	19.187379	-6.410835	15.417396000000002	0.3839724354387525	2.558652683423687	0.49567350756638956	-1.1902	-0.0691	0.3653
1639.9999999999998	16.658361	-6.343146	15.829416	-0.40840704496667307	2.963569069886372	0.6806784082777885	-1.1758	-0.0817	0.4001
1641.0	14.270607000000002	-5.835969	16.177671	-1.117010721276371	3.464478565208744	0.8342673824532895	-1.1636	-0.0924	0.4188
1642.0000000000002	11.719026000000001	-5.326830000000001	16.714278	-1.3805554383275145	3.715805977495928	0.9110618695410401	-1.1534	-0.0998	0.4231
1643.0	9.000675000000001	-5.029587	16.445484	-1.6964600329384885	4.1975168510463625	1.048942880448592	-1.1468	-0.1049	0.4128
1644.0000000000002	6.884658	-4.686237	15.465465000000002	-1.710422666954443	4.60766922526503	1.1571532940722404	-1.1441	-0.1083	0.39
1645.0	5.837931	-3.80628	13.925295	-1.5760323145508794	4.927064478379992	1.2967796342317868	-1.1445	-0.1108	0.3584
1646.0	5.272875	-2.9312280000000004	12.470472000000001	-1.5760323145508794	4.927064478379992	1.2967796342317868	-1.1455	-0.1124	0.3251
1647.0	4.950126000000001	-2.228832	10.95777	-1.0122909661567112	5.324999547834699	1.5550883635269475	-1.1461	-0.1126	0.2855
1648.0	5.2463880000000005	-1.822698	9.890442	-0.921533845053006	5.400048705670455	1.6214108751027323	-1.1462	-0.111	0.2521
1648.9999999999998	5.872266000000001	-1.55979	9.139977	-0.8813912722571364	5.58330827712986	1.7697638615222502	-1.1461	-0.1075	0.2184
1650.0	6.675705000000001	-1.3321980000000002	8.62299	-0.9285151620609834	5.7473692268173275	1.9181168479417683	-1.1464	-0.1019	0.1858
1651.0000000000002	7.520346	-1.101663	8.223723000000001	-1.14493598930828	5.916666164260777	2.097885760897184	-1.1475	-0.0932	0.154
1652.0	8.393436000000001	-0.8240400000000001	7.925499	-1.3334315485236679	6.051056516664341	2.298598624876532	-1.15	-0.0826	0.1254
1653.0	9.296937	-0.491481	7.732242	-1.5376350710070041	6.2098814785958245	2.4766222085799536	-1.153	-0.0678	0.0932
1654.0	10.234772999999999	-0.157941	7.597845	-1.684242728174528	6.3774330867872795	2.542944720155738	-1.1565	-0.0486	0.0599
1655.0	11.182419	0.091233	7.496802000000001	-1.6824973989225338	6.452482244623036	2.569124658935653	-1.16	-0.0245	0.0248
1655.9999999999998	12.171267	0.27468000000000004	7.430094	-1.551597705022959	6.464699549386996	2.548180707911721	-1.1629	0.0037	-0.0166
1657.0	13.049262	0.35021700000000006	7.474239000000001	-1.3491395117916167	6.27271333166762	2.5673793296836585	-1.1647	0.0347	-0.0563
1657.9999999999998	13.938048000000002	0.417906	7.526232	-1.2583823906879115	6.033603224144397	2.588323280707591	-1.1643	0.069	-0.1038
1659.0	14.858226	0.5366070000000001	7.514460000000001	-1.5254177662430441	5.773549165597243	2.6337018412594433	-1.1605	0.106	-0.1524
1660.0000000000002	15.82353	0.7475220000000001	7.409493	-1.8971728969178363	5.307546255314756	2.731440279371126	-1.1525	0.1461	-0.2012
1661.0	16.871238	1.092834	7.198578	-2.157226955464991	4.99862297771176	2.7977627909469103	-1.14	0.1882	-0.2508
1662.0	18.145557	1.5588090000000001	6.7463370000000005	-2.651155133779387	4.473278872861467	2.8902652413026098	-1.1214	0.2323	-0.3036
1663.0	19.478736	2.06991	5.953689000000001	-2.9042278753185644	4.049163864626845	2.7768188399229783	-1.0982	0.2779	-0.351
1664.0	20.811915000000003	2.4897780000000003	4.729401	-2.6738444140553126	3.6617007706841034	2.3736477827122884	-1.0708	0.3235	-0.3962
1664.9999999999998	22.049937	2.823318	2.98224	-1.8308503853420517	3.312634920285238	1.8099064343181197	-1.0394	0.3674	-0.4338
1666.0	23.017203	3.3403050000000003	0.698472	-0.8569566627292158	2.642428487519415	1.3857914260834978	-1.0055	0.4098	-0.4671
1667.0000000000002	23.791211999999998	4.13982	-2.036556	-0.36302848441482055	1.8640116411299439	1.213003830136059	-0.9693	0.4505	-0.4945
1668.0	24.461235000000002	5.066865	-5.05215	-0.27576202181510406	1.5428710587629875	1.1623892818282233	-0.9336	0.4876	-0.517
1669.0000000000002	24.916419	6.0194160000000005	-8.137395	-0.26005405854715513	0.937241808320955	1.017526953912694	-0.9001	0.5211	-0.5342
1670.0	25.051797	6.867	-11.156913000000001	-0.24783675378319478	0.1954768762233649	0.8028514559173916	-0.8704	0.5506	-0.5482
1671.0	24.919362000000003	7.431075	-13.892922	0.022689280275926284	-0.5480333851262195	0.4328416544945937	-0.8437	0.5758	-0.5578
1672.0	24.500475	7.723413000000001	-16.102134	0.47298422729046335	-1.1135200627723822	-0.017453292519943295	-0.8228	0.5966	-0.5633
1673.0	24.286617	7.770501	-16.800606	2.478367537831948	-2.5080381351158514	-1.7802358370342162	-0.8079	0.6105	-0.5666
1673.9999999999998	21.143493	7.307469	-15.930458999999999	1.6283921921107094	-3.122394031817856	-1.8989182261698305	-0.7997	0.6183	-0.5654
1675.0	17.477496000000002	6.154794	-11.690577000000001	0.8045967851693859	-5.094616086571447	-1.7383479349863522	-0.7995	0.6216	-0.5628
1676.0000000000002	16.046217	4.5626310000000005	-9.661869000000001	1.9669860669976094	-4.860741966804208	-2.853613327010729	-0.8071	0.6191	-0.5553
1677.0	14.700285000000001	4.723515	-8.972226000000001	1.3735741213195374	-5.736897251305361	-2.5795966344476193	-0.8229	0.6114	-0.5432
1678.0	14.252949000000001	4.0132710000000005	-6.5530800000000005	1.307251609743753	-4.858996637552213	-1.6458454846306527	-0.8437	0.6005	-0.5268
1679.0	13.413213	2.917494	-3.4305570000000003	1.2304571226560024	-4.485496177625427	-0.582939970166106	-0.8675	0.5875	-0.5072
1680.0	12.129084	2.186649	-0.998658	1.530653753999027	-4.797910113732412	0.5881759579220891	-0.8931	0.5741	-0.4835
1680.9999999999998	13.217994	2.066967	2.904741	0.9546951008408983	-1.6999506914424771	-0.5253441048502933	-0.9195	0.5593	-0.4613
1682.0	12.992364	1.4813100000000001	4.2879510000000005	0.3508111796508603	0.7033676885537148	-1.0192722831646885	-0.9452	0.5437	-0.4401
1682.9999999999998	12.108483	0.613125	5.148288000000001	0.26878070480712674	0.8255407361933178	-0.6614797865058508	-0.9685	0.5297	-0.4199
1684.0	13.160115	0.5935050000000001	5.4651510000000005	0.16929693744344995	0.5201081170943103	-0.3543018381548489	-0.989	0.5178	-0.4023
1685.0000000000002	14.886675000000002	1.459728	2.902779	0.05061454830783556	0.3385938748868999	-0.022689280275926284	-1.0049	0.5068	-0.3885
1686.0	14.612976000000002	2.5545240000000002	2.977335	-0.026179938779914945	0.22514747350726852	0.1832595714594046	-1.016	0.4983	-0.3777
1687.0	14.389308000000002	1.5127020000000002	4.780413	-0.054105206811824215	0.17627825445142728	0.3089232776029963	-1.0232	0.4929	-0.3707
1688.0	13.255272	1.185048	5.144364	-0.07679448708775051	0.03316125578789226	0.3508111796508603	-1.0267	0.4897	-0.3673
1689.0	12.561705	1.1458080000000002	4.959936000000001	-0.14835298641951802	-0.06981317007977318	0.4782202150464463	-1.0285	0.4886	-0.367
1689.9999999999998	12.469491	0.726921	5.486733	-0.20420352248333654	-0.13264502315156904	0.635299847725936	-1.0284	0.4871	-0.3702
1691.0	10.082718000000002	-0.30999600000000005	4.33602	-0.2844886680750757	-0.17976891295541594	0.7627088831215221	-1.0267	0.4873	-0.3724
1692.0000000000002	8.970264	-0.854451	5.387652	-0.3159045946109737	-0.19896753472735357	0.7766715171374766	-1.0248	0.4897	-0.3729
1693.0	8.158977	-1.01043	5.786919	-0.29670597283903605	-0.20943951023931956	0.7155849933176751	-1.0225	0.4929	-0.3709
1694.0000000000002	8.249229	-1.4332410000000002	5.6073960000000005	-0.27401669256310973	-0.19198621771937624	0.6440264939859076	-1.0194	0.4967	-0.3664
1695.0	8.218818	-1.9237410000000001	5.456322	-0.17453292519943295	-0.16755160819145562	0.47472955654245763	-1.0166	0.5014	-0.3602
1696.0	8.178597	-2.297502	5.3935379999999995	-0.08552113334772216	-0.09773843811168245	0.2827433388230814	-1.014	0.5075	-0.3525
1697.0	8.127585	-2.5113600000000003	5.350374	-0.005235987755982988	-0.08377580409572781	0.10471975511965978	-1.0112	0.5125	-0.3451
1698.0	8.080497000000001	-2.7026550000000005	5.303286	0.010471975511965976	-0.05585053606381855	0.006981317007977318	-1.0094	0.5178	-0.3391
1698.9999999999998	8.062839	-2.9057220000000004	5.247369000000001	0.020943951023931952	-0.06981317007977318	-0.06981317007977318	-1.0075	0.5217	-0.334
1700.0	8.055972	-3.147048	5.186547	0.024434609527920613	-0.03665191429188092	-0.13962634015954636	-1.0061	0.5255	-0.3307
1701.0000000000002	8.042238	-3.268692	5.146326	0.031415926535897934	0.010471975511965976	-0.18151424220741028	-1.0058	0.5288	-0.3294
1702.0	8.025561000000001	-3.263787	5.128668000000001	0.07504915783575616	0.06632251157578452	-0.24958208303518914	-1.0054	0.5308	-0.3292
1703.0	8.006922000000001	-3.180402	5.118858	0.09948376736367678	0.11519173063162574	-0.291469985083053	-1.0057	0.5313	-0.331
1704.0	7.9922070000000005	-3.084264	5.112972	0.1361356816555577	0.19198621771937624	-0.3543018381548489	-1.0064	0.531	-0.3351
1705.0	7.990245000000001	-2.956734	5.118858	0.16580627893946132	0.26354471705114374	-0.4625122517784973	-1.0081	0.53	-0.3405
1705.9999999999998	8.002017	-2.8262610000000006	5.11101	0.24434609527920614	0.33510321638291124	-0.5532693728822025	-1.0103	0.5277	-0.3474
1707.0	8.01477	-2.757591	5.084523	0.24609142453120045	0.3717551306747922	-0.5916666164260777	-1.0129	0.5261	-0.3542
1707.9999999999998	8.020656	-2.681073	5.087466	0.3141592653589793	0.40840704496667307	-0.6667157742618339	-1.0145	0.5242	-0.3596
1709.0	8.002998	-2.582973	5.131611	0.2932153143350474	0.4188790204786391	-0.6754424205218056	-1.016	0.5212	-0.3632
1710.0000000000002	7.964739	-2.3779440000000003	5.221863	0.28099800957108706	0.32114058236695664	-0.6213372137099813	-1.0173	0.5169	-0.3649
1711.0	7.934328	-2.082663	5.318001000000001	0.18151424220741028	0.21467549799530256	-0.44505895925855404	-1.0192	0.5117	-0.3637
1712.0	7.904898	-1.839375	5.427873000000001	0.09250245035569947	0.08377580409572781	-0.24609142453120045	-1.0216	0.5058	-0.362
1713.0	7.870563000000001	-1.6480800000000002	5.518125	0.048869219055841226	0.029670597283903602	-0.1117010721276371	-1.0233	0.5012	-0.361
1714.0	7.864677	-1.585296	5.556384	-0.017453292519943295	-0.03316125578789226	-0.0942477796076938	-1.0254	0.4966	-0.3608
1714.9999999999998	7.871544	-1.601973	5.587776	0.041887902047863905	-0.005235987755982988	-0.2181661564992912	-1.0268	0.4918	-0.3622
1716.0	7.874487	-1.609821	5.671161	0.15707963267948966	-0.017453292519943295	-0.3438298626428829	-1.028	0.487	-0.3647
1717.0000000000002	7.876449	-1.600011	5.772204	0.21118483949131386	-0.0645771823237902	-0.43458698374658805	-1.0283	0.4816	-0.3688
1718.0	7.879392000000001	-1.575486	5.888942999999999	0.20420352248333654	-0.22863813201125716	-0.5218534463463045	-1.0306	0.4753	-0.3727
1719.0000000000002	7.848000000000001	-1.51074	6.099858	0.18151424220741028	-0.4886921905584123	-0.5427973973702365	-1.0337	0.4702	-0.3767
1720.0	7.766577	-1.527417	6.418683000000001	0.2181661564992912	-0.7068583470577035	-0.5270894341022875	-1.037	0.466	-0.3806
1721.0	7.719489000000001	-1.6784910000000002	6.626655	0.23561944901923448	-1.2042771838760873	-0.5061454830783556	-1.0403	0.4619	-0.3843
1722.0	7.639047	-1.690263	6.872886	0.21118483949131386	-1.7174039839624204	-0.46600291028248597	-1.044	0.4579	-0.3859
1723.0	7.578225	-1.6726050000000001	7.154433	0.1413716694115407	-2.272418686096617	-0.3700098014227979	-1.0492	0.4528	-0.3873
1723.9999999999998	7.48503	-1.5136830000000001	7.484049000000001	0.0471238898038469	-2.8064894372068823	-0.30194196059501904	-1.0545	0.4478	-0.3826
1725.0	7.330032	-1.225269	7.813665	-0.23212879051524585	-3.380702761113016	-0.24609142453120045	-1.0604	0.443	-0.3759
1726.0000000000002	7.12206	-0.9623610000000001	8.106984	-0.33161255787892263	-4.024729255098924	-0.1832595714594046	-1.0672	0.4393	-0.363
1727.0	6.834627	-0.7200540000000001	8.410112999999999	-0.5532693728822025	-4.440117617073574	-0.2007128639793479	-1.0753	0.4346	-0.3433
1728.0	6.539346	-0.759294	8.601408000000001	-0.7330382858376184	-5.246459731494955	-0.31066860685499065	-1.083	0.4308	-0.3187
1729.0	6.225426000000001	-0.759294	8.762292	-0.7871434926494426	-6.234316088123745	-0.47472955654245763	-1.0907	0.4274	-0.2877
1730.0	5.904639	-0.860337	8.747577000000001	-0.41015237421866746	-7.421139979479889	-0.47123889803846897	-1.0989	0.4236	-0.25
1730.9999999999998	5.606415	-1.041822	8.872164	0.09773843811168245	-8.901179185171081	-0.8063421144213803	-1.1064	0.4201	-0.2052
1732.0	6.077295000000001	-1.3047300000000002	8.827038000000002	-0.006981317007977318	-10.000736613927508	-0.9407324668249436	-1.113	0.4166	-0.153
1732.9999999999998	7.783254	-1.360647	8.391474	-0.1832595714594046	-10.313150550034493	-0.8185594191853406	-1.1163	0.4126	-0.0898
1734.0	10.120977000000002	-1.375362	8.016732000000001	-0.15533430342749532	-10.438814256178086	-0.7190756518216638	-1.1163	0.4085	-0.0205
1735.0000000000002	12.514617000000001	-1.9875060000000002	7.728318	0.3595378259108319	-9.847147639752007	-1.4346606451393389	-1.1117	0.4036	0.057
1736.0	15.033825	-2.912589	7.439904	1.3089969389957472	-9.423032631517385	-2.2776546738526	-1.1021	0.3966	0.14
1737.0	17.624646000000002	-3.6964080000000004	7.289811	1.642354826126664	-8.628907821859965	-2.569124658935653	-1.0873	0.3898	0.2242
1738.0	20.171322	-4.244787	8.090307000000001	1.2618730491919001	-6.86088928958971	-1.7418385934903409	-1.0671	0.3815	0.3069
1739.0	21.935160000000003	-4.853988	9.493137	0.46600291028248597	-3.2166418114255495	-1.0035643198967394	-1.0425	0.373	0.3889
1739.9999999999998	22.649328000000004	-5.077656	11.151027000000001	0.18500490071139894	-1.2671090369478832	-1.0053096491487339	-1.0149	0.3647	0.4694
1741.0	23.687226000000003	-5.165946	12.88053	-0.5026548245743669	1.101302758008422	-1.038470904936626	-0.9874	0.3556	0.5396
1742.0000000000002	23.992317	-5.2895520000000005	14.722847999999999	-0.5026548245743669	1.101302758008422	-1.038470904936626	-0.96	0.3473	0.6004
1743.0	22.153923000000002	-5.543631	16.161975	-2.0612338466053033	3.5185837720205684	-1.5323990832510213	-0.9429	0.3347	0.6436
1744.0000000000002	19.595475	-5.8487219999999995	17.193987	-2.5569073541716927	4.202752838802346	-1.5847589608108512	-0.9317	0.3194	0.6714
1745.0	17.046837	-5.647617	17.90325	-2.7890361446869387	4.820599394008338	-1.4049900478554354	-0.9275	0.3023	0.6861
1746.0	14.444244	-5.213034	18.401598	-2.8047441079548876	5.101597403579426	-1.2531464029319286	-0.9305	0.2839	0.6861
1747.0	11.850480000000001	-4.944240000000001	18.578178	-2.5970499269675624	5.54665636283798	-0.8761552845011534	-0.9403	0.2651	0.6745
1748.0	9.310671000000001	-4.6872180000000006	17.870877	-2.5970499269675624	5.54665636283798	-0.8761552845011534	-0.9546	0.2475	0.6591
1748.9999999999998	7.638066	-4.491999	16.208082	-1.7243853009703975	5.9061941887488105	-0.029670597283903602	-0.9775	0.2282	0.6267
1750.0	7.127946000000001	-4.576365000000001	14.272569	-1.2252211349000195	5.859070298944964	0.3944444109507185	-1.0036	0.2098	0.583
1751.0000000000002	6.315678000000001	-4.633263	12.179115000000001	-0.8272860654453121	5.750859885321316	0.8115781021773633	-1.031	0.1935	0.5358
1752.0	5.612301	-4.638168	10.072908	-0.5672320068981571	5.647885459453651	1.233947781159991	-1.0594	0.1779	0.4831
1753.0	5.806539	-4.701933	8.747577000000001	-0.5672320068981571	5.647885459453651	1.233947781159991	-1.0798	0.1676	0.4375
1754.0	6.405930000000001	-4.660731	7.812684	-0.4014257279586958	5.656612105713623	1.8517943363659835	-1.0983	0.1631	0.3855
1755.0	7.143642	-4.558707	7.1505090000000004	-0.33161255787892263	5.832890360165049	2.2479840765686965	-1.1145	0.1625	0.3311
1755.9999999999998	8.005941000000002	-4.354659000000001	6.717888	-0.2181661564992912	6.030112565640408	2.5813419636996136	-1.1267	0.1669	0.2746
1757.0	8.975169000000001	-4.034853	6.4284930000000005	-0.16057029118347832	6.258750697651666	2.8466320100027516	-1.1354	0.1761	0.2167
1757.9999999999998	9.990504	-3.6542250000000003	6.120459	-0.1710422666954443	6.3948863793072235	2.9670597283903604	-1.1424	0.1882	0.1521
1759.0	11.020554	-3.2559389999999997	6.073371	-0.18500490071139894	6.42979296434711	2.9949849964222692	-1.1433	0.2049	0.0924
1760.0000000000002	12.039813	-2.883159	6.107706	-0.15707963267948966	6.3617251235193315	2.965314399138366	-1.1414	0.2243	0.0315
1761.0	12.995307	-2.524113	6.216597000000001	-0.1954768762233649	6.152285613280012	2.8675759610266836	-1.1359	0.2455	-0.0305
1762.0	13.875264000000001	-2.1503520000000003	6.294096	-0.4904375198104066	5.843362335677016	2.6860617188192735	-1.1273	0.2688	-0.0931
1763.0	14.903352000000002	-1.688301	6.303906	-1.0367255756846316	5.3930673886624785	2.530727415391778	-1.1158	0.2952	-0.1614
1764.0	15.916725000000001	-1.1870100000000001	6.07239	-1.656317460142619	4.988151002199794	2.4975661596038856	-1.0994	0.3225	-0.2239
1764.9999999999998	17.413731	-0.612144	5.563251000000001	-2.129301687433082	4.776966162708479	2.4609142453120048	-1.0782	0.352	-0.2851
1766.0	18.811656	-0.063765	4.690161000000001	-2.2706733568446227	4.73682358991261	2.4225170017681297	-1.0528	0.3826	-0.3435
1767.0000000000002	20.027115000000002	0.34531200000000006	3.4256520000000004	-2.179916235740918	4.476769531365456	2.218313479284793	-1.0234	0.4134	-0.3972
1768.0	21.069918	0.6504030000000001	1.6775100000000003	-1.5393804002589988	4.009021291830975	1.8151424220741028	-0.9906	0.4438	-0.445
1769.0000000000002	21.94497	1.100682	-0.481671	-0.6771877497737998	3.406882699892931	1.3823007675795091	-0.9551	0.4722	-0.4875
1770.0	22.732713	1.810926	-2.9645820000000005	-0.19198621771937624	2.647664475275398	1.1676252695842066	-0.9181	0.4984	-0.5236
1771.0	23.494950000000003	2.7222750000000002	-5.723154000000001	-0.33335788713091696	1.8971728969178363	1.1431906600562858	-0.8808	0.5227	-0.5532
1772.0	24.106113	3.669921	-8.609256	-0.47472955654245763	1.5271630954950384	1.1588986233242349	-0.8439	0.545	-0.5778
1773.0	24.465159	4.531239	-11.449251	-0.6981317007977318	0.7592182246175333	1.1047934165124105	-0.8076	0.5653	-0.5973
1773.9999999999998	24.506361000000002	5.2032240000000005	-13.922352	-0.5305800926062761	-0.026179938779914945	0.8377580409572782	-0.7737	0.5826	-0.6128
1775.0	23.909913000000003	5.782014	-16.149222	-0.5305800926062761	-0.026179938779914945	0.8377580409572782	-0.7438	0.5965	-0.6235
1776.0000000000002	21.760542	6.381405	-17.842428	2.076941809873252	-2.907718533822553	-1.5009831567151235	-0.7215	0.6057	-0.632
1777.0	18.877383	6.311754	-15.747993000000001	1.2252211349000195	-5.192354524683131	-1.7348572764823638	-0.7075	0.6096	-0.6374
1778.0	17.312688	4.96386	-12.292911000000002	0.9826203688728075	-5.9655353833166185	-1.736602605734358	-0.7032	0.6096	-0.6384
1779.0	15.888276	3.4570440000000002	-8.437581	0.9826203688728075	-5.9655353833166185	-1.736602605734358	-0.7029	0.6086	-0.6388
1780.0	15.093666	3.127428	-7.03377	1.4172073526193956	-5.8398716771730275	-1.8203784098300857	-0.715	0.6028	-0.6322
1780.9999999999998	14.80329	2.229813	-4.1761170000000005	1.4067353771074296	-5.286602304290824	-1.043706892692609	-0.7324	0.5945	-0.6231
1782.0	13.806594	1.496025	-1.647099	1.3212142437597074	-4.473278872861467	-0.19024088846738194	-0.754	0.5839	-0.6095
1782.9999999999998	12.779487	0.968247	0.7416360000000001	1.1623892818282233	-4.588470603493092	0.7976154681614086	-0.7796	0.5724	-0.5908
1784.0	13.857606000000002	1.7658	5.096295	0.7243116395776468	-1.4643312424232426	-0.19373154697137057	-0.8078	0.5604	-0.5669
1785.0000000000002	13.379859	0.623916	6.191091	-0.26354471705114374	1.1431906600562858	-0.6492624817418906	-0.8363	0.5478	-0.5427
1786.0	14.041053000000002	-0.673947	8.605332	0.10122909661567112	0.8133234314293576	-0.3490658503988659	-0.8615	0.5363	-0.5161
1787.0	14.902371	-1.084005	7.688097	0.15707963267948966	0.8133234314293576	-0.47123889803846897	-0.8834	0.5263	-0.4922
1788.0	14.746392000000002	-0.08142300000000001	5.877171	0.16580627893946132	0.6475171524898963	-0.3769911184307752	-0.9011	0.5174	-0.474
1789.0	14.594337000000001	1.047708	4.083903	0.10995574287564276	0.4782202150464463	-0.20420352248333654	-0.9185	0.5084	-0.4576
1789.9999999999998	13.861530000000002	0.768123	5.063922	0.027925268031909273	0.28099800957108706	0.0017453292519943296	-0.9271	0.5031	-0.4499
1791.0	12.61566	0.7848	4.882437	-0.0471238898038469	0.1291543646475804	0.14486232791552936	-0.9326	0.4996	-0.4461
1792.0000000000002	12.173229	0.5160060000000001	5.183604	-0.07504915783575616	0.10122909661567112	0.20769418098732523	-0.9357	0.498	-0.4459
1793.0	11.869119	-0.008829	5.628978	-0.12042771838760874	0.013962634015954637	0.26878070480712674	-0.9372	0.4963	-0.45
1794.0000000000002	9.488232	-1.8786150000000001	3.937734	-0.12391837689159739	0.0	0.26005405854715513	-0.9368	0.4948	-0.4577
1795.0	8.669097	-1.8884250000000002	5.487714	-0.09250245035569947	0.015707963267948967	0.16755160819145562	-0.9363	0.4942	-0.4662
1796.0	8.206065	-1.780515	5.516163000000001	-0.026179938779914945	0.015707963267948967	0.04014257279586958	-0.9365	0.494	-0.4752
1797.0	8.345367000000001	-1.822698	5.4926189999999995	-0.026179938779914945	0.015707963267948967	0.04014257279586958	-0.9365	0.4944	-0.4827
1798.0	8.298279	-1.882539	5.509296	0.05235987755982989	0.03316125578789226	-0.10821041362364843	-0.9355	0.4947	-0.4867
1798.9999999999998	8.245305	-2.0689290000000002	5.505372	0.08377580409572781	0.06283185307179587	-0.16057029118347832	-0.9345	0.4948	-0.4894
1800.0	8.195274000000001	-2.264148	5.480847	0.14486232791552936	0.10471975511965978	-0.2181661564992912	-0.934	0.4953	-0.4912
1801.0000000000002	8.16192	-2.385792	5.4239489999999995	0.16406094968746698	0.11344640137963143	-0.24609142453120045	-0.9337	0.4953	-0.4924
1802.0	8.144262000000001	-2.463291	5.389614	0.15707963267948966	0.14486232791552936	-0.23911010752322315	-0.9329	0.4947	-0.4919
1803.0	8.118756000000001	-2.487816	5.382747	0.17278759594743864	0.13264502315156904	-0.22863813201125716	-0.9326	0.4939	-0.4918
1804.0	8.091288	-2.430918	5.386671000000001	0.158824961931484	0.143116998663535	-0.23561944901923448	-0.9327	0.4927	-0.4925
1805.0	8.060877	-2.303388	5.405310000000001	0.16231562043547265	0.15009831567151233	-0.24434609527920614	-0.9329	0.491	-0.4927
1805.9999999999998	8.042238	-2.1572190000000004	5.4239489999999995	0.2234021442552742	0.20420352248333654	-0.24609142453120045	-0.9332	0.4883	-0.4937
1807.0	8.017713	-1.997316	5.458284	0.14835298641951802	0.2007128639793479	-0.2565634000431664	-0.9336	0.4853	-0.4952
1807.9999999999998	8.003979	-1.9247220000000003	5.481828	0.19722220547535926	0.23736477827122882	-0.2792526803190927	-0.935	0.4824	-0.4979
1809.0	7.987302000000001	-1.8315270000000001	5.504391000000001	0.17453292519943295	0.24609142453120045	-0.2984513020910304	-0.9369	0.4796	-0.4997
1810.0000000000002	7.978473000000001	-1.74618	5.524992000000001	0.21118483949131386	0.25481807079117214	-0.3246312408709453	-0.9388	0.4767	-0.5012
1811.0	7.969644000000001	-1.704978	5.548536	0.20245819323134223	0.25132741228718347	-0.33335788713091696	-0.9405	0.4741	-0.5024
1812.0	7.962777	-1.658871	5.574042	0.18675022996339324	0.25481807079117214	-0.33161255787892263	-0.9427	0.472	-0.5039
1813.0	7.952967	-1.6009920000000002	5.609358	0.17976891295541594	0.21642082724729686	-0.3246312408709453	-0.9438	0.4697	-0.5059
1814.0	7.930404	-1.5195690000000002	5.656446	0.158824961931484	0.18151424220741028	-0.291469985083053	-0.9449	0.4665	-0.5086
1814.9999999999998	7.902936	-1.414602	5.717268	0.158824961931484	0.11693705988362008	-0.26529004630313807	-0.9458	0.4634	-0.5113
1816.0	7.877430000000001	-1.3115970000000001	5.774166	0.14486232791552936	0.054105206811824215	-0.22514747350726852	-0.9463	0.46	-0.5149
1817.0000000000002	7.864677	-1.2703950000000002	5.806539	0.1361356816555577	0.008726646259971648	-0.24958208303518914	-0.947	0.4564	-0.5169
1818.0	7.8676200000000005	-1.279224	5.835969	0.14835298641951802	-0.027925268031909273	-0.2792526803190927	-0.9475	0.4532	-0.5182
1819.0000000000002	7.885278	-1.344951	5.864418000000001	0.18675022996339324	-0.013962634015954637	-0.36477381366681483	-0.948	0.4501	-0.5201
1820.0	7.904898	-1.41264	5.901696	0.24434609527920614	-0.041887902047863905	-0.44505895925855404	-0.9483	0.4466	-0.5213
1821.0	7.922556	-1.446975	5.946822	0.2792526803190927	-0.10471975511965978	-0.5078908123303499	-0.949	0.442	-0.5218
1822.0	7.933347	-1.4685570000000001	6.04296	0.32114058236695664	-0.2565634000431664	-0.5532693728822025	-0.9498	0.4364	-0.5238
1823.0	7.812684	-1.3783050000000001	6.346089000000001	0.2897246558310587	-0.6667157742618339	-0.5131268000863328	-0.9523	0.4305	-0.5252
1823.9999999999998	7.764615	-1.342008	6.515802000000001	0.2565634000431664	-0.8621926504851988	-0.5078908123303499	-0.9555	0.4253	-0.5239
1825.0	7.701831	-1.2919770000000002	6.729660000000001	0.2844886680750757	-1.2566370614359172	-0.49567350756638956	-0.9596	0.4196	-0.5214
1826.0000000000002	7.625313	-1.207611	6.969024000000001	0.24783675378319478	-1.7400932642383466	-0.4276056667386107	-0.9648	0.4147	-0.5159
1827.0	7.539966	-1.0732140000000001	7.228989	0.23561944901923448	-2.223549467040776	-0.3909537524467298	-0.9706	0.4097	-0.5094
1828.0	7.423227000000001	-0.8789760000000001	7.500726	0.24783675378319478	-2.7523842303950574	-0.3490658503988659	-0.9775	0.4037	-0.5011
1829.0	7.263324	-0.648441	7.771482000000001	0.09250245035569947	-3.3231068957972036	-0.27576202181510406	-0.9859	0.3981	-0.4896
1830.0	7.098516000000001	-0.426735	8.028504	0.09250245035569947	-3.3231068957972036	-0.27576202181510406	-0.994	0.3933	-0.4779
1830.9999999999998	6.879753000000001	-0.24721200000000002	8.258058	-0.22514747350726852	-4.279547325890096	-0.23561944901923448	-1.0045	0.3883	-0.458
1832.0	6.536403	-0.22268700000000002	8.48565	-0.4642575810304917	-5.077162794051504	-0.32986722862692824	-1.0163	0.384	-0.4321
1832.9999999999998	6.392196	-0.419868	8.392455	-0.7347836150896128	-5.942846103040692	-0.6073745796940266	-1.0281	0.38	-0.3999
1834.0	6.051789	-0.5395500000000001	8.462106	-0.5462880558742251	-6.8329640215578005	-0.8674286382411819	-1.0408	0.3758	-0.3614
1835.0000000000002	5.842836	-0.896634	8.422866	0.4118977034706618	-7.890633548266364	-1.3840460968315034	-1.0536	0.3709	-0.316
1836.0	5.643693000000001	-1.2919770000000002	8.361063	0.4118977034706618	-7.890633548266364	-1.3840460968315034	-1.0654	0.366	-0.2723
1837.0	6.640389	-1.538208	7.908822000000001	1.2531464029319286	-8.859291283123218	-1.9303341527057283	-1.0764	0.3581	-0.2132
1838.0	8.793684	-1.4136210000000002	7.635123	0.9546951008408983	-9.360200778445588	-1.8011797880581482	-1.0848	0.349	-0.147
1839.0	10.892043000000001	-2.1631050000000003	7.46541	1.6336281798666923	-9.147270609702282	-2.3230332344044524	-1.09	0.3379	-0.0751
1839.9999999999998	13.002174	-2.666358	7.221141	2.8571039855147173	-8.806931405563388	-3.103195410045918	-1.0922	0.3249	0.0055
1841.0	15.298695000000002	-3.115656	7.1711100000000005	3.129375348825833	-8.267624666697138	-3.368485456349056	-1.0889	0.3109	0.0857
1842.0000000000002	17.742366	-3.655206	7.914708	2.155481626212997	-7.061602153569058	-2.2968532956245378	-1.0813	0.2956	0.168
1843.0	19.274688	-4.131972	9.401904	1.2880529879718152	-5.099852074327431	-1.1431906600562858	-1.0688	0.2802	0.2509
1844.0000000000002	19.984932	-4.629339	10.916568	0.8534660042252271	-3.368485456349056	-0.8534660042252271	-1.0531	0.2651	0.3294
1845.0	20.674575	-4.834368	12.47832	0.6562437987498679	-0.32986722862692824	-0.9546951008408983	-1.0361	0.2513	0.3999
1846.0	21.150360000000003	-4.917753	13.811499	0.048869219055841226	1.4922565104551517	-0.9546951008408983	-1.0197	0.2374	0.4681
1847.0	20.086956	-5.050188	15.179013	-0.7696902001294994	2.562143341927676	-1.1763519158441782	-1.0051	0.2265	0.5159
1848.0	17.724708	-5.496543000000001	16.057008	-1.4590952546672593	3.2812189937493397	-1.293288975727798	-0.9939	0.2157	0.5506
1848.9999999999998	15.416415	-5.081580000000001	16.609311	-2.131047016685076	3.9095375244672983	-1.181587903600161	-0.9866	0.2046	0.5732
1850.0	13.096350000000001	-4.911867000000001	17.23617	-2.131047016685076	3.9095375244672983	-1.181587903600161	-0.9822	0.1953	0.5871
1851.0000000000002	10.706634	-4.952088000000001	17.379396	-2.6406831582674206	4.7019170048727235	-0.7295476273336297	-0.9864	0.1845	0.5864
1852.0	8.345367000000001	-4.833387	16.553394	-2.5394540616517496	5.054473513775579	-0.34732052114687156	-0.997	0.1737	0.5736
1853.0	6.889563000000001	-4.7048760000000005	14.997528	-2.150245638457014	5.295328950550796	0.07679448708775051	-1.0134	0.1624	0.5493
1854.0	6.455961	-4.548897	13.329828000000001	-1.6772614111665507	5.438445949214331	0.5305800926062761	-1.0346	0.1516	0.5163
1855.0	6.007644000000001	-4.420386000000001	11.642508000000001	-1.2618730491919001	5.473352534254218	0.9948376736367679	-1.0584	0.1415	0.4779
1855.9999999999998	5.890905000000001	-4.342887	10.168065	-0.9093165402890457	5.480333851262195	1.4625859131712482	-1.0831	0.1331	0.4365
1857.0	6.225426000000001	-4.299723	9.027162	-0.7749261878854823	5.515240436302081	1.6964600329384885	-1.1076	0.1279	0.3932
1857.9999999999998	6.832665	-4.2575400000000005	8.189388000000001	-0.5864306286700948	5.5780722893738774	2.10835773640915	-1.1309	0.1269	0.3486
1859.0	7.596864	-4.165326	7.584111	-0.49741883681838395	5.729915934297384	2.466150233067988	-1.1514	0.131	0.3013
1860.0000000000002	8.46603	-4.00248	7.006302	-0.3961897402027128	5.852088981936987	2.769837522915001	-1.1718	0.1379	0.2466
1861.0	9.365607	-3.5934030000000003	6.727698	-0.3595378259108319	5.94633676154468	3.029891581462156	-1.1847	0.1524	0.1896
1862.0	10.306386	-3.100941	6.554061000000001	-0.40840704496667307	6.035348553396392	3.181735226385663	-1.192	0.172	0.1283
1863.0	11.248146000000002	-2.6006310000000004	6.4667520000000005	-0.44331363000655966	6.070255138436278	3.2271137869375153	-1.1945	0.1972	0.0633
1864.0	12.193830000000002	-2.168991	6.450075	-0.44331363000655966	6.070255138436278	3.2131511529215606	-1.1904	0.2262	-0.0036
1864.9999999999998	13.140495	-1.7942490000000002	6.496182	-0.3752457891787809	5.981243346584567	3.129375348825833	-1.1798	0.2582	-0.0716
1866.0	14.012604	-1.4352030000000002	6.545232	-0.3665191429188092	5.852088981936987	3.0106929596902186	-1.1629	0.2922	-0.1393
1867.0000000000002	14.84253	-1.0408410000000001	6.531498	-0.6213372137099813	5.609488215909775	2.9042278753185644	-1.1397	0.3268	-0.2073
1868.0	15.711696	-0.5729040000000001	6.418683000000001	-1.1152653920243765	5.213298475707062	2.7715828521669956	-1.1116	0.362	-0.2736
1869.0000000000002	16.69662	-0.073575	6.197958000000001	-1.663298777150596	4.708898321880701	2.6494098045273926	-1.0793	0.397	-0.3359
1870.0	17.857143	0.37866600000000006	5.773185000000001	-1.8884462506578645	4.511676116405342	2.5743606466916362	-1.0427	0.4322	-0.3929
1871.0	19.060830000000003	0.704358	5.064903	-2.2078415037728267	4.260348704118158	2.410299697004169	-1.003	0.4665	-0.4475
1872.0	20.186037000000002	0.897615	4.017195	-2.1694442602289516	3.9898226700590373	2.1415189921970423	-0.9615	0.4995	-0.4923
1873.0	21.178809	1.025145	2.5005690000000005	-1.7313666179783749	3.6041049053682905	1.8465583486100006	-0.9187	0.5304	-0.528
1873.9999999999998	21.925349999999998	1.3194450000000002	0.516987	-1.2095131716320704	2.977531703902326	1.5952309363228172	-0.8757	0.5595	-0.5557
1875.0	22.477653000000004	1.8756720000000002	-1.8187740000000001	-1.0611601852125523	2.1659536017249628	1.5376350710070041	-0.8336	0.5862	-0.5804
1876.0000000000002	22.992678	2.532942	-4.357602	-1.160643952576229	1.551597705022959	1.4835298641951802	-0.7936	0.6112	-0.5958
1877.0	23.373306000000003	3.179421	-6.970986000000001	-1.1641346110802178	1.239183768915974	1.408480706359424	-0.7564	0.6348	-0.6061
1878.0	23.50476	3.759192	-9.555921	-0.9791297103688189	0.6265732014659643	1.2042771838760873	-0.7207	0.6566	-0.6124
1879.0	23.339952	4.246749	-11.985858	-0.5480333851262195	-0.041887902047863905	0.8970992355250854	-0.688	0.6767	-0.6156
1880.0	22.895559	4.646016	-14.074407	0.0890117918517108	-0.6387905062299246	0.5078908123303499	-0.6591	0.6947	-0.6165
1880.9999999999998	22.353066000000002	5.054112	-15.682266	0.6143558967020041	-1.054178868204575	0.1308996938995747	-0.635	0.7095	-0.6108
1882.0	22.27851	5.1953759999999996	-15.882390000000001	3.1922072018976286	-2.6790804018112957	-1.4957471689591404	-0.6154	0.7212	-0.6066
1882.9999999999998	19.778922	5.369013000000001	-15.057369	2.921681167838508	-2.626720524251466	-1.7313666179783749	-0.6019	0.7286	-0.6062
1884.0	16.734879	4.883418000000001	-11.044098	1.9233528356977512	-4.427900312309614	-1.2426744274199626	-0.5956	0.732	-0.6025
1885.0000000000002	15.142716000000002	3.42369	-8.248248	2.2497294058206907	-4.9968776484597655	-1.5376350710070041	-0.5958	0.7322	-0.5932
1886.0	13.951782	3.415842	-7.450695	1.9739673840055867	-5.665338751973594	-1.4922565104551517	-0.6027	0.7284	-0.592
1887.0	13.467168000000001	2.945943	-5.571099	1.9338248112097172	-5.600761569649803	-0.6928957130417489	-0.6151	0.7219	-0.5907
1888.0	13.151286	2.2190220000000003	-2.779173	1.879719604397893	-4.735078260660616	0.20769418098732523	-0.6335	0.7124	-0.5866
1889.0	12.275253000000001	1.7942490000000002	-0.50031	1.6615534478986018	-4.747295565424577	1.0192722831646885	-0.6566	0.701	-0.5797
1889.9999999999998	12.786354	1.967886	2.311236	1.9460421159736774	-4.25685804561417	0.57246799465414	-0.6815	0.6875	-0.5722
1891.0	13.689855	3.383469	4.928544	-0.26005405854715513	1.4695672301792255	-0.9424777960769379	-0.7062	0.6741	-0.5644
1892.0000000000002	12.734361000000002	2.139561	4.943259	0.07679448708775051	0.8028514559173916	-0.30717794835100204	-0.73	0.6611	-0.5566
1893.0	13.471092	1.669662	5.837931	0.1466076571675237	0.6998770300497261	-0.38746309394274114	-0.7519	0.6499	-0.5463
1894.0000000000002	14.963193000000002	1.822698	3.690522	0.12042771838760874	0.5148721293383273	-0.23736477827122882	-0.7704	0.6399	-0.5403
1895.0	15.116229	2.682054	3.0901500000000004	0.09250245035569947	0.4310963252425994	-0.1291543646475804	-0.7855	0.6315	-0.5367
1896.0	14.922972000000001	1.9423800000000002	4.686237	0.06283185307179587	0.3560471674068432	-0.0715584993317675	-0.7958	0.6251	-0.5296
1897.0	14.054787000000001	1.5499800000000001	5.367051000000001	0.0017453292519943296	0.25481807079117214	0.03490658503988659	-0.8027	0.6203	-0.5233
1898.0	13.123818000000002	1.3812480000000003	5.2287300000000005	-0.012217304763960306	0.12566370614359174	0.0942477796076938	-0.8057	0.6168	-0.5204
1898.9999999999998	12.808917000000001	0.930969	5.553441000000001	-0.012217304763960306	0.12566370614359174	0.0942477796076938	-0.8054	0.6144	-0.5214
1900.0	11.065679999999999	-0.013734000000000001	5.176737	-0.0942477796076938	0.012217304763960306	0.2827433388230814	-0.8041	0.6133	-0.523
1901.0000000000002	8.913366	-2.24649	4.77747	-0.10821041362364843	0.015707963267948967	0.2844886680750757	-0.8027	0.6127	-0.5249
1902.0	8.158977	-1.602954	5.908563	-0.054105206811824215	0.05061454830783556	0.14486232791552936	-0.8016	0.6126	-0.5263
1903.0	8.206065	-1.740294	5.589738	-0.012217304763960306	0.06283185307179587	0.05759586531581287	-0.8003	0.6124	-0.5278
1904.0	8.205084000000001	-1.8756720000000002	5.587776	0.017453292519943295	0.08028514559173916	-0.03316125578789226	-0.7991	0.6128	-0.5288
1905.0	8.197236	-1.9423800000000002	5.592681000000001	0.026179938779914945	0.041887902047863905	-0.05585053606381855	-0.7977	0.6136	-0.5293
1905.9999999999998	8.131509	-2.03067	5.606415	0.04014257279586958	0.038397243543875255	-0.09075712110370514	-0.7969	0.6143	-0.5297
1907.0	8.10306	-2.083644	5.589738	0.07504915783575616	0.03665191429188092	-0.12391837689159739	-0.7963	0.6147	-0.5295
1907.9999999999998	8.06382	-2.160162	5.573061000000001	0.0890117918517108	0.041887902047863905	-0.16580627893946132	-0.7965	0.6152	-0.5294
1909.0	8.046162	-2.263167	5.522049	0.1308996938995747	0.08377580409572781	-0.17453292519943295	-0.7967	0.6155	-0.5298
1910.0000000000002	8.03439	-2.3897160000000004	5.512239	0.11693705988362008	0.07504915783575616	-0.21991148575128552	-0.7968	0.6152	-0.5303
1911.0	8.022618	-2.4426900000000002	5.503410000000001	0.14486232791552936	0.09948376736367678	-0.27052603405912107	-0.7975	0.6143	-0.5313
1912.0	8.001036000000001	-2.33478	5.519106	0.18500490071139894	0.1780235837034216	-0.2932153143350474	-0.7981	0.6123	-0.5329
1913.0	7.9843589999999995	-2.196459	5.539707	0.15707963267948966	0.1884955592153876	-0.33335788713091696	-0.7989	0.6109	-0.5343
1914.0	7.978473000000001	-2.1503520000000003	5.534802000000001	0.21118483949131386	0.2530727415391778	-0.38048177693476387	-0.7997	0.6086	-0.5348
1914.9999999999998	7.976511000000001	-2.1454470000000003	5.5338210000000005	0.23212879051524585	0.2932153143350474	-0.4537856055185257	-0.8014	0.6059	-0.5351
1916.0	7.982397000000001	-2.116998	5.5387260000000005	0.27401669256310973	0.32986722862692824	-0.4782202150464463	-0.8033	0.6029	-0.5339
1917.0000000000002	7.982397000000001	-2.084625	5.554422000000001	0.2827433388230814	0.36302848441482055	-0.5253441048502933	-0.8054	0.5997	-0.5316
1918.0	7.9667010000000005	-1.997316	5.579928	0.2827433388230814	0.38222710618675815	-0.5532693728822025	-0.8075	0.5967	-0.5286
1919.0000000000002	7.921575000000001	-1.837413	5.659389	0.25132741228718347	0.3385938748868999	-0.5305800926062761	-0.8097	0.5939	-0.5263
1920.0	7.901955	-1.6637760000000001	5.720211	0.2129301687433082	0.26703537555513246	-0.4572762640225143	-0.8116	0.591	-0.5263
1921.0	7.851924	-1.4361840000000001	5.814387	0.16580627893946132	0.16231562043547265	-0.3543018381548489	-0.8135	0.5874	-0.5277
1922.0	7.797969000000001	-1.225269	5.909544	0.1413716694115407	0.1117010721276371	-0.28623399732707	-0.8155	0.5839	-0.5306
1923.0	7.7557860000000005	-1.035936	5.977233	0.08552113334772216	0.006981317007977318	-0.1710422666954443	-0.8174	0.58	-0.5346
1923.9999999999998	7.727337	-0.9093870000000001	6.052770000000001	0.0471238898038469	-0.09773843811168245	-0.12217304763960307	-0.8193	0.5767	-0.5389
1925.0	7.715565	-0.8642610000000001	6.093972	0.04363323129985824	-0.12740903539558607	-0.1064650843716541	-0.8207	0.573	-0.5442
1926.0000000000002	7.716546	-0.877995	6.124383	0.09773843811168245	-0.17453292519943295	-0.16580627893946132	-0.8227	0.5703	-0.5505
1927.0	7.735185	-0.948627	6.139098000000001	0.1413716694115407	-0.1308996938995747	-0.27052603405912107	-0.8241	0.5673	-0.5578
1928.0	7.777368	-1.06929	6.139098000000001	0.21642082724729686	-0.11519173063162574	-0.3961897402027128	-0.8255	0.5641	-0.5654
1929.0	7.786197	-1.175238	6.200901	0.2722713633111154	-0.10821041362364843	-0.4642575810304917	-0.8271	0.5601	-0.572
1930.0	7.739109000000001	-1.256661	6.381405	0.23561944901923448	-0.28099800957108706	-0.5044001538263612	-0.8286	0.5561	-0.575
1930.9999999999998	7.732242	-1.336122	6.477543000000001	0.2879793265790644	-0.5777039824101231	-0.5323254218582705	-0.8311	0.5521	-0.5747
1932.0	7.706736	-1.362609	6.600168	0.2792526803190927	-0.8517206749732328	-0.5253441048502933	-0.8348	0.5481	-0.5707
1932.9999999999998	7.659648000000001	-1.3321980000000002	6.770862000000001	0.25132741228718347	-1.2234758056480248	-0.47123889803846897	-0.8391	0.5441	-0.5637
1934.0	7.60275	-1.256661	6.969024000000001	0.22689280275926285	-1.6091935703387719	-0.4380776422505767	-0.8444	0.5397	-0.556
1935.0000000000002	7.533099000000001	-1.146789	7.186806000000001	0.2303834612632515	-1.8081611050661253	-0.4328416544945937	-0.8507	0.5352	-0.5484
1936.0	7.434999	-1.007487	7.421265	0.26878070480712674	-2.241002759560719	-0.4363323129985824	-0.8577	0.5302	-0.5407
1937.0	7.309431	-0.828945	7.646895	0.29496064358704166	-2.66860842629933	-0.4572762640225143	-0.8659	0.5252	-0.5329
1938.0	7.14168	-0.64746	7.866639	0.19896753472735357	-3.1468286413457762	-0.5078908123303499	-0.8759	0.5201	-0.524
1939.0	6.9906060000000005	-0.50031	8.023599	0.015707963267948967	-3.6617007706841034	-0.5480333851262195	-0.8873	0.5151	-0.5123
1939.9999999999998	6.842475	-0.523854	8.020656	-0.15707963267948966	-4.342379178961892	-0.635299847725936	-0.9013	0.5102	-0.4985
1941.0	6.687477	-0.654327	8.020656	-0.4310963252425994	-4.97069770967985	-0.9197885158010117	-0.9157	0.5057	-0.4824
1942.0000000000002	6.4363410000000005	-0.71613	8.048124000000001	-0.5794493116621174	-5.323254218582705	-1.0314895879286488	-0.9306	0.5009	-0.4613
1943.0	6.190110000000001	-0.834831	8.067744000000001	-0.48171087355043496	-6.174974893555938	-1.2234758056480248	-0.9466	0.4958	-0.439
1944.0000000000002	6.104763	-1.062423	7.963758	0.35779249665883756	-7.06683814132504	-1.4590952546672593	-0.9638	0.4901	-0.4121
1945.0	6.582510000000001	-1.21644	7.736166	0.9599310885968813	-7.857472292478471	-1.7994344588061537	-0.9817	0.4833	-0.3797
1946.0	7.809741000000001	-1.0320120000000002	7.237818000000001	0.6911503837897546	-8.29205927622506	-1.7505652397503124	-0.9996	0.4747	-0.3355
1947.0	9.616743	-0.778914	6.898392000000001	0.5846852994181004	-8.649851772883897	-1.5585790220309363	-1.0164	0.4648	-0.2849
1948.0	11.311911	-1.0408410000000001	6.745356	0.8447393579652555	-8.698720991939737	-1.8849555921538759	-1.0313	0.454	-0.2275
1948.9999999999998	13.008060000000002	-1.593144	6.564852	1.7313666179783749	-8.798204759303415	-2.1886428820008894	-1.043	0.442	-0.1613
1950.0	14.672817	-1.7304840000000001	6.1155539999999995	2.485348854839925	-8.39328837284073	-2.8867745827986213	-1.052	0.429	-0.0918
1951.0000000000002	16.314030000000002	-1.8070020000000002	5.731002000000001	2.485348854839925	-8.39328837284073	-2.8867745827986213	-1.0594	0.4162	-0.0264
1952.0	18.784188	-2.211174	6.114573	1.14493598930828	-6.76838683923401	-1.6266468628587152	-1.0613	0.401	0.0451
1953.0	20.578437	-2.6683200000000005	7.116174000000001	0.4485496177625427	-4.375540434749784	-0.7976154681614086	-1.0587	0.3859	0.1185
1954.0	21.429945	-3.24711	8.569035000000001	0.2897246558310587	-0.8587019919812102	-0.6038839211900381	-1.0525	0.3721	0.1892
1955.0	21.254345999999998	-3.664035	10.018953000000002	0.4415683007545654	0.32986722862692824	-0.7382742735936013	-1.0445	0.3603	0.2547
1955.9999999999998	20.440116000000003	-4.288932	11.71314	0.17453292519943295	1.8884462506578645	-0.7155849933176751	-1.0352	0.3496	0.3062
1957.0	18.670392	-4.831425	12.901131	-0.4886921905584123	2.8885199120506155	-0.7173303225696694	-1.0273	0.341	0.3492
1957.9999999999998	16.839846	-4.7912040000000005	13.626090000000001	-1.0943214410004447	3.51509311351658	-0.7016223593017206	-1.0203	0.3328	0.3814
1959.0	14.935725	-4.470417	14.119533	-1.7243853009703975	4.0631264986427995	-0.5393067388662478	-1.0164	0.3257	0.3973
1960.0000000000002	13.120875	-4.476303	14.752278	-2.1624629432209743	4.508185457901353	-0.30717794835100204	-1.0146	0.3194	0.4071
1961.0	11.365866	-4.57146	15.250626	-2.2846359908605773	4.7280969436526386	-0.024434609527920613	-1.0144	0.312	0.4093
1962.0	8.929062	-4.513581	14.837625000000001	-2.235766771804736	5.033529562751646	0.1291543646475804	-1.0193	0.3072	0.3916
1963.0	7.199559000000001	-4.40469	13.708494	-1.911135530933791	5.1993358416911075	0.44331363000655966	-1.0278	0.3028	0.3602
1964.0	6.300963	-4.0642830000000005	12.177153	-1.5132004614790837	5.288347633542818	0.8063421144213803	-1.0387	0.2984	0.3238
1964.9999999999998	5.956632	-3.907323	10.739988	-1.0419615634406147	5.279620987282847	1.160643952576229	-1.0494	0.2943	0.2814
1966.0	5.639769	-3.8003940000000003	9.295956	-0.6911503837897546	5.3599061328745865	1.5481070465189704	-1.059	0.2927	0.2356
1967.0000000000002	5.834007000000001	-3.804318	8.208027000000001	-0.4468042885105484	5.473352534254218	1.9058995431778079	-1.0665	0.2919	0.1872
1968.0	6.350994	-3.83571	7.377120000000001	-0.34732052114687156	5.539675045830002	2.0647245051092917	-1.0721	0.2936	0.136
1969.0000000000002	7.071048	-3.842577	6.787539	-0.2617993877991494	5.691518690753509	2.357939819444339	-1.0741	0.2972	0.0845
1970.0	7.909803	-3.769983	6.364728	-0.18500490071139894	5.792747787369179	2.590068609959585	-1.0723	0.3031	0.0264
1971.0	8.778969	-3.510999	6.0802380000000005	-0.21118483949131386	5.845107664929009	2.8309240467348022	-1.0655	0.3118	-0.0299
1972.0	9.615762	-3.196098	5.884038	-0.21118483949131386	5.845107664929009	2.8309240467348022	-1.0576	0.3212	-0.079
1973.0	10.562427	-2.7674010000000004	5.732964000000001	-0.47647488579445196	5.876523591464907	2.965314399138366	-1.041	0.3354	-0.1287
1973.9999999999998	11.502225000000001	-2.376963	5.638788	-0.46949356878647464	5.850343652684993	2.841396022246769	-1.0192	0.3513	-0.1792
1975.0	12.373353000000002	-2.054214	5.6073960000000005	-0.3595378259108319	5.733406592801373	2.77332818141899	-0.994	0.3679	-0.2268
1976.0000000000002	13.113027	-1.784439	5.625054	-0.23212879051524585	5.476843192758206	2.609267231731523	-0.967	0.3844	-0.2721
1977.0	13.733019	-1.4822910000000002	5.666256000000001	-0.3420845333908886	5.103342732831419	2.443460952792061	-0.9378	0.4011	-0.3151
1978.0	14.346144	-1.119321	5.742774000000001	-0.7347836150896128	4.630358505540957	2.251474735072685	-0.9073	0.4173	-0.3555
1979.0	15.141735000000002	-0.7102440000000001	5.792805	-1.3753194505715316	4.412192349041665	2.092649773141201	-0.877	0.4339	-0.3928
1980.0	16.095267	-0.27958500000000003	5.752584000000001	-2.0821777976292353	4.412192349041665	2.035053907825388	-0.8453	0.4512	-0.4265
1980.9999999999998	17.076267	0.138321	5.5642320000000005	-2.412045026256163	4.39822971502571	2.0176006153054447	-0.8135	0.469	-0.4556
1982.0	18.410427000000002	0.511101	5.102181000000001	-2.478367537831948	3.8676496224194343	1.6702800941585734	-0.7785	0.4886	-0.4853
1982.9999999999998	18.663525000000003	0.779895	4.074093	-2.6459191460234033	3.5604716740684323	1.5638150097869192	-0.748	0.5056	-0.5055
1984.0	19.673955000000003	1.0879290000000001	2.9704680000000003	-2.3928464044842257	3.77340184281174	1.4800392056911915	-0.7183	0.5229	-0.523
1985.0000000000002	20.587266	1.429317	1.0967580000000001	-2.0367992370773824	3.2777283352453512	1.3247049022636963	-0.6894	0.5398	-0.537
1986.0	20.902167000000002	1.9247220000000003	-1.103625	-1.8762289458939043	2.1485003092050197	1.1536626355682518	-0.6612	0.5568	-0.5483
1987.0	21.421116	2.582973	-3.383469	-1.7732545200262386	1.2828170002158321	1.0035643198967394	-0.6349	0.5738	-0.5554
1988.0	21.822345000000002	3.196098	-5.7319830000000005	-1.6790067404185451	1.0105456369047168	0.9704030641088472	-0.6093	0.5902	-0.5582
1989.0	21.84687	3.7268190000000003	-8.051067	-1.3543754995475996	0.5393067388662478	0.9232791743050003	-0.5851	0.6062	-0.5571
1989.9999999999998	21.529025999999998	4.133934	-10.240659	-0.7958701389094143	0.04014257279586958	0.783652834145454	-0.5637	0.6206	-0.5517
1991.0	21.042450000000002	4.451778	-12.161457	-0.1117010721276371	-0.5026548245743669	0.5078908123303499	-0.546	0.6331	-0.543
1992.0000000000002	20.371446000000002	4.245768	-13.248405000000002	3.01941960595019	-2.1834068942449063	-0.7871434926494426	-0.5332	0.6427	-0.5332
1993.0	18.774378	4.49298	-13.231728	3.3073989325292543	-3.733259270015871	-1.4189526818713898	-0.5255	0.6476	-0.5252
1994.0000000000002	16.552413	3.8445390000000006	-10.124901000000001	2.937389131106457	-4.379031093253773	-1.2147491593880533	-0.5253	0.6486	-0.5183
1995.0	14.941611	2.784078	-7.691040000000001	2.9722957161463435	-4.7106436511326955	-1.1414453308042916	-0.5316	0.6465	-0.5127
1996.0	14.217633000000001	3.313818	-6.919974000000001	3.2114058236695664	-4.852015320544236	-1.6004669240788003	-0.5433	0.6404	-0.5088
1997.0	13.805613000000001	3.2853689999999998	-5.206167	2.4766222085799536	-5.187118536927147	-1.307251609743753	-0.5596	0.6313	-0.5058
1998.0	13.439700000000002	2.9616390000000004	-2.660472	2.246238747316702	-4.26907535037813	-0.8674286382411819	-0.5807	0.6196	-0.5034
1998.9999999999998	12.498921000000001	3.0293280000000005	-0.454203	1.7889624832941877	-3.822271061867582	-0.08028514559173916	-0.604	0.6051	-0.5011
2000.0	11.987820000000001	2.651643	1.847223	1.4189526818713898	-4.016002608838952	0.7993607974134029	-0.6298	0.5898	-0.4992
2001.0000000000002	13.358277	4.489056000000001	4.8069	1.0367255756846316	-2.5132741228718345	-0.0471238898038469	-0.6561	0.5742	-0.4984
2002.0	12.961953	3.6503010000000002	4.920696	-0.11344640137963143	0.9791297103688189	-0.9005898940290741	-0.6809	0.5586	-0.4988
2003.0	13.760487000000001	2.839995	6.206787	0.17627825445142728	0.9512044423369096	-0.5009094953223726	-0.703	0.5451	-0.498
2004.0	14.23431	3.182364	4.246749	0.2565634000431664	0.6056292504420324	-0.5201081170943103	-0.722	0.5332	-0.4948
2005.0	14.212728000000002	3.925962	3.6718830000000002	0.19024088846738194	0.5375614096142535	-0.3787364476827695	-0.7374	0.523	-0.4901
2005.9999999999998	13.940010000000001	2.9694870000000004	5.065884	0.09599310885968812	0.32288591161895097	-0.23212879051524585	-0.7489	0.5147	-0.4825
2007.0	13.098312	2.346552	5.614263	0.07330382858376185	0.2583087292951608	-0.15009831567151233	-0.7565	0.5078	-0.4745
2007.9999999999998	12.229146	1.8756720000000002	5.369013000000001	0.0471238898038469	0.17278759594743864	-0.05585053606381855	-0.7617	0.5032	-0.4681
2009.0	12.013326	1.0643850000000001	5.461227	0.026179938779914945	0.15184364492350666	0.012217304763960306	-0.7645	0.5	-0.4646
2010.0000000000002	11.428650000000001	0.7651800000000001	5.425911000000001	-0.015707963267948967	0.07504915783575616	0.10995574287564276	-0.7658	0.4969	-0.4645
2011.0	9.014409	-1.787382	4.584213	-0.0471238898038469	0.04537856055185257	0.2129301687433082	-0.7656	0.4939	-0.4668
2012.0	8.216856	-1.1997630000000001	6.000777	-0.03490658503988659	0.0645771823237902	0.20769418098732523	-0.7658	0.4923	-0.4698
2013.0	8.096193000000001	-1.067328	5.749641	-0.022689280275926284	0.09599310885968812	0.15009831567151233	-0.7664	0.4911	-0.4726
2014.0	8.123661	-1.140903	5.715306	-0.03490658503988659	0.11693705988362008	0.15184364492350666	-0.7661	0.4908	-0.4762
2014.9999999999998	8.090307000000001	-1.2095730000000002	5.74866	-0.013962634015954637	0.10471975511965978	0.12566370614359174	-0.7657	0.4907	-0.481
2016.0	8.022618	-1.312578	5.765337000000001	-0.03665191429188092	0.08726646259971647	0.11344640137963143	-0.7656	0.4911	-0.487
2017.0000000000002	8.007903	-1.4204880000000002	5.759450999999999	-0.03316125578789226	0.04014257279586958	0.09948376736367678	-0.7656	0.492	-0.4935
2018.0	7.986321000000001	-1.459728	5.753565000000001	-0.11693705988362008	0.012217304763960306	0.10297442586766545	-0.7646	0.4929	-0.4987
2019.0000000000002	7.9794540000000005	-1.5617520000000003	5.7447360000000005	-0.0471238898038469	0.0	0.08552113334772216	-0.7641	0.4935	-0.5065
2020.0	7.98534	-1.708902	5.7064770000000005	-0.0715584993317675	-0.0017453292519943296	0.07330382858376185	-0.7632	0.4944	-0.5081
2021.0	8.001036000000001	-1.866843	5.678028	-0.017453292519943295	0.027925268031909273	-0.003490658503988659	-0.7621	0.4953	-0.5067
2022.0	7.993188	-1.899216	5.6898	-0.020943951023931952	0.08028514559173916	-0.10821041362364843	-0.7609	0.4955	-0.505
2023.0	7.9794540000000005	-1.8805770000000002	5.704515000000001	0.03316125578789226	0.1117010721276371	-0.17278759594743864	-0.7601	0.4959	-0.5038
2023.9999999999998	7.964739	-1.8805770000000002	5.735907	0.0471238898038469	0.15707963267948966	-0.19722220547535926	-0.7593	0.496	-0.5038
2025.0	7.9667010000000005	-1.8737100000000002	5.716287	0.10297442586766545	0.17627825445142728	-0.20420352248333654	-0.7587	0.496	-0.5023
2026.0000000000002	7.965720000000001	-1.885482	5.712363000000001	0.09599310885968812	0.17976891295541594	-0.23212879051524585	-0.7577	0.4954	-0.5019
2027.0	7.956891000000001	-1.8678240000000002	5.717268	0.10471975511965978	0.17976891295541594	-0.22689280275926285	-0.7573	0.4949	-0.5019
2028.0	7.943157	-1.8119070000000002	5.741793	0.10297442586766545	0.1466076571675237	-0.21642082724729686	-0.758	0.4935	-0.5032
2029.0	7.926480000000001	-1.7442180000000003	5.755527000000001	0.08726646259971647	0.15009831567151233	-0.19896753472735357	-0.7588	0.4923	-0.5008
2030.0	7.9107840000000005	-1.669662	5.781033000000001	0.10471975511965978	0.12740903539558607	-0.19024088846738194	-0.7604	0.4907	-0.503
2030.9999999999998	7.883316000000001	-1.5450750000000002	5.81733	0.08377580409572781	0.14835298641951802	-0.19198621771937624	-0.763	0.4892	-0.5073
2032.0	7.859772	-1.4352030000000002	5.841855000000001	0.07504915783575616	0.10297442586766545	-0.19024088846738194	-0.7652	0.4889	-0.5092
2032.9999999999998	7.834266	-1.3390650000000002	5.865399	0.059341194567807204	0.0890117918517108	-0.17627825445142728	-0.7666	0.4894	-0.5124
2034.0	7.80876	-1.263528	5.886981	0.048869219055841226	0.0645771823237902	-0.13264502315156904	-0.7675	0.4885	-0.5169
2035.0000000000002	7.789140000000001	-1.195839	5.921316000000001	0.029670597283903602	-0.0017453292519943296	-0.10122909661567112	-0.768	0.4876	-0.5161
2036.0	7.774425	-1.140903	5.95467	0.005235987755982988	-0.03316125578789226	-0.10471975511965978	-0.7689	0.4868	-0.5154
2037.0	7.767558	-1.152675	5.972328	0.013962634015954637	-0.08726646259971647	-0.1308996938995747	-0.7695	0.4852	-0.5163
2038.0	7.777368	-1.219383	5.967423	0.0471238898038469	-0.09948376736367678	-0.19024088846738194	-0.7695	0.4839	-0.5162
2039.0	7.786197	-1.308654	5.967423	0.07853981633974483	-0.1117010721276371	-0.2617993877991494	-0.7696	0.4828	-0.5154
2039.9999999999998	7.801893000000001	-1.3910580000000001	5.970366	0.11693705988362008	-0.11519173063162574	-0.30194196059501904	-0.7699	0.4815	-0.5148
2041.0	7.825437	-1.458747	5.966442	0.16929693744344995	-0.08377580409572781	-0.3612831551628262	-0.7696	0.4798	-0.5141
2042.0000000000002	7.848000000000001	-1.4813100000000001	5.96448	0.17627825445142728	-0.07853981633974483	-0.40840704496667307	-0.77	0.4763	-0.5144
2043.0	7.857810000000001	-1.4822910000000002	5.985081	0.15358897417550102	-0.13439035240356337	-0.40840704496667307	-0.7712	0.4719	-0.5127
2044.0000000000002	7.828380000000001	-1.454823	6.116535000000001	0.10821041362364843	-0.32986722862692824	-0.35779249665883756	-0.7734	0.4685	-0.5083
2045.0	7.7812920000000005	-1.409697	6.246027000000001	0.1117010721276371	-0.598647933434055	-0.32288591161895097	-0.7761	0.465	-0.5099
2046.0	7.749900000000001	-1.355742	6.365709000000001	0.11693705988362008	-0.7120943348136864	-0.3089232776029963	-0.7792	0.4613	-0.5097
2047.0	7.705755	-1.2448890000000001	6.513840000000001	0.05235987755982989	-1.017526953912694	-0.26354471705114374	-0.7833	0.4583	-0.5073
2048.0	7.651800000000001	-1.1418840000000001	6.6855150000000005	0.06283185307179587	-1.3648474750595658	-0.26005405854715513	-0.7878	0.4556	-0.5044
2049.0	7.597845	-1.0388789999999999	6.860133	0.08552113334772216	-1.7086773377024487	-0.27401669256310973	-0.793	0.4523	-0.5008
2050.0	7.530156	-0.9211590000000001	7.056333	0.10122909661567112	-2.0629791758572975	-0.29496064358704166	-0.7985	0.4496	-0.4955
2051.0	7.461486000000001	-0.815211	7.250571	0.16057029118347832	-2.466150233067988	-0.32812189937493397	-0.8057	0.4464	-0.4877
2052.0	7.374177	-0.7485030000000001	7.441866000000001	0.06283185307179587	-2.8605946440187062	-0.3612831551628262	-0.8136	0.4439	-0.4781
2053.0	7.280982	-0.730845	7.616484	0.015707963267948967	-3.1049407392979123	-0.40317105721069013	-0.8229	0.4411	-0.4659
2054.0	7.208388	-0.816192	7.657686	-0.16929693744344995	-3.5779249665883754	-0.5078908123303499	-0.8335	0.4382	-0.4512
2055.0	7.138737000000001	-0.9221400000000001	7.639047	-0.3560471674068432	-4.082325120414737	-0.6684611035138281	-0.8452	0.4352	-0.4328
2056.0	7.000416	-0.906444	7.67142	-0.5253441048502933	-4.7019170048727235	-0.7243116395776468	-0.8587	0.4321	-0.4108
2057.0	6.787539	-0.960399	7.644933	-0.4520402762665313	-5.448917924726296	-0.8360127117052838	-0.8728	0.4282	-0.3842
2058.0	6.597225	-1.022202	7.670439000000001	0.2007128639793479	-6.253514709895683	-0.9634217471008699	-0.888	0.4233	-0.3539
2059.0	6.432417	-1.063404	7.560567000000001	0.23911010752322315	-6.76838683923401	-1.0088003076527223	-0.9035	0.4181	-0.3183
2060.0	7.164243	-1.007487	7.2142740000000005	0.32986722862692824	-7.618362184955249	-0.9581857593448869	-0.919	0.4118	-0.277
2061.0	8.608275	-0.636669	6.780672000000001	-0.09599310885968812	-8.141960960553547	-0.7051130178057091	-0.9334	0.406	-0.2304
2062.0	10.237716	-0.602334	6.440265	-0.3961897402027128	-8.531169383748283	-0.2827433388230814	-0.9464	0.3996	-0.1771
2063.0	11.782791000000001	-1.022202	6.106725000000001	-0.26878070480712674	-8.484045493944436	-0.43458698374658805	-0.9568	0.3932	-0.1169
2064.0	13.539762000000001	-1.4508990000000002	5.72904	0.3769911184307752	-8.185594191853406	-1.075122819228507	-0.9636	0.3862	-0.0517
2065.0	15.299676000000002	-1.7618760000000002	5.334677999999999	0.9965830028887622	-7.724827269326903	-1.7523105690023069	-0.9678	0.3785	0.0182
2066.0	17.308764	-2.139561	5.422968	0.9878563566287906	-7.38099740668402	-1.8308503853420517	-0.9692	0.3701	0.0907
2067.0	19.017666000000002	-2.4995880000000006	6.0802380000000005	0.5044001538263612	-6.047565858160352	-1.3578661580515883	-0.9675	0.362	0.1625
2068.0	20.137968	-2.80566	7.108326000000001	-0.1291543646475804	-4.047418535374851	-0.8307767239493009	-0.9627	0.3535	0.231
2069.0	20.603943	-2.88414	8.356158	-0.8709192967451704	-1.1466813185602747	-0.7365289443416071	-0.9569	0.3453	0.2933
2070.0	20.163474	-3.0048030000000003	9.684432000000001	-1.270599695451872	0.8866272600131193	-1.0925761117484503	-0.9514	0.3365	0.347
2071.0	18.860706	-3.505113	10.927359	-1.928588823453734	2.357939819444339	-1.090830782496456	-0.947	0.3262	0.3909
2072.0	17.105697000000003	-3.69837	11.761209000000001	-2.2165681500327987	2.839650692994774	-1.2479104151759457	-0.945	0.3142	0.4237
2073.0	15.269265	-3.471759	12.336075000000001	-2.5918139392115793	3.452261260444784	-1.3020156219877697	-0.947	0.2997	0.445
2074.0	13.173849	-3.184326	12.812841	-2.8012534494508987	3.864158963915446	-1.2915436464758039	-0.9533	0.2839	0.4549
2075.0	11.086281000000001	-2.9969550000000003	13.355334000000001	-2.8012534494508987	3.864158963915446	-1.2915436464758039	-0.9606	0.2693	0.4562
2076.0	8.830962000000001	-2.950848	13.151286	-2.876302607286655	4.413937678293659	-0.8569566627292158	-0.9728	0.2513	0.4434
2077.0	6.963138	-2.882178	12.415536000000001	-2.876302607286655	4.413937678293659	-0.8569566627292158	-0.9865	0.234	0.4261
2078.0	5.704515000000001	-2.943981	11.14416	-2.134537675189065	4.733332931408621	-0.11519173063162574	-1.0046	0.2159	0.3994
2079.0	5.140440000000001	-3.2559389999999997	9.760950000000001	-1.848303677861995	4.759512870188536	0.09250245035569947	-1.0234	0.1979	0.3688
2080.0	4.7176290000000005	-3.6130230000000005	8.518023	-1.2758356832078548	4.822344723260333	0.5427973973702365	-1.0413	0.1818	0.3359
2081.0	4.588137000000001	-3.858273	7.464429000000001	-0.6824237375297829	4.860741966804208	1.0332349171806432	-1.057	0.1688	0.3017
2082.0	4.877532	-4.036815	6.702192000000001	-0.24085543677521748	4.9375364538919575	1.5289084247470326	-1.07	0.1592	0.2643
2083.0	5.491638	-4.134915	6.159699000000001	0.04014257279586958	5.024802916491675	1.9669860669976094	-1.0793	0.1538	0.2227
2084.0	6.318621	-4.162383	5.7800519999999995	0.21467549799530256	5.103342732831419	2.3544491609403506	-1.0848	0.1525	0.1782
2085.0	7.256457000000001	-4.104504	5.382747	0.2565634000431664	5.153957281139255	2.710496328347194	-1.0891	0.1535	0.1269
2086.0	8.188407	-3.8474820000000003	5.202243	0.26529004630313807	5.192354524683131	2.8693212902786778	-1.0879	0.1611	0.0767
2087.0	9.194913000000001	-3.543372	4.965822	0.13962634015954636	5.1574479396432436	3.0543261909900767	-1.0844	0.1712	0.021
2088.0	10.250469	-3.140181	4.837311	-0.010471975511965976	5.152211951887261	3.103195410045918	-1.0752	0.186	-0.0315
2089.0	11.276595	-2.779173	4.727439	-0.0017453292519943296	5.1312680008633285	2.9862583501622977	-1.0623	0.2037	-0.0841
2090.0	12.193830000000002	-2.486835	4.601871	0.09250245035569947	5.054473513775579	2.787290815434944	-1.046	0.2239	-0.1371
2091.0	12.93939	-2.248452	4.462569	0.25481807079117214	4.845034003536259	2.542944720155738	-1.0274	0.2445	-0.189
2092.0	13.548591	-2.008107	4.376241	0.26529004630313807	4.663519761328848	2.4347343065320897	-1.0063	0.2658	-0.2405
2093.0	14.167602	-1.738332	4.385070000000001	0.17453292519943295	4.201007509550351	2.260201381332657	-0.9836	0.2875	-0.2882
2094.0	14.867055	-1.4185260000000002	4.445892	-0.16929693744344995	3.855432317655474	2.1746802479849343	-0.9605	0.3087	-0.3312
2095.0	15.621444	-1.121283	4.505733	-0.7243116395776468	3.8589229761594623	2.131047016685076	-0.9366	0.3297	-0.3729
2096.0	16.389567000000003	-0.89271	4.506714	-1.356120828799594	4.066617157146788	2.0839231268812295	-0.9123	0.3509	-0.4083
2097.0	17.050761	-0.6749280000000001	4.445892	-1.8413223608540177	4.080579791162743	1.9826940302655582	-0.8875	0.3721	-0.4391
2098.0	17.604045	-0.45027900000000004	4.19868	-1.99142067652553	3.9426987802551907	1.790707812546182	-0.8625	0.393	-0.4705
2099.0	18.110241000000002	-0.21189600000000003	3.750363	-2.0664698343612864	3.8606683054114566	1.6667894356545847	-0.8367	0.4142	-0.4995
2100.0	18.546786	0.067689	3.147048	-1.8762289458939043	3.673918075448064	1.3980087308474578	-0.811	0.4347	-0.5262
2101.0	18.940167000000002	0.38259000000000004	2.426994	-1.6004669240788003	3.5412730522964946	1.2269664641520137	-0.785	0.4556	-0.5513
2102.0	19.256049	0.7190730000000001	1.575486	-1.3578661580515883	3.3580134808370903	1.1780972450961724	-0.7588	0.4764	-0.5728
2103.0	19.235448	1.0987200000000001	0.479709	-1.265363707695889	2.951351765122411	1.2164944886400477	-0.7316	0.4971	-0.5921
2104.0	18.824409000000003	1.4685570000000001	-0.858375	-1.1868238913561442	2.218313479284793	1.1746065865921838	-0.7031	0.5175	-0.611
2105.0	18.249543000000003	1.81485	-2.299464	-1.111774733520388	1.8535396656179781	1.1397000015522971	-0.6747	0.537	-0.6249
2106.0	17.683506	2.142504	-3.7268190000000003	-0.8063421144213803	1.2479104151759457	1.0332349171806432	-0.646	0.5555	-0.6385
2107.0	17.116488	2.4711390000000004	-5.060979000000001	-0.3543018381548489	0.7138396640656808	0.921533845053006	-0.6189	0.5724	-0.6508
2108.0	16.501401	2.849805	-6.22935	0.10821041362364843	0.1361356816555577	0.7347836150896128	-0.5932	0.5871	-0.6603
2109.0	15.857865000000002	3.2863500000000005	-7.160319	0.5218534463463045	-0.460766922526503	0.5148721293383273	-0.5702	0.5996	-0.6695
2110.0	15.296733	3.736629	-7.839171	0.8133234314293576	-0.9564404300928926	0.32114058236695664	-0.5505	0.6098	-0.6742
2111.0	14.850378000000001	4.129029	-8.2404	1.048942880448592	-1.340412865531645	0.15009831567151233	-0.5351	0.6176	-0.6773
2112.0	14.931801	4.2575400000000005	-7.555662000000001	2.3788837704682715	-2.132792345937071	-0.5009094953223726	-0.525	0.6214	-0.6799
2113.0	13.264101000000002	3.7856790000000005	-6.000777	2.343977185428385	-2.665117767795341	-0.9581857593448869	-0.5207	0.622	-0.6834
2114.0	11.264823000000002	3.2333760000000002	-3.033252	1.260127719939906	-3.9147735122232814	-0.41015237421866746	-0.5229	0.6206	-0.6835
2115.0	9.977751	2.1748770000000004	-1.2497940000000003	1.736602605734358	-4.935791124639964	-1.2374384396639797	-0.531	0.6161	-0.6814
2116.0	9.405828	2.166048	-0.7485030000000001	1.361356816555577	-5.314527572322733	-1.3421581947836396	-0.5454	0.6092	-0.6777
2117.0	9.609876	2.225889	0.496386	1.1397000015522971	-4.516912104161325	-0.8656833089891874	-0.5637	0.6005	-0.6726
2118.0	9.94734	1.8727289999999999	2.166048	1.106538745764405	-4.050909193878839	-0.9232791743050003	-0.5869	0.5901	-0.6634
2119.0	10.014047999999999	1.5019110000000002	3.670902	0.8988445647770797	-3.394665395128971	-1.2897983172238097	-0.6136	0.5781	-0.6516
2120.0	9.837468	1.4038110000000001	5.093352	0.4991641660703783	-3.0211649352021843	-1.0000736613927508	-0.6422	0.5656	-0.641
2121.0	9.482346000000001	1.3165020000000003	6.326469	0.2583087292951608	-2.8832839242946324	-0.22514747350726852	-0.6714	0.5528	-0.6288
2122.0	8.531757	1.215459	6.564852	0.11519173063162574	-2.9042278753185644	0.15009831567151233	-0.6997	0.5424	-0.6139
2123.0	10.491795	1.4018490000000001	6.624693000000001	0.06981317007977318	-0.6440264939859076	-0.2932153143350474	-0.7267	0.5338	-0.5971
2124.0	13.202298000000003	1.6833960000000001	5.170851000000001	0.16929693744344995	0.4921828490624009	-0.6073745796940266	-0.7501	0.5256	-0.5829
2125.0	14.709114000000001	1.733427	3.918114	0.2984513020910304	0.6370451769779303	-0.4834562028024293	-0.7695	0.5186	-0.571
2126.0	14.716962	1.192896	5.048226	0.2984513020910304	0.5899212871740833	-0.4468042885105484	-0.7848	0.5125	-0.5616
2127.0	13.874283	0.57879	5.378823000000001	0.2530727415391778	0.4363323129985824	-0.29670597283903605	-0.7973	0.507	-0.5542
2128.0	12.99825	0.37081800000000004	5.279742000000001	0.14835298641951802	0.3385938748868999	-0.13264502315156904	-0.8065	0.5025	-0.549
2129.0	12.393954	0.18344700000000003	5.334677999999999	0.10471975511965978	0.23561944901923448	-0.04537856055185257	-0.8123	0.4992	-0.5458
2130.0	12.021174	-0.363951	5.336640000000001	0.06632251157578452	0.15358897417550102	0.0017453292519943296	-0.8163	0.4966	-0.5441
2131.0	11.754342	-0.8328690000000001	5.399424000000001	0.0471238898038469	0.10122909661567112	0.048869219055841226	-0.818	0.4945	-0.5447
2132.0	11.616021	-1.065366	5.494581000000001	-0.020943951023931952	0.015707963267948967	0.16929693744344995	-0.8186	0.493	-0.5473
2133.0	10.502586	-1.173276	5.002119	-0.05585053606381855	-0.0017453292519943296	0.25132741228718347	-0.8175	0.4913	-0.5503
2134.0	9.164502	-1.508778	4.813767	-0.054105206811824215	0.017453292519943295	0.21467549799530256	-0.8168	0.4901	-0.5528
2135.0	8.312994000000002	-1.024164	5.746698	-0.08552113334772216	0.029670597283903602	0.20420352248333654	-0.8158	0.4894	-0.5548
2136.0	8.18154	-1.078119	5.6760660000000005	-0.1117010721276371	0.015707963267948967	0.24609142453120045	-0.8145	0.4894	-0.5557
2137.0	8.169768	-1.143846	5.64075	-0.12391837689159739	-0.03665191429188092	0.24958208303518914	-0.8134	0.4898	-0.555
2138.0	8.121699	-1.234098	5.635845000000001	-0.11693705988362008	-0.048869219055841226	0.25481807079117214	-0.812	0.4912	-0.5526
2139.0	8.095212	-1.325331	5.608377	-0.13788101090755203	-0.06981317007977318	0.26005405854715513	-0.8108	0.4921	-0.5481
2140.0	8.057934000000001	-1.3567230000000001	5.623092000000001	-0.12740903539558607	-0.08726646259971647	0.27401669256310973	-0.8098	0.4937	-0.5419
2141.0	8.046162	-1.493082	5.60151	-0.1291543646475804	-0.10471975511965978	0.2530727415391778	-0.8091	0.4954	-0.5355
2142.0	8.064801000000001	-1.670643	5.557365	-0.09599310885968812	-0.1117010721276371	0.20420352248333654	-0.808	0.4969	-0.5299
2143.0	8.08344	-1.7648190000000001	5.583852	-0.08377580409572781	-0.08726646259971647	0.15009831567151233	-0.8073	0.4984	-0.5262
2144.0	8.07363	-1.741275	5.587776	-0.09250245035569947	-0.07330382858376185	0.13264502315156904	-0.8062	0.5003	-0.5242
2145.0	8.067744000000001	-1.845261	5.570118	-0.06283185307179587	-0.07330382858376185	0.09599310885968812	-0.8057	0.502	-0.5231
2146.0	8.076573000000002	-1.884501	5.5132200000000005	-0.05585053606381855	-0.020943951023931952	0.05585053606381855	-0.8054	0.5036	-0.5228
2147.0	8.07363	-1.948266	5.498505000000001	-0.020943951023931952	-0.006981317007977318	0.0	-0.8046	0.5051	-0.524
2148.0	8.07363	-2.015955	5.473980000000001	-0.013962634015954637	0.017453292519943295	-0.029670597283903602	-0.8046	0.5062	-0.5264
2149.0	8.084421	-2.071872	5.4622079999999995	0.017453292519943295	0.041887902047863905	-0.06806784082777885	-0.8045	0.5076	-0.5305
2150.0	8.088345	-2.100321	5.447493000000001	0.041887902047863905	0.10297442586766545	-0.10821041362364843	-0.804	0.5083	-0.5366
2151.0	8.087364	-2.08953	5.452398	0.07504915783575616	0.11693705988362008	-0.13264502315156904	-0.8033	0.5088	-0.5426
2152.0	8.081478	-2.088549	5.443569	0.09948376736367678	0.16755160819145562	-0.19024088846738194	-0.803	0.5086	-0.5466
2153.0	8.07363	-2.107188	5.430816	0.1466076571675237	0.2007128639793479	-0.2426007660272118	-0.8032	0.5081	-0.5479
2154.0	8.066763	-2.113074	5.432778	0.16929693744344995	0.23212879051524585	-0.30717794835100204	-0.8038	0.5067	-0.5464
2155.0	8.060877	-2.112093	5.441607	0.21118483949131386	0.24609142453120045	-0.3560471674068432	-0.8043	0.5053	-0.5429
2156.0	8.056953	-2.0856060000000003	5.4622079999999995	0.23911010752322315	0.28099800957108706	-0.38571776469074687	-0.8053	0.5031	-0.5389
2157.0	8.043219	-2.0120310000000003	5.488695	0.22863813201125716	0.2792526803190927	-0.3752457891787809	-0.8068	0.501	-0.5356
2158.0	8.029485000000001	-1.920798	5.520087	0.2303834612632515	0.24783675378319478	-0.3752457891787809	-0.8078	0.4987	-0.5339
2159.0	8.001036000000001	-1.829565	5.546574000000001	0.19896753472735357	0.23212879051524585	-0.3368485456349056	-0.8095	0.4961	-0.5337
2160.0	7.960815	-1.6608330000000002	5.6073960000000005	0.19722220547535926	0.15533430342749532	-0.2617993877991494	-0.8117	0.4938	-0.5348
2161.0	7.928442	-1.473462	5.662332000000001	0.07504915783575616	0.06981317007977318	-0.11344640137963143	-0.8138	0.4918	-0.5366
2162.0	7.8980310000000005	-1.2900150000000001	5.731002000000001	0.008726646259971648	-0.019198621771937627	-0.015707963267948967	-0.8155	0.4907	-0.5402
2163.0	7.876449	-1.127169	5.790843000000001	-0.059341194567807204	-0.06981317007977318	0.08203047484373349	-0.8168	0.49	-0.5448
2164.0	7.861734	-1.002582	5.833026	-0.06981317007977318	-0.09599310885968812	0.11519173063162574	-0.8175	0.4894	-0.5512
2165.0	7.851924	-0.9201779999999999	5.862456000000001	-0.10122909661567112	-0.13264502315156904	0.15358897417550102	-0.8181	0.4886	-0.5585
2166.0	7.841133	-0.883881	5.868342	-0.10995574287564276	-0.13264502315156904	0.15009831567151233	-0.8179	0.4883	-0.5658
2167.0	7.839171	-0.896634	5.86638	-0.1064650843716541	-0.13962634015954636	0.15009831567151233	-0.8181	0.4883	-0.5705
2168.0	7.8421140000000005	-0.9339120000000001	5.845779	-0.1117010721276371	-0.12217304763960307	0.1413716694115407	-0.8179	0.4881	-0.5713
2169.0	7.861734	-0.996696	5.824197000000001	-0.1117010721276371	-0.10122909661567112	0.11519173063162574	-0.8167	0.4882	-0.5764
2170.0	7.896069	-1.130112	5.765337000000001	-0.09948376736367678	-0.09250245035569947	0.10821041362364843	-0.8157	0.4881	-0.5788
2171.0	7.926480000000001	-1.279224	5.708439	-0.09599310885968812	-0.0715584993317675	0.08377580409572781	-0.8148	0.4879	-0.576
2172.0	7.954929	-1.408716	5.648598	-0.0890117918517108	-0.020943951023931952	0.061086523819801536	-0.8147	0.4873	-0.5739
2173.0	7.976511000000001	-1.5176070000000002	5.599548	-0.0471238898038469	-0.003490658503988659	0.03665191429188092	-0.8141	0.4859	-0.5715
2174.0	7.989264	-1.5990300000000002	5.571099	-0.038397243543875255	0.006981317007977318	0.019198621771937627	-0.8139	0.486	-0.57
2175.0	7.989264	-1.621593	5.559327	-0.0471238898038469	-0.0017453292519943296	0.0	-0.814	0.4858	-0.5683
2176.0	7.9922070000000005	-1.617669	5.5691370000000004	-0.06632251157578452	-0.05061454830783556	0.0	-0.8145	0.4858	-0.5668
2177.0	7.994169	-1.5960870000000003	5.588757	-0.06283185307179587	-0.06981317007977318	0.006981317007977318	-0.8147	0.4858	-0.5666
2178.0	7.994169	-1.557828	5.620149	-0.05235987755982989	-0.1413716694115407	0.020943951023931952	-0.8151	0.4858	-0.5688
2179.0	7.991226	-1.5372270000000001	5.654484000000001	-0.08377580409572781	-0.1884955592153876	0.027925268031909273	-0.8166	0.4859	-0.5644
2180.0	7.989264	-1.526436	5.711382	-0.09075712110370514	-0.2775073510670984	0.005235987755982988	-0.8171	0.4857	-0.5625
2181.0	7.973568	-1.494063	5.76828	-0.17627825445142728	-0.3839724354387525	0.012217304763960306	-0.8179	0.4858	-0.5644
2182.0	7.914708	-1.50093	5.938974000000001	-0.09075712110370514	-0.5777039824101231	-0.006981317007977318	-0.8185	0.4859	-0.5652
2183.0	7.890183	-1.4950440000000003	6.017454	-0.08377580409572781	-0.6457718232379019	0.0017453292519943296	-0.8201	0.4864	-0.5621
2184.0	7.864677	-1.4508990000000002	6.097896	-0.09948376736367678	-0.8220500776893293	0.013962634015954637	-0.8215	0.4864	-0.5585
2185.0	7.850943000000001	-1.4401080000000002	6.165585	-0.09599310885968812	-1.0000736613927508	0.027925268031909273	-0.8229	0.487	-0.5567
2186.0	7.836228	-1.454823	6.216597000000001	-0.12566370614359174	-1.1728612573401895	0.03665191429188092	-0.8251	0.4874	-0.55
2187.0	7.827399000000001	-1.494063	6.247008000000001	-0.10471975511965978	-1.3578661580515883	0.031415926535897934	-0.8281	0.4882	-0.5437
2188.0	7.834266	-1.550961	6.272514	-0.09599310885968812	-1.4765485471872026	0.010471975511965976	-0.8321	0.4889	-0.5362
2189.0	7.834266	-1.560771	6.261723	-0.1117010721276371	-1.6283921921107094	0.012217304763960306	-0.8358	0.4895	-0.528
2190.0	7.832304000000001	-1.572543	6.245046000000001	-0.1291543646475804	-1.7086773377024487	0.013962634015954637	-0.8413	0.4901	-0.5166
2191.0	7.841133	-1.6166880000000001	6.204825	-0.1413716694115407	-1.858775653373961	-0.006981317007977318	-0.8474	0.4905	-0.5043
2192.0	7.897050000000001	-1.617669	6.052770000000001	-0.1361356816555577	-2.0367992370773824	-0.03316125578789226	-0.8545	0.4906	-0.4896
2193.0	7.921575000000001	-1.591182	5.995872	-0.2181661564992912	-2.2078415037728267	-0.0017453292519943296	-0.8617	0.4913	-0.4776
2194.0	7.9411950000000004	-1.623555	5.931126000000001	-0.21467549799530256	-2.4469516112960497	-0.03316125578789226	-0.8701	0.4915	-0.4623
2195.0	7.948062000000001	-1.694187	5.852646000000001	-0.22863813201125716	-2.6494098045273926	-0.10122909661567112	-0.8788	0.4914	-0.443
2196.0	7.971606	-1.740294	5.765337000000001	-0.23911010752322315	-2.8012534494508987	-0.158824961931484	-0.8872	0.4919	-0.4263
2197.0	7.988283000000001	-1.7422560000000002	5.675085	-0.2426007660272118	-3.1014500807939234	-0.17453292519943295	-0.8959	0.4914	-0.4067
2198.0	7.965720000000001	-1.691244	5.586795	-0.2583087292951608	-3.4574972482007666	-0.22165681500327983	-0.9048	0.4909	-0.3847
2199.0	8.003979	-1.6755480000000003	5.464170000000001	-0.2007128639793479	-3.822271061867582	-0.2583087292951608	-0.9146	0.4902	-0.3609
2200.0	8.059896	-1.621593	5.322906	-0.1954768762233649	-4.146902302738527	-0.2879793265790644	-0.9238	0.4893	-0.3352
2201.0	8.222742	-1.5195690000000002	5.137497000000001	-0.31066860685499065	-4.408701690537677	-0.2530727415391778	-0.9331	0.4882	-0.3066
2202.0	8.519004	-1.4234310000000001	4.89519	-0.3892084231947355	-4.532620067429273	-0.1413716694115407	-0.9421	0.4871	-0.2757
2203.0	9.062478	-1.318464	4.586175000000001	-0.4834562028024293	-4.537856055185257	0.003490658503988659	-0.9506	0.4856	-0.2419
2204.0	9.683451	-1.135017	4.19868	-0.7819075048934596	-4.466297555853489	0.26005405854715513	-0.9577	0.4839	-0.2061
2205.0	10.238697000000002	-0.996696	3.8003940000000003	-0.8761552845011534	-4.344124508213886	0.29496064358704166	-0.9637	0.4832	-0.1684
2206.0	10.739988	-1.024164	3.3854310000000005	-0.5148721293383273	-4.260348704118158	0.12391837689159739	-0.9691	0.4823	-0.1289
2207.0	11.141217	-1.116378	2.947905	-0.027925268031909273	-4.15213829049451	-0.08028514559173916	-0.9729	0.4813	-0.0886
2208.0	11.651337	-1.24587	2.46231	0.29496064358704166	-3.981096023799066	-0.26878070480712674	-0.9744	0.4805	-0.0484
2209.0	12.153609	-1.2988439999999999	2.0689290000000002	0.41364303272265607	-3.9165188414752756	-0.40840704496667307	-0.9748	0.4799	-0.0083
2210.0	12.740247	-1.3714380000000002	1.9051020000000003	0.7243116395776468	-3.7000980142279785	-0.4520402762665313	-0.9741	0.4788	0.0302
2211.0	13.229766000000001	-1.489158	1.9767150000000002	0.9721483933608416	-3.0647981665020425	-0.3787364476827695	-0.9718	0.4777	0.0676
2212.0	13.459320000000002	-1.505835	2.288673	1.0000736613927508	-2.05599785884932	-0.2059488517353309	-0.9683	0.477	0.1035
2213.0	13.217994	-1.336122	2.8017360000000004	0.609119908946021	-0.5358160803622591	-0.11344640137963143	-0.9639	0.476	0.1364
2214.0	12.650976000000002	-0.9005580000000001	3.512961	-0.17278759594743864	1.059414855960558	-0.23212879051524585	-0.9601	0.4753	0.1656
2215.0	11.970162	-0.25800300000000004	4.17906	-1.1763519158441782	2.333505209916418	-0.7120943348136864	-0.958	0.4731	0.1902
2216.0	11.403144000000001	0.32176800000000005	4.840254000000001	-1.556833692778942	2.7209683038591597	-0.9512044423369096	-0.9561	0.4691	0.2086
2217.0	10.812582	0.807363	5.429835000000001	-2.2322761133007476	3.502875808752619	-1.1763519158441782	-0.9563	0.4645	0.2202
2218.0	10.012086	1.1634660000000001	5.970366	-2.5935592684635735	3.9392081217512014	-1.4154620233674011	-0.9588	0.4579	0.2243
2219.0	9.162540000000002	1.3321980000000002	6.442227	-2.638937829015426	4.0037853040749924	-1.5690509975429023	-0.9627	0.4491	0.2215
2220.0	8.237457000000001	1.395963	6.661971	-2.4347343065320897	4.047418535374851	-1.562069680534925	-0.9679	0.4391	0.2127
2221.0	7.320222	1.387134	6.695325	-2.0455258833373544	4.098033083682686	-1.4032447186034411	-0.9747	0.4278	0.1986
2222.0	6.551118	1.213497	6.546213000000001	-1.5847589608108512	4.150392961242516	-1.1536626355682518	-0.9832	0.4145	0.1792
2223.0	6.020397000000001	0.782838	6.228369000000001	-1.293288975727798	4.199262180298357	-1.0367255756846316	-0.9922	0.4006	0.1548
2224.0	5.742774000000001	0.037278	5.763375000000001	-0.8552113334772214	4.232423436086249	-0.8203047484373349	-1.0018	0.3853	0.1267
2225.0	5.651541	-0.783819	5.334677999999999	-0.6335545184739416	4.214970143566306	-0.6265732014659643	-1.0102	0.3701	0.0952
2226.0	5.503410000000001	-1.3989060000000002	4.89519	-0.5951572749300664	4.122467693210607	-0.4782202150464463	-1.018	0.3562	0.0626
2227.0	5.507334	-1.935513	4.519467000000001	-0.6492624817418906	3.981096023799066	-0.30717794835100204	-1.0244	0.3427	0.0323
2228.0	5.691762000000001	-2.427975	4.242825	-0.6510078109938848	3.7367499285198593	-0.07853981633974483	-1.0293	0.3309	0.0041
2229.0	5.960556	-2.882178	3.9887460000000003	-0.6283185307179586	3.623303527140228	0.06283185307179587	-1.0323	0.3209	-0.0215
2230.0	6.270552	-3.3618870000000003	3.7572300000000003	-0.4537856055185257	3.394665395128971	0.40317105721069013	-1.0345	0.3137	-0.045
2231.0	6.676686	-3.923019	3.56103	-0.09948376736367678	3.1485739705977704	0.7347836150896128	-1.0356	0.3079	-0.0686
2232.0	7.642971	-4.3566210000000005	3.240243	0.609119908946021	2.923426497090502	0.9861110273767962	-1.0354	0.3048	-0.0934
2233.0	8.757387000000001	-4.7607930000000005	3.055815	1.0088003076527223	3.431317309420852	1.7016960206944713	-1.0346	0.3037	-0.1193
2234.0	10.341702000000002	-4.976613	2.573163	1.2967796342317868	3.427826650916863	2.3788837704682715	-1.0322	0.3054	-0.147
2235.0	11.744532000000001	-5.0835420000000004	1.739313	1.356120828799594	3.1887165433936397	2.569124658935653	-1.0284	0.3097	-0.1755
2236.0	12.80205	-4.9030380000000005	0.610182	1.5376350710070041	2.939134460358451	2.436479635784084	-1.0236	0.3159	-0.2047
2237.0	14.166621	-4.340925	-0.59841	1.8395770316020235	2.241002759560719	1.9233528356977512	-1.0182	0.3246	-0.2358
2238.0	15.441921	-3.406032	-1.9100070000000002	1.9128808601857852	1.5550883635269475	1.6458454846306527	-1.0123	0.3348	-0.2675
2239.0	16.786872000000002	-2.1150360000000004	-3.382488	1.8238690683340744	0.8325220532012952	1.5219271077390555	-1.0057	0.3461	-0.2995
2240.0	18.195588	-0.5140440000000001	-5.051169000000001	1.6580627893946132	0.27401669256310973	1.3002702927357754	-0.9984	0.3576	-0.3318
2241.0	19.519938	1.227231	-6.809121000000001	1.494001839707146	-0.1954768762233649	1.1484266478122689	-0.991	0.3688	-0.3651
2242.0	19.725948000000002	2.82528	-8.11287	1.2636183784438948	-0.38048177693476387	1.171115928088195	-0.9831	0.3794	-0.3927
2243.0	19.037286	3.501189	-7.999074	-0.08028514559173916	-0.23212879051524585	1.3334315485236679	-0.975	0.3902	-0.4155
2244.0	17.737461	3.5639730000000003	-7.404588	-0.21118483949131386	-0.0890117918517108	0.9843656981248018	-0.9677	0.4004	-0.434
2245.0	16.655418	3.540429	-6.569757	0.12217304763960307	0.10821041362364843	0.7330382858376184	-0.9607	0.4095	-0.4471
2246.0	15.896124000000002	3.4266330000000003	-5.357241	0.054105206811824215	0.24958208303518914	0.5340707511102649	-0.9549	0.4176	-0.4585
2247.0	14.785632000000001	2.95281	-4.039758	-0.2617993877991494	0.3769911184307752	0.3717551306747922	-0.9492	0.4237	-0.466
2248.0	13.688874	2.06991	-2.553543	-0.09075712110370514	0.4869468613064179	0.20769418098732523	-0.9437	0.4296	-0.472
2249.0	12.414555000000002	1.03005	-0.840717	-0.06806784082777885	0.5096361415823443	0.15009831567151233	-0.939	0.4351	-0.476
2250.0	11.011725	-0.293319	1.05948	0.020943951023931952	0.5899212871740833	-0.003490658503988659	-0.9351	0.4395	-0.4786
2251.0	9.580446	-1.52055	3.0352140000000003	0.12740903539558607	0.6440264939859076	-0.13962634015954636	-0.9304	0.4441	-0.4784
2252.0	8.557263	-2.4799680000000004	5.0099670000000005	0.04363323129985824	0.5288347633542818	-0.1710422666954443	-0.927	0.4483	-0.4806
2253.0	8.360082	-2.518227	5.167908000000001	0.054105206811824215	0.3752457891787809	-0.12217304763960307	-0.9243	0.4507	-0.4838
2254.0	8.30907	-2.126808	5.25816	0.03665191429188092	0.25481807079117214	-0.06632251157578452	-0.9216	0.4525	-0.4876
2255.0	8.205084000000001	-1.755009	5.4622079999999995	0.005235987755982988	0.20943951023931956	-0.022689280275926284	-0.9194	0.453	-0.4926
2256.0	8.104041	-1.567638	5.644674	-0.038397243543875255	0.06283185307179587	0.08377580409572781	-0.9174	0.4532	-0.4947
2257.0	8.022618	-1.380267	5.832045000000001	-0.10821041362364843	0.0	0.19198621771937624	-0.9154	0.454	-0.4947
