PacketCounter	Acc_X	Acc_Y	Acc_Z	Gyr_X	Gyr_Y	Gyr_Z	Mag_X	Mag_Y	Mag_Z
0.0	10.042497000000001	6.956271	10.230849	-8.367108434060816	9.032078879070655	-7.696902001294993	-0.0821	-0.1239	-0.1527
1.0	10.038573000000001	6.950385000000001	10.208286000000001	-8.36885376331281	9.060004147102566	-7.695156672042999	-0.0799	-0.1249	-0.1546
2.0	10.032687	6.954309	10.223001	-8.365363104808822	9.075712110370514	-7.702137989050977	-0.0782	-0.1228	-0.1535
3.0	10.032687	6.953328	10.235754000000002	-8.36885376331281	9.054768159346581	-7.70388331830297	-0.078	-0.121	-0.1534
4.0	10.032687	6.958233000000001	10.232811	-8.372344421816798	9.06174947635456	-7.702137989050977	-0.0787	-0.1213	-0.1534
5.0	10.030725	6.963138	10.230849	-8.370599092564804	9.056513488598576	-7.705628647554965	-0.0793	-0.1205	-0.1533
6.0	10.031706	6.964119	10.235754000000002	-8.374089751068793	9.065240134858547	-7.705628647554965	-0.0788	-0.1212	-0.1532
7.000000000000001	10.032687	6.964119	10.235754000000002	-8.377580409572781	9.05825881785057	-7.702137989050977	-0.0779	-0.1218	-0.1531
8.0	10.032687	6.963138	10.235754000000002	-8.365363104808822	9.042550854582622	-7.707373976806959	-0.0773	-0.1222	-0.153
9.0	10.032687	6.964119	10.228887	-8.372344421816798	9.056513488598576	-7.707373976806959	-0.0776	-0.122	-0.1529
10.0	10.034649	6.963138	10.227906	-8.370599092564804	9.037314866826637	-7.698647330546988	-0.0773	-0.1225	-0.153
11.0	10.03563	6.966081	10.228887	-8.36885376331281	9.049532171590599	-7.705628647554965	-0.0768	-0.1215	-0.153
12.0	10.038573000000001	6.970986000000001	10.227906	-8.365363104808822	9.047786842338605	-7.700392659798982	-0.0775	-0.1218	-0.153
13.0	10.039554	6.972948000000001	10.224963	-8.365363104808822	9.066985464110543	-7.700392659798982	-0.0774	-0.1226	-0.153
14.000000000000002	10.037592000000002	6.970986000000001	10.22202	-8.372344421816798	9.060004147102566	-7.705628647554965	-0.076	-0.1231	-0.153
15.0	10.038573000000001	6.970986000000001	10.218096000000001	-8.36885376331281	9.054768159346581	-7.705628647554965	-0.075	-0.1237	-0.153
16.0	10.038573000000001	6.969024000000001	10.216134000000002	-8.36885376331281	9.056513488598576	-7.707373976806959	-0.0752	-0.1242	-0.153
17.0	10.037592000000002	6.966081	10.216134000000002	-8.367108434060816	9.049532171590599	-7.70388331830297	-0.0756	-0.1243	-0.1531
18.0	10.036610999999999	6.968043000000001	10.219077	-8.365363104808822	9.049532171590599	-7.702137989050977	-0.0757	-0.1248	-0.1533
19.0	10.038573000000001	6.969024000000001	10.226925	-8.372344421816798	9.063494805606553	-7.695156672042999	-0.0756	-0.1255	-0.1532
20.0	10.036610999999999	6.970986000000001	10.226925	-8.367108434060816	9.051277500842593	-7.695156672042999	-0.075	-0.1256	-0.1533
21.0	10.034649	6.969024000000001	10.225944	-8.372344421816798	9.060004147102566	-7.70388331830297	-0.0751	-0.1263	-0.1532
22.0	10.034649	6.966081	10.225944	-8.365363104808822	9.047786842338605	-7.70388331830297	-0.0744	-0.1263	-0.1532
23.0	10.031706	6.966081	10.228887	-8.35663645854885	9.06174947635456	-7.698647330546988	-0.0741	-0.1262	-0.1533
24.0	10.033668	6.969024000000001	10.23183	-8.358381787800845	9.054768159346581	-7.700392659798982	-0.0749	-0.1255	-0.1533
25.0	10.034649	6.969024000000001	10.238697000000002	-8.375835080320787	9.068730793362537	-7.693411342791005	-0.0753	-0.1251	-0.1533
26.0	10.033668	6.971967	10.236735000000001	-8.374089751068793	9.042550854582622	-7.698647330546988	-0.075	-0.124	-0.1533
27.0	10.031706	6.972948000000001	10.23183	-8.38107106807677	9.03382420832265	-7.702137989050977	-0.075	-0.1234	-0.1532
28.000000000000004	10.029744	6.972948000000001	10.223982000000001	-8.372344421816798	9.049532171590599	-7.695156672042999	-0.0753	-0.1227	-0.153
28.999999999999996	10.021896000000002	6.968043000000001	10.24164	-8.353145800044862	9.06174947635456	-7.696902001294993	-0.0752	-0.1222	-0.1529
30.0	10.017972000000002	6.967062000000001	10.274013	-8.344419153784889	8.97273768450285	-7.702137989050977	-0.0754	-0.1219	-0.1531
31.0	10.027782	6.970986000000001	10.280880000000002	-8.349655141540872	8.881980563399143	-7.695156672042999	-0.0755	-0.1221	-0.1529
32.0	10.039554	6.983739	10.278918	-8.353145800044862	8.887216551155126	-7.695156672042999	-0.0756	-0.1219	-0.1529
33.0	10.049364	7.003359000000001	10.274994000000001	-8.346164483036883	8.90466984367507	-7.695156672042999	-0.0768	-0.1217	-0.1525
34.0	10.062117	7.000416	10.272051	-8.353145800044862	8.922123136195012	-7.702137989050977	-0.077	-0.1224	-0.1527
35.0	10.073889	6.995511	10.269108	-8.342673824532895	8.92910445320299	-7.700392659798982	-0.0774	-0.1233	-0.1525
36.0	10.086642000000001	6.986682000000001	10.274013	-8.3409284952809	8.976228343006836	-7.70388331830297	-0.0771	-0.1243	-0.1524
37.0	10.106262000000001	6.980796000000001	10.277937000000001	-8.333947178272924	8.988445647770797	-7.717845952318925	-0.076	-0.1248	-0.1523
38.0	10.125882	6.972948000000001	10.282842	-8.333947178272924	8.988445647770797	-7.717845952318925	-0.0749	-0.1251	-0.1521
39.0	10.146483	6.981777	10.262241000000001	-8.337437836776912	9.007644269542736	-7.716100623066931	-0.0752	-0.1251	-0.1521
40.0	10.166103	6.985701	10.218096000000001	-8.354891129296856	9.019861574306693	-7.709119306058954	-0.0755	-0.125	-0.1517
41.0	10.166103	6.983739	10.193571	-8.344419153784889	9.039060196078632	-7.716100623066931	-0.0756	-0.1248	-0.1518
42.0	10.158255000000002	6.969024000000001	10.176894	-8.360127117052839	9.037314866826637	-7.712609964562942	-0.0755	-0.1244	-0.1517
43.0	10.152369	6.953328	10.160217000000001	-8.363617775556827	9.063494805606553	-7.712609964562942	-0.0747	-0.1243	-0.152
44.0	10.139616000000002	6.959214	10.145502	-8.367108434060816	9.054768159346581	-7.709119306058954	-0.0748	-0.1244	-0.1518
45.0	10.127844	6.964119	10.13373	-8.377580409572781	9.044296183834616	-7.709119306058954	-0.0752	-0.1232	-0.1517
46.0	10.116071999999999	6.9700050000000005	10.116071999999999	-8.377580409572781	9.060004147102566	-7.707373976806959	-0.0756	-0.1221	-0.1515
47.0	10.095471	6.973929	10.107243	-8.38107106807677	9.060004147102566	-7.695156672042999	-0.0769	-0.1216	-0.1515
48.0	10.075851	6.975891	10.096452	-8.386307055832754	9.049532171590599	-7.696902001294993	-0.078	-0.1212	-0.1517
49.0	10.057212	6.976872000000001	10.08468	-8.38107106807677	9.042550854582622	-7.688175355035022	-0.0776	-0.1216	-0.1519
50.0	10.040535000000002	6.980796000000001	10.082718000000002	-8.38107106807677	9.039060196078632	-7.67944870877505	-0.078	-0.1219	-0.1521
51.0	10.029744	6.981777	10.095471	-8.384561726580758	9.053022830094589	-7.681194038027045	-0.0782	-0.122	-0.152
52.0	10.023858	6.979815	10.106262000000001	-8.384561726580758	9.046041513086609	-7.675958050271062	-0.0785	-0.1222	-0.1519
53.0	10.021896000000002	6.978834000000001	10.113128999999999	-8.391543043588737	9.054768159346581	-7.670722062515078	-0.0787	-0.1223	-0.1514
54.0	10.022877000000001	6.97491	10.115091	-8.38107106807677	9.051277500842593	-7.668976733263084	-0.0784	-0.1215	-0.1512
55.00000000000001	10.027782	6.971967	10.118034000000002	-8.375835080320787	9.056513488598576	-7.660250087003112	-0.0777	-0.1218	-0.1514
56.00000000000001	10.039554	6.970986000000001	10.124901000000001	-8.389797714336742	9.06174947635456	-7.675958050271062	-0.0775	-0.1221	-0.1516
56.99999999999999	10.059174	6.970986000000001	10.130787	-8.388052385084748	9.042550854582622	-7.67944870877505	-0.0766	-0.1228	-0.1518
57.99999999999999	10.077813	6.970986000000001	10.140597000000001	-8.39328837284073	9.066985464110543	-7.696902001294993	-0.0772	-0.1232	-0.152
59.0	10.099395000000001	6.959214	10.158255000000002	-8.384561726580758	9.070476122614531	-7.70388331830297	-0.0776	-0.1228	-0.1517
60.0	10.115091	6.9523470000000005	10.205343000000001	-8.374089751068793	9.042550854582622	-7.710864635310948	-0.0777	-0.1225	-0.1514
61.0	10.145502	6.951366	10.219077	-8.363617775556827	8.998917623282763	-7.716100623066931	-0.0778	-0.123	-0.1512
62.0	10.160217000000001	6.957252	10.225944	-8.367108434060816	8.979719001510826	-7.71959128157092	-0.0778	-0.1233	-0.1513
63.0	10.169046	6.961176	10.228887	-8.360127117052839	8.995426964778774	-7.712609964562942	-0.0773	-0.1229	-0.1519
64.0	10.177875000000002	6.959214	10.23183	-8.365363104808822	9.012880257298717	-7.70388331830297	-0.0767	-0.1227	-0.1523
65.0	10.170027	6.963138	10.23183	-8.372344421816798	9.03382420832265	-7.70388331830297	-0.077	-0.1231	-0.152
66.0	10.157274000000001	6.967062000000001	10.228887	-8.372344421816798	9.03382420832265	-7.70388331830297	-0.0774	-0.1237	-0.1517
67.0	10.137654000000001	6.969024000000001	10.214172	-8.372344421816798	9.023352232810684	-7.6916660135390105	-0.0778	-0.1239	-0.152
68.0	10.099395000000001	6.972948000000001	10.2024	-8.375835080320787	9.00938959879473	-7.677703379523055	-0.0768	-0.1239	-0.1522
69.0	10.050345	6.980796000000001	10.208286000000001	-8.35663645854885	8.98146433076282	-7.670722062515078	-0.0765	-0.1239	-0.152
70.0	10.031706	6.98472	10.181799000000002	-8.36885376331281	8.967501696746865	-7.66723140401109	-0.0766	-0.1237	-0.1525
71.0	10.005219	7.00434	10.170027	-8.372344421816798	8.955284391982905	-7.65501409924713	-0.0762	-0.1231	-0.1523
72.0	10.005219	7.01415	10.163160000000001	-8.375835080320787	8.967501696746865	-7.651523440743141	-0.0758	-0.1237	-0.152
73.0	10.016990999999999	7.022979	10.160217000000001	-8.38107106807677	8.990190977022792	-7.656759428499123	-0.077	-0.1244	-0.1516
74.0	10.03563	7.032789	10.160217000000001	-8.370599092564804	9.028588220566666	-7.646287452987158	-0.0774	-0.1253	-0.1513
75.0	10.078794000000002	7.015131	10.159236000000002	-8.370599092564804	9.051277500842593	-7.663740745507101	-0.0778	-0.1249	-0.1518
76.0	10.115091	6.991587	10.162179	-8.363617775556827	9.08269342737849	-7.6916660135390105	-0.0782	-0.1242	-0.152
77.0	10.151388	6.978834000000001	10.170027	-8.354891129296856	9.091420073638462	-7.693411342791005	-0.0785	-0.1237	-0.1517
78.0	10.2024	6.97491	10.170027	-8.363617775556827	9.112364024662394	-7.6916660135390105	-0.0793	-0.1224	-0.1516
79.0	10.255374000000002	6.975891	10.147464000000001	-8.374089751068793	9.103637378402423	-7.698647330546988	-0.0805	-0.1218	-0.1522
80.0	10.278918	6.973929	10.128825	-8.372344421816798	9.121090670922367	-7.695156672042999	-0.0801	-0.1214	-0.1521
81.0	10.294614000000001	6.958233000000001	10.120977000000002	-8.372344421816798	9.121090670922367	-7.695156672042999	-0.0802	-0.1211	-0.1526
82.0	10.298538	6.942537000000001	10.111167	-8.38107106807677	9.115854683166383	-7.698647330546988	-0.08	-0.1203	-0.1531
83.0	10.295595000000002	6.919974000000001	10.111167	-8.374089751068793	9.108873366158406	-7.695156672042999	-0.0793	-0.1198	-0.1533
84.0	10.283823	6.902316000000001	10.108224	-8.379325738824777	9.089674744386468	-7.702137989050977	-0.0796	-0.119	-0.153
85.0	10.257336000000002	6.908202000000001	10.108224	-8.384561726580758	9.103637378402423	-7.695156672042999	-0.0791	-0.1184	-0.153
86.0	10.236735000000001	6.919974000000001	10.1043	-8.384561726580758	9.103637378402423	-7.695156672042999	-0.0785	-0.1181	-0.1534
87.0	10.215152999999999	6.926841	10.109205000000001	-8.38107106807677	9.087929415134475	-7.709119306058954	-0.0789	-0.118	-0.1535
88.0	10.197495000000002	6.933708	10.116071999999999	-8.377580409572781	9.072221451866524	-7.705628647554965	-0.0785	-0.1196	-0.1533
89.0	10.182780000000001	6.934689	10.119996	-8.384561726580758	9.08618408588248	-7.700392659798982	-0.0777	-0.1205	-0.1529
90.0	10.169046	6.930765000000001	10.131768	-8.372344421816798	9.08269342737849	-7.6916660135390105	-0.0773	-0.1209	-0.1532
91.0	10.159236000000002	6.926841	10.140597000000001	-8.386307055832754	9.089674744386468	-7.702137989050977	-0.0772	-0.1217	-0.1537
92.0	10.151388	6.928803000000001	10.15335	-8.386307055832754	9.089674744386468	-7.702137989050977	-0.0774	-0.1221	-0.1542
93.0	10.142559	6.932727	10.163160000000001	-8.377580409572781	9.075712110370514	-7.707373976806959	-0.0774	-0.1227	-0.1538
94.0	10.135691999999999	6.937632000000001	10.179837000000001	-8.36885376331281	9.068730793362537	-7.707373976806959	-0.0774	-0.1236	-0.1544
95.0	10.130787	6.943518	10.190628	-8.379325738824777	9.068730793362537	-7.707373976806959	-0.0777	-0.1245	-0.1548
96.0	10.126863	6.950385000000001	10.201419000000001	-8.379325738824777	9.068730793362537	-7.707373976806959	-0.078	-0.1255	-0.1551
97.0	10.124901000000001	6.94548	10.208286000000001	-8.372344421816798	9.040805525330628	-7.728317927830892	-0.0771	-0.125	-0.1543
98.0	10.124901000000001	6.93567	10.216134000000002	-8.372344421816798	9.040805525330628	-7.728317927830892	-0.0765	-0.1239	-0.1537
99.0	10.127844	6.932727	10.211229	-8.375835080320787	9.016370915802707	-7.726572598578897	-0.0761	-0.1234	-0.1538
100.0	10.132749	6.93567	10.206324	-8.379325738824777	9.049532171590599	-7.728317927830892	-0.076	-0.123	-0.1535
101.0	10.134711	6.9395940000000005	10.205343000000001	-8.386307055832754	9.037314866826637	-7.714355293814936	-0.0757	-0.1229	-0.1532
102.0	10.13373	6.942537000000001	10.198476000000001	-8.374089751068793	9.054768159346581	-7.707373976806959	-0.0757	-0.123	-0.153
103.0	10.13373	6.943518	10.201419000000001	-8.374089751068793	9.070476122614531	-7.716100623066931	-0.0759	-0.1225	-0.1542
104.0	10.130787	6.94548	10.2024	-8.374089751068793	9.070476122614531	-7.716100623066931	-0.0759	-0.1219	-0.1549
105.0	10.120977000000002	6.9395940000000005	10.226925	-8.342673824532895	9.02160690355869	-7.712609964562942	-0.0754	-0.1216	-0.1542
106.0	10.115091	6.93567	10.246545000000001	-8.339183166028906	8.908160502179058	-7.705628647554965	-0.0745	-0.1213	-0.1538
107.0	10.110186	6.937632000000001	10.265184	-8.339183166028906	8.908160502179058	-7.705628647554965	-0.0742	-0.1216	-0.1545
108.0	10.1043	6.940575000000001	10.283823	-8.339183166028906	8.908160502179058	-7.705628647554965	-0.0739	-0.1219	-0.1553
109.00000000000001	10.099395000000001	6.932727	10.316196000000001	-8.339183166028906	8.908160502179058	-7.705628647554965	-0.0734	-0.122	-0.1555
110.00000000000001	10.092528	6.919974000000001	10.343664	-8.339183166028906	8.908160502179058	-7.705628647554965	-0.0731	-0.1223	-0.1555
111.00000000000001	10.085661	6.9091830000000005	10.368189	-8.339183166028906	8.908160502179058	-7.705628647554965	-0.0726	-0.1219	-0.1552
112.00000000000001	10.081737	6.898392000000001	10.399581000000001	-8.339183166028906	8.908160502179058	-7.705628647554965	-0.0719	-0.1214	-0.1549
112.99999999999999	10.093509	6.893487	10.37898	-8.372344421816798	9.018116245054701	-7.700392659798982	-0.0712	-0.1219	-0.1541
113.99999999999999	10.102338000000001	6.88662	10.367208	-8.36885376331281	9.019861574306693	-7.700392659798982	-0.0713	-0.1219	-0.1531
114.99999999999999	10.118034000000002	6.887601	10.32993	-8.36885376331281	9.019861574306693	-7.700392659798982	-0.0718	-0.1218	-0.1529
115.99999999999999	10.131768	6.895449	10.316196000000001	-8.353145800044862	9.032078879070655	-7.6916660135390105	-0.0732	-0.1226	-0.1525
117.0	10.148445	6.911145	10.281861000000001	-8.372344421816798	8.958775050486892	-7.696902001294993	-0.0741	-0.1228	-0.152
118.0	10.165122	6.915069	10.243602000000001	-8.354891129296856	8.9570297212349	-7.693411342791005	-0.0753	-0.123	-0.1523
119.0	10.183761	6.917031	10.200438000000002	-8.367108434060816	9.002408281786751	-7.700392659798982	-0.0758	-0.1231	-0.1517
120.0	10.204362000000001	6.9140880000000005	10.156293000000002	-8.36885376331281	9.00938959879473	-7.6916660135390105	-0.0766	-0.1236	-0.1517
121.0	10.221039000000001	6.910164000000001	10.118034000000002	-8.375835080320787	9.026842891314674	-7.705628647554965	-0.0776	-0.1238	-0.1517
122.0	10.234772999999999	6.9091830000000005	10.08468	-8.370599092564804	9.039060196078632	-7.712609964562942	-0.0786	-0.123	-0.1513
123.0	10.232811	6.910164000000001	10.088604	-8.365363104808822	9.06174947635456	-7.709119306058954	-0.0797	-0.1228	-0.1509
124.0	10.235754000000002	6.9140880000000005	10.08468	-8.365363104808822	9.06174947635456	-7.709119306058954	-0.08	-0.123	-0.1507
125.0	10.237716	6.922917	10.082718000000002	-8.353145800044862	9.072221451866524	-7.721336610822913	-0.0804	-0.123	-0.1508
126.0	10.236735000000001	6.926841	10.057212	-8.363617775556827	9.087929415134475	-7.716100623066931	-0.0807	-0.1219	-0.1509
127.0	10.206324	6.930765000000001	10.059174	-8.363617775556827	9.079202768874502	-7.70388331830297	-0.0807	-0.1222	-0.1513
128.0	10.177875000000002	6.94548	10.066041	-8.363617775556827	9.079202768874502	-7.70388331830297	-0.0805	-0.1223	-0.1509
129.0	10.147464000000001	6.963138	10.076832	-8.363617775556827	9.079202768874502	-7.70388331830297	-0.081	-0.1228	-0.1515
130.0	10.122939	6.986682000000001	10.108224	-8.325220532012953	9.065240134858547	-7.663740745507101	-0.0812	-0.1229	-0.1508
131.0	10.128825	6.997473000000001	10.126863	-8.337437836776912	9.08269342737849	-7.660250087003112	-0.0806	-0.1232	-0.1505
132.0	10.149426	6.987663	10.129806	-8.335692507524918	9.098401390646439	-7.668976733263084	-0.0808	-0.1238	-0.1508
133.0	10.147464000000001	6.987663	10.147464000000001	-8.326965861264947	9.115854683166383	-7.641051465231175	-0.0804	-0.1232	-0.1506
134.0	10.122939	6.980796000000001	10.201419000000001	-8.2798419714611	9.02160690355869	-7.62708883121522	-0.0796	-0.1234	-0.1508
135.0	10.121958000000001	6.975891	10.258317000000002	-8.208283472129333	8.901179185171081	-7.62708883121522	-0.0792	-0.1235	-0.1502
136.0	10.160217000000001	6.9523470000000005	10.268127	-8.190830179609389	8.709192967451704	-7.634070148223197	-0.0784	-0.1238	-0.1503
137.0	10.224963	6.930765000000001	10.244583	-8.243190057169219	8.65508776063988	-7.656759428499123	-0.0784	-0.1231	-0.1499
138.0	10.284804000000001	6.937632000000001	10.193571	-8.269369995949134	8.710938296703699	-7.67944870877505	-0.0787	-0.1234	-0.1493
139.0	10.341702000000002	6.948423000000001	10.145502	-8.290313946973065	8.854055295367234	-7.688175355035022	-0.0795	-0.1235	-0.1493
140.0	10.391733	6.947442000000001	10.087623	-8.300785922485032	8.967501696746865	-7.700392659798982	-0.0799	-0.1229	-0.1494
141.0	10.415277000000001	6.961176	10.036610999999999	-8.300785922485032	8.967501696746865	-7.700392659798982	-0.0809	-0.1224	-0.1492
142.0	10.422144000000001	6.981777	10.013067	-8.311257897996997	9.06174947635456	-7.74402589109884	-0.0804	-0.123	-0.1493
143.0	10.455498000000002	6.9827580000000005	9.973827	-8.325220532012953	9.124581329426354	-7.7684605006267615	-0.0808	-0.1238	-0.1501
144.0	10.515339	6.98472	9.894366	-8.374089751068793	9.164723902222224	-7.80860307342263	-0.0812	-0.1238	-0.1502
145.0	10.546731	6.989625	9.814905	-8.388052385084748	9.218829109034049	-7.815584390430608	-0.0812	-0.1241	-0.1512
146.0	10.528092	7.0210170000000005	9.79038	-8.415977653116657	9.278170303601856	-7.829547024446563	-0.0811	-0.1246	-0.151
147.0	10.487871	7.044561	9.804114	-8.424704299376629	9.281660962105844	-7.8260563659425735	-0.0811	-0.1256	-0.1511
148.0	10.441764000000001	7.035731999999999	9.845316	-8.4334309456366	9.288642279113823	-7.824311036690579	-0.081	-0.125	-0.1516
149.0	10.38879	7.01415	9.889461	-8.459610884416515	9.25548102332593	-7.822565707438585	-0.0805	-0.1244	-0.1514
150.0	10.319139000000002	7.000416	9.933606	-8.45786555516452	9.208357133522084	-7.803367085666648	-0.0804	-0.1252	-0.152
151.0	10.234772999999999	6.996492	9.97677	-8.463101542920503	9.149015938954276	-7.773696488382743	-0.0799	-0.1257	-0.1525
152.0	10.159236000000002	6.996492	10.014047999999999	-8.452629567408538	9.05825881785057	-7.764969842122772	-0.0804	-0.1261	-0.1517
153.0	10.105281000000002	7.015131	10.044459000000002	-8.452629567408538	9.004153611038745	-7.747516549602828	-0.0802	-0.1259	-0.1514
154.0	10.047402	7.064181	10.064079000000001	-8.466592201424493	8.979719001510826	-7.737044574090863	-0.0809	-0.1262	-0.1516
155.0	10.023858	7.105383000000001	10.098414000000002	-8.463101542920503	8.991936306274786	-7.724827269326903	-0.0813	-0.1257	-0.1511
156.0	10.033668	7.119117	10.140597000000001	-8.435176274888596	9.019861574306693	-7.71959128157092	-0.0812	-0.1252	-0.1511
157.0	10.059174	7.116174000000001	10.173950999999999	-8.412486994612669	9.065240134858547	-7.73180858633488	-0.0816	-0.1249	-0.1509
158.0	10.087623	7.119117	10.209267	-8.389797714336742	9.066985464110543	-7.73180858633488	-0.081	-0.1246	-0.1508
159.0	10.118034000000002	7.1250029999999995	10.23183	-8.388052385084748	9.066985464110543	-7.728317927830892	-0.0805	-0.1247	-0.1508
160.0	10.15335	7.115193	10.24164	-8.374089751068793	9.06174947635456	-7.724827269326903	-0.0799	-0.1245	-0.1505
161.0	10.194552	7.077915000000001	10.253411999999999	-8.361872446304833	9.065240134858547	-7.726572598578897	-0.0799	-0.1243	-0.1501
162.0	10.227906	7.044561	10.254393	-8.349655141540872	9.039060196078632	-7.724827269326903	-0.0797	-0.1245	-0.1504
163.0	10.225944	7.021998	10.253411999999999	-8.349655141540872	9.037314866826637	-7.707373976806959	-0.0795	-0.1249	-0.1501
164.0	10.226925	6.989625	10.255374000000002	-8.34790981228888	9.02160690355869	-7.695156672042999	-0.0785	-0.1249	-0.1497
165.0	10.201419000000001	6.959214	10.230849	-8.372344421816798	9.019861574306693	-7.688175355035022	-0.0772	-0.1256	-0.1499
166.0	10.151388	6.951366	10.189647	-8.375835080320787	9.00589894029074	-7.660250087003112	-0.0772	-0.1264	-0.1501
167.0	10.103319	6.954309	10.150407	-8.388052385084748	8.991936306274786	-7.6585047577511185	-0.0762	-0.1265	-0.1499
168.0	10.068984	6.948423000000001	10.100376	-8.39677903134472	9.007644269542736	-7.644542123735164	-0.0771	-0.127	-0.1499
169.0	10.030725	6.961176	10.056231	-8.375835080320787	8.99368163552678	-7.634070148223197	-0.0775	-0.127	-0.1499
170.0	10.011105	6.979815	10.026801	-8.346164483036883	9.00938959879473	-7.611380867947272	-0.0778	-0.1271	-0.1498
171.0	10.009143	7.016112	9.993447	-8.346164483036883	8.983209660014815	-7.62708883121522	-0.0782	-0.1269	-0.1499
172.0	10.019934000000001	7.050447	9.967941	-8.363617775556827	8.998917623282763	-7.628834160467215	-0.0782	-0.1258	-0.15
173.0	10.058193000000001	7.062219	9.963036	-8.377580409572781	8.984954989266807	-7.621852843459237	-0.0779	-0.1255	-0.1503
174.0	10.092528	7.047504000000001	9.977751	-8.400269689848708	9.014625586550713	-7.61487152645126	-0.0779	-0.1251	-0.1505
175.0	10.124901000000001	7.066143000000001	9.997371	-8.422958970124634	9.032078879070655	-7.621852843459237	-0.0787	-0.125	-0.1501
176.0	10.167084000000001	7.047504000000001	10.027782	-8.428194957880617	9.06174947635456	-7.632324818971203	-0.0788	-0.1244	-0.1499
177.0	10.207305	7.03377	10.051326	-8.435176274888596	9.103637378402423	-7.656759428499123	-0.0796	-0.1236	-0.1501
178.0	10.239678000000001	7.0210170000000005	10.085661	-8.4334309456366	9.115854683166383	-7.665486074759095	-0.0792	-0.123	-0.1503
179.0	10.281861000000001	6.993549	10.11411	-8.426449628628623	9.115854683166383	-7.6829393672790385	-0.0789	-0.1231	-0.1504
180.0	10.314233999999999	6.987663	10.130787	-8.422958970124634	9.115854683166383	-7.688175355035022	-0.0797	-0.1229	-0.1503
181.0	10.328949	6.98472	10.158255000000002	-8.419468311620646	9.107128036906412	-7.688175355035022	-0.0799	-0.1225	-0.1504
182.0	10.333853999999999	6.9827580000000005	10.179837000000001	-8.40899633610868	9.115854683166383	-7.693411342791005	-0.0803	-0.1227	-0.1505
183.0	10.323063000000001	6.979815	10.190628	-8.40899633610868	9.115854683166383	-7.693411342791005	-0.0812	-0.1226	-0.1505
184.0	10.314233999999999	6.988644000000001	10.19259	-8.40899633610868	9.115854683166383	-7.693411342791005	-0.082	-0.1226	-0.1506
185.0	10.298538	6.968043000000001	10.205343000000001	-8.360127117052839	9.02160690355869	-7.67944870877505	-0.0823	-0.1222	-0.1509
186.0	10.272051	6.97491	10.212209999999999	-8.339183166028906	8.99368163552678	-7.672467391767073	-0.0829	-0.1219	-0.1512
187.0	10.244583	6.991587	10.228887	-8.328711190516941	8.967501696746865	-7.675958050271062	-0.083	-0.1227	-0.1514
188.0	10.218096000000001	7.010226	10.238697000000002	-8.319984544256968	8.944812416470938	-7.665486074759095	-0.0834	-0.1233	-0.1512
189.0	10.176894	7.04358	10.272051	-8.321729873508964	8.934340440958973	-7.623598172711231	-0.0846	-0.1234	-0.1511
190.0	10.119015000000001	7.085763000000001	10.330911	-8.31649388575298	8.862781941627206	-7.5904369169233386	-0.0837	-0.1227	-0.1513
191.0	10.085661	7.115193	10.379961000000002	-8.300785922485032	8.763298174263529	-7.553785002631458	-0.084	-0.1229	-0.1511
192.0	10.024839	7.08282	10.492776000000001	-8.166395570081468	8.663814406899851	-7.525859734599549	-0.0842	-0.1223	-0.1509
193.0	9.978732	7.085763000000001	10.600686000000001	-8.080874436733746	8.454374896660532	-7.483971832551685	-0.0838	-0.1224	-0.1505
194.0	9.922815000000002	7.066143000000001	10.743912	-8.032005217677904	8.278096642209105	-7.468263869283736	-0.0841	-0.1218	-0.15
195.0	9.861012	7.0082640000000005	10.923435	-7.9272854625582445	8.164650240829474	-7.4647732107797475	-0.0853	-0.1225	-0.1491
196.0	9.784494	6.971967	11.12454	-7.850490975470494	7.892378877518358	-7.4560465645197755	-0.0867	-0.1227	-0.148
197.0	9.712881	6.92586	11.318778	-7.850490975470494	7.892378877518358	-7.4560465645197755	-0.0884	-0.1221	-0.1469
198.0	9.627534	6.8679809999999994	11.630736	-7.761479183618783	7.204719152232593	-7.435102613495844	-0.0896	-0.1216	-0.145
199.0	9.531396	6.87681	11.905416	-7.726572598578897	6.775368156241987	-7.333873516880173	-0.0909	-0.1224	-0.1425
200.0	9.455859	6.8679809999999994	12.153609	-7.726572598578897	6.775368156241987	-7.333873516880173	-0.0932	-0.1239	-0.1401
200.99999999999997	9.351873000000001	6.970986000000001	12.381201	-7.778932476138727	5.825909043157072	-7.049384848805096	-0.0957	-0.1244	-0.1365
202.0	9.27045	7.165224000000001	12.572496000000001	-7.81209373192662	5.576326960121883	-6.785840131753954	-0.0987	-0.1251	-0.1322
202.99999999999997	9.196875	7.428132000000001	12.786354	-7.906341511534313	5.021312257987686	-6.417575659583149	-0.1035	-0.1243	-0.1272
204.0	9.184122	7.795026	12.994326000000001	-7.990117315630041	4.389503068765738	-6.017895260876449	-0.1078	-0.1242	-0.1212
204.99999999999997	9.371493000000001	8.306127	13.183659000000002	-8.148942277561524	3.6826447217080354	-5.684537373745531	-0.1128	-0.1229	-0.1144
206.0	9.72171	8.879031000000001	13.347486000000002	-8.265879337445146	3.085742117525975	-5.3843407424025065	-0.1178	-0.1218	-0.1065
206.99999999999997	10.099395000000001	9.359721	13.550553	-8.234463410909248	2.611012560983517	-5.235987755982989	-0.1234	-0.12	-0.0969
208.0	10.493757000000002	9.754083	13.698684000000002	-7.915068157794284	2.343977185428385	-5.028293574995664	-0.1294	-0.1182	-0.0863
209.0	11.136312	10.181799000000002	13.818366000000001	-8.014551925157962	1.764527873766267	-4.663519761328848	-0.1355	-0.1147	-0.0746
210.0	11.779848000000001	10.610496	13.938048000000002	-8.014551925157962	1.764527873766267	-4.663519761328848	-0.1416	-0.1113	-0.0628
211.0	14.038110000000001	10.668375	14.241177	-8.543386688512243	1.5498523757709646	-4.967207051175862	-0.1477	-0.1069	-0.0486
212.0	15.724449	10.810620000000002	14.618862	-8.032005217677904	2.6459191460234033	-5.436700619962337	-0.1539	-0.1016	-0.0336
213.0	16.501401	10.937169	15.174108	-7.634070148223197	3.3754667733570334	-5.550147021341968	-0.1585	-0.0968	-0.0179
214.0	16.193367000000002	11.088243000000002	15.653817	-7.532841051607527	3.844960342143508	-5.46637121724624	-0.1621	-0.0913	-0.0021
215.0	15.221196	11.331531	15.592014	-7.74402589109884	3.824016391119576	-4.738568919164605	-0.1644	-0.085	0.014
216.0	14.10678	11.492415000000001	15.530211	-7.74402589109884	3.824016391119576	-4.738568919164605	-0.1661	-0.0793	0.0289
217.0	14.481522	11.327607	15.730335	-7.988371986378046	5.188863866179142	-6.393141050055229	-0.1659	-0.0735	0.0442
218.00000000000003	14.994585	11.444346000000001	15.954003000000002	-8.241444727917225	7.95346540133816	-7.5991635631833105	-0.1658	-0.0671	0.0579
219.0	14.298075	11.526750000000002	15.947136	-8.75980751575954	10.051351162235344	-8.428194957880617	-0.165	-0.0604	0.0694
220.00000000000003	13.601565	11.609154	15.940269	-8.75980751575954	10.051351162235344	-8.428194957880617	-0.1642	-0.0537	0.081
221.0	10.583028	11.74257	15.368346	-9.311331559389748	10.96939434878436	-8.894197868163104	-0.1623	-0.0502	0.0881
222.00000000000003	8.286507	11.641527000000002	14.613957000000001	-9.389871375729493	10.925761117484504	-9.103637378402423	-0.16	-0.0487	0.0933
223.0	7.022979	11.375676	13.619223000000002	-9.34798347368163	10.979866324296328	-9.353219461437611	-0.1585	-0.0477	0.0965
224.00000000000003	6.904278000000001	10.962674999999999	12.672558	-9.299114254625787	11.28355361414334	-9.599310885968812	-0.1567	-0.0474	0.098
225.0	7.331994	10.331892	12.243861	-9.290387608365815	11.714649939385941	-9.758135847900297	-0.1557	-0.0483	0.0973
225.99999999999997	7.7606910000000005	9.701109	11.816144999999999	-9.290387608365815	11.714649939385941	-9.758135847900297	-0.1547	-0.0491	0.0966
227.0	6.758109	9.512757	11.030364	-9.339256827421657	12.505284090539371	-9.740682555380353	-0.1544	-0.0526	0.0924
227.99999999999997	5.67018	9.149787	10.149426	-9.377654070965532	12.63443845518695	-9.642944117268671	-0.154	-0.0568	0.0872
229.0	5.654484000000001	8.687736000000001	9.542187	-9.339256827421657	12.882275208970146	-9.519025740377073	-0.1533	-0.0619	0.0814
229.99999999999997	5.717268	8.193312	8.948682	-9.201375816514107	13.102186694721432	-9.438740594785333	-0.1533	-0.0672	0.0747
231.0	6.564852	7.902936	8.774064000000001	-9.023352232810684	13.30289955870078	-9.405579338997441	-0.1529	-0.0715	0.0678
231.99999999999997	7.317279	7.742052	8.699508000000002	-8.864527270879199	13.482668471656195	-9.414305985257414	-0.152	-0.0748	0.0603
233.0	7.972587	7.705755	8.699508000000002	-8.829620685839313	13.625785470319732	-9.459684545809266	-0.1508	-0.0785	0.052
234.0	8.566092	7.745976	8.727957000000002	-8.836602002847291	13.739231871699364	-9.484119155337186	-0.1503	-0.0824	0.0431
235.0	9.086022	7.7989500000000005	8.758368	-8.836602002847291	13.739231871699364	-9.484119155337186	-0.1492	-0.086	0.0348
236.0	9.693261	7.835247	8.907480000000001	-8.899433855919085	13.912019467646802	-9.693558665576505	-0.1476	-0.0903	0.024
237.0	10.215152999999999	7.848000000000001	9.11349	-8.899433855919085	13.912019467646802	-9.693558665576505	-0.1463	-0.093	0.0147
238.0	10.808658	7.848000000000001	9.475479	-8.777260808279483	14.023720539774438	-9.866346261523944	-0.1444	-0.0965	0.0035
239.0	11.394315	7.892145	9.91791	-8.716174284459681	14.076080417334268	-9.878563566287905	-0.1415	-0.1002	-0.0077
240.0	11.990763	7.982397000000001	10.430973	-8.660323748395863	14.138912270406063	-9.862855603019957	-0.1369	-0.1044	-0.0193
241.0	12.617622	8.084421	11.03625	-8.618435846348	14.2506133425337	-9.857619615263973	-0.1314	-0.1081	-0.0309
242.0	13.302360000000002	8.170749	11.727855	-8.548622676268227	14.304718549345525	-9.796533091444172	-0.1255	-0.1119	-0.0423
243.00000000000003	14.073426000000001	8.207046	12.487149	-8.484045493944436	14.433872913993106	-9.770353152664256	-0.1177	-0.1155	-0.0532
244.0	14.952402000000001	8.183502	13.295493	-8.489281481700418	14.622368473208493	-9.796533091444172	-0.1092	-0.1199	-0.0639
245.00000000000003	15.976566000000002	8.15211	14.137191000000001	-8.585274590560106	14.78642942289596	-9.836675664240042	-0.0997	-0.1242	-0.0751
246.0	17.081172000000002	8.127585	14.851359	-8.815658051823359	14.87544121474767	-9.887290212547876	-0.0898	-0.1279	-0.0844
247.00000000000003	18.418275	8.081478	15.481161000000002	-8.990190977022792	14.777702776635989	-9.883799554043888	-0.0787	-0.1318	-0.0946
248.0	19.893698999999998	7.969644000000001	15.78429	-9.370672753957555	14.578735241908634	-9.829694347232065	-0.0678	-0.1353	-0.1027
249.00000000000003	21.481938	7.7430330000000005	15.711696	-9.66214273904061	14.446090218757066	-9.539969691401005	-0.0574	-0.1384	-0.1105
250.0	22.900464000000003	7.377120000000001	15.238854	-9.76337183565628	14.11796831938213	-9.039060196078632	-0.0469	-0.1404	-0.1178
250.99999999999997	23.998203	6.979815	14.268645	-9.759881177152291	13.639748104335686	-8.436921604140588	-0.0364	-0.1426	-0.1246
252.0	25.063569	6.695325	12.732399000000001	-9.358455449193595	12.87529389196217	-7.370525431172054	-0.0266	-0.1439	-0.1312
252.99999999999997	26.299629	5.937993	10.748816999999999	-7.853981633974483	12.383111042899769	-6.510078109938849	-0.0172	-0.1452	-0.1375
254.0	27.492525000000004	5.0913900000000005	8.374797000000001	-7.00226095900125	12.020082558484948	-6.122615015996108	-0.0086	-0.1456	-0.1431
254.99999999999997	28.449981	4.614624	5.7015720000000005	-5.960299395560636	11.779227121709729	-5.311036913818745	-0.0007	-0.1461	-0.1479
256.0	29.096460000000004	4.412538	3.018537	-5.907939518000806	11.091567396423963	-4.813618077000361	0.006	-0.1466	-0.1519
257.0	29.166111	4.65975	0.7406550000000001	-7.613126197199265	10.124654990819106	-4.9131018443640375	0.011	-0.1479	-0.1547
258.0	28.950291	5.978214000000001	-1.4626710000000003	-10.40914365889418	8.403760348352696	-3.8432150128915135	0.0144	-0.1479	-0.1569
259.0	25.475589000000003	5.933088000000001	-2.272977	-9.553932325416959	5.476843192758206	-4.909611185860049	0.0158	-0.1475	-0.1586
260.0	23.768649	5.530878	-1.173276	-7.9185588162982725	3.904301536711315	-7.557275661135447	0.0146	-0.1466	-0.1593
261.0	23.580297	5.907582	-0.496386	-7.8260563659425735	4.026474584350918	-8.290313946973065	0.0106	-0.1457	-0.1589
262.0	23.315427000000003	6.1793190000000005	0.6425550000000001	-7.8260563659425735	4.026474584350918	-8.290313946973065	0.0067	-0.1454	-0.1582
263.0	21.760542	6.7159260000000005	2.5417710000000002	-8.290313946973065	5.052728184523584	-7.419394650227895	0.0004	-0.145	-0.156
264.0	20.094804	7.366329	4.751964	-8.290313946973065	5.052728184523584	-7.419394650227895	-0.0058	-0.1447	-0.1537
265.0	18.679221	7.205445000000001	7.172091	-8.004079949645996	6.0842177724522335	-6.52229541470281	-0.014	-0.1438	-0.1508
266.0	17.135127	7.518384	9.315576	-8.070402461221779	6.637487145334435	-6.89754120388159	-0.0223	-0.1429	-0.1477
267.0	15.947136	8.128566000000001	11.027421000000002	-8.45786555516452	6.829473363053812	-6.862634618841704	-0.0311	-0.1407	-0.145
268.0	14.941611	7.4251890000000005	12.74319	-8.911651160683046	7.091272750852961	-6.97782634947333	-0.0387	-0.1387	-0.1419
269.0	17.006616	8.175654000000002	13.365144	-8.911651160683046	7.091272750852961	-6.97782634947333	-0.0451	-0.1369	-0.1388
270.0	16.893801	8.716185	12.455757000000002	-8.703956979695722	7.517133088339577	-7.0930180801049545	-0.0514	-0.136	-0.1354
271.0	15.605748	8.72109	12.309588	-8.738863564735608	7.688175355035022	-7.182029871956666	-0.0568	-0.1354	-0.1324
272.0	14.326524	8.770140000000001	12.182058000000001	-8.768534162019511	7.956956059842148	-7.267551005304388	-0.0624	-0.1345	-0.1296
273.0	14.177412	8.962416	11.687634000000001	-8.728391589223643	8.159414253073491	-7.387978723691997	-0.0668	-0.1328	-0.1274
274.0	13.764411	8.977131	11.164760999999999	-8.677777040915807	8.506734774220362	-7.431611954991856	-0.0711	-0.1316	-0.1253
275.0	13.189545	9.442125	10.699767000000001	-8.677777040915807	8.506734774220362	-7.431611954991856	-0.0736	-0.1307	-0.1242
276.0	12.887397000000002	9.167445	10.529073	-8.677777040915807	8.506734774220362	-7.431611954991856	-0.076	-0.1299	-0.1233
277.0	12.534237000000001	8.157015000000001	10.475118000000002	-8.478809506188453	8.817403381075353	-7.597418233931316	-0.0779	-0.1287	-0.1224
278.0	11.979972000000002	7.564491	10.499643	-8.435176274888596	8.927359123950996	-7.618362184955249	-0.08	-0.1284	-0.1218
279.0	11.444346000000001	6.901335	10.532016000000002	-8.39328837284073	8.934340440958973	-7.6585047577511185	-0.0823	-0.1278	-0.1208
280.0	11.382543000000002	6.953328	10.489832999999999	-8.346164483036883	8.967501696746865	-7.6585047577511185	-0.0832	-0.1271	-0.1207
281.0	11.190267	6.834627	10.485909	-8.325220532012953	8.984954989266807	-7.670722062515078	-0.0839	-0.1269	-0.1202
282.0	10.984257	6.681591000000001	10.452555	-8.281587300713094	9.00589894029074	-7.6497781114911465	-0.0842	-0.1268	-0.12
283.0	10.631097000000002	6.614883000000001	10.372112999999999	-8.241444727917225	9.025097562062678	-7.644542123735164	-0.0846	-0.1261	-0.1204
284.0	10.538883	6.725736	10.314233999999999	-8.253662032681184	9.054768159346581	-7.642796794483169	-0.0856	-0.1257	-0.12
285.0	10.439802	6.843456000000001	10.253411999999999	-8.290313946973065	9.065240134858547	-7.630579489719208	-0.0856	-0.1259	-0.1197
286.0	10.342683000000001	6.966081	10.194552	-8.333947178272924	9.070476122614531	-7.628834160467215	-0.0862	-0.125	-0.1195
287.0	10.289709	7.101459	10.130787	-8.38107106807677	9.070476122614531	-7.62708883121522	-0.0864	-0.125	-0.1194
288.0	10.279899	7.128927000000001	10.095471	-8.400269689848708	9.101892049150429	-7.62708883121522	-0.0863	-0.1253	-0.1193
289.0	10.254393	7.211331	10.051326	-8.424704299376629	9.126326658678348	-7.634070148223197	-0.0869	-0.1255	-0.1194
290.0	10.244583	7.251552	10.029744	-8.438666933392584	9.157742585214248	-7.646287452987158	-0.0866	-0.1263	-0.1195
291.0	10.240659	7.245666000000001	10.028763	-8.4334309456366	9.15425192671026	-7.651523440743141	-0.0863	-0.1255	-0.12
292.0	10.237716	7.222122	10.036610999999999	-8.429940287132611	9.16297857297023	-7.677703379523055	-0.0866	-0.1248	-0.1198
293.0	10.232811	7.184844000000001	10.050345	-8.412486994612669	9.145525280450286	-7.681194038027045	-0.087	-0.1256	-0.1193
294.0	10.226925	7.159338	10.068003000000001	-8.414232323864663	9.135053304938321	-7.677703379523055	-0.0871	-0.1254	-0.1197
295.0	10.22202	7.135794000000001	10.092528	-8.410741665360673	9.124581329426354	-7.681194038027045	-0.088	-0.1243	-0.1197
296.0	10.215152999999999	7.105383000000001	10.109205000000001	-8.414232323864663	9.1106186954104	-7.677703379523055	-0.0886	-0.1245	-0.1197
297.0	10.2024	7.072029000000001	10.125882	-8.414232323864663	9.1106186954104	-7.677703379523055	-0.0889	-0.1244	-0.1199
298.0	10.182780000000001	7.055352	10.138635	-8.429940287132611	9.079202768874502	-7.65501409924713	-0.0891	-0.1239	-0.1202
299.0	10.161198	7.042599	10.156293000000002	-8.431685616384607	9.079202768874502	-7.644542123735164	-0.0888	-0.1236	-0.1201
300.0	10.142559	7.05339	10.163160000000001	-8.435176274888596	9.049532171590599	-7.646287452987158	-0.0885	-0.1227	-0.1203
301.0	10.128825	7.067124000000001	10.162179	-8.419468311620646	9.053022830094589	-7.642796794483169	-0.0883	-0.1233	-0.1204
302.0	10.119996	7.0769340000000005	10.167084000000001	-8.419468311620646	9.066985464110543	-7.65501409924713	-0.0875	-0.1235	-0.1205
303.0	10.112148	7.085763000000001	10.169046	-8.39328837284073	9.047786842338605	-7.651523440743141	-0.0868	-0.1229	-0.1206
304.0	10.113128999999999	7.071048	10.17297	-8.391543043588737	9.028588220566666	-7.6497781114911465	-0.0867	-0.1226	-0.1209
305.0	10.119996	7.044561	10.176894	-8.365363104808822	9.02160690355869	-7.656759428499123	-0.087	-0.1235	-0.1216
306.0	10.127844	7.026903000000001	10.198476000000001	-8.3409284952809	9.00938959879473	-7.65501409924713	-0.0864	-0.1236	-0.1211
307.0	10.127844	7.012188	10.220058000000002	-8.323475202760957	8.988445647770797	-7.663740745507101	-0.0863	-0.123	-0.1213
308.0	10.12392	7.0082640000000005	10.250469	-8.313003227248991	8.930849782454985	-7.653268769995135	-0.0866	-0.123	-0.1213
309.0	10.115091	7.024941	10.272051	-8.313003227248991	8.909905831431052	-7.620107514207243	-0.0863	-0.1236	-0.1219
310.0	10.113128999999999	7.026903000000001	10.291671	-8.311257897996997	8.859291283123218	-7.609635538695277	-0.0863	-0.1237	-0.1208
311.0	10.110186	7.03377	10.309329	-8.297295263981042	8.810422064067376	-7.58694625841935	-0.0866	-0.1233	-0.1209
312.0	10.092528	7.029846000000001	10.362303	-8.241444727917225	8.7720248205235	-7.56251164889143	-0.0876	-0.1234	-0.1205
313.0	10.062117	7.010226	10.466289	-8.127998326537593	8.689994345679766	-7.532841051607527	-0.0883	-0.1238	-0.1203
314.0	10.026801	7.041618000000001	10.56537	-8.096582400001694	8.543386688512243	-7.499679795819634	-0.0888	-0.1244	-0.1195
315.0	9.990504	7.0632	10.651698000000001	-8.042477193189871	8.370599092564804	-7.503170454323622	-0.0897	-0.124	-0.1184
316.0	9.952245	7.019055000000001	10.749798000000002	-7.963937376850126	8.300785922485032	-7.49793446656764	-0.0908	-0.1236	-0.1191
317.0	9.918891000000002	6.961176	10.876347	-7.8941242067703525	8.105309046261667	-7.513642429835588	-0.0915	-0.1239	-0.1184
318.0	9.870822	6.919974000000001	11.049003	-7.874925584998414	7.880161572754398	-7.5153877590875835	-0.0928	-0.123	-0.1171
319.0	9.805095000000001	6.90624	11.280519	-7.88888821901437	7.579964941411373	-7.492698478811657	-0.0943	-0.123	-0.1153
320.0	9.697185000000001	6.934689	11.561085000000002	-7.791149780902686	7.239625737272479	-7.401941357707952	-0.0969	-0.1231	-0.1137
321.0	9.565731	6.983739	11.8701	-7.74402589109884	6.829473363053812	-7.363544114164076	-0.0987	-0.1237	-0.1103
322.0	9.44703	7.057314000000001	12.138894	-7.74402589109884	6.829473363053812	-7.363544114164076	-0.1	-0.1242	-0.1075
323.0	9.255735000000001	7.3614239999999995	12.459681000000002	-7.714355293814936	6.023131248632431	-7.028440897781165	-0.1026	-0.1245	-0.104
324.0	9.025200000000002	7.726356	12.817746	-7.763224512870778	5.330235535590682	-6.628760499074464	-0.1054	-0.1235	-0.0995
325.0	8.830962000000001	8.017713	13.25331	-7.794640439406676	4.518657433413319	-6.148794954776023	-0.1087	-0.1227	-0.094
326.0	8.699508000000002	8.399322	13.700646	-7.810348402674625	3.551745027808461	-5.695009349257497	-0.1127	-0.1229	-0.0868
327.0	8.782893	8.87805	14.095989000000001	-7.850490975470494	2.5272367568877896	-5.342452840354643	-0.1177	-0.1222	-0.0784
328.0	9.072288	9.335196	14.485446	-7.853981633974483	1.631882850614698	-5.215043804959057	-0.1224	-0.1214	-0.0687
329.0	9.589275	9.706014	14.865093000000002	-7.813839061178613	1.2356931104119853	-5.101597403579426	-0.128	-0.1188	-0.0576
330.0	10.269108	10.201419000000001	15.170184	-7.930776121062233	0.5899212871740833	-4.7403142484166	-0.1335	-0.1158	-0.0452
331.0	11.911302000000001	10.828278	15.392871	-9.03382420832265	0.0	-4.162610266006476	-0.1394	-0.1118	-0.0321
332.0	14.241177	11.473776	15.806853	-9.724974592112405	0.17976891295541594	-4.363323129985824	-0.1461	-0.1065	-0.0167
333.0	16.316973	11.895605999999999	16.329726	-9.37590874171354	1.6283921921107094	-4.961971063419879	-0.1514	-0.1012	-0.0005
334.0	17.305821	12.127122	17.20674	-8.630653151111959	2.5569073541716927	-5.4262286444503705	-0.1559	-0.0964	0.0151
335.0	18.258372	12.443004	18.013122000000003	-8.630653151111959	2.5569073541716927	-5.4262286444503705	-0.1594	-0.0915	0.0296
336.0	17.203797	12.886416000000002	17.63838	-8.768534162019511	3.082251459021986	-3.9706240482870996	-0.1618	-0.0854	0.0469
337.0	17.062533000000002	12.4587	17.371548	-8.709192967451704	2.724458962363148	-4.255112716362175	-0.1626	-0.079	0.0636
338.0	17.992521	12.097692000000002	17.727651	-7.504915783575617	4.5588000062091885	-5.651376117957639	-0.1627	-0.073	0.079
339.0	18.459477	11.974086	18.004293	-7.189011188964643	7.873180255746421	-6.8486719848257485	-0.1626	-0.0669	0.0926
340.0	18.79596	11.694501	18.307422000000003	-7.189011188964643	7.873180255746421	-6.8486719848257485	-0.1619	-0.0616	0.1041
341.0	18.193626000000002	11.259918	18.66843	-7.189011188964643	7.873180255746421	-6.8486719848257485	-0.1612	-0.0568	0.1139
342.0	15.145659000000002	11.109825	17.90325	-8.309512568745003	11.636110123046196	-8.405505677604692	-0.1592	-0.0531	0.1192
343.0	12.440061	10.963656	16.926174	-8.309512568745003	11.636110123046196	-8.405505677604692	-0.1576	-0.0496	0.1232
344.0	10.853784000000001	10.632078000000002	15.346764	-8.911651160683046	11.623892818282235	-8.91339648993504	-0.1569	-0.0471	0.1255
345.0	9.424467	10.176894	13.781088	-8.813912722571365	11.594222220998331	-9.224065096790032	-0.1562	-0.046	0.1276
346.0	9.940473	9.561807	13.363182000000002	-8.813912722571365	11.594222220998331	-9.224065096790032	-0.156	-0.0457	0.126
347.0	9.665793	9.685413	12.942333	-8.625417163355976	12.051498485020845	-9.875072907783915	-0.157	-0.0467	0.1217
348.0	8.213913000000002	9.78057	11.871081	-8.674286382411818	12.48084948101145	-9.964084699635627	-0.1576	-0.0496	0.116
349.0	7.021998	9.688356	10.831221000000001	-8.674286382411818	12.48084948101145	-9.964084699635627	-0.1576	-0.053	0.1104
350.0	5.946822	9.568674000000001	9.803133	-9.08269342737849	13.159782560037245	-9.967575358139616	-0.1576	-0.0567	0.1026
351.0	4.9383539999999995	9.364626000000001	8.783874	-9.08269342737849	13.496631105672149	-9.882054224791895	-0.1578	-0.0617	0.0939
352.0	5.751603000000001	8.776026	8.713242000000001	-8.915141819187035	13.796827737015175	-9.777334469672235	-0.1579	-0.0676	0.0865
353.0	6.563871000000001	8.186445	8.643591	-8.915141819187035	13.796827737015175	-9.777334469672235	-0.1579	-0.0735	0.0791
354.0	7.519365	7.825437	8.85843	-8.351400470792868	14.165092209185978	-9.491100472345163	-0.1572	-0.0802	0.0701
355.0	8.415999000000001	7.619427	9.090927	-8.246680715673207	14.304718549345525	-9.435249936281346	-0.1564	-0.0858	0.06
356.0	9.385227	7.443828000000001	9.371493000000001	-8.072147790473775	14.393730341197237	-9.34449281517764	-0.1548	-0.0925	0.0492
357.0	10.075851	7.3643670000000006	9.620667000000001	-8.023278571417933	14.615387156200516	-9.356710119941601	-0.1521	-0.0988	0.0389
358.0	10.734102000000002	7.271172	9.919872000000002	-8.044222522441865	14.791665410651943	-9.447467241045304	-0.1499	-0.1038	0.028
359.0	11.454156000000001	7.195635000000001	10.304424000000001	-8.073893119725769	14.926055763055507	-9.602801544472802	-0.1469	-0.1091	0.0163
360.0	12.120255	7.136775000000001	10.766475	-8.019787912913944	15.015067554907215	-9.77209848191625	-0.1433	-0.1151	0.0055
361.0	12.797145	7.184844000000001	11.312892	-7.967428035354114	15.069172761719042	-9.923942126839759	-0.1395	-0.1202	-0.0052
362.0	13.527009000000001	7.34769	11.978010000000001	-7.899360194526336	15.097098029750951	-9.988519309163546	-0.1352	-0.1256	-0.0158
363.0	14.431491000000001	7.548795	12.817746	-7.810348402674625	15.128513956286847	-10.131636307827083	-0.1308	-0.1312	-0.0273
364.0	15.478218000000002	7.875468	13.741848000000001	-7.763224512870778	15.210544431130582	-10.281734623498595	-0.1248	-0.1358	-0.0373
365.0	16.71624	8.188407	14.733639	-7.791149780902686	15.421729270621896	-10.50513676775387	-0.118	-0.1405	-0.0467
366.0	18.130842	8.361063	15.725430000000001	-7.834783012202545	15.746360511492842	-10.766936155553019	-0.1101	-0.1452	-0.057
367.0	19.719081000000003	8.380683	16.614216000000003	-7.873180255746421	15.969762655748115	-10.936233092996469	-0.1018	-0.1503	-0.0669
368.0	21.540798000000002	8.256096000000001	17.235189	-7.922049474802262	15.969762655748115	-10.944959739256442	-0.0921	-0.1568	-0.0759
369.0	23.303655000000003	8.075592	17.388225000000002	-7.993607974134029	15.861552242124466	-10.80707872834889	-0.0819	-0.1635	-0.0847
370.0	25.002747000000003	8.467011	16.867314	-8.59051057831609	15.493287769953664	-10.24333737995472	-0.0705	-0.1696	-0.0931
371.0	26.512506000000002	9.253773	15.571413	-10.124654990819106	14.89114917801562	-8.97797367225883	-0.0573	-0.1756	-0.1012
372.0	28.01736	9.152730000000002	13.451472	-10.098475052039191	13.699089298903493	-8.075638448977763	-0.0442	-0.1799	-0.1088
373.0	29.347596000000003	8.084421	10.570274999999999	-8.100073058505684	12.669345040226839	-7.724827269326903	-0.0312	-0.1844	-0.1162
374.0	30.401190000000003	6.740451000000001	7.08282	-5.948082090796675	11.775736463205742	-7.433357284243849	-0.0188	-0.1882	-0.1222
375.0	31.165389	5.852646000000001	3.377583	-5.593780252641826	10.76344549704903	-7.250097712784444	-0.0074	-0.1925	-0.1269
376.0	31.677471	5.55246	-0.048069	-6.401867696315201	10.1264003200711	-6.80503875352589	0.0016	-0.1968	-0.1295
377.0	31.901139	5.548536	-2.8704060000000005	-8.05469449795383	8.634143809615948	-6.497860805174889	0.0091	-0.2003	-0.1314
378.0	29.906766	6.157737000000001	-3.6973890000000003	-11.46506785635075	7.255333700540428	-6.431538293599105	0.0144	-0.2022	-0.1331
379.0	25.716915000000004	8.342424000000001	-1.913931	-12.189379495928398	5.710717312525446	-5.602506898901797	0.0173	-0.2027	-0.1349
380.0	22.144113	7.352595000000001	-1.181124	-10.953686385516413	5.963790054064624	-6.061528492176307	0.0172	-0.2019	-0.1357
381.0	20.520558	4.449816	-1.148751	-9.782570457428218	4.654793115068877	-7.712609964562942	0.0144	-0.2003	-0.1364
382.0	19.378674	3.5855550000000003	0.648441	-8.38107106807677	3.7576938795437917	-8.042477193189871	0.0106	-0.1992	-0.1366
383.0	18.034704	3.699351	3.870045	-7.873180255746421	3.7000980142279785	-7.67944870877505	0.0052	-0.1973	-0.1351
384.0	16.70643	4.030929	7.183863	-7.948229413582176	4.297000618410039	-6.173229564303943	-0.0019	-0.1959	-0.1333
385.0	15.355593	4.26735	10.48689	-7.798131097910665	4.968952380427856	-5.948082090796675	-0.0102	-0.1937	-0.1316
386.0	14.005737	4.0260240000000005	13.465206	-7.798131097910665	4.968952380427856	-5.948082090796675	-0.0178	-0.1902	-0.1305
387.0	12.373353000000002	5.196357	15.349707	-9.018116245054701	6.077236455444256	-7.056366165813075	-0.0258	-0.1867	-0.1286
388.0	12.962934	4.678389	15.637140000000002	-9.124581329426354	6.237806746627734	-6.956882398449398	-0.0346	-0.1838	-0.1261
389.0	15.307524	2.019879	13.648653000000001	-8.656833089891874	6.592108584782583	-7.079055446089001	-0.0426	-0.1818	-0.1227
390.0	16.750575	2.718351	13.103217000000003	-8.531169383748283	7.1698125671927055	-7.150613945420768	-0.0501	-0.1803	-0.1192
391.0	16.505325000000003	5.230692	13.858587000000002	-8.716174284459681	7.337364175384161	-7.283258968572337	-0.0563	-0.1791	-0.1151
392.0	15.738183000000001	6.244065	13.641786000000002	-8.7720248205235	7.531095722355532	-7.276277651564359	-0.0625	-0.1782	-0.1108
393.0	15.211386000000001	7.159338	12.577401	-8.749335540247575	7.763224512870778	-7.337364175384161	-0.0679	-0.1778	-0.1075
394.0	14.338296000000001	8.006922000000001	11.852442	-8.756316857255552	8.164650240829474	-7.283258968572337	-0.0726	-0.1772	-0.1049
395.0	13.593717	8.47584	11.262861	-8.728391589223643	8.208283472129333	-7.2640603468004	-0.0766	-0.1759	-0.1027
396.0	13.027680000000002	8.659287	10.756665000000002	-8.492772140204409	8.302531251737026	-7.487462491055674	-0.0809	-0.175	-0.1004
397.0	12.595059000000001	7.33788	10.747836	-8.360127117052839	8.730136918475637	-7.5101517713316	-0.0839	-0.1742	-0.0988
398.0	11.87991	7.260381	10.530054	-8.290313946973065	8.864527270879199	-7.543313027119492	-0.0856	-0.1732	-0.0976
399.0	11.586591	7.744014	10.367208	-8.253662032681184	8.934340440958973	-7.585200929167357	-0.0871	-0.1716	-0.0967
400.0	11.572857	7.546833	10.377999	-8.253662032681184	8.976228343006836	-7.585200929167357	-0.0881	-0.1703	-0.0959
401.0	11.401182	7.04358	10.459422000000002	-8.265879337445146	9.000662952534759	-7.5991635631833105	-0.089	-0.1692	-0.095
401.99999999999994	11.157894	6.869943000000001	10.429011	-8.265879337445146	9.011134928046722	-7.6078902094432825	-0.0907	-0.1684	-0.0944
403.0	10.870461	6.7463370000000005	10.411353	-8.2798419714611	9.019861574306693	-7.630579489719208	-0.0914	-0.1668	-0.0942
404.0	10.910682000000001	6.679629	10.404486	-8.285077959217082	9.02160690355869	-7.653268769995135	-0.0917	-0.1664	-0.0935
405.0	10.836126	6.622731000000001	10.387809	-8.307767239493009	9.037314866826637	-7.651523440743141	-0.0924	-0.1666	-0.093
405.99999999999994	10.572237000000001	6.865038	10.276956000000002	-8.330456519768935	9.03382420832265	-7.6585047577511185	-0.0924	-0.1661	-0.0927
407.0	10.511415	7.0210170000000005	10.207305	-8.367108434060816	9.032078879070655	-7.648032782239152	-0.0929	-0.1656	-0.0922
408.0	10.450593	7.116174000000001	10.144521000000001	-8.375835080320787	9.046041513086609	-7.646287452987158	-0.0931	-0.1653	-0.092
409.0	10.403505000000001	7.2397800000000005	10.073889	-8.384561726580758	9.065240134858547	-7.641051465231175	-0.0935	-0.1653	-0.0916
409.99999999999994	10.365246	7.282944	10.028763	-8.405505677604692	9.079202768874502	-7.635815477475192	-0.0936	-0.1656	-0.0915
411.00000000000006	10.337778000000002	7.294716000000001	9.998352000000002	-8.405505677604692	9.08618408588248	-7.63930613597918	-0.0947	-0.1661	-0.0913
412.0	10.31031	7.280001	9.983637000000002	-8.400269689848708	9.079202768874502	-7.660250087003112	-0.0944	-0.166	-0.0913
413.0	10.288728	7.267248	9.972846	-8.39328837284073	9.08269342737849	-7.663740745507101	-0.0945	-0.1663	-0.0912
413.99999999999994	10.274013	7.256457000000001	9.95715	-8.40899633610868	9.08269342737849	-7.684684696531034	-0.0945	-0.166	-0.0913
415.00000000000006	10.262241000000001	7.255476000000001	9.946359000000001	-8.412486994612669	9.070476122614531	-7.684684696531034	-0.0941	-0.1659	-0.0913
416.0	10.259298000000001	7.233894000000001	9.936549	-8.415977653116657	9.079202768874502	-7.67944870877505	-0.0944	-0.1658	-0.0913
417.0	10.263222	7.203483	9.934587	-8.40899633610868	9.05825881785057	-7.66723140401109	-0.0949	-0.1659	-0.0915
418.0	10.274013	7.166205000000001	9.937529999999999	-8.417722982368652	9.091420073638462	-7.675958050271062	-0.0952	-0.1656	-0.0916
419.00000000000006	10.266165	7.146585000000001	9.955188	-8.4334309456366	9.08269342737849	-7.6585047577511185	-0.095	-0.1657	-0.0919
420.0	10.26126	7.127946000000001	9.969903	-8.428194957880617	9.065240134858547	-7.656759428499123	-0.095	-0.1653	-0.0923
421.0	10.25145	7.1328510000000005	9.979713000000002	-8.415977653116657	9.054768159346581	-7.646287452987158	-0.0947	-0.1645	-0.0927
422.0	10.242621000000002	7.154433	9.984618000000001	-8.415977653116657	9.019861574306693	-7.635815477475192	-0.0949	-0.1647	-0.093
423.00000000000006	10.234772999999999	7.169148000000001	10.000314000000001	-8.414232323864663	9.019861574306693	-7.642796794483169	-0.0949	-0.165	-0.0931
424.0	10.225944	7.166205000000001	10.036610999999999	-8.388052385084748	9.007644269542736	-7.63930613597918	-0.0961	-0.1642	-0.0934
425.0	10.219077	7.147566	10.08468	-8.363617775556827	8.946557745722934	-7.641051465231175	-0.096	-0.1638	-0.0937
426.0	10.209267	7.1200980000000005	10.144521000000001	-8.318239215004976	8.899433855919085	-7.634070148223197	-0.0956	-0.1639	-0.0941
426.99999999999994	10.19259	7.074972	10.206324	-8.203047484373348	8.859291283123218	-7.634070148223197	-0.0948	-0.1638	-0.0944
428.0	10.184742	7.044561	10.237716	-8.190830179609389	8.7720248205235	-7.630579489719208	-0.0949	-0.1637	-0.0945
429.0	10.188666	7.027884000000001	10.259298000000001	-8.17163155783745	8.719664942963671	-7.62708883121522	-0.0948	-0.1638	-0.0943
430.0	10.177875000000002	7.035731999999999	10.312272	-8.11927168027762	8.686503687175778	-7.611380867947272	-0.0946	-0.1648	-0.0939
430.99999999999994	10.160217000000001	7.04358	10.401543	-8.059930485709813	8.62716249260797	-7.588691587671345	-0.095	-0.1649	-0.0935
432.0	10.128825	7.067124000000001	10.517301000000002	-7.997098632638018	8.492772140204409	-7.552039673379464	-0.0947	-0.1645	-0.0929
433.0	10.089585	7.099497	10.61442	-7.922049474802262	8.360127117052839	-7.487462491055674	-0.0953	-0.1654	-0.0923
434.0	10.048383000000001	7.077915000000001	10.721349	-7.838273670706535	8.176867545593433	-7.476990515543707	-0.0953	-0.1657	-0.0913
434.99999999999994	10.007181000000001	7.019055000000001	10.844955	-7.798131097910665	7.990117315630041	-7.475245186291714	-0.0964	-0.1661	-0.09
436.00000000000006	9.950283	7.021998	10.997991	-7.770205829878755	7.859217621730466	-7.459537223023764	-0.0973	-0.1665	-0.0885
437.0	9.870822	7.115193	11.192229000000001	-7.79638576865867	7.552039673379464	-7.386233394440002	-0.0987	-0.1666	-0.0865
438.0	9.763893	7.2142740000000005	11.452194	-7.7510072081068175	7.23613507876849	-7.290240285580314	-0.1001	-0.1667	-0.0842
438.99999999999994	9.659907	7.22016	11.747475000000001	-7.675958050271062	6.846926655573755	-7.269296334556382	-0.1022	-0.166	-0.0814
440.00000000000006	9.516681	7.208388	12.081996	-7.538077039363509	6.382669074543263	-7.279768310068349	-0.1042	-0.1651	-0.0779
441.0	9.300861000000001	7.375158000000001	12.402783000000001	-7.47000919853573	5.750859885321316	-7.182029871956666	-0.1057	-0.1655	-0.0738
442.0	9.054630000000001	7.530156	12.755943	-7.426375967235872	4.974188368183839	-7.115707360380881	-0.1091	-0.1657	-0.0688
443.0	8.886879	7.676325	13.159134	-7.285004297824331	4.522148091917308	-6.91324916714954	-0.1118	-0.1646	-0.0627
444.00000000000006	8.765235	7.933347	13.548591	-7.189011188964643	3.556981015564444	-6.625269840570476	-0.1146	-0.1647	-0.0552
445.0	8.866278000000001	8.234514	13.893903	-7.1017447263649265	2.528982086139784	-6.347762489503376	-0.1177	-0.1643	-0.0463
446.0	9.271431000000002	8.622009	14.294151000000001	-7.09476340935695	1.4800392056911915	-6.1173790282401255	-0.1213	-0.1637	-0.0356
447.0	9.907119000000002	9.160578	14.608071000000002	-7.290240285580314	0.7644542123735163	-5.761331860833282	-0.1256	-0.1628	-0.0233
448.00000000000006	10.930302000000001	9.929682	14.809176	-7.899360194526336	0.22514747350726852	-5.143485305627289	-0.1296	-0.1623	-0.0092
449.0	13.221918000000002	10.574199000000002	15.080913000000002	-8.581783932056117	-0.022689280275926284	-4.8537606497962305	-0.1331	-0.1613	0.0061
450.0	15.512553	11.076471	15.457617000000003	-8.571311956544152	0.4782202150464463	-5.276130328778859	-0.1366	-0.1592	0.0222
451.0	16.928136000000002	11.524788000000001	16.177671	-8.19955682586936	1.715658654710426	-5.672320068981571	-0.1398	-0.1562	0.0389
451.99999999999994	17.40294	11.805354000000001	16.98111	-7.880161572754398	2.3666664657043106	-5.850343652684993	-0.1414	-0.1535	0.0564
453.0	17.081172000000002	12.207564	17.458857000000002	-7.656759428499123	2.872811948782666	-5.318018230826722	-0.1428	-0.1502	0.0738
454.0	16.289505000000002	12.601926	17.293068	-7.86096295098246	3.092723434533952	-3.5622170033204266	-0.1434	-0.1465	0.0907
455.0	16.661304	12.332151000000001	17.34408	-7.897614865274341	3.351032163829113	-3.637266161156183	-0.1443	-0.1418	0.1071
455.99999999999994	17.591292	12.250728	17.754138	-7.517133088339577	4.623377188532978	-4.682718383100786	-0.1452	-0.1361	0.1216
457.0	17.582463	12.004497	18.107298000000004	-7.5729836244033955	8.117526351025628	-5.25693170700692	-0.1452	-0.1305	0.134
458.0	16.180614000000002	11.529693	18.144576	-7.705628647554965	10.618583169133501	-5.9655353833166185	-0.1459	-0.1243	0.1434
459.0	13.131666000000001	11.257956	17.801226	-7.92903079181024	11.838568316277536	-6.4629542201350025	-0.1467	-0.1183	0.1502
459.99999999999994	10.17297	11.12454	17.060571000000003	-8.182103533349418	12.088150399312728	-6.998770300497261	-0.1493	-0.113	0.1546
461.00000000000006	8.22078	10.854765	15.783309000000001	-8.475318847684465	12.163199557148483	-7.609635538695277	-0.1522	-0.1081	0.1566
462.0	7.315317	10.730178000000002	14.278455000000001	-8.634143809615948	12.220795422464295	-7.937757438070211	-0.1554	-0.1028	0.1562
463.0	7.133832	10.487871	13.05711	-8.634143809615948	12.220795422464295	-7.937757438070211	-0.1589	-0.0983	0.1545
463.99999999999994	7.376139	10.205343000000001	12.472434000000002	-8.634143809615948	12.220795422464295	-7.937757438070211	-0.1629	-0.094	0.1516
465.00000000000006	6.2352360000000004	10.575180000000001	11.685672	-8.634143809615948	12.220795422464295	-7.937757438070211	-0.1661	-0.0907	0.1477
466.0	4.724496	10.627172999999999	10.491795	-9.777334469672235	12.845623294678266	-10.079276430267253	-0.1704	-0.0896	0.1388
467.0	4.023081	10.62423	9.384246000000001	-9.948376736367678	13.180726511061177	-10.204940136410846	-0.1748	-0.0904	0.1286
468.0	4.367412	10.573218	8.674983000000001	-9.993755296919531	13.545500324727993	-10.19097750239489	-0.178	-0.0914	0.1175
469.00000000000006	5.140440000000001	10.469232	8.239419	-9.960594041131639	13.828243663551072	-10.163052234362981	-0.1812	-0.0935	0.1058
470.0	5.916411	10.353474	8.030466	-9.782570457428218	13.939944735678711	-10.08974840577922	-0.1822	-0.0967	0.0935
471.0	6.692382	10.233792	8.017713	-9.512044423369096	14.151129575170023	-9.965830028887622	-0.1831	-0.1008	0.0804
472.0	7.495821	10.132749	8.115813000000001	-9.208357133522084	14.301227890841536	-9.822713030224087	-0.1833	-0.1055	0.0665
473.00000000000006	8.394417	10.068984	8.248248	-8.960520379738888	14.446090218757066	-9.731955909120382	-0.1829	-0.1106	0.0511
474.0	9.305766	10.057212	8.457201	-8.829620685839313	14.550809973876726	-9.73544656762437	-0.1819	-0.1157	0.0343
475.0	10.294614000000001	10.121958000000001	8.739729	-8.827875356587318	14.6206231439565	-9.690068007072519	-0.1806	-0.1227	0.0159
476.0	10.906758	10.177875000000002	9.066402	-8.672541053159824	14.704398948052226	-9.71973860435642	-0.1776	-0.128	0.0005
476.99999999999994	11.528712	10.229868	9.503928	-8.539896030008254	14.751522837856074	-9.831439676484058	-0.1728	-0.1333	-0.0147
478.0	12.198735000000001	10.317177000000001	10.062117	-8.35663645854885	14.819590678683852	-9.988519309163546	-0.1681	-0.1385	-0.0299
479.0	12.972744	10.48689	10.772361000000002	-8.190830179609389	14.816100020179864	-10.122909661567112	-0.1618	-0.1436	-0.0449
480.0	13.929219	10.725273	11.659184999999999	-8.075638448977763	14.828317324943825	-10.288715940506572	-0.1547	-0.1476	-0.0598
480.99999999999994	15.108381000000001	11.044098	12.675501	-8.019787912913944	14.978415640615337	-10.449286231690051	-0.1453	-0.1522	-0.0744
482.0	16.468047000000002	11.451213000000001	13.754601	-8.023278571417933	15.294320235226309	-10.515608743265835	-0.1351	-0.1571	-0.0884
483.0	17.970939	11.645451000000001	14.801328	-8.115781021773632	15.50026908696164	-10.627309815393472	-0.1239	-0.1622	-0.1019
484.0	19.62	11.394315	15.709734000000001	-7.9360121088182165	15.861552242124466	-10.979866324296328	-0.1113	-0.1674	-0.1146
484.99999999999994	21.374028	10.945017	16.361118	-7.6742127210190665	16.011650557795978	-11.143927273983794	-0.0967	-0.1718	-0.1261
486.00000000000006	23.187897000000003	10.56537	16.640703	-7.644542123735164	15.870278888384437	-10.840239984136781	-0.0796	-0.1766	-0.1365
487.0	24.920343	10.610496	16.362099	-8.309512568745003	15.489797111449676	-10.02168056495144	-0.062	-0.1803	-0.1456
488.0	26.573328000000004	10.648755	15.964794000000001	-8.309512568745003	15.489797111449676	-10.02168056495144	-0.0447	-0.1842	-0.1534
488.99999999999994	28.076220000000003	10.510434	14.264721	-10.49291946298991	13.735741213195373	-8.058185156457819	-0.0264	-0.1875	-0.1605
490.00000000000006	29.352501000000004	9.161559	11.864214	-9.536479032897017	13.23832237637699	-7.255333700540428	-0.0087	-0.1904	-0.1664
491.0	30.355083	7.284906	8.801532	-6.819001387541845	12.594295882391082	-6.80852941202988	0.0076	-0.1917	-0.1707
492.0	31.089852	5.7143250000000005	5.3405640000000005	-4.972443038931845	11.999138607461015	-6.393141050055229	0.023	-0.1928	-0.1734
493.0	31.586238000000005	4.980537000000001	1.9551330000000002	-5.609488215909775	11.095058054927954	-5.845107664929009	0.0359	-0.1944	-0.1743
494.00000000000006	31.701996	4.952088000000001	-0.942741	-7.606144880191288	9.756390518648303	-5.422737985946382	0.0461	-0.1962	-0.1741
495.0	31.517568000000004	5.046264	-3.113694	-8.534660042252272	8.206538142877337	-5.3005649383067786	0.0536	-0.1969	-0.1735
496.0	29.964645	5.060979000000001	-3.893589	-9.76337183565628	7.010987605261222	-5.372123437638547	0.0571	-0.1973	-0.1727
497.0	25.848369	6.585453	-1.653966	-13.170254535549212	6.672393730374322	-4.848524662040248	0.0575	-0.1963	-0.1727
498.00000000000006	21.832155	5.90562	-0.454203	-11.466813185602746	5.632177496185701	-5.956808737056647	0.0573	-0.1951	-0.1732
499.0	18.734157	3.6149850000000003	0.002943	-9.492845801597158	6.578145950766627	-7.0441488610491145	0.0535	-0.1933	-0.1731
500.0	17.474553	3.6198900000000003	1.370457	-8.194320838113377	4.351105825221864	-7.845254987714512	0.0478	-0.1907	-0.1723
501.0	16.14726	4.1123520000000005	4.444911	-7.613126197199265	3.822271061867582	-7.862708280234455	0.0399	-0.1893	-0.1714
501.99999999999994	14.463864000000001	4.453740000000001	7.628256	-7.545058356371487	4.565781323217166	-7.293730944084303	0.0309	-0.1876	-0.1705
503.0	12.804012	4.231053	10.530054	-7.698647330546988	4.867723283812185	-5.970771371072602	0.0218	-0.185	-0.1698
504.0	11.697443999999999	4.794147000000001	12.899169	-7.834783012202545	5.143485305627289	-6.148794954776023	0.0117	-0.1818	-0.1691
505.0	10.52613	6.047865000000001	14.405004	-8.333947178272924	5.684537373745531	-6.972590361717346	0.0018	-0.1788	-0.1679
505.99999999999994	10.732140000000001	6.823836	14.997528	-9.231046413798008	6.0667644799322895	-6.895795874629597	-0.0079	-0.1765	-0.1663
507.0	13.264101000000002	4.338963000000001	13.059072	-8.843583319855268	6.4542275738750305	-7.031931556285153	-0.0173	-0.1757	-0.1635
508.0	15.180975000000002	4.264407	12.035889000000001	-8.522442737488312	7.145377957664785	-7.084291433844983	-0.0257	-0.174	-0.1601
509.0	16.270866	6.583491	12.74319	-8.55036800552022	7.347836150896128	-7.1523592746727624	-0.0335	-0.1733	-0.1563
509.99999999999994	15.61752	7.677306	13.081635	-8.623671834103982	7.435102613495844	-7.300712261092281	-0.0403	-0.1732	-0.153
511.00000000000006	15.201576000000001	8.727957000000002	12.240918	-8.731882247727631	7.717845952318925	-7.215191127744558	-0.0467	-0.1717	-0.1499
512.0	14.752278	9.316557	11.589534	-8.672541053159824	8.093091741497705	-7.328637529124189	-0.0528	-0.1707	-0.1473
513.0	14.274531000000001	9.873765	11.130426000000002	-8.623671834103982	8.367108434060816	-7.307693578100258	-0.0581	-0.1696	-0.1454
514.0	13.581945000000001	9.242001	10.823373	-8.546877347016231	8.480554835440447	-7.372270760424048	-0.0616	-0.1682	-0.1439
515.0	13.049262	7.7812920000000005	10.861632	-8.400269689848708	8.731882247727631	-7.508406442079606	-0.0646	-0.1672	-0.1425
516.0	12.246804000000001	6.946461	10.673280000000002	-8.384561726580758	8.9570297212349	-7.5241144053475555	-0.0671	-0.1656	-0.1415
517.0	11.688615	7.3996830000000005	10.455498000000002	-8.351400470792868	8.967501696746865	-7.54680368562348	-0.0684	-0.1643	-0.1409
518.0	11.63466	7.646895	10.368189	-8.31649388575298	9.012880257298717	-7.585200929167357	-0.0705	-0.1643	-0.1402
519.0	11.485548000000001	7.305507	10.414296000000002	-8.302531251737026	8.995426964778774	-7.621852843459237	-0.0722	-0.1637	-0.1398
520.0	11.231469	7.0632	10.42803	-8.309512568745003	8.997172294030769	-7.634070148223197	-0.0739	-0.1639	-0.1395
521.0	10.806696	6.8454180000000004	10.410372	-8.309512568745003	9.00589894029074	-7.651523440743141	-0.0743	-0.1644	-0.1392
522.0	10.762551	6.865038	10.389771	-8.314748556500986	9.004153611038745	-7.6585047577511185	-0.0737	-0.1645	-0.1392
523.0	10.717425	6.825798	10.376037000000002	-8.333947178272924	9.019861574306693	-7.65501409924713	-0.0735	-0.1635	-0.1388
524.0	10.556541000000001	6.885639	10.308348	-8.358381787800845	9.028588220566666	-7.66723140401109	-0.0738	-0.1638	-0.1387
525.0	10.413315	7.087725000000001	10.205343000000001	-8.400269689848708	9.03382420832265	-7.6585047577511185	-0.0739	-0.1633	-0.1387
526.0	10.37898	7.143642	10.149426	-8.428194957880617	9.066985464110543	-7.660250087003112	-0.0743	-0.1641	-0.1386
527.0	10.340721	7.225065000000001	10.086642000000001	-8.456120225912526	9.08269342737849	-7.663740745507101	-0.0753	-0.1639	-0.1385
528.0	10.316196000000001	7.297659	10.023858	-8.459610884416515	9.107128036906412	-7.670722062515078	-0.0756	-0.1636	-0.1384
529.0	10.296576000000002	7.306488000000001	9.992466	-8.459610884416515	9.124581329426354	-7.665486074759095	-0.0753	-0.1629	-0.1384
530.0	10.284804000000001	7.312374	9.968922000000001	-8.459610884416515	9.124581329426354	-7.665486074759095	-0.0751	-0.1619	-0.1386
531.0	10.269108	7.304526000000001	9.959112000000001	-8.424704299376629	9.121090670922367	-7.695156672042999	-0.0749	-0.1613	-0.1387
532.0	10.253411999999999	7.282944	9.95715	-8.422958970124634	9.100146719898435	-7.693411342791005	-0.0754	-0.1609	-0.1386
533.0	10.243602000000001	7.2574380000000005	9.959112000000001	-8.426449628628623	9.084438756630485	-7.695156672042999	-0.0755	-0.1615	-0.1387
534.0	10.23183	7.2319320000000005	9.971865	-8.438666933392584	9.100146719898435	-7.681194038027045	-0.0757	-0.1611	-0.1388
535.0	10.223982000000001	7.198578	9.989523	-8.438666933392584	9.100146719898435	-7.681194038027045	-0.0762	-0.1609	-0.1388
536.0	10.210248	7.185825	10.001295	-8.443902921148567	9.08618408588248	-7.6585047577511185	-0.0755	-0.1594	-0.1389
537.0	10.194552	7.185825	10.010124000000001	-8.443902921148567	9.08618408588248	-7.6585047577511185	-0.075	-0.1587	-0.1388
538.0	10.174932	7.191711	10.017972000000002	-8.440412262644578	9.051277500842593	-7.651523440743141	-0.0751	-0.1581	-0.1388
539.0	10.156293000000002	7.205445000000001	10.030725	-8.440412262644578	9.060004147102566	-7.63930613597918	-0.0754	-0.158	-0.1387
540.0	10.136673000000002	7.217217000000001	10.047402	-8.42121364087264	9.053022830094589	-7.635815477475192	-0.0758	-0.1585	-0.1386
541.0	10.127844	7.2319320000000005	10.068984	-8.400269689848708	9.028588220566666	-7.642796794483169	-0.076	-0.1588	-0.1385
542.0	10.12392	7.226046000000001	10.099395000000001	-8.386307055832754	9.000662952534759	-7.642796794483169	-0.0761	-0.1588	-0.1383
543.0	10.122939	7.213293	10.141578	-8.354891129296856	8.967501696746865	-7.646287452987158	-0.0765	-0.1582	-0.1383
544.0	10.120977000000002	7.2015210000000005	10.184742	-8.325220532012953	8.937831099462962	-7.642796794483169	-0.0762	-0.1587	-0.138
545.0	10.120977000000002	7.189749	10.226925	-8.293804605477053	8.883725892651137	-7.6497781114911465	-0.076	-0.1586	-0.1378
546.0	10.119015000000001	7.175034000000001	10.265184	-8.269369995949134	8.84009266135128	-7.634070148223197	-0.0768	-0.1585	-0.1375
547.0	10.121958000000001	7.154433	10.292652	-8.262388678941155	8.784242125287461	-7.628834160467215	-0.0772	-0.1586	-0.1371
548.0	10.107243	7.113231	10.354455000000002	-8.196066167365371	8.730136918475637	-7.595672904679322	-0.0773	-0.1588	-0.1364
549.0	10.095471	7.100478000000001	10.424106	-8.136724972797564	8.681267699419795	-7.5817102706633674	-0.0774	-0.1593	-0.1357
550.0	10.082718000000002	7.103421	10.510434	-8.06691180271779	8.620181175599994	-7.567747636647414	-0.0779	-0.1591	-0.1348
551.0	10.050345	7.110288000000001	10.600686000000001	-7.984881327874057	8.487536152448424	-7.532841051607527	-0.0791	-0.1586	-0.1337
552.0	10.019934000000001	7.127946000000001	10.678185000000001	-7.9185588162982725	8.34790981228888	-7.489207820307668	-0.0811	-0.158	-0.1325
553.0	9.984618000000001	7.103421	10.776285000000001	-7.847000316966506	8.176867545593433	-7.482226503299691	-0.0821	-0.1577	-0.1308
554.0	9.943416000000001	7.04358	10.909701000000002	-7.764969842122772	7.9953533033860245	-7.487462491055674	-0.0838	-0.1569	-0.1291
555.0	9.884556000000002	7.019055000000001	11.077452000000001	-7.754497866610806	7.735299244838869	-7.463027881527753	-0.0853	-0.1563	-0.127
556.0	9.809019000000001	7.052409	11.299158	-7.757988525114794	7.442083930503821	-7.452555906015787	-0.0865	-0.1562	-0.1245
557.0	9.703071	7.086744	11.586591	-7.716100623066931	7.265805676052394	-7.403686686959945	-0.0886	-0.1562	-0.1216
558.0	9.597123	7.125984000000001	11.874024	-7.61487152645126	6.867870606597687	-7.382742735936014	-0.0912	-0.156	-0.1183
559.0	9.421524000000002	7.261362	12.183039	-7.529350393103537	6.36521578202332	-7.307693578100258	-0.0943	-0.156	-0.1144
560.0	9.189027	7.429113	12.546009	-7.475245186291714	5.724679946541401	-7.133160652900824	-0.0974	-0.1557	-0.1097
561.0	8.951625	7.589016	12.980592	-7.375761418928037	4.960225734167884	-6.946410422937432	-0.1007	-0.1561	-0.1043
562.0	8.724033	7.8548670000000005	13.454415000000001	-7.3216562121162125	3.9933133285630262	-6.66366708411435	-0.1044	-0.1564	-0.0975
563.0	8.599446	8.255115	13.826214	-7.291985614832309	2.8937558998065986	-6.469935537142979	-0.109	-0.1564	-0.0895
564.0	8.779950000000001	8.74071	14.221557	-7.274532322312366	2.314306588144481	-6.0667644799322895	-0.1142	-0.1559	-0.0799
565.0	9.266526	9.324405	14.570793000000002	-7.482226503299691	1.2828170002158321	-5.749114556069321	-0.12	-0.1564	-0.0685
566.0	9.962055000000001	10.070946	14.804271000000002	-7.65501409924713	0.6021385919380436	-5.324999547834699	-0.1267	-0.1561	-0.0552
567.0	11.421783	10.91853	14.946516	-8.527678725244295	0.11344640137963143	-4.565781323217166	-0.1331	-0.1548	-0.0401
568.0	13.739886000000002	11.515959	15.231987	-9.367182095453568	0.059341194567807204	-4.511676116405342	-0.1397	-0.1519	-0.0239
569.0	15.729354	12.052566	15.638121000000002	-9.262462340333908	1.3788101090755203	-4.722860955896656	-0.1459	-0.1476	-0.0065
570.0	16.831998000000002	12.565629	16.362099	-8.922123136195012	1.8448130193580063	-5.105088062083414	-0.1515	-0.1439	0.0113
571.0	17.007597	13.042394999999999	17.040951000000003	-8.628907821859965	2.5446900494077327	-5.424483315198376	-0.1565	-0.1385	0.0298
572.0	16.237512000000002	13.588812	17.253828	-8.705702308947716	3.0700341542580256	-4.939281783143953	-0.1611	-0.1324	0.0483
573.0	15.647931	13.539762000000001	16.924212	-8.96575636749487	3.1922072018976286	-3.759439208795786	-0.1645	-0.127	0.0667
574.0	16.294410000000003	13.030623	17.242056	-8.34790981228888	3.5831609543443586	-4.792674125976429	-0.1673	-0.1208	0.0839
575.0	17.090982	12.653919000000002	17.818884	-7.61487152645126	6.551966011986713	-5.801474433629151	-0.1699	-0.1129	0.0992
576.0	17.700183000000003	12.053547	18.464382	-7.61487152645126	6.551966011986713	-5.801474433629151	-0.1716	-0.1057	0.1121
577.0	15.651855	11.731779	18.426123	-7.625343501963226	10.670943046693331	-7.047639519553103	-0.1733	-0.0986	0.1219
578.0	12.630375	11.652318000000001	17.964072	-8.141960960553547	11.786208438717706	-7.494443808063651	-0.1747	-0.0924	0.1289
579.0	10.024839	11.460042	17.154747	-8.662069077647859	12.138764947620562	-7.932521450314228	-0.1767	-0.0875	0.1333
580.0	8.375778	11.156913000000001	15.818625	-9.077457439622508	12.198106142188369	-8.403760348352696	-0.1794	-0.0826	0.1353
581.0	7.772463	10.822392	14.402061	-9.311331559389748	12.23824871498424	-8.894197868163104	-0.1819	-0.0794	0.1345
582.0	8.282583	10.245564	13.418118	-9.421287302265391	12.330751165339938	-9.417796643761402	-0.1847	-0.0779	0.131
583.0	8.657325	10.142559	13.072806	-9.450957899549294	12.541936004831253	-9.653416092780637	-0.1877	-0.0774	0.1248
584.0	7.591959000000001	10.457460000000001	12.026079000000001	-9.499827118605134	12.685053003494787	-10.018189906447452	-0.1905	-0.0782	0.1162
585.0	6.1459649999999995	10.518282000000001	10.733121	-9.580112264196874	13.018410890625704	-10.189232173142894	-0.1933	-0.0804	0.1063
586.0	4.743135	10.587933	9.436239	-9.691813336324511	13.369222070276564	-10.194468160898879	-0.1945	-0.0839	0.0946
587.0	5.309172	10.254393	8.864316	-9.745918543136336	13.657201396855628	-10.08974840577922	-0.1951	-0.0879	0.082
588.0	6.070428000000001	9.901233000000001	8.550396000000001	-9.679596031560552	13.87536755335492	-9.937904760855712	-0.1949	-0.0933	0.0688
589.0	6.894468	9.55494	8.453277	-9.583602922700864	14.02022988127045	-9.784315786680212	-0.1926	-0.0992	0.0547
590.0	7.8117030000000005	9.286146	8.528814	-9.300859583877783	14.168582867689967	-9.705775970340467	-0.1887	-0.1048	0.0403
591.0	8.7309	9.11349	8.688717	-8.964011038242877	14.257594659541677	-9.553932325416959	-0.1849	-0.1108	0.0257
592.0	9.546111	9.071307000000001	8.892765	-8.695230333435749	14.46354351127701	-9.463175204313256	-0.1795	-0.1164	0.0109
593.0	10.269108	9.13311	9.132129	-8.56607596878817	14.632840448720458	-9.463175204313256	-0.1729	-0.1207	-0.0038
594.0	10.995048	9.253773	9.45684	-8.546877347016231	14.80737337391989	-9.491100472345163	-0.1658	-0.1253	-0.0183
595.0	11.786715000000001	9.373455	9.866898	-8.531169383748283	14.936527738567472	-9.665633397544596	-0.1572	-0.1302	-0.0327
596.0	12.632337000000001	9.5157	10.371132	-8.518952078984324	15.098843359002945	-9.756390518648303	-0.1488	-0.134	-0.0464
597.0	13.513275	9.706995000000001	10.978371000000001	-8.470082859928482	15.17738317534269	-9.972811345895598	-0.1392	-0.1391	-0.0595
598.0	14.459940000000001	9.970884	11.692539	-8.431685616384607	15.276866942706366	-10.194468160898879	-0.1287	-0.1437	-0.0721
599.0	15.473313	10.335816000000001	12.493035	-8.431685616384607	15.392058673337992	-10.407398329642186	-0.1178	-0.1481	-0.0838
600.0	16.537698	10.704672	13.326885	-8.426449628628623	15.522958367237566	-10.623819156889486	-0.1067	-0.1522	-0.095
601.0	17.703126	10.826316	14.168583	-8.33220184902093	15.643386085625174	-10.896090520200598	-0.0939	-0.1563	-0.1055
602.0	19.020609	10.648755	14.942592000000001	-8.114035692521638	15.674802012161074	-11.238175053591487	-0.0798	-0.16	-0.1153
603.0	20.572551000000004	10.373094	15.518439	-8.040731863937877	15.559610281529448	-11.334168162451176	-0.0661	-0.1642	-0.1245
604.0	22.323636	10.149426	15.750936	-8.154178265317508	15.467107831173749	-11.238175053591487	-0.0502	-0.1677	-0.1331
605.0	23.948172	10.092528	15.508629	-8.7720248205235	15.161675212074742	-10.69886831472524	-0.0338	-0.1716	-0.1408
606.0	25.225434000000003	10.35936	14.584527	-9.936159431603718	14.727088228328151	-9.826203688728075	-0.0174	-0.1751	-0.148
607.0	26.41833	10.603629	13.550553	-9.936159431603718	14.727088228328151	-9.826203688728075	-0.0024	-0.1773	-0.1541
608.0	27.732870000000002	9.619686000000002	11.483586	-10.269517318734634	12.812462038890374	-7.316420224360229	0.0136	-0.1788	-0.1604
609.0	28.895355000000002	7.9490430000000005	8.941815	-8.922123136195012	12.10560369183267	-6.810274741281874	0.0289	-0.1789	-0.166
610.0	29.90088	6.613902	5.992929	-6.080727113948244	11.571532940722404	-6.564183316750674	0.0422	-0.1806	-0.1703
611.0	30.709224	6.075333	2.9400570000000004	-5.091125428067459	11.266100321623398	-5.9899699928445385	0.0542	-0.182	-0.1734
612.0	31.133016	6.155775	0.161865	-6.120869686744114	10.349802464326375	-5.581562947877866	0.0633	-0.1839	-0.1756
613.0	31.011372	6.410835	-2.073834	-7.878416243502403	9.098401390646439	-5.342452840354643	0.0715	-0.1862	-0.1769
614.0	28.481373000000005	7.163262	-2.1287700000000003	-10.854202618152735	7.716100623066931	-5.370378108386552	0.0754	-0.1887	-0.1782
615.0	24.657435000000003	8.143281	-0.534645	-11.285298943395336	6.106907052728158	-4.942772441647941	0.0765	-0.1882	-0.1795
616.0	21.717378	6.654123	0.44046900000000005	-10.75471885078906	5.707226654021458	-5.293583621298802	0.0755	-0.1878	-0.1807
617.0	20.243916000000002	4.7480400000000005	0.44929800000000003	-9.014625586550713	5.504768460790115	-6.862634618841704	0.0724	-0.1868	-0.182
618.0	19.142253	4.8294630000000005	2.0287080000000004	-7.709119306058954	4.101523742186674	-8.22748209390127	0.0665	-0.1865	-0.1816
619.0	17.53047	5.592681000000001	4.675446000000001	-7.489207820307668	4.045673206122856	-8.152432936065514	0.0584	-0.1873	-0.1809
620.0	16.069761	5.91543	7.567434	-7.738789903342857	4.389503068765738	-6.558947328994691	0.0495	-0.187	-0.1799
621.0	14.756202	5.734926000000001	10.459422000000002	-7.873180255746421	5.0056042947197374	-5.708971983273452	0.0391	-0.1866	-0.1795
622.0	13.560363000000002	6.3166590000000005	12.737304	-7.970918693858103	5.7211892880374124	-6.457718232379019	0.0284	-0.1854	-0.179
623.0	12.623508	6.74928	14.612976000000002	-7.970918693858103	5.7211892880374124	-6.457718232379019	0.0176	-0.1831	-0.1787
624.0	13.766373	6.400044	14.409909000000003	-9.19963048726211	6.304129258203518	-6.867870606597687	0.0077	-0.1807	-0.1777
625.0	15.631254	4.60089	13.024737000000002	-8.962265708990882	6.635741816082441	-7.010987605261222	-0.0021	-0.1795	-0.1759
626.0	16.658361	5.266989000000001	12.722589	-8.61145452934002	7.168067237940711	-7.028440897781165	-0.0118	-0.1792	-0.1735
627.0	16.427826000000003	6.893487	13.269987	-8.702211650443727	7.300712261092281	-7.141887299160796	-0.0199	-0.1789	-0.1711
628.0	15.732296999999999	7.734204	13.190526	-8.871508587887178	7.545058356371487	-7.154104603924757	-0.0274	-0.1784	-0.1689
629.0	15.412491000000001	8.133471	12.446928	-8.836602002847291	7.820820378186591	-7.316420224360229	-0.0336	-0.1777	-0.1672
630.0	14.718924	8.625933	11.785734000000001	-8.805186076311392	8.210028801381325	-7.3216562121162125	-0.0396	-0.1768	-0.166
631.0	13.928238	9.166464000000001	11.142198	-8.765043503515523	8.255407361933178	-7.35307213865211	-0.0435	-0.1754	-0.1648
632.0	13.161096	8.458182	10.900872	-8.731882247727631	8.419468311620646	-7.363544114164076	-0.0481	-0.1735	-0.164
633.0	12.509712	7.599807000000001	10.711539000000002	-8.569566627292158	8.529424054496289	-7.525859734599549	-0.0517	-0.172	-0.1633
634.0	11.743551000000002	7.012188	10.61442	-8.480554835440447	8.766788832767517	-7.578219612159379	-0.0553	-0.1705	-0.1627
635.0	11.554218	7.480125	10.431954	-8.454374896660532	8.854055295367234	-7.606144880191288	-0.0575	-0.1705	-0.1625
636.0	11.550294000000001	7.5929400000000005	10.377018000000001	-8.419468311620646	8.869763258635183	-7.621852843459237	-0.0592	-0.1695	-0.1625
637.0	11.333493	7.222122	10.412334	-8.354891129296856	8.894197868163104	-7.630579489719208	-0.0601	-0.1686	-0.1625
638.0	10.956789	6.865038	10.398600000000002	-8.307767239493009	8.932595111706979	-7.604399550939293	-0.0617	-0.1674	-0.1626
639.0	10.720368	6.899373000000001	10.341702000000002	-8.276351312957111	8.967501696746865	-7.578219612159379	-0.0626	-0.1667	-0.1625
640.0	10.710558	6.941556	10.293633	-8.271115325201126	9.035569537574645	-7.5817102706633674	-0.063	-0.1662	-0.1624
641.0	10.648755	6.867	10.286766	-8.290313946973065	9.070476122614531	-7.576474282907385	-0.0639	-0.1658	-0.1625
642.0	10.597743000000001	6.895449	10.233792	-8.337437836776912	9.101892049150429	-7.600908892435305	-0.0636	-0.1666	-0.1626
643.0	10.429011	7.075953000000001	10.125882	-8.36885376331281	9.129817317182338	-7.606144880191288	-0.064	-0.1664	-0.1626
644.0	10.416258000000001	7.1505090000000004	10.075851	-8.419468311620646	9.135053304938321	-7.618362184955249	-0.0637	-0.167	-0.1629
645.0	10.399581000000001	7.20054	10.039554	-8.456120225912526	9.15425192671026	-7.634070148223197	-0.0637	-0.166	-0.1629
646.0	10.393695000000001	7.238799	10.006200000000002	-8.464846872172497	9.187413182498151	-7.646287452987158	-0.0633	-0.1654	-0.1631
647.0	10.391733	7.216236	9.998352000000002	-8.464846872172497	9.187413182498151	-7.646287452987158	-0.063	-0.1653	-0.1634
648.0	10.386828	7.169148000000001	10.009143	-8.447393579652555	9.217083779782055	-7.688175355035022	-0.0627	-0.1658	-0.1637
649.0	10.366227	7.127946000000001	10.025820000000001	-8.431685616384607	9.201375816514107	-7.688175355035022	-0.0626	-0.1655	-0.1639
650.0	10.334835000000002	7.103421	10.03563	-8.431685616384607	9.171705219230201	-7.698647330546988	-0.0619	-0.1655	-0.1642
651.0	10.299519000000002	7.091649	10.042497000000001	-8.424704299376629	9.169959889978207	-7.702137989050977	-0.0618	-0.1649	-0.1644
652.0	10.266165	7.081839	10.051326	-8.431685616384607	9.124581329426354	-7.688175355035022	-0.0617	-0.1641	-0.1648
653.0	10.234772999999999	7.071048	10.06506	-8.431685616384607	9.124581329426354	-7.688175355035022	-0.062	-0.1639	-0.1651
654.0	10.198476000000001	7.064181	10.072908	-8.447393579652555	9.119345341670371	-7.6585047577511185	-0.0623	-0.163	-0.1654
655.0	10.163160000000001	7.070067000000001	10.073889	-8.447393579652555	9.094910732142452	-7.642796794483169	-0.0621	-0.163	-0.1658
656.0	10.138635	7.087725000000001	10.078794000000002	-8.452629567408538	9.075712110370514	-7.630579489719208	-0.0619	-0.1638	-0.166
657.0	10.113128999999999	7.104402	10.083699000000001	-8.452629567408538	9.075712110370514	-7.630579489719208	-0.0616	-0.1646	-0.1661
658.0	10.102338000000001	7.121079	10.087623	-8.435176274888596	9.077457439622508	-7.621852843459237	-0.0608	-0.1642	-0.166
659.0	10.101357000000002	7.12206	10.092528	-8.426449628628623	9.070476122614531	-7.630579489719208	-0.0611	-0.1648	-0.1664
660.0	10.1043	7.121079	10.105281000000002	-8.403760348352696	9.046041513086609	-7.635815477475192	-0.0625	-0.1642	-0.1665
661.0	10.109205000000001	7.108326000000001	10.122939	-8.388052385084748	9.028588220566666	-7.641051465231175	-0.0632	-0.1643	-0.1667
662.0	10.117053000000002	7.095573000000001	10.142559	-8.361872446304833	8.991936306274786	-7.642796794483169	-0.0633	-0.1635	-0.1668
663.0	10.117053000000002	7.103421	10.167084000000001	-8.365363104808822	8.955284391982905	-7.641051465231175	-0.063	-0.1635	-0.1668
664.0	10.110186	7.097535000000001	10.199457	-8.354891129296856	8.922123136195012	-7.62708883121522	-0.0624	-0.1637	-0.1668
665.0	10.1043	7.09263	10.23183	-8.354891129296856	8.922123136195012	-7.62708883121522	-0.0624	-0.1636	-0.1668
666.0	10.081737	7.111269	10.292652	-8.29205927622506	8.843583319855268	-7.56251164889143	-0.0632	-0.1626	-0.1668
667.0	10.053288	7.129908	10.375056	-8.286823288469076	8.78773278379145	-7.532841051607527	-0.0643	-0.161	-0.1666
668.0	10.008162	7.1024400000000005	10.500624	-8.154178265317508	8.686503687175778	-7.478735844795702	-0.0658	-0.1604	-0.1665
669.0	9.96696	7.09263	10.62423	-8.037241205433888	8.522442737488312	-7.463027881527753	-0.0663	-0.1597	-0.1659
670.0	9.914966999999999	7.091649	10.755684	-7.998843961890013	8.3409284952809	-7.442083930503821	-0.0666	-0.1598	-0.1654
671.0	9.853164	7.069086	10.944036	-7.922049474802262	8.25191670342919	-7.426375967235872	-0.0677	-0.16	-0.1645
672.0	9.767817	7.02396	11.20302	-7.819075048934597	8.01804258366195	-7.422885308731884	-0.0693	-0.1602	-0.1634
673.0	9.661869000000001	6.9827580000000005	11.523807000000001	-7.775441817634738	7.700392659798982	-7.415903991723906	-0.071	-0.16	-0.1619
674.0	9.549054000000002	6.962157	11.899530000000002	-7.724827269326903	7.304202919596269	-7.394960040699974	-0.0729	-0.1595	-0.16
675.0	9.398961	7.029846000000001	12.269366999999999	-7.616616855703254	6.82074671679384	-7.328637529124189	-0.0756	-0.1603	-0.1575
676.0	9.210609	7.094592	12.657843000000002	-7.579964941411373	6.281439977927592	-7.208209810736581	-0.0788	-0.1604	-0.1543
677.0	8.959473000000001	7.146585000000001	13.163058000000001	-7.553785002631458	5.62345084992573	-7.129669994396836	-0.0818	-0.1618	-0.1505
678.0	8.646534	7.398702	13.703589000000001	-7.487462491055674	5.232497097479	-6.909758508645551	-0.0854	-0.1621	-0.1458
679.0	8.350272	7.7734440000000005	14.233329000000001	-7.47000919853573	4.185299546282402	-6.4943701466709	-0.091	-0.1626	-0.14
680.0	8.185464000000001	8.231571	14.762088	-7.454301235267782	3.0089476304382243	-5.967280712568613	-0.097	-0.1628	-0.1326
681.0	8.315937	8.757387000000001	15.229044	-7.503170454323622	1.8203784098300857	-5.520476424058065	-0.1034	-0.1628	-0.1235
682.0	8.931024	9.341082	15.585147000000001	-7.618362184955249	0.7016223593017206	-5.269149011770881	-0.1113	-0.1629	-0.1124
683.0	9.677565000000001	10.030725	15.798024000000002	-7.641051465231175	0.0471238898038469	-5.129522671611334	-0.12	-0.1617	-0.0994
684.0	11.417859	11.003877	15.958908000000001	-8.182103533349418	-0.1832595714594046	-4.5553093477052	-0.1295	-0.1599	-0.0845
685.0	13.776183000000001	11.704311	16.369947	-9.674360043804567	-0.5393067388662478	-4.157374278250493	-0.1392	-0.1559	-0.0681
686.0	15.750936	12.356676000000002	16.954623	-9.700539982584482	0.7714355293814937	-4.591961261997081	-0.1487	-0.1524	-0.051
687.0	16.592634	12.962934	17.713917000000002	-9.176941206986184	1.9460421159736774	-5.18013721991917	-0.1583	-0.1468	-0.0331
688.0	16.275771000000002	13.554477	18.110241000000002	-8.87674457564316	2.8064894372068823	-5.277875658030852	-0.1667	-0.1414	-0.0148
689.0	15.23493	13.844853	17.636418000000003	-9.08269342737849	3.1311206780778273	-4.000294645571003	-0.1736	-0.135	0.0035
690.0	14.076369000000001	14.038110000000001	17.152785	-9.08269342737849	3.1311206780778273	-4.000294645571003	-0.1798	-0.1287	0.0203
691.0	15.222177000000002	13.581945000000001	17.629551	-7.775441817634738	3.612831551628262	-5.605997557405786	-0.185	-0.1201	0.0369
692.0	15.123096000000002	13.386726000000001	17.979768	-6.970845032465352	6.850417314077744	-6.675884388878311	-0.1887	-0.1117	0.0512
693.0	13.698684000000002	13.413213	17.96211	-7.05462083656108	9.639453458764681	-7.475245186291714	-0.1919	-0.1041	0.0627
694.0	11.015649	13.138533	17.709993	-7.6585047577511185	11.047934165124106	-7.696902001294993	-0.194	-0.0966	0.0713
695.0	7.903917	12.892302	17.056647	-8.222246106145287	11.33242283319918	-7.899360194526336	-0.1947	-0.091	0.077
696.0	5.31702	12.492054000000001	16.02954	-8.50149878646438	11.409217320286933	-8.253662032681184	-0.1954	-0.0846	0.0807
697.0	4.0387770000000005	11.993706	14.637501	-8.529424054496289	11.632619464542206	-8.47357351843247	-0.1963	-0.0807	0.0818
698.0	4.1202	11.332512000000001	13.511313000000001	-8.400269689848708	11.787953767969702	-8.970992355250853	-0.1964	-0.0774	0.0806
699.0	5.005062000000001	10.879290000000001	13.237614	-8.321729873508964	12.138764947620562	-9.430013948525362	-0.1966	-0.075	0.077
700.0	5.967423	10.459422000000002	12.949200000000001	-8.435176274888596	12.503538761287377	-9.812241054712121	-0.196	-0.0724	0.0723
701.0	4.42431	10.662489	11.699406000000002	-8.674286382411818	12.81595269739436	-10.056587149991328	-0.1957	-0.0738	0.0645
702.0	3.758211	10.534959	10.620306000000001	-8.932595111706979	13.156291901533255	-10.182250856134917	-0.1947	-0.0761	0.0556
703.0	4.394880000000001	9.994428	9.99639	-9.03033354981866	13.446016557364315	-10.232865404442753	-0.1934	-0.0791	0.0458
704.0	5.386671000000001	9.402885000000001	9.609876	-9.124581329426354	13.603096190043804	-10.248573367710703	-0.1915	-0.083	0.035
705.0	6.29802	8.911404000000001	9.411714	-9.096656061394446	13.84744228532301	-10.236356062946744	-0.1893	-0.0868	0.0236
706.0	7.185825	8.574921	9.400923	-8.960520379738888	14.119713648634127	-10.208430794914833	-0.1866	-0.0918	0.0113
707.0	8.047143	8.405208	9.483327000000001	-8.7720248205235	14.322171841865469	-10.124654990819106	-0.1821	-0.0965	-0.0013
708.0	8.869221000000001	8.297298	9.661869000000001	-8.59051057831609	14.508922071828861	-10.016444577195458	-0.1771	-0.1004	-0.0145
709.0	9.695223	8.200179	9.937529999999999	-8.494517469456401	14.707889606556217	-9.876818237035911	-0.1716	-0.1038	-0.028
710.0	10.543788000000001	8.085402	10.318158	-8.475318847684465	14.884167861007642	-9.791297103688189	-0.1652	-0.1082	-0.0415
711.0	11.41884	7.933347	10.804734	-8.400269689848708	14.985396957623314	-9.688322677820524	-0.1579	-0.1115	-0.0548
712.0	12.294873	7.8117030000000005	11.387448000000001	-8.285077959217082	15.21403508963457	-9.676105373056563	-0.1492	-0.1141	-0.0678
713.0	13.163058000000001	7.778349000000001	12.079053000000002	-8.131488985041582	15.413002624361924	-9.71973860435642	-0.1403	-0.1167	-0.0801
714.0	14.079312000000002	7.862715000000001	12.896226	-8.012806595905968	15.57182758629341	-9.796533091444172	-0.1307	-0.1191	-0.0915
715.0	15.130944000000001	8.07363	13.829157	-7.967428035354114	15.62069680534925	-9.925687456091753	-0.1209	-0.121	-0.1023
716.0	16.40232	8.343405	14.854302	-7.990117315630041	15.653858061137141	-10.112437686055145	-0.1101	-0.123	-0.112
717.0	17.941509	8.542548	15.890238	-8.009315937401977	15.758577816256802	-10.266026660230647	-0.0997	-0.1245	-0.1212
718.0	19.704366	8.719128000000001	16.780005	-8.065166473465798	15.828390986336574	-10.588912571849598	-0.09	-0.1269	-0.1295
719.0	21.561399	8.80938	17.395092	-8.262388678941155	15.983725289764068	-10.8035880698449	-0.0784	-0.1299	-0.1374
720.0	23.318369999999998	8.852544	17.610912	-8.511970761976345	16.02386786255994	-10.766936155553019	-0.0679	-0.1324	-0.145
721.0	24.968412	8.855487	17.197911	-8.831366015091307	15.770795121020763	-10.391690366374238	-0.0555	-0.1346	-0.1522
722.0	26.318268	9.021276	15.959889	-9.766862494160268	15.210544431130582	-9.386380717225503	-0.0441	-0.1376	-0.159
723.0	27.800559	9.566712	13.921371	-10.147344271095031	14.156365562926007	-7.908086840786307	-0.0321	-0.1398	-0.1656
724.0	29.15532	9.302823	11.323683	-9.05825881785057	13.110913340981405	-7.473499857039719	-0.0211	-0.1416	-0.1719
725.0	30.306033000000003	7.945119	8.090307000000001	-6.599089901790561	12.690288991250771	-6.9586277277013915	-0.0095	-0.1437	-0.1773
726.0	31.163427	6.525612000000001	4.474341	-5.270894341022875	12.013101241476969	-6.461208890883007	0.0011	-0.1459	-0.1817
727.0	31.673547	5.70942	0.9692280000000001	-6.092944418712205	11.292280260403313	-5.782275811857214	0.0108	-0.1492	-0.1851
728.0	31.873671	5.424930000000001	-1.9237410000000001	-7.920304145550268	10.00946326018748	-5.138249317871306	0.019	-0.1522	-0.1877
729.0	31.348836000000002	5.467113	-3.104865	-13.15803723078525	8.349655141540872	-3.824016391119576	0.0235	-0.1541	-0.1901
730.0	29.370159	7.002378	-2.728161	-13.2662476444089	5.082398781807488	-3.258529713473413	0.0254	-0.1549	-0.1922
731.0	25.714953000000005	7.174053	-1.921779	-11.37954672300303	4.754276882432554	-5.016076270231703	0.0234	-0.1539	-0.1937
732.0	23.716656000000004	5.070789	-1.526436	-8.831366015091307	4.513421445657337	-8.005825278897989	0.0195	-0.1527	-0.1944
733.0	22.639518	3.07053	0.203067	-7.342600163140144	4.2167154728183	-9.36892742470556	0.0127	-0.1522	-0.1936
734.0	21.068937000000002	3.010689	2.916513	-7.841764329210523	3.824016391119576	-8.01804258366195	0.005	-0.1521	-0.192
735.0	19.697499	3.861216	6.157737000000001	-8.141960960553547	3.9322268047432245	-6.185446869067904	-0.0046	-0.1513	-0.1901
736.0	18.781245000000002	4.095675	9.297918000000001	-7.895869536022347	5.129522671611334	-5.995205980600522	-0.015	-0.1495	-0.188
737.0	17.496135000000002	4.428234000000001	11.796524999999999	-7.874925584998414	6.0161499316244536	-6.428047635095116	-0.0271	-0.1469	-0.1856
738.0	15.757803000000001	5.428854	13.745772	-8.628907821859965	6.192428186075881	-6.946410422937432	-0.0389	-0.1439	-0.183
739.0	14.698323	6.457923	14.167602	-9.168214560726213	6.225589441863773	-6.8573986310857205	-0.0485	-0.1423	-0.1799
740.0	15.106419	4.762755	13.423023	-8.836602002847291	6.7910761195099365	-6.955137069197403	-0.0576	-0.1405	-0.1761
741.0	16.658361	4.145706	12.769677000000001	-8.709192967451704	7.14712328691678	-6.993534312741279	-0.0659	-0.1406	-0.1718
742.0	16.819245	6.154794	13.144419000000001	-8.819148710327347	7.309438907352252	-7.099999397112933	-0.0735	-0.1399	-0.1676
743.0	16.14726	7.929423000000001	12.857967	-8.899433855919085	7.609635538695277	-7.276277651564359	-0.0794	-0.1391	-0.1642
744.0	15.946155000000001	8.130528	12.037851000000002	-8.843583319855268	8.138470302049559	-7.316420224360229	-0.0846	-0.1375	-0.1611
745.0	15.152526	8.212932	11.226564000000002	-8.73537290623162	8.248426044925202	-7.344345492392139	-0.0901	-0.136	-0.1585
746.0	13.946877	9.238077	10.684071	-8.72315560146766	8.33220184902093	-7.374016089676043	-0.0957	-0.1351	-0.1565
747.0	13.222899000000002	9.510795	10.678185000000001	-8.539896030008254	8.47357351843247	-7.536331710111515	-0.0992	-0.1336	-0.1551
748.0	12.862872	8.429733	10.676223	-8.50149878646438	8.785987454539455	-7.559020990387442	-0.1022	-0.1321	-0.1539
749.0	12.294873	7.209369000000001	10.636983	-8.456120225912526	8.801695417807403	-7.585200929167357	-0.105	-0.1305	-0.1528
750.0	11.723931	7.126965000000001	10.541826	-8.40899633610868	8.86801792938319	-7.5904369169233386	-0.1073	-0.1297	-0.1519
751.0	11.678804999999999	7.428132000000001	10.441764000000001	-8.342673824532895	8.90466984367507	-7.609635538695277	-0.1091	-0.1284	-0.1512
752.0	11.557161	7.26921	10.42803	-8.281587300713094	8.925613794699	-7.606144880191288	-0.1108	-0.1271	-0.1507
753.0	11.140236	6.838551000000001	10.414296000000002	-8.2798419714611	8.986700318518803	-7.585200929167357	-0.1126	-0.1262	-0.1503
754.0	10.75176	6.795387	10.373094	-8.269369995949134	9.03382420832265	-7.578219612159379	-0.1139	-0.1261	-0.1501
755.0	10.752741000000002	6.976872000000001	10.292652	-8.302531251737026	9.08618408588248	-7.588691587671345	-0.1146	-0.1254	-0.15
756.0	10.713501	6.872886	10.284804000000001	-8.333947178272924	9.101892049150429	-7.611380867947272	-0.1137	-0.125	-0.1497
757.0	10.559484000000001	6.8709240000000005	10.221039000000001	-8.35663645854885	9.115854683166383	-7.616616855703254	-0.1137	-0.1254	-0.1494
758.0	10.491795	7.03377	10.149426	-8.395033702092725	9.11410935391439	-7.62708883121522	-0.1138	-0.1254	-0.1493
759.0	10.474137	7.026903000000001	10.126863	-8.419468311620646	9.16297857297023	-7.651523440743141	-0.1148	-0.1246	-0.1491
760.0	10.442745	7.140699000000001	10.069965	-8.445648250400561	9.180431865490174	-7.642796794483169	-0.1149	-0.1243	-0.1491
761.0	10.417239	7.208388	10.022877000000001	-8.440412262644578	9.192649170254134	-7.6585047577511185	-0.1144	-0.1247	-0.1493
762.0	10.400562	7.216236	10.003257000000001	-8.438666933392584	9.194394499506128	-7.670722062515078	-0.1143	-0.1248	-0.1495
763.0	10.385847	7.202502	9.995409	-8.440412262644578	9.19963048726211	-7.6829393672790385	-0.1136	-0.1247	-0.1498
764.0	10.357398000000002	7.18092	9.997371	-8.431685616384607	9.176941206986184	-7.686430025783027	-0.1131	-0.1251	-0.1501
765.0	10.327968	7.165224000000001	10.000314000000001	-8.426449628628623	9.164723902222224	-7.689920684287016	-0.113	-0.1251	-0.1504
766.0	10.292652	7.154433	10.007181000000001	-8.424704299376629	9.145525280450286	-7.686430025783027	-0.1136	-0.125	-0.1508
767.0	10.257336000000002	7.157376	10.009143	-8.429940287132611	9.142034621946298	-7.6742127210190665	-0.113	-0.1235	-0.1514
768.0	10.223982000000001	7.15149	10.016990999999999	-8.431685616384607	9.112364024662394	-7.670722062515078	-0.1132	-0.1234	-0.1518
769.0	10.193571	7.133832	10.028763	-8.431685616384607	9.112364024662394	-7.670722062515078	-0.1132	-0.1233	-0.1522
770.0	10.169046	7.113231	10.053288	-8.42121364087264	9.087929415134475	-7.651523440743141	-0.1129	-0.1232	-0.1526
771.0	10.148445	7.088706	10.072908	-8.417722982368652	9.080948098126497	-7.65501409924713	-0.1128	-0.123	-0.1527
772.0	10.128825	7.083801	10.096452	-8.415977653116657	9.075712110370514	-7.648032782239152	-0.1122	-0.1227	-0.153
773.0	10.111167	7.086744	10.111167	-8.405505677604692	9.060004147102566	-7.668976733263084	-0.112	-0.1223	-0.1532
774.0	10.107243	7.087725000000001	10.117053000000002	-8.39328837284073	9.040805525330628	-7.6585047577511185	-0.1118	-0.1212	-0.1532
775.0	10.106262000000001	7.094592	10.124901000000001	-8.374089751068793	9.023352232810684	-7.660250087003112	-0.1118	-0.1211	-0.1533
776.0	10.112148	7.088706	10.140597000000001	-8.372344421816798	9.02160690355869	-7.66723140401109	-0.1116	-0.1211	-0.1535
777.0	10.118034000000002	7.072029000000001	10.155312	-8.361872446304833	8.96924702599886	-7.661995416255107	-0.112	-0.1218	-0.1534
778.0	10.126863	7.056333	10.176894	-8.337437836776912	8.979719001510826	-7.670722062515078	-0.1115	-0.1226	-0.1534
779.0	10.130787	7.040637	10.194552	-8.342673824532895	8.960520379738888	-7.663740745507101	-0.1107	-0.1229	-0.1534
780.0	10.132749	7.0386750000000005	10.200438000000002	-8.325220532012953	8.911651160683046	-7.634070148223197	-0.1103	-0.1229	-0.1531
781.0	10.126863	7.048485	10.216134000000002	-8.328711190516941	8.92037780694302	-7.63930613597918	-0.1102	-0.1223	-0.153
782.0	10.117053000000002	7.073991	10.244583	-8.306021910241014	8.833111344343303	-7.592182246175334	-0.111	-0.1225	-0.1526
783.0	10.100376	7.116174000000001	10.298538	-8.286823288469076	8.780751466783473	-7.557275661135447	-0.1116	-0.1226	-0.1521
784.0	10.073889	7.147566	10.386828	-8.220500776893292	8.705702308947716	-7.532841051607527	-0.112	-0.1228	-0.1517
785.0	10.021896000000002	7.137756	10.494738000000002	-8.075638448977763	8.634143809615948	-7.489207820307668	-0.1122	-0.1232	-0.1512
786.0	9.984618000000001	7.135794000000001	10.596762000000002	-8.004079949645996	8.459610884416515	-7.482226503299691	-0.1123	-0.123	-0.1503
787.0	9.946359000000001	7.096554000000001	10.727235	-7.916813487046279	8.278096642209105	-7.482226503299691	-0.1134	-0.1228	-0.1493
788.0	9.888480000000001	7.048485	10.892043000000001	-7.815584390430608	8.063421144213802	-7.478735844795702	-0.1141	-0.122	-0.1481
789.0	9.817848	7.028865000000001	11.099034	-7.778932476138727	7.81209373192662	-7.4473199182598036	-0.1156	-0.1212	-0.1465
790.0	9.732501000000001	7.041618000000001	11.342322	-7.791149780902686	7.482226503299691	-7.417649320975901	-0.1175	-0.1211	-0.1445
791.0	9.650097	7.006302	11.645451000000001	-7.709119306058954	7.124434006640853	-7.410668003967924	-0.1199	-0.1218	-0.1418
792.0	9.562788000000001	6.969024000000001	11.944656	-7.644542123735164	6.901031862385579	-7.342600163140144	-0.1216	-0.1224	-0.1388
793.0	9.442125	7.088706	12.189906	-7.648032782239152	6.433283622851099	-7.1872658597126495	-0.125	-0.1223	-0.1349
794.0	9.278298	7.224084000000001	12.470472000000001	-7.63930613597918	5.883504908472886	-7.023204910025182	-0.1295	-0.1218	-0.13
795.0	9.118395	7.353576000000001	12.798126	-7.6026542216873	5.159193268895239	-6.782349473249965	-0.1336	-0.1217	-0.1241
796.0	8.922195	7.582149	13.166001000000001	-7.61487152645126	4.3074725939220055	-6.421066318087138	-0.1392	-0.1218	-0.117
797.0	8.786817000000001	7.927461000000001	13.46913	-7.6078902094432825	3.3545228223331014	-6.216862795603801	-0.1446	-0.1211	-0.1085
798.0	8.751501000000001	8.323785	13.756563000000002	-7.616616855703254	2.9059732045705586	-5.8555796404409755	-0.1505	-0.1208	-0.0981
799.0	8.923176	8.728938000000001	14.065578	-7.675958050271062	2.0053833105414847	-5.614724203665758	-0.1569	-0.1207	-0.0862
800.0	9.444087	9.148806	14.360859000000001	-7.710864635310948	1.2252211349000195	-5.382595413150512	-0.164	-0.1181	-0.0723
801.0	10.029744	9.725634	14.508990000000002	-8.038986534685883	0.7312929565856241	-4.8973938810960895	-0.1699	-0.1143	-0.0563
802.0	11.175552	10.470213	14.573736	-9.309586230137754	0.3246312408709453	-4.448844263333546	-0.1767	-0.1101	-0.0389
802.9999999999999	13.513275	10.841031000000001	14.891580000000001	-9.374163412461545	1.0559241974565694	-4.845034003536259	-0.1821	-0.1058	-0.0205
803.9999999999999	15.648912000000001	11.275614000000001	15.243759	-9.176941206986184	2.171189589480946	-5.105088062083414	-0.1867	-0.102	-0.0015
805.0000000000001	16.975224	11.706273000000001	15.870618	-8.604473212332044	2.5237460983838003	-5.607742886657781	-0.1908	-0.0972	0.0179
806.0	17.279334000000002	11.982915	16.479819	-8.243190057169219	3.167772592369708	-5.642649471697668	-0.1932	-0.0916	0.0376
807.0	16.527888	12.407688	16.766271	-8.337437836776912	3.5081117965086026	-4.352851154473858	-0.1953	-0.0855	0.057
808.0	15.793119000000003	12.372372000000002	16.398396	-8.213519459885315	3.4836771869806817	-4.616395871525001	-0.1967	-0.0783	0.0752
809.0	16.276752000000002	11.821050000000001	16.566147	-7.2972216025882926	5.36165146212658	-5.7630771900852755	-0.1971	-0.0714	0.0916
810.0	16.878105	11.600325000000002	16.955604	-7.1872658597126495	8.414232323864663	-6.588617926278594	-0.1966	-0.065	0.105
811.0	16.526907	11.385486000000002	17.14788	-7.257079029792423	10.348057135074379	-6.969099703213358	-0.1972	-0.0584	0.1154
811.9999999999999	14.823891000000001	11.154951	17.043894	-7.675958050271062	10.934487763744475	-7.440338601251827	-0.1959	-0.0539	0.1231
813.0000000000001	11.784753	11.0853	16.51023	-8.180358204097422	11.391764027766989	-7.764969842122772	-0.1956	-0.0498	0.1282
814.0	9.003618	10.884195	15.717582000000002	-8.56607596878817	11.388273369263	-8.121017009529616	-0.1951	-0.0465	0.131
815.0	7.100478000000001	10.629135	14.468769000000002	-8.791223442295438	11.316714869931232	-8.55036800552022	-0.1949	-0.0434	0.1313
816.0	6.376500000000001	10.326987	13.180716	-8.838347332099284	11.395254686270977	-9.054768159346581	-0.1952	-0.0414	0.1291
817.0	6.8150070000000005	9.740349	12.27231	-8.855800624619228	11.64658209855816	-9.313076888641742	-0.1958	-0.0417	0.1247
818.0	7.277058	9.557883	12.018231000000002	-8.916887148439029	11.814133706749617	-9.756390518648303	-0.1964	-0.043	0.1185
819.0	6.403968000000001	9.860031000000001	11.190267	-9.028588220566666	12.205087459196346	-10.039133857471384	-0.1973	-0.045	0.1109
819.9999999999999	5.141421	9.782532	10.131768	-9.175195877734192	12.632693125934956	-10.13861762483506	-0.1982	-0.0488	0.1023
821.0000000000001	4.82652	9.581427000000001	9.350892000000002	-9.2956235961218	12.999212268853766	-10.145598941843037	-0.1986	-0.0551	0.0931
822.0000000000001	5.386671000000001	9.175293	8.929062	-9.354964790689607	13.37620338728454	-10.061823137747309	-0.199	-0.0605	0.0831
823.0	6.193053	8.766216	8.714223	-9.260717011081914	13.695598640399504	-9.929178114595741	-0.1974	-0.0665	0.0723
824.0	7.03377	8.365968	8.675964	-9.16297857297023	13.973105991466603	-9.850638298255996	-0.1961	-0.0718	0.0605
825.0	7.8676200000000005	8.01477	8.773083	-8.86103661237521	14.090043051350222	-9.655161422032633	-0.1945	-0.0779	0.048
826.0	8.619066	7.742052	8.921214	-8.524188066740304	14.268066635053644	-9.452703228801289	-0.1925	-0.0853	0.0351
827.0	9.268488	7.5625290000000005	9.073269000000002	-8.276351312957111	14.418164950725156	-9.241518389309975	-0.1898	-0.0914	0.0219
827.9999999999999	9.864936	7.4683530000000005	9.228267	-8.1873395211054	14.526375364348803	-9.096656061394446	-0.1867	-0.0981	0.008
828.9999999999999	10.421163	7.426170000000001	9.440163	-8.17163155783745	14.659020387500373	-9.019861574306693	-0.1824	-0.1038	-0.0062
830.0000000000001	10.997991	7.417341	9.695223	-8.152432936065514	14.742796191596103	-9.094910732142452	-0.1777	-0.1098	-0.0205
831.0	11.5758	7.40655	10.038573000000001	-8.105309046261667	14.78642942289596	-9.164723902222224	-0.1713	-0.115	-0.0349
832.0	12.162438	7.428132000000001	10.481004	-7.969173364606109	14.803882715415904	-9.354964790689607	-0.1652	-0.12	-0.0492
833.0	12.766734	7.536042	11.022516	-7.834783012202545	14.796901398407925	-9.58185759344887	-0.1582	-0.125	-0.0634
834.0	13.474035	7.776387	11.69352	-7.791149780902686	14.74977750860408	-9.820967700972092	-0.1506	-0.1308	-0.0769
835.0	14.37165	8.166825000000001	12.48813	-7.857472292478471	14.800392056911914	-10.068804454755286	-0.1416	-0.1364	-0.0902
836.0	15.455655	8.674983000000001	13.387707	-8.012806595905968	15.065682103215053	-10.325367854798454	-0.1319	-0.141	-0.103
836.9999999999999	16.678962	9.177255	14.364783000000001	-8.10705437551366	15.41125729510993	-10.627309815393472	-0.1199	-0.1463	-0.1156
838.0000000000001	17.990559	9.458802	15.35265	-8.1873395211054	15.643386085625174	-10.786134777324957	-0.1059	-0.1511	-0.1273
839.0	19.406142	9.519624	16.185519	-8.13497964354557	15.667820695153097	-10.951941056264419	-0.0904	-0.1565	-0.1379
840.0	20.976723000000003	9.418581	16.763328	-8.058185156457819	15.535175672001527	-10.876891898428662	-0.074	-0.1617	-0.1476
841.0	22.737618	9.29988	16.916364	-8.196066167365371	15.271630954950384	-10.485938145981931	-0.0568	-0.1668	-0.156
842.0	24.272883	9.548073	16.501401	-9.258971681829918	14.793410739903937	-9.562658971676932	-0.0392	-0.1708	-0.1635
843.0	25.585461	9.943416000000001	15.441921	-9.66737872679659	13.901547492134835	-8.407251006856685	-0.0223	-0.1743	-0.1698
844.0	27.048132000000003	9.426429	13.676121	-9.131562646434332	13.055062804917585	-7.981390669370069	-0.0043	-0.1762	-0.1752
844.9999999999999	28.297926	8.106984	11.183399999999999	-7.241371066524473	12.751375515070572	-7.232644420264501	0.0117	-0.1781	-0.1791
846.0000000000001	29.309337	6.628617	7.996131000000001	-5.8817595792208905	12.257447336756176	-6.408849013323178	0.0267	-0.1807	-0.1815
847.0000000000001	30.115719000000002	5.571099	4.452759	-6.473426195646968	11.52091839241457	-5.586798935633849	0.0393	-0.1823	-0.1828
848.0	30.746502	5.048226	1.0859670000000001	-7.981390669370069	10.16654289286697	-4.995132319207771	0.0482	-0.184	-0.1832
849.0	30.433563000000003	4.911867000000001	-1.498968	-12.372639067387802	8.515461420480333	-4.3737951054977895	0.0544	-0.1847	-0.1837
850.0	28.081125	6.333336	-1.855071	-12.239994044236232	5.770058507093254	-3.8851029149393774	0.0572	-0.1835	-0.1846
851.0	24.068835	6.903297	-1.208592	-11.728612573401895	5.6374134839416845	-4.36157780073383	0.0563	-0.1813	-0.1857
852.0	21.744846000000003	4.917753	-0.9957150000000001	-9.576621605692887	5.066690818539539	-6.724753607934152	0.0528	-0.1799	-0.1863
852.9999999999999	20.848212	3.169611	-0.786762	-7.716100623066931	4.2306781068342545	-8.604473212332044	0.0478	-0.1785	-0.186
853.9999999999999	19.205037	3.062682	0.86328	-7.525859734599549	3.673918075448064	-8.546877347016231	0.0398	-0.178	-0.185
855.0000000000001	17.829674999999998	3.922038	3.3648300000000004	-7.95346540133816	3.715805977495928	-6.82074671679384	0.0299	-0.1774	-0.184
856.0	16.553394	4.234977	6.349032	-7.770205829878755	4.54309204294124	-6.033603224144397	0.0193	-0.175	-0.183
857.0	15.100533	4.410576	9.504909	-7.899360194526336	5.262167694762904	-6.424556976591128	0.0074	-0.173	-0.1816
858.0	13.554477	5.320944	12.047661	-8.101818387757678	5.750859885321316	-6.8155107290378565	-0.004	-0.1704	-0.18
859.0	12.920751	6.764976	13.789917	-9.210102462774078	5.846852994181004	-6.691592352146259	-0.0152	-0.1683	-0.1776
860.0	14.336334	5.668218	13.560363000000002	-9.032078879070655	6.302383928951524	-6.888814557621618	-0.0256	-0.1681	-0.1743
861.0	16.46118	4.725477000000001	12.71376	-8.737118235483614	7.049384848805096	-6.970845032465352	-0.0346	-0.1673	-0.1705
861.9999999999999	16.930098	6.287229000000001	12.672558	-8.731882247727631	7.274532322312366	-7.120943348136865	-0.0429	-0.1662	-0.1668
863.0000000000001	16.303239	7.682211000000001	13.144419000000001	-8.827875356587318	7.583455599915362	-7.176793884200683	-0.0505	-0.1652	-0.1637
864.0	16.315011000000002	8.270811	12.757905000000001	-8.80867673481538	8.002334620394	-7.311184236604246	-0.0561	-0.1639	-0.161
865.0	15.640083	8.232552	12.107502	-8.689994345679766	8.28856861772107	-7.419394650227895	-0.0613	-0.1619	-0.1586
866.0	14.796423	8.974188	11.490453	-8.630653151111959	8.47357351843247	-7.485717161803679	-0.0661	-0.1614	-0.1567
867.0	14.250987000000002	9.363645	10.973466	-8.522442737488312	8.623671834103982	-7.593927575427328	-0.069	-0.1603	-0.1556
868.0	13.679064000000002	8.576883	10.849860000000001	-8.478809506188453	8.859291283123218	-7.609635538695277	-0.072	-0.1592	-0.1547
869.0	12.975687	7.133832	10.798848000000001	-8.44913890890455	8.88896188040712	-7.616616855703254	-0.0748	-0.159	-0.1539
869.9999999999999	12.016269000000001	6.755166	10.699767000000001	-8.424704299376629	8.925613794699	-7.632324818971203	-0.0764	-0.1577	-0.1534
871.0000000000001	11.743551000000002	7.106364000000001	10.542807	-8.422958970124634	8.92910445320299	-7.63930613597918	-0.0777	-0.1577	-0.153
872.0000000000001	11.588553000000001	7.174053	10.470213	-8.395033702092725	8.911651160683046	-7.646287452987158	-0.0782	-0.1573	-0.1528
873.0	11.245203000000002	6.981777	10.434897000000001	-8.39328837284073	8.922123136195012	-7.65501409924713	-0.0789	-0.157	-0.1528
874.0	10.713501	6.8150070000000005	10.370151	-8.389797714336742	8.922123136195012	-7.65501409924713	-0.0807	-0.1567	-0.1527
875.0	10.576161	7.009245000000001	10.287747	-8.38107106807677	8.87674457564316	-7.651523440743141	-0.081	-0.1565	-0.1526
876.0	10.511415	7.028865000000001	10.245564	-8.382816397328765	8.902924514423075	-7.641051465231175	-0.0806	-0.1565	-0.1526
877.0	10.340721	7.071048	10.180818	-8.372344421816798	8.892452538911108	-7.642796794483169	-0.0812	-0.1565	-0.1524
877.9999999999999	10.303443000000001	7.178958000000001	10.115091	-8.363617775556827	8.937831099462962	-7.646287452987158	-0.0815	-0.1568	-0.1522
878.9999999999999	10.288728	7.1936729999999995	10.068003000000001	-8.360127117052839	8.962265708990882	-7.62708883121522	-0.0815	-0.156	-0.1521
880.0000000000001	10.288728	7.246647	10.025820000000001	-8.360127117052839	9.002408281786751	-7.61487152645126	-0.0821	-0.1556	-0.1519
881.0	10.307367000000001	7.294716000000001	9.984618000000001	-8.375835080320787	9.08269342737849	-7.609635538695277	-0.0828	-0.154	-0.1519
882.0	10.330911	7.293735000000001	9.962055000000001	-8.395033702092725	9.121090670922367	-7.611380867947272	-0.0833	-0.154	-0.1517
883.0	10.355436000000001	7.280001	9.94734	-8.388052385084748	9.19963048726211	-7.618362184955249	-0.0839	-0.1537	-0.1515
884.0	10.371132	7.224084000000001	9.949302000000001	-8.395033702092725	9.203121145766099	-7.632324818971203	-0.084	-0.1537	-0.1515
885.0	10.393695000000001	7.1711100000000005	9.959112000000001	-8.382816397328765	9.194394499506128	-7.651523440743141	-0.0836	-0.1538	-0.1517
886.0	10.397619	7.127946000000001	9.972846	-8.386307055832754	9.182177194742168	-7.6585047577511185	-0.084	-0.1523	-0.1517
886.9999999999999	10.384866	7.121079	9.984618000000001	-8.379325738824777	9.15425192671026	-7.663740745507101	-0.0841	-0.1516	-0.1518
888.0000000000001	10.372112999999999	7.111269	9.998352000000002	-8.403760348352696	9.149015938954276	-7.656759428499123	-0.0844	-0.1508	-0.152
889.0	10.357398000000002	7.100478000000001	10.024839	-8.415977653116657	9.152506597458263	-7.6497781114911465	-0.0845	-0.1508	-0.1521
890.0	10.341702000000002	7.090668	10.033668	-8.419468311620646	9.145525280450286	-7.642796794483169	-0.0839	-0.1511	-0.1525
891.0	10.320120000000001	7.078896	10.048383000000001	-8.419468311620646	9.145525280450286	-7.642796794483169	-0.0834	-0.1519	-0.1527
892.0	10.292652	7.065162	10.074869999999999	-8.400269689848708	9.107128036906412	-7.646287452987158	-0.0829	-0.1511	-0.153
893.0	10.264203	7.075953000000001	10.088604	-8.39677903134472	9.079202768874502	-7.63930613597918	-0.0826	-0.1514	-0.1532
894.0	10.242621000000002	7.098516000000001	10.092528	-8.386307055832754	9.07396678111852	-7.651523440743141	-0.0817	-0.151	-0.1534
894.9999999999999	10.223982000000001	7.1200980000000005	10.088604	-8.374089751068793	9.046041513086609	-7.642796794483169	-0.082	-0.1509	-0.1534
896.0000000000001	10.219077	7.136775000000001	10.083699000000001	-8.372344421816798	9.047786842338605	-7.663740745507101	-0.0819	-0.1505	-0.1534
897.0000000000001	10.219077	7.133832	10.093509	-8.360127117052839	9.011134928046722	-7.648032782239152	-0.082	-0.1504	-0.1537
898.0	10.215152999999999	7.128927000000001	10.112148	-8.354891129296856	8.979719001510826	-7.648032782239152	-0.0812	-0.15	-0.1535
899.0	10.216134000000002	7.115193	10.130787	-8.3409284952809	8.979719001510826	-7.644542123735164	-0.0812	-0.1494	-0.1534
900.0	10.209267	7.113231	10.161198	-8.337437836776912	8.943067087218944	-7.621852843459237	-0.0814	-0.1491	-0.1534
901.0	10.204362000000001	7.114212	10.187685	-8.319984544256968	8.885471221903131	-7.6026542216873	-0.0823	-0.1494	-0.1533
902.0	10.198476000000001	7.129908	10.199457	-8.313003227248991	8.869763258635183	-7.595672904679322	-0.0829	-0.1495	-0.1531
902.9999999999999	10.19259	7.128927000000001	10.224963	-8.253662032681184	8.817403381075353	-7.5817102706633674	-0.0826	-0.1495	-0.1529
903.9999999999999	10.168065	7.116174000000001	10.285785	-8.211774130633321	8.75980751575954	-7.545058356371487	-0.084	-0.1495	-0.1525
905.0000000000001	10.145502	7.116174000000001	10.373094	-8.13497964354557	8.648106443631903	-7.538077039363509	-0.0846	-0.1493	-0.1519
906.0	10.11411	7.13187	10.471193999999999	-8.063421144213802	8.583529261308113	-7.52236907609556	-0.0853	-0.1497	-0.1514
907.0	10.08468	7.129908	10.561446	-8.002334620394	8.459610884416515	-7.511897100583594	-0.086	-0.1502	-0.1505
908.0	10.06506	7.072029000000001	10.647774	-7.909832170038301	8.319984544256968	-7.536331710111515	-0.0874	-0.1508	-0.1497
909.0	10.047402	6.971967	10.748816999999999	-7.822565707438585	8.161159582325485	-7.557275661135447	-0.0887	-0.1515	-0.1485
910.0	10.01601	6.897411	10.876347	-7.791149780902686	7.967428035354114	-7.557275661135447	-0.0897	-0.1516	-0.147
911.0	9.963036	6.891525000000001	11.047041000000002	-7.806857744170636	7.688175355035022	-7.536331710111515	-0.0907	-0.1514	-0.145
911.9999999999999	9.888480000000001	6.9395940000000005	11.266785	-7.7841684638947095	7.5485490148754755	-7.457791893771771	-0.0926	-0.1515	-0.1426
913.0000000000001	9.796266000000001	7.00434	11.501244000000002	-7.724827269326903	7.22391777400453	-7.382742735936014	-0.0951	-0.1516	-0.1397
914.0	9.716805	7.061238	11.743551000000002	-7.6742127210190665	6.812020070533868	-7.305948248848264	-0.0972	-0.152	-0.1363
915.0	9.582408000000001	7.250571	11.973105	-7.693411342791005	6.311110575211496	-7.124434006640853	-0.1002	-0.1529	-0.1323
916.0	9.413676	7.464429000000001	12.239937000000001	-7.651523440743141	5.735151922053367	-6.908013179393556	-0.1037	-0.1536	-0.1275
917.0	9.246906000000001	7.618446	12.562686000000001	-7.620107514207243	5.01084028247572	-6.679375047382299	-0.1081	-0.1536	-0.1215
918.0	9.086022	7.857810000000001	12.941352	-7.600908892435305	4.1294490102185835	-6.520550085450815	-0.1121	-0.1536	-0.1145
919.0	8.996751000000001	8.228628	13.279797	-7.574728953655391	3.6564647829281203	-6.201154832335853	-0.1174	-0.1531	-0.1062
919.9999999999999	9.086022	8.634762	13.593717	-7.642796794483169	2.736676267127109	-5.902703530244822	-0.1234	-0.1525	-0.0964
921.0000000000001	9.404847	9.009504	13.895865000000002	-7.73180858633488	1.9774580425095754	-5.7211892880374124	-0.1302	-0.1511	-0.0849
922.0000000000001	9.900252000000002	9.355797	14.154849000000002	-7.757988525114794	1.3508848410436112	-5.480333851262195	-0.1373	-0.1492	-0.0718
923.0	10.587933	9.845316	14.325543	-8.38107106807677	0.7487462491055673	-4.904375198104066	-0.1453	-0.1466	-0.057
924.0	12.222279	10.588913999999999	14.452092000000002	-9.665633397544596	0.5235987755982988	-4.616395871525001	-0.1531	-0.1433	-0.0411
925.0	14.562945000000001	11.059794	14.758164	-9.71973860435642	1.7296212887263804	-4.771730174952497	-0.1601	-0.138	-0.0244
926.0	16.425864	11.462985000000002	15.231987	-9.246754377065956	2.2479840765686965	-5.235987755982989	-0.1661	-0.1329	-0.0071
927.0	17.405883	11.92896	15.95106	-8.669050394655835	2.951351765122411	-5.630432166933708	-0.1718	-0.1275	0.0104
927.9999999999999	17.488287	12.434175000000002	16.394472	-8.559094651780192	3.623303527140228	-5.1993358416911075	-0.1774	-0.1213	0.0279
928.9999999999999	16.517097	12.747114000000002	16.303239	-8.656833089891874	4.080579791162743	-4.176572900022431	-0.1808	-0.1148	0.045
930.0000000000001	16.553394	12.317436	16.184538	-7.806857744170636	4.611159883769019	-5.489060497522167	-0.1844	-0.1085	0.0607
931.0	17.273448	11.934846	16.585767	-7.424630637983878	7.452555906015787	-5.960299395560636	-0.187	-0.1013	0.0744
932.0	17.099811000000003	11.834783999999999	16.867314	-7.2640603468004	8.667305065403841	-6.614797865058509	-0.1884	-0.0946	0.0856
933.0	15.876504	11.802411000000001	16.797663	-7.613126197199265	9.993755296919531	-7.033676885537148	-0.1891	-0.0885	0.0941
934.0	13.529952	11.588553000000001	16.469028	-8.248426044925202	10.458012877950024	-7.290240285580314	-0.1894	-0.0825	0.1004
935.0	10.632078000000002	11.377638	15.832359	-8.721410272215664	10.623819156889486	-7.761479183618783	-0.1902	-0.0785	0.1046
936.0	8.297298	11.040174	14.893542	-8.944812416470938	10.814060045356866	-8.337437836776912	-0.1915	-0.0738	0.1066
936.9999999999999	6.8532660000000005	10.597743000000001	13.622166000000002	-9.025097562062678	11.039207518864135	-8.970992355250853	-0.1916	-0.0699	0.1063
938.0000000000001	6.357861000000001	10.032687	12.570534000000002	-9.047786842338605	11.29926157741129	-9.23977306005798	-0.1922	-0.0672	0.1041
939.0	6.9091830000000005	9.583389	12.099654000000001	-9.126326658678348	11.44063324682283	-9.641198788016675	-0.194	-0.0658	0.1
940.0	6.375519000000001	9.821772000000001	11.680767000000001	-9.236282401553993	11.780972450961725	-9.862855603019957	-0.1952	-0.0658	0.0943
941.0	5.06196	9.942435000000001	10.726253999999999	-9.321803534901715	12.18588883742441	-9.979792662903575	-0.1954	-0.068	0.0875
942.0	4.582251	9.727596	9.887499	-9.358455449193595	12.653637076958889	-9.936159431603718	-0.1954	-0.0704	0.0796
943.0	5.056074	9.251811000000002	9.450954000000001	-9.290387608365815	13.110913340981405	-9.793042432940183	-0.1953	-0.0731	0.0709
944.0	5.715306	8.731881000000001	9.273393	-9.290387608365815	13.110913340981405	-9.793042432940183	-0.1954	-0.0765	0.0626
944.9999999999999	6.35688	8.242362	9.206685	-9.03033354981866	13.784610432251213	-9.438740594785333	-0.1949	-0.0796	0.0519
946.0000000000001	7.036713000000001	7.866639	9.261621000000002	-8.731882247727631	13.90329282138683	-9.196139828758122	-0.194	-0.085	0.0406
947.0000000000001	7.836228	7.586073	9.392094	-8.419468311620646	14.123204307138115	-9.002408281786751	-0.193	-0.0904	0.0284
948.0	8.69166	7.3918349999999995	9.55494	-8.173376887089445	14.4042023167092	-8.899433855919085	-0.1919	-0.0962	0.0152
949.0	9.516681	7.246647	9.706995000000001	-8.08261976598574	14.77072145962801	-8.895943197415097	-0.1889	-0.1013	0.0012
950.0	10.233792	7.1250029999999995	9.860031000000001	-8.100073058505684	15.098843359002945	-9.004153611038745	-0.1857	-0.1051	-0.0134
951.0	10.823373	7.037694000000001	10.05525	-8.094837070749701	15.240215028414486	-9.222319767538037	-0.1821	-0.1085	-0.0286
952.0	11.377638	6.991587	10.324044	-8.122762338781609	15.233233711406507	-9.33227551041368	-0.1777	-0.1126	-0.044
952.9999999999999	11.960352000000002	6.999435000000001	10.672299	-8.133234314293576	15.224507065146536	-9.564404300928926	-0.1721	-0.1165	-0.0595
953.9999999999999	12.671577000000001	7.024941	11.118654	-8.122762338781609	15.224507065146536	-9.765117164908274	-0.1639	-0.1207	-0.0762
955.0000000000001	13.420080000000002	7.147566	11.675862	-8.136724972797564	15.31002819849426	-9.974556675147593	-0.1549	-0.1246	-0.0913
956.0	14.171526000000002	7.320222	12.310569	-8.192575508861383	15.467107831173749	-10.150834929599021	-0.1435	-0.1285	-0.1062
957.0	14.84253	7.521327000000001	13.026699	-8.306021910241014	15.652112731885147	-10.239846721450732	-0.1312	-0.1319	-0.1204
958.0	15.447807000000001	7.662591000000001	13.816404000000002	-8.35663645854885	15.789993742792701	-10.232865404442753	-0.1174	-0.1347	-0.1338
959.0	16.116849000000002	7.695945	14.679684	-8.372344421816798	15.838862961848541	-10.180505526882923	-0.1027	-0.1376	-0.1463
960.0	16.972281	7.627275	15.599862000000002	-8.419468311620646	15.91042146118031	-10.13861762483506	-0.0864	-0.1415	-0.1578
961.0	18.031761000000003	7.520346	16.453332	-8.637634468119936	15.927874753700252	-10.119419003063122	-0.0696	-0.1446	-0.1681
961.9999999999999	19.165797	7.417341	17.111583	-9.103637378402423	15.898204156416348	-10.011208589439475	-0.0517	-0.1478	-0.1774
963.0000000000001	20.254707000000003	7.441866000000001	17.482401	-9.642944117268671	15.695745963185004	-9.679596031560552	-0.0327	-0.1496	-0.186
964.0	21.233745	7.561548000000001	17.467686	-9.754645189396307	15.16865652908272	-9.155997255962253	-0.0154	-0.1514	-0.1936
965.0	22.131359999999997	7.488954	17.00073	-9.43699526553334	14.37976770718128	-8.859291283123218	0.0024	-0.1528	-0.2003
966.0	23.080968	6.962157	15.995205000000002	-8.059930485709813	13.939944735678711	-8.222246106145287	0.0189	-0.153	-0.2055
967.0	24.293484	6.1871670000000005	14.359878	-6.702064327658226	13.051572146413596	-7.485717161803679	0.0343	-0.1535	-0.2094
968.0	25.614891	5.622111000000001	12.071204999999999	-6.792821448761931	12.159708898644494	-6.796312107265919	0.0499	-0.1544	-0.2122
969.0	26.838198	5.288571	9.240039	-8.068657131969786	11.292280260403313	-6.337290513991411	0.0624	-0.1555	-0.2143
969.9999999999999	27.896697000000003	4.956012	6.204825	-8.923868465447008	10.091493735031214	-5.867796945204936	0.0728	-0.1553	-0.2158
971.0000000000001	28.708965	4.527315000000001	3.4599870000000004	-8.737118235483614	8.768534162019511	-5.324999547834699	0.0809	-0.1549	-0.217
972.0000000000001	29.226933	4.052511000000001	1.328274	-8.447393579652555	7.939502767322205	-5.0649454892875445	0.0859	-0.1544	-0.2176
973.0	28.754091	3.60027	0.08436600000000001	-8.99368163552678	7.717845952318925	-4.57974395723312	0.0875	-0.1542	-0.2178
974.0	24.941925	4.634244	1.9237410000000001	-10.040879186723377	7.269296334556382	-3.405137370640937	0.0865	-0.1525	-0.2179
975.0	20.137968	5.402367	3.084264	-10.07404044251127	6.899286533133585	-2.8448866807507573	0.0826	-0.151	-0.2181
976.0	18.590931	4.4684550000000005	2.4191460000000005	-8.580038602804125	4.743804906920588	-4.621631859280985	0.0753	-0.1498	-0.2182
977.0	17.780625	4.08096	2.8066410000000004	-7.09476340935695	3.651228795172137	-6.428047635095116	0.0655	-0.1484	-0.2181
977.9999999999999	16.163937	4.543011	5.167908000000001	-6.836454680061789	3.5412730522964946	-6.764896180730021	0.0541	-0.1467	-0.2175
978.9999999999999	14.706171000000001	5.484771	7.4251890000000005	-7.3548174679041045	3.857177646907468	-6.307619916707506	0.042	-0.1448	-0.2163
980.0000000000001	13.208184000000001	5.991948000000001	9.823734000000002	-7.377506748180031	4.387757739513744	-6.447246256867053	0.0286	-0.1428	-0.2145
981.0	11.979972000000002	6.89643	12.079053000000002	-7.710864635310948	4.815363406252355	-6.614797865058509	0.0152	-0.1415	-0.2122
982.0	10.730178000000002	7.993188	13.669254	-8.056439827205825	5.579817618625872	-6.88532389911763	0.001	-0.1406	-0.2096
983.0	10.100376	8.806437	14.461902	-8.201302155121354	6.058037833672318	-7.175048554948689	-0.0113	-0.1393	-0.2062
984.0	12.581325	7.8117030000000005	12.349809	-8.365363104808822	6.3442718309993875	-7.072074129081023	-0.0228	-0.1393	-0.2022
985.0	16.017768	7.355538000000001	11.299158	-8.677777040915807	6.529276731710787	-6.822492046045833	-0.0336	-0.1395	-0.1978
986.0	16.522983	9.215514	12.451833000000002	-8.874999246391166	6.618288523562497	-6.9429197644334435	-0.0425	-0.1387	-0.1935
986.9999999999999	15.650874	10.62423	12.991383	-8.937831099462962	7.136651311404813	-7.133160652900824	-0.0504	-0.1379	-0.1896
988.0000000000001	15.2055	10.696824000000001	12.131046	-8.871508587887178	7.4141586624719125	-7.145377957664785	-0.0577	-0.1368	-0.1863
989.0	14.597280000000001	10.093509	11.829879	-8.843583319855268	7.592182246175334	-7.1872658597126495	-0.064	-0.1354	-0.1835
990.0	14.061654	10.085661	11.488491000000002	-8.871508587887178	7.805112414918642	-7.255333700540428	-0.0697	-0.1342	-0.1811
991.0	13.289607	9.664812	11.044098	-8.815658051823359	8.011061266653973	-7.326892199872195	-0.0745	-0.1326	-0.1789
992.0	12.741228	9.046782	10.791000000000002	-8.784242125287461	8.168140899333462	-7.318165553612224	-0.0778	-0.1312	-0.177
993.0	12.739266	8.360082	10.733121	-8.583529261308113	8.253662032681184	-7.513642429835588	-0.0816	-0.1296	-0.1757
994.0	12.5568	7.924518	10.730178000000002	-8.477064176936459	8.763298174263529	-7.567747636647414	-0.0845	-0.1277	-0.1747
994.9999999999999	12.407688	7.599807000000001	10.625211	-8.468337530676488	8.7720248205235	-7.593927575427328	-0.0867	-0.1257	-0.1739
996.0000000000001	11.784753	7.042599	10.580085	-8.422958970124634	8.873253917139172	-7.61487152645126	-0.0889	-0.1248	-0.1735
997.0000000000001	11.480642999999999	6.676686	10.585971	-8.400269689848708	8.91339648993504	-7.642796794483169	-0.0906	-0.1237	-0.1732
998.0	11.384505	6.617826	10.562427	-8.38107106807677	8.955284391982905	-7.668976733263084	-0.0919	-0.1232	-0.1728
999.0	11.277576	6.555042	10.537902	-8.354891129296856	8.927359123950996	-7.675958050271062	-0.0926	-0.1225	-0.1726
1000.0	11.136312	6.401025	10.531035	-8.328711190516941	8.932595111706979	-7.700392659798982	-0.093	-0.1216	-0.1724
1001.0	11.021535	6.419664	10.484928	-8.31649388575298	8.91339648993504	-7.70388331830297	-0.0933	-0.1212	-0.1723
1002.0	10.863593999999999	6.495201000000001	10.409391	-8.299040593233038	8.92910445320299	-7.700392659798982	-0.094	-0.12	-0.172
1002.9999999999999	10.464327	6.761052	10.255374000000002	-8.321729873508964	8.94132175796695	-7.700392659798982	-0.0946	-0.1202	-0.1716
1003.9999999999999	10.461384	6.9651	10.161198	-8.335692507524918	8.970992355250853	-7.726572598578897	-0.0956	-0.1199	-0.1711
1005.0000000000001	10.422144000000001	6.962157	10.141578	-8.360127117052839	8.979719001510826	-7.73180858633488	-0.0964	-0.1206	-0.1712
1006.0	10.404486	7.040637	10.1043	-8.386307055832754	8.976228343006836	-7.752752537358812	-0.0971	-0.1203	-0.1709
1007.0	10.37898	7.093611	10.083699000000001	-8.386307055832754	8.991936306274786	-7.752752537358812	-0.0975	-0.121	-0.1706
1008.0	10.366227	7.148547000000001	10.049364	-8.398524360596713	8.991936306274786	-7.737044574090863	-0.0979	-0.1209	-0.1702
1009.0	10.362303	7.2015210000000005	10.024839	-8.39677903134472	9.002408281786751	-7.73180858633488	-0.0991	-0.1208	-0.1699
1010.0	10.355436000000001	7.247628000000001	9.997371	-8.379325738824777	9.037314866826637	-7.726572598578897	-0.0994	-0.1215	-0.1694
1011.0	10.340721	7.2701910000000005	9.978732	-8.38107106807677	9.02160690355869	-7.710864635310948	-0.0992	-0.1219	-0.1692
1011.9999999999999	10.321101	7.2574380000000005	9.983637000000002	-8.36885376331281	9.037314866826637	-7.707373976806959	-0.0996	-0.1225	-0.1693
1013.0000000000001	10.304424000000001	7.245666000000001	10.001295	-8.365363104808822	9.023352232810684	-7.688175355035022	-0.0996	-0.1221	-0.17
1014.0	10.288728	7.266267000000001	10.010124000000001	-8.365363104808822	9.049532171590599	-7.681194038027045	-0.0996	-0.1223	-0.1701
1015.0	10.280880000000002	7.2878490000000005	10.014047999999999	-8.353145800044862	9.049532171590599	-7.66723140401109	-0.0996	-0.1217	-0.1693
1016.0	10.277937000000001	7.299621	10.023858	-8.339183166028906	9.100146719898435	-7.6742127210190665	-0.0998	-0.1218	-0.1692
1017.0	10.278918	7.294716000000001	10.018953000000002	-8.3409284952809	9.121090670922367	-7.646287452987158	-0.0993	-0.1203	-0.1692
1018.0	10.278918	7.280001	10.032687	-8.346164483036883	9.136798634190315	-7.651523440743141	-0.0999	-0.1196	-0.1696
1019.0	10.274994000000001	7.293735000000001	10.028763	-8.360127117052839	9.16297857297023	-7.63930613597918	-0.1004	-0.1194	-0.1699
1019.9999999999999	10.27107	7.2956970000000005	10.034649	-8.379325738824777	9.143779951198292	-7.63930613597918	-0.1002	-0.1196	-0.1707
1021.0000000000001	10.275975	7.286868	10.048383000000001	-8.386307055832754	9.117600012418377	-7.644542123735164	-0.1004	-0.1191	-0.1711
1022.0000000000001	10.284804000000001	7.28883	10.059174	-8.39677903134472	9.079202768874502	-7.644542123735164	-0.1003	-0.1186	-0.171
1023.0	10.288728	7.284906	10.06506	-8.39677903134472	9.02160690355869	-7.637560806727186	-0.1003	-0.1194	-0.1707
1024.0	10.285785	7.282944	10.079775000000001	-8.398524360596713	8.995426964778774	-7.628834160467215	-0.0995	-0.1192	-0.171
1025.0	10.266165	7.293735000000001	10.082718000000002	-8.402015019100702	8.939576428714958	-7.61487152645126	-0.0998	-0.1194	-0.1719
1026.0	10.246545000000001	7.283925000000001	10.082718000000002	-8.400269689848708	8.918632477691023	-7.604399550939293	-0.0997	-0.1195	-0.1722
1027.0	10.234772999999999	7.271172	10.08468	-8.400269689848708	8.864527270879199	-7.5729836244033955	-0.0994	-0.1201	-0.1724
1028.0	10.223982000000001	7.264305000000001	10.085661	-8.391543043588737	8.827875356587318	-7.571238295151402	-0.0986	-0.1206	-0.1716
1029.0	10.223001	7.242723	10.092528	-8.391543043588737	8.827875356587318	-7.571238295151402	-0.0978	-0.121	-0.1708
1030.0	10.196514000000002	7.2623429999999995	10.148445	-8.281587300713094	8.770279491271506	-7.4647732107797475	-0.0986	-0.1198	-0.1696
1031.0	10.171008	7.294716000000001	10.187685	-8.265879337445146	8.663814406899851	-7.407177345463934	-0.0993	-0.1196	-0.1685
1032.0	10.163160000000001	7.327089000000001	10.197495000000002	-8.257152691185173	8.569566627292158	-7.394960040699974	-0.1002	-0.1198	-0.1683
1033.0	10.183761	7.335918	10.171989	-8.241444727917225	8.564330639536175	-7.382742735936014	-0.1007	-0.1192	-0.1675
1034.0	10.208286000000001	7.335918	10.13373	-8.25191670342919	8.531169383748283	-7.384488065188009	-0.1021	-0.1188	-0.1664
1035.0	10.256355000000001	7.305507	10.102338000000001	-8.234463410909248	8.508480103472357	-7.422885308731884	-0.1033	-0.1181	-0.165
1036.0	10.294614000000001	7.285887000000001	10.097433000000002	-8.241444727917225	8.508480103472357	-7.426375967235872	-0.1047	-0.1176	-0.1639
1037.0	10.330911	7.299621	10.099395000000001	-8.2798419714611	8.480554835440447	-7.415903991723906	-0.1066	-0.1178	-0.162
1038.0	10.385847	7.316298000000001	10.071927	-8.339183166028906	8.482300164692441	-7.415903991723906	-0.1081	-0.1171	-0.1618
1039.0	10.453536000000001	7.310412	10.041516000000001	-8.333947178272924	8.494517469456401	-7.417649320975901	-0.1097	-0.1171	-0.1615
1040.0	10.558503000000002	7.280001	9.951264	-8.333947178272924	8.496262798708397	-7.410668003967924	-0.1104	-0.1171	-0.1608
1041.0	10.642869000000001	7.243704	9.890442	-8.353145800044862	8.484045493944436	-7.374016089676043	-0.1115	-0.1169	-0.1594
1042.0	10.706634	7.230951	9.87867	-8.36885376331281	8.443902921148567	-7.374016089676043	-0.1123	-0.1165	-0.1579
1043.0	10.754703000000001	7.268229000000001	9.916929	-8.391543043588737	8.344419153784889	-7.340854833888151	-0.1142	-0.1157	-0.1572
1044.0	10.76157	7.312374	10.004238	-8.407251006856685	8.274605983705117	-7.2867496270763255	-0.1159	-0.1159	-0.1558
1045.0	10.657584000000002	7.402626000000001	10.145502	-8.40899633610868	8.0337505469299	-7.22391777400453	-0.1174	-0.1155	-0.1551
1046.0	10.539864000000001	7.4909159999999995	10.291671	-8.407251006856685	7.829547024446563	-7.033676885537148	-0.1185	-0.1146	-0.1535
1047.0	10.407429	7.548795	10.498662000000001	-8.313003227248991	7.360053455660087	-6.787585461005947	-0.1211	-0.1126	-0.1523
1048.0	10.392714	7.649838000000001	10.76157	-8.157668923821497	6.843435997069767	-6.452482244623036	-0.1242	-0.1114	-0.1499
1049.0	10.481985	7.878411000000001	11.033307	-7.81209373192662	6.4629542201350025	-5.972516700324595	-0.127	-0.11	-0.1476
1050.0	10.593819000000002	8.263944	11.234412	-7.182029871956666	6.19591884457987	-5.365142120630568	-0.1308	-0.1087	-0.1437
1051.0	10.787075999999999	8.803494	11.267766000000002	-6.415830330331156	6.049311187412346	-4.731587602156628	-0.1351	-0.1073	-0.1411
1052.0	11.079414	9.471555	11.170647	-6.080727113948244	6.098180406468187	-4.380776422505767	-0.1398	-0.1048	-0.1364
1053.0	11.462004000000002	10.227906	10.971504000000001	-5.311036913818745	6.223844112611779	-3.740240587023848	-0.1443	-0.1022	-0.1303
1054.0	12.055509000000002	11.084318999999999	10.710558	-4.9218284906240095	6.593853914034577	-3.166027263117714	-0.15	-0.0983	-0.1244
1055.0	12.534237000000001	11.842632000000002	10.338759000000001	-4.731587602156628	7.11919801888487	-2.7838001569309556	-0.1559	-0.0949	-0.1176
1056.0	12.838347	12.362562	9.921834	-4.187044875534396	7.5066611128276115	-2.8012534494508987	-0.1629	-0.0908	-0.1105
1057.0	13.005117000000002	12.844233	9.45684	-3.51509311351658	7.840018999958528	-2.841396022246769	-0.1689	-0.0861	-0.1034
1058.0	12.886416000000002	13.13559	8.924157	-3.00720230118623	8.121017009529616	-2.569124658935653	-0.1746	-0.0804	-0.0949
1059.0	12.654900000000001	13.101255	8.413056000000001	-2.7663468644110125	8.302531251737026	-2.4469516112960497	-0.181	-0.0735	-0.0867
1060.0	12.583287	12.846195000000002	8.081478	-2.3474678439323733	8.398524360596713	-2.368411794956305	-0.1869	-0.0661	-0.0802
1061.0	12.453795000000001	12.469491	7.8931260000000005	-2.223549467040776	8.789478113043444	-2.3369958684204075	-0.1923	-0.0581	-0.0729
1062.0	12.067281	11.841651	7.787178	-2.2078415037728267	9.229301084546014	-2.331759880664424	-0.1975	-0.0506	-0.0665
1063.0	11.504187000000002	10.988181	7.794045000000001	-2.1676989309769574	9.583602922700864	-2.3893557459802373	-0.2023	-0.0419	-0.0619
1064.0	10.769418000000002	10.017972000000002	7.826418	-2.1676989309769574	9.583602922700864	-2.3893557459802373	-0.2058	-0.0343	-0.0578
1065.0	10.239678000000001	9.129186	7.9156889999999995	-2.1676989309769574	9.583602922700864	-2.3893557459802373	-0.2088	-0.0268	-0.0542
1066.0	9.900252000000002	8.480745	8.02458	-2.1676989309769574	9.583602922700864	-2.3893557459802373	-0.2107	-0.0202	-0.0515
1067.0	9.708957000000002	7.871544	8.125623000000001	-2.1676989309769574	9.583602922700864	-2.3893557459802373	-0.2122	-0.0148	-0.0493
1068.0	9.42741	7.683192	8.332614000000001	-3.563962332572421	10.581931254841619	-5.080653452555493	-0.2131	-0.0074	-0.0503
1069.0	9.082098	7.513479	8.582769	-3.703588672731967	10.407398329642186	-5.513495107050087	-0.2138	-0.0002	-0.052
1070.0	8.626914	7.1936729999999995	8.823114	-3.452261260444784	10.189232173142894	-5.696754678509492	-0.2132	0.0063	-0.0548
1071.0	8.285526	6.740451000000001	9.181179	-3.1119220563058896	10.17526953912694	-5.635668154689689	-0.2129	0.0121	-0.058
1072.0	8.177616	6.3549180000000005	9.683451	-2.9827676916583092	10.370746415350308	-5.544911033585985	-0.2117	0.0175	-0.0624
1073.0	8.140338	6.029226	10.262241000000001	-2.8379053637427796	10.533062035785779	-5.209807817203074	-0.2095	0.0204	-0.0668
1074.0	8.10306	5.703534	10.841031000000001	-2.8379053637427796	10.533062035785779	-5.209807817203074	-0.2074	0.0233	-0.0713
1075.0	7.996131000000001	5.119839000000001	11.491434	-2.5377087323997554	11.273081638631375	-4.272566008882119	-0.2055	0.0266	-0.0768
1076.0	7.847019000000001	4.441968	12.134970000000001	-2.3701571242083	11.503465099894626	-3.733259270015871	-0.2025	0.0297	-0.0832
1077.0	7.698888000000001	3.764097	12.778506	-2.3701571242083	11.503465099894626	-3.733259270015871	-0.1996	0.0328	-0.0895
1078.0	7.778349000000001	2.808603	13.304322	-2.371902453460294	11.677998025094059	-2.6982790235832335	-0.1966	0.0338	-0.0961
1079.0	7.9235370000000005	2.086587	13.728114	-2.399827721492203	11.705923293125968	-2.4870941840919194	-0.193	0.034	-0.1023
1080.0	8.000055	1.627479	14.009661	-2.4277529895241123	11.732103231905883	-2.129301687433082	-0.1896	0.0344	-0.109
1081.0	7.944138	1.370457	14.113647000000002	-2.4870941840919194	11.705923293125968	-1.8832102629018816	-0.1846	0.0351	-0.1161
1082.0	7.816608	1.281186	14.054787000000001	-2.6179938779914944	11.662290061826111	-1.764527873766267	-0.1797	0.036	-0.1238
1083.0	7.697907	1.3498560000000002	13.864473	-2.7715828521669956	11.582004916234371	-1.8291050560900572	-0.1751	0.0376	-0.1317
1084.0	7.61256	1.5176070000000002	13.680045000000002	-2.9740410453983377	11.482521148870694	-2.0943951023931953	-0.1697	0.0393	-0.1402
1085.0	7.633161	2.04048	13.420080000000002	-3.2777283352453512	11.386528040011006	-2.5324727446437723	-0.164	0.0411	-0.1485
1086.0	7.6694580000000006	2.690883	13.151286	-3.4243359924128742	11.349876125719124	-2.7890361446869387	-0.1589	0.0426	-0.1563
1087.0	7.635123	3.328533	12.8511	-3.7262779530078936	11.320205528435222	-3.3981560536329596	-0.1527	0.0443	-0.1649
1088.0	7.5625290000000005	3.936753	12.592116	-4.02298392584693	11.15090859099177	-4.057890510886816	-0.1466	0.0446	-0.1722
1089.0	7.471296000000001	4.457664	12.375315	-4.342379178961892	10.927506446736498	-4.759512870188536	-0.1399	0.0455	-0.1786
1090.0	7.332975000000001	4.8853800000000005	12.200697000000002	-4.785692808968451	10.712830948741194	-5.441936607718319	-0.1342	0.0454	-0.1856
1091.0	7.1711100000000005	5.17968	12.079053000000002	-5.298819609054785	10.501646109249881	-6.0667644799322895	-0.129	0.0439	-0.1917
1092.0	7.351614	5.781033000000001	12.077091000000001	-5.883504908472886	10.245082709206715	-6.089453760208215	-0.1236	0.0411	-0.1965
1093.0	8.198217	6.058656000000001	12.251709	-9.072221451866524	10.067059125503292	-4.796164784480418	-0.119	0.0388	-0.2006
1094.0	9.712881	4.828482	12.174210000000002	-8.28856861772107	10.410888988146176	-5.600761569649803	-0.1145	0.0374	-0.2048
1095.0	10.664451	3.972069	11.710197	-8.262388678941155	10.241592050702724	-6.2517693806436885	-0.1097	0.036	-0.2082
1096.0	11.372733	3.7807740000000005	11.333493	-8.662069077647859	9.709266628844455	-7.401941357707952	-0.1052	0.0352	-0.2115
1097.0	11.611116	3.608118	11.358018	-8.461356213668509	9.48935514309317	-7.911577499290296	-0.102	0.0343	-0.2138
1098.0	11.823012	3.358944	11.481624000000002	-8.253662032681184	9.171705219230201	-7.908086840786307	-0.0992	0.0336	-0.2156
1099.0	12.186963	3.444291	11.407068	-8.189084850357395	9.004153611038745	-7.939502767322205	-0.0971	0.0331	-0.2178
1100.0	12.646071	3.7533060000000003	11.241279	-8.218755447641298	8.991936306274786	-7.944738755078188	-0.0948	0.0326	-0.2184
1101.0	13.097331	4.039758	11.082357	-8.253662032681184	9.004153611038745	-7.852236304722489	-0.0932	0.0339	-0.219
1102.0	13.221918000000002	3.836691	10.850841	-8.250171374177196	9.084438756630485	-7.822565707438585	-0.0921	0.0358	-0.2201
1103.0	12.674520000000001	3.8445390000000006	10.440783000000001	-8.265879337445146	9.169959889978207	-7.787659122398698	-0.0913	0.0374	-0.2211
1104.0	11.425707000000001	5.260122	10.275975	-8.265879337445146	9.169959889978207	-7.787659122398698	-0.091	0.0379	-0.2216
1105.0	10.68309	6.29802	10.491795	-8.454374896660532	9.30784090088576	-7.668976733263084	-0.0901	0.0381	-0.2217
1106.0	10.2024	6.561909000000001	10.662489	-8.475318847684465	9.2956235961218	-7.6585047577511185	-0.09	0.0377	-0.2219
1107.0	10.272051	6.712983	10.484928	-8.447393579652555	9.274679645097867	-7.67944870877505	-0.0895	0.0379	-0.2221
1108.0	10.421163	6.930765000000001	10.242621000000002	-8.384561726580758	9.257226352577923	-7.723081940074908	-0.0887	0.0382	-0.2225
1109.0	10.426068	6.913107	10.178856000000001	-8.342673824532895	9.19090384100214	-7.7510072081068175	-0.0882	0.0381	-0.2228
1110.0	10.366227	6.753204	10.198476000000001	-8.344419153784889	9.124581329426354	-7.7562431958628	-0.0876	0.0382	-0.2234
1111.0	10.342683000000001	6.673743000000001	10.226925	-8.353145800044862	9.087929415134475	-7.74402589109884	-0.0874	0.0386	-0.2236
1112.0	10.315215000000002	6.6649140000000004	10.243602000000001	-8.349655141540872	9.05825881785057	-7.752752537358812	-0.0873	0.0385	-0.2239
1113.0	10.286766	6.689439	10.273031999999999	-8.337437836776912	9.03382420832265	-7.747516549602828	-0.087	0.0384	-0.2239
1114.0	10.26126	6.735546	10.294614000000001	-8.353145800044862	9.035569537574645	-7.745771220350835	-0.0867	0.0376	-0.2239
1115.0	10.266165	6.6904200000000005	10.311291	-8.367108434060816	9.03382420832265	-7.709119306058954	-0.0871	0.0375	-0.2242
1116.0	10.275975	6.701211000000001	10.315215000000002	-8.372344421816798	9.049532171590599	-7.70388331830297	-0.0865	0.0383	-0.2243
1117.0	10.275975	6.805197000000001	10.302462	-8.375835080320787	9.070476122614531	-7.705628647554965	-0.0862	0.0378	-0.2243
1118.0	10.272051	6.937632000000001	10.257336000000002	-8.374089751068793	9.066985464110543	-7.6916660135390105	-0.0868	0.0366	-0.2242
1119.0	10.273031999999999	7.009245000000001	10.22202	-8.379325738824777	9.070476122614531	-7.688175355035022	-0.087	0.036	-0.2241
1120.0	10.277937000000001	7.032789	10.195533	-8.384561726580758	9.053022830094589	-7.684684696531034	-0.0875	0.0359	-0.224
1121.0	10.284804000000001	7.021998	10.162179	-8.379325738824777	9.053022830094589	-7.6829393672790385	-0.0873	0.0349	-0.2241
1122.0	10.284804000000001	6.995511	10.146483	-8.391543043588737	9.049532171590599	-7.684684696531034	-0.0874	0.0349	-0.2241
1123.0	10.285785	6.960195000000001	10.138635	-8.388052385084748	9.037314866826637	-7.681194038027045	-0.0865	0.0346	-0.2242
1124.0	10.281861000000001	6.907221	10.13373	-8.388052385084748	9.049532171590599	-7.684684696531034	-0.086	0.0344	-0.2242
1125.0	10.27107	6.862095	10.143540000000002	-8.389797714336742	9.03382420832265	-7.67944870877505	-0.0861	0.0345	-0.2241
1126.0	10.263222	6.836589	10.137654000000001	-8.388052385084748	9.051277500842593	-7.677703379523055	-0.0865	0.0338	-0.2241
1127.0	10.255374000000002	6.826779	10.121958000000001	-8.39677903134472	9.046041513086609	-7.672467391767073	-0.0865	0.0337	-0.2243
1128.0	10.249488	6.823836	10.116071999999999	-8.403760348352696	9.035569537574645	-7.663740745507101	-0.0867	0.0348	-0.2243
1129.0	10.242621000000002	6.833646	10.111167	-8.402015019100702	9.03382420832265	-7.6585047577511185	-0.0867	0.0351	-0.2242
1130.0	10.238697000000002	6.841494000000001	10.113128999999999	-8.403760348352696	9.025097562062678	-7.65501409924713	-0.0862	0.0348	-0.2241
1131.0	10.243602000000001	6.864057	10.1043	-8.415977653116657	9.03033354981866	-7.6585047577511185	-0.0862	0.0347	-0.224
1132.0	10.255374000000002	6.866019	10.08468	-8.40899633610868	9.02160690355869	-7.65501409924713	-0.0852	0.0341	-0.224
1133.0	10.27107	6.860133	10.072908	-8.424704299376629	9.044296183834616	-7.651523440743141	-0.0849	0.0342	-0.224
1134.0	10.274013	6.864057	10.081737	-8.426449628628623	9.05825881785057	-7.646287452987158	-0.0846	0.0355	-0.2241
1135.0	10.27107	6.85719	10.085661	-8.4334309456366	9.077457439622508	-7.642796794483169	-0.0846	0.0362	-0.2241
1136.0	10.264203	6.856209	10.087623	-8.440412262644578	9.065240134858547	-7.642796794483169	-0.0846	0.0363	-0.2241
1137.0	10.263222	6.850323	10.095471	-8.429940287132611	9.046041513086609	-7.621852843459237	-0.0853	0.0369	-0.2239
1138.0	10.268127	6.822855000000001	10.096452	-8.447393579652555	9.065240134858547	-7.628834160467215	-0.0847	0.0364	-0.224
1139.0	10.274994000000001	6.809121000000001	10.095471	-8.44913890890455	9.056513488598576	-7.621852843459237	-0.085	0.0365	-0.224
1140.0	10.276956000000002	6.807159	10.092528	-8.450884238156544	9.063494805606553	-7.634070148223197	-0.086	0.0368	-0.224
1141.0	10.274994000000001	6.793425	10.103319	-8.435176274888596	9.075712110370514	-7.630579489719208	-0.0856	0.0368	-0.2241
1142.0	10.266165	6.786558	10.120977000000002	-8.424704299376629	9.100146719898435	-7.646287452987158	-0.086	0.0377	-0.2242
1143.0	10.248507	6.779691000000001	10.143540000000002	-8.417722982368652	9.084438756630485	-7.63930613597918	-0.0867	0.0381	-0.2241
1144.0	10.244583	6.760071000000001	10.160217000000001	-8.39677903134472	9.054768159346581	-7.651523440743141	-0.0868	0.038	-0.224
1145.0	10.247526	6.7414320000000005	10.170027	-8.361872446304833	9.016370915802707	-7.632324818971203	-0.0862	0.0376	-0.2241
1146.0	10.244583	6.730641000000001	10.180818	-8.361872446304833	9.00589894029074	-7.623598172711231	-0.0861	0.0379	-0.2241
1147.0	10.239678000000001	6.704154000000001	10.188666	-8.35663645854885	8.991936306274786	-7.630579489719208	-0.0856	0.0383	-0.2243
1148.0	10.232811	6.701211000000001	10.198476000000001	-8.358381787800845	8.990190977022792	-7.628834160467215	-0.0858	0.039	-0.2242
1149.0	10.220058000000002	6.678648	10.219077	-8.321729873508964	8.955284391982905	-7.620107514207243	-0.0858	0.0392	-0.2244
1150.0	10.203381	6.663933	10.249488	-8.297295263981042	8.943067087218944	-7.616616855703254	-0.0859	0.0399	-0.2246
1151.0	10.177875000000002	6.646275	10.306386	-8.23969939866523	8.887216551155126	-7.6078902094432825	-0.0862	0.0403	-0.2244
1152.0	10.141578	6.599187	10.401543	-8.145451619057535	8.805186076311392	-7.618362184955249	-0.0867	0.0404	-0.2244
1153.0	10.103319	6.5736810000000006	10.482966000000001	-8.100073058505684	8.607963870836032	-7.611380867947272	-0.0873	0.0404	-0.2244
1154.0	10.057212	6.583491	10.573218	-8.019787912913944	8.529424054496289	-7.5817102706633674	-0.088	0.04	-0.224
1155.0	9.99639	6.584472000000001	10.700748	-7.9272854625582445	8.360127117052839	-7.555530331883452	-0.0892	0.0386	-0.2234
1156.0	9.937529999999999	6.5658330000000005	10.869480000000001	-7.841764329210523	8.166395570081468	-7.543313027119492	-0.09	0.0383	-0.2227
1157.0	9.861993000000002	6.5736810000000006	11.083338	-7.766715171374766	7.91332282854229	-7.517133088339577	-0.0918	0.0375	-0.2219
1158.0	9.749178	6.628617	11.346246	-7.83652834145454	7.600908892435305	-7.482226503299691	-0.094	0.037	-0.2209
1159.0	9.647154	6.617826	11.667033	-7.780677805390721	7.189011188964643	-7.468263869283736	-0.0955	0.0359	-0.2194
1160.0	9.533358	6.5785860000000005	11.998611000000002	-7.672467391767073	6.97782634947333	-7.424630637983878	-0.097	0.0351	-0.2175
1161.0	9.389151	6.628617	12.289968	-7.625343501963226	6.475171524898963	-7.2954762733362974	-0.1006	0.0339	-0.2152
1162.0	9.245925	6.766938	12.5568	-7.604399550939293	5.918411493512772	-7.084291433844983	-0.1042	0.0329	-0.2121
1163.0	9.09387	6.948423000000001	12.843252	-7.574728953655391	5.28485697503883	-6.8155107290378565	-0.109	0.0319	-0.2083
1164.0	8.944758	7.209369000000001	13.150305000000001	-7.576474282907385	4.598942579005058	-6.419320988835144	-0.1141	0.0314	-0.2037
1165.0	8.867259	7.587054	13.476977999999999	-7.576474282907385	3.7803831598197175	-6.000441968356506	-0.1193	0.032	-0.198
1166.0	8.960454	8.046162	13.751658	-7.557275661135447	2.935643801854462	-5.834635689417044	-0.1262	0.0324	-0.191
1167.0	9.300861000000001	8.546472	13.936086000000001	-7.557275661135447	2.530727415391778	-5.532693728822025	-0.1337	0.0325	-0.1823
1168.0	9.836487	8.940834	14.095989000000001	-7.487462491055674	1.9268434942017398	-5.370378108386552	-0.1411	0.0329	-0.1722
1169.0	10.36917	9.295956	14.197032000000002	-7.265805676052394	1.4695672301792255	-5.239478414486977	-0.1503	0.0355	-0.1604
1170.0	11.318778	9.815885999999999	14.191146000000002	-7.5398223686155035	0.9965830028887622	-4.974188368183839	-0.1599	0.0373	-0.1466
1171.0	13.590774	9.979713000000002	14.254911000000002	-7.44557458900781	0.921533845053006	-5.323254218582705	-0.169	0.0406	-0.1313
1172.0	15.954003000000002	10.394676000000002	14.409909000000003	-7.328637529124189	2.0839231268812295	-5.605997557405786	-0.1777	0.0444	-0.1149
1173.0	17.590311	10.836126	14.836644	-7.251843042036439	3.1922072018976286	-5.691518690753509	-0.1856	0.0483	-0.0976
1174.0	18.074925	11.047041000000002	15.390909	-6.9254664719134995	3.7000980142279785	-5.742133239061344	-0.1929	0.0538	-0.0802
1175.0	17.319555	11.233431000000001	15.662646	-6.6811203766342935	4.372049776245795	-5.1399946471233005	-0.1996	0.0595	-0.0626
1176.0	16.502382	11.368809	15.185880000000001	-7.272786993060371	4.134684997974567	-4.026474584350918	-0.2044	0.0651	-0.045
1177.0	16.300296	11.070585000000001	14.910219000000001	-7.351326809400116	4.351105825221864	-4.886921905584122	-0.208	0.0731	-0.0282
1178.0	16.495515	11.080395	15.06816	-7.454301235267782	6.501351463678877	-5.724679946541401	-0.21	0.0806	-0.0129
1179.0	16.524945000000002	11.205963000000002	15.235911	-7.54680368562348	8.843583319855268	-6.822492046045833	-0.211	0.0869	0.0003
1180.0	15.371289	11.171628	15.171165	-7.810348402674625	10.293951928262555	-7.2972216025882926	-0.2112	0.0946	0.0106
1181.0	12.486168	11.394315	14.815062000000001	-8.166395570081468	10.672688375945325	-7.96568270610212	-0.2095	0.1012	0.0181
1182.0	9.484308	11.199096	14.235291000000002	-8.47357351843247	10.964158361028378	-8.480554835440447	-0.2084	0.1065	0.0233
1183.0	7.27902	10.861632	13.276854	-8.73537290623162	10.913543812720542	-8.901179185171081	-0.2069	0.1117	0.0262
1184.0	6.287229000000001	10.593819000000002	12.094749000000002	-8.955284391982905	10.918779800476527	-9.234537072301999	-0.2058	0.1145	0.0272
1185.0	6.608997	10.171989	11.169666000000001	-9.068730793362537	11.0182635678402	-9.545205679156988	-0.2047	0.1166	0.0265
1186.0	6.981777	9.661869000000001	11.041155	-9.08618408588248	11.33242283319918	-9.68308669006454	-0.2039	0.1184	0.0237
1187.0	6.595263	9.492156000000001	10.808658	-9.068730793362537	11.55757030670645	-9.913470151327791	-0.2032	0.1168	0.0193
1188.0	5.731002000000001	9.045801	10.173950999999999	-9.00589894029074	12.086405070060732	-10.025171223455429	-0.2031	0.1149	0.0136
1189.0	5.116896	8.599446	9.520605000000002	-8.96924702599886	12.671090369478833	-10.025171223455429	-0.2024	0.1124	0.0067
1190.0	5.322906	8.199198	9.161559	-9.00938959879473	13.295918241692801	-9.930923443847735	-0.2026	0.1087	-0.0008
1191.0	5.992929	7.827399000000001	9.019314	-9.018116245054701	13.79857306626717	-9.759881177152291	-0.2032	0.1042	-0.0088
1192.0	6.713964000000001	7.578225	8.96634	-8.97797367225883	14.166837538437974	-9.560913642424936	-0.2023	0.0995	-0.0179
1193.0	7.402626000000001	7.380063	9.019314	-8.925613794699	14.398966328953218	-9.468411192069238	-0.2021	0.0952	-0.0276
1194.0	8.102079	7.238799	9.147825000000001	-8.766788832767517	14.456562194269031	-9.31656754714573	-0.2006	0.0905	-0.0385
1195.0	8.75052	7.187787	9.295956	-8.532914713000277	14.545573986120742	-9.245009047813964	-0.1981	0.0854	-0.0502
1196.0	9.343044	7.226046000000001	9.457821000000001	-8.293804605477053	14.64505775348442	-9.262462340333908	-0.1957	0.08	-0.063
1197.0	9.912024	7.3565190000000005	9.621648	-8.112290363269643	14.723597569824165	-9.330530181161686	-0.1913	0.0756	-0.0766
1198.0	10.461384	7.571358000000001	9.784494	-8.049458510197848	14.795156069155933	-9.412560656005418	-0.1871	0.0711	-0.0907
1199.0	10.942074	7.7989500000000005	10.034649	-7.988371986378046	14.840534629707783	-9.515535081873086	-0.1819	0.0662	-0.1049
1200.0	11.407068	7.9411950000000004	10.412334	-7.91332282854229	14.74977750860408	-9.569640288684909	-0.1752	0.061	-0.1193
1201.0	11.926998000000001	8.009865	10.970523000000002	-7.684684696531034	14.695672301792255	-9.71973860435642	-0.1675	0.0558	-0.134
1202.0	12.614679	8.0442	11.704311	-7.461282552275759	14.470524828284987	-9.913470151327791	-0.1592	0.0509	-0.1478
1203.0	13.483845	8.098155	12.570534000000002	-7.360053455660087	14.264575976549654	-10.101965710543178	-0.1488	0.0452	-0.1615
1204.0	14.563926	8.081478	13.543686000000001	-7.367034772668066	14.114477660878144	-10.334094501058425	-0.1382	0.0404	-0.1746
1205.0	15.964794000000001	7.989264	14.579622	-7.5153877590875835	14.06037245406632	-10.547024669801733	-0.1273	0.0353	-0.1867
1206.0	17.715879	7.931385000000001	15.560622000000002	-7.70388331830297	14.222688074501791	-10.590657901101592	-0.1147	0.0296	-0.1983
1207.0	19.65924	7.8499620000000006	16.338555	-8.306021910241014	14.397220999701224	-10.510372755509854	-0.1016	0.0245	-0.2089
1208.0	21.54276	7.576263	16.803549	-8.916887148439029	14.833553312699806	-10.238101392198738	-0.0879	0.0192	-0.2186
1209.0	23.408622	7.166205000000001	16.81434	-9.435249936281346	15.166911199830723	-9.77558914042024	-0.0725	0.0152	-0.2274
1210.0	25.227396000000002	6.772824000000001	16.187481	-9.951867394871668	15.048228810695111	-9.21533845053006	-0.0564	0.0119	-0.2349
1211.0	26.742060000000002	6.971967	14.634558	-10.634291132401449	14.276793281313616	-7.9272854625582445	-0.0411	0.0092	-0.2415
1212.0	28.337166	6.646275	12.228165	-9.43699526553334	13.491395117916168	-6.7317349249421286	-0.0263	0.0081	-0.2477
1213.0	29.723319000000004	5.274837	9.306747	-7.976154681614086	12.906709818498067	-6.396631708559218	-0.0117	0.0078	-0.2527
1214.0	30.820077000000005	4.01229	5.9634990000000005	-5.073672135547516	12.479104151759456	-5.811946409141117	0.0028	0.0075	-0.2567
1215.0	31.431240000000003	3.478626	2.508417	-4.39822971502571	11.316714869931232	-5.187118536927147	0.017	0.0064	-0.2605
1216.0	31.40181	3.3324570000000002	-0.523854	-5.5955255818938205	9.920451468335768	-4.857251308300219	0.0293	0.0054	-0.2632
1217.0	30.287394000000003	4.017195	-2.400507	-10.555751316061704	8.51371609122834	-5.1399946471233005	0.0392	0.0034	-0.2652
1218.0	27.858438	6.04296	-2.457405	-12.063715789784807	6.6305058283264575	-4.359832471481836	0.0467	0.0033	-0.2663
1219.0	24.884046	7.016112	-1.780515	-11.187560505283653	6.3529984772593595	-5.834635689417044	0.0506	0.0033	-0.2676
1220.0	22.398192	6.554061000000001	-1.2527370000000002	-10.285225282002584	6.4629542201350025	-6.859143960337716	0.0521	0.0051	-0.2686
1221.0	20.327301	5.711382	-0.42084900000000003	-9.101892049150429	5.963790054064624	-8.424704299376629	0.0518	0.0065	-0.2689
1222.0	18.364320000000003	5.9173919999999995	1.506816	-8.923868465447008	5.0474921967676005	-8.522442737488312	0.0497	0.0075	-0.2686
1223.0	16.76529	6.572700000000001	4.195737	-8.660323748395863	4.7699848457005025	-7.922049474802262	0.0446	0.0081	-0.2675
1224.0	15.231006	6.973929	7.252533	-8.55036800552022	5.2743849995268635	-6.829473363053812	0.0371	0.0092	-0.2665
1225.0	13.630995	6.763995	10.227906	-8.349655141540872	5.972516700324595	-6.274458660919615	0.0277	0.0127	-0.2649
1226.0	12.229146	6.9651	12.613698000000001	-8.2798419714611	6.435028952103093	-6.578145950766627	0.0181	0.016	-0.2629
1227.0	12.127122	7.515441	13.810518	-9.077457439622508	6.700318998406231	-6.698573669154237	0.008	0.0207	-0.2611
1228.0	12.913884000000001	6.143022	13.298436	-9.236282401553993	7.000515629749256	-7.03018622703316	-0.0011	0.0244	-0.2598
1229.0	13.757544000000001	4.946202	12.609774000000002	-8.939576428714958	7.49793446656764	-7.098254067860938	-0.0097	0.0277	-0.2573
1230.0	14.319657000000001	5.227749000000001	12.568572	-8.635889138867944	7.620107514207243	-7.182029871956666	-0.017	0.0299	-0.2549
1231.0	14.735601	5.929164000000001	12.863853	-8.637634468119936	8.004079949645996	-7.382742735936014	-0.0241	0.0325	-0.2523
1232.0	14.651235000000002	6.1459649999999995	12.750057000000002	-8.662069077647859	8.28856861772107	-7.454301235267782	-0.0304	0.0347	-0.2502
1233.0	14.200956000000001	6.6394079999999995	12.319398000000001	-8.60621854158404	8.47357351843247	-7.483971832551685	-0.0353	0.0366	-0.249
1234.0	13.6359	7.445790000000001	11.769057	-8.524188066740304	8.576547944300135	-7.527605063851544	-0.0393	0.0391	-0.2476
1235.0	13.177773	8.327709	11.272671	-8.511970761976345	8.738863564735608	-7.553785002631458	-0.042	0.041	-0.2469
1236.0	12.712779000000001	8.27964	10.955808000000001	-8.515461420480333	8.813912722571365	-7.557275661135447	-0.0453	0.0433	-0.2458
1237.0	11.768076	7.002378	10.82043	-8.494517469456401	8.90466984367507	-7.574728953655391	-0.0474	0.0453	-0.2448
1238.0	11.235393	6.434379000000001	10.833183000000002	-8.478809506188453	8.962265708990882	-7.597418233931316	-0.0485	0.047	-0.2441
1239.0	11.188305000000001	6.830703000000001	10.66347	-8.450884238156544	8.997172294030769	-7.618362184955249	-0.0498	0.049	-0.2436
1240.0	10.953846	7.212312	10.529073	-8.440412262644578	9.016370915802707	-7.628834160467215	-0.0512	0.0496	-0.2426
1241.0	10.650717000000002	7.049466000000001	10.499643	-8.407251006856685	9.040805525330628	-7.63930613597918	-0.0514	0.0501	-0.2426
1242.0	10.446669	6.897411	10.476099000000001	-8.388052385084748	9.053022830094589	-7.62708883121522	-0.0517	0.0509	-0.2424
1243.0	10.226925	7.0632	10.368189	-8.388052385084748	9.004153611038745	-7.597418233931316	-0.0519	0.051	-0.2422
1244.0	10.052307	7.129908	10.295595000000002	-8.391543043588737	8.988445647770797	-7.566002307395419	-0.052	0.051	-0.2415
1245.0	9.930663000000001	7.050447	10.259298000000001	-8.438666933392584	8.915141819187035	-7.52236907609556	-0.0522	0.0506	-0.2412
1246.0	9.80019	7.064181	10.206324	-8.463101542920503	8.857545953871222	-7.5066611128276115	-0.0516	0.0514	-0.2419
1247.0	9.715824	7.097535000000001	10.154330999999999	-8.539896030008254	8.782496796035467	-7.499679795819634	-0.0516	0.0516	-0.242
1248.0	9.651078	7.121079	10.107243	-8.614945187844011	8.754571528003558	-7.499679795819634	-0.0518	0.0517	-0.2418
1249.0	9.808038000000002	7.140699000000001	10.137654000000001	-8.571311956544152	8.689994345679766	-7.597418233931316	-0.0525	0.0515	-0.2419
1250.0	9.817848	7.08282	10.138635	-8.536405371504266	8.79645943005142	-7.61487152645126	-0.0525	0.0524	-0.2424
1251.0	9.871803	7.080858	10.138635	-8.518952078984324	8.812167393319369	-7.6497781114911465	-0.0538	0.0535	-0.2419
1252.0	9.944397	7.0465230000000005	10.132749	-8.491026810952413	8.848819307611251	-7.670722062515078	-0.0542	0.0541	-0.2416
1253.0	10.040535000000002	6.971967	10.137654000000001	-8.48579082319643	8.881980563399143	-7.67944870877505	-0.0551	0.0554	-0.2412
1254.0	10.139616000000002	6.90624	10.147464000000001	-8.463101542920503	8.873253917139172	-7.67944870877505	-0.0552	0.0562	-0.241
1255.0	10.227906	6.871905000000001	10.159236000000002	-8.440412262644578	8.901179185171081	-7.677703379523055	-0.0557	0.0569	-0.2406
1256.0	10.330911	6.82776	10.177875000000002	-8.4334309456366	8.946557745722934	-7.660250087003112	-0.0565	0.0572	-0.2397
1257.0	10.390751999999999	6.772824000000001	10.199457	-8.395033702092725	8.979719001510826	-7.6585047577511185	-0.057	0.0574	-0.2399
1258.0	10.439802	6.7414320000000005	10.218096000000001	-8.360127117052839	9.002408281786751	-7.665486074759095	-0.0575	0.0578	-0.2393
1259.0	10.280880000000002	6.757128	10.154330999999999	-8.339183166028906	9.004153611038745	-7.661995416255107	-0.0573	0.0588	-0.2387
1260.0	10.267146	6.8454180000000004	10.122939	-8.337437836776912	9.051277500842593	-7.656759428499123	-0.0576	0.0584	-0.2389
1261.0	10.235754000000002	6.854247	10.115091	-8.344419153784889	9.051277500842593	-7.634070148223197	-0.058	0.0582	-0.2387
1262.0	10.226925	6.8709240000000005	10.124901000000001	-8.351400470792868	9.103637378402423	-7.620107514207243	-0.0588	0.0576	-0.2394
1263.0	10.211229	6.895449	10.139616000000002	-8.36885376331281	9.1106186954104	-7.61487152645126	-0.0582	0.0578	-0.239
1264.0	10.208286000000001	6.9091830000000005	10.161198	-8.375835080320787	9.108873366158406	-7.620107514207243	-0.0587	0.0582	-0.2396
1265.0	10.201419000000001	6.901335	10.181799000000002	-8.389797714336742	9.094910732142452	-7.606144880191288	-0.0597	0.0589	-0.2395
1266.0	10.188666	6.885639	10.203381	-8.382816397328765	9.108873366158406	-7.604399550939293	-0.0593	0.0583	-0.24
1267.0	10.183761	6.873867000000001	10.229868	-8.384561726580758	9.079202768874502	-7.6026542216873	-0.0592	0.0584	-0.2395
1268.0	10.177875000000002	6.863076	10.26126	-8.377580409572781	9.075712110370514	-7.600908892435305	-0.0587	0.0582	-0.239
1269.0	10.160217000000001	6.8532660000000005	10.306386	-8.349655141540872	9.05825881785057	-7.597418233931316	-0.0586	0.0578	-0.239
1270.0	10.147464000000001	6.8787720000000006	10.366227	-8.30427658098902	9.012880257298717	-7.6026542216873	-0.059	0.0578	-0.2388
1271.0	10.126863	6.923898	10.427049	-8.278096642209105	8.955284391982905	-7.576474282907385	-0.0591	0.0582	-0.2386
1272.0	10.077813	6.9700050000000005	10.502586	-8.250171374177196	8.859291283123218	-7.5241144053475555	-0.0595	0.0589	-0.2378
1273.0	10.054269	6.9523470000000005	10.578123000000001	-8.225736764649275	8.705702308947716	-7.517133088339577	-0.0598	0.0584	-0.2384
1274.0	10.033668	6.842475	10.704672	-8.087855753741723	8.62716249260797	-7.5241144053475555	-0.0602	0.058	-0.2378
1275.0	9.992466	6.773805	10.896948	-7.88888821901437	8.461356213668509	-7.517133088339577	-0.0601	0.0572	-0.2375
1276.0	9.951264	6.705135	11.092167000000002	-7.88888821901437	8.461356213668509	-7.517133088339577	-0.0608	0.0577	-0.237
1277.0	9.852183	6.732603	11.338398	-7.737044574090863	7.92903079181024	-7.4385932719998324	-0.0616	0.0579	-0.2361
1278.0	9.700128000000001	6.752223000000001	11.646432	-7.733553915586874	7.597418233931316	-7.421139979479889	-0.0637	0.0578	-0.2368
1279.0	9.529434	6.716907	12.0663	-7.705628647554965	7.157595262428746	-7.372270760424048	-0.0657	0.0575	-0.2363
1280.0	9.278298	6.739470000000001	12.545028	-7.616616855703254	6.564183316750674	-7.305948248848264	-0.0681	0.057	-0.2346
1281.0	8.984979000000001	6.868962000000001	12.99825	-7.555530331883452	6.187192198319898	-7.108726043372904	-0.0714	0.0553	-0.2328
1282.0	8.706375	6.978834000000001	13.476977999999999	-7.5642569781434235	5.38957673015849	-6.8329640215578005	-0.0747	0.0544	-0.2305
1283.0	8.400303	7.174053	13.967478	-7.5485490148754755	4.487241506877422	-6.497860805174889	-0.0803	0.0542	-0.2265
1284.0	8.169768	7.538985	14.383422	-7.592182246175334	3.4627332359567498	-6.070255138436278	-0.087	0.0534	-0.2217
1285.0	8.121699	7.97553	14.755221	-7.642796794483169	2.4068090385001804	-5.705481324769463	-0.0955	0.0532	-0.2158
1286.0	8.333595	8.577864	15.192747	-7.871434926494426	1.4119713648634127	-5.3843407424025065	-0.105	0.0535	-0.208
1287.0	8.844696	9.244944	15.590052	-8.012806595905968	0.6475171524898963	-5.223770451219028	-0.1148	0.0543	-0.1987
1288.0	9.462726	10.032687	15.842169	-8.152432936065514	0.3455751918948773	-4.714134309636685	-0.1258	0.0566	-0.1865
1289.0	10.961694	11.160837	15.800967000000002	-9.382890058721516	-0.2827433388230814	-3.7576938795437917	-0.1376	0.0594	-0.1722
1290.0	13.412232000000001	11.927979	15.917706	-10.473720841217972	-0.17627825445142728	-3.818780403363593	-0.1488	0.0637	-0.1562
1291.0	15.657741000000001	12.496959	16.279695	-10.0653137962513	1.5166911199830724	-4.429645641561609	-0.1584	0.0704	-0.1385
1292.0	17.912079000000002	13.081635	16.595577000000002	-10.0653137962513	1.5166911199830724	-4.429645641561609	-0.168	0.0764	-0.1212
1293.0	17.798283	13.821309000000001	17.139051000000002	-9.00589894029074	3.2498030672134415	-5.000368306963754	-0.1763	0.0835	-0.1012
1294.0	16.732917	14.160735	16.856523	-8.890707209659114	3.824016391119576	-4.571017310973149	-0.1832	0.0916	-0.0814
1295.0	15.505686	14.382441	16.555356	-8.890707209659114	3.824016391119576	-4.571017310973149	-0.1882	0.0991	-0.0627
1296.0	16.303239	14.265702000000001	17.014464	-7.07032879982903	6.077236455444256	-6.904522520889568	-0.1916	0.107	-0.0448
1297.0	15.759765000000002	14.222538	17.1675	-7.232644420264501	9.089674744386468	-7.864453609486449	-0.1936	0.1145	-0.0289
1298.0	14.216652000000002	14.252949000000001	16.943832	-7.840018999958528	10.578440596337632	-8.311257897996997	-0.1943	0.1215	-0.0168
1299.0	11.778867000000002	13.903713000000002	16.704468000000002	-8.536405371504266	10.951941056264419	-8.44913890890455	-0.1935	0.1271	-0.0076
1300.0	8.702451	13.613337	16.131564	-8.751080869499567	10.934487763744475	-8.571311956544152	-0.1929	0.1308	-0.0012
1301.0	6.0674850000000005	13.205241000000001	15.252588000000001	-8.930849782454985	10.971139678036357	-8.925613794699	-0.1924	0.1328	0.0023
1302.0	3.578688	12.662748	14.353992000000002	-8.883725892651137	11.280062955639352	-9.391616704981487	-0.1914	0.1343	0.0053
1303.0	3.5777070000000006	11.915225999999999	13.228785	-8.791223442295438	11.83158699926956	-9.861110273767961	-0.1907	0.135	0.0032
1304.0	4.519467000000001	11.480642999999999	12.950181	-8.7720248205235	12.466886846995495	-10.180505526882923	-0.19	0.1339	-0.0003
1305.0	5.491638	11.063718	12.632337000000001	-8.881980563399143	13.030628195389665	-10.344566476570392	-0.1888	0.1317	-0.005
1306.0	4.22811	10.84005	11.455137	-9.063494805606553	13.446016557364315	-10.353293122830364	-0.1886	0.1281	-0.0115
1307.0	4.1329530000000005	10.380942000000001	10.554579000000002	-9.155997255962253	13.777629115243236	-10.325367854798454	-0.1888	0.1237	-0.0198
1308.0	5.084523	9.701109	10.106262000000001	-9.314822217893738	13.912019467646802	-10.220648099678794	-0.1876	0.1187	-0.0278
1309.0	6.151851000000001	9.041877	9.851202	-9.314822217893738	14.110987002374154	-10.091493735031214	-0.1866	0.1129	-0.0371
1310.0	7.045542	8.543529000000001	9.717786	-9.136798634190315	14.30297322009353	-9.978047333651583	-0.1855	0.1076	-0.0477
1311.0	7.855848	8.196255	9.705033	-8.831366015091307	14.458307523521025	-9.875072907783915	-0.1833	0.1023	-0.0588
1312.0	8.580807	8.042238	9.758988	-8.571311956544152	14.550809973876726	-9.702285311836478	-0.181	0.0972	-0.0711
1313.0	9.264564	7.978473000000001	9.850221000000001	-8.484045493944436	14.624113802460487	-9.57836693494488	-0.1775	0.0909	-0.083
1314.0	9.988542	7.958853	10.022877000000001	-8.35663645854885	14.727088228328151	-9.52949771588904	-0.173	0.0853	-0.096
1315.0	10.756665000000002	7.931385000000001	10.334835000000002	-8.248426044925202	14.79864672765992	-9.515535081873086	-0.1676	0.0796	-0.1094
1316.0	11.560103999999999	7.900974000000001	10.788057	-8.10705437551366	14.873695885495676	-9.58709358120485	-0.1609	0.0747	-0.1243
1317.0	12.378258	7.904898	11.395296	-7.956956059842148	14.920819775299522	-9.707521299592461	-0.1528	0.0691	-0.1387
1318.0	13.26312	7.990245000000001	12.143799000000001	-7.883652231258386	14.88765851951163	-9.869836920027934	-0.1433	0.0629	-0.1523
1319.0	14.30298	8.211951	13.008060000000002	-7.885397560510381	14.844025288211773	-10.053096491487338	-0.1323	0.0578	-0.1656
1320.0	15.585147000000001	8.444448000000001	13.940010000000001	-7.885397560510381	14.864969239235705	-10.17876019763093	-0.1195	0.0522	-0.1777
1321.0	17.151804000000002	8.644572	14.885694	-7.853981633974483	14.88765851951163	-10.498155450745893	-0.1059	0.0456	-0.1895
1322.0	19.077507	8.746596	15.736221000000002	-7.885397560510381	14.999359591639267	-10.766936155553019	-0.0916	0.0393	-0.1993
1323.0	21.026754000000004	8.748558000000001	16.316973	-8.115781021773632	15.193091138610638	-10.796606752836922	-0.0762	0.0334	-0.2101
1324.0	22.870053000000002	8.665173	16.450389	-8.431685616384607	15.428710587629872	-10.482447487477943	-0.0599	0.0274	-0.2193
1325.0	24.638796000000003	8.503308	16.054065	-8.696975662687745	15.542156989009504	-9.979792662903575	-0.0433	0.0223	-0.2274
1326.0	26.215263	8.636724	14.994585	-9.43350460702935	15.114551322270893	-9.143779951198292	-0.0263	0.0172	-0.2331
1327.0	27.796635000000002	8.642610000000001	13.137552	-9.688322677820524	13.936454077174721	-8.517206749732328	-0.0088	0.0136	-0.2376
1328.0	29.230857	7.644933	10.638945000000001	-8.689994345679766	13.388420692048502	-7.611380867947272	0.008	0.0108	-0.2416
1329.0	30.433563000000003	6.164604	7.620408000000001	-6.2936572826915524	12.562879955855184	-7.007496946757233	0.0234	0.0088	-0.2442
1330.0	31.334121000000003	5.085504	4.295799000000001	-4.965461721923868	11.868238913561441	-6.389650391551241	0.0378	0.0062	-0.2464
1331.0	31.85307	4.511619	1.03986	-5.501277802286126	11.01302758008422	-5.883504908472886	0.0504	0.0032	-0.2475
1332.0	31.736331000000003	4.34583	-1.7756100000000001	-7.517133088339577	9.779079798924228	-5.635668154689689	0.0616	-0.0003	-0.249
1333.0	29.958759	6.100839000000001	-2.977335	-12.98001364708183	8.213519459885315	-4.0631264986427995	0.0707	-0.0033	-0.2493
1334.0	26.52624	7.266267000000001	-2.86452	-12.967796342317868	5.295328950550796	-4.157374278250493	0.0766	-0.0047	-0.2494
1335.0	23.796117000000002	7.093611	-1.864881	-12.103858362580675	5.550147021341968	-5.433209961458348	0.08	-0.0043	-0.2491
1336.0	21.955761000000003	5.115915	-1.307673	-9.697049324080496	5.618214862169746	-8.059930485709813	0.0813	-0.0027	-0.2488
1337.0	20.196828000000004	4.373298	0.08436600000000001	-8.583529261308113	4.942772441647941	-8.94132175796695	0.0788	-0.0017	-0.2485
1338.0	18.574254	4.559688	2.552562	-8.578293273552129	4.447098934081552	-7.777187146886733	0.0736	-0.0006	-0.2482
1339.0	17.149842	4.470417	5.623092000000001	-8.306021910241014	4.742059577668593	-6.375687757535286	0.0671	-0.0006	-0.2479
1340.0	15.736221000000002	4.491999	8.777007000000001	-8.21526478913731	5.468116546498234	-5.700245337013481	0.0584	0.001	-0.2473
1341.0	14.391270000000002	5.397462000000001	11.409030000000001	-8.145451619057535	6.161012259539984	-6.072000467688272	0.0491	0.004	-0.2468
1342.0	13.178754	7.099497	13.418118	-9.03382420832265	6.398377037811213	-6.747442888210078	0.0391	0.0077	-0.2458
1343.0	13.438718999999999	5.629959	14.065578	-9.328784851909692	6.583381938522611	-7.1104713726248985	0.0288	0.0116	-0.2444
1344.0	14.800347	3.65913	13.909599	-8.826130027335324	7.05462083656108	-7.134905982152819	0.0189	0.0147	-0.2429
1345.0	15.390909	3.6140040000000004	13.149324000000002	-8.594001236820079	7.351326809400116	-7.173303225696695	0.0099	0.0163	-0.241
1346.0	15.199614000000002	5.062941	13.387707	-8.594001236820079	7.351326809400116	-7.173303225696695	0.0016	0.0163	-0.2392
1347.0	14.957307	5.777109	13.359258	-8.803440747059398	7.70388331830297	-7.400196028455957	-0.0054	0.0177	-0.2374
1348.0	14.507028	6.234255	12.83148	-8.693485004183756	7.822565707438585	-7.370525431172054	-0.0111	0.0183	-0.2356
1349.0	14.001813	7.657686	12.008421	-8.696975662687745	8.000589291142006	-7.407177345463934	-0.0169	0.02	-0.2338
1350.0	13.191507000000001	8.530776000000001	11.314854	-8.665559736151847	8.271115325201126	-7.4385932719998324	-0.0215	0.0209	-0.232
1351.0	12.403764	8.00496	11.033307	-8.60272788308005	8.326965861264947	-7.424630637983878	-0.0253	0.0233	-0.2306
1352.0	11.747475000000001	6.301944	10.982295	-8.508480103472357	8.461356213668509	-7.471754527787725	-0.0283	0.0249	-0.2294
1353.0	11.149065000000002	5.872266000000001	10.903815	-8.388052385084748	8.634143809615948	-7.5066611128276115	-0.0311	0.026	-0.2281
1354.0	11.123559	6.5736810000000006	10.686033	-8.325220532012953	8.803440747059398	-7.532841051607527	-0.0333	0.0276	-0.2271
1355.0	11.127483000000002	6.757128	10.598724	-8.237954069413236	8.871508587887178	-7.56251164889143	-0.0352	0.029	-0.2262
1356.0	11.110806	6.987663	10.502586	-8.213519459885315	8.976228343006836	-7.583455599915362	-0.0365	0.0302	-0.2254
1357.0	10.963656	6.823836	10.490814	-8.220500776893292	9.019861574306693	-7.600908892435305	-0.0386	0.0303	-0.2249
1358.0	10.861632	6.957252	10.387809	-8.248426044925202	9.032078879070655	-7.609635538695277	-0.04	0.0308	-0.2243
1359.0	10.603629	6.8405130000000005	10.361322000000001	-8.281587300713094	9.053022830094589	-7.613126197199265	-0.0402	0.031	-0.2241
1360.0	10.637964	6.81795	10.325025	-8.29554993472905	9.049532171590599	-7.611380867947272	-0.0398	0.0313	-0.2238
1361.0	10.578123000000001	6.882696	10.268127	-8.33220184902093	9.051277500842593	-7.6026542216873	-0.0404	0.0305	-0.2234
1362.0	10.471193999999999	6.953328	10.215152999999999	-8.370599092564804	9.06174947635456	-7.592182246175334	-0.0408	0.0309	-0.2232
1363.0	10.405467	7.028865000000001	10.162179	-8.391543043588737	9.070476122614531	-7.595672904679322	-0.0415	0.0308	-0.2232
1364.0	10.325025	7.097535000000001	10.112148	-8.389797714336742	9.077457439622508	-7.616616855703254	-0.0407	0.0305	-0.2231
1365.0	10.284804000000001	7.148547000000001	10.078794000000002	-8.400269689848708	9.075712110370514	-7.635815477475192	-0.0406	0.0305	-0.2232
1366.0	10.258317000000002	7.15149	10.053288	-8.39677903134472	9.077457439622508	-7.6497781114911465	-0.0404	0.0308	-0.2231
1367.0	10.245564	7.157376	10.026801	-8.407251006856685	9.072221451866524	-7.65501409924713	-0.0403	0.0313	-0.2233
1368.0	10.230849	7.152471	10.023858	-8.402015019100702	9.075712110370514	-7.656759428499123	-0.0407	0.0313	-0.2234
1369.0	10.224963	7.119117	10.016990999999999	-8.412486994612669	9.07396678111852	-7.65501409924713	-0.0419	0.0318	-0.2235
1370.0	10.225944	7.078896	10.031706	-8.419468311620646	9.075712110370514	-7.6585047577511185	-0.0427	0.0321	-0.2238
1371.0	10.229868	7.027884000000001	10.049364	-8.415977653116657	9.075712110370514	-7.65501409924713	-0.0422	0.0327	-0.224
1372.0	10.226925	6.993549	10.066041	-8.436921604140588	9.049532171590599	-7.653268769995135	-0.0418	0.0329	-0.2242
1373.0	10.216134000000002	6.98472	10.076832	-8.436921604140588	9.054768159346581	-7.642796794483169	-0.0408	0.0337	-0.2245
1374.0	10.198476000000001	6.986682000000001	10.08468	-8.442157591896573	9.068730793362537	-7.637560806727186	-0.0421	0.0349	-0.2248
1375.0	10.181799000000002	7.00434	10.088604	-8.452629567408538	9.066985464110543	-7.628834160467215	-0.0422	0.0352	-0.2249
1376.0	10.177875000000002	7.012188	10.103319	-8.428194957880617	9.05825881785057	-7.634070148223197	-0.0433	0.0355	-0.2254
1377.0	10.165122	7.00434	10.127844	-8.419468311620646	9.037314866826637	-7.635815477475192	-0.0428	0.036	-0.2254
1378.0	10.157274000000001	6.9906060000000005	10.156293000000002	-8.400269689848708	9.011134928046722	-7.642796794483169	-0.0423	0.0365	-0.2256
1379.0	10.149426	6.983739	10.205343000000001	-8.374089751068793	8.967501696746865	-7.632324818971203	-0.0422	0.0362	-0.2257
1380.0	10.144521000000001	6.9778530000000005	10.242621000000002	-8.351400470792868	8.92037780694302	-7.642796794483169	-0.0421	0.0365	-0.2258
1381.0	10.138635	6.961176	10.281861000000001	-8.328711190516941	8.857545953871222	-7.642796794483169	-0.0426	0.036	-0.2258
1382.0	10.129806	6.942537000000001	10.33974	-8.306021910241014	8.836602002847291	-7.641051465231175	-0.0429	0.0358	-0.226
1383.0	10.093509	6.899373000000001	10.453536000000001	-8.161159582325485	8.751080869499567	-7.613126197199265	-0.0437	0.0354	-0.226
1384.0	10.072908	6.8709240000000005	10.581066	-8.047713180945854	8.62716249260797	-7.5904369169233386	-0.043	0.0343	-0.2259
1385.0	10.042497000000001	6.855228	10.715463000000002	-7.951720072086165	8.447393579652555	-7.560766319639435	-0.0432	0.0341	-0.2259
1386.0	9.994428	6.81795	10.856727000000001	-7.852236304722489	8.286823288469076	-7.541567697867499	-0.043	0.0337	-0.2257
1387.0	9.938511	6.755166	11.024478	-7.7841684638947095	8.11054503401765	-7.536331710111515	-0.0442	0.0333	-0.2255
1388.0	9.85905	6.724755	11.206944000000002	-7.684684696531034	7.981390669370069	-7.511897100583594	-0.0457	0.0325	-0.2249
1389.0	9.743292	6.753204	11.435517	-7.653268769995135	7.663740745507101	-7.4560465645197755	-0.0465	0.0324	-0.2242
1390.0	9.595161000000001	6.842475	11.703330000000001	-7.660250087003112	7.2972216025882926	-7.347836150896128	-0.0482	0.0323	-0.2232
1391.0	9.446049	6.941556	11.994686999999999	-7.5991635631833105	6.862634618841704	-7.230899091012508	-0.0512	0.0317	-0.222
1392.0	9.281241000000001	6.93567	12.359619	-7.490953149559663	6.372197099031298	-7.22391777400453	-0.0549	0.0317	-0.2203
1393.0	9.060516	7.031808000000001	12.719646000000001	-7.344345492392139	5.743878568313339	-7.225663103256524	-0.0587	0.0305	-0.218
1394.0	8.749539	7.2701910000000005	13.104198000000002	-7.307693578100258	4.911356515112043	-7.166321908688717	-0.064	0.029	-0.215
1395.0	8.521947	7.449714	13.532895	-7.138396640656808	4.445353604829557	-6.963863715457375	-0.0712	0.0279	-0.2112
1396.0	8.431695000000001	7.7047740000000005	13.957668000000002	-7.0092422760092274	3.3649947978450676	-6.70380965691022	-0.079	0.0259	-0.2061
1397.0	8.538624	7.993188	14.341239	-6.908013179393556	2.309070600388498	-6.408849013323178	-0.0876	0.0246	-0.1998
1398.0	9.027162	8.364987000000001	14.767974	-6.8661252773456924	1.2671090369478832	-6.204645490839842	-0.0977	0.0245	-0.1918
1399.0	9.624591	8.900613	15.099552	-7.038912873293131	0.5654866776461628	-5.86954227445693	-0.1088	0.0227	-0.1819
1400.0	10.72233	9.578484000000001	15.296733	-7.538077039363509	-0.013962634015954637	-5.375614096142535	-0.121	0.0213	-0.1699
1401.0	13.065939000000002	10.116071999999999	15.609672	-8.075638448977763	-0.2129301687433082	-5.183627878423159	-0.1328	0.023	-0.1559
1402.0	15.281037000000001	10.750779000000001	15.956946000000002	-8.122762338781609	0.35779249665883756	-5.415756668938405	-0.146	0.0221	-0.1401
1403.0	16.573014	11.309949000000001	16.630893	-8.012806595905968	1.5865042900628457	-5.630432166933708	-0.1582	0.0253	-0.1232
1404.0	16.860447	11.562066000000002	17.410788	-7.803367085666648	2.321287905152458	-5.8311450309130555	-0.1695	0.0284	-0.1054
1405.0	16.352289000000003	11.905416	17.833599000000003	-7.538077039363509	2.792526803190927	-5.455899241734275	-0.1794	0.0318	-0.0865
1406.0	15.164298	12.187944	17.700183000000003	-7.360053455660087	2.9286624848464853	-3.920009499979264	-0.1883	0.0363	-0.0674
1407.0	15.376194	11.983896000000001	17.827713	-7.213445798492565	3.0770154712660034	-4.548328030697223	-0.1953	0.0411	-0.0484
1408.0	16.380738	12.189906	18.317232	-6.916739825653528	6.005677956112488	-4.965461721923868	-0.2012	0.0458	-0.0311
1409.0	16.401339	12.242880000000001	18.690012	-7.49793446656764	8.012806595905968	-5.529203070318037	-0.2055	0.0527	-0.0163
1410.0	14.955345000000001	12.113388	18.793017	-8.056439827205825	10.918779800476527	-6.157521601035995	-0.2079	0.0593	-0.005
1411.0	11.846556000000001	11.988801	18.507546	-8.405505677604692	12.487830798019427	-6.536258048718764	-0.2092	0.0641	0.0028
1412.0	8.846658000000001	11.736684	17.887554	-8.487536152448424	12.903219159994078	-7.000515629749256	-0.2081	0.0712	0.0072
1413.0	6.943518	11.456118	16.688772	-8.51022543272435	12.884020538222142	-7.621852843459237	-0.2083	0.0743	0.0086
1414.0	6.271533	11.366847000000002	15.243759	-8.51371609122834	12.922417781766015	-7.967428035354114	-0.2076	0.0782	0.0071
1415.0	6.526593	11.30112	14.061654	-8.634143809615948	12.978268317829835	-8.733627576979625	-0.206	0.0812	0.0027
1416.0	7.496802000000001	11.306025000000002	13.403403	-8.927359123950996	13.206906449841092	-9.496336460101148	-0.2043	0.0826	-0.0044
1417.0	6.933708	11.808297000000001	12.490092000000002	-9.306095571633765	13.493140447168162	-10.133381637079077	-0.2023	0.0823	-0.014
1418.0	5.2463880000000005	11.744532000000001	11.143179	-9.616764178488756	13.779374444495232	-10.538298023541762	-0.1995	0.0813	-0.0249
1419.0	4.534182	11.570895	9.958131	-9.820967700972092	13.932963418670733	-10.782644118820967	-0.1967	0.0787	-0.0365
1420.0	4.888323000000001	11.387448000000001	9.146844	-9.964084699635627	14.0045219180025	-10.821041362364843	-0.1933	0.0758	-0.048
1421.0	5.731002000000001	11.318778	8.59356	-9.98502865065956	14.058627124814324	-10.786134777324957	-0.1893	0.0709	-0.0594
1422.0	6.7080779999999995	11.320739999999999	8.288469000000001	-9.923942126839759	14.090043051350222	-10.670943046693331	-0.185	0.0648	-0.0703
1423.0	7.739109000000001	11.327607	8.231571	-9.721483933608416	14.151129575170023	-10.48942880448592	-0.1793	0.06	-0.0809
1424.0	8.728938000000001	11.31093	8.312013	-9.456193887305277	14.285519927573587	-10.224138758182782	-0.1733	0.0535	-0.091
1425.0	9.550035000000001	11.201058	8.562168	-9.087929415134475	14.477506145292963	-10.02168056495144	-0.167	0.048	-0.1008
1426.0	10.288728	11.129445	8.903556	-8.777260808279483	14.636331107224448	-9.817477042468104	-0.1601	0.0426	-0.1102
1427.0	11.093148000000001	11.086281000000001	9.347949	-8.641125126623926	14.775957447383995	-9.768607823412264	-0.1532	0.0373	-0.1191
1428.0	11.980953000000001	11.118654	9.897309	-8.443902921148567	14.941763726323456	-9.770353152664256	-0.1461	0.0327	-0.1276
1429.0	12.903093	11.208906	10.568313	-8.23097275240526	15.011576896403229	-9.826203688728075	-0.1378	0.0284	-0.1357
1430.0	13.919409000000002	11.299158	11.395296	-8.0337505469299	15.063936773963059	-9.98502865065956	-0.1301	0.0246	-0.1435
1431.0	15.159393	11.491434	12.343923	-7.9028508530303245	15.081390066483001	-10.201449477906856	-0.1228	0.0222	-0.1512
1432.0	16.640703	11.79162	13.278815999999999	-7.958701389094143	15.16865652908272	-10.3724917446023	-0.1152	0.0197	-0.159
1433.0	18.227961	11.668014000000001	14.133267000000002	-7.810348402674625	15.409511965857936	-10.714576277993189	-0.107	0.0171	-0.167
1434.0	19.882908000000004	11.325645000000002	14.835663	-7.675958050271062	15.627678122357226	-10.79137076508094	-0.0987	0.0149	-0.1753
1435.0	21.765447	10.888119000000001	15.191766000000001	-7.555530331883452	15.638150097869193	-10.534807365037773	-0.0895	0.0117	-0.184
1436.0	23.571468000000003	10.289709	15.163317000000001	-7.56251164889143	15.510741062473608	-9.724974592112405	-0.0799	0.009	-0.1929
1437.0	25.26075	9.629496000000001	14.694399	-7.857472292478471	15.241960357666478	-8.756316857255552	-0.0688	0.0071	-0.2015
1438.0	26.843103	9.127224	13.690836000000001	-8.630653151111959	14.714870923564193	-8.058185156457819	-0.0569	0.0046	-0.2101
1439.0	28.333242	8.601408000000001	12.566609999999999	-8.630653151111959	14.714870923564193	-8.058185156457819	-0.0464	0.0024	-0.2181
1440.0	29.651706000000004	7.840152000000001	10.344645	-9.363691436949578	12.877039221214163	-6.3442718309993875	-0.0343	0.0013	-0.2258
1441.0	30.677832000000002	6.02334	7.7812920000000005	-8.243190057169219	12.201596800692359	-6.250024051391694	-0.0211	0.0001	-0.2327
1442.0	31.370418	4.23792	4.99329	-5.8555796404409755	11.83507765777355	-6.300638599699529	-0.0092	0.0	-0.2387
1443.0	31.812849000000003	3.5482770000000006	2.2190220000000003	-5.37735942539453	11.020008897092197	-6.166248247295966	0.0024	-0.0002	-0.2438
1444.0	31.930569000000002	3.50217	-0.181485	-7.05462083656108	10.063568466999305	-5.935864786032715	0.0129	-0.0015	-0.2478
1445.0	31.67649	3.633624	-1.9561140000000001	-9.285151620609833	8.983209660014815	-5.899212871740834	0.0215	-0.0018	-0.2506
1446.0	29.816514	4.5371250000000005	-1.9423800000000002	-13.234831717873	7.976154681614086	-5.358160803622591	0.0276	-0.0011	-0.2527
1447.0	26.180928	5.587776	-0.30999600000000005	-12.452924212979541	6.5467300242307305	-5.41401133968641	0.0322	0.0007	-0.2543
1448.0	22.337370000000004	4.6362060000000005	1.1418840000000001	-11.749556524425827	7.215191127744558	-5.696754678509492	0.0345	0.0036	-0.2551
1449.0	19.60038	2.939076	1.4165640000000002	-9.690068007072519	6.614797865058509	-7.00226095900125	0.0356	0.0077	-0.2555
1450.0	18.032742000000002	2.391678	3.036195	-8.546877347016231	4.918337832120021	-7.475245186291714	0.0334	0.0107	-0.2553
1451.0	16.3827	2.749743	5.452398	-7.874925584998414	4.380776422505767	-7.471754527787725	0.0283	0.0145	-0.2547
1452.0	14.539401	3.4884360000000005	7.956891000000001	-7.923794804054256	4.799655442984406	-6.408849013323178	0.0225	0.0174	-0.2538
1453.0	12.949200000000001	3.8778930000000003	10.415277000000001	-8.204792813625344	5.040510879759624	-5.895722213236845	0.0146	0.0206	-0.2524
1454.0	11.867157	4.672503	12.474396	-8.300785922485032	5.419247327442394	-6.201154832335853	0.0061	0.0258	-0.2507
1455.0	11.227545000000001	5.860494000000001	14.137191000000001	-9.19963048726211	5.691518690753509	-6.644468462342412	-0.0029	0.031	-0.2484
1456.0	11.743551000000002	4.929525	14.266683	-9.155997255962253	6.187192198319898	-7.049384848805096	-0.0115	0.0355	-0.2459
1457.0	13.19445	3.458025	13.07673	-8.674286382411818	7.056366165813075	-7.065092812073046	-0.0204	0.0387	-0.2429
1458.0	14.981831999999999	4.445892	12.347847	-8.552113334772216	7.328637529124189	-7.087782092348973	-0.0298	0.0417	-0.24
1459.0	15.848055	6.461847	12.739266	-8.662069077647859	7.501425125071629	-7.309438907352252	-0.0372	0.0433	-0.2372
1460.0	15.60771	7.433037000000001	12.780468	-8.765043503515523	7.770205829878755	-7.288494956328321	-0.0449	0.045	-0.2344
1461.0	15.183918000000002	8.231571	12.212469	-8.740608893987602	8.09832772925369	-7.337364175384161	-0.0505	0.0473	-0.2316
1462.0	14.895504	8.651439	11.738646000000001	-8.721410272215664	8.253662032681184	-7.340854833888151	-0.0556	0.0495	-0.2293
1463.0	14.520762	8.635743	11.381561999999999	-8.604473212332044	8.374089751068793	-7.471754527787725	-0.0601	0.0521	-0.227
1464.0	13.614318	7.756767	11.143179	-8.484045493944436	8.60272788308005	-7.52236907609556	-0.063	0.0542	-0.225
1465.0	12.347847	6.555042	10.861632	-8.400269689848708	8.817403381075353	-7.534586380859521	-0.0653	0.0552	-0.2235
1466.0	11.540484	6.687477	10.657584000000002	-8.333947178272924	8.91339648993504	-7.557275661135447	-0.0672	0.057	-0.2222
1467.0	11.568933000000001	7.253514	10.490814	-8.286823288469076	8.937831099462962	-7.557275661135447	-0.0693	0.0586	-0.2213
1468.0	11.463966000000001	7.197597000000001	10.455498000000002	-8.2798419714611	8.98146433076282	-7.579964941411373	-0.07	0.0592	-0.2205
1469.0	11.177514	6.8581710000000005	10.469232	-8.28856861772107	8.991936306274786	-7.5817102706633674	-0.0712	0.0606	-0.2198
1470.0	10.821411	6.643332000000001	10.415277000000001	-8.286823288469076	9.028588220566666	-7.593927575427328	-0.0717	0.061	-0.2194
1471.0	10.725273	6.682572	10.380942000000001	-8.314748556500986	9.047786842338605	-7.618362184955249	-0.073	0.0609	-0.2193
1472.0	10.677204000000001	6.629598	10.361322000000001	-8.325220532012953	9.049532171590599	-7.618362184955249	-0.0732	0.0608	-0.2189
1473.0	10.460403000000001	6.729660000000001	10.277937000000001	-8.35663645854885	9.056513488598576	-7.628834160467215	-0.0736	0.0609	-0.2188
1474.0	10.410372	6.846399	10.214172	-8.377580409572781	9.060004147102566	-7.632324818971203	-0.0745	0.0604	-0.2188
1475.0	10.390751999999999	6.843456000000001	10.187685	-8.403760348352696	9.098401390646439	-7.62708883121522	-0.0753	0.0608	-0.2189
1476.0	10.366227	6.910164000000001	10.143540000000002	-8.4334309456366	9.100146719898435	-7.642796794483169	-0.0754	0.0604	-0.219
1477.0	10.350531	6.948423000000001	10.108224	-8.45786555516452	9.117600012418377	-7.651523440743141	-0.0749	0.0605	-0.2191
1478.0	10.330911	6.943518	10.086642000000001	-8.452629567408538	9.133307975686325	-7.6585047577511185	-0.0745	0.0615	-0.2193
1479.0	10.306386	6.9366509999999995	10.075851	-8.443902921148567	9.157742585214248	-7.6585047577511185	-0.0746	0.062	-0.2193
1480.0	10.286766	6.928803000000001	10.077813	-8.445648250400561	9.178686536238178	-7.6742127210190665	-0.0748	0.062	-0.2192
1481.0	10.273031999999999	6.912126000000001	10.076832	-8.445648250400561	9.178686536238178	-7.6742127210190665	-0.0748	0.0617	-0.219
1482.0	10.262241000000001	6.9140880000000005	10.068003000000001	-8.452629567408538	9.157742585214248	-7.688175355035022	-0.0756	0.0626	-0.219
1483.0	10.247526	6.892506	10.075851	-8.463101542920503	9.145525280450286	-7.688175355035022	-0.0751	0.0626	-0.2192
1484.0	10.238697000000002	6.8709240000000005	10.090566	-8.44913890890455	9.128071987930344	-7.67944870877505	-0.0751	0.0632	-0.2192
1485.0	10.220058000000002	6.84738	10.109205000000001	-8.438666933392584	9.115854683166383	-7.675958050271062	-0.0742	0.0627	-0.2192
1486.0	10.199457	6.836589	10.128825	-8.436921604140588	9.094910732142452	-7.665486074759095	-0.0739	0.0631	-0.2192
1487.0	10.171989	6.835608	10.137654000000001	-8.428194957880617	9.094910732142452	-7.661995416255107	-0.0743	0.0634	-0.2192
1488.0	10.154330999999999	6.842475	10.15335	-8.426449628628623	9.070476122614531	-7.66723140401109	-0.0743	0.0635	-0.2194
1489.0	10.137654000000001	6.850323	10.168065	-8.40899633610868	9.047786842338605	-7.670722062515078	-0.0752	0.0635	-0.2195
1490.0	10.122939	6.854247	10.181799000000002	-8.39677903134472	9.023352232810684	-7.661995416255107	-0.074	0.0642	-0.2197
1491.0	10.109205000000001	6.863076	10.198476000000001	-8.367108434060816	8.991936306274786	-7.661995416255107	-0.0735	0.065	-0.2199
1492.0	10.100376	6.866019	10.225944	-8.346164483036883	8.988445647770797	-7.663740745507101	-0.0725	0.0648	-0.2198
1493.0	10.096452	6.867	10.249488	-8.353145800044862	8.962265708990882	-7.648032782239152	-0.072	0.0645	-0.22
1494.0	10.08468	6.875829	10.289709	-8.342673824532895	8.950048404226921	-7.648032782239152	-0.0716	0.0649	-0.2199
1495.0	10.068984	6.90624	10.340721	-8.328711190516941	8.880235234147149	-7.642796794483169	-0.0718	0.0648	-0.2199
1496.0	10.038573000000001	6.93567	10.422144000000001	-8.281587300713094	8.850564636863245	-7.597418233931316	-0.072	0.0646	-0.2198
1497.0	10.012086	6.957252	10.514358000000001	-8.25191670342919	8.763298174263529	-7.56251164889143	-0.0724	0.064	-0.2197
1498.0	9.968922000000001	6.911145	10.641888	-8.068657131969786	8.634143809615948	-7.520623746843565	-0.0732	0.0631	-0.2193
1499.0	9.954207	6.85719	10.760589000000001	-7.948229413582176	8.47357351843247	-7.5153877590875835	-0.0732	0.0626	-0.219
1500.0	9.918891000000002	6.794406	10.89891	-7.845254987714512	8.276351312957111	-7.518878417591572	-0.0741	0.0628	-0.2185
1501.0	9.861993000000002	6.744375000000001	11.079414	-7.787659122398698	8.096582400001694	-7.508406442079606	-0.0749	0.0628	-0.2179
1502.0	9.783513000000001	6.7463370000000005	11.289348	-7.700392659798982	7.981390669370069	-7.496189137315645	-0.0767	0.0625	-0.2173
1503.0	9.677565000000001	6.7718430000000005	11.565990000000001	-7.681194038027045	7.6742127210190665	-7.452555906015787	-0.0786	0.0623	-0.2162
1504.0	9.560826	6.769881000000001	11.900511000000002	-7.695156672042999	7.332128187628179	-7.3967053699519685	-0.0809	0.0611	-0.2149
1505.0	9.403866	6.824817	12.242880000000001	-7.609635538695277	6.8748519236056636	-7.316420224360229	-0.0836	0.0609	-0.2131
1506.0	9.199818	6.996492	12.585249	-7.585200929167357	6.335545184739416	-7.133160652900824	-0.0869	0.0603	-0.2108
1507.0	8.953587	7.153452	13.014927	-7.604399550939293	5.656612105713623	-6.928957130417488	-0.0908	0.0601	-0.2077
1508.0	8.674002	7.409493	13.471092	-7.574728953655391	4.790928796724435	-6.787585461005947	-0.0955	0.0602	-0.2041
1509.0	8.404227	7.724394	13.919409000000002	-7.534586380859521	4.293509959906051	-6.408849013323178	-0.1008	0.0596	-0.1993
1510.0	8.295336	8.057934000000001	14.346144	-7.47000919853573	3.2061698359135833	-6.0248765778844255	-0.1079	0.0585	-0.1932
1511.0	8.399322	8.464068000000001	14.808195000000001	-7.401941357707952	2.080432468377241	-5.742133239061344	-0.116	0.0576	-0.1854
1512.0	8.925138	8.954568	15.244740000000002	-7.504915783575617	1.0471975511965976	-5.5361843873260135	-0.1239	0.0584	-0.1756
1513.0	9.637344	9.608895	15.468408	-7.660250087003112	0.2879793265790644	-5.12777734235934	-0.1328	0.0594	-0.1637
1514.0	11.076471	10.539864000000001	15.541002	-8.950048404226921	-0.13439035240356337	-4.2987459476620336	-0.1422	0.0619	-0.1499
1515.0	13.44951	11.110806	15.826473	-9.592329568960835	0.015707963267948967	-4.279547325890096	-0.1516	0.0658	-0.1341
1516.0	15.477237000000002	11.482605000000001	16.222797	-9.517280411125078	0.8342673824532895	-4.735078260660616	-0.1607	0.0708	-0.1169
1517.0	16.503363	11.780829	16.913421	-8.866272600131195	1.980948701013564	-5.40179403492245	-0.1691	0.0759	-0.0986
1518.0	16.496496	12.131046	17.44218	-8.306021910241014	2.665117767795341	-5.761331860833282	-0.1763	0.0821	-0.0794
1519.0	15.434073	12.667653	17.405883	-8.382816397328765	3.1171580440618727	-4.834562028024293	-0.1829	0.0885	-0.0598
1520.0	14.753259000000002	12.60585	17.010540000000002	-8.623671834103982	3.056071520242071	-4.309217923174	-0.1876	0.0954	-0.0399
1521.0	15.530211	12.323322000000001	17.261676	-8.218755447641298	4.007275962578981	-5.476843192758206	-0.19	0.1029	-0.0211
1522.0	16.030521	12.064338000000001	17.612874	-7.476990515543707	7.209955139988576	-5.932374127528726	-0.1922	0.1098	-0.0044
1523.0	15.309486000000001	11.787696	17.760024	-7.340854833888151	8.733627576979625	-6.930702459669483	-0.1931	0.1172	0.0092
1524.0	13.204260000000001	11.3796	17.674677000000003	-7.553785002631458	10.81580537460886	-7.623598172711231	-0.1929	0.1236	0.0197
1525.0	10.090566	11.211849	17.178291	-7.963937376850126	11.794935084977679	-8.01804258366195	-0.1915	0.1295	0.0268
1526.0	7.434018000000001	11.106882000000002	16.366023	-8.39677903134472	11.955505376161158	-8.34790981228888	-0.1903	0.134	0.0313
1527.0	5.941917	11.056851	15.047559000000001	-8.7720248205235	11.962486693169135	-8.696975662687745	-0.1885	0.1386	0.033
1528.0	5.715306	10.869480000000001	13.798746000000001	-8.930849782454985	12.171926203408454	-8.906415172927064	-0.1874	0.1403	0.0322
1529.0	6.683553000000001	10.392714	13.120875	-9.173450548482197	12.349949787111877	-9.361946107697584	-0.1863	0.1419	0.0287
1530.0	7.185825	10.484928	12.792240000000001	-9.363691436949578	12.739158210306611	-9.789551774436195	-0.1854	0.1427	0.0225
1531.0	6.052770000000001	10.682109	11.736684	-9.491100472345163	13.170254535549212	-10.105456369047168	-0.185	0.1425	0.0141
1532.0	4.848102	10.703691000000001	10.559484000000001	-9.585348251952858	13.475687154648218	-10.281734623498595	-0.1846	0.1405	0.0045
1533.0	4.78728	10.585971	9.715824	-9.656906751284625	13.699089298903493	-10.346311805822385	-0.1843	0.1377	-0.0055
1534.0	5.480847	10.354455000000002	9.187065	-9.71101195809645	13.877112882606914	-10.304423903774522	-0.1836	0.1345	-0.0159
1535.0	6.3804240000000005	10.135691999999999	8.850582000000001	-9.690068007072519	14.006267247254495	-10.259045343222668	-0.1832	0.1303	-0.0269
1536.0	7.294716000000001	9.901233000000001	8.709318000000001	-9.559168313172943	14.098769697610193	-10.159561575858993	-0.1826	0.1264	-0.0382
1537.0	8.183502	9.72171	8.720109	-9.33227551041368	14.245377354777718	-10.060077808495315	-0.1807	0.1206	-0.0499
1538.0	8.953587	9.636363	8.813304	-9.129817317182338	14.37976770718128	-9.971066016643604	-0.1774	0.1157	-0.0621
1539.0	9.581427000000001	9.663831	9.008523	-9.018116245054701	14.498450096316896	-9.878563566287905	-0.173	0.1109	-0.0742
1540.0	10.259298000000001	9.727596	9.283203	-8.836602002847291	14.547319315372738	-9.777334469672235	-0.1674	0.1063	-0.0865
1541.0	10.989162000000002	9.856107	9.668736	-8.752826198751563	14.674728350768323	-9.707521299592461	-0.1615	0.1011	-0.0983
1542.0	11.768076	9.995409	10.180818	-8.571311956544152	14.723597569824165	-9.690068007072519	-0.1544	0.0967	-0.11
1543.0	12.590154000000002	10.107243	10.841031000000001	-8.309512568745003	14.725342899076159	-9.679596031560552	-0.1465	0.0931	-0.1214
1544.0	13.517199	10.243602000000001	11.661147000000001	-8.021533242165939	14.69741763104425	-9.731955909120382	-0.1377	0.0888	-0.1325
1545.0	14.635539000000001	10.510434	12.622527	-7.791149780902686	14.685200326280288	-9.812241054712121	-0.1291	0.0842	-0.143
1546.0	16.059951	10.91853	13.652577	-7.672467391767073	14.795156069155933	-9.943140748611697	-0.1191	0.0791	-0.1535
1547.0	17.763948	11.10492	14.644368	-7.641051465231175	15.056955456955082	-10.276498635742612	-0.1092	0.075	-0.1636
1548.0	19.628829000000003	10.972485	15.455655	-7.553785002631458	15.414747953613919	-10.515608743265835	-0.0987	0.0714	-0.1734
1549.0	21.580038000000002	10.632078000000002	15.920649000000001	-7.454301235267782	15.575318244797396	-10.835003996380797	-0.0874	0.0665	-0.1831
1550.0	23.422356	10.182780000000001	15.954984000000001	-7.478735844795702	15.704472609444977	-10.676179034449314	-0.0755	0.0609	-0.1922
1551.0	25.199928	9.687375000000001	15.532173	-7.695156672042999	15.587535549561357	-10.163052234362981	-0.0629	0.0549	-0.2008
1552.0	26.779338000000003	9.308709	14.595318	-8.424704299376629	15.105824676010922	-9.590584239708841	-0.0497	0.0499	-0.2091
1553.0	28.129194000000002	9.222381	12.935466	-9.745918543136336	14.090043051350222	-8.621926504851988	-0.0363	0.0448	-0.2165
1554.0	29.496708	8.458182	10.604610000000001	-9.716247945852434	12.95208837904992	-7.431611954991856	-0.0229	0.0411	-0.2232
1555.0	30.591504	6.722793	7.826418	-8.829620685839313	12.295844580300052	-6.983062337229313	-0.0087	0.0381	-0.2293
1556.0	31.312539	4.834368	4.751964	-6.396631708559218	12.006119924468992	-6.321582550723462	0.0047	0.0347	-0.2343
1557.0	31.655889000000002	3.6571680000000004	1.664757	-5.363396791378575	11.398745344774966	-5.8224183846530835	0.0174	0.031	-0.2385
1558.0	31.581333	3.2117940000000003	-1.029069	-6.3774330867872795	10.588912571849598	-5.4524085832302855	0.0287	0.0274	-0.242
1559.0	30.596409	3.4197660000000005	-2.7517050000000003	-8.819148710327347	9.423032631517385	-5.455899241734275	0.0384	0.024	-0.2444
1560.0	28.09584	4.9540500000000005	-2.6702820000000003	-12.983504305585818	8.101818387757678	-3.907792195215304	0.0451	0.0235	-0.246
1561.0	24.381774	5.441607	-1.4685570000000001	-11.880456218325403	5.963790054064624	-4.682718383100786	0.0496	0.0255	-0.2473
1562.0	21.873357	3.6924840000000003	-0.5071770000000001	-10.903071837208577	6.216862795603801	-5.522221753310058	0.0516	0.0273	-0.2478
1563.0	20.322396	2.319084	0.346293	-8.806931405563388	5.54665636283798	-7.490953149559663	0.0517	0.0291	-0.2479
1564.0	18.488907	2.2396230000000004	2.366172	-8.065166473465798	4.827580711016316	-7.7510072081068175	0.0486	0.0307	-0.2477
1565.0	16.980129	2.86452	5.076675	-7.869689597242432	4.354596483725852	-7.056366165813075	0.0431	0.0315	-0.2469
1566.0	15.671475	3.7513440000000005	7.868601000000001	-8.079129107481752	4.6443211395569115	-5.98647933434055	0.0363	0.0338	-0.2458
1567.0	14.291208000000001	4.763736	10.433916000000002	-8.129743655789587	5.391322059410483	-6.201154832335853	0.0275	0.0371	-0.2443
1568.0	12.956067000000001	6.2303310000000005	12.474396	-8.258898020437167	5.937610115284709	-6.627015169822469	0.0179	0.0409	-0.2425
1569.0	12.670596000000002	6.774786000000001	13.856625000000001	-9.225810426042026	6.096435077216193	-6.764896180730021	0.0068	0.0452	-0.2406
1570.0	13.442643000000002	4.9157910000000005	13.821309000000001	-9.089674744386468	6.4367742813550874	-6.9586277277013915	-0.003	0.048	-0.2384
1571.0	15.031863000000001	4.204566	12.936447000000001	-8.689994345679766	7.113962031128888	-6.981317007977318	-0.0123	0.0496	-0.2359
1572.0	15.672456	6.1871670000000005	12.573477	-8.653342431387886	7.339109504636156	-7.099999397112933	-0.0208	0.0505	-0.2334
1573.0	15.534135	7.473258	12.905054999999999	-8.747590210995579	7.5642569781434235	-7.248352383532451	-0.0291	0.0517	-0.2309
1574.0	15.419358	7.838190000000001	12.649014000000001	-8.696975662687745	7.859217621730466	-7.335618846132167	-0.0359	0.0532	-0.2284
1575.0	15.06816	8.523909	11.934846	-8.726646259971648	8.138470302049559	-7.309438907352252	-0.0419	0.0548	-0.2262
1576.0	14.212728000000002	8.908461	11.333493	-8.689994345679766	8.318239215004976	-7.459537223023764	-0.0466	0.0565	-0.2242
1577.0	13.444605000000001	8.658306000000001	10.97739	-8.65508776063988	8.564330639536175	-7.468263869283736	-0.0504	0.0579	-0.2223
1578.0	12.865815000000001	7.488954	10.882233	-8.618435846348	8.600982553828056	-7.501425125071629	-0.0532	0.0592	-0.2207
1579.0	12.047661	6.654123	10.752741000000002	-8.494517469456401	8.698720991939737	-7.579964941411373	-0.0551	0.0611	-0.2192
1580.0	11.60523	7.066143000000001	10.564389	-8.464846872172497	8.838347332099284	-7.600908892435305	-0.0571	0.0623	-0.2178
1581.0	11.568933000000001	7.388892	10.432934999999999	-8.419468311620646	8.859291283123218	-7.618362184955249	-0.0588	0.0636	-0.2169
1582.0	11.373714	7.1200980000000005	10.437840000000001	-8.403760348352696	8.887216551155126	-7.621852843459237	-0.06	0.0649	-0.216
1583.0	11.100996	6.91605	10.429011	-8.374089751068793	8.906415172927064	-7.62708883121522	-0.0606	0.0662	-0.2154
1584.0	10.867517999999999	6.991587	10.333853999999999	-8.344419153784889	8.92910445320299	-7.62708883121522	-0.0617	0.0669	-0.2149
1585.0	10.546731	6.9091830000000005	10.29069	-8.344419153784889	8.92910445320299	-7.62708883121522	-0.0623	0.068	-0.2143
1586.0	10.520244	6.918993	10.245564	-8.302531251737026	8.984954989266807	-7.597418233931316	-0.0628	0.0681	-0.2141
1587.0	10.489832999999999	6.933708	10.197495000000002	-8.323475202760957	9.012880257298717	-7.606144880191288	-0.0634	0.0686	-0.214
1588.0	10.42803	6.960195000000001	10.150407	-8.33220184902093	9.026842891314674	-7.611380867947272	-0.0643	0.0683	-0.2139
1589.0	10.345626000000001	7.061238	10.085661	-8.375835080320787	9.05825881785057	-7.600908892435305	-0.0639	0.0681	-0.2139
1590.0	10.353474	7.087725000000001	10.054269	-8.395033702092725	9.06174947635456	-7.6026542216873	-0.0633	0.0686	-0.214
1591.0	10.356417000000002	7.098516000000001	10.040535000000002	-8.417722982368652	9.115854683166383	-7.606144880191288	-0.0633	0.0684	-0.2142
1592.0	10.354455000000002	7.110288000000001	10.018953000000002	-8.424704299376629	9.16646923147422	-7.623598172711231	-0.0638	0.0685	-0.2142
1593.0	10.354455000000002	7.083801	10.009143	-8.424704299376629	9.187413182498151	-7.648032782239152	-0.0637	0.0673	-0.2147
1594.0	10.366227	7.044561	10.022877000000001	-8.415977653116657	9.164723902222224	-7.661995416255107	-0.0632	0.067	-0.215
1595.0	10.377999	7.005321	10.036610999999999	-8.415977653116657	9.164723902222224	-7.661995416255107	-0.0626	0.0667	-0.2154
1596.0	10.399581000000001	6.956271	10.061136000000001	-8.415977653116657	9.164723902222224	-7.661995416255107	-0.0628	0.0669	-0.2156
1597.0	10.386828	6.934689	10.070946	-8.422958970124634	9.169959889978207	-7.665486074759095	-0.0625	0.0659	-0.2158
1598.0	10.366227	6.91605	10.075851	-8.422958970124634	9.169959889978207	-7.665486074759095	-0.0626	0.0658	-0.216
1599.0	10.346607	6.903297	10.072908	-8.422958970124634	9.169959889978207	-7.665486074759095	-0.0634	0.0654	-0.2164
1600.0	10.309329	6.902316000000001	10.081737	-8.443902921148567	9.117600012418377	-7.646287452987158	-0.0634	0.0651	-0.2167
1601.0000000000002	10.270089	6.907221	10.09449	-8.435176274888596	9.094910732142452	-7.6585047577511185	-0.0634	0.065	-0.2169
1602.0	10.238697000000002	6.908202000000001	10.11411	-8.424704299376629	9.070476122614531	-7.646287452987158	-0.0634	0.0657	-0.2174
1603.0	10.218096000000001	6.915069	10.13373	-8.403760348352696	9.066985464110543	-7.653268769995135	-0.0631	0.0667	-0.2174
1604.0	10.200438000000002	6.903297	10.151388	-8.375835080320787	9.040805525330628	-7.660250087003112	-0.0632	0.0671	-0.2176
1605.0	10.179837000000001	6.905259	10.162179	-8.342673824532895	9.028588220566666	-7.668976733263084	-0.0631	0.0676	-0.2179
1605.9999999999998	10.159236000000002	6.92586	10.162179	-8.339183166028906	9.002408281786751	-7.66723140401109	-0.0626	0.0681	-0.2183
1607.0	10.158255000000002	6.933708	10.177875000000002	-8.335692507524918	8.970992355250853	-7.661995416255107	-0.0624	0.0689	-0.2183
1607.9999999999998	10.147464000000001	6.956271	10.212209999999999	-8.33220184902093	8.946557745722934	-7.651523440743141	-0.062	0.0697	-0.2186
1609.0	10.12392	7.003359000000001	10.27107	-8.33220184902093	8.916887148439029	-7.635815477475192	-0.0619	0.0713	-0.2188
1610.0000000000002	10.092528	7.052409	10.347588	-8.300785922485032	8.880235234147149	-7.5904369169233386	-0.0625	0.0725	-0.2188
1611.0	10.06506	7.098516000000001	10.445688	-8.265879337445146	8.79995008855541	-7.536331710111515	-0.0631	0.0725	-0.2186
1612.0	10.033668	7.155414000000001	10.534959	-8.265879337445146	8.79995008855541	-7.536331710111515	-0.0633	0.0721	-0.2184
1613.0	9.982656	7.091649	10.694862	-7.96568270610212	8.527678725244295	-7.450810576763793	-0.0642	0.0725	-0.2185
1614.0	9.932625	7.0592760000000006	10.843974	-7.850490975470494	8.281587300713094	-7.483971832551685	-0.0646	0.0725	-0.2183
1614.9999999999998	9.874746	7.012188	11.029383000000001	-7.787659122398698	8.051203839449842	-7.482226503299691	-0.065	0.0727	-0.2179
1616.0	9.789399000000001	6.980796000000001	11.270709	-7.67944870877505	7.91332282854229	-7.471754527787725	-0.0672	0.0728	-0.2173
1617.0000000000002	9.684432000000001	6.988644000000001	11.535579	-7.656759428499123	7.616616855703254	-7.443829259755815	-0.069	0.0724	-0.2168
1618.0	9.588294000000001	6.9366509999999995	11.848518	-7.677703379523055	7.269296334556382	-7.400196028455957	-0.0707	0.0722	-0.2156
1619.0000000000002	9.479403000000001	6.869943000000001	12.191868	-7.5729836244033955	6.859143960337716	-7.363544114164076	-0.0722	0.0704	-0.2142
1620.0	9.318519	6.976872000000001	12.499902	-7.552039673379464	6.342526501747393	-7.244861725028462	-0.0751	0.0691	-0.2124
1621.0	9.087003000000001	7.2015210000000005	12.847176000000001	-7.592182246175334	5.724679946541401	-6.995279641993273	-0.0788	0.0682	-0.2102
1622.0	8.835867	7.393797000000001	13.246443000000001	-7.5729836244033955	4.974188368183839	-6.84518132632176	-0.084	0.0671	-0.2071
1623.0	8.626914	7.696926	13.613337	-7.525859734599549	4.536110725933262	-6.518804756198821	-0.089	0.0653	-0.2029
1623.9999999999998	8.512137000000001	7.982397000000001	13.999851000000001	-7.457791893771771	3.5465090400524772	-6.1679935765479605	-0.0962	0.0643	-0.1974
1625.0	8.552358	8.32869	14.422662	-7.326892199872195	2.466150233067988	-5.895722213236845	-0.105	0.0631	-0.1907
1626.0000000000002	8.990865	8.794665	14.827815000000001	-7.339109504636156	1.3910274138394807	-5.684537373745531	-0.1134	0.0623	-0.1822
1627.0	9.628515	9.435258000000001	15.121134000000001	-7.47000919853573	0.4852015320544236	-5.347688828110625	-0.1224	0.0626	-0.1719
1628.0	10.778247	10.383885000000001	15.19569	-8.203047484373348	-0.06283185307179587	-4.597197249753064	-0.133	0.064	-0.1594
1629.0	13.102236	10.944036	15.416415	-9.00589894029074	-0.2617993877991494	-4.284783313646079	-0.1446	0.0667	-0.1449
1630.0	15.382080000000002	11.321721	15.752898	-9.24326371856197	0.1884955592153876	-4.738568919164605	-0.1557	0.0688	-0.129
1630.9999999999998	16.73586	11.581686000000001	16.44156	-8.763298174263529	1.7034413499464656	-5.379104754646524	-0.1657	0.0727	-0.1118
1632.0	16.939908	11.817126	17.135127	-8.17163155783745	2.492330171847903	-5.778785153353225	-0.174	0.0778	-0.0938
1632.9999999999998	15.982452	12.174210000000002	17.426484000000002	-7.716100623066931	3.1433379828417873	-5.529203070318037	-0.1824	0.0832	-0.0755
1634.0	14.667912000000001	12.206583	17.072343	-7.583455599915362	3.1764992386296798	-3.9287361462392356	-0.1883	0.0889	-0.0572
1635.0000000000002	15.067179000000001	11.930922	17.156709	-7.435102613495844	3.07177948351002	-4.459316238845512	-0.1927	0.0964	-0.039
1636.0	15.914763	12.005478	17.527527	-6.777113485493982	5.448917924726296	-4.8537606497962305	-0.1958	0.1026	-0.0228
1637.0	16.586748	11.853423	17.986635	-6.777113485493982	5.448917924726296	-4.8537606497962305	-0.1982	0.1084	-0.0084
1638.0	16.747632000000003	11.439441	18.597798	-6.777113485493982	5.448917924726296	-4.8537606497962305	-0.1991	0.1129	0.0033
1639.0	13.961592000000001	11.410992	18.277992	-7.6916660135390105	12.091641057816714	-7.504915783575617	-0.197	0.1185	0.0098
1639.9999999999998	11.122577999999999	11.373714	17.615817000000003	-8.01804258366195	12.960815025309891	-8.218755447641298	-0.1947	0.1238	0.0133
1641.0	9.197856	11.341341	16.348365	-8.38107106807677	13.144074596769297	-8.75980751575954	-0.1918	0.1274	0.0138
1642.0000000000002	8.505270000000001	11.318778	14.955345000000001	-8.559094651780192	13.138838609013312	-9.014625586550713	-0.1892	0.13	0.0113
1643.0	9.1233	11.106882000000002	13.932162	-8.86801792938319	13.123130645745363	-9.447467241045304	-0.1862	0.1323	0.0064
1644.0000000000002	10.209267	11.136312	13.544667	-9.025097562062678	13.060298792673567	-9.854128956759984	-0.1839	0.1331	-0.0007
1645.0	9.577503	11.357037	12.668634	-9.056513488598576	13.131857292005336	-10.145598941843037	-0.1815	0.132	-0.0103
1646.0	8.200179	11.032326000000001	11.491434	-9.056513488598576	13.346532790000639	-10.302678574522526	-0.1789	0.1312	-0.0207
1647.0	6.859152000000001	10.687994999999999	10.32993	-9.054768159346581	13.648474750595657	-10.318386537790477	-0.1759	0.1298	-0.0324
1648.0	5.556384	10.309329	9.200799	-9.040805525330628	13.898056833630845	-10.203194807158852	-0.1726	0.128	-0.0452
1648.9999999999998	6.139098000000001	9.875727	8.830962000000001	-9.002408281786751	14.06037245406632	-10.105456369047168	-0.1709	0.1247	-0.056
1650.0	6.987663	9.386208	8.744634	-8.826130027335324	14.114477660878144	-9.862855603019957	-0.1679	0.121	-0.0669
1651.0000000000002	8.025561000000001	8.869221000000001	8.905518	-8.489281481700418	14.268066635053644	-9.613273519984766	-0.1654	0.1172	-0.0778
1652.0	9.101718	8.419923	9.189027	-8.11054503401765	14.4356182432451	-9.398598021989464	-0.1615	0.1136	-0.0887
1653.0	10.054269	8.10306	9.519624	-7.833037682950551	14.652039070492396	-9.276424974349862	-0.1578	0.1091	-0.1
1654.0	10.832202	7.968663	9.926739000000001	-7.775441817634738	14.861478580731717	-9.225810426042026	-0.1528	0.1061	-0.1119
1655.0	11.549313000000001	7.935309	10.382904	-7.775441817634738	14.952235701835422	-9.313076888641742	-0.1468	0.1022	-0.1241
1655.9999999999998	12.278196000000001	7.9362900000000005	10.931283	-7.791149780902686	15.009831567151235	-9.398598021989464	-0.1392	0.0981	-0.1366
1657.0	13.080654	7.974549	11.578743	-7.747516549602828	14.999359591639267	-9.625490824748727	-0.1313	0.0938	-0.1494
1657.9999999999998	14.010642	8.088345	12.32136	-7.665486074759095	14.957471689591404	-9.911724822075797	-0.122	0.0891	-0.1621
1659.0	15.065217	8.297298	13.153248000000001	-7.656759428499123	14.926055763055507	-10.217157441174805	-0.1114	0.0844	-0.1749
1660.0000000000002	16.256151000000003	8.586693	14.036148	-7.714355293814936	15.034266176679154	-10.574949937833642	-0.1	0.0794	-0.1874
1661.0	17.561862	8.776026	14.898447	-7.829547024446563	15.221016406642548	-10.965903690280372	-0.0868	0.0756	-0.1996
1662.0	18.984312000000003	8.742672	15.669513	-7.855726963226478	15.371114722314061	-11.177088529771686	-0.0731	0.0702	-0.2111
1663.0	20.615715	8.580807	16.219854	-7.922049474802262	15.416493282865913	-11.46506785635075	-0.0573	0.0653	-0.2215
1664.0	22.420755	8.360082	16.383681	-8.290313946973065	15.399039990345969	-11.360348101231091	-0.0413	0.0596	-0.2308
1664.9999999999998	24.142409999999998	8.196255	16.074666	-8.939576428714958	15.22625239439853	-10.786134777324957	-0.0248	0.0552	-0.2389
1666.0	25.680618	8.277678	15.124077000000002	-9.82794901798007	14.89114917801562	-9.906488834319815	-0.0079	0.0517	-0.2456
1667.0000000000002	26.914716	8.371854	13.526028	-10.829768008624814	14.199998794225866	-8.754571528003558	0.0089	0.0501	-0.2508
1668.0	28.275363	7.521327000000001	11.436498	-10.067059125503292	13.098696036217444	-7.939502767322205	0.025	0.0497	-0.2546
1669.0000000000002	29.425095	6.057675000000001	8.872164	-8.958775050486892	12.23824871498424	-7.780677805390721	0.041	0.0496	-0.2573
1670.0	30.336444	4.888323000000001	5.881095	-6.6305058283264575	11.857766938049474	-7.482226503299691	0.0548	0.0497	-0.2591
1671.0	31.01922	4.3566210000000005	2.778192	-5.937610115284709	11.117747335203878	-6.969099703213358	0.0672	0.0496	-0.2601
1672.0	31.388076000000005	4.295799000000001	-0.07749900000000001	-7.017968922269199	10.156070917355004	-6.531022060962781	0.0782	0.0497	-0.2606
1673.0	31.02903	4.3870320000000005	-2.30535	-8.546877347016231	9.002408281786751	-6.297147941195541	0.0865	0.0501	-0.2607
1673.9999999999998	28.812951	5.4396450000000005	-2.4515190000000002	-11.829841670017565	7.813839061178613	-5.232497097479	0.0928	0.0511	-0.2604
1675.0	25.022367000000003	5.834988	-1.445994	-10.96066770252439	5.464625887994246	-5.312782243070739	0.0965	0.0535	-0.2599
1676.0000000000002	22.452147	4.309533	-0.413982	-10.355038452082356	5.592034923389831	-5.749114556069321	0.0965	0.0553	-0.2595
1677.0	21.379914	3.0312900000000003	0.315882	-8.730136918475637	5.075417464799511	-7.283258968572337	0.0945	0.057	-0.2591
1678.0	19.935882	3.2265090000000005	2.0777579999999998	-7.7562431958628	4.548328030697223	-8.075638448977763	0.0903	0.0577	-0.2589
1679.0	18.401598	4.1074470000000005	4.639149	-7.707373976806959	4.410447019789671	-7.651523440743141	0.0835	0.0585	-0.2588
1680.0	17.015445	4.459626	7.409493	-7.901105523778329	4.661774432076855	-6.410594342575172	0.0764	0.0593	-0.2583
1680.9999999999998	15.494895	4.650921	10.112148	-7.91332282854229	5.382595413150512	-6.070255138436278	0.0674	0.0599	-0.2577
1682.0	14.012604	5.501448	12.259557000000001	-8.03025988842591	5.941100773788698	-6.262241356155655	0.0573	0.0614	-0.2567
1682.9999999999998	12.886416000000002	6.658047	13.91058	-8.478809506188453	6.162757588791978	-6.923721142661505	0.0471	0.0631	-0.2557
1684.0	13.610394000000001	5.82714	13.823271	-9.180431865490174	6.372197099031298	-6.843435997069767	0.0374	0.065	-0.2544
1685.0000000000002	15.485085000000002	5.006043	12.99825	-8.878489904895154	6.784094802501959	-6.96211838620538	0.028	0.0652	-0.253
1686.0	16.091343000000002	6.353937000000001	12.561705	-8.667305065403841	7.251843042036439	-7.047639519553103	0.0196	0.0664	-0.2515
1687.0	15.479199000000001	7.675344	12.901131	-8.752826198751563	7.461282552275759	-7.161085920932734	0.0119	0.0663	-0.25
1688.0	15.155469	8.282583	12.644109	-8.862781941627206	7.688175355035022	-7.194247176720626	0.0048	0.0678	-0.2482
1689.0	14.713038000000001	8.529795000000002	11.942694000000001	-8.850564636863245	7.979645340118075	-7.283258968572337	-0.0011	0.0693	-0.2466
1689.9999999999998	13.935105000000002	9.041877	11.34036	-8.7720248205235	8.22748209390127	-7.368780101920059	-0.0061	0.0708	-0.2449
1691.0	13.346505	9.253773	10.856727000000001	-8.733627576979625	8.389797714336742	-7.4054320162119405	-0.0103	0.0722	-0.2435
1692.0000000000002	12.795183000000002	8.465049	10.749798000000002	-8.689994345679766	8.515461420480333	-7.431611954991856	-0.0139	0.0736	-0.242
1693.0	12.445947	7.186806000000001	10.719387000000001	-8.585274590560106	8.60621854158404	-7.534586380859521	-0.017	0.0757	-0.2408
1694.0000000000002	11.773962	6.966081	10.612458000000002	-8.491026810952413	8.801695417807403	-7.5817102706633674	-0.0196	0.0769	-0.2399
1695.0	11.528712	7.330032	10.480023000000001	-8.4334309456366	8.88896188040712	-7.618362184955249	-0.0216	0.0783	-0.2389
1696.0	11.430612	7.182882	10.46727	-8.412486994612669	8.88896188040712	-7.618362184955249	-0.0233	0.0795	-0.2383
1697.0	11.231469	6.824817	10.505529000000001	-8.353145800044862	8.909905831431052	-7.634070148223197	-0.0238	0.0808	-0.2375
1698.0	10.819449	6.649218	10.454517000000001	-8.325220532012953	8.934340440958973	-7.621852843459237	-0.0238	0.0807	-0.2372
1698.9999999999998	10.615401	6.714945	10.397619	-8.290313946973065	8.958775050486892	-7.597418233931316	-0.0238	0.0803	-0.2367
1700.0	10.605591	6.730641000000001	10.347588	-8.285077959217082	8.983209660014815	-7.585200929167357	-0.0237	0.081	-0.2366
1701.0000000000002	10.540845000000001	6.694344	10.330911	-8.306021910241014	9.023352232810684	-7.597418233931316	-0.0238	0.0817	-0.2363
1702.0	10.501605000000001	6.724755	10.291671	-8.318239215004976	9.037314866826637	-7.606144880191288	-0.0236	0.0822	-0.2363
1703.0	10.36917	6.866019	10.203381	-8.35663645854885	9.05825881785057	-7.613126197199265	-0.0235	0.083	-0.2362
1704.0	10.367208	6.934689	10.147464000000001	-8.372344421816798	9.066985464110543	-7.62708883121522	-0.0238	0.0837	-0.2361
1705.0	10.360341	6.972948000000001	10.116071999999999	-8.403760348352696	9.100146719898435	-7.62708883121522	-0.0237	0.0838	-0.2361
1705.9999999999998	10.352492999999999	7.025922	10.088604	-8.419468311620646	9.133307975686325	-7.646287452987158	-0.0233	0.0835	-0.236
1707.0	10.355436000000001	7.035731999999999	10.071927	-8.422958970124634	9.16297857297023	-7.651523440743141	-0.0239	0.0834	-0.2362
1707.9999999999998	10.358379000000001	6.995511	10.076832	-8.431685616384607	9.16646923147422	-7.66723140401109	-0.0242	0.0841	-0.2361
1709.0	10.354455000000002	6.956271	10.089585	-8.42121364087264	9.16646923147422	-7.670722062515078	-0.0245	0.0846	-0.2363
1710.0000000000002	10.341702000000002	6.917031	10.109205000000001	-8.412486994612669	9.189158511750145	-7.67944870877505	-0.0248	0.0842	-0.2363
1711.0	10.326987	6.903297	10.112148	-8.42121364087264	9.15948791446624	-7.689920684287016	-0.0245	0.0843	-0.2363
1712.0	10.298538	6.901335	10.111167	-8.415977653116657	9.136798634190315	-7.6829393672790385	-0.024	0.085	-0.2365
1713.0	10.27107	6.890544	10.11411	-8.415977653116657	9.124581329426354	-7.66723140401109	-0.0241	0.0849	-0.2366
1714.0	10.234772999999999	6.888582	10.128825	-8.422958970124634	9.108873366158406	-7.661995416255107	-0.0236	0.0846	-0.2367
1714.9999999999998	10.201419000000001	6.890544	10.146483	-8.435176274888596	9.103637378402423	-7.66723140401109	-0.0235	0.0849	-0.2368
1716.0	10.169046	6.89643	10.158255000000002	-8.436921604140588	9.098401390646439	-7.653268769995135	-0.0234	0.085	-0.2368
1717.0000000000002	10.148445	6.891525000000001	10.170027	-8.424704299376629	9.075712110370514	-7.646287452987158	-0.0228	0.0855	-0.2369
1718.0	10.132749	6.89643	10.169046	-8.412486994612669	9.060004147102566	-7.65501409924713	-0.0218	0.0855	-0.2369
1719.0000000000002	10.128825	6.898392000000001	10.171008	-8.402015019100702	9.03033354981866	-7.6585047577511185	-0.0212	0.0862	-0.2369
1720.0	10.125882	6.902316000000001	10.174932	-8.402015019100702	9.03033354981866	-7.6585047577511185	-0.0207	0.0871	-0.2369
1721.0	10.121958000000001	6.888582	10.195533	-8.36885376331281	9.004153611038745	-7.6585047577511185	-0.0207	0.0872	-0.2371
1722.0	10.132749	6.871905000000001	10.211229	-8.349655141540872	8.98146433076282	-7.65501409924713	-0.0211	0.0877	-0.2371
1723.0	10.132749	6.864057	10.230849	-8.3409284952809	8.955284391982905	-7.65501409924713	-0.0206	0.0875	-0.2369
1723.9999999999998	10.132749	6.872886	10.252431	-8.333947178272924	8.94132175796695	-7.651523440743141	-0.0204	0.0878	-0.2369
1725.0	10.130787	6.8836770000000005	10.282842	-8.323475202760957	8.892452538911108	-7.6497781114911465	-0.0201	0.0875	-0.2368
1726.0000000000002	10.113128999999999	6.912126000000001	10.340721	-8.300785922485032	8.862781941627206	-7.625343501963226	-0.021	0.087	-0.2367
1727.0	10.088604	6.962157	10.40841	-8.2798419714611	8.805186076311392	-7.574728953655391	-0.0212	0.0869	-0.2366
1728.0	10.046421	6.970986000000001	10.507491	-8.19955682586936	8.710938296703699	-7.520623746843565	-0.0229	0.0866	-0.2365
1729.0	10.003257000000001	6.983739	10.636002000000001	-8.103563717009672	8.587019919812102	-7.499679795819634	-0.0236	0.0854	-0.2361
1730.0	9.964017	6.947442000000001	10.769418000000002	-8.005825278897989	8.520697408236316	-7.492698478811657	-0.0244	0.0846	-0.2359
1730.9999999999998	9.919872000000002	6.912126000000001	10.930302000000001	-7.897614865274341	8.319984544256968	-7.490953149559663	-0.0258	0.0846	-0.2354
1732.0	9.844335000000001	6.863076	11.129445	-7.789404451650693	8.112290363269643	-7.483971832551685	-0.0269	0.0835	-0.2347
1732.9999999999998	9.746235	6.846399	11.363904000000002	-7.724827269326903	7.853981633974483	-7.463027881527753	-0.0288	0.0825	-0.2341
1734.0	9.657945000000002	6.851304000000001	11.626812000000001	-7.7597338543667895	7.527605063851544	-7.389724052943991	-0.0305	0.0821	-0.2335
1735.0000000000002	9.557883	6.843456000000001	11.941713000000002	-7.663740745507101	7.195992505972621	-7.365289443416071	-0.0335	0.0821	-0.2326
1736.0	9.438201	6.761052	12.249747	-7.6078902094432825	6.750933546714067	-7.351326809400116	-0.036	0.0814	-0.2313
1737.0	9.26064	6.748299	12.542085	-7.5729836244033955	6.492624817418906	-7.241371066524473	-0.0402	0.0806	-0.2297
1738.0	9.074250000000001	6.938613000000001	12.859929000000001	-7.600908892435305	5.899212871740834	-7.038912873293131	-0.044	0.0796	-0.2276
1739.0	8.876088000000001	7.105383000000001	13.184640000000002	-7.5398223686155035	5.209807817203074	-6.838200009313783	-0.0499	0.0789	-0.2252
1739.9999999999998	8.673021	7.310412	13.508370000000001	-7.478735844795702	4.396484385773716	-6.551966011986713	-0.0567	0.0774	-0.2217
1741.0	8.517042	7.5595859999999995	13.775202	-7.407177345463934	3.4836771869806817	-6.270968002415627	-0.0638	0.076	-0.2172
1742.0000000000002	8.476821000000001	7.825437	14.093046000000001	-7.3303828583761845	2.4888395133439136	-6.01440460237246	-0.0728	0.0755	-0.2116
1743.0	8.627895	8.137395	14.382441	-7.342600163140144	1.5952309363228172	-5.925392810520749	-0.0825	0.0755	-0.2043
1744.0000000000002	9.108585	8.521947	14.565888	-7.454301235267782	1.1746065865921838	-5.696754678509492	-0.0942	0.0753	-0.1952
1745.0	9.746235	9.086022	14.592375	-7.688175355035022	0.6579891280018623	-5.211553146455069	-0.1062	0.0757	-0.1844
1746.0	10.920492	9.902214	14.776803000000001	-8.7720248205235	0.23387411976724015	-4.742059577668593	-0.1187	0.078	-0.1718
1747.0	13.318056	10.338759000000001	15.054426000000001	-8.79995008855541	0.8464846872172498	-5.117305366847374	-0.1306	0.0808	-0.1576
1748.0	15.542964000000001	10.68309	15.619482000000001	-8.475318847684465	2.1066124071571557	-5.560618996853934	-0.1426	0.084	-0.1424
1748.9999999999998	16.89282	11.052927	16.208082	-8.253662032681184	2.8466320100027516	-5.907939518000806	-0.1533	0.0879	-0.1265
1750.0	17.191044	11.284443000000001	16.52004	-7.716100623066931	3.41037335839692	-5.953318078552658	-0.1633	0.0922	-0.1098
1751.0000000000002	16.433712	11.489472000000001	16.852599	-7.391469382195986	3.4417892849328178	-4.995132319207771	-0.1722	0.0981	-0.0927
1752.0	15.055407	11.689596	16.409187000000003	-7.651523440743141	2.6790804018112957	-3.9706240482870996	-0.179	0.1038	-0.0754
1753.0	14.969079	11.449251	16.097229000000002	-7.342600163140144	2.8082347664588765	-4.707152992628707	-0.1846	0.1108	-0.0588
1754.0	15.676380000000002	11.500263	16.34346	-7.806857744170636	5.248205060746948	-5.124286683855352	-0.188	0.1178	-0.0439
1755.0	16.184538	11.523807000000001	16.698582000000002	-8.257152691185173	8.154178265317508	-6.030112565640408	-0.189	0.1254	-0.0314
1755.9999999999998	15.474294	11.211849	16.635798	-8.360127117052839	10.718066936497179	-6.52229541470281	-0.189	0.1311	-0.0218
1757.0	13.205241000000001	11.004858	16.346403	-8.269369995949134	11.594222220998331	-7.476990515543707	-0.1886	0.1362	-0.0153
1757.9999999999998	10.876347	10.707615	15.524325000000001	-8.241444727917225	12.796754075622426	-8.250171374177196	-0.1867	0.1403	-0.0117
1759.0	9.160578	10.476099000000001	14.398137	-8.426449628628623	13.316862192716734	-8.733627576979625	-0.1845	0.1443	-0.0107
1760.0000000000002	8.305146	10.487871	13.388688	-8.815658051823359	13.37096739952856	-9.016370915802707	-0.182	0.1484	-0.0121
1761.0	8.424828	10.51632	12.294873	-9.25548102332593	13.142329267517301	-9.283406291357839	-0.1799	0.1504	-0.0161
1762.0	9.188046	10.532016000000002	11.8701	-9.608037532228785	12.80722605113439	-9.548696337660978	-0.1771	0.1521	-0.0226
1763.0	8.725014	10.894005000000002	11.336436	-9.745918543136336	12.594295882391082	-9.691813336324511	-0.1742	0.1521	-0.0308
1764.0	7.40655	10.806696	10.33974	-9.892526200303859	12.611749174911026	-10.01295391869147	-0.1717	0.1513	-0.04
1764.9999999999998	6.317640000000001	10.527111	9.361683000000001	-9.892526200303859	12.884020538222142	-10.241592050702724	-0.1698	0.1485	-0.0495
1766.0	5.990967	10.343664	8.647515	-9.850638298255996	13.31860752196873	-10.393435695626232	-0.1675	0.1462	-0.0594
1767.0000000000002	6.041979	10.345626000000001	8.084421	-9.742427884632349	13.678145347879562	-10.402162341886203	-0.1645	0.1433	-0.069
1768.0	6.346089000000001	10.374075000000001	7.7302800000000005	-9.583602922700864	13.912019467646802	-10.306169233026516	-0.1615	0.1412	-0.0783
1769.0000000000002	6.923898	10.336797	7.618446	-9.583602922700864	13.912019467646802	-10.306169233026516	-0.1585	0.1386	-0.0864
1770.0	7.8499620000000006	10.185723000000001	7.698888000000001	-9.271188986593879	14.138912270406063	-10.103711039795174	-0.1546	0.1343	-0.0957
1771.0	8.900613	10.018953000000002	7.888221000000001	-9.124581329426354	14.233160050013758	-10.00946326018748	-0.1491	0.1294	-0.1049
1772.0	9.861012	9.883575	8.168787	-9.108873366158406	14.386749024189257	-9.951867394871668	-0.1435	0.1244	-0.1144
1773.0	10.633059000000001	9.856107	8.498403	-8.979719001510826	14.4042023167092	-9.845402310500013	-0.1377	0.1197	-0.1238
1773.9999999999998	11.257956	9.845316	8.876088000000001	-8.892452538911108	14.550809973876726	-9.833185005736052	-0.1305	0.1153	-0.1333
1775.0	11.805354000000001	9.914966999999999	9.322443000000002	-8.74409955249159	14.64156709498043	-9.834930334988046	-0.1227	0.1106	-0.1427
1776.0000000000002	12.396897000000001	10.012086	9.848259	-8.65508776063988	14.723597569824165	-9.85587428601198	-0.114	0.1063	-0.1518
1777.0	13.005117000000002	10.119996	10.358379000000001	-8.65508776063988	14.723597569824165	-9.85587428601198	-0.1061	0.1024	-0.1601
1778.0	13.842891000000002	10.217115000000002	11.102958	-8.234463410909248	14.85449726372374	-9.923942126839759	-0.0965	0.0979	-0.1688
1779.0	14.840568	10.324044	11.987820000000001	-8.056439827205825	14.98016096986733	-9.98502865065956	-0.0849	0.0932	-0.1781
1780.0	15.872580000000001	10.430973	12.953124	-7.932521450314228	15.163420541326735	-10.163052234362981	-0.0735	0.089	-0.1858
1780.9999999999998	17.028198	10.377999	13.986117	-7.855726963226478	15.325736161762208	-10.463248865706005	-0.0611	0.086	-0.1929
1782.0	18.398655	10.225944	14.931801	-8.108799704765655	15.446163880149816	-10.616837839881505	-0.049	0.0827	-0.1992
1782.9999999999998	19.98297	10.054269	15.669513	-8.36885376331281	15.421729270621896	-10.602875205865551	-0.0356	0.0788	-0.2048
1784.0	21.716397	9.896328	16.12764	-8.998917623282763	15.346680112786139	-10.435323597674095	-0.0221	0.0751	-0.2098
1785.0000000000002	23.415489	9.633420000000001	16.174728	-9.677850702308557	15.056955456955082	-10.077531101015259	-0.0087	0.0724	-0.2139
1786.0	24.929172	9.385227	15.681285	-10.478956828973955	14.503686084072879	-9.604546873724795	0.0048	0.0703	-0.2174
1787.0	26.174061000000002	9.461745	14.569812	-11.028735543352168	13.61705882405976	-8.403760348352696	0.0189	0.0687	-0.2208
1788.0	27.391482	9.090927	12.691197	-8.937831099462962	12.798499404874418	-7.422885308731884	0.0319	0.068	-0.2226
1789.0	28.612827000000003	7.498764	10.38879	-5.759586531581287	12.379620384395778	-6.864379948093698	0.0434	0.0669	-0.2239
1789.9999999999998	29.643857999999998	5.8820760000000005	7.527213000000001	-4.818854064756344	11.927580108129249	-6.510078109938849	0.0547	0.066	-0.2251
1791.0	30.465936	5.1041430000000005	4.244787	-4.974188368183839	11.648327427810155	-5.7211892880374124	0.0642	0.0639	-0.226
1792.0000000000002	30.98979	4.891266	1.0791000000000002	-6.916739825653528	10.707594960985212	-5.101597403579426	0.0729	0.0619	-0.2268
1793.0	30.941721	4.771584	-1.5646950000000002	-8.779006137531477	9.250245035569947	-4.860741966804208	0.0799	0.0603	-0.2274
1794.0000000000002	29.893032	4.6921230000000005	-3.165687	-12.454669542231535	7.920304145550268	-4.0875611081707195	0.0848	0.0593	-0.2277
1795.0	28.781559	4.680351000000001	-4.460607	-12.454669542231535	7.920304145550268	-4.0875611081707195	0.0891	0.0583	-0.2282
1796.0	25.15284	4.772565	-3.062682	-10.74773753378108	6.583381938522611	-5.2586770362589155	0.0909	0.058	-0.2282
1797.0	22.809231	2.878254	-2.3131980000000003	-9.066985464110543	5.843362335677016	-6.984807666481307	0.0904	0.0576	-0.2284
1798.0	21.555512999999998	1.975734	-1.271376	-7.787659122398698	4.9131018443640375	-8.127998326537593	0.088	0.057	-0.2287
1798.9999999999998	19.98297	2.581011	0.8829	-7.387978723691997	4.661774432076855	-7.920304145550268	0.0838	0.0567	-0.2286
1800.0	18.278973	3.586536	3.638529	-7.66723140401109	5.003858965467742	-6.473426195646968	0.078	0.0576	-0.2283
1801.0000000000002	16.699563	3.543372	6.478524	-7.508406442079606	5.516985765554076	-6.174974893555938	0.0714	0.0587	-0.2277
1802.0	15.032844	3.447234	9.190008	-7.862708280234455	6.023131248632431	-6.457718232379019	0.0641	0.0599	-0.2269
1803.0	13.592736	4.2320340000000005	11.171628	-8.09832772925369	6.318091892219473	-6.76838683923401	0.0555	0.0613	-0.2262
1804.0	12.786354	5.1904710000000005	12.173229	-8.768534162019511	6.359979794267336	-7.11919801888487	0.0475	0.0624	-0.2252
1805.0	12.191868	5.7064770000000005	13.408308000000002	-9.08269342737849	6.438519610607082	-6.88532389911763	0.0392	0.0634	-0.224
1805.9999999999998	14.233329000000001	5.281704	12.363543	-8.803440747059398	6.89754120388159	-6.951646410693415	0.0308	0.0634	-0.223
1807.0	14.911200000000001	6.7031730000000005	12.496959	-8.792968771547432	7.260569688296411	-7.0773101168370065	0.0239	0.063	-0.2218
1807.9999999999998	14.303961000000001	7.872525	12.790278	-8.79645943005142	7.443829259755815	-7.1872658597126495	0.0176	0.0629	-0.2203
1809.0	13.926276	8.578845000000001	12.288006	-8.74409955249159	7.67944870877505	-7.251843042036439	0.0119	0.0633	-0.2188
1810.0000000000002	13.662387	8.925138	11.641527000000002	-8.815658051823359	7.95346540133816	-7.1872658597126495	0.007	0.0639	-0.2174
1811.0	13.313151000000001	9.72171	11.176533000000001	-8.782496796035467	8.087855753741723	-7.2954762733362974	0.0026	0.0652	-0.216
1812.0	12.820689	9.881613000000002	10.766475	-8.728391589223643	8.330456519768935	-7.251843042036439	-0.0015	0.0671	-0.2147
1813.0	12.57642	8.969283	10.739007	-8.487536152448424	8.398524360596713	-7.475245186291714	-0.004	0.0688	-0.2134
1814.0	12.546009	7.660629000000001	10.864575	-8.403760348352696	8.733627576979625	-7.503170454323622	-0.0069	0.0699	-0.2124
1814.9999999999998	12.073167	6.9827580000000005	10.715463000000002	-8.35663645854885	8.890707209659114	-7.5398223686155035	-0.0102	0.0716	-0.2115
1816.0	11.613078	7.127946000000001	10.588913999999999	-8.3409284952809	8.962265708990882	-7.560766319639435	-0.0113	0.0725	-0.2105
1817.0000000000002	11.496339	7.05339	10.56537	-8.323475202760957	8.97797367225883	-7.578219612159379	-0.0124	0.0736	-0.2098
1818.0	11.365866	6.764976	10.585971	-8.309512568745003	8.964011038242877	-7.604399550939293	-0.0141	0.0748	-0.2095
1819.0000000000002	11.151027000000001	6.652161	10.566351	-8.321729873508964	8.967501696746865	-7.620107514207243	-0.0146	0.0751	-0.2093
1820.0	10.947960000000002	6.563871000000001	10.522206	-8.328711190516941	8.995426964778774	-7.641051465231175	-0.0151	0.075	-0.2091
1821.0	10.701729	6.392196	10.534959	-8.339183166028906	9.000662952534759	-7.621852843459237	-0.0159	0.0755	-0.2089
1822.0	10.748816999999999	6.433398	10.501605000000001	-8.360127117052839	9.00938959879473	-7.63930613597918	-0.0163	0.0757	-0.2088
1823.0	10.638945000000001	6.49422	10.42803	-8.367108434060816	9.03382420832265	-7.637560806727186	-0.0172	0.0761	-0.2087
1823.9999999999998	10.406448000000001	6.7541850000000005	10.335816000000001	-8.395033702092725	9.05825881785057	-7.637560806727186	-0.0177	0.0753	-0.2086
1825.0	10.403505000000001	6.820893000000001	10.280880000000002	-8.415977653116657	9.07396678111852	-7.637560806727186	-0.0168	0.0752	-0.2086
1826.0000000000002	10.367208	6.903297	10.233792	-8.428194957880617	9.107128036906412	-7.641051465231175	-0.0171	0.0754	-0.2086
1827.0	10.33974	7.000416	10.176894	-8.4334309456366	9.115854683166383	-7.665486074759095	-0.0172	0.0751	-0.2087
1828.0	10.314233999999999	7.017093000000001	10.147464000000001	-8.424704299376629	9.128071987930344	-7.672467391767073	-0.017	0.0751	-0.2085
1829.0	10.294614000000001	7.021998	10.126863	-8.400269689848708	9.119345341670371	-7.686430025783027	-0.0173	0.0753	-0.2085
1830.0	10.276956000000002	7.009245000000001	10.112148	-8.403760348352696	9.117600012418377	-7.688175355035022	-0.017	0.0756	-0.2085
1830.9999999999998	10.262241000000001	6.989625	10.096452	-8.403760348352696	9.119345341670371	-7.702137989050977	-0.0167	0.0752	-0.2085
1832.0	10.246545000000001	6.975891	10.091547	-8.40899633610868	9.112364024662394	-7.684684696531034	-0.0161	0.0749	-0.2086
1832.9999999999998	10.223001	6.961176	10.096452	-8.410741665360673	9.119345341670371	-7.67944870877505	-0.016	0.0745	-0.2084
1834.0	10.211229	6.954309	10.100376	-8.426449628628623	9.087929415134475	-7.672467391767073	-0.0155	0.076	-0.2084
1835.0000000000002	10.190628	6.937632000000001	10.111167	-8.42121364087264	9.107128036906412	-7.653268769995135	-0.0154	0.0761	-0.2083
1836.0	10.171008	6.928803000000001	10.122939	-8.426449628628623	9.080948098126497	-7.644542123735164	-0.0168	0.0761	-0.2084
1837.0	10.149426	6.929784000000001	10.131768	-8.412486994612669	9.054768159346581	-7.63930613597918	-0.0166	0.0771	-0.2084
1838.0	10.130787	6.947442000000001	10.134711	-8.415977653116657	9.049532171590599	-7.6585047577511185	-0.0165	0.0772	-0.2085
1839.0	10.116071999999999	6.9523470000000005	10.145502	-8.412486994612669	9.054768159346581	-7.651523440743141	-0.0162	0.0778	-0.2086
1839.9999999999998	10.109205000000001	6.944499	10.156293000000002	-8.388052385084748	9.012880257298717	-7.651523440743141	-0.0158	0.0779	-0.2086
1841.0	10.103319	6.942537000000001	10.171989	-8.386307055832754	8.995426964778774	-7.6497781114911465	-0.0154	0.0782	-0.2085
1842.0000000000002	10.099395000000001	6.929784000000001	10.198476000000001	-8.36885376331281	8.995426964778774	-7.6497781114911465	-0.0148	0.0776	-0.2084
1843.0	10.106262000000001	6.920955	10.220058000000002	-8.354891129296856	8.955284391982905	-7.653268769995135	-0.0136	0.0779	-0.2085
1844.0000000000002	10.103319	6.903297	10.247526	-8.354891129296856	8.955284391982905	-7.653268769995135	-0.0128	0.0778	-0.2085
1845.0	10.107243	6.901335	10.262241000000001	-8.3409284952809	8.906415172927064	-7.632324818971203	-0.0135	0.0773	-0.2085
1846.0	10.112148	6.892506	10.266165	-8.325220532012953	8.880235234147149	-7.618362184955249	-0.0123	0.0777	-0.2085
1847.0	10.118034000000002	6.897411	10.268127	-8.306021910241014	8.864527270879199	-7.618362184955249	-0.0128	0.0772	-0.2084
1848.0	10.11411	6.894468	10.282842	-8.2798419714611	8.819148710327347	-7.611380867947272	-0.0133	0.0772	-0.2083
1848.9999999999998	10.106262000000001	6.895449	10.322082	-8.211774130633321	8.773770149775494	-7.578219612159379	-0.0133	0.0768	-0.208
1850.0	10.078794000000002	6.894468	10.40841	-8.14719694830953	8.681267699419795	-7.5642569781434235	-0.0147	0.0774	-0.2079
1851.0000000000002	10.057212	6.911145	10.481985	-8.091346412245713	8.621926504851988	-7.5398223686155035	-0.0153	0.0771	-0.2077
1852.0	10.036610999999999	6.903297	10.554579000000002	-8.026769229921921	8.494517469456401	-7.534586380859521	-0.0165	0.0771	-0.2075
1853.0	10.015029	6.838551000000001	10.645812	-7.916813487046279	8.36885376331281	-7.5485490148754755	-0.0181	0.0773	-0.2074
1854.0	9.984618000000001	6.779691000000001	10.759608	-7.8173297196826015	8.194320838113377	-7.545058356371487	-0.0199	0.076	-0.2069
1855.0	9.937529999999999	6.763995	10.906758	-7.798131097910665	7.976154681614086	-7.504915783575617	-0.0207	0.0757	-0.2067
1855.9999999999998	9.864936	6.7895010000000005	11.101977	-7.787659122398698	7.730063257082885	-7.463027881527753	-0.0227	0.0745	-0.2059
1857.0	9.796266000000001	6.803235000000001	11.329569000000001	-7.787659122398698	7.4473199182598036	-7.44557458900781	-0.0242	0.0734	-0.2052
1857.9999999999998	9.728577000000001	6.764976	11.60523	-7.700392659798982	7.279768310068349	-7.410668003967924	-0.0265	0.0717	-0.2041
1859.0	9.629496000000001	6.820893000000001	11.853423	-7.634070148223197	6.8661252773456924	-7.333873516880173	-0.03	0.0707	-0.2029
1860.0000000000002	9.506871	6.98472	12.063357	-7.625343501963226	6.401867696315201	-7.180284542704672	-0.0337	0.0698	-0.2013
1861.0	9.353835	7.070067000000001	12.355695	-7.566002307395419	5.832890360165049	-7.040658202545125	-0.0385	0.0689	-0.1992
1862.0	9.170388	7.169148000000001	12.70395	-7.47000919853573	5.108578720587403	-6.86088928958971	-0.0442	0.0676	-0.1963
1863.0	8.981055	7.409493	13.051224000000001	-7.426375967235872	4.25685804561417	-6.595599243286571	-0.0508	0.0658	-0.1925
1864.0	8.855487	7.659648000000001	13.352391	-7.333873516880173	3.3405601883171467	-6.473426195646968	-0.0585	0.0661	-0.1879
1864.9999999999998	8.829	7.869582	13.650615	-7.22391777400453	2.8466320100027516	-6.244788063635712	-0.0666	0.0659	-0.182
1866.0	8.994789	8.129547	13.984155000000001	-7.241371066524473	1.8954275676658419	-6.07898178469625	-0.0754	0.0662	-0.1751
1867.0000000000002	9.509814	8.529795000000002	14.232348000000002	-7.3967053699519685	1.090830782496456	-5.782275811857214	-0.0852	0.0661	-0.1664
1868.0	10.186704	9.186084000000001	14.313771000000001	-7.794640439406676	0.6579891280018623	-5.29707427980279	-0.0958	0.0672	-0.1562
1869.0000000000002	11.716083	9.821772000000001	14.313771000000001	-8.705702308947716	0.41015237421866746	-5.105088062083414	-0.1059	0.0687	-0.1443
1870.0	14.062635	10.136673000000002	14.521743	-8.665559736151847	1.5219271077390555	-5.290092962794813	-0.1159	0.0695	-0.1312
1871.0	15.998148	10.584009	14.790537	-8.424704299376629	2.1258110289290935	-5.6618480934696045	-0.1258	0.0724	-0.1172
1872.0	17.081172000000002	10.981314	15.337935	-8.079129107481752	2.843141351498763	-6.010913943868471	-0.134	0.0761	-0.1027
1873.0	17.175348	11.141217	15.889257	-7.651523440743141	3.3999013828849542	-6.11563369898813	-0.1417	0.0793	-0.0877
1873.9999999999998	16.387605	11.439441	16.126659	-7.6829393672790385	3.495894491744642	-4.8118727477483665	-0.1481	0.083	-0.0723
1875.0	15.305562000000002	11.731779	15.699924000000001	-8.16290491157748	3.001966313430247	-4.13992098573055	-0.1531	0.0871	-0.0566
1876.0000000000002	15.339897000000002	11.560103999999999	15.520401000000001	-7.9185588162982725	3.86590429316744	-4.906120527356061	-0.1564	0.0919	-0.0417
1877.0	16.048179	11.521845	15.838245	-7.988371986378046	6.754424205218055	-5.16791991515521	-0.1591	0.0976	-0.0286
1878.0	16.602444	11.2815	16.262037	-7.988371986378046	6.754424205218055	-5.16791991515521	-0.1599	0.1025	-0.0173
1879.0	15.168222	10.908720000000002	16.44156	-8.141960960553547	10.87165591067268	-6.88532389911763	-0.1608	0.108	-0.0092
1880.0	12.512655	10.714482	16.192386000000003	-8.122762338781609	12.313297872819994	-7.499679795819634	-0.1609	0.1131	-0.0036
1880.9999999999998	10.050345	10.479042000000002	15.599862000000002	-8.318239215004976	12.889256525978123	-7.948229413582176	-0.1605	0.1169	-0.0004
1882.0	8.29926	10.345626000000001	14.487408	-8.613199858592017	12.927653769522	-8.234463410909248	-0.1601	0.1204	0.0005
1882.9999999999998	7.542909000000001	10.364265	13.346505	-8.613199858592017	12.927653769522	-8.234463410909248	-0.1591	0.1241	0.0001
1884.0	7.796988	10.244583	12.411612000000002	-9.089674744386468	12.61349450416302	-8.754571528003558	-0.158	0.126	-0.0031
1885.0000000000002	8.486631000000001	10.090566	12.123198	-9.31656754714573	12.63792911369094	-9.185667853246155	-0.1584	0.1274	-0.0087
1886.0	8.047143	10.289709	11.543427000000001	-9.452703228801289	12.801990063378407	-9.585348251952858	-0.1587	0.1272	-0.0159
1887.0	6.671781000000001	10.189647	10.560465	-9.492845801597158	13.060298792673567	-9.927432785343745	-0.1589	0.1266	-0.0241
1888.0	5.296419000000001	10.088604	9.577503	-9.492845801597158	13.060298792673567	-9.927432785343745	-0.1591	0.1259	-0.0324
1889.0	5.1473070000000005	10.021896000000002	8.928081	-9.53822436214901	13.54899098323198	-10.22762941668677	-0.1582	0.1223	-0.0415
1889.9999999999998	5.501448	10.014047999999999	8.504289	-9.548696337660978	13.679890677131555	-10.238101392198738	-0.1563	0.1191	-0.0509
1891.0	6.188148000000001	9.972846	8.30907	-9.531243045141034	13.756685164219306	-10.197958819402867	-0.1544	0.1146	-0.0605
1892.0000000000002	7.12206	9.866898	8.32869	-9.463175204313256	13.92423677241076	-10.11767367381113	-0.1523	0.1101	-0.0704
1893.0	8.119737	9.736425	8.381664	-9.311331559389748	14.114477660878144	-10.02168056495144	-0.1492	0.1049	-0.0814
1894.0000000000002	9.016371000000001	9.58437	8.629857000000001	-9.136798634190315	14.30297322009353	-9.943140748611697	-0.1451	0.0998	-0.0919
1895.0	9.764874	9.47646	8.933967	-9.019861574306693	14.428636926237123	-9.890780871051867	-0.1395	0.0943	-0.1024
1896.0	10.362303	9.491175	9.295956	-8.934340440958973	14.507176742576869	-9.75115453089232	-0.1331	0.0895	-0.1129
1897.0	10.985237999999999	9.529434	9.700128000000001	-8.883725892651137	14.638076436476442	-9.71101195809645	-0.1257	0.0842	-0.1231
1898.0	11.730798	9.581427000000001	10.22202	-8.740608893987602	14.659020387500373	-9.68308669006454	-0.117	0.0787	-0.1342
1898.9999999999998	12.544047	9.676584000000002	10.845936	-8.511970761976345	14.730578886832141	-9.704030641088472	-0.1084	0.0748	-0.1436
1900.0	13.422042000000001	9.774684	11.568933000000001	-8.260643349689161	14.791665410651943	-9.74766387238833	-0.0991	0.0714	-0.1527
1901.0000000000002	14.414814000000002	9.888480000000001	12.39003	-8.032005217677904	14.803882715415904	-9.807005066956137	-0.0882	0.0688	-0.1611
1902.0	15.640083	10.066041	13.238595	-7.881906902006393	14.845770617463767	-9.913470151327791	-0.0775	0.0653	-0.169
1903.0	17.154747	10.11411	14.068521	-7.670722062515078	14.936527738567472	-10.11069235680315	-0.0667	0.0615	-0.1764
1904.0	18.935262	9.999333000000002	14.747373000000001	-7.604399550939293	15.065682103215053	-10.163052234362981	-0.0562	0.0587	-0.1833
1905.0	20.852136	9.760950000000001	15.127020000000002	-7.5485490148754755	15.133749944042831	-10.016444577195458	-0.0447	0.0555	-0.19
1905.9999999999998	22.760181000000003	9.327348	15.065217	-7.61487152645126	15.315264186250241	-9.487609813841177	-0.0331	0.0512	-0.1962
1907.0	24.550506000000002	8.98596	14.492313000000001	-8.164650240829474	15.30653753999027	-8.751080869499567	-0.0207	0.0479	-0.2021
1907.9999999999998	26.129916	8.880012	13.360239000000002	-9.168214560726213	14.74628685010009	-7.916813487046279	-0.0091	0.0448	-0.2074
1909.0	27.441513	8.733843	11.60523	-9.286896949861829	13.639748104335686	-7.133160652900824	0.0042	0.0415	-0.2123
1910.0000000000002	28.748205	8.006922000000001	9.344025	-8.724900930719652	12.611749174911026	-6.859143960337716	0.0159	0.0388	-0.2165
1911.0	29.967588000000003	6.7031730000000005	6.711021000000001	-6.859143960337716	12.159708898644494	-6.551966011986713	0.0269	0.0352	-0.2204
1912.0	30.876975	5.473980000000001	3.823938	-5.675810727485559	11.309733552923255	-6.26049602690366	0.038	0.0322	-0.2238
1913.0	31.40181	4.814748000000001	0.9035010000000001	-6.0999257357201815	10.391690366374238	-6.0074232853644824	0.0477	0.029	-0.2265
1914.0	31.044726	4.99329	-1.573524	-11.618656830526252	9.36892742470556	-5.8224183846530835	0.0559	0.026	-0.2287
1914.9999999999998	29.655630000000002	6.5736810000000006	-3.3952410000000004	-12.651891747706895	6.613052535806514	-4.576253298729132	0.0616	0.0268	-0.2303
1916.0	26.354565	5.793786000000001	-3.047967	-10.204940136410846	5.050982855271589	-6.918485154905522	0.0647	0.0287	-0.2314
1917.0000000000002	23.813775000000003	4.407633	-1.266471	-9.234537072301999	4.733332931408621	-8.079129107481752	0.0653	0.0295	-0.2319
1918.0	22.280472	3.195117	-0.669042	-7.976154681614086	4.836307357276287	-8.9570297212349	0.0639	0.0305	-0.2322
1919.0000000000002	20.832516000000002	2.5044930000000005	0.475785	-7.648032782239152	4.839798015780276	-8.506734774220362	0.0595	0.0308	-0.2319
1920.0	19.097127	2.5035119999999997	2.770344	-8.059930485709813	4.405211032033688	-6.726498937186146	0.0538	0.0305	-0.2313
1921.0	18.000369	2.869425	5.616225	-8.234463410909248	4.766494187196514	-5.775294494849236	0.0463	0.0313	-0.2303
1922.0	17.099811000000003	3.8111850000000005	8.319861	-8.831366015091307	5.899212871740834	-6.448991586119048	0.0374	0.0327	-0.2293
1923.0	16.165899	5.72904	10.537902	-9.196139828758122	6.567673975254662	-7.016223593017205	0.0285	0.0359	-0.2281
1923.9999999999998	14.837625000000001	6.0243210000000005	12.313512000000001	-9.171705219230201	7.05462083656108	-7.063347482821052	0.0196	0.0391	-0.2265
1925.0	14.045958	3.788622	13.919409000000002	-8.758062186507546	7.1104713726248985	-7.040658202545125	0.0107	0.0398	-0.2248
1926.0000000000002	15.37227	4.242825	13.597641000000001	-8.57480261504814	7.333873516880173	-7.0930180801049545	0.0034	0.0396	-0.2229
1927.0	16.313049000000003	6.277419000000001	12.128103	-8.847073978359257	7.696902001294993	-7.2972216025882926	-0.004	0.0404	-0.2212
1928.0	15.968717999999999	7.4634480000000005	12.291929999999999	-8.789478113043444	8.22399143539728	-7.3216562121162125	-0.0092	0.0418	-0.2194
1929.0	15.532173	7.717527	12.533256000000002	-8.621926504851988	8.35663645854885	-7.483971832551685	-0.0147	0.0442	-0.2181
1930.0	15.510591	7.990245000000001	11.989782	-8.55036800552022	8.688249016427772	-7.609635538695277	-0.0191	0.0463	-0.2169
1930.9999999999998	14.434434000000001	8.555301	11.125521	-8.49800812796039	8.880235234147149	-7.611380867947272	-0.0228	0.048	-0.2158
1932.0	13.184640000000002	8.454258000000001	10.581066	-8.475318847684465	8.885471221903131	-7.613126197199265	-0.0249	0.0501	-0.2148
1932.9999999999998	11.974086	6.943518	10.546731	-8.452629567408538	8.96575636749487	-7.609635538695277	-0.027	0.0509	-0.2138
1934.0	11.685672	6.374538000000001	10.599705	-8.443902921148567	8.96924702599886	-7.613126197199265	-0.0285	0.0507	-0.2132
1935.0000000000002	11.680767000000001	7.037694000000001	10.403505000000001	-8.400269689848708	8.991936306274786	-7.609635538695277	-0.0294	0.0512	-0.2127
1936.0	11.474757	7.438923	10.315215000000002	-8.35663645854885	9.014625586550713	-7.606144880191288	-0.0306	0.0526	-0.2126
1937.0	10.905777	6.799311000000001	10.364265	-8.330456519768935	9.040805525330628	-7.6026542216873	-0.0305	0.0533	-0.2126
1938.0	10.701729	6.5736810000000006	10.40841	-8.309512568745003	9.06174947635456	-7.611380867947272	-0.0314	0.0524	-0.2125
1939.0	10.657584000000002	6.809121000000001	10.328949	-8.309512568745003	9.094910732142452	-7.620107514207243	-0.0319	0.0518	-0.2123
1939.9999999999998	10.367208	6.9140880000000005	10.275975	-8.323475202760957	9.103637378402423	-7.630579489719208	-0.0311	0.0517	-0.2122
1941.0	10.372112999999999	6.917031	10.253411999999999	-8.351400470792868	9.140289292694305	-7.641051465231175	-0.0307	0.0521	-0.2123
1942.0000000000002	10.352492999999999	6.889563000000001	10.249488	-8.365363104808822	9.140289292694305	-7.656759428499123	-0.0313	0.0514	-0.2123
1943.0	10.356417000000002	6.8836770000000005	10.235754000000002	-8.382816397328765	9.119345341670371	-7.665486074759095	-0.0313	0.0513	-0.2125
1944.0000000000002	10.358379000000001	6.89643	10.218096000000001	-8.389797714336742	9.16297857297023	-7.661995416255107	-0.0302	0.0518	-0.2127
1945.0	10.358379000000001	6.923898	10.203381	-8.400269689848708	9.171705219230201	-7.665486074759095	-0.0301	0.0517	-0.2129
1946.0	10.351512	6.972948000000001	10.186704	-8.402015019100702	9.169959889978207	-7.672467391767073	-0.029	0.0514	-0.213
1947.0	10.334835000000002	6.993549	10.176894	-8.403760348352696	9.157742585214248	-7.677703379523055	-0.0286	0.051	-0.2131
1948.0	10.316196000000001	7.019055000000001	10.166103	-8.403760348352696	9.136798634190315	-7.681194038027045	-0.0287	0.0512	-0.2133
1948.9999999999998	10.289709	7.021998	10.166103	-8.38107106807677	9.117600012418377	-7.695156672042999	-0.0276	0.051	-0.2135
1950.0	10.260279	7.0210170000000005	10.164141	-8.38107106807677	9.103637378402423	-7.695156672042999	-0.0273	0.051	-0.2137
1951.0000000000002	10.234772999999999	7.010226	10.161198	-8.38107106807677	9.103637378402423	-7.695156672042999	-0.0263	0.0511	-0.2138
1952.0	10.210248	7.003359000000001	10.150407	-8.39677903134472	9.08618408588248	-7.688175355035022	-0.0257	0.0515	-0.2138
1953.0	10.184742	6.99453	10.141578	-8.388052385084748	9.070476122614531	-7.693411342791005	-0.0254	0.0511	-0.2139
1954.0	10.171008	6.976872000000001	10.137654000000001	-8.39677903134472	9.094910732142452	-7.6829393672790385	-0.0254	0.0516	-0.2139
1955.0	10.161198	6.956271	10.132749	-8.403760348352696	9.108873366158406	-7.67944870877505	-0.0252	0.0511	-0.2138
1955.9999999999998	10.155312	6.940575000000001	10.132749	-8.403760348352696	9.089674744386468	-7.686430025783027	-0.0258	0.0506	-0.2139
1957.0	10.147464000000001	6.948423000000001	10.130787	-8.410741665360673	9.096656061394446	-7.6829393672790385	-0.0258	0.0507	-0.2138
1957.9999999999998	10.135691999999999	6.959214	10.126863	-8.417722982368652	9.087929415134475	-7.6742127210190665	-0.0251	0.051	-0.2139
1959.0	10.122939	6.968043000000001	10.124901000000001	-8.403760348352696	9.079202768874502	-7.668976733263084	-0.0251	0.0523	-0.214
1960.0000000000002	10.117053000000002	6.97491	10.127844	-8.402015019100702	9.07396678111852	-7.668976733263084	-0.0259	0.0522	-0.2141
1961.0	10.107243	6.9778530000000005	10.130787	-8.400269689848708	9.056513488598576	-7.670722062515078	-0.0264	0.052	-0.214
1962.0	10.099395000000001	6.979815	10.142559	-8.400269689848708	9.056513488598576	-7.670722062515078	-0.0265	0.0517	-0.214
1963.0	10.093509	6.980796000000001	10.155312	-8.400269689848708	9.056513488598576	-7.670722062515078	-0.0263	0.0523	-0.214
1964.0	10.086642000000001	6.972948000000001	10.164141	-8.388052385084748	9.025097562062678	-7.672467391767073	-0.0271	0.0518	-0.214
1964.9999999999998	10.083699000000001	6.970986000000001	10.170027	-8.382816397328765	9.014625586550713	-7.66723140401109	-0.0268	0.0527	-0.2141
1966.0	10.080756000000001	6.972948000000001	10.174932	-8.382816397328765	9.000662952534759	-7.668976733263084	-0.0265	0.0535	-0.2141
1967.0000000000002	10.071927	6.9700050000000005	10.177875000000002	-8.398524360596713	9.004153611038745	-7.641051465231175	-0.0265	0.0532	-0.2142
1968.0	10.072908	6.975891	10.19259	-8.391543043588737	9.004153611038745	-7.634070148223197	-0.0265	0.0532	-0.214
1969.0000000000002	10.071927	7.005321	10.214172	-8.374089751068793	8.988445647770797	-7.620107514207243	-0.0266	0.0522	-0.2138
1970.0	10.062117	7.031808000000001	10.24164	-8.353145800044862	8.967501696746865	-7.600908892435305	-0.0263	0.0519	-0.2135
1971.0	10.05525	7.061238	10.269108	-8.353145800044862	8.967501696746865	-7.600908892435305	-0.0262	0.0519	-0.2135
1972.0	10.044459000000002	7.075953000000001	10.315215000000002	-8.314748556500986	8.922123136195012	-7.569492965899407	-0.0256	0.052	-0.2137
1973.0	10.031706	7.0514280000000005	10.36917	-8.285077959217082	8.819148710327347	-7.559020990387442	-0.0254	0.0527	-0.2139
1973.9999999999998	10.023858	7.013169	10.429992	-8.225736764649275	8.728391589223643	-7.557275661135447	-0.025	0.0529	-0.2138
1975.0	10.015029	6.954309	10.498662000000001	-8.112290363269643	8.648106443631903	-7.5485490148754755	-0.0254	0.0523	-0.2137
1976.0000000000002	9.987561000000001	6.891525000000001	10.597743000000001	-8.005825278897989	8.520697408236316	-7.534586380859521	-0.026	0.0513	-0.2134
1977.0	9.975788999999999	6.890544	10.690938000000001	-7.981390669370069	8.389797714336742	-7.496189137315645	-0.0267	0.0517	-0.2131
1978.0	9.953226	6.895449	10.789038000000001	-7.911577499290296	8.232718081657252	-7.480481174047696	-0.0279	0.0517	-0.2127
1979.0	9.919872000000002	6.892506	10.915587	-7.857472292478471	8.161159582325485	-7.436847942747838	-0.0293	0.0517	-0.2121
1980.0	9.870822	6.951366	11.064699	-7.883652231258386	7.969173364606109	-7.361798784912082	-0.0306	0.052	-0.2116
1980.9999999999998	9.789399000000001	7.048485	11.255013	-7.963937376850126	7.726572598578897	-7.300712261092281	-0.0322	0.0523	-0.211
1982.0	9.712881	7.1613	11.424726000000001	-7.963937376850126	7.726572598578897	-7.300712261092281	-0.0344	0.0524	-0.2104
1982.9999999999998	9.630477	7.192692	11.702349000000002	-7.810348402674625	6.997024971245267	-7.218681786248547	-0.0378	0.0514	-0.2089
1984.0	9.500985	7.27902	12.008421	-7.81209373192662	6.503096792930872	-7.162831250184728	-0.0418	0.0509	-0.2069
1985.0000000000002	9.334215	7.422246000000001	12.318417	-7.840018999958528	6.202900161587847	-6.997024971245267	-0.0465	0.0506	-0.2048
1986.0	9.192951	7.630218000000001	12.563667	-7.8941242067703525	5.510004448546098	-6.717772290926174	-0.0517	0.0507	-0.2019
1987.0	9.065421	7.777368	12.83148	-7.916813487046279	4.8118727477483665	-6.433283622851099	-0.0571	0.05	-0.1987
1988.0	8.984979000000001	7.914708	13.118913	-7.9185588162982725	4.073598474154765	-6.1679935765479605	-0.0634	0.0502	-0.1949
1989.0	9.077193000000001	8.130528	13.359258	-8.042477193189871	3.220132469929538	-5.932374127528726	-0.0708	0.0508	-0.1897
1989.9999999999998	9.360702000000002	8.412075000000002	13.502484	-8.115781021773632	2.5970499269675624	-5.773549165597243	-0.0791	0.0519	-0.1827
1991.0	9.901233000000001	8.700489000000001	13.495617	-8.16290491157748	2.251474735072685	-5.68802803224952	-0.088	0.0532	-0.1745
1992.0000000000002	10.729197	9.168426	13.418118	-8.571311956544152	2.171189589480946	-5.270894341022875	-0.0981	0.0544	-0.1646
1993.0	11.993706	9.807057	13.202298000000003	-9.625490824748727	2.3282692221604355	-4.754276882432554	-0.1075	0.0564	-0.1543
1994.0000000000002	14.035167000000001	10.066041	13.152267	-9.798278420696166	2.8780479365386493	-5.197590512439113	-0.1162	0.0595	-0.1436
1995.0	15.546888000000001	10.170027	13.121856	-8.9570297212349	3.944444109507185	-5.806710421385135	-0.1237	0.063	-0.1317
1996.0	16.51023	10.111167	13.165020000000002	-8.016297254409956	4.359832471481836	-6.206390820091836	-0.1311	0.0674	-0.1194
1997.0	16.804530000000003	10.071927	13.059072	-7.641051465231175	4.890412564088111	-6.227334771115768	-0.1376	0.0728	-0.1066
1998.0	16.246341	10.068003000000001	12.69414	-7.045894190301108	5.405284693426438	-6.134832320760069	-0.1441	0.0773	-0.0945
1998.9999999999998	15.171165	9.753102	12.372372000000002	-6.370451769779303	5.698500007761486	-5.590289594137838	-0.1482	0.0813	-0.0839
2000.0	15.141735000000002	9.295956	12.376296000000002	-6.11563369898813	6.801548095021902	-6.02662190713642	-0.1518	0.0854	-0.0745
2001.0000000000002	14.674779000000001	9.169407	12.466548	-6.213372137099813	8.61145452934002	-6.173229564303943	-0.1542	0.0891	-0.0665
2002.0	13.920390000000001	8.862354	12.627431999999999	-6.213372137099813	8.61145452934002	-6.173229564303943	-0.1555	0.0929	-0.0603
2003.0	12.736323	8.505270000000001	12.810879000000002	-6.213372137099813	8.61145452934002	-6.173229564303943	-0.1558	0.0965	-0.0551
2004.0	10.816506	8.496441	12.795183000000002	-6.213372137099813	8.61145452934002	-6.173229564303943	-0.1562	0.0988	-0.0511
2005.0	8.784855	8.476821000000001	12.228165	-7.62708883121522	10.892599861696612	-7.361798784912082	-0.1556	0.1013	-0.0508
2005.9999999999998	7.3261080000000005	8.441505000000001	11.619945000000001	-7.532841051607527	11.11425667669989	-7.984881327874057	-0.154	0.1034	-0.0523
2007.0	6.584472000000001	8.355177000000001	11.148084	-7.4473199182598036	11.307988223671261	-8.5259333959923	-0.1523	0.1039	-0.0546
2007.9999999999998	6.7384889999999995	8.265906000000001	10.906758	-7.49793446656764	11.56978761147041	-8.901179185171081	-0.1488	0.1045	-0.0582
2009.0	7.331994	8.422866	10.660527	-7.585200929167357	11.854276279545488	-9.089674744386468	-0.1475	0.1045	-0.0626
2010.0000000000002	6.833646	8.555301	10.197495000000002	-7.566002307395419	12.226031410220278	-9.161233243718236	-0.1449	0.1039	-0.0677
2011.0	6.547194	8.312994000000002	9.758007000000001	-7.566002307395419	12.226031410220278	-9.161233243718236	-0.1426	0.1037	-0.0726
2012.0	6.2607420000000005	8.070687	9.317538	-7.566002307395419	12.226031410220278	-9.161233243718236	-0.1404	0.1035	-0.0776
2013.0	6.168528	7.551738000000001	8.930043000000001	-6.836454680061789	13.363986082520583	-9.014625586550713	-0.1367	0.1019	-0.0846
2014.0	6.124383	7.00434	8.556282	-6.450736915371042	13.597860202287823	-8.831366015091307	-0.1321	0.0992	-0.0931
2014.9999999999998	6.757128	6.579567	8.705394	-6.450736915371042	13.597860202287823	-8.831366015091307	-0.1284	0.0958	-0.0994
2016.0	7.604712	6.299982	8.874126	-5.9899699928445385	13.756685164219306	-8.40899633610868	-0.1238	0.0914	-0.1062
2017.0000000000002	8.510175	6.029226	9.068364	-5.843362335677016	13.744467859455344	-8.276351312957111	-0.1191	0.0874	-0.1142
2018.0	9.520605000000002	5.675085	9.292032	-5.794493116621174	13.709561274415458	-8.250171374177196	-0.1144	0.0836	-0.1227
2019.0000000000002	10.592838000000002	5.231673	9.492156000000001	-5.6705747397295765	13.69036265264352	-8.265879337445146	-0.108	0.0798	-0.131
2020.0	11.623869000000001	4.750983000000001	9.631458	-5.464625887994246	13.678145347879562	-8.19955682586936	-0.102	0.0751	-0.1398
2021.0	12.710817000000002	4.184946	9.746235	-5.1399946471233005	13.596114873035827	-7.96568270610212	-0.0953	0.0695	-0.149
2022.0	13.929219	3.5531820000000005	9.853164	-4.749040894676571	13.386675362796508	-7.5485490148754755	-0.0886	0.0635	-0.1596
2023.0	15.229044	3.171573	9.905157	-4.410447019789671	13.100441365469438	-7.000515629749256	-0.0818	0.058	-0.1684
2023.9999999999998	16.731936	2.790945	9.900252000000002	-4.293509959906051	13.048081487909608	-6.674139059626316	-0.0758	0.0528	-0.1767
2025.0	18.290745	2.322027	9.831582000000001	-4.092797095926703	13.077752085193511	-5.911430176504794	-0.0685	0.0458	-0.186
2026.0000000000002	19.762245	1.9747530000000002	9.66285	-4.235914094590238	13.102186694721432	-4.487241506877422	-0.0613	0.0394	-0.1943
2027.0	21.057165	1.036917	9.393075000000001	-4.553564018453206	12.82293401440234	-2.8937558998065986	-0.054	0.0316	-0.2026
2028.0	22.208859	-0.218763	8.908461	-4.569271981721155	12.603022528651055	-1.31423292675173	-0.0469	0.0233	-0.2089
2029.0	23.1516	-1.410678	8.267868	-5.033529562751646	12.011355912224976	0.33161255787892263	-0.0394	0.0157	-0.2155
2030.0	23.928552	-2.5506	7.470315	-5.9986966391045105	11.245156370599464	0.62482787221397	-0.0321	0.008	-0.2213
2030.9999999999998	24.136524	-2.9586959999999998	6.803235000000001	-6.801548095021902	10.559241974565694	-0.13788101090755203	-0.0255	0.0011	-0.2262
2032.0	25.124391000000003	-3.4835310000000006	6.727698	-7.2204271155005415	10.337585159562414	-3.352777493081107	-0.0188	-0.0052	-0.2305
2032.9999999999998	24.973317	-4.315419	6.4539990000000005	-7.5485490148754755	10.042624515975373	-5.265658353266892	-0.0142	-0.0108	-0.2343
2034.0	24.086493	-4.858893	6.2990010000000005	-8.447393579652555	10.136872295583066	-6.515314097694833	-0.0092	-0.0151	-0.2372
2035.0000000000002	22.794516	-4.827501	6.476562	-8.899433855919085	10.238101392198738	-7.5642569781434235	-0.0052	-0.018	-0.2389
2036.0	21.190581	-5.011929	7.040637	-8.428194957880617	10.023425894203434	-7.815584390430608	-0.0021	-0.0202	-0.2407
2037.0	19.595475	-4.027986	7.512498000000001	-8.269369995949134	9.663888068292604	-7.906341511534313	0.0004	-0.0211	-0.2415
2038.0	17.968977000000002	-2.435823	8.029485000000001	-8.290313946973065	9.588838910456847	-7.91332282854229	0.0029	-0.0216	-0.2429
2039.0	16.329726	-0.760275	8.738748000000001	-8.143706289805541	9.571385617936903	-7.79638576865867	0.0049	-0.0226	-0.2429
2039.9999999999998	14.824872000000001	0.9319500000000001	9.585351000000001	-8.229227423153263	9.407324668249437	-7.74402589109884	0.0061	-0.0231	-0.2433
2041.0	13.845834	1.8786150000000001	10.307367000000001	-8.253662032681184	9.379399400217526	-7.73180858633488	0.008	-0.0233	-0.244
2042.0000000000002	11.967219	2.9792970000000003	10.426068	-8.253662032681184	9.318312876397725	-7.740535232594851	0.0096	-0.0232	-0.2443
2043.0	10.945998	4.452759	10.729197	-8.281587300713094	9.306095571633765	-7.728317927830892	0.0118	-0.0234	-0.2443
2044.0000000000002	10.414296000000002	5.678028	10.933245000000001	-8.299040593233038	9.304350242381771	-7.71959128157092	0.0135	-0.0241	-0.2449
2045.0	10.216134000000002	6.432417	10.876347	-8.319984544256968	9.288642279113823	-7.709119306058954	0.0145	-0.024	-0.2455
2046.0	10.167084000000001	7.265286000000001	10.525149	-8.360127117052839	9.2956235961218	-7.702137989050977	0.0154	-0.0249	-0.2456
2047.0	10.165122	7.498764	10.336797	-8.384561726580758	9.26769832808989	-7.6829393672790385	0.016	-0.0249	-0.2457
2048.0	10.150407	7.46541	10.283823	-8.400269689848708	9.26769832808989	-7.693411342791005	0.0164	-0.0246	-0.2463
2049.0	10.209267	7.334937000000001	10.201419000000001	-8.389797714336742	9.265952998837895	-7.70388331830297	0.0164	-0.0238	-0.2467
2050.0	10.215152999999999	7.203483	10.180818	-8.389797714336742	9.236282401553993	-7.71959128157092	0.0178	-0.0239	-0.247
2051.0	10.203381	7.18092	10.171008	-8.377580409572781	9.182177194742168	-7.724827269326903	0.0178	-0.024	-0.247
2052.0	10.176894	7.191711	10.183761	-8.367108434060816	9.15425192671026	-7.721336610822913	0.0186	-0.0246	-0.2469
2053.0	10.156293000000002	7.163262	10.210248	-8.367108434060816	9.105382707654417	-7.73180858633488	0.0192	-0.0244	-0.2471
2054.0	10.134711	7.127946000000001	10.249488	-8.361872446304833	9.072221451866524	-7.740535232594851	0.0197	-0.0243	-0.2471
2055.0	10.130787	7.079877000000001	10.272051	-8.365363104808822	9.03033354981866	-7.742280561846846	0.0206	-0.0246	-0.2471
2056.0	10.131768	7.031808000000001	10.285785	-8.353145800044862	9.02160690355869	-7.710864635310948	0.0212	-0.0246	-0.2468
2057.0	10.126863	7.015131	10.292652	-8.360127117052839	9.00938959879473	-7.709119306058954	0.0221	-0.0246	-0.2467
2058.0	10.119996	7.022979	10.299519000000002	-8.35663645854885	9.032078879070655	-7.70388331830297	0.0222	-0.0252	-0.2462
2059.0	10.116071999999999	7.037694000000001	10.295595000000002	-8.360127117052839	9.028588220566666	-7.714355293814936	0.0222	-0.0258	-0.2464
2060.0	10.116071999999999	7.049466000000001	10.274013	-8.360127117052839	9.054768159346581	-7.707373976806959	0.0217	-0.0258	-0.2461
2061.0	10.120977000000002	7.050447	10.259298000000001	-8.363617775556827	9.018116245054701	-7.712609964562942	0.0216	-0.0257	-0.2467
2062.0	10.129806	7.050447	10.236735000000001	-8.365363104808822	8.991936306274786	-7.716100623066931	0.0206	-0.0253	-0.2468
2063.0	10.140597000000001	7.060257	10.204362000000001	-8.384561726580758	8.94132175796695	-7.707373976806959	0.0194	-0.0254	-0.2469
2064.0	10.146483	7.071048	10.181799000000002	-8.372344421816798	8.943067087218944	-7.71959128157092	0.0193	-0.0253	-0.2466
2065.0	10.148445	7.074972	10.177875000000002	-8.382816397328765	8.932595111706979	-7.726572598578897	0.0193	-0.0256	-0.2462
2066.0	10.155312	7.069086	10.165122	-8.39677903134472	8.930849782454985	-7.724827269326903	0.0183	-0.0255	-0.2465
