PacketCounter	Acc_X	Acc_Y	Acc_Z	Gyr_X	Gyr_Y	Gyr_Z	Mag_X	Mag_Y	Mag_Z
0.0	6.719850000000001	-0.015696	7.18092	-0.013962634015954637	0.0	0.015707963267948967	-0.6989	-0.5646	-0.9114
1.0	6.719850000000001	-0.020601	7.173072	-0.010471975511965976	0.015707963267948967	0.005235987755982988	-0.7004	-0.5615	-0.9095
2.0	6.7384889999999995	-0.017658	7.19073	-0.013962634015954637	0.027925268031909273	0.019198621771937627	-0.6993	-0.5627	-0.9097
3.0	6.736527	-0.002943	7.1936729999999995	-0.008726646259971648	0.020943951023931952	0.017453292519943295	-0.6987	-0.5624	-0.909
4.0	6.732603	-0.005886	7.19073	-0.005235987755982988	0.015707963267948967	0.015707963267948967	-0.699	-0.5624	-0.9087
5.0	6.730641000000001	-0.008829	7.19073	-0.017453292519943295	0.027925268031909273	0.019198621771937627	-0.6994	-0.5625	-0.908
6.0	6.729660000000001	-0.0049050000000000005	7.194654000000001	-0.013962634015954637	0.022689280275926284	0.008726646259971648	-0.6997	-0.5629	-0.9077
7.000000000000001	6.729660000000001	-0.0049050000000000005	7.189749	-0.013962634015954637	0.020943951023931952	0.024434609527920613	-0.6995	-0.5628	-0.9079
8.0	6.727698	-0.006867000000000001	7.1887680000000005	-0.029670597283903602	0.024434609527920613	0.024434609527920613	-0.6997	-0.5633	-0.9077
9.0	6.728679	-0.008829	7.186806000000001	-0.020943951023931952	0.0	0.024434609527920613	-0.6996	-0.5632	-0.9078
10.0	6.729660000000001	-0.007848	7.184844000000001	-0.020943951023931952	0.027925268031909273	0.027925268031909273	-0.7	-0.5631	-0.9079
11.0	6.730641000000001	-0.010791000000000002	7.18092	-0.027925268031909273	0.024434609527920613	0.020943951023931952	-0.6998	-0.5632	-0.908
12.0	6.729660000000001	-0.014715	7.177977	-0.020943951023931952	0.012217304763960306	0.024434609527920613	-0.7001	-0.563	-0.9075
13.0	6.728679	-0.019620000000000002	7.172091	-0.027925268031909273	0.031415926535897934	0.022689280275926284	-0.7003	-0.5632	-0.9075
14.000000000000002	6.727698	-0.021582000000000004	7.172091	-0.04363323129985824	0.024434609527920613	0.026179938779914945	-0.7003	-0.5631	-0.9076
15.0	6.725736	-0.020601	7.169148000000001	-0.041887902047863905	0.024434609527920613	0.024434609527920613	-0.7	-0.563	-0.9081
16.0	6.725736	-0.024525	7.166205000000001	-0.05061454830783556	0.020943951023931952	0.027925268031909273	-0.6998	-0.5627	-0.9086
17.0	6.724755	-0.025506	7.1711100000000005	-0.05061454830783556	0.020943951023931952	0.022689280275926284	-0.6999	-0.5626	-0.9088
18.0	6.726717	-0.027468000000000003	7.1711100000000005	-0.03316125578789226	0.019198621771937627	0.03665191429188092	-0.6999	-0.5618	-0.9094
19.0	6.728679	-0.02943	7.172091	-0.03490658503988659	0.015707963267948967	0.03316125578789226	-0.6994	-0.5615	-0.9093
20.0	6.730641000000001	-0.033354	7.178958000000001	-0.041887902047863905	0.024434609527920613	0.027925268031909273	-0.6989	-0.5611	-0.9096
21.0	6.729660000000001	-0.035316	7.187787	-0.03490658503988659	0.019198621771937627	0.024434609527920613	-0.6989	-0.5605	-0.9096
22.0	6.727698	-0.033354	7.191711	-0.029670597283903602	0.015707963267948967	0.029670597283903602	-0.6989	-0.5601	-0.9103
23.0	6.729660000000001	-0.039240000000000004	7.199559000000001	-0.03316125578789226	0.020943951023931952	0.019198621771937627	-0.6987	-0.5594	-0.9105
24.0	6.730641000000001	-0.035316	7.203483	-0.017453292519943295	0.012217304763960306	0.015707963267948967	-0.6981	-0.5588	-0.9112
25.0	6.7335840000000005	-0.039240000000000004	7.215255000000001	-0.024434609527920613	0.010471975511965976	0.024434609527920613	-0.6979	-0.5582	-0.9113
26.0	6.732603	-0.041202	7.217217000000001	-0.031415926535897934	0.017453292519943295	0.029670597283903602	-0.6975	-0.5571	-0.9108
27.0	6.734565	-0.042183000000000005	7.217217000000001	-0.03490658503988659	0.019198621771937627	0.022689280275926284	-0.6972	-0.5567	-0.9087
28.000000000000004	6.735546	-0.04316400000000001	7.22016	-0.03490658503988659	0.010471975511965976	0.017453292519943295	-0.6969	-0.5567	-0.9054
28.999999999999996	6.734565	-0.046107	7.223103	-0.029670597283903602	0.015707963267948967	0.029670597283903602	-0.6975	-0.5563	-0.9013
30.0	6.731622000000001	-0.047088	7.218198	-0.026179938779914945	0.012217304763960306	0.026179938779914945	-0.6975	-0.5562	-0.8957
31.0	6.7335840000000005	-0.047088	7.216236	-0.024434609527920613	0.015707963267948967	0.017453292519943295	-0.6978	-0.5561	-0.8903
32.0	6.731622000000001	-0.05297400000000001	7.217217000000001	-0.027925268031909273	0.012217304763960306	0.019198621771937627	-0.6976	-0.5562	-0.8859
33.0	6.726717	-0.05297400000000001	7.215255000000001	-0.029670597283903602	0.017453292519943295	0.027925268031909273	-0.6982	-0.556	-0.8827
34.0	6.726717	-0.05886	7.212312	-0.024434609527920613	0.0	0.019198621771937627	-0.6985	-0.556	-0.8806
35.0	6.727698	-0.060822	7.206426	-0.022689280275926284	0.006981317007977318	0.024434609527920613	-0.6988	-0.5557	-0.8801
36.0	6.726717	-0.061803000000000004	7.202502	-0.024434609527920613	0.006981317007977318	0.019198621771937627	-0.6995	-0.556	-0.8811
37.0	6.725736	-0.066708	7.2015210000000005	-0.013962634015954637	0.005235987755982988	0.029670597283903602	-0.6995	-0.5558	-0.8842
38.0	6.722793	-0.066708	7.2015210000000005	-0.017453292519943295	-0.003490658503988659	0.027925268031909273	-0.6996	-0.5554	-0.8881
39.0	6.721812000000001	-0.06572700000000001	7.199559000000001	-0.026179938779914945	0.005235987755982988	0.024434609527920613	-0.6994	-0.5552	-0.8932
40.0	6.721812000000001	-0.070632	7.199559000000001	-0.017453292519943295	0.006981317007977318	0.013962634015954637	-0.6997	-0.5557	-0.8994
41.0	6.720831	-0.070632	7.20054	-0.0	0.005235987755982988	0.005235987755982988	-0.7	-0.5557	-0.9057
42.0	6.720831	-0.070632	7.195635000000001	-0.0017453292519943296	0.0017453292519943296	0.003490658503988659	-0.7002	-0.5556	-0.9105
43.0	6.724755	-0.070632	7.1936729999999995	-0.006981317007977318	-0.003490658503988659	0.006981317007977318	-0.7003	-0.5556	-0.9134
44.0	6.725736	-0.070632	7.192692	-0.005235987755982988	0.019198621771937627	0.005235987755982988	-0.7006	-0.5558	-0.9133
45.0	6.725736	-0.07161300000000001	7.1887680000000005	-0.010471975511965976	0.013962634015954637	0.010471975511965976	-0.7005	-0.5558	-0.9109
46.0	6.728679	-0.074556	7.1936729999999995	-0.0017453292519943296	0.013962634015954637	0.012217304763960306	-0.7002	-0.556	-0.9068
47.0	6.728679	-0.073575	7.192692	0.008726646259971648	0.003490658503988659	0.003490658503988659	-0.7006	-0.5559	-0.9011
48.0	6.729660000000001	-0.073575	7.187787	0.003490658503988659	0.005235987755982988	0.010471975511965976	-0.7008	-0.556	-0.8959
49.0	6.729660000000001	-0.072594	7.187787	-0.0	0.012217304763960306	0.0017453292519943296	-0.7012	-0.556	-0.8918
50.0	6.728679	-0.066708	7.19073	-0.010471975511965976	0.022689280275926284	0.019198621771937627	-0.7013	-0.5554	-0.8892
51.0	6.727698	-0.06572700000000001	7.187787	-0.003490658503988659	0.005235987755982988	0.015707963267948967	-0.701	-0.5552	-0.8876
52.0	6.728679	-0.061803000000000004	7.19073	-0.003490658503988659	0.005235987755982988	0.006981317007977318	-0.701	-0.5551	-0.888
53.0	6.727698	-0.061803000000000004	7.194654000000001	-0.005235987755982988	-0.0017453292519943296	0.019198621771937627	-0.7009	-0.5552	-0.8897
54.0	6.728679	-0.064746	7.1936729999999995	0.003490658503988659	0.019198621771937627	0.019198621771937627	-0.7011	-0.5552	-0.8927
55.00000000000001	6.729660000000001	-0.067689	7.199559000000001	0.0017453292519943296	0.003490658503988659	0.012217304763960306	-0.7013	-0.5556	-0.897
56.00000000000001	6.729660000000001	-0.06572700000000001	7.192692	-0.005235987755982988	0.012217304763960306	0.019198621771937627	-0.7021	-0.555	-0.903
56.99999999999999	6.732603	-0.070632	7.19073	-0.005235987755982988	0.005235987755982988	0.008726646259971648	-0.7028	-0.5555	-0.9094
57.99999999999999	6.730641000000001	-0.075537	7.191711	0.003490658503988659	0.006981317007977318	0.008726646259971648	-0.7033	-0.5556	-0.9151
59.0	6.728679	-0.07848000000000001	7.1887680000000005	0.003490658503988659	0.012217304763960306	0.008726646259971648	-0.7037	-0.5557	-0.9186
60.0	6.729660000000001	-0.08142300000000001	7.184844000000001	-0.013962634015954637	0.013962634015954637	0.015707963267948967	-0.7036	-0.5558	-0.9242
61.0	6.728679	-0.08142300000000001	7.185825	-0.006981317007977318	0.006981317007977318	0.013962634015954637	-0.7037	-0.5557	-0.9266
62.0	6.729660000000001	-0.07848000000000001	7.181901	-0.008726646259971648	0.005235987755982988	0.020943951023931952	-0.7039	-0.5558	-0.9247
63.0	6.731622000000001	-0.073575	7.184844000000001	-0.008726646259971648	-0.006981317007977318	0.015707963267948967	-0.7039	-0.5558	-0.9249
64.0	6.730641000000001	-0.072594	7.186806000000001	-0.013962634015954637	0.0	0.027925268031909273	-0.7038	-0.5555	-0.9242
65.0	6.728679	-0.067689	7.183863	-0.010471975511965976	0.005235987755982988	0.026179938779914945	-0.7044	-0.5555	-0.9233
66.0	6.727698	-0.069651	7.1887680000000005	-0.005235987755982988	0.0	0.019198621771937627	-0.7039	-0.556	-0.9214
67.0	6.724755	-0.063765	7.1887680000000005	-0.005235987755982988	-0.005235987755982988	0.013962634015954637	-0.7033	-0.5557	-0.9206
68.0	6.726717	-0.064746	7.1887680000000005	-0.008726646259971648	-0.003490658503988659	0.019198621771937627	-0.7026	-0.5557	-0.9197
69.0	6.727698	-0.063765	7.191711	-0.005235987755982988	0.0017453292519943296	0.024434609527920613	-0.7025	-0.5555	-0.9203
70.0	6.729660000000001	-0.067689	7.189749	-0.020943951023931952	0.003490658503988659	0.027925268031909273	-0.7028	-0.5552	-0.9176
71.0	6.7335840000000005	-0.069651	7.1887680000000005	-0.008726646259971648	0.006981317007977318	0.020943951023931952	-0.7034	-0.555	-0.9168
72.0	6.734565	-0.072594	7.19073	-0.008726646259971648	0.005235987755982988	0.015707963267948967	-0.7037	-0.5546	-0.9185
73.0	6.736527	-0.07848000000000001	7.183863	-0.022689280275926284	0.0	0.019198621771937627	-0.7044	-0.5546	-0.9164
74.0	6.739470000000001	-0.07848000000000001	7.183863	-0.006981317007977318	-0.003490658503988659	0.015707963267948967	-0.7051	-0.555	-0.9149
75.0	6.739470000000001	-0.08044200000000001	7.18092	-0.015707963267948967	0.012217304763960306	0.017453292519943295	-0.7052	-0.5551	-0.9131
76.0	6.739470000000001	-0.08436600000000001	7.178958000000001	-0.022689280275926284	0.006981317007977318	0.029670597283903602	-0.7054	-0.5551	-0.9123
77.0	6.742413000000001	-0.087309	7.178958000000001	-0.006981317007977318	0.005235987755982988	0.022689280275926284	-0.7058	-0.555	-0.9116
78.0	6.740451000000001	-0.08534699999999999	7.177977	-0.006981317007977318	0.0	0.019198621771937627	-0.7065	-0.555	-0.9102
79.0	6.742413000000001	-0.08338500000000001	7.1760150000000005	-0.013962634015954637	-0.003490658503988659	0.024434609527920613	-0.7062	-0.5552	-0.9079
80.0	6.7414320000000005	-0.079461	7.179939	-0.013962634015954637	0.006981317007977318	0.012217304763960306	-0.7061	-0.5556	-0.909
81.0	6.739470000000001	-0.08142300000000001	7.177977	-0.008726646259971648	0.003490658503988659	0.015707963267948967	-0.7053	-0.556	-0.9084
82.0	6.740451000000001	-0.08436600000000001	7.1760150000000005	-0.015707963267948967	0.003490658503988659	0.019198621771937627	-0.7051	-0.5563	-0.9082
83.0	6.739470000000001	-0.082404	7.174053	-0.005235987755982988	0.0	0.013962634015954637	-0.7046	-0.556	-0.9089
84.0	6.7384889999999995	-0.082404	7.1711100000000005	-0.006981317007977318	0.0	0.010471975511965976	-0.7043	-0.556	-0.9099
85.0	6.7414320000000005	-0.082404	7.172091	-0.013962634015954637	0.015707963267948967	0.022689280275926284	-0.7041	-0.5554	-0.9114
86.0	6.744375000000001	-0.082404	7.174053	-0.013962634015954637	0.015707963267948967	0.012217304763960306	-0.7042	-0.5553	-0.9114
87.0	6.743394	-0.08338500000000001	7.173072	-0.008726646259971648	0.012217304763960306	0.015707963267948967	-0.704	-0.5546	-0.911
88.0	6.743394	-0.08436600000000001	7.174053	-0.024434609527920613	0.008726646259971648	0.020943951023931952	-0.7036	-0.5548	-0.9118
89.0	6.742413000000001	-0.08632800000000002	7.178958000000001	-0.008726646259971648	0.012217304763960306	0.013962634015954637	-0.7039	-0.5546	-0.9137
90.0	6.740451000000001	-0.08534699999999999	7.1760150000000005	-0.013962634015954637	0.0017453292519943296	0.013962634015954637	-0.704	-0.5541	-0.9115
91.0	6.744375000000001	-0.089271	7.178958000000001	-0.017453292519943295	0.003490658503988659	0.020943951023931952	-0.7045	-0.554	-0.9111
92.0	6.744375000000001	-0.087309	7.1760150000000005	-0.024434609527920613	0.0	0.027925268031909273	-0.7045	-0.5537	-0.9107
93.0	6.744375000000001	-0.090252	7.1760150000000005	-0.010471975511965976	0.006981317007977318	0.017453292519943295	-0.7046	-0.5537	-0.9103
94.0	6.745356	-0.093195	7.177977	-0.017453292519943295	0.0	0.019198621771937627	-0.7043	-0.5529	-0.9103
95.0	6.742413000000001	-0.092214	7.177977	-0.013962634015954637	-0.0017453292519943296	0.019198621771937627	-0.7045	-0.5533	-0.9104
96.0	6.740451000000001	-0.090252	7.1711100000000005	-0.017453292519943295	0.003490658503988659	0.013962634015954637	-0.7044	-0.5533	-0.9105
97.0	6.7463370000000005	-0.08829	7.172091	-0.017453292519943295	0.015707963267948967	0.022689280275926284	-0.7046	-0.5535	-0.9109
98.0	6.748299	-0.091233	7.1711100000000005	-0.020943951023931952	-0.005235987755982988	0.024434609527920613	-0.7051	-0.5529	-0.9115
99.0	6.752223000000001	-0.094176	7.168167	-0.017453292519943295	0.005235987755982988	0.019198621771937627	-0.7052	-0.5528	-0.9114
100.0	6.756147	-0.09711900000000001	7.169148000000001	-0.012217304763960306	0.005235987755982988	0.022689280275926284	-0.7053	-0.5528	-0.9116
101.0	6.757128	-0.09711900000000001	7.164243	-0.0017453292519943296	0.0	0.022689280275926284	-0.7054	-0.5526	-0.9118
102.0	6.760071000000001	-0.102024	7.164243	-0.020943951023931952	0.005235987755982988	0.027925268031909273	-0.7055	-0.5522	-0.9119
103.0	6.761052	-0.102024	7.166205000000001	-0.013962634015954637	0.015707963267948967	0.019198621771937627	-0.7057	-0.5521	-0.912
104.0	6.763014	-0.10398600000000001	7.166205000000001	-0.008726646259971648	0.006981317007977318	0.015707963267948967	-0.7065	-0.5523	-0.9122
105.0	6.765957	-0.10889100000000002	7.165224000000001	-0.008726646259971648	0.020943951023931952	0.006981317007977318	-0.7064	-0.5515	-0.9121
106.0	6.766938	-0.110853	7.165224000000001	-0.020943951023931952	0.013962634015954637	0.024434609527920613	-0.7066	-0.551	-0.9122
107.0	6.765957	-0.115758	7.165224000000001	-0.0	0.0	0.008726646259971648	-0.7062	-0.5515	-0.9121
108.0	6.766938	-0.112815	7.164243	-0.015707963267948967	0.017453292519943295	0.0	-0.706	-0.5516	-0.9099
109.00000000000001	6.766938	-0.112815	7.1613	-0.008726646259971648	0.024434609527920613	0.010471975511965976	-0.7059	-0.5514	-0.9072
110.00000000000001	6.767919	-0.115758	7.159338	-0.006981317007977318	0.031415926535897934	0.006981317007977318	-0.7058	-0.5517	-0.9033
111.00000000000001	6.766938	-0.110853	7.164243	-0.005235987755982988	0.010471975511965976	0.006981317007977318	-0.706	-0.5517	-0.8983
112.00000000000001	6.763995	-0.10987200000000001	7.164243	-0.006981317007977318	0.020943951023931952	0.012217304763960306	-0.7059	-0.5521	-0.8922
112.99999999999999	6.763014	-0.10889100000000002	7.165224000000001	-0.0017453292519943296	0.020943951023931952	0.006981317007977318	-0.706	-0.5521	-0.8877
113.99999999999999	6.761052	-0.10791	7.164243	-0.006981317007977318	0.015707963267948967	0.008726646259971648	-0.7054	-0.5526	-0.8842
114.99999999999999	6.763014	-0.10692900000000001	7.163262	-0.0	0.0	0.0017453292519943296	-0.7056	-0.5528	-0.8822
115.99999999999999	6.763995	-0.10692900000000001	7.164243	0.003490658503988659	0.012217304763960306	0.0	-0.7056	-0.5532	-0.8818
117.0	6.762033000000001	-0.10594800000000001	7.163262	-0.008726646259971648	0.015707963267948967	0.006981317007977318	-0.706	-0.5529	-0.8822
118.0	6.762033000000001	-0.110853	7.165224000000001	-0.006981317007977318	0.020943951023931952	0.006981317007977318	-0.7062	-0.5527	-0.8846
119.0	6.761052	-0.110853	7.168167	0.005235987755982988	0.022689280275926284	0.010471975511965976	-0.7063	-0.5531	-0.8878
120.0	6.757128	-0.10987200000000001	7.1711100000000005	-0.003490658503988659	0.027925268031909273	0.003490658503988659	-0.7067	-0.5528	-0.8922
121.0	6.757128	-0.111834	7.169148000000001	-0.0	0.020943951023931952	0.015707963267948967	-0.7065	-0.5528	-0.8977
122.0	6.758109	-0.112815	7.172091	-0.003490658503988659	0.005235987755982988	0.008726646259971648	-0.7068	-0.5528	-0.904
123.0	6.757128	-0.114777	7.172091	-0.005235987755982988	0.024434609527920613	0.005235987755982988	-0.7063	-0.5526	-0.9094
124.0	6.758109	-0.11772	7.172091	-0.008726646259971648	0.026179938779914945	0.010471975511965976	-0.7063	-0.5527	-0.9123
125.0	6.756147	-0.115758	7.1760150000000005	0.008726646259971648	0.012217304763960306	0.0017453292519943296	-0.7057	-0.5529	-0.9127
126.0	6.755166	-0.11673900000000001	7.1760150000000005	-0.003490658503988659	0.020943951023931952	-0.003490658503988659	-0.7053	-0.553	-0.9104
127.0	6.758109	-0.11673900000000001	7.1760150000000005	0.017453292519943295	0.012217304763960306	0.0	-0.7048	-0.5535	-0.9062
128.0	6.756147	-0.11673900000000001	7.1760150000000005	0.005235987755982988	0.029670597283903602	0.0	-0.7047	-0.5537	-0.901
129.0	6.7541850000000005	-0.11968200000000001	7.175034000000001	-0.0017453292519943296	0.038397243543875255	0.006981317007977318	-0.7046	-0.5535	-0.8959
130.0	6.7541850000000005	-0.120663	7.1760150000000005	-0.0	0.04014257279586958	-0.012217304763960306	-0.704	-0.5536	-0.8918
131.0	6.752223000000001	-0.120663	7.18092	0.019198621771937627	0.024434609527920613	-0.010471975511965976	-0.7039	-0.5537	-0.8894
132.0	6.748299	-0.11968200000000001	7.179939	0.008726646259971648	0.03665191429188092	-0.0017453292519943296	-0.7032	-0.5535	-0.8883
133.0	6.740451000000001	-0.114777	7.183863	0.017453292519943295	0.03665191429188092	-0.005235987755982988	-0.7033	-0.5539	-0.8881
134.0	6.735546	-0.10987200000000001	7.189749	0.010471975511965976	0.020943951023931952	-0.003490658503988659	-0.703	-0.5533	-0.8899
135.0	6.729660000000001	-0.10594800000000001	7.186806000000001	0.0017453292519943296	0.003490658503988659	-0.0017453292519943296	-0.7031	-0.5538	-0.8925
136.0	6.724755	-0.094176	7.1936729999999995	0.008726646259971648	0.003490658503988659	-0.005235987755982988	-0.7038	-0.5536	-0.8964
137.0	6.720831	-0.087309	7.1936729999999995	-0.0017453292519943296	0.012217304763960306	0.005235987755982988	-0.7046	-0.5534	-0.9007
138.0	6.722793	-0.079461	7.191711	-0.013962634015954637	0.012217304763960306	0.012217304763960306	-0.705	-0.5538	-0.9051
139.0	6.722793	-0.072594	7.194654000000001	-0.0017453292519943296	0.003490658503988659	0.008726646259971648	-0.705	-0.5538	-0.9109
140.0	6.724755	-0.07161300000000001	7.191711	-0.010471975511965976	0.024434609527920613	0.015707963267948967	-0.7053	-0.5539	-0.9148
141.0	6.725736	-0.07161300000000001	7.191711	-0.0	0.020943951023931952	0.005235987755982988	-0.7053	-0.5541	-0.919
142.0	6.725736	-0.070632	7.1936729999999995	-0.015707963267948967	0.026179938779914945	0.010471975511965976	-0.7053	-0.5546	-0.9212
143.0	6.7335840000000005	-0.075537	7.191711	-0.010471975511965976	0.017453292519943295	0.012217304763960306	-0.7051	-0.5547	-0.9203
144.0	6.736527	-0.07161300000000001	7.189749	-0.006981317007977318	0.022689280275926284	0.008726646259971648	-0.7047	-0.5554	-0.9205
145.0	6.7414320000000005	-0.070632	7.192692	-0.012217304763960306	0.017453292519943295	0.024434609527920613	-0.7049	-0.5551	-0.9193
146.0	6.739470000000001	-0.075537	7.192692	-0.013962634015954637	-0.003490658503988659	0.019198621771937627	-0.7046	-0.5553	-0.9181
147.0	6.737508	-0.075537	7.197597000000001	-0.017453292519943295	0.022689280275926284	0.015707963267948967	-0.7035	-0.5553	-0.9184
148.0	6.736527	-0.074556	7.203483	-0.017453292519943295	0.005235987755982988	0.015707963267948967	-0.703	-0.555	-0.9194
149.0	6.7335840000000005	-0.073575	7.199559000000001	-0.015707963267948967	0.0	0.024434609527920613	-0.7027	-0.5554	-0.919
150.0	6.732603	-0.07161300000000001	7.2015210000000005	-0.013962634015954637	0.013962634015954637	0.022689280275926284	-0.7024	-0.5552	-0.9192
151.0	6.731622000000001	-0.073575	7.197597000000001	-0.026179938779914945	0.006981317007977318	0.019198621771937627	-0.7026	-0.5553	-0.9177
152.0	6.7335840000000005	-0.072594	7.196616000000001	-0.005235987755982988	0.012217304763960306	0.022689280275926284	-0.7033	-0.555	-0.917
153.0	6.7335840000000005	-0.070632	7.195635000000001	-0.0017453292519943296	0.0	0.019198621771937627	-0.7043	-0.5549	-0.9183
154.0	6.7335840000000005	-0.073575	7.1936729999999995	-0.008726646259971648	0.013962634015954637	0.017453292519943295	-0.7051	-0.5546	-0.9176
155.0	6.732603	-0.074556	7.191711	-0.013962634015954637	0.029670597283903602	0.003490658503988659	-0.7055	-0.5543	-0.9183
156.0	6.737508	-0.074556	7.186806000000001	-0.017453292519943295	0.017453292519943295	0.024434609527920613	-0.7052	-0.5542	-0.9188
157.0	6.7384889999999995	-0.076518	7.184844000000001	-0.019198621771937627	0.024434609527920613	0.024434609527920613	-0.7062	-0.5542	-0.9194
158.0	6.7384889999999995	-0.079461	7.182882	-0.019198621771937627	0.020943951023931952	0.029670597283903602	-0.7065	-0.5543	-0.9185
159.0	6.7414320000000005	-0.08436600000000001	7.184844000000001	-0.017453292519943295	0.019198621771937627	0.027925268031909273	-0.7068	-0.554	-0.9182
160.0	6.740451000000001	-0.08632800000000002	7.189749	-0.03665191429188092	0.010471975511965976	0.027925268031909273	-0.7068	-0.5541	-0.9175
161.0	6.7414320000000005	-0.08044200000000001	7.19073	-0.017453292519943295	0.015707963267948967	0.022689280275926284	-0.7067	-0.5538	-0.917
162.0	6.740451000000001	-0.082404	7.187787	-0.026179938779914945	0.024434609527920613	0.031415926535897934	-0.7061	-0.5536	-0.9164
163.0	6.740451000000001	-0.08338500000000001	7.187787	-0.03316125578789226	0.022689280275926284	0.026179938779914945	-0.7051	-0.5533	-0.9158
164.0	6.739470000000001	-0.08044200000000001	7.187787	-0.017453292519943295	0.027925268031909273	0.031415926535897934	-0.705	-0.5534	-0.9153
165.0	6.739470000000001	-0.06867000000000001	7.186806000000001	-0.026179938779914945	0.027925268031909273	0.04537856055185257	-0.7044	-0.5532	-0.9153
166.0	6.739470000000001	-0.063765	7.187787	-0.03665191429188092	0.024434609527920613	0.054105206811824215	-0.7043	-0.5528	-0.9146
167.0	6.739470000000001	-0.063765	7.184844000000001	-0.03665191429188092	0.019198621771937627	0.05061454830783556	-0.7035	-0.5525	-0.9131
168.0	6.736527	-0.06867000000000001	7.182882	-0.041887902047863905	0.03316125578789226	0.0471238898038469	-0.7034	-0.5522	-0.9134
169.0	6.722793	-0.072594	7.194654000000001	-0.048869219055841226	0.020943951023931952	0.04537856055185257	-0.703	-0.5519	-0.9131
170.0	6.719850000000001	-0.08142300000000001	7.197597000000001	-0.022689280275926284	0.008726646259971648	0.04537856055185257	-0.7031	-0.5515	-0.9136
171.0	6.720831	-0.104967	7.199559000000001	-0.03490658503988659	0.026179938779914945	0.027925268031909273	-0.7029	-0.551	-0.9136
172.0	6.725736	-0.10006200000000001	7.213293	-0.026179938779914945	0.020943951023931952	0.03316125578789226	-0.7031	-0.5507	-0.9134
173.0	6.740451000000001	-0.087309	7.224084000000001	-0.05759586531581287	0.026179938779914945	0.048869219055841226	-0.7028	-0.5502	-0.9134
174.0	6.762033000000001	-0.061803000000000004	7.230951	-0.11519173063162574	0.059341194567807204	0.08028514559173916	-0.7024	-0.5496	-0.913
175.0	6.7895010000000005	-0.054936000000000006	7.237818000000001	-0.16231562043547265	0.09948376736367678	0.10297442586766545	-0.7025	-0.5493	-0.9128
176.0	6.805197000000001	-0.079461	7.230951	-0.1780235837034216	0.1466076571675237	0.10297442586766545	-0.7024	-0.5485	-0.9137
177.0	6.809121000000001	-0.09711900000000001	7.2319320000000005	-0.23212879051524585	0.18151424220741028	0.1291543646475804	-0.7021	-0.5476	-0.9148
178.0	6.829722000000001	-0.063765	7.234875000000001	-0.27401669256310973	0.23212879051524585	0.15707963267948966	-0.7017	-0.5463	-0.9156
179.0	6.849342000000001	-0.05297400000000001	7.229970000000001	-0.26878070480712674	0.24609142453120045	0.16580627893946132	-0.7012	-0.5445	-0.9167
180.0	6.854247	-0.062784	7.222122	-0.2722713633111154	0.23561944901923448	0.18500490071139894	-0.7004	-0.5427	-0.9177
181.0	6.851304000000001	-0.066708	7.225065000000001	-0.24783675378319478	0.22863813201125716	0.19722220547535926	-0.6996	-0.5407	-0.9195
182.0	6.843456000000001	-0.0981	7.224084000000001	-0.22689280275926285	0.20943951023931956	0.1780235837034216	-0.6988	-0.5381	-0.9214
183.0	6.833646	-0.13145400000000002	7.2191790000000005	-0.2181661564992912	0.21642082724729686	0.20769418098732523	-0.6981	-0.5354	-0.9234
184.0	6.80814	-0.21582	7.217217000000001	-0.2059488517353309	0.20943951023931956	0.1780235837034216	-0.6971	-0.5327	-0.9256
185.0	6.777729	-0.275661	7.225065000000001	-0.18675022996339324	0.21118483949131386	0.15533430342749532	-0.6955	-0.5297	-0.928
186.0	6.717888	-0.34236900000000003	7.242723	-0.16580627893946132	0.21118483949131386	0.13962634015954636	-0.694	-0.5273	-0.9298
187.0	6.668838	-0.409077	7.254495000000001	-0.11868238913561441	0.17453292519943295	0.0890117918517108	-0.6926	-0.5246	-0.9315
188.0	6.599187	-0.522873	7.2623429999999995	-0.054105206811824215	0.143116998663535	0.03665191429188092	-0.691	-0.5227	-0.9325
189.0	6.538365	-0.612144	7.267248	-0.003490658503988659	0.09948376736367678	-0.019198621771937627	-0.6895	-0.5209	-0.9315
190.0	6.461847	-0.668061	7.273134	0.029670597283903602	0.06283185307179587	-0.06283185307179587	-0.6874	-0.519	-0.9296
191.0	6.344127000000001	-0.727902	7.27902	0.06806784082777885	-0.006981317007977318	-0.0942477796076938	-0.686	-0.5177	-0.9259
192.0	6.2607420000000005	-0.792648	7.285887000000001	0.09599310885968812	-0.05235987755982989	-0.11868238913561441	-0.6842	-0.517	-0.9212
193.0	6.178338000000001	-0.8652420000000001	7.27902	0.14835298641951802	-0.12566370614359174	-0.1710422666954443	-0.6835	-0.5169	-0.9164
194.0	6.093972	-0.9221400000000001	7.289811	0.22689280275926285	-0.20943951023931956	-0.2583087292951608	-0.6825	-0.5173	-0.9125
195.0	6.0194160000000005	-0.9859050000000001	7.309431	0.32288591161895097	-0.26703537555513246	-0.3508111796508603	-0.6823	-0.5182	-0.9097
196.0	6.020397000000001	-0.987867	7.339842	0.39269908169872414	-0.312413936106985	-0.4328416544945937	-0.6825	-0.5196	-0.9072
197.0	6.01353	-0.9908100000000001	7.409493	0.4310963252425994	-0.3892084231947355	-0.5026548245743669	-0.683	-0.5217	-0.9063
198.0	6.038055000000001	-0.973152	7.503669	0.46949356878647464	-0.4537856055185257	-0.5846852994181004	-0.6834	-0.5245	-0.9063
199.0	6.084162	-0.8416980000000001	7.620408000000001	0.5445427266222308	-0.5742133239061344	-0.6073745796940266	-0.6844	-0.5282	-0.9076
200.0	6.1234020000000005	-0.834831	7.801893000000001	0.6003932626860493	-0.7435102613495844	-0.6318091892219474	-0.6869	-0.5333	-0.9085
200.99999999999997	6.152832	-1.191915	8.311031999999999	1.1082840750163994	-1.0471975511965976	-0.7504915783575618	-0.6888	-0.5394	-0.9099
202.0	6.142041	-0.8573940000000001	8.808399000000001	0.9913470151327791	-1.567305668290908	-0.8604473212332044	-0.6921	-0.5469	-0.9109
202.99999999999997	6.233274	-1.2125160000000001	9.277317	0.5969026041820608	-2.2497294058206907	-1.1344640137963142	-0.6957	-0.5549	-0.9102
204.0	6.259761	-1.295901	9.801171	0.937241808320955	-2.811725424962865	-1.3299408900196792	-0.701	-0.5637	-0.9067
204.99999999999997	6.388272000000001	-1.340046	10.286766	0.8272860654453121	-3.1590459461097367	-1.4311699866353502	-0.7073	-0.5739	-0.8981
206.0	6.410835	-1.51074	10.719387000000001	0.7103490055616922	-3.796091123087667	-1.7243853009703975	-0.716	-0.5851	-0.8856
206.99999999999997	6.493239000000001	-1.524474	11.061756	0.9337511498169663	-4.3825217517577615	-1.9338248112097172	-0.7268	-0.5977	-0.8669
208.0	6.654123	-1.6726050000000001	11.328588000000002	1.069886831472524	-4.670501078336827	-2.2252947962927703	-0.7396	-0.6107	-0.8432
209.0	6.891525000000001	-2.008107	11.48751	1.4660765716752369	-4.625122517784973	-2.371902453460294	-0.7541	-0.626	-0.8149
210.0	7.304526000000001	-2.104245	11.511054000000001	1.457349925415265	-4.035201230610889	-2.2252947962927703	-0.769	-0.6425	-0.785
211.0	7.439904	-2.0757960000000004	11.895605999999999	1.1274826967883367	-3.394665395128971	-1.2618730491919001	-0.7844	-0.66	-0.7539
212.0	7.650819000000001	-3.3059700000000003	12.553857	-0.13264502315156904	-1.1466813185602747	-0.4241150082346221	-0.7994	-0.6758	-0.7243
213.0	6.629598	-4.290894000000001	12.927618	-0.2617993877991494	0.1710422666954443	0.6038839211900381	-0.8132	-0.6901	-0.6975
214.0	5.923278000000001	-5.176737	13.030623	0.24085543677521748	0.3543018381548489	1.2985249634837812	-0.8257	-0.7021	-0.6749
215.0	5.200281	-5.753565000000001	13.150305000000001	0.08726646259971647	0.9180431865490174	1.843067690106012	-0.8376	-0.7111	-0.6563
216.0	4.514562000000001	-6.017454	13.323942	-0.41713369122664473	1.514945790731078	2.138028333693054	-0.8473	-0.7167	-0.6424
217.0	3.7758690000000006	-6.322545	13.476977999999999	-0.8063421144213803	2.0106192982974678	2.131047016685076	-0.8548	-0.718	-0.6344
218.00000000000003	2.997936	-6.376500000000001	13.631976	-0.9512044423369096	2.230530784048753	2.0682151636132806	-0.8592	-0.7153	-0.6331
219.0	2.2190220000000003	-6.216597000000001	13.865454	-1.181587903600161	2.6546457922833753	1.8465583486100006	-0.8609	-0.7076	-0.6404
220.00000000000003	1.3979249999999999	-6.056694	14.166621	-1.4660765716752369	3.122394031817856	1.6667894356545847	-0.8597	-0.6948	-0.6519
221.0	0.975114	-5.600529	13.745772	-1.736602605734358	3.543018381548489	1.5655603390389137	-0.8558	-0.6776	-0.6702
222.00000000000003	0.5729040000000001	-4.563612	13.052205	-1.8221237390820801	3.871140280923423	1.509709802975095	-0.8484	-0.6577	-0.6873
223.0	1.4008680000000002	-3.075435	12.682368	-1.7802358370342162	4.148647631990521	1.4922565104551517	-0.8389	-0.636	-0.7075
224.00000000000003	2.095416	-1.934532	12.512655	-1.6702800941585734	4.394739056521722	1.5428710587629875	-0.8265	-0.6133	-0.7277
225.0	2.7821160000000003	-1.170333	12.353733000000002	-1.5760323145508794	4.482005519121438	1.5707963267948966	-0.8099	-0.5894	-0.7487
225.99999999999997	3.5924220000000004	-0.629802	12.168324	-1.3491395117916167	4.623377188532978	1.663298777150596	-0.7904	-0.5653	-0.7698
227.0	4.466493	-0.21189600000000003	12.025098	-1.1239920382843482	4.726351614400644	1.7592918860102842	-0.7678	-0.5419	-0.7929
227.99999999999997	5.3023050000000005	0.091233	11.865195	-0.9512044423369096	4.67224640758882	1.8133970928221086	-0.743	-0.5191	-0.817
229.0	6.004701	0.271737	11.59542	-0.9162978572970231	4.358087142229841	1.8099064343181197	-0.7163	-0.4973	-0.8384
229.99999999999997	6.580548	0.311958	11.231469	-1.0053096491487339	3.7000980142279785	1.6772614111665507	-0.6881	-0.4768	-0.8601
231.0	7.28883	0.329616	10.850841	-1.1344640137963142	3.326597554301192	1.567305668290908	-0.6605	-0.457	-0.8783
231.99999999999997	8.193312	0.35316	10.427049	-1.5585790220309363	2.787290815434944	1.3857914260834978	-0.6332	-0.4386	-0.8995
233.0	9.154692	0.289395	9.930663000000001	-1.9774580425095754	2.509783464367846	1.2252211349000195	-0.607	-0.4206	-0.9173
234.0	10.069965	0.129492	9.29988	-2.1676989309769574	2.340486526924396	1.1536626355682518	-0.5818	-0.4027	-0.9341
235.0	10.810620000000002	0.034335000000000004	8.458182	-2.0961404316451895	2.080432468377241	1.2636183784438948	-0.5582	-0.3846	-0.9507
236.0	11.270709	0.059841000000000005	7.435980000000001	-1.75754655675829	1.5969762655748114	1.577777643802874	-0.5357	-0.3663	-0.9678
237.0	11.659184999999999	0.08142300000000001	6.341184	-1.0035643198967394	1.111774733520388	1.8395770316020235	-0.5157	-0.3479	-0.9833
238.0	12.178134000000002	0.095157	5.218920000000001	-0.4939281783143953	0.9494591130849153	1.8954275676658419	-0.4978	-0.3297	-0.9953
239.0	12.773601000000001	0.227592	4.062321000000001	0.4991641660703783	0.7120943348136864	1.8133970928221086	-0.4818	-0.3121	-1.0045
240.0	13.309227000000002	0.5817330000000001	2.868444	1.0245082709206714	0.36826447217080355	1.4852751934471744	-0.4685	-0.2967	-1.0148
241.0	13.58685	1.070271	1.634346	0.9913470151327791	-0.1413716694115407	0.9494591130849153	-0.4569	-0.2834	-1.0234
242.0	13.601565	1.5784289999999999	0.46597500000000003	0.6649704450098396	-0.5864306286700948	0.3385938748868999	-0.449	-0.272	-1.0285
243.00000000000003	13.456377	2.095416	-0.5366070000000001	0.3892084231947355	-0.9459684545809267	-0.16231562043547265	-0.4437	-0.263	-1.0321
244.0	13.199355	2.5712010000000003	-1.2880530000000001	0.3700098014227979	-1.1082840750163994	-0.3700098014227979	-0.4414	-0.257	-1.034
245.00000000000003	12.953124	2.883159	-1.7304840000000001	0.6178465552059926	-1.481784534943186	-0.6981317007977318	-0.4424	-0.2549	-1.0343
246.0	12.923694	3.043062	-1.8658620000000001	0.9965830028887622	-1.7715091907742444	-0.8988445647770797	-0.4464	-0.2565	-1.0322
247.00000000000003	12.953124	3.204927	-1.79523	1.2758356832078548	-1.8692476288859268	-0.905825881785057	-0.4531	-0.2609	-1.0271
248.0	11.931903	2.449557	-0.436545	2.5010568181078745	-2.035053907825388	-1.6441001553786585	-0.4627	-0.2703	-1.0215
249.00000000000003	10.353474	1.077138	2.1277890000000004	3.776892501315729	-1.6615534478986018	-2.3736477827122884	-0.4737	-0.2846	-1.0161
250.0	8.325747	-0.380628	3.9583350000000004	4.323180557189954	-2.921681167838508	-2.8937558998065986	-0.4878	-0.3039	-1.0053
250.99999999999997	7.748919000000001	0.060822	5.085504	3.5936329298563248	-2.9530970943744053	-2.239257430308725	-0.5035	-0.3253	-0.9924
252.0	7.7479379999999995	0.9908100000000001	6.195015	1.7941984710501708	-3.0333822399661448	-0.18675022996339324	-0.5204	-0.3479	-0.9793
252.99999999999997	7.951005	1.5813720000000002	7.569396	0.8796459430051421	-2.6720990848033184	0.2129301687433082	-0.5389	-0.3708	-0.9651
254.0	7.771482000000001	2.072853	8.680869000000001	0.32637657012293964	-2.4539329283040274	-0.26005405854715513	-0.5583	-0.3928	-0.95
254.99999999999997	7.467372	2.3181030000000002	9.624591	-0.03316125578789226	-2.291617307868555	-0.2617993877991494	-0.578	-0.4144	-0.9343
256.0	6.972948000000001	2.023803	10.360341	0.005235987755982988	-2.21307749152881	0.15358897417550102	-0.5979	-0.4343	-0.9184
257.0	6.399063	1.6157070000000002	10.959732	0.048869219055841226	-2.16071761396898	0.35779249665883756	-0.6176	-0.453	-0.9018
258.0	6.859152000000001	2.33478	10.350531	0.029670597283903602	-1.9844393595175527	0.4380776422505767	-0.6378	-0.468	-0.8853
259.0	8.580807	3.4639110000000004	8.979093	0.1413716694115407	-1.3473941825396225	0.008726646259971648	-0.6579	-0.479	-0.87
260.0	11.279538	4.419405	7.951986000000001	0.15358897417550102	-0.291469985083053	0.0	-0.6755	-0.4844	-0.8573
261.0	11.23245	3.5826120000000006	8.10306	0.026179938779914945	-0.2932153143350474	0.03316125578789226	-0.6913	-0.4867	-0.8462
262.0	10.704672	2.232756	8.114832000000002	-0.09250245035569947	-0.15358897417550102	0.1308996938995747	-0.705	-0.4876	-0.8374
263.0	10.052307	1.084986	7.7430330000000005	-0.1291543646475804	-0.061086523819801536	0.1413716694115407	-0.7162	-0.4875	-0.8305
264.0	9.688356	0.192276	7.571358000000001	-0.15009831567151233	-0.03490658503988659	0.1291543646475804	-0.7255	-0.4867	-0.8249
265.0	9.551016	-0.38259000000000004	7.447752	-0.12217304763960307	0.005235987755982988	0.13788101090755203	-0.7331	-0.4856	-0.82
266.0	9.508833000000001	-0.296262	7.440885	-0.1413716694115407	0.010471975511965976	0.15184364492350666	-0.7387	-0.4844	-0.8166
267.0	9.48627	-0.095157	7.469334	-0.18151424220741028	-0.006981317007977318	0.1780235837034216	-0.7426	-0.4831	-0.815
268.0	9.318519	-0.074556	7.505631	-0.24085543677521748	-0.024434609527920613	0.23911010752322315	-0.7442	-0.4821	-0.8143
269.0	8.421885000000001	-0.003924	7.242723	-0.31066860685499065	-0.027925268031909273	0.30019663134302466	-0.7454	-0.4805	-0.8139
270.0	7.073991	0.093195	7.512498000000001	-0.32986722862692824	-0.041887902047863905	0.3246312408709453	-0.7465	-0.4785	-0.8135
271.0	7.066143000000001	-0.102024	7.383006000000001	-0.3490658503988659	-0.027925268031909273	0.3455751918948773	-0.7475	-0.4764	-0.8121
272.0	6.937632000000001	-0.32569200000000004	7.392816000000001	-0.3700098014227979	-0.03316125578789226	0.3490658503988659	-0.7488	-0.4733	-0.8094
273.0	6.732603	-0.37081800000000004	7.432056000000001	-0.36302848441482055	-0.05759586531581287	0.3368485456349056	-0.7496	-0.47	-0.8051
274.0	6.675705000000001	-0.464994	7.411455	-0.33510321638291124	-0.03665191429188092	0.30543261909900765	-0.7507	-0.4673	-0.8001
275.0	6.580548	-0.508158	7.3996830000000005	-0.29670597283903605	-0.03665191429188092	0.2722713633111154	-0.7517	-0.4634	-0.7953
276.0	6.538365	-0.635688	7.363386000000001	-0.26529004630313807	-0.03490658503988659	0.2234021442552742	-0.7528	-0.4596	-0.7917
277.0	6.483429000000001	-0.7740090000000001	7.330032	-0.24783675378319478	-0.04363323129985824	0.2007128639793479	-0.7542	-0.4558	-0.7889
278.0	6.461847	-0.950589	7.301583	-0.21118483949131386	-0.05585053606381855	0.14835298641951802	-0.7552	-0.4523	-0.7881
279.0	6.4363410000000005	-1.091853	7.2701910000000005	-0.15184364492350666	-0.059341194567807204	0.09948376736367678	-0.7563	-0.4488	-0.7887
280.0	6.408873	-1.189953	7.247628000000001	-0.13788101090755203	-0.061086523819801536	0.061086523819801536	-0.758	-0.4454	-0.7903
281.0	6.387291	-1.259604	7.222122	-0.1291543646475804	-0.06632251157578452	0.03665191429188092	-0.7597	-0.4423	-0.7935
282.0	6.395139	-1.2900150000000001	7.208388	-0.11868238913561441	-0.09075712110370514	0.015707963267948967	-0.7608	-0.4397	-0.7978
283.0	6.381405	-1.290996	7.1936729999999995	-0.12391837689159739	-0.08726646259971647	0.005235987755982988	-0.7619	-0.4373	-0.8033
284.0	6.364728	-1.273338	7.19073	-0.1117010721276371	-0.08552113334772216	-0.008726646259971648	-0.7622	-0.4351	-0.8093
285.0	6.369633	-1.261566	7.19073	-0.06981317007977318	-0.1064650843716541	-0.027925268031909273	-0.7628	-0.4339	-0.8154
286.0	6.394158000000001	-1.246851	7.1936729999999995	-0.038397243543875255	-0.1291543646475804	-0.06283185307179587	-0.7634	-0.4325	-0.8202
287.0	6.441246	-1.2036870000000002	7.189749	-0.013962634015954637	-0.143116998663535	-0.09250245035569947	-0.7635	-0.4319	-0.823
288.0	6.456942000000001	-1.1978010000000001	7.189749	0.041887902047863905	-0.16231562043547265	-0.15009831567151233	-0.7648	-0.4315	-0.8227
289.0	6.493239000000001	-1.195839	7.195635000000001	0.06806784082777885	-0.1832595714594046	-0.19722220547535926	-0.7654	-0.4313	-0.82
290.0	6.524631	-1.179162	7.197597000000001	0.08028514559173916	-0.19722220547535926	-0.21642082724729686	-0.765	-0.4313	-0.815
291.0	6.557004	-1.1997630000000001	7.196616000000001	0.10471975511965978	-0.19198621771937624	-0.2583087292951608	-0.7656	-0.432	-0.8088
292.0	6.56289	-1.2350790000000003	7.1887680000000005	0.16580627893946132	-0.2129301687433082	-0.3193952531149623	-0.7663	-0.4328	-0.8023
293.0	6.564852	-1.273338	7.199559000000001	0.21118483949131386	-0.24609142453120045	-0.36302848441482055	-0.7673	-0.4344	-0.797
294.0	6.5913390000000005	-1.29492	7.207407000000001	0.2775073510670984	-0.2844886680750757	-0.4241150082346221	-0.7688	-0.4363	-0.7927
295.0	6.600168	-1.2880530000000001	7.232913	0.3159045946109737	-0.30194196059501904	-0.4363323129985824	-0.7698	-0.4384	-0.7894
296.0	6.617826	-1.233117	7.283925000000001	0.36477381366681483	-0.33510321638291124	-0.43982297150257105	-0.7713	-0.442	-0.7869
297.0	6.638427	-1.164447	7.342785000000001	0.3909537524467298	-0.4014257279586958	-0.42062434973063345	-0.7728	-0.4453	-0.7862
298.0	6.657066	-1.060461	7.409493	0.41015237421866746	-0.4852015320544236	-0.3787364476827695	-0.7745	-0.4489	-0.786
299.0	6.646275	-0.948627	7.489935	0.4328416544945937	-0.6108652381980153	-0.33335788713091696	-0.7763	-0.4529	-0.7867
300.0	6.619788	-0.8240400000000001	7.626294000000001	0.25132741228718347	-0.8115781021773633	-0.2984513020910304	-0.7791	-0.458	-0.7885
301.0	6.557985	-0.758313	7.899012000000001	0.23736477827122882	-1.1519173063162575	-0.33510321638291124	-0.7819	-0.4627	-0.7897
302.0	6.533460000000001	-0.659232	8.100117000000001	0.21991148575128552	-1.4800392056911915	-0.3385938748868999	-0.7854	-0.4682	-0.7904
303.0	6.520707	-0.44145	8.275716000000001	0.20769418098732523	-1.6545721308906243	-0.28623399732707	-0.79	-0.4736	-0.7894
304.0	6.503049000000001	-0.244269	8.441505000000001	0.19722220547535926	-2.0158552860534504	-0.18151424220741028	-0.7953	-0.4789	-0.787
305.0	6.473619000000001	-0.11968200000000001	8.61318	0.12391837689159739	-2.424262331020124	-0.12391837689159739	-0.802	-0.4839	-0.7811
306.0	6.409854	-0.051012	8.784855	0.1466076571675237	-2.8693212902786778	-0.08028514559173916	-0.81	-0.4877	-0.7709
307.0	6.3549180000000005	-0.033354	8.937891	0.14486232791552936	-3.3283428835531863	-0.08203047484373349	-0.8197	-0.4918	-0.7602
308.0	6.308811	-0.06572700000000001	9.070326	0.1413716694115407	-3.7803831598197175	-0.14486232791552936	-0.8311	-0.4958	-0.7469
309.0	6.2558370000000005	-0.111834	9.216495	0.15358897417550102	-4.043927876870861	-0.25132741228718347	-0.8447	-0.4997	-0.7292
310.0	6.191091	-0.244269	9.362664	0.25132741228718347	-4.658283773572865	-0.2932153143350474	-0.8599	-0.5026	-0.7091
311.0	6.138117	-0.334521	9.370512000000002	0.44505895925855404	-5.370378108386552	-0.39793506945470714	-0.8768	-0.5059	-0.6864
312.0	6.050808000000001	-0.513063	9.341082	0.6649704450098396	-6.199409503083858	-0.57246799465414	-0.8958	-0.5092	-0.6587
313.0	6.025302	-0.8652420000000001	9.354816000000001	0.8028514559173916	-7.059856824317063	-0.8150687606813519	-0.9157	-0.5128	-0.6247
314.0	6.087105000000001	-1.184067	9.449973000000002	0.9581857593448869	-7.878416243502403	-1.1135200627723822	-0.9372	-0.5173	-0.5845
315.0	6.43536	-1.4352030000000002	9.522567	1.2426744274199626	-8.613199858592017	-1.4154620233674011	-0.9592	-0.5234	-0.5392
316.0	7.001397000000001	-1.771686	9.453897000000001	1.5271630954950384	-8.97797367225883	-1.65282680163863	-0.9803	-0.531	-0.488
317.0	8.312013	-1.982601	9.34893	1.932079481957723	-9.320058205649719	-1.9495327744776663	-1.0006	-0.5404	-0.427
318.0	9.620667000000001	-2.147409	9.254754	1.932079481957723	-9.320058205649719	-1.9495327744776663	-1.0188	-0.549	-0.3694
319.0	11.067642000000001	-1.8413370000000002	9.092889	1.4346606451393389	-9.414305985257414	-2.038544566329377	-1.0317	-0.5622	-0.2965
320.0	13.442643000000002	-2.014974	9.307728000000001	0.9686577348568529	-8.35663645854885	-1.6545721308906243	-1.0403	-0.577	-0.2179
321.0	15.618501000000002	-2.487816	9.642249	0.640535835481919	-6.806784082777885	-1.5236724369910497	-1.0428	-0.5927	-0.1369
322.0	17.452971	-2.9243609999999998	10.448631	0.49741883681838395	-5.757841202329293	-1.6807520696705394	-1.0391	-0.6089	-0.0563
323.0	18.419256	-3.346191	11.056851	0.6719517620178169	-4.3074725939220055	-1.4556045961632709	-1.0308	-0.6255	0.0223
324.0	20.005533	-3.8298240000000003	12.000573000000001	0.630063859969953	-1.2514010736799344	-0.5707226654021458	-1.0177	-0.6414	0.0948
325.0	20.721663	-4.408614	13.112046000000001	1.069886831472524	1.0262536001726656	-0.15707963267948966	-1.0018	-0.6564	0.1629
326.0	20.258631	-4.662693	14.077350000000001	1.509709802975095	1.7715091907742444	-0.031415926535897934	-0.9854	-0.669	0.2175
327.0	18.771435	-4.686237	14.74443	1.4381513036433275	2.1205750411731104	0.09948376736367678	-0.9686	-0.6791	0.2634
328.0	17.379396	-4.522410000000001	15.17607	0.9546951008408983	2.7960174616949156	0.13264502315156904	-0.9519	-0.6883	0.3062
329.0	15.887295	-4.754907	15.507648000000001	0.6475171524898963	3.1956978604016175	0.08552113334772216	-0.9392	-0.6926	0.3264
330.0	13.442643000000002	-4.418424000000001	15.278094	-0.061086523819801536	3.9845866823030547	-0.09948376736367678	-0.929	-0.6959	0.3342
331.0	11.123559	-3.769983	14.828796	-0.7120943348136864	4.639085151800928	-0.3159045946109737	-0.9232	-0.6984	0.3314
332.0	9.074250000000001	-3.14901	13.906656	-1.19729586686811	5.045746867515607	-0.5201081170943103	-0.921	-0.7004	0.3186
333.0	7.822494000000001	-2.527056	13.067901	-1.541125729510993	5.3511794866146145	-0.635299847725936	-0.9219	-0.702	0.2957
334.0	5.879133000000001	-1.901178	11.765133	-1.7924531417981764	5.621705520673736	-0.6649704450098396	-0.9253	-0.7038	0.2667
335.0	4.628358	-1.240965	10.265184	-1.9093902016817965	5.913175505756788	-0.5742133239061344	-0.9302	-0.7062	0.2287
336.0	4.44393	-0.874071	9.026181000000001	-1.9250981649497454	6.054547175168329	-0.5009094953223726	-0.9352	-0.7101	0.1893
337.0	4.619529	-0.881919	8.150148	-1.848303677861995	6.358234465015343	-0.312413936106985	-0.9392	-0.7146	0.1424
338.0	4.759812	-1.1095110000000001	7.538985	-1.6702800941585734	6.637487145334435	-0.07853981633974483	-0.943	-0.7204	0.0917
339.0	4.922658	-1.392039	7.105383000000001	-1.551597705022959	6.846926655573755	0.2129301687433082	-0.9454	-0.727	0.037
340.0	5.197338000000001	-1.6461180000000002	6.8405130000000005	-1.583013631558857	7.031931556285153	0.5532693728822025	-0.9463	-0.7317	-0.0212
341.0	5.63094	-1.815831	6.726717	-1.6859880574265222	7.134905982152819	0.9005898940290741	-0.9458	-0.735	-0.0827
342.0	6.191091	-1.913931	6.781653	-1.7488199104983182	7.14712328691678	1.0611601852125523	-0.9435	-0.737	-0.1476
343.0	6.825798	-1.904121	6.981777	-2.0001473227855016	7.127924665144842	1.3631021458075714	-0.9388	-0.7354	-0.215
344.0	7.540947000000001	-1.8236790000000003	7.298640000000001	-2.2776546738526	7.0773101168370065	1.5725416560468908	-0.9311	-0.7306	-0.2851
345.0	8.286507	-1.679472	7.698888000000001	-2.5254914276357945	6.963863715457375	1.6929693744344996	-0.9189	-0.7225	-0.3573
346.0	9.043839	-1.3979249999999999	8.158977	-2.815216083466854	6.770132168486004	1.7313666179783749	-0.9016	-0.7096	-0.4308
347.0	9.846297000000002	-0.981981	8.695584	-3.129375348825833	6.461208890883007	1.7086773377024487	-0.8785	-0.6934	-0.5038
348.0	10.78119	-0.502272	9.297918000000001	-3.42259066316088	6.140068308516051	1.6406094968746698	-0.8498	-0.6729	-0.5745
349.0	11.845575	-0.027468000000000003	9.99639	-3.590142271352336	5.9899699928445385	1.6004669240788003	-0.8152	-0.648	-0.6418
350.0	13.082616	0.44046900000000005	10.794924000000002	-3.972369377539094	5.693264020005503	1.6249015336067207	-0.7765	-0.6205	-0.7048
351.0	14.786613000000001	0.9191970000000002	11.274633	-4.330161874197931	5.525712411814048	2.033308578573394	-0.7339	-0.5897	-0.7634
352.0	16.426845	1.2448890000000001	11.215773	-3.9968039870670147	5.3005649383067786	2.8099800957108707	-0.6892	-0.5558	-0.8168
353.0	17.950338000000002	1.5342840000000002	10.529073	-2.4486969405480448	4.715879638888678	3.574434308084387	-0.6431	-0.521	-0.8634
354.0	19.618038000000002	2.168991	9.217476	-0.5777039824101231	3.864158963915446	3.652974124424132	-0.5971	-0.4867	-0.902
355.0	21.206277000000004	3.303027	7.153452	0.07853981633974483	3.563962332572421	3.532546406036523	-0.5523	-0.4544	-0.9331
356.0	22.566924	4.621491000000001	4.480227	0.7661995416255106	2.8204520712228365	3.001966313430247	-0.5107	-0.4263	-0.957
357.0	23.834376000000002	6.203844	1.446975	0.9267698328089891	1.684242728174528	2.0629791758572975	-0.4739	-0.4023	-0.9736
358.0	24.929172	7.901955	-1.713807	0.4869468613064179	0.6544984694978736	1.0524335389525807	-0.4423	-0.3825	-0.9861
359.0	25.671789	9.21159	-4.809843000000001	0.23387411976724015	-0.21118483949131386	-0.12391837689159739	-0.4174	-0.3671	-0.9959
360.0	26.051436000000002	10.239678000000001	-7.6361040000000004	0.6457718232379019	-1.059414855960558	-1.4590952546672593	-0.3979	-0.3561	-1.0041
361.0	25.898400000000002	10.13373	-9.096813000000001	1.2374384396639797	-1.589994948566834	-2.663372438543347	-0.3841	-0.3506	-1.0103
362.0	23.025051	9.826677	-10.364265	2.66860842629933	-2.6040312439755393	-4.326671215693943	-0.3758	-0.3521	-1.0144
363.0	21.766428	9.017352	-7.799931000000001	4.571017310973149	-5.422737985946382	-6.660176425610362	-0.3728	-0.3632	-1.015
364.0	19.562121	9.532377	-6.376500000000001	3.844960342143508	-5.120796025351362	-6.028367236388414	-0.3751	-0.3823	-1.0125
365.0	19.628829000000003	8.46603	-4.9795560000000005	1.907644872429802	-6.457718232379019	-0.8115781021773633	-0.3849	-0.4044	-1.0071
366.0	19.882908000000004	7.7812920000000005	-2.1160170000000003	1.7976891295541595	-5.059709501531561	1.0995574287564276	-0.4013	-0.4278	-0.9988
367.0	18.355491	7.538985	0.45224100000000006	1.101302758008422	-4.34586983746588	1.1990411961201044	-0.4236	-0.4511	-0.989
368.0	16.319916	6.712983	3.062682	0.5689773361501514	-4.312708581677988	0.9145525280450286	-0.4503	-0.4738	-0.9767
369.0	16.988958	3.887703	5.672142000000001	0.24434609527920614	-3.7419859162758424	-0.07853981633974483	-0.4798	-0.4963	-0.9614
370.0	15.893181000000002	2.6398710000000003	7.481106	0.8901179185171081	-1.0000736613927508	-0.4014257279586958	-0.5097	-0.5195	-0.9431
371.0	14.306904	3.268692	8.382645	0.28099800957108706	-0.5201081170943103	-0.28623399732707	-0.5387	-0.5416	-0.9218
372.0	15.530211	3.328533	9.547092	-0.0017453292519943296	-0.22863813201125716	-0.04363323129985824	-0.566	-0.5607	-0.8992
373.0	15.098571	4.017195	7.526232	-0.09599310885968812	-0.1064650843716541	-0.04014257279586958	-0.5916	-0.5735	-0.8772
374.0	15.400719000000002	3.015594	7.144623	-0.17453292519943295	-0.008726646259971648	0.027925268031909273	-0.6147	-0.5802	-0.8574
375.0	13.320018	2.987145	7.54389	-0.20769418098732523	0.027925268031909273	0.06632251157578452	-0.6329	-0.5842	-0.8402
376.0	11.155932	2.332818	7.072029000000001	-0.21118483949131386	0.05759586531581287	0.08203047484373349	-0.6466	-0.5864	-0.8271
377.0	10.711539000000002	0.9319500000000001	7.155414000000001	-0.21991148575128552	0.008726646259971648	0.10821041362364843	-0.6551	-0.5878	-0.8184
378.0	10.753722000000002	-0.08534699999999999	7.228008000000001	-0.24783675378319478	-0.029670597283903602	0.1710422666954443	-0.6598	-0.5887	-0.8129
379.0	8.257077	1.237041	7.085763000000001	-0.2565634000431664	-0.054105206811824215	0.19373154697137057	-0.6619	-0.5892	-0.8116
380.0	7.653762	1.1948580000000002	7.312374	-0.2932153143350474	-0.05759586531581287	0.2234021442552742	-0.6634	-0.588	-0.8124
381.0	7.533099000000001	0.39534300000000006	7.377120000000001	-0.2879793265790644	-0.07504915783575616	0.24085543677521748	-0.6652	-0.5865	-0.8158
382.0	7.3388610000000005	0.515025	7.451676000000001	-0.35779249665883756	-0.11693705988362008	0.317649923862968	-0.6667	-0.5841	-0.8203
383.0	7.233894000000001	0.42084900000000003	7.440885	-0.4223696789826277	-0.12042771838760874	0.38746309394274114	-0.6682	-0.5815	-0.8257
384.0	7.0592760000000006	0.244269	7.486011	-0.4537856055185257	-0.11868238913561441	0.41364303272265607	-0.67	-0.5783	-0.8334
385.0	6.947442000000001	0.091233	7.457562	-0.4188790204786391	-0.13264502315156904	0.3909537524467298	-0.6717	-0.5748	-0.8388
386.0	6.861114000000001	-0.067689	7.381044	-0.3735004599267865	-0.10821041362364843	0.3490658503988659	-0.6739	-0.5705	-0.846
387.0	6.790482000000001	-0.27958500000000003	7.314336000000001	-0.3141592653589793	-0.09599310885968812	0.28099800957108706	-0.6763	-0.5667	-0.8511
388.0	6.7159260000000005	-0.47088	7.253514	-0.2844886680750757	-0.09250245035569947	0.24609142453120045	-0.6792	-0.5627	-0.8546
389.0	6.6472560000000005	-0.630783	7.196616000000001	-0.21118483949131386	-0.08203047484373349	0.1710422666954443	-0.6812	-0.5587	-0.8551
390.0	6.589377	-0.782838	7.155414000000001	-0.14486232791552936	-0.061086523819801536	0.09075712110370514	-0.6835	-0.5551	-0.8556
391.0	6.552099000000001	-1.0084680000000001	7.0896870000000005	-0.061086523819801536	-0.04014257279586958	-0.003490658503988659	-0.6851	-0.551	-0.8579
392.0	6.505992000000001	-1.2703950000000002	7.039656000000001	0.020943951023931952	-0.015707963267948967	-0.12391837689159739	-0.6866	-0.5478	-0.8604
393.0	6.472638000000001	-1.458747	6.9906060000000005	0.1291543646475804	-0.008726646259971648	-0.25132741228718347	-0.6877	-0.5449	-0.8599
394.0	6.462828000000001	-1.5519420000000002	6.953328	0.17453292519943295	-0.019198621771937627	-0.30019663134302466	-0.6882	-0.543	-0.8586
395.0	6.458904	-1.524474	6.954309	0.21118483949131386	-0.013962634015954637	-0.3490658503988659	-0.6888	-0.5417	-0.8598
396.0	6.474600000000001	-1.4724810000000002	6.962157	0.21642082724729686	-0.054105206811824215	-0.3787364476827695	-0.6886	-0.5418	-0.8579
397.0	6.513840000000001	-1.3665330000000002	6.970986000000001	0.2059488517353309	-0.06981317007977318	-0.38048177693476387	-0.6887	-0.5421	-0.8564
398.0	6.544251000000001	-1.240965	6.992568	0.2234021442552742	-0.09948376736367678	-0.3665191429188092	-0.6882	-0.5435	-0.8551
399.0	6.589377	-1.116378	7.022979	0.2303834612632515	-0.1117010721276371	-0.35779249665883756	-0.6884	-0.5458	-0.8548
400.0	6.624693000000001	-0.981981	7.069086	0.21467549799530256	-0.15184364492350666	-0.32114058236695664	-0.6875	-0.5479	-0.8541
401.0	6.652161	-0.806382	7.12206	0.19896753472735357	-0.16755160819145562	-0.29496064358704166	-0.6865	-0.5508	-0.8496
401.99999999999994	6.674724	-0.6288210000000001	7.174053	0.1466076571675237	-0.20943951023931956	-0.2530727415391778	-0.6867	-0.5545	-0.8471
403.0	6.686496	-0.488538	7.250571	0.16406094968746698	-0.2932153143350474	-0.2583087292951608	-0.6864	-0.5581	-0.8449
404.0	6.702192000000001	-0.3924	7.320222	0.21118483949131386	-0.3769911184307752	-0.26529004630313807	-0.6866	-0.5616	-0.8446
405.0	6.716907	-0.351198	7.3947780000000005	0.24783675378319478	-0.4852015320544236	-0.26878070480712674	-0.6868	-0.5654	-0.8403
405.99999999999994	6.711021000000001	-0.334521	7.499745	0.24085543677521748	-0.635299847725936	-0.29496064358704166	-0.6869	-0.5689	-0.8371
407.0	6.645294000000001	-0.367875	7.727337	0.21118483949131386	-0.788888821901437	-0.3909537524467298	-0.6876	-0.5727	-0.8337
408.0	6.602130000000001	-0.43360200000000004	7.933347	0.20245819323134223	-1.1205013797803596	-0.4328416544945937	-0.6893	-0.5766	-0.8294
409.0	6.547194	-0.36297	8.128566000000001	0.19896753472735357	-1.4398966328953218	-0.4328416544945937	-0.6914	-0.5801	-0.8232
409.99999999999994	6.506973	-0.27468000000000004	8.321823	0.21118483949131386	-1.8256143975860686	-0.36826447217080355	-0.6956	-0.5846	-0.8153
411.00000000000006	6.460866	-0.17658	8.515080000000001	0.17278759594743864	-2.2706733568446227	-0.24783675378319478	-0.7019	-0.5888	-0.8081
412.0	6.410835	0.010791000000000002	8.707356	0.11344640137963143	-2.7296949501191317	-0.08028514559173916	-0.7091	-0.5926	-0.7968
413.0	6.362766	0.190314	8.889822	0.11868238913561441	-3.220132469929538	0.05235987755982989	-0.7188	-0.5963	-0.7864
413.99999999999994	6.295077000000001	0.248193	9.088965	0.1308996938995747	-3.501130479500625	0.04537856055185257	-0.7301	-0.5997	-0.7709
415.00000000000006	6.2352360000000004	0.181485	9.265545000000001	0.2879793265790644	-4.056145181634822	-0.0890117918517108	-0.7448	-0.6031	-0.7557
416.0	6.193053	0.019620000000000002	9.372474	0.44505895925855404	-4.574507969477138	-0.28623399732707	-0.7616	-0.6066	-0.7361
417.0	6.181281	-0.223668	9.354816000000001	0.5061454830783556	-5.138249317871306	-0.5462880558742251	-0.7809	-0.6104	-0.7126
418.0	6.124383	-0.41103900000000004	9.380322000000001	0.757472895365539	-5.902703530244822	-0.8307767239493009	-0.8011	-0.6149	-0.6847
419.00000000000006	6.050808000000001	-0.792648	9.373455	0.9669124056048586	-6.719517620178169	-1.213003830136059	-0.8233	-0.6204	-0.653
420.0	6.037074	-1.2851100000000002	9.328329	1.0663961729685354	-7.103490055616922	-1.6964600329384885	-0.8459	-0.6271	-0.6156
421.0	6.136155	-1.688301	9.363645	1.2269664641520137	-7.866198938738443	-1.8936822384138476	-0.8679	-0.6358	-0.5719
422.0	6.389253	-2.053233	9.48627	1.8448130193580063	-8.594001236820079	-2.2584560520806627	-0.8889	-0.6469	-0.5208
423.00000000000006	7.169148000000001	-2.28573	9.405828	2.2811453323565885	-9.224065096790032	-2.542944720155738	-0.9078	-0.6607	-0.4624
424.0	8.56413	-2.4525	9.394056	2.101376419401173	-9.258971681829918	-2.4870941840919194	-0.9235	-0.6768	-0.3974
425.0	9.978732	-2.39364	9.121338	2.0158552860534504	-9.616764178488756	-2.530727415391778	-0.9338	-0.6951	-0.3261
426.0	11.633679	-2.181744	9.132129	1.7610372152622786	-9.365436766201572	-2.3509585024363617	-0.9389	-0.7148	-0.2495
426.99999999999994	14.233329000000001	-2.391678	9.606933	1.642354826126664	-8.625417163355976	-2.218313479284793	-0.9367	-0.7355	-0.1692
428.0	16.73586	-2.9263230000000005	10.166103	1.24965574442794	-6.684611035138282	-2.0839231268812295	-0.9296	-0.7561	-0.0884
429.0	18.477135	-3.510999	10.963656	1.4451326206513049	-4.839798015780276	-1.6179202165987436	-0.9172	-0.7767	-0.0088
430.0	20.115405000000003	-3.9396960000000005	11.384505	1.3910274138394807	-2.2444934180647076	-0.22863813201125716	-0.9016	-0.7951	0.0668
430.99999999999994	21.752694	-4.391937	12.248766	1.3439035240356338	0.3717551306747922	0.6370451769779303	-0.8847	-0.811	0.1363
432.0	22.429584000000002	-4.918734	12.805973999999999	1.6667894356545847	1.3997540600994522	0.9040805525330626	-0.8682	-0.8232	0.1973
433.0	21.547665	-5.2591410000000005	13.281759000000001	1.7278759594743862	1.5707963267948966	0.9861110273767962	-0.8529	-0.8321	0.2491
434.0	20.126196	-5.0786370000000005	13.476977999999999	1.5603243512829308	1.9408061282176945	0.9878563566287906	-0.8404	-0.8374	0.2917
434.99999999999994	18.621342000000002	-4.960917	13.778145000000002	1.0297442586766545	2.6179938779914944	0.8464846872172498	-0.8318	-0.8403	0.3236
436.00000000000006	16.782948	-4.8471210000000005	13.685931	0.3769911184307752	3.385938748868999	0.5375614096142535	-0.8279	-0.8412	0.3458
437.0	13.881150000000002	-4.1682690000000004	13.019832	-0.36826447217080355	4.036946559862884	0.20943951023931956	-0.8304	-0.8406	0.3581
438.0	11.012706000000001	-3.174516	12.148704	-1.1554079648202462	4.468042885105484	-0.015707963267948967	-0.8369	-0.8394	0.3614
438.99999999999994	8.916309	-2.159181	11.03625	-1.7976891295541595	4.738568919164605	-0.1361356816555577	-0.8477	-0.8382	0.3564
440.00000000000006	6.915069	-1.3194450000000002	10.298538	-2.022836603061428	4.860741966804208	-0.1832595714594046	-0.8613	-0.838	0.3436
441.0	4.912848	-0.636669	9.028143	-2.209586833024821	5.096361415823442	-0.24609142453120045	-0.8758	-0.8394	0.3236
442.0	3.831786	-0.04316400000000001	7.998093000000001	-2.223549467040776	5.4087753519304265	-0.22689280275926285	-0.8898	-0.8428	0.2962
443.0	3.907323	0.22857300000000003	7.277058	-2.1101030656611446	5.7805304826052195	-0.09250245035569947	-0.9031	-0.8473	0.2611
444.00000000000006	4.015233	0.024525	6.7718430000000005	-1.9408061282176945	6.269222673163632	0.1291543646475804	-0.9158	-0.8537	0.2178
445.0	4.182003	-0.226611	6.454980000000001	-1.710422666954443	6.672393730374322	0.38048177693476387	-0.9268	-0.86	0.1671
446.0	4.456683	-0.502272	6.3166590000000005	-1.488765851951163	6.916739825653528	0.6422811647339133	-0.9357	-0.8658	0.1095
447.0	4.91481	-0.7808760000000001	6.317640000000001	-1.4311699866353502	7.012732934513216	0.7749261878854823	-0.9431	-0.8702	0.0466
448.00000000000006	5.5769850000000005	-1.0065060000000001	6.446151	-1.4067353771074296	7.148868616168774	0.9930923443847735	-0.9483	-0.8728	-0.0198
449.0	6.346089000000001	-1.091853	6.679629	-1.488765851951163	7.237880408020485	1.192059879112127	-0.9507	-0.8733	-0.0906
450.0	7.211331	-0.987867	7.018074	-1.7802358370342162	7.3216562121162125	1.3753194505715316	-0.9501	-0.871	-0.1641
451.0	8.092269	-0.8328690000000001	7.413417000000001	-2.192133540504878	7.476990515543707	1.567305668290908	-0.946	-0.8655	-0.239
451.99999999999994	8.990865	-0.669042	7.848000000000001	-2.443460952792061	7.534586380859521	1.6755160819145565	-0.939	-0.8564	-0.3147
453.0	9.872784	-0.47284200000000004	8.326728000000001	-2.5254914276357945	7.527605063851544	1.7069320084504542	-0.9283	-0.8436	-0.3896
454.0	10.842993	-0.18639	8.931024	-2.6773350725593015	7.3967053699519685	1.7889624832941877	-0.9131	-0.8266	-0.4625
455.0	12.050604	0.164808	9.642249	-2.8501226685067405	7.276277651564359	1.8989182261698305	-0.8933	-0.8064	-0.5328
455.99999999999994	13.372011	0.496386	10.425087	-3.080506129769992	7.258824359044416	1.99142067652553	-0.8686	-0.7824	-0.6007
457.0	14.742468	0.7475220000000001	11.194191	-3.3580134808370903	7.073819458333018	2.071705822117269	-0.8377	-0.7545	-0.6668
458.0	16.017768	0.801477	11.774943	-3.501130479500625	6.445500927615059	2.1275563581810877	-0.8022	-0.7231	-0.7314
459.0	17.460819	0.65727	12.063357	-3.2777283352453512	5.276130328778859	2.2706733568446227	-0.7626	-0.6872	-0.793
459.99999999999994	19.391427	0.498348	11.863233000000001	-3.113667385557884	4.907865856608055	2.4609142453120048	-0.7204	-0.6485	-0.8517
461.00000000000006	21.115044	0.6248970000000001	10.946978999999999	-2.802998778702893	4.597197249753064	2.965314399138366	-0.6761	-0.608	-0.907
462.0	22.034241	1.6166880000000001	9.285165000000001	-2.7349309378751143	3.759439208795786	3.827507049623565	-0.6305	-0.5652	-0.9578
463.0	23.109417000000004	2.404431	7.208388	-2.1903882112528836	2.3736477827122884	4.249876728606193	-0.5862	-0.5209	-1.004
463.99999999999994	24.462215999999998	2.988126	4.7225340000000005	0.26005405854715513	1.7453292519943295	3.607595563872279	-0.5444	-0.4779	-1.0447
465.00000000000006	25.547202000000002	4.124124	1.7667810000000002	2.1851522234969005	1.3264502315156905	2.426007660272118	-0.5052	-0.4381	-1.0798
466.0	26.275104	5.897772	-1.5391890000000001	2.319542575900464	0.9616764178488756	1.7872171540421935	-0.4711	-0.4044	-1.1106
467.0	26.614530000000002	7.577244	-4.723515	1.4329153158873444	-0.1117010721276371	0.20769418098732523	-0.443	-0.3773	-1.1343
468.0	26.875476	9.050706	-7.331994	0.16406094968746698	-1.1938052083641215	-1.4381513036433275	-0.4209	-0.3563	-1.1515
469.00000000000006	26.850951	10.195533	-9.172350000000002	-0.6963863715457375	-1.6702800941585734	-2.6232298657474775	-0.4059	-0.3402	-1.1676
470.0	24.978222	8.523909	-8.572959	4.056145181634822	-2.235766771804736	-5.050982855271589	-0.3958	-0.3308	-1.1755
471.0	21.012039	8.206065	-6.564852	6.36521578202332	-4.249876728606193	-7.084291433844983	-0.3922	-0.3324	-1.1761
472.0	18.449667	7.968663	-4.1633640000000005	4.3319072034499255	-5.276130328778859	-4.797910113732412	-0.3944	-0.3475	-1.174
473.00000000000006	17.548128000000002	8.434638	-2.8723680000000003	2.506292805863857	-5.859070298944964	-1.8954275676658419	-0.4026	-0.3726	-1.165
474.0	17.755119	8.435619	-0.5729040000000001	1.4067353771074296	-5.548401692089973	0.8325220532012952	-0.4184	-0.4015	-1.1513
475.0	16.500420000000002	8.663211	2.14839	1.2636183784438948	-4.2900193014020624	1.0419615634406147	-0.4414	-0.431	-1.1323
476.0	14.362821	8.343405	4.7048760000000005	0.15707963267948966	-4.291764630654057	0.4886921905584123	-0.4689	-0.4593	-1.1127
476.99999999999994	12.588192	7.320222	7.091649	-0.6178465552059926	-4.232423436086249	0.07679448708775051	-0.4999	-0.4851	-1.0913
478.0	11.113749	5.390595	8.930043000000001	-0.4834562028024293	-4.002039974822998	0.16406094968746698	-0.5342	-0.5093	-1.0685
479.0	11.923074000000002	2.465253	10.636002000000001	0.33161255787892263	-3.232349774693498	-0.06632251157578452	-0.5705	-0.5331	-1.04
480.0	12.326265	4.527315000000001	9.716805	0.9180431865490174	-0.9564404300928926	-0.35779249665883756	-0.6073	-0.5563	-1.0135
480.99999999999994	14.056749000000002	5.3248679999999995	8.524890000000001	0.20245819323134223	-0.6963863715457375	-0.21118483949131386	-0.6435	-0.5728	-0.9897
482.0	15.410529	4.2369390000000005	7.360443	0.16580627893946132	-0.3141592653589793	-0.12217304763960307	-0.6774	-0.5809	-0.9652
483.0	14.5188	2.98224	7.758729000000001	0.11693705988362008	-0.158824961931484	-0.1780235837034216	-0.7071	-0.5841	-0.9456
484.0	12.135951000000002	2.31516	7.426170000000001	0.06632251157578452	-0.059341194567807204	-0.1361356816555577	-0.7313	-0.5865	-0.931
484.99999999999994	11.143179	0.8887860000000001	7.037694000000001	-0.008726646259971648	-0.027925268031909273	-0.06632251157578452	-0.7496	-0.588	-0.9201
486.00000000000006	11.241279	-0.6994530000000001	7.05339	-0.008726646259971648	-0.03316125578789226	-0.041887902047863905	-0.7633	-0.5892	-0.9092
487.0	11.245203000000002	-1.493082	7.1024400000000005	-0.031415926535897934	-0.020943951023931952	-0.012217304763960306	-0.7732	-0.591	-0.9034
488.0	11.025459	-1.005525	7.266267000000001	-0.06806784082777885	-0.020943951023931952	0.031415926535897934	-0.7792	-0.5934	-0.9004
488.99999999999994	8.521947	0.9368550000000001	7.019055000000001	-0.12391837689159739	-0.04363323129985824	0.08203047484373349	-0.7812	-0.5966	-0.897
490.00000000000006	7.629237	0.6052770000000001	7.365348000000001	-0.15707963267948966	-0.0645771823237902	0.10821041362364843	-0.7824	-0.5983	-0.8959
491.0	7.590978000000001	-0.08044200000000001	7.240761	-0.15707963267948966	-0.0645771823237902	0.10821041362364843	-0.7824	-0.5993	-0.8956
492.0	7.195635000000001	0.243288	7.380063	-0.21118483949131386	-0.06806784082777885	0.17453292519943295	-0.7825	-0.5994	-0.8944
493.0	7.115193	0.23544	7.39674	-0.26703537555513246	-0.06806784082777885	0.24085543677521748	-0.7835	-0.5987	-0.8936
494.00000000000006	6.940575000000001	0.203067	7.39674	-0.3089232776029963	-0.06632251157578452	0.2897246558310587	-0.7835	-0.5973	-0.8923
495.0	6.8454180000000004	0.038259	7.360443	-0.2792526803190927	-0.07679448708775051	0.24609142453120045	-0.7841	-0.5955	-0.8923
496.0	6.750261000000001	-0.12360600000000001	7.323165000000001	-0.21467549799530256	-0.07679448708775051	0.17278759594743864	-0.7846	-0.593	-0.8918
497.0	6.649218	-0.32569200000000004	7.278039000000001	-0.11693705988362008	-0.08726646259971647	0.05759586531581287	-0.7856	-0.5907	-0.8897
498.00000000000006	6.554061000000001	-0.602334	7.228008000000001	0.013962634015954637	-0.08028514559173916	-0.08028514559173916	-0.7872	-0.5881	-0.887
499.0	6.474600000000001	-0.844641	7.178958000000001	0.07853981633974483	-0.09599310885968812	-0.15533430342749532	-0.7883	-0.586	-0.8868
500.0	6.422607	-0.992772	7.135794000000001	0.15358897417550102	-0.08028514559173916	-0.24609142453120045	-0.7896	-0.584	-0.8859
501.0	6.377481	-1.071252	7.109307	0.17627825445142728	-0.0715584993317675	-0.30019663134302466	-0.7905	-0.5828	-0.8848
501.99999999999994	6.337260000000001	-1.130112	7.103421	0.16580627893946132	-0.09599310885968812	-0.31066860685499065	-0.7912	-0.5827	-0.8847
503.0	6.325488000000001	-1.201725	7.097535000000001	0.15707963267948966	-0.10821041362364843	-0.31066860685499065	-0.7911	-0.5831	-0.884
504.0	6.336279	-1.227231	7.096554000000001	0.1413716694115407	-0.12391837689159739	-0.30019663134302466	-0.7914	-0.5838	-0.8826
505.0	6.387291	-1.126188	7.099497	0.1291543646475804	-0.12391837689159739	-0.2722713633111154	-0.7922	-0.5856	-0.8812
505.99999999999994	6.443208000000001	-0.940779	7.119117	0.05061454830783556	-0.1291543646475804	-0.20769418098732523	-0.7925	-0.5882	-0.8799
507.0	6.505992000000001	-0.727902	7.15149	0.013962634015954637	-0.17453292519943295	-0.15707963267948966	-0.792	-0.5911	-0.8782
508.0	6.557004	-0.482652	7.195635000000001	-0.020943951023931952	-0.24434609527920614	-0.12391837689159739	-0.7916	-0.5937	-0.8768
509.0	6.608997	-0.27468000000000004	7.243704	-0.03490658503988659	-0.317649923862968	-0.08726646259971647	-0.7922	-0.5962	-0.8751
509.99999999999994	6.636465	-0.151074	7.303545000000001	-0.029670597283903602	-0.3769911184307752	-0.09075712110370514	-0.7926	-0.5989	-0.8732
511.00000000000006	6.671781000000001	-0.136359	7.350633	0.029670597283903602	-0.4310963252425994	-0.12566370614359174	-0.794	-0.6009	-0.8712
512.0	6.724755	-0.214839	7.367310000000001	0.08552113334772216	-0.4625122517784973	-0.14486232791552936	-0.796	-0.6026	-0.8687
513.0	6.743394	-0.266832	7.411455	0.1780235837034216	-0.5445427266222308	-0.16406094968746698	-0.7978	-0.6044	-0.8663
514.0	6.74928	-0.332559	7.4909159999999995	0.26878070480712674	-0.6614797865058508	-0.1780235837034216	-0.7999	-0.6066	-0.8637
515.0	6.752223000000001	-0.45616500000000004	7.782273000000001	0.26354471705114374	-0.8901179185171081	-0.26529004630313807	-0.8019	-0.6085	-0.8603
516.0	6.726717	-0.603315	7.98534	0.16231562043547265	-1.3020156219877697	-0.4066617157146788	-0.8049	-0.6105	-0.8561
517.0	6.684534	-0.553284	8.183502	0.08028514559173916	-1.715658654710426	-0.41364303272265607	-0.8097	-0.6126	-0.8508
518.0	6.633522	-0.429678	8.373816000000001	0.08377580409572781	-1.9216075064457567	-0.3141592653589793	-0.8152	-0.6152	-0.8436
519.0	6.576624000000001	-0.23936400000000002	8.551377	0.041887902047863905	-2.3928464044842257	-0.24434609527920614	-0.8221	-0.6177	-0.8336
520.0	6.5020679999999995	-0.034335000000000004	8.753463	-0.06806784082777885	-2.8797932657906435	-0.04014257279586958	-0.831	-0.6199	-0.8208
521.0	6.395139	0.072594	8.981055	-0.1361356816555577	-3.420845333908886	0.11519173063162574	-0.8418	-0.6222	-0.8041
522.0	6.272514	0.069651	9.210609	-0.08203047484373349	-3.9950586578150205	0.015707963267948967	-0.8547	-0.6241	-0.7836
523.0	6.180300000000001	-0.007848	9.392094	0.15358897417550102	-4.597197249753064	-0.15707963267948966	-0.8705	-0.6259	-0.759
524.0	6.105744	-0.10104300000000001	9.553959	0.2932153143350474	-5.1068333913354085	-0.27052603405912107	-0.8889	-0.6277	-0.731
525.0	5.966442	-0.258984	9.523548	0.34732052114687156	-5.4436819369703136	-0.34033920413889424	-0.9096	-0.6296	-0.7004
526.0	5.849703000000001	-0.542493	9.566712	0.6143558967020041	-6.3198372214714675	-0.5654866776461628	-0.933	-0.632	-0.6654
527.0	5.806539	-0.939798	9.581427000000001	1.0140362954087054	-7.2710416638083775	-0.9529497715889039	-0.9574	-0.6353	-0.6261
528.0	5.946822	-1.2576420000000001	9.689337	1.202531854624093	-8.192575508861383	-1.2688543661998777	-0.9831	-0.6397	-0.5816
529.0	6.422607	-1.525455	9.89829	1.481784534943186	-9.084438756630485	-1.4922565104551517	-1.0086	-0.6454	-0.5303
530.0	6.917031	-1.789344	10.075851	1.481784534943186	-9.084438756630485	-1.4922565104551517	-1.032	-0.6513	-0.4821
531.0	8.557263	-1.9894680000000002	10.091547	2.413790355508158	-10.103711039795174	-1.9216075064457567	-1.0525	-0.6614	-0.4154
532.0	10.024839	-1.790325	9.636363	2.209586833024821	-10.079276430267253	-1.88670092140587	-1.0689	-0.6735	-0.3417
533.0	12.156552000000001	-1.3734000000000002	9.98658	1.6126842288427605	-10.3724917446023	-1.642354826126664	-1.0799	-0.6871	-0.2612
534.0	14.470731	-1.9080450000000002	10.508472	0.9512044423369096	-9.655161422032633	-1.2077678423800762	-1.0842	-0.7008	-0.1746
535.0	16.558299	-2.335761	11.34036	0.45553093477052004	-8.091346412245713	-1.085594794740473	-1.0821	-0.7152	-0.083
536.0	17.843409	-2.882178	12.146742	0.3665191429188092	-5.693264020005503	-1.233947781159991	-1.0733	-0.7291	0.0101
537.0	19.929015	-3.375621	12.99825	0.6108652381980153	-3.2690016889853792	-0.57246799465414	-1.0595	-0.7424	0.1035
538.0	21.530007	-4.0132710000000005	14.201937000000001	0.5585053606381855	-1.048942880448592	-0.1780235837034216	-1.0422	-0.7542	0.1918
539.0	21.67029	-4.60089	15.212367	0.8848819307611251	1.7837264955382048	0.38746309394274114	-1.0241	-0.7637	0.2704
540.0	21.157227	-4.833387	15.828435	1.0506882097005865	2.853613327010729	0.640535835481919	-1.0084	-0.772	0.3476
541.0	19.490508	-4.756869	16.265961	0.778416846389471	3.344050846821135	0.783652834145454	-0.9952	-0.7746	0.3988
542.0	18.076887	-4.830444	16.918326	0.21118483949131386	4.11548637620263	0.7976154681614086	-0.9854	-0.7739	0.4337
543.0	15.960870000000002	-5.036454	16.616178	-0.41538836197465046	5.045746867515607	0.6335545184739416	-0.9805	-0.7705	0.4518
544.0	13.568211	-4.212414	16.008939	-0.7208209810736581	5.766567848589265	0.3385938748868999	-0.9815	-0.7661	0.4522
545.0	11.339379	-3.362868	14.968098000000001	-1.377064779823526	6.073745796940266	0.20769418098732523	-0.9877	-0.7598	0.4363
546.0	9.887499	-2.272977	13.886055	-1.9984019935335073	6.4716808663949745	0.05759586531581287	-0.9985	-0.7532	0.4055
547.0	7.60275	-1.31454	12.750057000000002	-2.4033183799961915	6.653195108602384	0.005235987755982988	-1.0129	-0.7458	0.3608
548.0	5.70942	-0.389457	11.179476	-2.5394540616517496	6.792821448761931	0.012217304763960306	-1.0289	-0.7383	0.306
549.0	5.028606	0.34236900000000003	9.739368	-2.4452062820440554	6.9586277277013915	0.07679448708775051	-1.0432	-0.7312	0.2429
550.0	5.0913900000000005	0.6906240000000001	8.729919	-2.1746802479849343	7.124434006640853	0.19024088846738194	-1.0542	-0.7248	0.173
551.0	5.245407	0.8142300000000001	8.08344	-1.9966566642815131	7.208209810736581	0.2565634000431664	-1.062	-0.7188	0.1006
552.0	5.367051000000001	0.8995770000000001	7.756767	-1.6371188383706812	7.325146870620201	0.3961897402027128	-1.0665	-0.7134	0.0274
553.0	5.574042	1.0575180000000002	7.672401000000001	-1.460840583919254	7.344345492392139	0.5742133239061344	-1.0676	-0.708	-0.0489
554.0	5.958594000000001	1.2703950000000002	7.7685390000000005	-1.5323990832510213	7.363544114164076	0.7539822368615504	-1.0647	-0.7022	-0.1231
555.0	6.564852	1.4675760000000002	8.005941000000002	-1.7994344588061537	7.363544114164076	0.921533845053006	-1.0587	-0.6957	-0.1991
556.0	7.359462	1.647099	8.392455	-2.090904443889207	7.426375967235872	1.0122909661567112	-1.0497	-0.6873	-0.2765
557.0	8.287488	1.8629190000000002	8.87805	-2.333505209916418	7.471754527787725	1.0192722831646885	-1.0365	-0.6764	-0.3528
558.0	9.239058	2.121903	9.425448000000001	-2.4486969405480448	7.480481174047696	1.038470904936626	-1.0194	-0.6627	-0.4299
559.0	10.215152999999999	2.427975	10.052307	-2.570869988187648	7.408922674715929	1.08035880698449	-0.9983	-0.6462	-0.507
560.0	11.289348	2.784078	10.75176	-2.7419122548830916	7.278022980816354	1.0925761117484503	-0.9723	-0.6262	-0.5837
561.0	12.511674000000001	3.0921119999999997	11.468871	-2.977531703902326	7.175048554948689	1.075122819228507	-0.9409	-0.6025	-0.6615
562.0	13.862511000000001	3.218661	12.163419000000001	-3.1381019950858047	6.965609044709369	1.0716321607245183	-0.9018	-0.5758	-0.7397
563.0	15.380118000000001	3.1284090000000004	12.755943	-3.080506129769992	6.625269840570476	1.2793263417118435	-0.8558	-0.5454	-0.8136
564.0	17.123355	2.7958499999999997	13.058091000000001	-2.9740410453983377	6.466444878638991	1.5254177662430441	-0.8029	-0.5116	-0.8852
565.0	18.889155000000002	2.272977	12.828537	-2.34223185617639	6.037093882648385	2.2776546738526	-0.7439	-0.4759	-0.9488
566.0	20.560779	1.9149120000000002	11.835765	-1.4311699866353502	5.1661745859032155	3.110176727053895	-0.6804	-0.4392	-1.0042
567.0	22.047975	2.188611	10.08468	-1.1519173063162575	4.052654523130833	3.90604686596331	-0.6146	-0.4032	-1.0524
568.0	23.4459	2.680092	7.6311990000000005	-0.8220500776893293	2.9164451800825244	4.2062434973063345	-0.5484	-0.3682	-1.0932
569.0	24.794775	3.045024	4.578327000000001	0.6981317007977318	1.8692476288859268	3.7210419652519104	-0.4839	-0.3354	-1.126
570.0	25.958241	3.542391	1.191915	2.057743188101315	0.9197885158010117	2.722713633111154	-0.4233	-0.3075	-1.1499
571.0	26.876457000000002	4.57146	-2.228832	2.197369528260861	0.5096361415823443	2.1851522234969005	-0.3687	-0.2863	-1.1667
572.0	27.372843	5.726097	-5.5769850000000005	1.6231562043547265	-0.2827433388230814	0.9494591130849153	-0.3227	-0.2714	-1.1741
573.0	27.359109	6.711021000000001	-8.525871	0.8045967851693859	-1.18507856210415	-0.4782202150464463	-0.2865	-0.263	-1.1784
574.0	26.977500000000003	7.512498000000001	-10.764512999999999	0.07679448708775051	-1.7069320084504542	-1.5812683023068625	-0.2608	-0.2591	-1.1804
575.0	26.307477000000002	8.182521	-12.028041	-0.45553093477052004	-1.7418385934903409	-2.0612338466053033	-0.2443	-0.2586	-1.1789
576.0	25.032177	7.433037000000001	-11.584629000000001	1.2758356832078548	-1.9390607989657	-3.3876840781209934	-0.2356	-0.2629	-1.1756
577.0	20.794257	5.0099670000000005	-9.386208	2.965314399138366	-2.7820548276789614	-3.9269908169872414	-0.2365	-0.2745	-1.1708
578.0	16.70643	2.8655010000000005	-5.383728	4.544837372193234	-6.1679935765479605	-5.9061941887488105	-0.2461	-0.2936	-1.1616
579.0	16.045236	3.9436200000000006	-3.1882500000000005	2.3666664657043106	-6.428047635095116	-1.733111947230369	-0.2651	-0.3163	-1.1503
580.0	16.374852	4.078998	-0.851508	1.1955505376161157	-5.845107664929009	1.0122909661567112	-0.2919	-0.339	-1.1372
581.0	16.106058	3.783717	2.49174	0.7173303225696694	-4.646066468808905	0.5393067388662478	-0.3241	-0.3599	-1.1224
582.0	14.628672000000002	3.50217	5.0580359999999995	0.0017453292519943296	-4.4418629463255686	0.13788101090755203	-0.3608	-0.3786	-1.1086
583.0	13.179734999999999	2.6035740000000005	7.272153	-0.0645771823237902	-4.220206131322289	0.3961897402027128	-0.4	-0.395	-1.0913
584.0	11.629755000000001	1.392039	8.816247	0.05061454830783556	-4.153883619746504	0.6003932626860493	-0.4416	-0.4109	-1.0712
585.0	12.308607	-0.019620000000000002	10.346607	0.9721483933608416	-2.0961404316451895	-0.5916666164260777	-0.4826	-0.4285	-1.0517
586.0	12.745152	0.6504030000000001	10.101357000000002	0.773180858633488	-0.5323254218582705	-0.7435102613495844	-0.5224	-0.4451	-1.0322
587.0	14.858226	3.0097080000000003	9.354816000000001	0.3665191429188092	-0.3595378259108319	-0.5078908123303499	-0.5582	-0.4572	-1.0141
588.0	17.149842	4.238901	7.205445000000001	0.3508111796508603	-0.21642082724729686	-0.44505895925855404	-0.5891	-0.4642	-0.9986
589.0	15.702867000000001	2.409336	7.466391000000001	0.312413936106985	-0.09075712110370514	-0.4380776422505767	-0.6132	-0.4689	-0.985
590.0	13.318056	1.477386	7.770501	0.26878070480712674	-0.03665191429188092	-0.3700098014227979	-0.6319	-0.4739	-0.9741
591.0	11.483586	0.516987	7.101459	0.1954768762233649	-0.024434609527920613	-0.291469985083053	-0.6455	-0.4788	-0.9651
592.0	11.096091000000001	-0.535626	7.085763000000001	0.15707963267948966	-0.013962634015954637	-0.26005405854715513	-0.6551	-0.4838	-0.9578
593.0	10.956789	-0.753408	7.0465230000000005	0.16057029118347832	0.006981317007977318	-0.2792526803190927	-0.6602	-0.4895	-0.9532
594.0	10.95777	-0.32471099999999997	7.1936729999999995	0.15184364492350666	0.0	-0.2932153143350474	-0.6611	-0.496	-0.9503
595.0	8.881974	0.5944860000000001	6.875829	0.13264502315156904	-0.012217304763960306	-0.28623399732707	-0.6611	-0.5007	-0.9486
596.0	7.598826	0.701415	7.304526000000001	0.12391837689159739	0.003490658503988659	-0.2827433388230814	-0.6609	-0.5048	-0.9473
597.0	7.652781000000001	0.16088400000000003	7.159338	0.12391837689159739	0.019198621771937627	-0.2827433388230814	-0.6603	-0.5083	-0.946
598.0	7.352595000000001	0.248193	7.240761	0.13264502315156904	0.03316125578789226	-0.27401669256310973	-0.6594	-0.5114	-0.9454
599.0	7.3006020000000005	0.361008	7.211331	0.11693705988362008	0.054105206811824215	-0.2426007660272118	-0.6585	-0.5148	-0.9453
600.0	7.1250029999999995	0.38749500000000003	7.228008000000001	0.054105206811824215	0.07853981633974483	-0.21991148575128552	-0.6571	-0.517	-0.9444
601.0	6.910164000000001	0.33059700000000003	7.2191790000000005	-0.017453292519943295	0.09773843811168245	-0.1832595714594046	-0.6559	-0.5194	-0.9422
602.0	6.649218	0.271737	7.2701910000000005	-0.03316125578789226	0.05585053606381855	-0.10995574287564276	-0.6545	-0.5215	-0.9392
603.0	6.422607	0.260946	7.325127000000001	-0.04537856055185257	0.03665191429188092	-0.06283185307179587	-0.6534	-0.5237	-0.9345
604.0	6.267609	0.26977500000000004	7.3388610000000005	-0.04014257279586958	-0.003490658503988659	0.0	-0.652	-0.5253	-0.9288
605.0	6.193053	0.22857300000000003	7.301583	-0.0645771823237902	-0.024434609527920613	0.03316125578789226	-0.651	-0.5269	-0.9233
606.0	6.10182	0.190314	7.28883	-0.038397243543875255	-0.015707963267948967	0.026179938779914945	-0.6499	-0.5278	-0.919
607.0	6.009606000000001	0.22563	7.315317	-0.013962634015954637	-0.03490658503988659	0.024434609527920613	-0.6492	-0.5286	-0.9166
608.0	5.931126000000001	0.25800300000000004	7.334937000000001	-0.05585053606381855	-0.07330382858376185	0.026179938779914945	-0.6492	-0.5293	-0.9151
609.0	5.908563	0.141264	7.360443	-0.029670597283903602	-0.1064650843716541	0.026179938779914945	-0.6493	-0.5293	-0.9146
610.0	5.9124870000000005	0.051993000000000004	7.38693	-0.027925268031909273	-0.11868238913561441	0.027925268031909273	-0.6496	-0.5293	-0.9154
611.0	6.044922	0.024525	7.382025	-0.048869219055841226	-0.16755160819145562	0.03490658503988659	-0.65	-0.529	-0.9179
612.0	6.254856	0.07848000000000001	7.324146000000001	-0.0471238898038469	-0.21642082724729686	0.026179938779914945	-0.651	-0.5287	-0.9208
613.0	6.419664	0.17167500000000002	7.280982	-0.06981317007977318	-0.24434609527920614	0.022689280275926284	-0.6526	-0.5282	-0.9248
614.0	6.537384	0.223668	7.283925000000001	-0.10122909661567112	-0.2792526803190927	0.03316125578789226	-0.6535	-0.5276	-0.9301
615.0	6.585453	0.28056600000000004	7.335918	-0.1117010721276371	-0.32812189937493397	0.027925268031909273	-0.6548	-0.527	-0.9351
616.0	6.637446	0.318825	7.376139	-0.11693705988362008	-0.3455751918948773	0.03316125578789226	-0.6567	-0.5265	-0.9392
617.0	6.679629	0.21680100000000002	7.404588	-0.09250245035569947	-0.3961897402027128	0.006981317007977318	-0.6584	-0.5258	-0.9409
618.0	6.713964000000001	0.087309	7.474239000000001	-0.013962634015954637	-0.47298422729046335	-0.06283185307179587	-0.6603	-0.5253	-0.9393
619.0	6.709059	-0.015696	7.535061000000001	0.04537856055185257	-0.5585053606381855	-0.1413716694115407	-0.6628	-0.525	-0.935
620.0	6.712983	-0.17167500000000002	7.677306	0.19896753472735357	-0.7208209810736581	-0.24609142453120045	-0.666	-0.5246	-0.9282
621.0	6.676686	-0.241326	7.9107840000000005	0.038397243543875255	-1.0157816246606999	-0.3787364476827695	-0.6697	-0.5249	-0.92
622.0	6.646275	-0.349236	8.102079	0.059341194567807204	-1.340412865531645	-0.5113814708343386	-0.6734	-0.5258	-0.9123
623.0	6.614883000000001	-0.35904600000000003	8.263944	0.06632251157578452	-1.5132004614790837	-0.5340707511102649	-0.6779	-0.527	-0.9052
624.0	6.575643	-0.271737	8.40717	0.05061454830783556	-1.8640116411299439	-0.4782202150464463	-0.6843	-0.5281	-0.8981
625.0	6.516783	-0.11968200000000001	8.570997	-0.019198621771937627	-2.2584560520806627	-0.3438298626428829	-0.692	-0.5297	-0.8911
626.0	6.461847	0.028449	8.754444	-0.022689280275926284	-2.6720990848033184	-0.16231562043547265	-0.7012	-0.5321	-0.8841
627.0	6.401025	0.08142300000000001	8.975169000000001	-0.026179938779914945	-3.167772592369708	-0.10122909661567112	-0.7131	-0.5342	-0.876
628.0	6.350994	-0.002943	9.179217	0.12042771838760874	-3.77340184281174	-0.27052603405912107	-0.7268	-0.5367	-0.8674
629.0	6.265647	-0.092214	9.396018	0.2007128639793479	-4.094542425178697	-0.5585053606381855	-0.7431	-0.5392	-0.8577
630.0	6.169509000000001	-0.18540900000000002	9.626553	0.4328416544945937	-4.818854064756344	-0.6911503837897546	-0.762	-0.5423	-0.8473
631.0	6.109668	-0.52974	9.758988	0.8813912722571364	-5.602506898901797	-0.9878563566287906	-0.7832	-0.5462	-0.8319
632.0	6.037074	-0.967266	9.860031000000001	1.2252211349000195	-6.291911953439558	-1.5009831567151235	-0.8067	-0.5512	-0.8104
633.0	5.931126000000001	-1.4008680000000002	9.985599	1.5882496193148399	-7.091272750852961	-2.0647245051092917	-0.8317	-0.5586	-0.7796
634.0	5.872266000000001	-1.738332	10.247526	1.8692476288859268	-8.05469449795383	-2.4347343065320897	-0.8583	-0.569	-0.746
635.0	6.139098000000001	-2.123865	10.462365	2.235766771804736	-9.107128036906412	-2.802998778702893	-0.8848	-0.582	-0.7017
636.0	7.2574380000000005	-2.461329	10.525149	2.5377087323997554	-9.416051314509408	-3.0508355324860883	-0.9104	-0.5975	-0.6471
637.0	8.833905	-2.5888590000000002	10.466289	2.6982790235832335	-9.548696337660978	-3.0909781052819576	-0.9334	-0.617	-0.5864
638.0	10.175913000000001	-2.168991	10.059174	2.4818581963359363	-9.744173213884341	-2.9059732045705586	-0.9534	-0.6394	-0.515
639.0	12.265443	-1.7991540000000001	10.196514000000002	1.7208946424664089	-9.840166322744029	-2.3369958684204075	-0.9689	-0.6637	-0.4364
640.0	14.915124	-2.170953	10.581066	1.2880529879718152	-8.386307055832754	-1.9425514574696887	-0.9792	-0.6901	-0.3514
641.0	17.124336	-2.4770250000000003	11.134350000000001	0.9267698328089891	-6.113888369736137	-1.816887751326097	-0.9839	-0.7168	-0.2646
642.0	18.210303000000003	-2.508417	11.476719	0.9494591130849153	-5.276130328778859	-1.3299408900196792	-0.9833	-0.7427	-0.1783
643.0	20.248821	-2.6967689999999997	12.127122	0.47298422729046335	-2.91469985083053	-0.6806784082777885	-0.9778	-0.767	-0.0969
644.0	21.704625	-3.3844499999999997	12.970782000000002	0.3717551306747922	0.038397243543875255	0.2932153143350474	-0.9691	-0.7887	-0.0173
645.0	21.827250000000003	-4.035834	13.615299	0.9738937226128358	1.3997540600994522	0.8255407361933178	-0.9585	-0.8071	0.0514
646.0	20.664765000000003	-4.353678	14.017509	1.2060225131280815	2.0106192982974678	1.2252211349000195	-0.9482	-0.8216	0.1102
647.0	18.994122	-4.432158	14.249025	0.8813912722571364	2.609267231731523	1.4905111812031575	-0.9391	-0.8309	0.158
648.0	17.48142	-4.755888000000001	14.631615000000002	0.3141592653589793	3.284709652253328	1.5533430342749532	-0.9325	-0.8361	0.1931
649.0	15.163317000000001	-4.9030380000000005	14.323581	-0.005235987755982988	3.600614246864302	1.5219271077390555	-0.9295	-0.8381	0.2147
650.0	12.241899	-4.230072000000001	13.57704	-0.630063859969953	4.101523742186674	1.36659280431156	-0.9301	-0.8362	0.2233
651.0	9.695223	-3.42369	12.582306	-1.2618730491919001	4.454080251089529	1.2304571226560024	-0.9351	-0.832	0.2227
652.0	8.236476	-2.7693630000000002	11.850480000000001	-1.7313666179783749	4.6687557490848315	1.1030480872604163	-0.9447	-0.8261	0.2121
653.0	5.916411	-2.1160170000000003	10.790019000000001	-2.0158552860534504	4.845034003536259	0.9965830028887622	-0.9592	-0.8176	0.1847
654.0	4.22811	-1.181124	9.404847	-2.1205750411731104	5.108578720587403	0.9581857593448869	-0.9749	-0.8079	0.1493
655.0	3.651282	-0.334521	8.257077	-2.1101030656611446	5.2586770362589155	0.9686577348568529	-0.9906	-0.7972	0.1075
656.0	3.596346	0.135378	7.500726	-1.9792033717615698	5.597270911145815	0.9878563566287906	-1.0048	-0.786	0.0581
657.0	3.6620730000000004	0.32667300000000005	7.017093000000001	-1.7976891295541595	5.927138139772744	1.0471975511965976	-1.0171	-0.7747	0.0048
658.0	3.8494440000000005	0.41888700000000006	6.761052	-1.6283921921107094	6.188937527571893	1.1414453308042916	-1.026	-0.7626	-0.0559
659.0	4.1888700000000005	0.48461400000000004	6.692382	-1.5655603390389137	6.438519610607082	1.254891732183923	-1.0306	-0.7496	-0.1201
660.0	4.700952	0.5189490000000001	6.755166	-1.5917402778188285	6.675884388878311	1.3055062804917585	-1.031	-0.736	-0.1871
661.0	5.341545	0.524835	6.932727	-1.710422666954443	6.838200009313783	1.3124875974997359	-1.0266	-0.7211	-0.2596
662.0	6.105744	0.569961	7.2015210000000005	-1.7941984710501708	6.88532389911763	1.3124875974997359	-1.0169	-0.7045	-0.3344
663.0	6.954309	0.7004340000000001	7.5321180000000005	-2.035053907825388	6.974335690969341	1.2828170002158321	-1.0006	-0.6871	-0.4025
664.0	7.8421140000000005	0.8995770000000001	7.916670000000001	-2.4225170017681297	7.098254067860938	1.2845623294678266	-0.9791	-0.6678	-0.4695
665.0	8.767197000000001	1.0751760000000001	8.347329	-2.694788365079245	7.157595262428746	1.3002702927357754	-0.9528	-0.647	-0.5362
666.0	9.768798	1.184067	8.833905	-2.7593655474030347	7.161085920932734	1.3648474750595658	-0.9218	-0.6246	-0.6009
667.0	10.870461	1.2360600000000002	9.39798	-2.722713633111154	7.1872658597126495	1.494001839707146	-0.8859	-0.6	-0.6638
668.0	12.089844	1.246851	10.045440000000001	-2.7192229746071654	7.195992505972621	1.6790067404185451	-0.8458	-0.5737	-0.7245
669.0	13.375935	1.225269	10.744893	-2.7680921936630067	7.175048554948689	1.8011797880581482	-0.8015	-0.5457	-0.7821
670.0	14.749335000000002	1.184067	11.443365000000002	-2.951351765122411	7.031931556285153	2.0193459445574393	-0.7536	-0.5157	-0.8364
671.0	16.145298	1.058499	11.999592000000002	-3.1590459461097367	6.5711646337586505	2.1467549799530254	-0.7025	-0.4833	-0.8863
672.0	17.478477	0.778914	12.228165	-3.0892327760299634	5.592034923389831	2.2776546738526	-0.6493	-0.4492	-0.9315
673.0	19.047096	0.401229	12.051585	-2.780309498426967	4.817108735504349	2.602285914723545	-0.5956	-0.414	-0.9712
674.0	20.809953000000004	0.042183000000000005	11.380581	-2.4085543677521746	4.365068459237818	3.178244567881674	-0.5428	-0.3779	-1.0055
675.0	22.19022	0.25800300000000004	10.064079000000001	-2.3527038316883564	4.024729255098924	3.6826447217080354	-0.4914	-0.3411	-1.0343
676.0	22.820022	1.260585	8.032428	-2.2741640153486116	2.6965336943312392	4.658283773572865	-0.4434	-0.3041	-1.0575
677.0	23.684283	1.9551330000000002	5.218920000000001	-0.31066860685499065	1.6667894356545847	4.576253298729132	-0.3993	-0.2696	-1.0758
678.0	24.830091	2.577087	2.014974	2.2113321622768156	1.1030480872604163	3.4941491624926475	-0.3603	-0.2398	-1.0892
679.0	25.38828	4.255578000000001	-1.2556800000000001	2.6843163895672792	0.3385938748868999	2.181661564992912	-0.3278	-0.216	-1.098
680.0	25.449102	5.757489	-4.1761170000000005	1.610938899590766	-0.9128071987930343	0.5201081170943103	-0.3023	-0.1986	-1.1024
681.0	25.435368	7.073991	-6.450075	-0.0017453292519943296	-1.764527873766267	-1.0419615634406147	-0.2853	-0.1859	-1.1026
682.0	25.242111	8.118756000000001	-7.952967	-0.7120943348136864	-1.879719604397893	-1.610938899590766	-0.2755	-0.177	-1.0993
683.0	24.296427	8.676945	-8.720109	-1.4119713648634127	-1.8238690683340744	-2.3806290997202657	-0.2721	-0.1707	-1.093
684.0	21.953799	7.519365	-7.368291	-0.8936085770210968	-1.7086773377024487	-2.853613327010729	-0.2742	-0.167	-1.0857
685.0	18.116127000000002	5.171832	-3.925962	4.38601241026175	-1.7174039839624204	-4.892157893340106	-0.2812	-0.1715	-1.0778
686.0	13.839948000000001	3.552201	-1.388115	7.422885308731884	-3.0630528372500483	-5.866051615952942	-0.2914	-0.1885	-1.0692
687.0	12.094749000000002	5.2591410000000005	0.289395	4.492477494633404	-5.777039824101231	-2.3474678439323733	-0.3079	-0.2139	-1.0597
688.0	12.225222	5.716287	3.07053	2.9269171555944906	-6.000441968356506	0.17278759594743864	-0.3312	-0.2409	-1.0482
689.0	12.000573000000001	5.812425	6.022359000000001	1.99142067652553	-4.9968776484597655	1.2409290981679681	-0.3597	-0.2673	-1.0358
690.0	10.598724	6.008625	8.293374	0.9389871375729493	-4.1556289489984986	0.635299847725936	-0.3917	-0.2919	-1.0221
691.0	9.127224	5.5259730000000005	9.984618000000001	-0.09948376736367678	-4.270820679630124	0.0645771823237902	-0.4255	-0.3165	-1.0083
692.0	7.970625	4.4145	11.012706000000001	-0.4537856055185257	-4.0543998523828275	0.30019663134302466	-0.4608	-0.3409	-0.994
693.0	7.586073	3.1342950000000003	12.154590000000002	-0.143116998663535	-3.822271061867582	0.778416846389471	-0.4978	-0.3662	-0.9794
694.0	10.086642000000001	3.6964080000000004	10.657584000000002	0.757472895365539	-1.1414453308042916	-0.2844886680750757	-0.5352	-0.3927	-0.9635
695.0	12.076110000000002	5.872266000000001	8.276697	0.6597344572538565	-0.8499753457212386	-0.39269908169872414	-0.5717	-0.4153	-0.9472
696.0	15.204519000000001	6.554061000000001	7.350633	0.32986722862692824	-0.6003932626860493	-0.27576202181510406	-0.6072	-0.4288	-0.9303
697.0	15.260436000000002	4.054473	7.918632000000001	0.23561944901923448	-0.26703537555513246	-0.2007128639793479	-0.6381	-0.4358	-0.9131
698.0	12.884454	3.032271	7.7126220000000005	0.16231562043547265	-0.13962634015954636	-0.19722220547535926	-0.6633	-0.4399	-0.8959
699.0	11.31093	1.320426	7.316298000000001	0.06632251157578452	-0.05585053606381855	-0.12740903539558607	-0.6828	-0.4425	-0.8791
700.0	11.204001	-0.41594400000000004	7.2142740000000005	0.019198621771937627	-0.04537856055185257	-0.0645771823237902	-0.6984	-0.4447	-0.8636
701.0	11.153970000000001	-1.266471	7.143642	-0.005235987755982988	-0.03316125578789226	-0.061086523819801536	-0.7099	-0.4464	-0.8495
702.0	10.923435	-1.114416	7.228008000000001	-0.0017453292519943296	-0.013962634015954637	-0.04537856055185257	-0.7176	-0.4487	-0.8387
703.0	10.299519000000002	-0.22563	6.820893000000001	-0.005235987755982988	-0.015707963267948967	-0.04014257279586958	-0.7214	-0.4513	-0.832
704.0	7.846038	0.5042340000000001	7.384968000000001	-0.029670597283903602	-0.017453292519943295	-0.005235987755982988	-0.7231	-0.4535	-0.8281
705.0	7.641009	0.29233800000000004	7.316298000000001	-0.06632251157578452	-0.015707963267948967	0.03490658503988659	-0.7244	-0.4548	-0.8265
706.0	7.321203	0.14322600000000002	7.3261080000000005	-0.11344640137963143	-0.003490658503988659	0.0715584993317675	-0.7249	-0.4563	-0.827
707.0	7.129908	0.22464900000000002	7.376139	-0.1466076571675237	-0.003490658503988659	0.1117010721276371	-0.7261	-0.4562	-0.8288
708.0	7.026903000000001	0.144207	7.363386000000001	-0.17278759594743864	0.003490658503988659	0.13788101090755203	-0.7265	-0.4559	-0.8325
709.0	6.8836770000000005	-0.016677	7.335918	-0.18675022996339324	-0.015707963267948967	0.13264502315156904	-0.7275	-0.4559	-0.8376
710.0	6.750261000000001	-0.13734000000000002	7.324146000000001	-0.15707963267948966	-0.05759586531581287	0.08552113334772216	-0.7278	-0.4553	-0.8436
711.0	6.611940000000001	-0.24034500000000003	7.311393	-0.10297442586766545	-0.06981317007977318	0.031415926535897934	-0.7284	-0.4545	-0.8515
712.0	6.469695	-0.38651399999999997	7.299621	-0.04014257279586958	-0.08726646259971647	-0.0471238898038469	-0.7294	-0.454	-0.8564
713.0	6.363747000000001	-0.602334	7.278039000000001	0.09773843811168245	-0.10821041362364843	-0.16057029118347832	-0.7305	-0.4529	-0.8587
714.0	6.297039000000001	-0.787743	7.235856000000001	0.15533430342749532	-0.1117010721276371	-0.21991148575128552	-0.7317	-0.4525	-0.8597
715.0	6.234255	-0.875052	7.2191790000000005	0.19722220547535926	-0.09773843811168245	-0.27576202181510406	-0.7318	-0.4526	-0.8582
716.0	6.207768000000001	-0.9290070000000001	7.20054	0.19198621771937624	-0.11693705988362008	-0.2827433388230814	-0.7326	-0.4524	-0.8588
717.0	6.190110000000001	-0.991791	7.226046000000001	0.17453292519943295	-0.143116998663535	-0.27576202181510406	-0.7325	-0.4538	-0.8589
718.0	6.2175780000000005	-0.916254	7.236837	0.09599310885968812	-0.13439035240356337	-0.19896753472735357	-0.7324	-0.455	-0.8566
719.0	6.263685	-0.826983	7.258419	0.019198621771937627	-0.16231562043547265	-0.12217304763960307	-0.7325	-0.4563	-0.8554
720.0	6.330393	-0.701415	7.273134	-0.008726646259971648	-0.20769418098732523	-0.0645771823237902	-0.7328	-0.4579	-0.8539
721.0	6.406911	-0.566037	7.280001	-0.024434609527920613	-0.2303834612632515	-0.041887902047863905	-0.7329	-0.4595	-0.8508
722.0	6.512859000000001	-0.377685	7.28883	-0.0715584993317675	-0.24783675378319478	0.0	-0.7336	-0.4609	-0.8495
723.0	6.580548	-0.153036	7.307469	-0.09948376736367678	-0.27576202181510406	0.020943951023931952	-0.7343	-0.4627	-0.8489
724.0	6.627636	0.010791000000000002	7.341804	-0.11344640137963143	-0.32114058236695664	0.038397243543875255	-0.7353	-0.464	-0.8485
725.0	6.679629	0.055917	7.363386000000001	-0.1117010721276371	-0.36302848441482055	0.03316125578789226	-0.7371	-0.4647	-0.8486
726.0	6.720831	-0.009810000000000001	7.3918349999999995	-0.05061454830783556	-0.3909537524467298	0.0	-0.739	-0.4652	-0.8453
727.0	6.74928	-0.069651	7.3947780000000005	-0.006981317007977318	-0.40317105721069013	-0.32986722862692824	-0.7407	-0.4653	-0.8432
728.0	6.747318	-0.24034500000000003	7.424208000000001	0.08377580409572781	-0.4677482395344803	-0.05759586531581287	-0.7437	-0.4658	-0.8413
729.0	6.74928	-0.37376100000000007	7.466391000000001	0.16231562043547265	-0.5567600313861911	-0.06632251157578452	-0.7468	-0.466	-0.8399
730.0	6.760071000000001	-0.47382300000000005	7.529175	0.3246312408709453	-0.6824237375297829	-0.054105206811824215	-0.7501	-0.4661	-0.8391
731.0	6.682572	-0.5591700000000001	7.782273000000001	0.04014257279586958	-1.0890854532444616	-0.23387411976724015	-0.7534	-0.467	-0.8358
732.0	6.656085	-0.6180300000000001	7.955910000000001	0.09599310885968812	-1.4276793281313616	-0.2722713633111154	-0.7569	-0.4681	-0.8332
733.0	6.620769000000001	-0.538569	8.105022000000002	0.008726646259971648	-1.7872171540421935	-0.20245819323134223	-0.7615	-0.4693	-0.8277
734.0	6.571719000000001	-0.443412	8.255115	-0.008726646259971648	-1.9687313962496036	-0.13962634015954636	-0.7683	-0.4708	-0.8215
735.0	6.520707	-0.254079	8.387550000000001	-0.09599310885968812	-2.3596851486963333	0.006981317007977318	-0.7771	-0.4725	-0.813
736.0	6.447132000000001	-0.013734000000000001	8.55432	-0.1780235837034216	-2.7454029133870805	0.14486232791552936	-0.7871	-0.4743	-0.8016
737.0	6.379443	0.090252	8.709318000000001	-0.11693705988362008	-3.1922072018976286	0.0645771823237902	-0.7998	-0.4754	-0.7876
738.0	6.336279	0.069651	8.839791	0.010471975511965976	-3.625048856392222	-0.019198621771937627	-0.8142	-0.4766	-0.7725
739.0	6.321564	0.022563	8.907480000000001	0.10471975511965978	-4.026474584350918	-0.12391837689159739	-0.8304	-0.478	-0.7519
740.0	6.3166590000000005	-0.090252	8.945739000000001	0.1361356816555577	-4.207988826558329	-0.24434609527920614	-0.849	-0.4793	-0.7275
741.0	6.365709000000001	-0.226611	8.845677	0.30194196059501904	-4.733332931408621	-0.3159045946109737	-0.8696	-0.4808	-0.7014
742.0	6.320583	-0.453222	8.836848000000002	0.598647933434055	-5.420992656694388	-0.5096361415823443	-0.8918	-0.4831	-0.6689
743.0	6.303906	-0.906444	8.825076	0.8813912722571364	-6.1592669302879886	-0.8290313946973066	-0.9159	-0.4868	-0.6333
744.0	6.327450000000001	-1.258623	8.816247	0.9075712110370514	-6.993534312741279	-1.1746065865921838	-0.9393	-0.4915	-0.5917
745.0	6.516783	-1.565676	8.918271	1.0402162341886205	-7.770205829878755	-1.4329153158873444	-0.9623	-0.4979	-0.5446
746.0	6.956271	-1.954152	9.024219	1.460840583919254	-8.503244115716374	-1.7523105690023069	-0.9849	-0.5061	-0.491
747.0	7.647876	-2.3946210000000003	9.068364	1.764527873766267	-8.859291283123218	-2.008873969045473	-1.0053	-0.5173	-0.4301
748.0	9.074250000000001	-2.4417090000000004	9.088965	1.5271630954950384	-8.984954989266807	-2.0996310901491784	-1.0221	-0.5307	-0.3624
749.0	10.537902	-2.381868	8.970264	1.0716321607245183	-9.21533845053006	-1.9547687622336491	-1.0351	-0.5449	-0.289
750.0	11.975067	-1.8629190000000002	9.027162	0.4625122517784973	-9.360200778445588	-1.6807520696705394	-1.0432	-0.561	-0.2096
751.0	13.825233	-1.9718100000000003	9.385227	0.32637657012293964	-8.504989444968368	-1.5847589608108512	-1.0461	-0.5779	-0.1262
752.0	15.679323000000002	-2.381868	9.894366	0.19373154697137057	-6.960373056953387	-1.6807520696705394	-1.0431	-0.5954	-0.042
753.0	17.175348	-2.507436	10.569294	0.06283185307179587	-6.061528492176307	-1.8221237390820801	-1.0341	-0.6128	0.0415
754.0	18.281916	-2.3740200000000002	10.892043000000001	-0.317649923862968	-4.907865856608055	-1.5882496193148399	-1.0204	-0.6308	0.1218
755.0	20.096766000000002	-2.553543	11.573838	-0.9407324668249436	-1.2217304763960306	-0.8464846872172498	-1.0041	-0.6487	0.1951
756.0	20.923749	-2.919456	12.416517	-0.7016223593017206	0.9686577348568529	-0.4258603374866164	-0.9868	-0.6652	0.2576
757.0	20.536254	-3.1941360000000003	13.151286	-0.15184364492350666	1.8552849948699723	-0.20245819323134223	-0.97	-0.6798	0.3096
758.0	19.054944	-3.5482770000000006	13.296474	0.12042771838760874	2.4452062820440554	-0.03490658503988659	-0.9551	-0.6927	0.3507
759.0	17.410788	-3.768021	13.41027	-0.04363323129985824	3.162536604613725	0.1064650843716541	-0.9429	-0.704	0.3801
760.0	15.661665000000001	-4.178079	13.217994	-0.2181661564992912	3.5081117965086026	0.17453292519943295	-0.9349	-0.7146	0.397
761.0	13.443624000000002	-3.8514060000000003	12.600945000000001	-0.7120943348136864	4.080579791162743	0.28623399732707	-0.9319	-0.7242	0.4021
762.0	11.188305000000001	-3.116637	11.784753	-1.2723450247038663	4.471533543609472	0.41538836197465046	-0.9343	-0.7324	0.3972
763.0	9.291051000000001	-2.595726	10.816506	-1.7243853009703975	4.689699700108763	0.5253441048502933	-0.9417	-0.7397	0.3833
764.0	7.8244560000000005	-2.4721200000000003	10.205343000000001	-2.0158552860534504	4.864232625308197	0.6283185307179586	-0.9543	-0.7453	0.3613
765.0	5.596605	-2.16801	9.177255	-2.1153390534171272	5.110324049839397	0.7208209810736581	-0.97	-0.7496	0.3331
766.0	4.221243	-1.5823530000000001	7.976511000000001	-2.0996310901491784	5.267403682518887	0.8237954069413236	-0.9872	-0.7534	0.3002
767.0	3.898494	-0.90252	6.9700050000000005	-1.986184688769547	5.649630788705645	0.8779006137531478	-1.0051	-0.7559	0.261
768.0	3.9828600000000005	-0.379647	6.607035	-1.8622663118779497	6.047565858160352	1.0192722831646885	-1.0231	-0.7568	0.2141
769.0	4.224186	-0.027468000000000003	6.469695	-1.7592918860102842	6.3861597330472515	1.14493598930828	-1.0407	-0.7572	0.16
770.0	4.625415	0.148131	6.480486	-1.733111947230369	6.649704450098396	1.2374384396639797	-1.056	-0.755	0.0989
771.0	5.163984	0.28645200000000004	6.6040920000000005	-1.8029251173101424	6.775368156241987	1.2845623294678266	-1.0687	-0.7504	0.0318
772.0	5.8487219999999995	0.43164	6.822855000000001	-1.9373154697137058	6.82074671679384	1.3124875974997359	-1.0776	-0.7439	-0.0411
773.0	6.679629	0.636669	7.106364000000001	-1.9774580425095754	6.822492046045833	1.307251609743753	-1.0826	-0.7342	-0.1192
774.0	7.615503	0.9447030000000001	7.411455	-2.2218041377887814	6.86088928958971	1.2897983172238097	-1.0819	-0.7224	-0.2006
775.0	8.575902000000001	1.320426	7.7047740000000005	-2.6232298657474775	6.948155752189426	1.2828170002158321	-1.075	-0.7076	-0.2848
776.0	9.520605000000002	1.6157070000000002	8.009865	-2.9845130209103035	7.024950239277176	1.340412865531645	-1.0624	-0.6898	-0.3711
777.0	10.479042000000002	1.750104	8.366949	-3.0647981665020425	6.93768377667746	1.3840460968315034	-1.0434	-0.6692	-0.4571
778.0	11.511054000000001	1.7756100000000001	8.835867	-2.872811948782666	6.798057436517913	1.4713125594312197	-1.0181	-0.6465	-0.5411
779.0	12.683349	1.7579520000000002	9.42741	-2.6337018412594433	6.6305058283264575	1.631882850614698	-0.9866	-0.6209	-0.6203
780.0	14.006718000000001	1.694187	10.119996	-2.5673793296836585	6.592108584782583	1.7523105690023069	-0.9491	-0.5937	-0.6933
781.0	15.484104	1.52055	10.827297	-2.509783464367846	6.5554566704907025	2.050761871093337	-0.906	-0.565	-0.7605
782.0	16.980129	1.256661	11.385486000000002	-2.356194490192345	6.400122367063206	2.426007660272118	-0.8584	-0.5346	-0.8213
783.0	18.428085000000003	0.815211	11.535579	-2.0036379812894904	5.937610115284709	2.8605946440187062	-0.8072	-0.5035	-0.8764
784.0	19.685727	0.17265600000000003	11.139255	-1.3159782560037245	5.1749012321631875	3.302162944773271	-0.7533	-0.4715	-0.9267
785.0	20.912958000000003	-0.37376100000000007	10.224963	-0.5201081170943103	4.117231705454624	3.8327430373795477	-0.698	-0.4397	-0.9722
786.0	22.049937	-0.087309	8.70147	-0.29496064358704166	3.7192966359999162	4.20449816805434	-0.6432	-0.4087	-1.0121
787.0	22.874958	0.8220780000000001	6.510897	-0.5532693728822025	3.0159289474462017	5.197590512439113	-0.5897	-0.3793	-1.0477
788.0	23.7402	1.6264980000000002	3.8200140000000005	-0.08377580409572781	2.129301687433082	5.515240436302081	-0.5401	-0.3515	-1.0782
789.0	24.685884	2.36421	0.7563510000000001	1.9425514574696887	1.3334315485236679	4.646066468808905	-0.4943	-0.3268	-1.1044
790.0	25.300971	3.5884980000000004	-2.5790490000000004	3.312634920285238	0.6003932626860493	3.110176727053895	-0.454	-0.3078	-1.127
791.0	25.110657	4.960917	-5.613282000000001	3.2114058236695664	-0.5934119456780721	1.3508848410436112	-0.4206	-0.2957	-1.1452
792.0	24.553449	6.410835	-8.047143	1.7627825445142729	-1.7191493132144147	-0.24434609527920614	-0.394	-0.2899	-1.1605
793.0	23.974659000000003	7.828380000000001	-9.620667000000001	0.7609635538695277	-1.9495327744776663	-0.8901179185171081	-0.3752	-0.2895	-1.1705
794.0	23.351724	8.968302000000001	-10.265184	-0.9756390518648302	-1.9041542139258134	-1.8465583486100006	-0.3638	-0.2919	-1.1787
795.0	22.397211000000002	9.493137	-10.144521000000001	-1.8517943363659835	-1.5934856070708228	-2.5150194521238287	-0.3592	-0.2957	-1.1848
796.0	20.294928000000002	7.030827	-7.4379420000000005	1.6214108751027323	-1.5236724369910497	-3.988077340807043	-0.3588	-0.3013	-1.1898
797.0	16.845732	5.127687000000001	-4.574403	4.209734155810323	-2.3753931119642826	-5.1749012321631875	-0.3625	-0.313	-1.1886
798.0	12.967839000000001	4.2016230000000006	-1.5303600000000002	3.152064629101759	-4.977679026687827	-4.344124508213886	-0.3699	-0.3325	-1.1845
799.0	11.687634000000001	4.848102	0.680814	2.178170906488923	-5.239478414486977	-2.1886428820008894	-0.3825	-0.3566	-1.1792
800.0	11.787696	3.8857410000000003	3.444291	0.9913470151327791	-5.133013330115324	0.5916666164260777	-0.4013	-0.3793	-1.1691
801.0	11.695482	3.409956	6.164604	0.778416846389471	-4.153883619746504	0.7120943348136864	-0.4246	-0.3995	-1.1579
802.0	10.850841	3.1637250000000003	8.110908	0.13439035240356337	-3.7576938795437917	0.3961897402027128	-0.4515	-0.4168	-1.1441
802.9999999999999	9.768798	2.616327	9.484308	-0.47123889803846897	-3.651228795172137	0.21467549799530256	-0.4803	-0.432	-1.1311
803.9999999999999	8.825076	1.7177310000000001	10.296576000000002	-0.6056292504420324	-3.3405601883171467	0.3420845333908886	-0.5106	-0.4468	-1.115
805.0000000000001	8.19135	0.870147	11.037231	0.006981317007977318	-3.0473448739820994	0.2984513020910304	-0.5432	-0.4614	-1.0961
806.0	10.902834	1.8403559999999999	9.454878	0.4904375198104066	-1.2775810124598492	-0.10297442586766545	-0.577	-0.4765	-1.0746
807.0	12.877587	2.8753110000000004	8.513118	0.39793506945470714	-0.6283185307179586	-0.15533430342749532	-0.6111	-0.488	-1.056
808.0	14.964174000000002	3.1342950000000003	7.761672000000001	0.15009831567151233	-0.6021385919380436	-0.06632251157578452	-0.6439	-0.494	-1.0379
809.0	14.376555000000002	1.5715620000000001	7.947081000000001	0.08726646259971647	-0.25481807079117214	-0.020943951023931952	-0.6729	-0.4954	-1.0215
810.0	12.300759000000001	1.3017870000000002	7.839171	0.010471975511965976	-0.16580627893946132	-0.017453292519943295	-0.6977	-0.4965	-1.0064
811.0	11.091186	0.422811	7.401645	-0.07504915783575616	-0.07853981633974483	0.0645771823237902	-0.7166	-0.4965	-0.9946
811.9999999999999	10.833183000000002	-0.703377	7.2623429999999995	-0.09599310885968812	-0.06632251157578452	0.08203047484373349	-0.7317	-0.4959	-0.9854
813.0000000000001	10.717425	-1.4352030000000002	7.183863	-0.09948376736367678	-0.019198621771937627	0.11344640137963143	-0.7428	-0.4955	-0.9787
814.0	10.522206	-1.4253930000000001	7.260381	-0.10995574287564276	-0.012217304763960306	0.11519173063162574	-0.7509	-0.4955	-0.9761
815.0	10.217115000000002	-0.9133110000000001	7.140699000000001	-0.12391837689159739	0.0	0.12740903539558607	-0.7552	-0.4967	-0.9705
816.0	7.702812000000001	-0.04022100000000001	7.321203	-0.12042771838760874	0.013962634015954637	0.13962634015954636	-0.7578	-0.4974	-0.9704
817.0	7.4938590000000005	-0.276642	7.284906	-0.1308996938995747	0.010471975511965976	0.1361356816555577	-0.7592	-0.4973	-0.9686
818.0	7.420284	-0.5405310000000001	7.243704	-0.12042771838760874	0.024434609527920613	0.12217304763960307	-0.7599	-0.496	-0.9668
819.0	7.147566	-0.488538	7.322184	-0.1117010721276371	0.006981317007977318	0.12566370614359174	-0.7606	-0.4952	-0.9648
819.9999999999999	7.1024400000000005	-0.5817330000000001	7.294716000000001	-0.12391837689159739	0.03316125578789226	0.12042771838760874	-0.7603	-0.4933	-0.9665
821.0000000000001	6.980796000000001	-0.639612	7.301583	-0.11693705988362008	0.04537856055185257	0.0942477796076938	-0.7609	-0.4916	-0.9671
822.0000000000001	6.911145	-0.7102440000000001	7.267248	-0.0890117918517108	0.020943951023931952	0.07330382858376185	-0.7608	-0.4902	-0.9672
823.0	6.835608	-0.737712	7.243704	-0.06283185307179587	0.03665191429188092	0.024434609527920613	-0.7612	-0.4887	-0.9668
824.0	6.744375000000001	-0.762237	7.215255000000001	-0.013962634015954637	0.03316125578789226	-0.04363323129985824	-0.7613	-0.4871	-0.964
825.0	6.660990000000001	-0.8721090000000001	7.181901	0.010471975511965976	0.017453292519943295	-0.07504915783575616	-0.7614	-0.4859	-0.9662
826.0	6.538365	-0.940779	7.1760150000000005	0.05235987755982989	0.006981317007977318	-0.13788101090755203	-0.7614	-0.4849	-0.9643
827.0	6.397101	-1.022202	7.1760150000000005	0.13264502315156904	-0.048869219055841226	-0.20769418098732523	-0.7614	-0.4847	-0.9643
827.9999999999999	6.289191000000001	-1.0987200000000001	7.168167	0.22689280275926285	-0.08377580409572781	-0.30019663134302466	-0.7614	-0.4852	-0.9652
828.9999999999999	6.242103	-1.100682	7.163262	0.23561944901923448	-0.08028514559173916	-0.35255650890285456	-0.7614	-0.486	-0.9649
830.0000000000001	6.233274	-1.072233	7.170129	0.21118483949131386	-0.07330382858376185	-0.3420845333908886	-0.7616	-0.488	-0.9642
831.0	6.213654	-1.044765	7.172091	0.18151424220741028	-0.09075712110370514	-0.33510321638291124	-0.7608	-0.4899	-0.9635
832.0	6.197958000000001	-1.044765	7.1887680000000005	0.16057029118347832	-0.09075712110370514	-0.33335788713091696	-0.7605	-0.4925	-0.9627
833.0	6.191091	-1.018278	7.208388	0.16231562043547265	-0.12042771838760874	-0.3246312408709453	-0.76	-0.4956	-0.9621
834.0	6.200901	-0.9447030000000001	7.2270270000000005	0.12566370614359174	-0.16580627893946132	-0.2879793265790644	-0.7598	-0.4994	-0.9606
835.0	6.238179000000001	-0.845622	7.252533	0.08726646259971647	-0.2129301687433082	-0.25481807079117214	-0.7596	-0.5036	-0.959
836.0	6.3598230000000004	-0.6533460000000001	7.272153	0.020943951023931952	-0.21118483949131386	-0.19722220547535926	-0.7594	-0.5075	-0.9576
836.9999999999999	6.473619000000001	-0.42379200000000006	7.280982	-0.029670597283903602	-0.24958208303518914	-0.15009831567151233	-0.7594	-0.5109	-0.9564
838.0000000000001	6.549156	-0.277623	7.312374	-0.017453292519943295	-0.26529004630313807	-0.1413716694115407	-0.7597	-0.5142	-0.9548
839.0	6.5736810000000006	-0.220725	7.351614	-0.0017453292519943296	-0.32288591161895097	-0.13264502315156904	-0.7604	-0.5168	-0.9534
840.0	6.595263	-0.226611	7.367310000000001	0.03316125578789226	-0.32637657012293964	-0.1413716694115407	-0.7611	-0.5187	-0.9519
841.0	6.644313	-0.266832	7.380063	0.09948376736367678	-0.3508111796508603	-0.158824961931484	-0.7628	-0.5211	-0.9497
842.0	6.682572	-0.289395	7.4124360000000005	0.17278759594743864	-0.3892084231947355	-0.1832595714594046	-0.7647	-0.5234	-0.9482
843.0	6.725736	-0.328635	7.439904	0.24783675378319478	-0.4468042885105484	-0.20769418098732523	-0.7669	-0.5256	-0.9459
844.0	6.758109	-0.38749500000000003	7.497783	0.32114058236695664	-0.5183627878423158	-0.22863813201125716	-0.7687	-0.5276	-0.9434
844.9999999999999	6.781653	-0.46597500000000003	7.596864	0.4468042885105484	-0.5759586531581288	-0.24085543677521748	-0.7712	-0.5296	-0.9387
846.0000000000001	6.681591000000001	-0.45616500000000004	7.8293610000000005	0.8272860654453121	-0.6771877497737998	-0.24085543677521748	-0.774	-0.5325	-0.932
847.0000000000001	6.692382	-0.641574	7.993188	0.16231562043547265	-1.1554079648202462	-0.40491638646268446	-0.7776	-0.5359	-0.9234
848.0	6.657066	-0.41888700000000006	8.113851	0.17627825445142728	-1.4625859131712482	-0.39793506945470714	-0.782	-0.5395	-0.9125
849.0	6.623712	-0.17265600000000003	8.236476	0.13264502315156904	-1.7941984710501708	-0.2530727415391778	-0.7877	-0.5438	-0.9004
850.0	6.5707379999999995	-0.021582000000000004	8.423847	0.048869219055841226	-2.181661564992912	-0.08377580409572781	-0.7948	-0.5481	-0.8883
851.0	6.4971630000000005	0.05297400000000001	8.654382	0.008726646259971648	-2.413790355508158	-0.027925268031909273	-0.8032	-0.552	-0.876
852.0	6.457923	0.045126	8.83881	-0.03665191429188092	-2.9164451800825244	-0.05235987755982989	-0.8133	-0.5556	-0.8629
852.9999999999999	6.403968000000001	-0.005886	9.006561000000001	0.005235987755982988	-3.41037335839692	-0.18675022996339324	-0.8257	-0.5589	-0.8491
853.9999999999999	6.345108000000001	-0.04905	9.173331000000001	0.15533430342749532	-3.897320219703338	-0.3455751918948773	-0.8407	-0.5624	-0.8337
855.0000000000001	6.2784	-0.142245	9.303804000000001	0.3665191429188092	-4.466297555853489	-0.4869468613064179	-0.8579	-0.5656	-0.8169
856.0	6.291153	-0.526797	9.255735000000001	0.5375614096142535	-5.108578720587403	-0.7295476273336297	-0.8776	-0.5688	-0.7975
857.0	6.220521000000001	-0.7426170000000001	9.249849	0.7103490055616922	-5.736897251305361	-1.1047934165124105	-0.8993	-0.5729	-0.7753
858.0	6.1920720000000005	-1.201725	9.32931	0.8237954069413236	-6.1086523819801535	-1.3159782560037245	-0.9223	-0.578	-0.749
859.0	6.234255	-1.640232	9.482346000000001	1.1397000015522971	-6.939429105929455	-1.6371188383706812	-0.9461	-0.5847	-0.7173
860.0	6.525612000000001	-2.101302	9.573579	1.5044738152191122	-7.7562431958628	-1.9495327744776663	-0.9699	-0.5936	-0.6776
861.0	7.28883	-2.386773	9.601047000000001	2.118829711921116	-8.388052385084748	-2.398082392240209	-0.994	-0.6053	-0.6286
861.9999999999999	8.530776000000001	-2.415222	9.601047000000001	2.0437805540853597	-8.801695417807403	-2.6162485487395	-1.0162	-0.6203	-0.569
863.0000000000001	9.746235	-2.189592	9.393075000000001	1.616174887346749	-8.826130027335324	-2.466150233067988	-1.0355	-0.6377	-0.5
864.0	11.092167000000002	-1.83447	9.293013	1.4032447186034411	-9.149015938954276	-2.0961404316451895	-1.0513	-0.6571	-0.4226
865.0	13.119894	-2.0463660000000004	9.473517000000001	0.9808750396208132	-9.131562646434332	-2.049016541841343	-1.0624	-0.6783	-0.3373
866.0	14.953383	-2.287692	9.842373000000002	0.8639379797371931	-8.042477193189871	-1.986184688769547	-1.0681	-0.7001	-0.2482
867.0	16.409187000000003	-2.4799680000000004	10.432934999999999	0.62482787221397	-6.447246256867053	-1.8709929581379212	-1.0681	-0.722	-0.1584
868.0	17.340156	-2.8507860000000003	10.691919000000002	0.8552113334772214	-5.1661745859032155	-1.5446163880149817	-1.0625	-0.7435	-0.0713
869.0	19.247220000000002	-3.2569200000000005	11.348208000000001	0.6021385919380436	-2.176425577236929	-0.3892084231947355	-1.0519	-0.7636	0.0114
869.9999999999999	20.252744999999997	-3.6493200000000003	12.159495000000001	0.7871434926494426	0.7487462491055673	0.4380776422505767	-1.0396	-0.7809	0.0851
871.0000000000001	19.721043	-4.083903	12.766734	1.0681415022205298	1.5707963267948966	0.6492624817418906	-1.0258	-0.7943	0.1478
872.0000000000001	18.258372	-4.337982	13.102236	1.546361717266976	2.220058808536787	0.7871434926494426	-1.0129	-0.8031	0.1977
873.0	16.811397	-4.458645000000001	13.387707	1.436405974391333	2.56388867117967	0.8080874436733745	-1.0013	-0.8083	0.2361
874.0	15.217272	-4.589118	13.343562000000002	0.8115781021773633	3.0508355324860883	0.783652834145454	-0.9921	-0.8102	0.2619
875.0	12.936447000000001	-4.027005	12.901131	-0.019198621771937627	3.612831551628262	0.6579891280018623	-0.9858	-0.8087	0.2741
876.0	10.785114	-3.3010650000000004	12.258576000000001	-0.8429940287132611	4.071853144902771	0.4625122517784973	-0.9836	-0.8059	0.274
877.0	8.978112000000001	-2.640852	11.386467000000001	-1.1903145498601329	4.25685804561417	0.2932153143350474	-0.9848	-0.801	0.2641
877.9999999999999	7.717527	-1.9472850000000002	10.778247	-1.7732545200262386	4.5343653966812685	0.2303834612632515	-0.9902	-0.7947	0.2466
878.9999999999999	5.454360000000001	-1.310616	9.685413	-2.097885760897184	4.776966162708479	0.16580627893946132	-0.999	-0.7884	0.221
880.0000000000001	3.9240000000000004	-0.6278400000000001	8.461125000000001	-2.2165681500327987	5.019566928735692	0.16755160819145562	-1.0084	-0.7825	0.1884
881.0	3.557106	-0.026487000000000004	7.480125	-2.155481626212997	5.342452840354643	0.23387411976724015	-1.0173	-0.7774	0.1532
882.0	3.700332	0.20601000000000003	6.860133	-1.9704767255015982	5.691518690753509	0.38222710618675815	-1.0249	-0.7733	0.1105
883.0	3.9387150000000006	0.10987200000000001	6.547194	-1.7313666179783749	6.056292504420323	0.5602506898901798	-1.0315	-0.7689	0.0617
884.0	4.23792	-0.099081	6.456942000000001	-1.6249015336067207	6.188937527571893	0.6649704450098396	-1.0359	-0.765	0.0074
885.0	4.599909	-0.296262	6.516783	-1.4974924982111346	6.407103684071184	0.905825881785057	-1.0383	-0.7611	-0.0503
886.0	5.13063	-0.424773	6.652161	-1.5533430342749532	6.613052535806514	1.1362093430483085	-1.0371	-0.7558	-0.1098
886.9999999999999	5.773185000000001	-0.5071770000000001	6.880734	-1.642354826126664	6.78060414399797	1.3247049022636963	-1.0345	-0.7495	-0.1725
888.0000000000001	6.488334	-0.48559500000000005	7.199559000000001	-1.806415775814131	6.867870606597687	1.424188669627373	-1.0285	-0.7415	-0.2378
889.0	7.255476000000001	-0.340407	7.597845	-2.1048670779051615	6.901031862385579	1.481784534943186	-1.0199	-0.7311	-0.3044
890.0	8.095212	-0.092214	8.045181000000001	-2.4713862208239705	6.944665093685437	1.4957471689591404	-1.0078	-0.7185	-0.37
891.0	8.987922000000001	0.159903	8.549415000000002	-2.6040312439755393	6.948155752189426	1.5062191444711064	-0.993	-0.7038	-0.4384
892.0	9.964017	0.41594400000000004	9.100737	-2.813470754214859	6.923721142661505	1.520181778487061	-0.9748	-0.6865	-0.506
893.0	11.039193000000001	0.654327	9.706014	-2.8885199120506155	6.876597252857659	1.5795229730548683	-0.9532	-0.6675	-0.5695
894.0	12.243861	0.849546	10.372112999999999	-2.897246558310587	6.817256058289852	1.7016960206944713	-0.9277	-0.6449	-0.6349
894.9999999999999	13.526028	0.964323	11.022516	-2.9112091923265417	6.691592352146259	1.8832102629018816	-0.898	-0.6199	-0.7048
896.0000000000001	14.728734000000001	0.9780570000000001	11.600325000000002	-2.9251718263424964	6.223844112611779	2.057743188101315	-0.8647	-0.5925	-0.7707
897.0000000000001	15.952041000000001	0.915273	12.026079000000001	-2.921681167838508	5.820673055401089	2.1694442602289516	-0.8269	-0.5618	-0.8349
898.0	17.366643	0.707301	12.069243	-2.780309498426967	4.944517770899936	2.4713862208239705	-0.7858	-0.5287	-0.8961
899.0	18.91368	0.334521	11.622888000000001	-2.2427480888127134	4.234168765338244	2.9321531433504737	-0.7379	-0.4889	-0.9565
900.0	20.349864	0.08632800000000002	10.633059000000001	-1.460840583919254	3.654719453676126	3.6582101121801145	-0.689	-0.4482	-1.0111
901.0	21.236688	0.806382	8.987922000000001	-1.19729586686811	2.8361600344907854	4.904375198104066	-0.6399	-0.4069	-1.0594
902.0	21.916521000000003	1.55979	6.8022540000000005	-0.10297442586766545	1.8605209826259552	5.4175019981903985	-0.5924	-0.3665	-1.0994
902.9999999999999	22.922045999999998	2.126808	4.142763	2.4329889772800954	1.3107422682477414	4.7280969436526386	-0.5468	-0.3298	-1.1364
903.9999999999999	24.062949000000003	3.1333140000000004	0.9692280000000001	3.431317309420852	1.1100294042683936	4.057890510886816	-0.5058	-0.3001	-1.1646
905.0000000000001	24.807528	4.852026	-2.411298	3.7262779530078936	0.4328416544945937	2.5272367568877896	-0.4699	-0.2777	-1.182
906.0	24.967431	6.667857	-5.490657	2.452187599052033	-0.8499753457212386	0.7539822368615504	-0.4405	-0.2616	-1.1975
907.0	24.969393000000004	8.362044000000001	-7.978473000000001	0.5637413483941683	-1.7732545200262386	-0.8674286382411819	-0.4187	-0.2506	-1.2068
908.0	24.786927000000002	9.769779	-9.573579	-0.8377580409572782	-1.8517943363659835	-2.0629791758572975	-0.4044	-0.2443	-1.2123
909.0	23.853015000000003	9.763893	-9.490194	1.1205013797803596	-2.239257430308725	-4.0037853040749924	-0.4001	-0.2486	-1.211
910.0	20.820744	9.27045	-8.248248	1.8727382873899157	-2.570869988187648	-4.508185457901353	-0.4027	-0.2613	-1.2076
911.0	17.702145	7.491897000000001	-5.64075	3.4400439556808236	-4.0875611081707195	-6.421066318087138	-0.4115	-0.2821	-1.2011
911.9999999999999	15.97068	7.508574	-3.655206	1.879719604397893	-5.335471523346666	-3.8117990863556157	-0.4273	-0.3086	-1.1925
913.0000000000001	15.381099	7.031808000000001	-2.008107	0.8691739674931761	-5.422737985946382	-0.3036872898470133	-0.4501	-0.3354	-1.1808
914.0	14.918067	5.708439	0.793629	1.1222467090323538	-4.488986836129415	0.8883725892651138	-0.4782	-0.3597	-1.1663
915.0	13.777164	4.5626310000000005	3.838653	0.6859143960337715	-4.000294645571003	0.9005898940290741	-0.5108	-0.381	-1.1498
916.0	12.39003	3.9200760000000003	6.262704	-0.19373154697137057	-3.907792195215304	0.41364303272265607	-0.5463	-0.3998	-1.1313
917.0	11.166723000000001	2.980278	8.209989	-0.47123889803846897	-3.7419859162758424	0.16929693744344995	-0.5836	-0.4172	-1.1108
918.0	11.09511	1.013373	10.063098	0.21467549799530256	-2.450442269800039	-0.2827433388230814	-0.6206	-0.4354	-1.0895
919.0	11.837727000000001	-0.175599	9.461745	0.8639379797371931	-0.7103490055616922	-0.4363323129985824	-0.6566	-0.4526	-1.0684
919.9999999999999	12.907998000000001	1.3812480000000003	9.124281000000002	0.19896753472735357	-0.49567350756638956	-0.19373154697137057	-0.6901	-0.4652	-1.0479
921.0000000000001	14.798385	2.4377850000000003	7.666515	0.03316125578789226	-0.21991148575128552	0.026179938779914945	-0.7203	-0.4722	-1.0301
922.0000000000001	15.086799000000001	1.4675760000000002	7.377120000000001	0.010471975511965976	-0.17278759594743864	0.003490658503988659	-0.746	-0.4756	-1.014
923.0	13.734	1.350837	7.7989500000000005	-0.0471238898038469	-0.13264502315156904	0.04537856055185257	-0.7665	-0.4781	-1.0008
924.0	11.937789000000002	1.601973	7.516422	-0.09599310885968812	-0.059341194567807204	0.09075712110370514	-0.7819	-0.4796	-0.9908
925.0	11.056851	0.875052	7.173072	-0.07504915783575616	-0.029670597283903602	0.061086523819801536	-0.7927	-0.4808	-0.9833
926.0	10.965618	-0.429678	7.194654000000001	-0.027925268031909273	-0.054105206811824215	0.022689280275926284	-0.7997	-0.4821	-0.9779
927.0	10.764512999999999	-1.2821670000000003	7.192692	0.024434609527920613	-0.05061454830783556	-0.048869219055841226	-0.8033	-0.4844	-0.9741
927.9999999999999	9.307728000000001	-0.703377	6.700230000000001	0.08377580409572781	-0.059341194567807204	-0.12042771838760874	-0.8047	-0.486	-0.9703
928.9999999999999	7.568415	0.592524	7.393797000000001	0.1413716694115407	-0.07504915783575616	-0.2007128639793479	-0.8059	-0.487	-0.9656
930.0000000000001	7.567434	-0.512082	7.142661	0.16057029118347832	-0.0715584993317675	-0.23911010752322315	-0.8067	-0.4875	-0.9603
931.0	7.228989	-0.69651	7.224084000000001	0.19896753472735357	-0.05061454830783556	-0.291469985083053	-0.8079	-0.4888	-0.954
932.0	7.140699000000001	-0.5827140000000001	7.218198	0.21467549799530256	-0.027925268031909273	-0.28099800957108706	-0.8083	-0.4903	-0.948
933.0	7.041618000000001	-0.607239	7.229970000000001	0.19373154697137057	-0.013962634015954637	-0.23736477827122882	-0.8083	-0.4925	-0.9428
934.0	6.957252	-0.596448	7.218198	0.16406094968746698	0.013962634015954637	-0.19896753472735357	-0.8082	-0.4951	-0.9391
935.0	6.915069	-0.524835	7.195635000000001	0.1413716694115407	0.03665191429188092	-0.17278759594743864	-0.8083	-0.498	-0.9363
936.0	6.8709240000000005	-0.453222	7.1711100000000005	0.158824961931484	0.041887902047863905	-0.17278759594743864	-0.8082	-0.5011	-0.9347
936.9999999999999	6.823836	-0.35904600000000003	7.1613	0.15009831567151233	0.05585053606381855	-0.1832595714594046	-0.8076	-0.5039	-0.9355
938.0000000000001	6.777729	-0.28547100000000003	7.167186000000001	0.1466076571675237	0.06283185307179587	-0.19722220547535926	-0.8068	-0.5072	-0.9373
939.0	6.707097	-0.180504	7.174053	0.14486232791552936	0.06283185307179587	-0.20420352248333654	-0.8064	-0.5105	-0.9407
940.0	6.568776	-0.08338500000000001	7.2015210000000005	0.1413716694115407	0.05235987755982989	-0.19198621771937624	-0.8056	-0.5137	-0.9451
941.0	6.457923	-0.04316400000000001	7.243704	0.12042771838760874	0.010471975511965976	-0.16231562043547265	-0.8041	-0.5163	-0.951
942.0	6.360804	-0.05297400000000001	7.255476000000001	0.0890117918517108	-0.005235987755982988	-0.15009831567151233	-0.8031	-0.519	-0.957
943.0	6.2833049999999995	-0.010791000000000002	7.268229000000001	0.06283185307179587	-0.03490658503988659	-0.143116998663535	-0.8025	-0.5211	-0.9618
944.0	6.293115	-0.048069	7.276077000000001	-0.0017453292519943296	-0.0715584993317675	-0.10297442586766545	-0.8014	-0.5232	-0.9644
944.9999999999999	6.277419000000001	-0.059841000000000005	7.280982	-0.008726646259971648	-0.07504915783575616	-0.09773843811168245	-0.8008	-0.5255	-0.9652
946.0000000000001	6.262704	0.000981	7.3006020000000005	-0.010471975511965976	-0.13962634015954636	-0.08552113334772216	-0.7997	-0.5274	-0.9631
947.0000000000001	6.280362	0.028449	7.312374	-0.019198621771937627	-0.17627825445142728	-0.061086523819801536	-0.7993	-0.5292	-0.9583
948.0	6.303906	0.070632	7.319241	-0.038397243543875255	-0.20420352248333654	-0.038397243543875255	-0.8001	-0.5308	-0.9521
949.0	6.352956	0.10987200000000001	7.325127000000001	-0.024434609527920613	-0.22514747350726852	-0.04014257279586958	-0.8006	-0.532	-0.9455
950.0	6.460866	0.104967	7.316298000000001	-0.041887902047863905	-0.2583087292951608	-0.05585053606381855	-0.8012	-0.5327	-0.9406
951.0	6.5530800000000005	0.10791	7.294716000000001	-0.03490658503988659	-0.28623399732707	-0.061086523819801536	-0.8026	-0.5336	-0.9365
952.0	6.632541000000001	0.08632800000000002	7.298640000000001	-0.013962634015954637	-0.30194196059501904	-0.08203047484373349	-0.804	-0.5345	-0.9336
952.9999999999999	6.712983	-0.015696	7.323165000000001	0.019198621771937627	-0.34732052114687156	-0.09948376736367678	-0.8056	-0.5355	-0.9319
953.9999999999999	6.713964000000001	-0.032373	7.362405	0.06806784082777885	-0.40840704496667307	-0.12042771838760874	-0.8078	-0.5361	-0.9316
955.0000000000001	6.745356	-0.115758	7.4075310000000005	0.1308996938995747	-0.4642575810304917	-0.15009831567151233	-0.8106	-0.5365	-0.9319
956.0	6.772824000000001	-0.261927	7.461486000000001	0.16057029118347832	-0.4939281783143953	-0.19024088846738194	-0.8141	-0.5378	-0.9335
957.0	6.785577	-0.39926700000000004	7.570377000000001	0.2722713633111154	-0.6021385919380436	-0.26529004630313807	-0.8176	-0.5392	-0.9362
958.0	6.748299	-0.368856	7.786197	0.3036872898470133	-0.8464846872172498	-0.3752457891787809	-0.8209	-0.5409	-0.9395
959.0	6.739470000000001	-0.458127	7.952967	0.17453292519943295	-1.1885692206081384	-0.4572762640225143	-0.8252	-0.543	-0.9415
960.0	6.687477	-0.298224	8.089326	0.1117010721276371	-1.520181778487061	-0.4241150082346221	-0.8302	-0.5461	-0.9419
961.0	6.632541000000001	-0.061803000000000004	8.217837000000001	0.09948376736367678	-1.843067690106012	-0.2583087292951608	-0.8359	-0.5492	-0.9394
961.9999999999999	6.572700000000001	0.148131	8.39736	0.05061454830783556	-2.0367992370773824	-0.07330382858376185	-0.8427	-0.5526	-0.9343
963.0000000000001	6.518745	0.24230700000000002	8.612199	-0.0017453292519943296	-2.4766222085799536	-0.017453292519943295	-0.8511	-0.5558	-0.9262
964.0	6.480486	0.19521900000000003	8.816247	-0.008726646259971648	-2.993239667170275	-0.04363323129985824	-0.8616	-0.5591	-0.9141
965.0	6.41574	0.133416	9.034029	0.08203047484373349	-3.5185837720205684	-0.2181661564992912	-0.8733	-0.5621	-0.9015
966.0	6.336279	0.136359	9.283203	0.25132741228718347	-4.174827570770436	-0.3769911184307752	-0.8873	-0.5648	-0.8849
967.0	6.206787	0.174618	9.520605000000002	0.5235987755982988	-4.9131018443640375	-0.5183627878423158	-0.904	-0.5678	-0.864
968.0	6.146946000000001	-0.118701	9.639306000000001	0.8307767239493009	-5.619960191421741	-0.7993607974134029	-0.9229	-0.571	-0.8381
969.0	6.020397000000001	-0.36591300000000004	9.767817	0.9494591130849153	-6.005677956112488	-1.0088003076527223	-0.9433	-0.5753	-0.8085
969.9999999999999	5.95467	-0.884862	9.970884	1.3439035240356338	-6.904522520889568	-1.4468779499032993	-0.9669	-0.581	-0.7715
971.0000000000001	6.0547320000000004	-1.560771	10.252431	1.8325957145940461	-7.838273670706535	-1.8727382873899157	-0.9916	-0.5888	-0.7284
972.0000000000001	6.5481750000000005	-2.191554	10.480023000000001	2.3753931119642826	-8.68301302867179	-2.4347343065320897	-1.0173	-0.5989	-0.6769
973.0	7.515441	-2.348514	10.402524000000001	2.3911010752322315	-9.053022830094589	-2.651155133779387	-1.0423	-0.6124	-0.6169
974.0	8.731881000000001	-2.3131980000000003	10.300500000000001	1.9669860669976094	-9.126326658678348	-2.530727415391778	-1.0654	-0.6288	-0.5493
975.0	9.756045	-1.563714	10.004238	1.7802358370342162	-9.349728802933624	-1.8849555921538759	-1.0853	-0.6484	-0.4724
976.0	11.685672	-1.421469	10.008162	1.2199851471440364	-9.382890058721516	-1.6790067404185451	-1.1013	-0.6692	-0.3844
977.0	14.009661	-1.8589950000000002	10.179837000000001	1.181587903600161	-8.023278571417933	-1.6057029118347832	-1.1119	-0.6911	-0.296
977.9999999999999	15.958908000000001	-2.199402	10.544769	1.2007865253720986	-5.996951309852517	-1.6650441064025905	-1.1171	-0.7133	-0.2051
978.9999999999999	16.715259	-2.232756	10.931283	0.9651670763528641	-3.986332011555049	-1.6091935703387719	-1.1166	-0.7355	-0.1114
980.0000000000001	18.548748	-2.015955	11.675862	-0.05759586531581287	-0.6946410422937431	-0.7120943348136864	-1.1103	-0.7568	-0.0187
981.0	19.483641000000002	-2.1503520000000003	12.457719	-0.2844886680750757	1.5795229730548683	-0.19896753472735357	-1.101	-0.776	0.0646
982.0	18.816561	-2.39364	12.93939	-0.1308996938995747	1.9774580425095754	-0.05061454830783556	-1.0915	-0.7925	0.1331
983.0	17.316612000000003	-2.719332	13.334733	0.08726646259971647	2.0647245051092917	0.2583087292951608	-1.0817	-0.8049	0.1889
984.0	15.739164	-2.8380330000000002	13.507389000000002	-0.15533430342749532	2.39459173373622	0.619591884457987	-1.0736	-0.8144	0.2318
985.0	14.462883	-3.532581	13.726152	-0.5689773361501514	3.0944687637859465	0.8360127117052838	-1.0684	-0.8195	0.261
986.0	12.289968	-3.690522	13.531914	-0.8813912722571364	3.815289744859604	0.8866272600131193	-1.0668	-0.8224	0.271
986.9999999999999	9.69228	-3.250053	13.107141000000002	-1.0035643198967394	4.351105825221864	0.9494591130849153	-1.0692	-0.8225	0.2702
988.0000000000001	7.409493	-2.7173700000000003	12.476358000000001	-1.0140362954087054	4.546582701445229	1.0786134777324956	-1.0771	-0.8208	0.2558
989.0	6.3980820000000005	-2.366172	11.848518	-0.9389871375729493	4.902629868852071	1.1431906600562858	-1.0895	-0.8168	0.2275
990.0	4.392918	-2.159181	10.809639	-0.8115781021773633	5.354670145118603	1.2740903539558606	-1.1054	-0.8105	0.1858
991.0	3.1882500000000005	-1.4724810000000002	9.647154	-0.6562437987498679	5.808455750637129	1.3316862192716734	-1.1236	-0.8019	0.1378
992.0	3.215718	-0.614106	8.789760000000001	-0.5166174585903216	6.154030942532007	1.340412865531645	-1.1399	-0.7916	0.0873
993.0	3.624795	0.079461	8.261982	-0.4520402762665313	6.372197099031298	1.3316862192716734	-1.1551	-0.7805	0.0312
994.0	3.952449	0.596448	7.9922070000000005	-0.4799655442984406	6.600835231042554	1.2897983172238097	-1.1673	-0.768	-0.0312
994.9999999999999	4.264407	1.102644	7.8980310000000005	-0.5113814708343386	6.705554986162214	1.2618730491919001	-1.1765	-0.7543	-0.0985
996.0000000000001	4.691142	1.640232	7.9107840000000005	-0.5619960191421741	6.843435997069767	1.2007865253720986	-1.181	-0.7402	-0.1699
997.0000000000001	5.353317	2.164086	8.003979	-0.6387905062299246	6.965609044709369	1.1676252695842066	-1.1798	-0.7257	-0.244
998.0	6.258780000000001	2.637909	8.167806	-0.6649704450098396	7.157595262428746	1.117010721276371	-1.1719	-0.7102	-0.3206
999.0	7.285887000000001	3.00186	8.383626000000001	-0.630063859969953	7.389724052943991	1.0576695267085636	-1.157	-0.6944	-0.3985
1000.0	8.366949	3.2284710000000003	8.627895	-0.46949356878647464	7.552039673379464	1.059414855960558	-1.1351	-0.6791	-0.4767
1001.0	9.467631	3.2677110000000003	8.88786	-0.18675022996339324	7.593927575427328	1.1938052083641215	-1.105	-0.6652	-0.5531
1002.0	10.621287	3.082302	9.127224	0.003490658503988659	7.552039673379464	1.371828792067543	-1.0681	-0.6525	-0.6272
1002.9999999999999	11.871081	2.559429	9.377379	0.7330382858376184	7.333873516880173	1.9757127132575811	-1.0255	-0.6401	-0.6977
1003.9999999999999	13.255272	1.702035	9.592218	1.911135530933791	7.099999397112933	2.876302607286655	-0.9783	-0.6303	-0.7631
1005.0000000000001	14.818986	0.6513840000000001	9.65304	3.1642819338657198	6.817256058289852	3.9636427312791223	-0.9278	-0.6233	-0.8219
1006.0	16.494534	-0.499329	9.436239	3.907792195215304	6.431538293599105	4.766494187196514	-0.8759	-0.6187	-0.8735
1007.0	18.213246	-1.6510230000000001	8.435619	4.057890510886816	5.824163713905078	5.262167694762904	-0.8232	-0.6176	-0.9175
1008.0	19.816200000000002	-2.7958499999999997	6.938613000000001	3.9950586578150205	5.41401133968641	5.419247327442394	-0.7726	-0.6192	-0.9539
1009.0	21.151341	-3.861216	5.025663	3.639011490408177	4.265584691874142	5.644394800949661	-0.7261	-0.6228	-0.9826
1010.0	22.338351	-4.919715	2.88414	3.2655110304813904	2.9688050576423546	5.6042522281537925	-0.6852	-0.6278	-1.0037
1011.0	23.353686	-5.777109	0.673947	3.0281462522101616	1.9495327744776663	5.122541354603357	-0.652	-0.634	-1.0169
1011.9999999999999	24.106113	-6.167547000000001	-1.524474	2.5656340004316642	1.2252211349000195	4.429645641561609	-0.6269	-0.6412	-1.0227
1013.0000000000001	24.66234	-5.785938	-3.689541	1.3997540600994522	0.5515240436302081	3.815289744859604	-0.6088	-0.6493	-1.0226
1014.0	24.92721	-4.955031	-5.886981	-0.18675022996339324	-0.03490658503988659	3.234095103945493	-0.5981	-0.6551	-1.0178
1015.0	24.708447	-4.241844	-7.969644000000001	-0.6719517620178169	-0.3368485456349056	2.7995081201989045	-0.5938	-0.6578	-1.0107
1016.0	24.144372	-3.7533060000000003	-9.649116000000001	-0.5061454830783556	-1.0786134777324956	1.7470745812463238	-0.5954	-0.6582	-1.0034
1017.0	23.327199	-3.3265710000000004	-10.275975	0.5480333851262195	-1.6458454846306527	0.8587019919812102	-0.6033	-0.657	-0.9958
1018.0	21.672252	-1.3341600000000002	-9.151749	-1.111774733520388	-1.9373154697137058	0.9826203688728075	-0.6158	-0.6537	-0.9881
1019.0	17.211645	-0.26977500000000004	-5.994891	-2.590068609959585	-2.651155133779387	1.6144295580947547	-0.633	-0.6464	-0.9822
1019.9999999999999	13.593717	0.6425550000000001	-2.645757	-2.647664475275398	-5.255186377754927	0.895353906273091	-0.6546	-0.6354	-0.9766
1021.0000000000001	13.269006000000001	0.27958500000000003	-0.698472	-2.371902453460294	-5.934119456780721	0.312413936106985	-0.6811	-0.6219	-0.9698
1022.0000000000001	13.698684000000002	-0.502272	0.85347	-0.8377580409572782	-5.136503988619312	0.31066860685499065	-0.711	-0.6061	-0.9618
1023.0	12.874644	-0.5032530000000001	3.062682	0.005235987755982988	-3.920009499979264	0.8534660042252271	-0.7431	-0.5904	-0.9524
1024.0	12.103578	-0.6916049999999999	5.3278110000000005	0.005235987755982988	-3.920009499979264	0.8534660042252271	-0.7734	-0.5762	-0.9443
1025.0	11.098053	-0.059841000000000005	7.226046000000001	-1.08035880698449	-3.41037335839692	-0.26005405854715513	-0.8077	-0.5631	-0.9313
1026.0	10.669355999999999	0.031392	9.245925	-1.3369222070276563	-3.0054569719342354	-0.23212879051524585	-0.8423	-0.5503	-0.9155
1027.0	11.436498	-1.260585	10.164141	-0.5480333851262195	-0.0890117918517108	0.41538836197465046	-0.8764	-0.5363	-0.8978
1028.0	11.460042	-2.7389520000000003	10.309329	-0.3543018381548489	-0.18675022996339324	0.2827433388230814	-0.9078	-0.523	-0.8788
1029.0	14.055768000000002	-3.5384670000000003	8.704413	-0.17627825445142728	-0.019198621771937627	-0.019198621771937627	-0.9364	-0.5125	-0.8576
1030.0	15.856884	-3.8994750000000002	7.11225	0.059341194567807204	0.03490658503988659	-0.16929693744344995	-0.9601	-0.5054	-0.8353
1031.0	14.38146	-3.142143	7.026903000000001	0.1780235837034216	0.12042771838760874	-0.3246312408709453	-0.978	-0.5005	-0.8154
1032.0	12.356676000000002	-2.136618	7.374177	0.3246312408709453	0.2181661564992912	-0.47123889803846897	-0.991	-0.4979	-0.7981
1033.0	11.5758	-2.250414	7.05339	0.3455751918948773	0.2181661564992912	-0.4537856055185257	-0.9998	-0.4962	-0.7848
1034.0	10.789038000000001	-2.280825	6.731622000000001	0.3193952531149623	0.1884955592153876	-0.39968039870670147	-1.0085	-0.4953	-0.7725
1035.0	10.445688	-2.918475	6.772824000000001	0.2426007660272118	0.15358897417550102	-0.27401669256310973	-1.0112	-0.4955	-0.7675
1036.0	9.654021	-2.710503	6.520707	0.19896753472735357	0.13439035240356337	-0.21642082724729686	-1.0116	-0.4969	-0.766
1037.0	7.6694580000000006	-1.013373	7.066143000000001	0.14486232791552936	0.0942477796076938	-0.14486232791552936	-1.0105	-0.4999	-0.7672
1038.0	7.2191790000000005	-0.7808760000000001	7.058295	0.0890117918517108	0.05759586531581287	-0.08377580409572781	-1.0097	-0.5033	-0.77
1039.0	7.096554000000001	-0.36198900000000006	7.143642	0.09599310885968812	0.041887902047863905	-0.09948376736367678	-1.0083	-0.5072	-0.7738
1040.0	6.890544	-0.111834	7.241742	0.10471975511965978	0.03316125578789226	-0.08726646259971647	-1.0073	-0.511	-0.779
1041.0	6.737508	0.24230700000000002	7.303545000000001	0.09075712110370514	0.015707963267948967	-0.06981317007977318	-1.0061	-0.5149	-0.786
1042.0	6.583491	0.410058	7.344747000000001	0.06632251157578452	-0.027925268031909273	-0.026179938779914945	-1.005	-0.5182	-0.7946
1043.0	6.515802000000001	0.37081800000000004	7.345728	0.09250245035569947	-0.048869219055841226	-0.04014257279586958	-1.0045	-0.5207	-0.8008
1044.0	6.450075	0.293319	7.349652	0.0942477796076938	-0.07853981633974483	-0.027925268031909273	-1.0044	-0.5226	-0.8038
1045.0	6.420645	0.26290800000000003	7.360443	0.06632251157578452	-0.08552113334772216	-0.029670597283903602	-1.004	-0.5247	-0.8047
1046.0	6.403968000000001	0.218763	7.351614	0.09075712110370514	-0.12391837689159739	-0.008726646259971648	-1.0036	-0.5264	-0.8071
1047.0	6.404949000000001	0.17265600000000003	7.332975000000001	0.07504915783575616	-0.1291543646475804	0.013962634015954637	-1.0036	-0.5279	-0.8057
1048.0	6.403968000000001	0.23445900000000003	7.3310130000000004	0.0017453292519943296	-0.1832595714594046	0.07853981633974483	-1.0037	-0.5291	-0.8044
1049.0	6.386310000000001	0.329616	7.339842	-0.061086523819801536	-0.2129301687433082	0.14486232791552936	-1.004	-0.5302	-0.8023
1050.0	6.422607	0.311958	7.34769	-0.08028514559173916	-0.21642082724729686	0.16580627893946132	-1.0043	-0.5306	-0.7995
1051.0	6.467733	0.314901	7.3692720000000005	-0.05759586531581287	-0.2181661564992912	0.19024088846738194	-1.0052	-0.5305	-0.7971
1052.0	6.516783	0.357084	7.367310000000001	-0.03316125578789226	-0.23387411976724015	0.2530727415391778	-1.0059	-0.5304	-0.7935
1053.0	6.534441	0.413001	7.390854	0.008726646259971648	-0.2530727415391778	0.33161255787892263	-1.0075	-0.53	-0.7908
1054.0	6.526593	0.3924	7.470315	0.16231562043547265	-0.26354471705114374	0.3961897402027128	-1.0091	-0.5287	-0.7899
1055.0	6.422607	0.47382300000000005	7.61256	0.8691739674931761	-0.22514747350726852	0.7173303225696694	-1.0112	-0.5275	-0.7892
1056.0	6.266628000000001	0.655308	7.816608	1.8517943363659835	-0.20769418098732523	1.3386675362796507	-1.0143	-0.5261	-0.7844
1057.0	6.040017000000001	0.9093870000000001	8.121699	2.9530970943744053	-0.23561944901923448	2.1467549799530254	-1.018	-0.5252	-0.7814
1058.0	5.772204	1.220364	8.464068000000001	3.981096023799066	-0.31066860685499065	2.9530970943744053	-1.0227	-0.5241	-0.7764
1059.0	5.548536	1.563714	8.786817000000001	4.532620067429273	-0.49567350756638956	3.5796702958403697	-1.0289	-0.5227	-0.7684
1060.0	5.414139	1.978677	9.01539	4.237659423842232	-0.6632251157578453	3.77340184281174	-1.0361	-0.5219	-0.761
1061.0	5.3886330000000005	1.866843	9.122319	3.881612256435389	-0.9965830028887622	3.7699111843077517	-1.045	-0.5203	-0.7487
1062.0	5.320944	1.7962110000000002	9.25083	3.8327430373795477	-1.1885692206081384	3.7245326237558993	-1.0557	-0.5175	-0.7349
1063.0	5.298381000000001	1.6784910000000002	9.29988	3.9479347680111734	-1.293288975727798	3.6896260387160127	-1.0676	-0.5132	-0.7193
1064.0	5.315058	1.5990300000000002	9.238077	4.036946559862884	-1.3316862192716734	3.6634460999360976	-1.0814	-0.5081	-0.6994
1065.0	5.424930000000001	1.3812480000000003	9.085041	4.005530633326987	-1.3473941825396225	3.5360370645405115	-1.0982	-0.4995	-0.6742
1066.0	5.614263	1.048689	8.85843	3.895574890451343	-1.3543754995475996	3.378957431861022	-1.1158	-0.4893	-0.6473
1067.0	5.922297	0.566037	8.493498	3.837979025135531	-1.3648474750595658	3.288200310757317	-1.1337	-0.477	-0.6189
1068.0	6.2558370000000005	-0.001962	8.085402	3.729768611511882	-1.361356816555577	3.0892327760299634	-1.1522	-0.463	-0.5893
1069.0	6.567795	-0.5856570000000001	7.664553000000001	3.626794185644217	-1.3578661580515883	2.8937558998065986	-1.1697	-0.4474	-0.5608
1070.0	6.793425	-1.181124	7.307469	3.459242577452761	-1.3596114873035827	2.682571060315284	-1.1874	-0.4301	-0.5299
1071.0	6.929784000000001	-1.2998250000000002	7.0592760000000006	3.288200310757317	-1.377064779823526	2.464404903815993	-1.2041	-0.4121	-0.5001
1072.0	7.106364000000001	-1.4705190000000001	6.796368	3.139847324337799	-1.4154620233674011	2.230530784048753	-1.2197	-0.3934	-0.47
1073.0	7.274115000000001	-1.563714	6.564852	3.03163691071415	-1.4154620233674011	2.0018926520374962	-1.2341	-0.3755	-0.4405
1074.0	7.439904	-1.6461180000000002	6.388272000000001	2.912954521578536	-1.4329153158873444	1.9024088846738192	-1.2472	-0.3576	-0.4132
1075.0	7.576263	-1.6637760000000001	6.259761	2.895501229058593	-1.4852751934471744	1.7470745812463238	-1.2577	-0.3417	-0.3895
1076.0	7.698888000000001	-1.6333650000000002	6.142041	2.8937558998065986	-1.5376350710070041	1.6179202165987436	-1.2673	-0.3265	-0.3662
1077.0	7.795026	-1.555866	6.032169000000001	2.8797932657906435	-1.567305668290908	1.5044738152191122	-1.276	-0.3121	-0.3427
1078.0	7.889202000000001	-1.44207	5.9173919999999995	2.8379053637427796	-1.642354826126664	1.3962634015954636	-1.2837	-0.2982	-0.3198
1079.0	7.970625	-1.333179	5.820273000000001	2.8797932657906435	-1.7086773377024487	1.3055062804917585	-1.291	-0.2853	-0.297
1080.0	8.038314	-1.21644	5.72904	2.9164451800825244	-1.733111947230369	1.2671090369478832	-1.2972	-0.2726	-0.2746
1081.0	8.097174	-1.0555560000000002	5.61132	2.975786374650332	-1.7802358370342162	1.2042771838760873	-1.3026	-0.261	-0.2523
1082.0	8.151129000000001	-0.868185	5.472999	3.024655593706173	-1.8256143975860686	1.1484266478122689	-1.3076	-0.2499	-0.229
1083.0	8.199198	-0.70632	5.338602000000001	3.0839967882739803	-1.8884462506578645	1.0978120995044334	-1.3126	-0.2392	-0.2054
1084.0	8.238438	-0.531702	5.18949	3.05956217874606	-1.9617500792416265	1.059414855960558	-1.3165	-0.229	-0.182
1085.0	8.293374	-0.391419	5.006043	3.155555287605748	-2.022836603061428	1.0053096491487339	-1.32	-0.219	-0.158
1086.0	8.344386	-0.26879400000000003	4.837311	3.232349774693498	-2.0734511513692633	0.9546951008408983	-1.3229	-0.2088	-0.1339
1087.0	8.404227	-0.182466	4.671522	3.378957431861022	-2.1746802479849343	0.9197885158010117	-1.3253	-0.1983	-0.1091
1088.0	8.443467	-0.141264	4.550859	3.4627332359567498	-2.3282692221604355	0.8325220532012952	-1.3274	-0.1879	-0.084
1089.0	8.484669	-0.115758	4.466493	3.5657076618244155	-2.548180707911721	0.7417649320975901	-1.3285	-0.1775	-0.0579
1090.0	8.512137000000001	-0.08142300000000001	4.581270000000001	3.6983526849759842	-2.9461157773664284	0.6475171524898963	-1.3294	-0.1672	-0.0308
1091.0	8.620047000000001	-0.072594	4.769622	4.194026192542374	-3.595378259108319	0.45553093477052004	-1.3295	-0.1564	-0.0015
1092.0	8.796627	-0.19325699999999998	4.943259	5.188863866179142	-4.202752838802346	0.13962634015954636	-1.3281	-0.1465	0.0293
1093.0	9.11349	-0.157941	5.168889000000001	5.600761569649803	-4.454080251089529	0.041887902047863905	-1.325	-0.1355	0.0638
1094.0	9.645192	-0.188352	5.466132000000001	6.002187297608499	-4.972443038931845	-0.048869219055841226	-1.321	-0.1245	0.1029
1095.0	10.274994000000001	-0.04022100000000001	5.862456000000001	6.431538293599105	-5.246459731494955	-0.12042771838760874	-1.3148	-0.1122	0.1464
1096.0	11.009763000000001	-0.06867000000000001	6.0929910000000005	6.506587451434861	-5.510004448546098	-0.16231562043547265	-1.3062	-0.0989	0.1948
1097.0	11.986839	0.08632800000000002	6.234255	6.574655292262639	-5.705481324769463	0.0	-1.2954	-0.0844	0.2464
1098.0	13.031604000000002	0.474804	6.712002000000001	5.949827420048669	-5.436700619962337	0.22863813201125716	-1.282	-0.0683	0.3003
1099.0	13.633938	0.36591300000000004	7.072029000000001	5.490805826774161	-5.2586770362589155	0.6963863715457375	-1.2657	-0.05	0.3544
1100.0	14.370669000000001	-0.169713	7.31826	4.960225734167884	-5.169665244407204	0.8150687606813519	-1.2468	-0.0293	0.4083
1101.0	15.044616000000001	-0.7995150000000001	7.533099000000001	4.8886672348361175	-4.611159883769019	0.6894050545377601	-1.2249	-0.006	0.4596
1102.0	15.373251	-0.064746	8.134452000000001	4.084070449666731	-3.6774087339520523	0.23387411976724015	-1.2015	0.0188	0.5073
1103.0	16.069761	0.714168	9.002637	1.9233528356977512	-1.8762289458939043	-1.0873401239924672	-1.1777	0.0431	0.5497
1104.0	16.188462	1.0575180000000002	9.979713000000002	-0.33335788713091696	0.635299847725936	-1.6545721308906243	-1.1558	0.0649	0.5845
1105.0	15.629292	0.7406550000000001	10.730178000000002	-1.4905111812031575	2.0402898955813713	-2.2811453323565885	-1.1372	0.0815	0.6107
1106.0	14.767974	0.299205	11.454156000000001	-1.6982053621904827	2.413790355508158	-2.5516713664157096	-1.1227	0.0917	0.6273
1107.0	13.663368	-0.48951900000000004	12.109464000000001	-1.6790067404185451	3.0229102644541785	-2.9897490086662866	-1.1133	0.0946	0.6343
1108.0	12.522465	-1.577448	12.260538	-1.4643312424232426	3.6704274169440754	-3.2358404331974873	-1.1087	0.09	0.6327
1109.0	11.866176000000001	-2.2278510000000002	12.402783000000001	-1.2636183784438948	4.3074725939220055	-3.2742376767413623	-1.11	0.0779	0.6224
1110.0	11.098053	-2.512341	12.393954	-1.0576695267085636	4.942772441647941	-3.0944687637859465	-1.1164	0.0579	0.6042
1111.0	10.281861000000001	-2.753667	12.281139000000001	-0.783652834145454	5.485569839018178	-2.705260340591211	-1.1282	0.03	0.5796
1112.0	9.691299	-4.268331	11.76219	-0.5061454830783556	5.832890360165049	-2.2043508452688383	-1.1444	-0.0035	0.5483
1113.0	8.567073	-5.979195000000001	10.890081000000002	-0.3752457891787809	5.944591432292687	-1.9058995431778079	-1.1633	-0.0408	0.5101
1114.0	7.789140000000001	-7.206426	9.788418	-0.19896753472735357	6.0632738214283	-1.2374384396639797	-1.1828	-0.0786	0.4657
1115.0	7.603731000000001	-7.906860000000001	8.786817000000001	-0.12566370614359174	6.054547175168329	-0.5393067388662478	-1.2016	-0.1147	0.4153
1116.0	7.648857	-8.277678	7.940214	-0.1308996938995747	5.984734005088556	0.16580627893946132	-1.2186	-0.1466	0.3594
1117.0	7.728318	-8.439543	7.265286000000001	-0.23561944901923448	5.853834311188981	0.8290313946973066	-1.2325	-0.1738	0.2983
1118.0	7.874487	-8.465049	6.773805	-0.3961897402027128	5.703735995517469	1.429424657383356	-1.244	-0.1953	0.2323
1119.0	8.10306	-8.369892	6.433398	-0.5061454830783556	5.689773361501515	1.6807520696705394	-1.2519	-0.2111	0.1637
1120.0	8.404227	-8.168787	6.221502	-0.7016223593017206	5.695009349257497	2.0682151636132806	-1.2566	-0.2203	0.0928
1121.0	8.775045	-7.834266	6.135174	-0.9512044423369096	5.703735995517469	2.3387411976724017	-1.2578	-0.2226	0.0195
1122.0	9.242001	-7.409493	6.144003	-1.254891732183923	5.684537373745531	2.4696408915719763	-1.2551	-0.219	-0.0544
1123.0	9.772722	-6.933708	6.2479890000000005	-1.546361717266976	5.581562947877866	2.516764781375823	-1.2494	-0.2095	-0.1286
1124.0	10.384866	-6.409854	6.4490940000000005	-1.8203784098300857	5.4175019981903985	2.535963403147761	-1.2405	-0.1948	-0.2022
1125.0	11.053908000000002	-5.860494000000001	6.744375000000001	-2.0472712125893486	5.206317158699085	2.5761059759436304	-1.2277	-0.1754	-0.2732
1126.0	11.734722	-5.304267	7.12206	-2.1362830044410597	5.103342732831419	2.6232298657474775	-1.2125	-0.1522	-0.3404
1127.0	12.364524	-4.769622	7.557624000000001	-2.178170906488923	4.834562028024293	2.7000243528352277	-1.1946	-0.125	-0.4035
1128.0	12.97863	-4.231053	8.041257	-2.0821777976292353	4.4244096538056255	2.7785641691749725	-1.1735	-0.0947	-0.4618
1129.0	13.72419	-3.6189090000000004	8.517042	-2.0472712125893486	4.143411644234538	2.895501229058593	-1.15	-0.0614	-0.5149
1130.0	14.544306	-3.0646440000000004	8.873145000000001	-2.0018926520374962	4.124213022462601	2.9530970943744053	-1.1243	-0.0259	-0.5659
1131.0	15.422301000000001	-2.710503	9.030105	-1.6196655458507379	4.010766621082969	2.848377339254746	-1.0961	0.0109	-0.6132
1132.0	16.310106	-2.519208	8.778969	-1.075122819228507	3.754203221039803	2.6790804018112957	-1.0655	0.0491	-0.6561
1133.0	17.133165	-1.7795340000000002	8.180559	-0.9948376736367679	3.356268151585096	2.7995081201989045	-1.0323	0.0875	-0.6944
1134.0	17.744328	-0.803439	7.274115000000001	-1.4032447186034411	3.000220984178253	3.2393310917014757	-0.9969	0.1255	-0.7294
1135.0	18.141633	0.08829	5.953689000000001	-1.5166911199830724	2.1066124071571557	3.42259066316088	-0.9608	0.1641	-0.7603
1136.0	18.675297	0.8054010000000001	4.379184	-0.5358160803622591	1.2915436464758039	3.1276300195738385	-0.9237	0.2023	-0.7875
1137.0	19.355130000000003	1.5823530000000001	2.546676	1.0140362954087054	0.7504915783575618	2.5813419636996136	-0.8875	0.2383	-0.8109
1138.0	19.983951	2.6182890000000003	0.413001	2.131047016685076	0.23911010752322315	1.9984019935335073	-0.8527	0.2708	-0.8315
1139.0	20.270403	3.848463	-1.859976	2.3928464044842257	-0.05061454830783556	1.6667894356545847	-0.8202	0.2981	-0.8506
1140.0	20.322396	5.275818	-4.035834	2.291617307868555	-0.6108652381980153	0.9826203688728075	-0.791	0.3197	-0.8659
1141.0	20.202714000000004	6.770862000000001	-5.898753	1.8919369091618534	-1.090830782496456	0.1954768762233649	-0.766	0.3356	-0.8772
1142.0	19.886832000000002	8.17173	-7.163262	1.689478715930511	-1.551597705022959	-0.6963863715457375	-0.7467	0.3463	-0.8864
1143.0	19.75734	9.102699	-7.759710000000001	0.7120943348136864	-2.754129559647052	-2.1642082724729685	-0.7332	0.3517	-0.895
1144.0	18.343719	9.139977	-8.066763	0.46600291028248597	-3.6826447217080354	-3.073524812762014	-0.7275	0.352	-0.8974
1145.0	17.40294	8.409132	-5.892867000000001	0.5253441048502933	-3.530801076784529	-3.7995817815916553	-0.7299	0.346	-0.8975
1146.0	15.818625	7.889202000000001	-3.7209330000000005	0.4014257279586958	-3.5360370645405115	-4.066617157146788	-0.7397	0.3326	-0.895
1147.0	14.681646	7.068105000000001	-2.443671	0.19024088846738194	-4.4156830075456535	-2.151990967709008	-0.7563	0.3149	-0.8872
1148.0	14.709114000000001	5.076675	-0.670023	0.7906341511534313	-3.7367499285198593	-0.4415683007545654	-0.781	0.2943	-0.8756
1149.0	14.198994	3.0057840000000002	1.2546990000000002	1.4800392056911915	-3.1311206780778273	0.1884955592153876	-0.8091	0.2736	-0.8578
1150.0	15.35265	2.366172	3.8219760000000003	0.8674286382411819	0.29670597283903605	-0.9651670763528641	-0.8372	0.2527	-0.8401
1151.0	14.00868	2.3308560000000003	5.062941	0.20245819323134223	-0.054105206811824215	-0.22863813201125716	-0.8654	0.2327	-0.822
1152.0	13.208184000000001	1.3518180000000002	6.580548	0.14835298641951802	0.13788101090755203	-0.03665191429188092	-0.892	0.2142	-0.8042
1153.0	12.098673000000002	0.214839	7.6439520000000005	0.06981317007977318	0.12391837689159739	-0.006981317007977318	-0.9174	0.1977	-0.7853
1154.0	12.303702000000001	-0.054936000000000006	8.772102	-0.12217304763960307	0.05061454830783556	0.16406094968746698	-0.9391	0.1834	-0.7695
1155.0	12.160476000000001	0.358065	7.822494000000001	-0.3455751918948773	-0.03316125578789226	0.3665191429188092	-0.9561	0.1726	-0.7551
1156.0	12.483225000000001	0.522873	7.048485	-0.4415683007545654	-0.0645771823237902	0.49741883681838395	-0.9693	0.1657	-0.7427
1157.0	12.162438	0.858375	7.339842	-0.5148721293383273	-0.0715584993317675	0.5742133239061344	-0.9775	0.1624	-0.7348
1158.0	10.685052	2.037537	7.368291	-0.5637413483941683	-0.061086523819801536	0.6056292504420324	-0.9794	0.1626	-0.7294
1159.0	9.808038000000002	2.9312280000000004	7.383987	-0.609119908946021	-0.10471975511965978	0.6178465552059926	-0.9786	0.1643	-0.7292
1160.0	7.341804	2.185668	6.721812000000001	-0.5899212871740833	-0.14486232791552936	0.609119908946021	-0.9778	0.1689	-0.727
1161.0	7.482087000000001	0.884862	7.207407000000001	-0.5934119456780721	-0.158824961931484	0.6038839211900381	-0.9768	0.1747	-0.7254
1162.0	7.21035	0.671985	7.182882	-0.5777039824101231	-0.1413716694115407	0.6003932626860493	-0.9761	0.1814	-0.7232
1163.0	7.072029000000001	0.49050000000000005	7.282944	-0.57246799465414	-0.1413716694115407	0.5777039824101231	-0.9747	0.1887	-0.7208
1164.0	7.061238	0.024525	7.290792	-0.5602506898901798	-0.1291543646475804	0.5585053606381855	-0.9737	0.1971	-0.7182
1165.0	7.0632	-0.31686300000000006	7.260381	-0.5707226654021458	-0.11519173063162574	0.5602506898901798	-0.9726	0.2053	-0.7155
1166.0	7.048485	-0.46008899999999997	7.2574380000000005	-0.5969026041820608	-0.10297442586766545	0.6003932626860493	-0.9718	0.2142	-0.7127
1167.0	7.069086	-0.5483790000000001	7.289811	-0.630063859969953	-0.08726646259971647	0.635299847725936	-0.9706	0.2232	-0.7097
1168.0	7.054371	-0.665118	7.28883	-0.6213372137099813	-0.09075712110370514	0.6283185307179586	-0.9694	0.2323	-0.7066
1169.0	7.056333	-0.7848	7.230951	-0.5899212871740833	-0.024434609527920613	0.6003932626860493	-0.9683	0.2416	-0.7034
1170.0	7.045542	-0.9329310000000001	7.154433	-0.5235987755982988	0.006981317007977318	0.5323254218582705	-0.9671	0.2505	-0.7007
1171.0	6.98472	-1.106568	7.0896870000000005	-0.47647488579445196	0.019198621771937627	0.47647488579445196	-0.9655	0.2595	-0.6981
1172.0	6.891525000000001	-1.256661	7.048485	-0.3752457891787809	0.012217304763960306	0.3420845333908886	-0.9639	0.2677	-0.6958
1173.0	6.799311000000001	-1.4724810000000002	6.964119	-0.21467549799530256	0.012217304763960306	0.16231562043547265	-0.9628	0.276	-0.6934
1174.0	6.718869	-1.739313	6.8787720000000006	-0.010471975511965976	0.019198621771937627	-0.05759586531581287	-0.9609	0.2825	-0.6917
1175.0	6.654123	-1.9600380000000002	6.8022540000000005	0.1466076571675237	0.059341194567807204	-0.23212879051524585	-0.9595	0.2881	-0.6902
1176.0	6.600168	-2.183706	6.731622000000001	0.26005405854715513	0.12217304763960307	-0.3769911184307752	-0.9581	0.2924	-0.6881
1177.0	6.5481750000000005	-2.367153	6.6855150000000005	0.3508111796508603	0.1413716694115407	-0.4921828490624009	-0.9569	0.2949	-0.6854
1178.0	6.516783	-2.456424	6.6472560000000005	0.3909537524467298	0.15009831567151233	-0.5323254218582705	-0.9564	0.296	-0.6825
1179.0	6.4922580000000005	-2.427975	6.649218	0.4380776422505767	0.12566370614359174	-0.5934119456780721	-0.9564	0.2951	-0.6785
1180.0	6.460866	-2.345571	6.7031730000000005	0.4537856055185257	0.08377580409572781	-0.6108652381980153	-0.9572	0.2925	-0.6738
1181.0	6.4490940000000005	-2.220984	6.770862000000001	0.4625122517784973	0.013962634015954637	-0.6073745796940266	-0.9579	0.2889	-0.6697
1182.0	6.480486	-2.031651	6.833646	0.4310963252425994	-0.04537856055185257	-0.5742133239061344	-0.9592	0.2835	-0.6666
1183.0	6.5481750000000005	-1.7245980000000003	6.919974000000001	0.33335788713091696	-0.09250245035569947	-0.4799655442984406	-0.9605	0.2768	-0.6656
1184.0	6.588396	-1.3832099999999998	7.025922	0.30543261909900765	-0.1361356816555577	-0.3892084231947355	-0.9623	0.2701	-0.6653
1185.0	6.613902	-1.082043	7.127946000000001	0.22165681500327983	-0.18151424220741028	-0.34732052114687156	-0.9646	0.2635	-0.6659
1186.0	6.637446	-0.8338500000000001	7.221141	0.15358897417550102	-0.24434609527920614	-0.26529004630313807	-0.9671	0.2567	-0.6682
1187.0	6.679629	-0.663156	7.277058	0.12391837689159739	-0.29496064358704166	-0.23212879051524585	-0.97	0.2504	-0.6716
1188.0	6.707097	-0.567999	7.3310130000000004	0.1413716694115407	-0.33510321638291124	-0.24609142453120045	-0.9726	0.244	-0.6756
1189.0	6.725736	-0.523854	7.377120000000001	0.20769418098732523	-0.3892084231947355	-0.2530727415391778	-0.9749	0.2382	-0.6806
1190.0	6.755166	-0.5071770000000001	7.413417000000001	0.27052603405912107	-0.4625122517784973	-0.26703537555513246	-0.9772	0.2336	-0.6857
1191.0	6.769881000000001	-0.5375880000000001	7.477182	0.3246312408709453	-0.5288347633542818	-0.27052603405912107	-0.9802	0.228	-0.6903
1192.0	6.775767	-0.576828	7.587054	0.5637413483941683	-0.6649704450098396	-0.2722713633111154	-0.9833	0.2238	-0.6937
1193.0	6.684534	-0.596448	7.840152000000001	0.5026548245743669	-0.8639379797371931	-0.2792526803190927	-0.9868	0.2192	-0.6936
1194.0	6.653142000000001	-0.764199	8.043219	0.26703537555513246	-1.2828170002158321	-0.38746309394274114	-0.9911	0.2149	-0.6906
1195.0	6.615864	-0.7318260000000001	8.199198	0.24783675378319478	-1.6790067404185451	-0.4241150082346221	-0.9955	0.2102	-0.684
1196.0	6.559947	-0.6768900000000001	8.395398	0.2565634000431664	-2.054252529597326	-0.35255650890285456	-1.0011	0.2052	-0.6738
1197.0	6.511877999999999	-0.587619	8.582769	0.23561944901923448	-2.260201381332657	-0.2722713633111154	-1.0082	0.2004	-0.6601
1198.0	6.461847	-0.463032	8.772102	0.19024088846738194	-2.7000243528352277	-0.23736477827122882	-1.0167	0.1956	-0.644
1199.0	6.4235880000000005	-0.410058	8.959473000000001	0.15358897417550102	-3.1747539093776855	-0.19896753472735357	-1.0265	0.1911	-0.626
1200.0	6.388272000000001	-0.44537400000000005	9.086022	0.2722713633111154	-3.6634460999360976	-0.26529004630313807	-1.0378	0.1852	-0.6066
1201.0	6.376500000000001	-0.49540500000000004	9.134091000000002	0.41538836197465046	-4.148647631990521	-0.38222710618675815	-1.0509	0.1806	-0.5848
1202.0	6.338241	-0.592524	9.116433	0.4328416544945937	-4.591961261997081	-0.5235987755982988	-1.0652	0.1753	-0.5601
1203.0	6.336279	-0.7749900000000001	9.009504	0.5253441048502933	-5.187118536927147	-0.757472895365539	-1.0814	0.1704	-0.5329
1204.0	6.266628000000001	-0.8573940000000001	9.004599	0.6143558967020041	-5.569345643113906	-0.8779006137531478	-1.0991	0.1645	-0.502
1205.0	6.240141	-1.2556800000000001	9.016371000000001	0.9023352232810684	-6.389650391551241	-1.2199851471440364	-1.1178	0.1578	-0.4668
1206.0	6.345108000000001	-1.6981110000000001	9.020295	1.14493598930828	-7.185520530460654	-1.6545721308906243	-1.1364	0.1498	-0.4267
1207.0	6.595263	-2.245509	9.100737	1.6231562043547265	-7.899360194526336	-2.2218041377887814	-1.1548	0.1396	-0.3834
1208.0	7.3947780000000005	-2.7664199999999997	9.200799	2.569124658935653	-8.517206749732328	-2.848377339254746	-1.1725	0.1267	-0.3339
1209.0	8.696565	-3.02148	9.145863	2.689552377323262	-8.728391589223643	-3.160791275361731	-1.1889	0.1105	-0.2747
1210.0	9.872784	-2.7311039999999998	9.003618	2.5656340004316642	-8.620181175599994	-3.122394031817856	-1.2021	0.0922	-0.2103
1211.0	11.233431000000001	-2.710503	9.019314	2.4225170017681297	-9.274679645097867	-3.0264009229581674	-1.2113	0.0712	-0.1364
1212.0	13.558401000000002	-2.934171	9.320481	2.506292805863857	-8.859291283123218	-2.8780479365386493	-1.2154	0.0481	-0.0534
1213.0	15.783309000000001	-3.42369	9.704052	2.150245638457014	-7.367034772668066	-2.466150233067988	-1.2132	0.0239	0.0335
1214.0	17.460819	-3.7964700000000002	10.302462	1.7313666179783749	-5.473352534254218	-2.071705822117269	-1.2058	-0.0005	0.1215
1215.0	18.209322	-4.398804	10.629135	2.2060961745208325	-4.392993727269728	-1.1135200627723822	-1.1939	-0.0249	0.2077
1216.0	19.875059999999998	-4.840254000000001	11.383524000000001	2.0612338466053033	-1.1728612573401895	0.20769418098732523	-1.1782	-0.0469	0.2894
1217.0	20.821725	-5.158098000000001	12.280158	2.2078415037728267	0.06981317007977318	0.6003932626860493	-1.1608	-0.0645	0.364
1218.0	20.154645000000002	-5.274837	12.896226	2.644173816771409	1.4032447186034411	0.8045967851693859	-1.1432	-0.0769	0.4303
1219.0	18.656658	-5.145345	13.374954	2.6249751949994717	1.733111947230369	0.8203047484373349	-1.127	-0.0835	0.4824
1220.0	17.37351	-5.162022	13.797765000000002	1.9303341527057283	2.2497294058206907	0.8237954069413236	-1.1129	-0.0846	0.5252
1221.0	15.909858	-4.789242000000001	13.976307000000002	0.9285151620609834	3.0962140930379407	0.7120943348136864	-1.1028	-0.081	0.5533
1222.0	13.465206	-4.183965	13.790898	-0.038397243543875255	3.9776053652950774	0.44505895925855404	-1.098	-0.0735	0.5656
1223.0	11.087262	-3.3560010000000005	13.377896999999999	-0.8395033702092726	4.705407663376713	0.15707963267948966	-1.0992	-0.0644	0.5659
1224.0	9.183141	-2.6084790000000004	12.598983	-1.213003830136059	4.974188368183839	0.038397243543875255	-1.1055	-0.0538	0.5553
1225.0	8.113851	-1.591182	12.050604	-1.7697638615222502	5.3511794866146145	-0.12566370614359174	-1.117	-0.0422	0.5354
1226.0	6.050808000000001	-0.763218	11.001915	-2.0891591146372126	5.649630788705645	-0.17453292519943295	-1.133	-0.0318	0.502
1227.0	4.621491000000001	-0.014715	9.728577000000001	-2.1886428820008894	5.92190215201676	-0.1291543646475804	-1.1505	-0.0244	0.4643
1228.0	4.3566210000000005	0.464994	8.714223	-2.151990967709008	6.188937527571893	0.0	-1.1683	-0.0196	0.4195
1229.0	4.509657	0.488538	7.999074	-2.0263272615654166	6.515314097694833	0.21642082724729686	-1.1859	-0.0171	0.3705
1230.0	4.6234530000000005	0.212877	7.507593	-1.9634954084936207	6.66366708411435	0.3595378259108319	-1.2024	-0.0175	0.3059
1231.0	4.771584	-0.10987200000000001	7.19073	-1.816887751326097	6.890559886873613	0.6754424205218056	-1.2169	-0.0178	0.2383
1232.0	5.012910000000001	-0.379647	7.018074	-1.6982053621904827	7.06683814132504	0.9791297103688189	-1.2286	-0.0176	0.1677
1233.0	5.37588	-0.5640750000000001	7.002378	-1.6824973989225338	7.1785392134526775	1.2374384396639797	-1.2368	-0.0158	0.0927
1234.0	5.9428980000000005	-0.671004	7.1613	-1.6912240451825054	7.22391777400453	1.4206980111233845	-1.2416	-0.0119	0.0149
1235.0	6.694344	-0.669042	7.474239000000001	-1.8256143975860686	7.283258968572337	1.4905111812031575	-1.2415	-0.005	-0.0661
1236.0	7.568415	-0.511101	7.920594	-2.1485003092050197	7.360053455660087	1.4835298641951802	-1.2365	0.0048	-0.1444
1237.0	8.557263	-0.277623	8.447391	-2.3527038316883564	7.386233394440002	1.4468779499032993	-1.2272	0.0186	-0.2255
1238.0	9.6138	-0.013734000000000001	9.048744000000001	-2.813470754214859	7.307693578100258	1.3281955607676847	-1.2129	0.0362	-0.307
1239.0	10.763532	0.265851	9.671679000000001	-3.368485456349056	7.108726043372904	1.3177235852557188	-1.1929	0.0576	-0.3886
1240.0	12.015288000000002	0.467937	10.278918	-3.803072440095644	6.595599243286571	1.520181778487061	-1.1674	0.0842	-0.4579
1241.0	13.497579	0.524835	10.834164000000001	-3.827507049623565	5.880014249968895	2.0961404316451895	-1.136	0.1145	-0.5248
1242.0	15.448788	0.376704	11.214792000000001	-3.087487446777969	5.45415391248228	3.0508355324860883	-1.0991	0.148	-0.5877
1243.0	17.659962	0.045126	11.210868000000001	-2.4399702942880728	5.25693170700692	3.612831551628262	-1.057	0.1846	-0.6447
1244.0	19.817180999999998	-0.208953	10.491795	-0.8150687606813519	4.630358505540957	4.680973053848792	-1.0094	0.223	-0.6968
1245.0	21.674214000000003	0.14715	8.931024	0.27401669256310973	3.5203291012725626	5.279620987282847	-0.958	0.2619	-0.7425
1246.0	23.492988	0.85347	6.673743000000001	0.8901179185171081	2.528982086139784	4.850269991292241	-0.9042	0.3007	-0.7825
1247.0	25.130277000000003	1.911969	3.841596	1.429424657383356	1.8221237390820801	3.673918075448064	-0.8495	0.3369	-0.8159
1248.0	26.359469999999998	3.1970790000000004	0.7102440000000001	1.7313666179783749	1.13271868454432	2.2776546738526	-0.796	0.3696	-0.843
1249.0	27.299268	4.726458	-2.430918	1.3700834628155487	0.62482787221397	1.0297442586766545	-0.7455	0.3977	-0.8653
1250.0	28.024227000000003	6.252894	-5.504391000000001	1.1571532940722404	0.38048177693476387	0.40317105721069013	-0.6999	0.4204	-0.8825
1251.0	28.140966	7.483068	-8.357139	0.8691739674931761	-0.3769911184307752	-0.8779006137531478	-0.6611	0.4365	-0.8969
1252.0	27.580815	8.582769	-10.720368	0.5061454830783556	-1.101302758008422	-1.8675022996339325	-0.6306	0.4464	-0.9084
1253.0	26.626302000000003	9.654021	-12.343923	0.7696902001294994	-1.5079644737231008	-2.8571039855147173	-0.6095	0.4497	-0.9175
1254.0	25.219548000000003	9.436239	-12.229146	1.8465583486100006	-2.5394540616517496	-3.9165188414752756	-0.5994	0.4462	-0.9242
1255.0	21.624183	8.085402	-9.293013	2.572615317439642	-4.303981935418016	-5.375614096142535	-0.6014	0.4347	-0.9285
1256.0	20.399895	6.854247	-7.912746	2.3596851486963333	-5.003858965467742	-4.145156973486532	-0.6141	0.4167	-0.9282
1257.0	20.372427000000002	5.716287	-5.360184	1.165879940332212	-5.539675045830002	-0.28099800957108706	-0.6359	0.397	-0.9244
1258.0	19.655316000000003	5.193414	-2.417184	1.1676252695842066	-4.3074725939220055	1.1484266478122689	-0.6636	0.3779	-0.9167
1259.0	17.951319	4.647978	0.201105	0.5654866776461628	-3.464478565208744	0.7400196028455958	-0.6952	0.3594	-0.9041
1260.0	16.831017	3.3667920000000002	3.161763	-0.2007128639793479	-3.2271137869375153	0.15707963267948966	-0.7301	0.3421	-0.8876
1261.0	17.31465	1.0280880000000001	4.9844610000000005	0.19198621771937624	-1.0506882097005865	-0.27576202181510406	-0.7659	0.3254	-0.868
1262.0	16.243398	0.30411	7.020036	0.5323254218582705	-0.45029494701453704	-0.3700098014227979	-0.8	0.3095	-0.8474
1263.0	14.977908	-0.04022100000000001	8.49546	0.35255650890285456	-0.24609142453120045	-0.312413936106985	-0.8317	0.2951	-0.8257
1264.0	14.159754000000001	0.37278	8.869221000000001	0.06981317007977318	-0.15184364492350666	-0.061086523819801536	-0.8592	0.2835	-0.8049
1265.0	15.606729000000001	1.310616	7.221141	0.04363323129985824	-0.10471975511965978	-0.0471238898038469	-0.881	0.2766	-0.786
1266.0	14.544306	1.8187740000000001	7.738128	-0.012217304763960306	-0.07330382858376185	0.022689280275926284	-0.8968	0.2744	-0.7712
1267.0	12.267405	1.639251	7.585092	-0.07853981633974483	-0.04537856055185257	0.08028514559173916	-0.9081	0.2732	-0.7604
1268.0	10.913625000000001	0.660213	7.265286000000001	-0.04014257279586958	-0.012217304763960306	0.04537856055185257	-0.9159	0.2719	-0.7537
1269.0	10.637964	-0.542493	7.252533	-0.020943951023931952	-0.008726646259971648	0.027925268031909273	-0.9216	0.271	-0.7512
1270.0	9.830601	-0.9574560000000001	6.8101020000000005	-0.005235987755982988	0.0	-0.003490658503988659	-0.9243	0.2697	-0.7521
1271.0	7.744014	0.12262500000000001	7.290792	0.022689280275926284	0.003490658503988659	-0.06632251157578452	-0.9253	0.2687	-0.7554
1272.0	7.374177	-0.104967	7.178958000000001	0.04537856055185257	-0.003490658503988659	-0.09773843811168245	-0.9261	0.2679	-0.7602
1273.0	7.2878490000000005	-0.551322	7.196616000000001	0.07504915783575616	0.020943951023931952	-0.13962634015954636	-0.9261	0.2678	-0.7666
1274.0	7.156395000000001	-0.543474	7.2191790000000005	0.09773843811168245	0.041887902047863905	-0.15009831567151233	-0.9265	0.2672	-0.772
1275.0	7.085763000000001	-0.557208	7.2015210000000005	0.09599310885968812	0.05759586531581287	-0.14835298641951802	-0.9264	0.2667	-0.7767
1276.0	6.988644000000001	-0.646479	7.183863	0.07853981633974483	0.061086523819801536	-0.143116998663535	-0.9271	0.2658	-0.779
1277.0	6.8375699999999995	-0.520911	7.208388	0.04537856055185257	0.03665191429188092	-0.11519173063162574	-0.9271	0.2652	-0.7793
1278.0	6.701211000000001	-0.5042340000000001	7.228989	0.03316125578789226	0.005235987755982988	-0.10821041362364843	-0.9273	0.264	-0.7772
1279.0	6.531498	-0.5287590000000001	7.246647	0.024434609527920613	-0.031415926535897934	-0.11693705988362008	-0.9276	0.2624	-0.7735
1280.0	6.370614	-0.5395500000000001	7.271172	0.038397243543875255	-0.09075712110370514	-0.11868238913561441	-0.9282	0.2602	-0.768
1281.0	6.277419000000001	-0.511101	7.264305000000001	0.06632251157578452	-0.1117010721276371	-0.12217304763960307	-0.9291	0.2584	-0.7629
1282.0	6.180300000000001	-0.436545	7.273134	0.04537856055185257	-0.1413716694115407	-0.11868238913561441	-0.93	0.2567	-0.7581
1283.0	6.1234020000000005	-0.396324	7.303545000000001	-0.019198621771937627	-0.20420352248333654	-0.0715584993317675	-0.9314	0.2551	-0.7545
1284.0	6.079257000000001	-0.329616	7.320222	-0.05585053606381855	-0.22863813201125716	-0.04363323129985824	-0.9324	0.2538	-0.7526
1285.0	6.078276000000001	-0.27468000000000004	7.311393	-0.08726646259971647	-0.23387411976724015	-0.015707963267948967	-0.9335	0.253	-0.7515
1286.0	6.100839000000001	-0.315882	7.316298000000001	-0.10471975511965978	-0.2617993877991494	-0.012217304763960306	-0.9351	0.2521	-0.7523
1287.0	6.1871670000000005	-0.34335000000000004	7.307469	-0.08377580409572781	-0.312413936106985	-0.008726646259971648	-0.9374	0.2509	-0.7534
1288.0	6.290172	-0.28645200000000004	7.294716000000001	-0.05759586531581287	-0.3560471674068432	-0.019198621771937627	-0.9398	0.2501	-0.7553
1289.0	6.452037	-0.19521900000000003	7.2750960000000005	-0.08203047484373349	-0.36826447217080355	0.003490658503988659	-0.9427	0.2499	-0.7581
1290.0	6.614883000000001	-0.10300500000000001	7.252533	-0.059341194567807204	-0.3944444109507185	0.017453292519943295	-0.9451	0.2498	-0.7637
1291.0	6.7414320000000005	-0.111834	7.261362	-0.026179938779914945	-0.4118977034706618	0.020943951023931952	-0.9474	0.2493	-0.767
1292.0	6.844437	-0.152055	7.278039000000001	0.017453292519943295	-0.40491638646268446	0.010471975511965976	-0.95	0.2493	-0.771
1293.0	6.893487	-0.164808	7.282944	0.05585053606381855	-0.41364303272265607	0.019198621771937627	-0.9527	0.2495	-0.7713
1294.0	6.899373000000001	-0.22857300000000003	7.322184	0.14835298641951802	-0.47123889803846897	0.026179938779914945	-0.9558	0.2495	-0.7704
1295.0	6.882696	-0.322749	7.414398	0.23736477827122882	-0.5323254218582705	0.054105206811824215	-0.9591	0.2494	-0.7671
1296.0	6.895449	-0.329616	7.54389	0.46949356878647464	-0.6649704450098396	0.06981317007977318	-0.9623	0.249	-0.7637
1297.0	6.841494000000001	-0.501291	7.802874	0.006981317007977318	-1.0786134777324956	-0.09773843811168245	-0.9653	0.248	-0.7614
1298.0	6.812064	-0.571923	8.012808	0.10122909661567112	-1.4451326206513049	-0.24958208303518914	-0.969	0.2473	-0.7568
1299.0	6.761052	-0.523854	8.186445	0.07330382858376185	-1.8151424220741028	-0.23736477827122882	-0.9733	0.246	-0.7503
1300.0	6.702192000000001	-0.47774700000000003	8.364006	0.0645771823237902	-2.2078415037728267	-0.16755160819145562	-0.9791	0.2448	-0.7407
1301.0	6.600168	-0.38651399999999997	8.549415000000002	0.029670597283903602	-2.665117767795341	-0.11519173063162574	-0.9865	0.2433	-0.7318
1302.0	6.521688	-0.329616	8.735805	0.03490658503988659	-2.885029253546627	-0.08552113334772216	-0.9943	0.2414	-0.7189
1303.0	6.448113	-0.29724300000000003	8.900613	0.1064650843716541	-3.326597554301192	-0.06632251157578452	-1.0044	0.2392	-0.7051
1304.0	6.368652	-0.27958500000000003	9.049725	0.34033920413889424	-3.815289744859604	-0.07330382858376185	-1.0159	0.2368	-0.688
1305.0	6.309792	-0.36198900000000006	9.160578	0.47647488579445196	-4.370304446993801	-0.16057029118347832	-1.0295	0.2345	-0.668
1306.0	6.256818000000001	-0.617049	9.166464000000001	0.5515240436302081	-4.923573819876004	-0.4363323129985824	-1.0446	0.2315	-0.643
1307.0	6.263685	-0.7426170000000001	9.034029	0.7173303225696694	-5.513495107050087	-0.6998770300497261	-1.0614	0.2281	-0.6118
1308.0	6.195015	-1.001601	9.057573000000001	0.8447393579652555	-5.9149208350087825	-1.0716321607245183	-1.0792	0.2239	-0.5763
1309.0	6.157737000000001	-1.488177	9.155673	1.2409290981679681	-6.822492046045833	-1.3212142437597074	-1.0986	0.2186	-0.5377
1310.0	6.249951	-1.9198170000000003	9.233172000000001	1.5812683023068625	-7.714355293814936	-1.8308503853420517	-1.1187	0.2115	-0.4941
1311.0	6.549156	-2.3651910000000003	9.403866	2.0420352248333655	-8.616690517096005	-2.321287905152458	-1.1387	0.202	-0.4434
1312.0	7.376139	-2.710503	9.596142	3.2498030672134415	-9.274679645097867	-2.839650692994774	-1.1587	0.1898	-0.3837
1313.0	8.888841000000001	-2.8076220000000003	9.768798	3.286454981505323	-9.349728802933624	-2.7942721324429214	-1.1763	0.1743	-0.3191
1314.0	10.229868	-2.5790490000000004	9.5157	2.9530970943744053	-9.85587428601198	-2.4975661596038856	-1.191	0.1563	-0.2352
1315.0	11.845575	-2.281806	9.686394000000002	2.775073510670984	-10.096729722787197	-2.3125612588924866	-1.1986	0.1348	-0.1461
1316.0	14.426586	-2.546676	10.412334	2.7995081201989045	-9.039060196078632	-2.0367992370773824	-1.2002	0.113	-0.0536
1317.0	16.837884	-3.179421	11.236374	2.7715828521669956	-7.051130178057091	-1.837831702350029	-1.1967	0.0919	0.0396
1318.0	18.316251	-3.8102040000000006	12.165381	3.0264009229581674	-4.7699848457005025	-1.546361717266976	-1.1877	0.0715	0.1301
1319.0	19.713195000000002	-3.926943	12.794202	2.234021442552742	-2.0525072003453313	-0.054105206811824215	-1.1749	0.0538	0.2161
1320.0	21.213144	-4.175136	14.100894	1.668534764906579	0.8045967851693859	0.8534660042252271	-1.1602	0.0399	0.2933
1321.0	21.362256000000002	-4.454721	15.202557000000002	1.6545721308906243	1.4660765716752369	1.0088003076527223	-1.144	0.0306	0.359
1322.0	20.408724000000003	-4.4429490000000005	15.880428	1.4974924982111346	1.911135530933791	1.0332349171806432	-1.1274	0.0254	0.4103
1323.0	18.845991	-4.330134	16.319916	0.8901179185171081	2.5743606466916362	1.054178868204575	-1.1118	0.025	0.4498
1324.0	17.513793000000003	-4.445892	16.979148	0.07330382858376185	3.5849062835963528	0.9162978572970231	-1.0982	0.028	0.4626
1325.0	15.818625	-4.509657	17.076267	-0.7208209810736581	4.5849799449891036	0.6702064327658225	-1.0906	0.0347	0.4605
1326.0	13.055148	-3.8249190000000004	16.526907	-1.4660765716752369	5.415756668938405	0.4921828490624009	-1.0882	0.0429	0.445
1327.0	10.401543	-2.7428760000000003	15.731316	-1.9931660057775245	5.979498017332573	0.39793506945470714	-1.0908	0.0506	0.4166
1328.0	8.665173	-1.654947	14.610033000000001	-2.171189589480946	6.173229564303943	0.3665191429188092	-1.0977	0.0578	0.3775
1329.0	7.013169	-1.0084680000000001	13.693779	-2.3649211364523164	6.480407512654946	0.32986722862692824	-1.1069	0.064	0.3305
1330.0	5.210091	-0.30312900000000004	12.079053000000002	-2.361430477948328	6.72824426643814	0.2879793265790644	-1.1159	0.0684	0.2779
1331.0	4.615605	0.437526	10.570274999999999	-2.197369528260861	6.890559886873613	0.30019663134302466	-1.1247	0.0717	0.2208
1332.0	4.676427	0.821097	9.470574000000001	-2.012364627549462	7.03018622703316	0.35779249665883756	-1.1325	0.0742	0.1593
1333.0	4.7303820000000005	0.917235	8.697546	-1.8675022996339325	7.134905982152819	0.4258603374866164	-1.1387	0.0765	0.0943
1334.0	4.845159000000001	0.9613800000000001	8.187426	-1.8186330805780915	7.243116395776467	0.4991641660703783	-1.142	0.0798	0.0261
1335.0	5.1218010000000005	1.047708	7.914708	-1.827359726838063	7.2867496270763255	0.5515240436302081	-1.1418	0.0838	-0.044
1336.0	5.612301	1.1565990000000002	7.881354000000001	-2.0437805540853597	7.44557458900781	0.6527531402458793	-1.1375	0.0893	-0.1157
1337.0	6.319602000000001	1.3174830000000002	8.079516	-2.34223185617639	7.618362184955249	0.7435102613495844	-1.1285	0.0974	-0.1876
1338.0	7.2191790000000005	1.4999490000000002	8.481726	-2.644173816771409	7.791149780902686	0.8168140899333461	-1.115	0.1078	-0.2601
1339.0	8.221761	1.689282	9.081117	-2.876302607286655	7.908086840786307	0.8499753457212386	-1.0959	0.12	-0.3322
1340.0	9.441144000000001	1.8589950000000002	9.827658000000001	-2.951351765122411	7.895869536022347	0.8552113334772214	-1.0717	0.135	-0.403
1341.0	10.822392	2.013993	10.670337	-2.988003679414292	7.850490975470494	0.8639379797371931	-1.043	0.1516	-0.4725
1342.0	12.273291000000002	2.1503520000000003	11.506149	-3.2131511529215606	7.672467391767073	0.9023352232810684	-1.0081	0.1706	-0.541
1343.0	13.807575	2.173896	12.296835000000002	-3.623303527140228	7.274532322312366	1.0000736613927508	-0.9673	0.1916	-0.6064
1344.0	15.782328000000001	1.996335	12.868758000000001	-3.972369377539094	6.389650391551241	1.3508848410436112	-0.9217	0.2153	-0.6672
1345.0	18.17793	1.424412	12.915846	-3.9112828537192925	5.761331860833282	2.029817920069405	-0.8706	0.2427	-0.7224
1346.0	20.450907000000004	0.7416360000000001	12.119274	-2.7838001569309556	5.427973973702365	2.933898472602468	-0.8146	0.2728	-0.7716
1347.0	22.308920999999998	0.9093870000000001	10.40841	-1.6249015336067207	4.550073359949217	4.057890510886816	-0.7523	0.3038	-0.8145
1348.0	24.064911000000002	1.5627330000000001	7.8421140000000005	-1.494001839707146	3.808308427851627	4.602433237509047	-0.6859	0.3353	-0.8513
1349.0	25.860141	2.0807010000000004	4.572441	-0.8517206749732328	2.560398012675681	4.97069770967985	-0.6169	0.366	-0.8825
1350.0	27.229617	2.987145	0.8897670000000001	0.9756390518648302	1.6057029118347832	4.077089132658754	-0.5477	0.3937	-0.9103
1351.0	28.327356	4.512600000000001	-2.810565	2.0315632493213998	0.6265732014659643	2.6354471705114375	-0.48	0.4163	-0.9347
1352.0	29.104308000000003	6.029226	-6.302925	1.514945790731078	-0.1117010721276371	1.1484266478122689	-0.4171	0.4336	-0.956
1353.0	29.364273	7.298640000000001	-9.408771	0.5358160803622591	-0.8621926504851988	-0.5323254218582705	-0.3607	0.4459	-0.9745
1354.0	28.948329	8.34831	-11.821050000000001	0.10471975511965978	-1.2950343049797925	-1.3002702927357754	-0.3125	0.4536	-0.9902
1355.0	28.008531000000005	9.464688	-13.249386000000001	-0.5288347633542818	-1.7383479349863522	-2.4539329283040274	-0.2751	0.4564	-1.0043
1356.0	26.377128000000003	9.740349	-13.190526	-0.9861110273767962	-1.4695672301792255	-2.9164451800825244	-0.2488	0.4557	-1.0172
1357.0	22.910274	7.838190000000001	-10.333853999999999	2.3509585024363617	-1.4486232791552935	-4.49073216538141	-0.2347	0.4499	-1.0307
1358.0	17.940528	5.884038	-6.560928	5.059709501531561	-3.4819318577286875	-5.4175019981903985	-0.2331	0.4359	-1.0452
1359.0	15.843150000000001	6.11163	-3.8494440000000005	3.8624136346634517	-5.653121447209633	-4.0875611081707195	-0.2463	0.4144	-1.0593
1360.0	15.523344000000002	6.047865000000001	-1.26549	1.583013631558857	-5.820673055401089	0.3543018381548489	-0.2715	0.3894	-1.0686
1361.0	15.152526	5.386671000000001	2.155257	1.2636183784438948	-5.4262286444503705	1.1728612573401895	-0.3054	0.3657	-1.0727
1362.0	13.578021000000001	5.037434999999999	4.962879	0.7190756518216638	-4.431390970813603	0.7504915783575618	-0.3453	0.3437	-1.0711
1363.0	11.864214	4.398804	7.256457000000001	-0.19198621771937624	-4.358087142229841	0.3944444109507185	-0.3889	0.3232	-1.0653
1364.0	10.588913999999999	3.3226470000000004	9.139977	-0.5166174585903216	-4.190535534038385	0.4852015320544236	-0.4363	0.3035	-1.0561
1365.0	11.528712	1.121283	10.132749	0.4869468613064179	-1.3788101090755203	-0.28623399732707	-0.4838	0.284	-1.0453
1366.0	10.952865000000001	1.577448	10.610496	0.47472955654245763	-0.5794493116621174	-0.2565634000431664	-0.5286	0.263	-1.0354
1367.0	12.337056	3.372678	9.064440000000001	0.19024088846738194	-0.5480333851262195	-0.15533430342749532	-0.5712	0.2435	-1.0254
1368.0	15.271227	4.029948	7.32807	-0.013962634015954637	-0.22514747350726852	0.04363323129985824	-0.6093	0.2302	-1.0146
1369.0	14.967117000000002	3.015594	7.315317	0.05235987755982989	-0.1413716694115407	-0.0645771823237902	-0.6402	0.223	-1.0044
1370.0	13.069863000000002	2.0385180000000003	7.713603	-0.0715584993317675	-0.05759586531581287	0.04537856055185257	-0.6643	0.2196	-0.9968
1371.0	11.226564000000002	0.9035010000000001	7.213293	-0.16057029118347832	-0.03665191429188092	0.1291543646475804	-0.6837	0.2178	-0.9918
1372.0	10.757646000000001	-0.523854	7.0896870000000005	-0.15358897417550102	-0.012217304763960306	0.15707963267948966	-0.6982	0.2171	-0.9898
1373.0	10.78119	-1.434222	7.090668	-0.10297442586766545	0.0	0.10821041362364843	-0.7091	0.2163	-0.9902
1374.0	10.491795	-1.498968	6.948423000000001	-0.1064650843716541	0.020943951023931952	0.08552113334772216	-0.7149	0.2156	-0.9934
1375.0	7.987302000000001	-0.150093	7.137756	-0.05759586531581287	0.015707963267948967	0.027925268031909273	-0.7176	0.2153	-0.9972
1376.0	7.640028000000001	-0.569961	7.1073450000000005	-0.029670597283903602	0.020943951023931952	-0.012217304763960306	-0.7194	0.2155	-1.0017
1377.0	7.431075	-1.024164	7.144623	-0.015707963267948967	-0.0017453292519943296	-0.04014257279586958	-0.7201	0.2165	-1.0059
1378.0	7.142661	-0.7730279999999999	7.218198	-0.005235987755982988	0.006981317007977318	-0.06806784082777885	-0.7206	0.217	-1.0064
1379.0	7.015131	-0.788724	7.211331	-0.054105206811824215	-0.03316125578789226	-0.017453292519943295	-0.7205	0.2177	-1.0065
1380.0	6.835608	-0.87309	7.226046000000001	-0.07853981633974483	-0.04363323129985824	0.015707963267948967	-0.7202	0.2185	-1.006
1381.0	6.705135	-0.8721090000000001	7.208388	-0.11344640137963143	-0.06981317007977318	0.031415926535897934	-0.7198	0.2193	-1.0067
1382.0	6.558966	-0.973152	7.213293	-0.054105206811824215	-0.1291543646475804	-0.008726646259971648	-0.7202	0.2202	-1.0051
1383.0	6.434379000000001	-1.029069	7.206426	0.059341194567807204	-0.16755160819145562	-0.10297442586766545	-0.7203	0.2205	-1.0043
1384.0	6.368652	-1.016316	7.182882	0.08203047484373349	-0.17453292519943295	-0.13788101090755203	-0.7205	0.2204	-1.0038
1385.0	6.337260000000001	-0.9368550000000001	7.170129	0.0471238898038469	-0.17278759594743864	-0.13264502315156904	-0.7208	0.2204	-1.0042
1386.0	6.34707	-0.896634	7.1613	0.026179938779914945	-0.16406094968746698	-0.1291543646475804	-0.7219	0.2201	-1.0027
1387.0	6.35688	-0.916254	7.142661	0.04014257279586958	-0.16231562043547265	-0.14486232791552936	-0.7234	0.2194	-1.0007
1388.0	6.387291	-0.891729	7.128927000000001	0.0471238898038469	-0.18675022996339324	-0.16755160819145562	-0.7256	0.2188	-1.0007
1389.0	6.427512	-0.9378360000000001	7.1073450000000005	0.005235987755982988	-0.2059488517353309	-0.13264502315156904	-0.7277	0.2182	-0.9994
1390.0	6.488334	-0.9898290000000001	7.105383000000001	-0.003490658503988659	-0.23387411976724015	-0.11344640137963143	-0.7303	0.2172	-0.998
1391.0	6.572700000000001	-0.959418	7.098516000000001	-0.027925268031909273	-0.26005405854715513	-0.061086523819801536	-0.7325	0.2165	-0.9957
1392.0	6.6855150000000005	-0.860337	7.084782	-0.04537856055185257	-0.27401669256310973	-0.03490658503988659	-0.7352	0.2151	-0.9952
1393.0	6.773805	-0.72594	7.09263	-0.041887902047863905	-0.2932153143350474	-0.029670597283903602	-0.7381	0.2141	-0.9954
1394.0	6.813045000000001	-0.6768900000000001	7.127946000000001	-0.010471975511965976	-0.3385938748868999	-0.04014257279586958	-0.7409	0.2131	-0.9947
1395.0	6.830703000000001	-0.722016	7.166205000000001	0.008726646259971648	-0.3787364476827695	-0.05759586531581287	-0.7438	0.2117	-0.9912
1396.0	6.852285	-0.7524270000000001	7.212312	0.07504915783575616	-0.45029494701453704	-0.07504915783575616	-0.7462	0.2106	-0.9908
1397.0	6.875829	-0.7749900000000001	7.263324	0.1954768762233649	-0.5358160803622591	-0.10821041362364843	-0.7494	0.2099	-0.9885
1398.0	6.85719	-0.828945	7.363386000000001	0.21118483949131386	-0.7068583470577035	-0.15707963267948966	-0.7527	0.2089	-0.9865
1399.0	6.841494000000001	-0.90252	7.516422	0.16231562043547265	-0.9983283321407566	-0.24085543677521748	-0.7575	0.2074	-0.9835
1400.0	6.777729	-1.044765	7.741071000000001	0.1413716694115407	-1.181587903600161	-0.291469985083053	-0.7628	0.2056	-0.9806
1401.0	6.735546	-1.050651	7.913727	0.19373154697137057	-1.5027284859671177	-0.3368485456349056	-0.77	0.203	-0.9749
1402.0	6.6727620000000005	-0.9790380000000001	8.097174	0.18500490071139894	-1.8622663118779497	-0.291469985083053	-0.778	0.1998	-0.9686
1403.0	6.615864	-0.886824	8.287488	0.12391837689159739	-2.298598624876532	-0.23212879051524585	-0.7875	0.1966	-0.9592
1404.0	6.5530800000000005	-0.759294	8.471916	0.041887902047863905	-2.7646015351590183	-0.15184364492350666	-0.7997	0.193	-0.9489
1405.0	6.498144	-0.56898	8.643591	-0.015707963267948967	-3.2480577379614473	-0.019198621771937627	-0.8144	0.1894	-0.939
1406.0	6.4363410000000005	-0.41496299999999997	8.814285	-0.026179938779914945	-3.4993851502486306	0.005235987755982988	-0.8322	0.1859	-0.9234
1407.0	6.390234	-0.352179	8.952606	0.041887902047863905	-4.0037853040749924	-0.05759586531581287	-0.8515	0.1816	-0.9057
1408.0	6.363747000000001	-0.47774700000000003	9.010485000000001	0.2181661564992912	-4.497713482389387	-0.16406094968746698	-0.8732	0.1767	-0.8844
1409.0	6.343146	-0.65727	8.974188	0.25132741228718347	-5.033529562751646	-0.3787364476827695	-0.8976	0.172	-0.8604
1410.0	6.315678000000001	-0.7514460000000001	8.81919	0.3246312408709453	-5.700245337013481	-0.6038839211900381	-0.9247	0.1668	-0.8311
1411.0	6.21954	-0.901539	8.823114	0.5078908123303499	-6.567673975254662	-0.7871434926494426	-0.9544	0.1607	-0.7979
1412.0	6.181281	-1.202706	8.900613	0.8587019919812102	-7.490953149559663	-1.0681415022205298	-0.9862	0.1533	-0.7588
1413.0	6.290172	-1.587258	8.961435	1.0122909661567112	-7.885397560510381	-1.2793263417118435	-1.0202	0.1431	-0.7132
1414.0	6.624693000000001	-2.010069	9.003618	1.467821900927231	-8.712683625955693	-1.7523105690023069	-1.0547	0.1313	-0.6599
1415.0	7.250571	-2.729142	9.152730000000002	2.841396022246769	-9.574876276440893	-2.4574235868080163	-1.0896	0.1146	-0.5988
1416.0	8.658306000000001	-3.1176180000000002	9.227286000000001	3.2131511529215606	-9.744173213884341	-2.7454029133870805	-1.1231	0.0932	-0.5298
1417.0	10.178856000000001	-3.1087890000000002	9.055611	2.8571039855147173	-10.199704148654861	-2.535963403147761	-1.1545	0.0685	-0.4526
1418.0	11.818107000000001	-2.5025310000000003	9.248868	2.2689280275926285	-9.986773979911554	-2.171189589480946	-1.1815	0.0403	-0.3677
1419.0	14.24412	-2.7683820000000003	9.908100000000001	2.0525072003453313	-9.438740594785333	-1.7086773377024487	-1.2022	0.0095	-0.2763
1420.0	16.546527	-3.3540389999999998	10.769418000000002	1.6877333866785167	-7.806857744170636	-1.6249015336067207	-1.2163	-0.0238	-0.182
1421.0	18.432009	-4.058397	11.835765	1.7802358370342162	-5.562364326105928	-1.6598081186466074	-1.2228	-0.059	-0.0873
1422.0	19.684746000000004	-4.546935	12.374334000000001	1.8029251173101424	-3.2009338481576006	-0.6422811647339133	-1.2221	-0.0944	0.0043
1423.0	21.61143	-4.897152	13.643748	1.429424657383356	0.3769911184307752	0.20769418098732523	-1.2153	-0.1285	0.0889
1424.0	21.33675	-5.187528	14.543325	1.413716694115407	1.953023432981655	0.47647488579445196	-1.2031	-0.1613	0.1649
1425.0	20.607867	-4.707819	14.945535000000001	1.2164944886400477	2.466150233067988	0.4921828490624009	-1.1857	-0.1902	0.2316
1426.0	19.230543	-4.339944	15.140754000000001	1.0053096491487339	2.7715828521669956	0.4625122517784973	-1.1643	-0.2147	0.2892
1427.0	17.673696000000003	-4.207509	15.438978000000002	0.38222710618675815	3.6582101121801145	0.27052603405912107	-1.1413	-0.2342	0.3368
1428.0	15.917706	-4.506714	15.275151	-0.3159045946109737	4.630358505540957	-0.003490658503988659	-1.1188	-0.2482	0.3741
1429.0	13.318056	-3.8818170000000003	14.548230000000002	-1.0454522219446034	5.431464632206353	-0.312413936106985	-1.0997	-0.2576	0.4021
1430.0	10.816506	-2.97243	13.550553	-1.736602605734358	6.051056516664341	-0.5619960191421741	-1.0845	-0.2615	0.4217
1431.0	8.718147	-2.088549	12.187944	-2.28987197861656	6.415830330331156	-0.7086036763096978	-1.0749	-0.2604	0.4327
1432.0	7.264305000000001	-1.3783050000000001	11.224602	-2.5080381351158514	6.529276731710787	-0.7522369076095561	-1.0718	-0.255	0.4355
1433.0	5.110029000000001	-0.771066	9.520605000000002	-2.761110876655029	6.726498937186146	-0.7417649320975901	-1.0744	-0.2465	0.4316
1434.0	5.025663	-0.270756	8.232552	-2.8221974004748307	6.927211801165494	-0.6265732014659643	-1.0821	-0.2353	0.4191
1435.0	5.180661000000001	-0.31392000000000003	7.380063	-2.7768188399229783	7.120943348136865	-0.4241150082346221	-1.0949	-0.2204	0.3971
1436.0	5.267970000000001	-0.508158	6.848361000000001	-2.6075219024795286	7.279768310068349	-0.13788101090755203	-1.1123	-0.2032	0.3644
1437.0	5.474961	-0.7082820000000001	6.556023000000001	-2.4312436480281012	7.358308126408094	0.19722220547535926	-1.1326	-0.1844	0.3203
1438.0	5.829102	-0.8554320000000001	6.4667520000000005	-2.343977185428385	7.361798784912082	0.5393067388662478	-1.1542	-0.1632	0.2666
1439.0	6.35688	-0.9241020000000001	6.594282000000001	-2.363175807200322	7.349581480148122	0.7033676885537148	-1.1749	-0.1401	0.2032
1440.0	7.1505090000000004	-0.9191970000000002	6.90624	-2.5028021473598687	7.309438907352252	1.0210176124166828	-1.193	-0.1148	0.1313
1441.0	8.160939	-0.787743	7.372215	-2.7646015351590183	7.387978723691997	1.2775810124598492	-1.2075	-0.0878	0.0534
1442.0	9.253773	-0.541512	7.945119	-3.1433379828417873	7.463027881527753	1.4922565104551517	-1.2161	-0.058	-0.0285
1443.0	10.382904	-0.24230700000000002	8.569035000000001	-3.516838442768574	7.49793446656764	1.6580627893946132	-1.2179	-0.0255	-0.1125
1444.0	11.552256	0.060822	9.230229	-3.7367499285198593	7.401941357707952	1.7976891295541595	-1.2126	0.0105	-0.1952
1445.0	12.785373	0.30411	9.916929	-3.7681658550557575	7.120943348136865	1.9617500792416265	-1.1994	0.0492	-0.2747
1446.0	14.094027000000002	0.44046900000000005	10.605591	-3.691371367968007	6.902777191637574	2.038544566329377	-1.1786	0.091	-0.3484
1447.0	15.626349000000001	0.516987	11.215773	-3.405137370640937	6.281439977927592	2.3265238929084413	-1.1503	0.1355	-0.4157
1448.0	17.56971	0.534645	11.581686000000001	-3.0054569719342354	5.681046715241543	2.939134460358451	-1.1157	0.1813	-0.4766
1449.0	19.627848	0.394362	11.474757	-2.2706733568446227	5.340707511102648	3.827507049623565	-1.075	0.2291	-0.5316
1450.0	21.446622	0.173637	10.778247	-1.0821041362364843	4.911356515112043	4.614650542273007	-1.0285	0.2776	-0.582
1451.0	22.830813000000003	0.567018	9.40779	-0.031415926535897934	4.190535534038385	5.265658353266892	-0.9763	0.3262	-0.6278
1452.0	23.950134	1.404792	7.370253	0.10995574287564276	3.6686820876920807	5.515240436302081	-0.9193	0.3737	-0.6693
1453.0	25.048854	2.1621240000000004	4.774527000000001	0.7400196028455958	2.7262042916151428	5.246459731494955	-0.8595	0.419	-0.706
1454.0	26.080866	3.195117	1.701054	1.99142067652553	1.8919369091618534	4.016002608838952	-0.7982	0.4601	-0.7397
1455.0	26.970633	4.845159000000001	-1.5784289999999999	2.3701571242083	1.101302758008422	2.504547476611863	-0.7378	0.4953	-0.7703
1456.0	27.611226000000002	6.680610000000001	-4.900095	1.3945180723434694	0.3141592653589793	1.0088003076527223	-0.6808	0.5245	-0.799
1457.0	27.604359	8.145243	-7.938252	0.30194196059501904	-0.7330382858376184	-0.6719517620178169	-0.6291	0.5478	-0.825
1458.0	27.112878	9.246906000000001	-10.32993	-0.5235987755982988	-1.5498523757709646	-1.9984019935335073	-0.5841	0.5662	-0.8483
1459.0	26.404596000000005	10.027782	-11.792601	-0.8429940287132611	-1.6667894356545847	-2.443460952792061	-0.5487	0.579	-0.8676
1460.0	25.425558000000002	10.393695000000001	-12.33117	-1.1728612573401895	-1.6144295580947547	-2.8780479365386493	-0.5232	0.5874	-0.8821
1461.0	23.944247999999998	8.680869000000001	-10.766475	0.23212879051524585	-1.3543754995475996	-3.134611336581816	-0.5078	0.5915	-0.8932
1462.0	20.066355	6.036093	-7.53408	3.5796702958403697	-1.843067690106012	-3.844960342143508	-0.5039	0.5895	-0.8982
1463.0	15.591033	3.146067	-3.8131470000000003	5.229006438975012	-5.253441048502932	-5.085889440311476	-0.5112	0.5789	-0.905
1464.0	14.514876000000001	3.704256	-1.703016	2.7401669256310974	-5.841617006425021	-0.9564404300928926	-0.5309	0.5611	-0.906
1465.0	14.631615000000002	3.1225230000000006	0.80442	1.9268434942017398	-5.707226654021458	0.7923794804054256	-0.56	0.5425	-0.9037
1466.0	14.291208000000001	2.849805	4.1251050000000005	1.2252211349000195	-4.639085151800928	1.0663961729685354	-0.5936	0.5246	-0.8948
1467.0	12.999231	2.917494	6.605073000000001	0.21991148575128552	-4.02298392584693	0.1117010721276371	-0.6308	0.5072	-0.8849
1468.0	11.553237000000001	2.186649	8.578845000000001	-0.38746309394274114	-3.91826417072727	0.08028514559173916	-0.6702	0.4902	-0.8719
1469.0	10.017972000000002	1.053594	9.86886	-0.2303834612632515	-3.691371367968007	0.6562437987498679	-0.7085	0.4739	-0.8578
1470.0	11.059794	0.032373	11.194191	0.6003932626860493	-1.546361717266976	-0.3036872898470133	-0.7465	0.4577	-0.8421
1471.0	11.39922	1.214478	10.322082	0.4363323129985824	-0.6038839211900381	-0.3438298626428829	-0.7829	0.441	-0.8253
1472.0	13.363182000000002	3.046005	8.827038000000002	0.3543018381548489	-0.5497787143782138	-0.26703537555513246	-0.8157	0.4263	-0.8112
1473.0	16.143336	4.871646	7.157376	0.18500490071139894	-0.26703537555513246	-0.20245819323134223	-0.8437	0.4174	-0.7922
1474.0	15.149583000000002	3.086226	7.624332000000001	0.19896753472735357	-0.16231562043547265	-0.23212879051524585	-0.8659	0.4147	-0.7753
1475.0	13.033566	2.01105	7.809741000000001	0.1117010721276371	-0.06283185307179587	-0.1710422666954443	-0.8825	0.4127	-0.7595
1476.0	11.409030000000001	0.512082	7.204464000000001	0.038397243543875255	-0.048869219055841226	-0.09075712110370514	-0.8967	0.4111	-0.7508
1477.0	11.115711000000001	-0.992772	7.153452	0.026179938779914945	-0.022689280275926284	-0.06632251157578452	-0.9075	0.4097	-0.7415
1478.0	10.966598999999999	-1.3841910000000002	7.130889000000001	0.03665191429188092	-0.013962634015954637	-0.06806784082777885	-0.9153	0.4077	-0.7369
1479.0	10.893024	-0.977076	7.246647	0.038397243543875255	-0.006981317007977318	-0.10821041362364843	-0.9205	0.4049	-0.7336
1480.0	8.528814	-0.197181	6.892506	0.04014257279586958	0.005235987755982988	-0.11868238913561441	-0.9236	0.4018	-0.734
1481.0	7.587054	-0.23347800000000002	7.2446850000000005	0.029670597283903602	-0.005235987755982988	-0.10122909661567112	-0.9253	0.399	-0.7318
1482.0	7.538985	-0.482652	7.146585000000001	0.015707963267948967	-0.006981317007977318	-0.0890117918517108	-0.9267	0.3974	-0.7306
1483.0	7.1200980000000005	-0.379647	7.251552	-0.012217304763960306	-0.03665191429188092	-0.03490658503988659	-0.928	0.3959	-0.7307
1484.0	6.996492	-0.30411	7.264305000000001	-0.09599310885968812	-0.06283185307179587	0.048869219055841226	-0.9279	0.3946	-0.7293
1485.0	6.8101020000000005	-0.315882	7.3006020000000005	-0.11868238913561441	-0.07504915783575616	0.0890117918517108	-0.9285	0.394	-0.7288
1486.0	6.719850000000001	-0.290376	7.293735000000001	-0.19198621771937624	-0.10297442586766545	0.17453292519943295	-0.9283	0.3937	-0.7262
1487.0	6.6040920000000005	-0.273699	7.2956970000000005	-0.23911010752322315	-0.1413716694115407	0.2234021442552742	-0.9285	0.3936	-0.7244
1488.0	6.504030000000001	-0.277623	7.296678000000001	-0.24783675378319478	-0.17278759594743864	0.22165681500327983	-0.9288	0.3943	-0.7216
1489.0	6.43536	-0.288414	7.268229000000001	-0.25132741228718347	-0.18500490071139894	0.19896753472735357	-0.9296	0.3945	-0.7192
1490.0	6.389253	-0.35316	7.243704	-0.18500490071139894	-0.19373154697137057	0.11868238913561441	-0.9294	0.3958	-0.7154
1491.0	6.386310000000001	-0.499329	7.2015210000000005	-0.11868238913561441	-0.20769418098732523	0.0471238898038469	-0.9296	0.3976	-0.715
1492.0	6.393177	-0.6533460000000001	7.164243	0.0017453292519943296	-0.1954768762233649	-0.07853981633974483	-0.93	0.3985	-0.713
1493.0	6.430455	-0.787743	7.128927000000001	0.05759586531581287	-0.19024088846738194	-0.1710422666954443	-0.9306	0.3998	-0.7102
1494.0	6.4971630000000005	-0.8956530000000001	7.077915000000001	0.09599310885968812	-0.16755160819145562	-0.20769418098732523	-0.9315	0.401	-0.7093
1495.0	6.564852	-1.005525	7.044561	0.10122909661567112	-0.15707963267948966	-0.2129301687433082	-0.9328	0.4018	-0.7071
1496.0	6.618807	-1.103625	7.030827	0.09948376736367678	-0.16755160819145562	-0.19198621771937624	-0.9345	0.4017	-0.7053
1497.0	6.687477	-1.1222640000000002	7.021998	0.08726646259971647	-0.17278759594743864	-0.1884955592153876	-0.9363	0.4011	-0.7035
1498.0	6.745356	-1.063404	7.024941	0.09599310885968812	-0.19373154697137057	-0.17278759594743864	-0.9381	0.3998	-0.702
1499.0	6.787539	-1.005525	7.056333	0.0715584993317675	-0.23387411976724015	-0.16057029118347832	-0.9402	0.3993	-0.7008
1500.0	6.824817	-0.943722	7.097535000000001	0.0471238898038469	-0.26354471705114374	-0.13962634015954636	-0.9427	0.3974	-0.6995
1501.0	6.850323	-0.821097	7.153452	0.07853981633974483	-0.3420845333908886	-0.13439035240356337	-0.9451	0.3952	-0.6977
1502.0	6.869943000000001	-0.6857190000000001	7.212312	0.12391837689159739	-0.40840704496667307	-0.13962634015954636	-0.9476	0.3936	-0.6965
1503.0	6.885639	-0.60822	7.268229000000001	0.18500490071139894	-0.4991641660703783	-0.16929693744344995	-0.9501	0.3915	-0.6945
1504.0	6.874848	-0.6386310000000001	7.358481	0.24783675378319478	-0.5689773361501514	-0.17627825445142728	-0.9532	0.3892	-0.6921
1505.0	6.8532660000000005	-0.63765	7.483068	0.23212879051524585	-0.767944870877505	-0.2234021442552742	-0.9561	0.3869	-0.6897
1506.0	6.7688999999999995	-0.74556	7.723413000000001	0.15533430342749532	-1.1047934165124105	-0.3490658503988659	-0.9598	0.3845	-0.6865
1507.0	6.735546	-0.744579	7.882335	0.143116998663535	-1.4119713648634127	-0.3752457891787809	-0.9646	0.3822	-0.6819
1508.0	6.683553000000001	-0.6749280000000001	8.052048000000001	0.1291543646475804	-1.7872171540421935	-0.3141592653589793	-0.9702	0.3796	-0.6758
1509.0	6.610959000000001	-0.555246	8.228628	0.08203047484373349	-2.2270401255447645	-0.22863813201125716	-0.9768	0.3763	-0.6683
1510.0	6.547194	-0.33844500000000005	8.385588	-0.020943951023931952	-2.658136450787364	-0.08203047484373349	-0.984	0.3731	-0.6582
1511.0	6.4795050000000005	-0.12262500000000001	8.546472	-0.059341194567807204	-2.8815385950426378	0.006981317007977318	-0.9931	0.3707	-0.6451
1512.0	6.404949000000001	-0.082404	8.748558000000001	-0.11519173063162574	-3.3772121026090276	0.15358897417550102	-1.0036	0.3683	-0.6269
1513.0	6.336279	-0.226611	8.920233	0.03490658503988659	-3.9426987802551907	0.10821041362364843	-1.0153	0.366	-0.6039
1514.0	6.310773	-0.453222	9.039915	0.1710422666954443	-4.4505895925855405	-0.15184364492350666	-1.0283	0.3639	-0.5761
1515.0	6.234255	-0.7151490000000001	9.167445	0.26354471705114374	-5.037020221255635	-0.4188790204786391	-1.0427	0.3616	-0.5433
1516.0	6.1920720000000005	-0.893691	9.147825000000001	0.48171087355043496	-5.797983775125163	-0.6928957130417489	-1.0584	0.359	-0.5064
1517.0	6.1234020000000005	-1.2870720000000002	9.156654000000001	0.6143558967020041	-6.23606141737574	-1.069886831472524	-1.0753	0.3554	-0.465
1518.0	6.15087	-1.7245980000000003	9.181179	0.8237954069413236	-7.0930180801049545	-1.3229595730117016	-1.0925	0.3513	-0.4195
1519.0	6.391215	-2.036556	9.353835	0.9512044423369096	-7.932521450314228	-1.7505652397503124	-1.11	0.3455	-0.3685
1520.0	6.917031	-2.426013	9.530415000000001	1.3823007675795091	-8.752826198751563	-2.05599785884932	-1.1278	0.3377	-0.3124
1521.0	8.070687	-2.882178	9.575541	2.2846359908605773	-9.56614963018092	-2.4958208303518914	-1.144	0.327	-0.2516
1522.0	9.699147	-3.046986	9.501966000000001	2.4277529895241123	-9.606292202976789	-2.5813419636996136	-1.1579	0.314	-0.1855
1523.0	11.09511	-2.577087	9.232191	1.99142067652553	-9.95710338262765	-2.371902453460294	-1.1683	0.2982	-0.1145
1524.0	13.381821000000002	-2.385792	9.689337	1.70518667919846	-10.067059125503292	-2.223549467040776	-1.1738	0.2812	-0.0388
1525.0	15.819606	-2.922399	10.252431	1.3491395117916167	-9.157742585214248	-1.8884462506578645	-1.1736	0.2632	0.0406
1526.0	17.875782	-3.4246710000000005	11.133369	1.1205013797803596	-7.379252077432025	-1.7889624832941877	-1.1675	0.2445	0.1223
1527.0	18.950958	-3.903399	11.782791000000001	1.4311699866353502	-5.398303376418461	-1.7592918860102842	-1.1555	0.2261	0.2035
1528.0	20.889414000000002	-4.2879510000000005	12.784392	1.3997540600994522	-2.748893571891069	-0.5969026041820608	-1.1389	0.2088	0.283
1529.0	21.994020000000003	-4.853007	13.919409000000002	1.2566370614359172	0.3735004599267865	0.41713369122664473	-1.1203	0.1939	0.3573
1530.0	21.682062000000002	-5.282685	14.811138000000001	1.4381513036433275	1.2671090369478832	0.8360127117052838	-1.1007	0.1827	0.423
1531.0	20.456793	-5.283666	15.442902000000002	1.6301375213627038	1.9565140914856434	0.937241808320955	-1.0806	0.1758	0.4788
1532.0	18.816561	-5.148288000000001	15.854922000000002	1.4014993893514465	2.4958208303518914	1.0157816246606999	-1.0622	0.1731	0.5237
1533.0	17.380377000000003	-5.351355	16.297353	0.8307767239493009	3.337069529813158	0.9023352232810684	-1.0468	0.1742	0.5553
1534.0	14.95044	-5.084523	15.894162000000001	0.15358897417550102	4.15213829049451	0.6614797865058508	-1.0359	0.1782	0.5719
1535.0	12.352752000000002	-4.037796	15.2055	-0.6510078109938848	4.88168591782814	0.3961897402027128	-1.0305	0.1837	0.574
1536.0	10.09449	-3.00186	14.124438	-1.4381513036433275	5.37386876689054	0.20943951023931956	-1.0312	0.1909	0.5627
1537.0	8.796627	-1.920798	13.256253000000001	-1.7994344588061537	5.558873667601939	0.15707963267948966	-1.0371	0.1988	0.5405
1538.0	6.608997	-1.0378980000000002	11.955447	-2.3300145514124297	5.8904862254808625	0.04537856055185257	-1.0482	0.2057	0.508
1539.0	5.117877000000001	-0.18933300000000003	10.348569	-2.572615317439642	6.150540284028017	-0.019198621771937627	-1.0625	0.2116	0.4684
1540.0	4.863798	0.45126	9.011466	-2.6162485487395	6.417575659583149	-0.008726646259971648	-1.0785	0.2153	0.4238
1541.0	4.991328	0.712206	8.079516	-2.5254914276357945	6.682865705886288	0.038397243543875255	-1.0959	0.2165	0.3747
1542.0	5.171832	0.697491	7.487973	-2.3701571242083	6.93768377667746	0.16057029118347832	-1.1137	0.2156	0.3207
1543.0	5.469075	0.5944860000000001	7.135794000000001	-2.2671826983406342	7.056366165813075	0.30543261909900765	-1.1319	0.2133	0.2628
1544.0	5.923278000000001	0.455184	6.973929	-2.1275563581810877	7.279768310068349	0.4014257279586958	-1.1494	0.2102	0.2011
1545.0	6.5354220000000005	0.30312900000000004	7.000416	-2.1153390534171272	7.421139979479889	0.6038839211900381	-1.1652	0.2076	0.1374
1546.0	7.339842	0.164808	7.192692	-2.2113321622768156	7.5153877590875835	0.7958701389094143	-1.1781	0.2064	0.0728
1547.0	8.27964	0.152055	7.503669	-2.4766222085799536	7.560766319639435	0.9791297103688189	-1.1873	0.2064	0.0014
1548.0	9.328329	0.24721200000000002	7.899012000000001	-2.8832839242946324	7.597418233931316	1.1257373675363425	-1.1909	0.2103	-0.0718
1549.0	10.471193999999999	0.37572300000000003	8.355177000000001	-3.2759830059933566	7.6497781114911465	1.2409290981679681	-1.1874	0.2181	-0.1484
1550.0	11.650356	0.486576	8.856468000000001	-3.405137370640937	7.623598172711231	1.3124875974997359	-1.1763	0.2302	-0.2252
1551.0	12.930561	0.569961	9.429372	-3.459242577452761	7.529350393103537	1.4800392056911915	-1.1576	0.2464	-0.3013
1552.0	14.279436	0.64746	10.039554	-3.3597588100890845	7.426375967235872	1.710422666954443	-1.131	0.2663	-0.3771
1553.0	15.680304000000001	0.7082820000000001	10.646793	-3.225368457685521	7.253588371288434	2.0210912738094335	-1.0957	0.2901	-0.4478
1554.0	17.08902	0.680814	11.153970000000001	-3.0229102644541785	6.944665093685437	2.3806290997202657	-1.0533	0.3177	-0.5122
1555.0	18.470268	0.49736700000000006	11.437479	-2.647664475275398	6.298893270447535	2.68082573106329	-1.005	0.3477	-0.5706
1556.0	19.856420999999997	0.22857300000000003	11.327607	-2.057743188101315	5.347688828110625	3.03163691071415	-0.9513	0.3796	-0.6232
1557.0	21.277890000000003	-0.047088	10.714482	-1.8465583486100006	4.892157893340106	3.2742376767413623	-0.8942	0.4134	-0.6639
1558.0	22.525722	0.041202	9.511776000000001	-1.4905111812031575	4.118977034706618	3.9479347680111734	-0.8353	0.4473	-0.6974
1559.0	23.237928	1.068309	7.5752820000000005	-1.8011797880581482	3.1084313978019007	5.08763476956347	-0.7759	0.4807	-0.7221
1560.0	24.049215	1.959057	5.0531310000000005	-0.9599310885968813	2.0106192982974678	5.419247327442394	-0.7162	0.5142	-0.7401
1561.0	25.066512000000003	2.647719	1.9904490000000001	1.7767451785302275	1.2356931104119853	4.420918995301637	-0.6579	0.5463	-0.7543
1562.0	25.863084	3.838653	-1.4165640000000002	3.485422516232676	0.44331363000655966	2.7960174616949156	-0.6012	0.5752	-0.7634
1563.0	26.268237000000003	5.658408	-4.75785	3.4016467121369485	-0.008726646259971648	2.012364627549462	-0.55	0.5986	-0.7742
1564.0	26.18289	7.360443	-7.630218000000001	2.2078415037728267	-1.0402162341886205	0.2530727415391778	-0.5045	0.6162	-0.787
1565.0	25.861122	8.889822	-9.838448999999999	0.4363323129985824	-1.8517943363659835	-1.3508848410436112	-0.4667	0.6293	-0.7991
1566.0	25.400052000000002	10.119996	-11.254032	-0.9564404300928926	-2.0420352248333655	-2.443460952792061	-0.4373	0.6389	-0.8068
1567.0	24.592689	10.819449	-11.806335	-1.5184364492350666	-1.9582594207376378	-3.0770154712660034	-0.4215	0.6463	-0.8141
1568.0	23.627385	10.680147	-11.462004000000002	-1.2915436464758039	-1.6667894356545847	-3.246312408709453	-0.4146	0.6502	-0.8157
1569.0	22.214745	8.285526	-9.238077	1.7418385934903409	-1.4224433403753787	-4.523893421169302	-0.4175	0.6489	-0.8193
1570.0	18.557577000000002	5.593662000000001	-4.7784510000000004	3.3213615665452094	-1.467821900927231	-4.457570909593517	-0.4318	0.6383	-0.826
1571.0	13.388688	2.9989170000000005	-0.816192	5.424483315198376	-5.265658353266892	-5.934119456780721	-0.4596	0.6191	-0.8313
1572.0	11.721969000000001	3.7278000000000002	1.507797	2.5499260371637154	-6.5380033779707585	-1.4049900478554354	-0.4977	0.5976	-0.8334
1573.0	12.246804000000001	3.0695490000000003	3.898494	1.3316862192716734	-5.565854984609916	1.137954672300303	-0.5409	0.5775	-0.8293
1574.0	12.410631	2.640852	6.772824000000001	0.7627088831215221	-4.546582701445229	0.36826447217080355	-0.5879	0.5592	-0.8179
1575.0	11.375676	2.497626	8.622009	-0.059341194567807204	-4.443608275577563	0.054105206811824215	-0.6366	0.5424	-0.803
1576.0	10.151388	1.598049	9.964017	-0.15358897417550102	-4.401720373529699	0.14835298641951802	-0.6861	0.5257	-0.7881
1577.0	10.083699000000001	0.024525	11.370771000000001	0.43458698374658805	-3.837979025135531	0.08726646259971647	-0.7295	0.5083	-0.7713
1578.0	11.251089	-0.563094	11.279538	0.8028514559173916	-0.8848819307611251	-0.7539822368615504	-0.7699	0.4904	-0.7595
1579.0	11.253051000000001	0.9368550000000001	10.690938000000001	0.4799655442984406	-0.45029494701453704	-0.5532693728822025	-0.8063	0.4737	-0.7456
1580.0	13.342581000000001	2.666358	8.284545000000001	0.36302848441482055	-0.19198621771937624	-0.4537856055185257	-0.8373	0.4624	-0.7296
1581.0	16.394472	4.494942	6.8454180000000004	0.32637657012293964	-0.10297442586766545	-0.41538836197465046	-0.8603	0.4567	-0.7137
1582.0	15.954003000000002	2.6693010000000004	7.353576000000001	0.24609142453120045	-0.04537856055185257	-0.30717794835100204	-0.8781	0.4531	-0.7005
1583.0	13.517199	1.5823530000000001	7.677306	0.2129301687433082	-0.029670597283903602	-0.26529004630313807	-0.893	0.4487	-0.69
1584.0	11.816144999999999	0.374742	7.103421	0.19024088846738194	-0.0017453292519943296	-0.21467549799530256	-0.9045	0.4444	-0.6823
1585.0	11.464947	-0.84366	7.036713000000001	0.1710422666954443	0.005235987755982988	-0.19722220547535926	-0.9124	0.4397	-0.6775
1586.0	11.325645000000002	-1.02024	7.007283000000001	0.16231562043547265	0.013962634015954637	-0.19722220547535926	-0.9178	0.4346	-0.6763
1587.0	10.183761	-0.070632	6.507954	0.16057029118347832	0.022689280275926284	-0.2181661564992912	-0.9208	0.4295	-0.6771
1588.0	7.981416	0.35316	7.159338	0.14486232791552936	-0.003490658503988659	-0.21991148575128552	-0.9231	0.425	-0.6776
1589.0	7.764615	0.050031000000000006	7.121079	0.14486232791552936	-0.003490658503988659	-0.21467549799530256	-0.9251	0.4215	-0.6782
1590.0	7.456581000000001	0.036297	7.177977	0.11868238913561441	-0.015707963267948967	-0.1954768762233649	-0.9273	0.4181	-0.6786
1591.0	7.290792	0.111834	7.212312	0.08552113334772216	-0.024434609527920613	-0.16929693744344995	-0.9286	0.4152	-0.6791
1592.0	7.110288000000001	0.024525	7.216236	0.041887902047863905	-0.03665191429188092	-0.13962634015954636	-0.9298	0.4123	-0.6798
1593.0	6.9778530000000005	-0.033354	7.229970000000001	-0.0	-0.05235987755982989	-0.0715584993317675	-0.9302	0.4103	-0.6804
1594.0	6.872886	-0.064746	7.22016	-0.029670597283903602	-0.07330382858376185	-0.04363323129985824	-0.9314	0.4083	-0.6808
1595.0	6.779691000000001	-0.149112	7.235856000000001	-0.026179938779914945	-0.10471975511965978	-0.022689280275926284	-0.932	0.4062	-0.6798
1596.0	6.704154000000001	-0.19325699999999998	7.228989	-0.013962634015954637	-0.08377580409572781	-0.015707963267948967	-0.9329	0.4043	-0.677
1597.0	6.649218	-0.221706	7.187787	0.0017453292519943296	-0.07504915783575616	-0.03490658503988659	-0.9338	0.4026	-0.6725
1598.0	6.595263	-0.23347800000000002	7.159338	0.026179938779914945	-0.07504915783575616	-0.04537856055185257	-0.9343	0.4011	-0.6671
1599.0	6.549156	-0.254079	7.139718	0.005235987755982988	-0.08377580409572781	-0.027925268031909273	-0.9354	0.3997	-0.6614
1600.0	6.503049000000001	-0.267813	7.129908	0.008726646259971648	-0.10821041362364843	-0.019198621771937627	-0.9362	0.3985	-0.6562
1601.0000000000002	6.487353000000001	-0.30411	7.11225	-0.006981317007977318	-0.13788101090755203	0.006981317007977318	-0.9369	0.3983	-0.6519
1602.0	6.508935	-0.315882	7.091649	-0.026179938779914945	-0.15358897417550102	0.024434609527920613	-0.9379	0.3975	-0.6486
1603.0	6.537384	-0.34138799999999997	7.087725000000001	-0.048869219055841226	-0.1884955592153876	0.04537856055185257	-0.9391	0.397	-0.6462
1604.0	6.584472000000001	-0.340407	7.090668	-0.0715584993317675	-0.2129301687433082	0.059341194567807204	-0.9403	0.3969	-0.6454
1605.0	6.637446	-0.273699	7.080858	-0.09250245035569947	-0.25132741228718347	0.06632251157578452	-0.942	0.3966	-0.6461
1605.9999999999998	6.6727620000000005	-0.178542	7.1024400000000005	-0.10297442586766545	-0.2932153143350474	0.06632251157578452	-0.9434	0.3968	-0.6477
1607.0	6.705135	-0.10889100000000002	7.1456040000000005	-0.09599310885968812	-0.317649923862968	0.07853981633974483	-0.9447	0.3972	-0.6506
1607.9999999999998	6.7463370000000005	-0.08142300000000001	7.177977	-0.09948376736367678	-0.36477381366681483	0.09250245035569947	-0.9465	0.3977	-0.6541
1609.0	6.809121000000001	-0.13439700000000002	7.19073	-0.10471975511965978	-0.3787364476827695	0.0942477796076938	-0.9474	0.3986	-0.6579
1610.0000000000002	6.855228	-0.187371	7.228008000000001	-0.054105206811824215	-0.4258603374866164	0.06632251157578452	-0.9492	0.3998	-0.6607
1611.0	6.875829	-0.258984	7.296678000000001	-0.0	-0.5026548245743669	0.05061454830783556	-0.9511	0.4003	-0.6624
1612.0	6.881715000000001	-0.32373	7.420284	0.14486232791552936	-0.6265732014659643	0.03665191429188092	-0.9528	0.4012	-0.6608
1613.0	6.859152000000001	-0.515025	7.595883000000001	-0.048869219055841226	-0.9512044423369096	-0.12042771838760874	-0.9554	0.4021	-0.6569
1614.0	6.850323	-0.5160060000000001	7.719489000000001	0.0017453292519943296	-1.218239817892042	-0.2129301687433082	-0.9583	0.4022	-0.6497
1614.9999999999998	6.830703000000001	-0.522873	7.8421140000000005	-0.022689280275926284	-1.3735741213195374	-0.21118483949131386	-0.962	0.4025	-0.64
1616.0	6.79833	-0.515025	7.972587	-0.03665191429188092	-1.6772614111665507	-0.1884955592153876	-0.9666	0.4025	-0.6282
1617.0000000000002	6.748299	-0.454203	8.118756000000001	-0.0715584993317675	-2.0367992370773824	-0.12391837689159739	-0.9723	0.4021	-0.615
1618.0	6.691401000000001	-0.376704	8.257077	-0.1361356816555577	-2.4329889772800954	-0.03665191429188092	-0.9793	0.4017	-0.6013
1619.0000000000002	6.594282000000001	-0.20208600000000002	8.415999000000001	-0.15707963267948966	-2.858849314766712	0.08377580409572781	-0.9876	0.4011	-0.5861
1620.0	6.530517	-0.110853	8.570016	-0.10297442586766545	-3.30565360327726	0.14486232791552936	-0.9965	0.4006	-0.5703
1621.0	6.463809	-0.139302	8.705394	0.14835298641951802	-3.808308427851627	0.08726646259971647	-1.0073	0.4002	-0.5522
1622.0	6.454980000000001	-0.306072	8.710299000000001	0.2303834612632515	-4.070107815650776	-0.006981317007977318	-1.0192	0.3997	-0.5336
1623.0	6.486372	-0.393381	8.597484	0.26354471705114374	-4.529129408925285	-0.2426007660272118	-1.0334	0.3994	-0.5121
1623.9999999999998	6.4539990000000005	-0.6425550000000001	8.561187	0.3455751918948773	-5.016076270231703	-0.4625122517784973	-1.0481	0.399	-0.4881
1625.0	6.395139	-0.8387550000000001	8.598465	0.5637413483941683	-5.703735995517469	-0.6754424205218056	-1.0637	0.3977	-0.4614
1626.0000000000002	6.35688	-1.160523	8.659287	0.9250245035569946	-6.541494036474747	-0.9424777960769379	-1.08	0.3957	-0.4302
1627.0	6.414759000000001	-1.478367	8.704413	1.1519173063162575	-7.3967053699519685	-1.24965574442794	-1.0971	0.3922	-0.3941
1628.0	6.678648	-1.721655	8.797608	1.2531464029319286	-7.798131097910665	-1.4957471689591404	-1.1143	0.3872	-0.3512
1629.0	7.2750960000000005	-2.164086	8.951625	1.6545721308906243	-8.599237224576061	-1.6022122533307945	-1.131	0.3807	-0.2982
1630.0	8.286507	-2.418165	9.002637	2.8064894372068823	-9.421287302265391	-2.118829711921116	-1.1465	0.3722	-0.2397
1630.9999999999998	9.69228	-2.4201270000000004	9.074250000000001	2.631956512007449	-9.655161422032633	-2.069960492865275	-1.16	0.3616	-0.1754
1632.0	11.067642000000001	-2.053233	8.748558000000001	2.0367992370773824	-10.121164332315116	-1.7243853009703975	-1.1704	0.3498	-0.1037
1632.9999999999998	13.223880000000001	-1.3979249999999999	9.144882	1.213003830136059	-9.829694347232065	-1.3037609512397643	-1.1752	0.3366	-0.0264
1634.0	15.608691	-1.9227600000000002	9.767817	0.9546951008408983	-8.716174284459681	-1.2461650859239515	-1.1746	0.3229	0.0534
1635.0000000000002	17.770815000000002	-2.630061	10.600686000000001	1.101302758008422	-7.5729836244033955	-1.3421581947836396	-1.1687	0.3098	0.137
1636.0	18.855801	-2.9008170000000004	11.273652	1.2723450247038663	-5.37735942539453	-1.7470745812463238	-1.1582	0.2966	0.2191
1637.0	20.916882	-2.8674630000000003	12.064338000000001	0.7400196028455958	-2.853613327010729	-1.19729586686811	-1.1438	0.2844	0.299
1638.0	22.151961000000004	-3.0881880000000006	13.147362000000001	-0.15009831567151233	0.4118977034706618	-0.4625122517784973	-1.1279	0.2731	0.3713
1639.0	21.922407000000003	-3.2677110000000003	13.990041	-0.26529004630313807	1.7296212887263804	-0.22689280275926285	-1.112	0.2628	0.4301
1639.9999999999998	20.882547	-3.4207470000000004	14.539401	-0.2530727415391778	2.275909344600606	-0.12391837689159739	-1.0969	0.2542	0.4804
1641.0	19.524843	-3.58065	14.745411000000002	-0.30194196059501904	2.631956512007449	-0.1117010721276371	-1.0844	0.2474	0.5195
1642.0000000000002	18.145557	-3.9210570000000002	15.193728	-0.5148721293383273	3.5220744305245573	-0.12391837689159739	-1.0752	0.2419	0.5444
1643.0	15.850017	-4.436082	14.827815000000001	-0.8272860654453121	4.347615166717874	-0.1954768762233649	-1.0707	0.2373	0.5549
1644.0000000000002	13.248405000000002	-3.7160280000000006	14.124438	-1.2688543661998777	4.9218284906240095	-0.22514747350726852	-1.0725	0.2336	0.5551
1645.0	10.834164000000001	-2.8449	13.068882	-1.7523105690023069	5.27263967027487	-0.18151424220741028	-1.0799	0.2298	0.5409
1646.0	9.496080000000001	-2.332818	12.101616000000002	-2.1101030656611446	5.539675045830002	-0.08028514559173916	-1.0916	0.2263	0.5143
1647.0	7.1760150000000005	-2.2317750000000003	11.002896	-2.234021442552742	5.817182396897101	0.059341194567807204	-1.1073	0.223	0.4789
1648.0	5.5691370000000004	-2.019879	9.570636	-2.246238747316702	5.984734005088556	0.1308996938995747	-1.124	0.2198	0.4391
1648.9999999999998	5.202243	-1.708902	8.320842	-2.1467549799530254	6.297147941195541	0.2932153143350474	-1.1407	0.2173	0.3902
1650.0	5.322906	-1.5588090000000001	7.47522	-1.9373154697137058	6.5554566704907025	0.4799655442984406	-1.157	0.2162	0.3342
1651.0000000000002	5.456322	-1.4852340000000002	6.953328	-1.7278759594743862	6.813765399785862	0.6998770300497261	-1.1708	0.2158	0.2746
1652.0	5.667237	-1.429317	6.671781000000001	-1.6214108751027323	6.991788983489284	0.9599310885968813	-1.1824	0.2167	0.2122
1653.0	6.051789	-1.375362	6.558966	-1.6458454846306527	7.075564787585011	1.2164944886400477	-1.1908	0.2196	0.147
1654.0	6.658047	-1.345932	6.5913390000000005	-1.6807520696705394	7.0930180801049545	1.467821900927231	-1.1956	0.2253	0.0778
1655.0	7.486011	-1.297863	6.7335840000000005	-1.8186330805780915	7.206464481484586	1.5917402778188285	-1.1949	0.2338	0.0073
1655.9999999999998	8.448372	-1.2105540000000001	6.961176	-1.9442967867216832	7.298966931840286	1.8308503853420517	-1.1888	0.246	-0.0635
1657.0	9.475479	-1.105587	7.243704	-2.012364627549462	7.39321471144798	1.9634954084936207	-1.1766	0.2616	-0.136
1657.9999999999998	10.491795	-0.9123300000000001	7.573320000000001	-2.101376419401173	7.400196028455957	2.0682151636132806	-1.1586	0.2812	-0.2102
1659.0	11.510073	-0.660213	7.951005	-2.2252947962927703	7.2710416638083775	2.178170906488923	-1.1341	0.3039	-0.2787
1660.0000000000002	12.591135000000001	-0.37866600000000006	8.404227	-2.340486526924396	7.145377957664785	2.3177972466484698	-1.1025	0.3287	-0.3424
1661.0	13.801689000000001	-0.112815	8.960454	-2.4015730507441972	7.1104713726248985	2.4068090385001804	-1.065	0.3568	-0.4028
1662.0	15.144678	0.12262500000000001	9.580446	-2.464404903815993	7.082546104592989	2.56388867117967	-1.0213	0.3873	-0.459
1663.0	16.553394	0.272718	10.193571	-2.438224965036078	6.972590361717346	2.6860617188192735	-0.9715	0.4199	-0.5098
1664.0	17.9523	0.35414100000000004	10.678185000000001	-2.3527038316883564	6.672393730374322	2.736676267127109	-0.9167	0.453	-0.555
1664.9999999999998	19.27665	0.37179900000000005	10.917549000000001	-2.288126649364566	6.068509809184284	2.68082573106329	-0.8584	0.487	-0.5938
1666.0	20.54214	0.376704	10.75176	-2.2794000031045942	5.188863866179142	2.562143341927676	-0.7982	0.5206	-0.626
1667.0000000000002	21.764466	0.41888700000000006	10.074869999999999	-2.2636920398366454	4.392993727269728	2.558652683423687	-0.7365	0.5539	-0.6513
1668.0	22.887711	0.8799570000000001	8.818209000000001	-2.316051917396475	3.9776053652950774	2.8064894372068823	-0.6743	0.5859	-0.6698
1669.0000000000002	23.637195000000002	2.0757960000000004	6.7845960000000005	-2.790781473938933	3.043854215478111	3.6355208319041887	-0.6123	0.6172	-0.6817
1670.0	24.331743000000003	2.9792970000000003	4.166307000000001	-1.5341444125030157	2.0402898955813713	3.754203221039803	-0.5521	0.6468	-0.6885
1671.0	25.101828000000005	3.5178659999999997	1.116378	1.1938052083641215	1.1309733552923256	2.8099800957108707	-0.4947	0.6727	-0.6939
1672.0	25.573689	4.319343000000001	-2.155257	2.717477645355171	0.17627825445142728	1.5987215948268059	-0.442	0.693	-0.6985
1673.0	25.661979	5.56227	-5.235596999999999	2.5132741228718345	-0.8237954069413236	0.38222710618675815	-0.3967	0.7078	-0.7033
1673.9999999999998	25.350020999999998	6.762033000000001	-7.834266	1.9931660057775245	-1.265363707695889	-0.1884955592153876	-0.3587	0.718	-0.7081
1675.0	24.810471000000003	7.825437	-9.425448000000001	0.4886921905584123	-1.8256143975860686	-1.1292280260403313	-0.3298	0.7244	-0.712
1676.0000000000002	23.970734999999998	8.670078	-10.299519000000002	-0.8395033702092726	-1.99142067652553	-1.7505652397503124	-0.3096	0.7277	-0.7146
1677.0	22.914198	8.725014	-10.390751999999999	-1.4154620233674011	-1.9704767255015982	-2.171189589480946	-0.2978	0.7288	-0.716
1678.0	21.661461	7.993188	-9.696204	-1.2147491593880533	-1.726130630222392	-2.356194490192345	-0.2943	0.7276	-0.7168
1679.0	20.486223	6.2990010000000005	-8.075592	-0.4625122517784973	-1.3788101090755203	-2.1205750411731104	-0.2993	0.7237	-0.717
1680.0	17.660943	3.2922360000000004	-3.5894790000000003	2.2846359908605773	-0.5934119456780721	-2.272418686096617	-0.3106	0.7166	-0.7171
1680.9999999999998	13.17483	0.907425	0.8309070000000001	2.8379053637427796	-1.2636183784438948	-2.7890361446869387	-0.3285	0.7065	-0.7171
1682.0	8.855487	0.130473	4.183965	6.300638599699529	-2.7087509990951992	-4.461061568097506	-0.354	0.6918	-0.7175
1682.9999999999998	8.494479	1.568619	6.186186000000001	3.808308427851627	-5.58330827712986	-2.363175807200322	-0.3852	0.6743	-0.7155
1684.0	9.167445	1.671624	8.319861	1.4486232791552935	-5.124286683855352	0.609119908946021	-0.4189	0.6573	-0.7113
1685.0000000000002	8.993808	1.8403559999999999	10.091547	0.7382742735936013	-4.300491276914028	0.06981317007977318	-0.4534	0.6401	-0.7067
1686.0	8.160939	1.8383940000000003	11.080395	0.03490658503988659	-3.8728856101754174	-0.019198621771937627	-0.488	0.6232	-0.7028
1687.0	7.648857	1.784439	11.772981	-0.21467549799530256	-3.9008108782073267	0.15009831567151233	-0.522	0.606	-0.6993
1688.0	7.3310130000000004	1.694187	12.434175000000002	-0.26529004630313807	-3.5395277230445004	0.5323254218582705	-0.5551	0.5888	-0.6967
1689.0	9.281241000000001	1.295901	12.233070000000001	0.30543261909900765	-2.5446900494077327	0.12391837689159739	-0.587	0.5722	-0.6952
1689.9999999999998	10.633059000000001	2.9273040000000004	9.883575	0.5515240436302081	-0.8552113334772214	-0.4328416544945937	-0.6176	0.5561	-0.6941
1691.0	13.229766000000001	4.891266	8.002998	0.4991641660703783	-0.5515240436302081	-0.5044001538263612	-0.6458	0.5422	-0.6915
1692.0000000000002	15.828435	4.782375	7.277058	0.33161255787892263	-0.1780235837034216	-0.3665191429188092	-0.6691	0.5346	-0.6867
1693.0	14.521743	2.1631050000000003	7.778349000000001	0.22689280275926285	-0.0942477796076938	-0.26878070480712674	-0.687	0.5309	-0.6819
1694.0000000000002	12.515598	0.9133110000000001	7.714584	0.18151424220741028	-0.05585053606381855	-0.2129301687433082	-0.7013	0.5279	-0.6779
1695.0	11.447289000000001	-0.305091	7.228989	0.10297442586766545	-0.013962634015954637	-0.13264502315156904	-0.7128	0.5253	-0.6746
1696.0	11.253051000000001	-1.1546370000000001	7.162281	0.0645771823237902	0.010471975511965976	-0.0890117918517108	-0.7213	0.5231	-0.6701
1697.0	10.858689	-1.170333	7.0769340000000005	0.015707963267948967	0.006981317007977318	-0.041887902047863905	-0.7275	0.5203	-0.6656
1698.0	10.472175	-0.8789760000000001	6.766938	-0.013962634015954637	0.024434609527920613	-0.010471975511965976	-0.7318	0.5175	-0.6614
1698.9999999999998	8.01477	-0.09711900000000001	7.105383000000001	-0.012217304763960306	0.024434609527920613	-0.024434609527920613	-0.7346	0.5141	-0.6566
1700.0	7.688097	0.275661	7.212312	-0.020943951023931952	0.03490658503988659	-0.019198621771937627	-0.7364	0.5119	-0.6517
1701.0000000000002	7.4762010000000005	0.030411	7.218198	-0.038397243543875255	0.061086523819801536	-0.015707963267948967	-0.7378	0.5098	-0.6466
1702.0	7.178958000000001	-0.023544	7.280982	-0.029670597283903602	0.027925268031909273	-0.0017453292519943296	-0.7388	0.5083	-0.6425
1703.0	7.078896	-0.14322600000000002	7.261362	-0.05061454830783556	0.020943951023931952	0.019198621771937627	-0.739	0.5078	-0.6396
1704.0	6.940575000000001	-0.22268700000000002	7.260381	-0.09075712110370514	0.019198621771937627	0.06632251157578452	-0.7395	0.5074	-0.6381
1705.0	6.842475	-0.275661	7.254495000000001	-0.13264502315156904	-0.003490658503988659	0.10995574287564276	-0.74	0.5077	-0.638
1705.9999999999998	6.7335840000000005	-0.335502	7.24959	-0.18500490071139894	-0.024434609527920613	0.13439035240356337	-0.7404	0.5079	-0.6401
1707.0	6.620769000000001	-0.436545	7.241742	-0.17278759594743864	-0.05235987755982989	0.12740903539558607	-0.7408	0.5085	-0.6429
1707.9999999999998	6.523650000000001	-0.532683	7.228008000000001	-0.12391837689159739	-0.08028514559173916	0.07504915783575616	-0.7415	0.5094	-0.6463
1709.0	6.446151	-0.6199920000000001	7.207407000000001	-0.061086523819801536	-0.0890117918517108	-0.005235987755982988	-0.742	0.5104	-0.6508
1710.0000000000002	6.3980820000000005	-0.7524270000000001	7.169148000000001	0.024434609527920613	-0.07853981633974483	-0.09599310885968812	-0.7425	0.5109	-0.6552
1711.0	6.370614	-0.816192	7.147566	0.0942477796076938	-0.08726646259971647	-0.1780235837034216	-0.7433	0.5116	-0.6592
1712.0	6.362766	-0.858375	7.147566	0.12566370614359174	-0.10821041362364843	-0.21991148575128552	-0.7444	0.5117	-0.662
1713.0	6.390234	-0.9221400000000001	7.130889000000001	0.12042771838760874	-0.1117010721276371	-0.21467549799530256	-0.7454	0.5112	-0.6658
1714.0	6.42555	-0.967266	7.129908	0.10471975511965978	-0.11868238913561441	-0.21118483949131386	-0.7463	0.511	-0.6669
1714.9999999999998	6.468714	-0.9368550000000001	7.1328510000000005	0.041887902047863905	-0.13439035240356337	-0.16231562043547265	-0.7469	0.5101	-0.6655
1716.0	6.527574	-0.901539	7.129908	-0.008726646259971648	-0.1780235837034216	-0.1064650843716541	-0.7484	0.509	-0.6652
1717.0000000000002	6.595263	-0.835812	7.1328510000000005	-0.038397243543875255	-0.1954768762233649	-0.0715584993317675	-0.7496	0.5077	-0.6637
1718.0	6.658047	-0.694548	7.152471	-0.061086523819801536	-0.21642082724729686	-0.048869219055841226	-0.7502	0.506	-0.6607
1719.0000000000002	6.704154000000001	-0.553284	7.178958000000001	-0.07853981633974483	-0.26354471705114374	-0.031415926535897934	-0.7516	0.5045	-0.6594
1720.0	6.729660000000001	-0.43262100000000003	7.217217000000001	-0.0890117918517108	-0.26005405854715513	-0.03316125578789226	-0.7528	0.5035	-0.6595
1721.0	6.7541850000000005	-0.380628	7.252533	-0.054105206811824215	-0.28623399732707	-0.04537856055185257	-0.7544	0.5026	-0.6591
1722.0	6.801273000000001	-0.41103900000000004	7.260381	-0.010471975511965976	-0.3141592653589793	-0.08028514559173916	-0.7557	0.5023	-0.6585
1723.0	6.812064	-0.442431	7.289811	0.06283185307179587	-0.3508111796508603	-0.11693705988362008	-0.7577	0.5019	-0.6555
1723.9999999999998	6.820893000000001	-0.512082	7.3133550000000005	0.11693705988362008	-0.38048177693476387	-0.1361356816555577	-0.76	0.5009	-0.6539
1725.0	6.8375699999999995	-0.6258779999999999	7.323165000000001	0.18500490071139894	-0.4223696789826277	-0.16231562043547265	-0.7629	0.5007	-0.6531
1726.0000000000002	6.8454180000000004	-0.707301	7.3575	0.20769418098732523	-0.4642575810304917	-0.17453292519943295	-0.7655	0.5001	-0.6501
1727.0	6.846399	-0.760275	7.430094	0.3717551306747922	-0.582939970166106	-0.16755160819145562	-0.7683	0.4992	-0.6495
1728.0	6.774786000000001	-0.768123	7.645914	0.18151424220741028	-0.8587019919812102	-0.25481807079117214	-0.7722	0.4982	-0.6497
1729.0	6.766938	-0.8789760000000001	7.796007	0.1780235837034216	-1.1868238913561442	-0.3438298626428829	-0.7762	0.4964	-0.6453
1730.0	6.730641000000001	-0.713187	7.894107	0.06632251157578452	-1.4835298641951802	-0.27401669256310973	-0.781	0.4941	-0.6429
1730.9999999999998	6.695325	-0.496386	7.987302000000001	0.019198621771937627	-1.7470745812463238	-0.11519173063162574	-0.7859	0.4913	-0.638
1732.0	6.646275	-0.261927	8.126604	-0.06283185307179587	-2.1258110289290935	0.012217304763960306	-0.7918	0.4889	-0.6328
1732.9999999999998	6.605073000000001	-0.18540900000000002	8.30907	-0.07853981633974483	-2.345722514680379	0.013962634015954637	-0.7986	0.4868	-0.6248
1734.0	6.5658330000000005	-0.212877	8.48565	-0.0890117918517108	-2.7995081201989045	-0.07504915783575616	-0.808	0.485	-0.6132
1735.0000000000002	6.546213000000001	-0.298224	8.628876000000002	-0.0471238898038469	-3.256784384221419	-0.22863813201125716	-0.8184	0.4825	-0.6019
1736.0	6.516783	-0.38749500000000003	8.759349	0.14486232791552936	-3.7454765747798313	-0.39269908169872414	-0.8311	0.4802	-0.5852
1737.0	6.477543000000001	-0.46695600000000004	8.885898000000001	0.32986722862692824	-4.2812926551420905	-0.5532693728822025	-0.8454	0.4776	-0.5646
1738.0	6.507954	-0.71613	8.84862	0.4939281783143953	-4.839798015780276	-0.7592182246175333	-0.8613	0.4741	-0.5406
1739.0	6.459885	-0.9133110000000001	8.828019000000001	0.5462880558742251	-5.12777734235934	-1.0716321607245183	-0.8788	0.4702	-0.516
1739.9999999999998	6.433398	-1.318464	8.861373	0.6684611035138281	-5.8224183846530835	-1.2461650859239515	-0.8983	0.4652	-0.4839
1741.0	6.410835	-1.708902	8.957511	0.9093165402890457	-6.616543194310504	-1.5865042900628457	-0.9192	0.4593	-0.4491
1742.0000000000002	6.488334	-2.0473470000000002	9.084060000000001	1.1187560505283651	-7.408922674715929	-1.8395770316020235	-0.9414	0.4504	-0.4082
1743.0	6.803235000000001	-2.3946210000000003	9.139977	1.5236724369910497	-8.091346412245713	-2.2549653935766734	-0.9648	0.4392	-0.3639
1744.0000000000002	7.551738000000001	-2.498607	9.115452000000001	1.7697638615222502	-8.597491895324067	-2.626720524251466	-0.9866	0.4257	-0.3151
1745.0	8.778969	-2.567277	9.100737	1.4451326206513049	-8.56607596878817	-2.5516713664157096	-1.0078	0.4096	-0.2587
1746.0	9.950283	-2.404431	8.803494	1.2164944886400477	-8.717919613711675	-2.5377087323997554	-1.0263	0.3916	-0.1998
1747.0	11.168685000000002	-1.9776960000000001	8.598465	0.5811946409141117	-9.098401390646439	-2.1275563581810877	-1.0423	0.3719	-0.1348
1748.0	13.084578000000002	-2.065005	8.729919	0.3717551306747922	-8.414232323864663	-2.012364627549462	-1.0542	0.3512	-0.0659
1748.9999999999998	15.076989	-2.30535	8.99577	0.09250245035569947	-7.047639519553103	-1.9739673840055867	-1.0619	0.3295	0.0055
1750.0	16.619121	-2.562372	9.498042	0.2303834612632515	-5.307546255314756	-2.007128639793479	-1.0653	0.3072	0.0768
1751.0000000000002	17.417655	-3.203946	9.762912	0.7609635538695277	-3.960152072775134	-1.1676252695842066	-1.0646	0.2856	0.1455
1752.0	19.125576000000002	-3.733686	10.201419000000001	0.783652834145454	-2.1153390534171272	-0.04537856055185257	-1.0604	0.266	0.2089
1753.0	20.070279000000003	-4.152573	10.935207	1.0873401239924672	0.3787364476827695	0.3438298626428829	-1.0536	0.2492	0.2646
1754.0	19.703385000000004	-4.6234530000000005	11.606211000000002	1.5690509975429023	1.5289084247470326	0.8203047484373349	-1.0454	0.2362	0.3106
1755.0	18.43299	-4.83633	12.00744	1.7802358370342162	2.0402898955813713	1.0053096491487339	-1.0364	0.2276	0.3468
1755.9999999999998	17.141013	-5.005062000000001	12.443985	1.5009831567151235	2.5673793296836585	1.0419615634406147	-1.0273	0.2221	0.3726
1757.0	15.760746000000001	-5.2767990000000005	12.581325	0.9250245035569946	3.1503192998497647	0.9738937226128358	-1.0194	0.2197	0.3865
1757.9999999999998	13.630995	-4.823577	12.280158	0.23736477827122882	3.6878807094640185	0.8028514559173916	-1.014	0.2196	0.3898
1759.0	11.35998	-4.095675	11.772981	-0.13264502315156904	3.920009499979264	0.7208209810736581	-1.0114	0.2216	0.3832
1760.0000000000002	9.467631	-3.362868	11.003877	-0.8237954069413236	4.274311338134114	0.5689773361501514	-1.0111	0.2256	0.3687
1761.0	8.362044000000001	-2.3946210000000003	10.399581000000001	-1.3526301702956054	4.550073359949217	0.4537856055185257	-1.0139	0.2299	0.3471
1762.0	6.339222	-1.6166880000000001	9.547092	-1.6824973989225338	4.836307357276287	0.3735004599267865	-1.019	0.2343	0.3213
1763.0	4.933449	-0.881919	8.414037	-1.811651763570114	5.16791991515521	0.2932153143350474	-1.0248	0.2371	0.2934
1764.0	4.512600000000001	-0.28056600000000004	7.444809	-1.7715091907742444	5.515240436302081	0.2583087292951608	-1.0317	0.2386	0.264
1764.9999999999998	4.586175000000001	0.044145	6.775767	-1.7034413499464656	5.707226654021458	0.23736477827122882	-1.0388	0.2383	0.2326
1766.0	4.835349	0.095157	6.362766	-1.5376350710070041	6.042329870404369	0.2530727415391778	-1.046	0.2369	0.1996
1767.0000000000002	5.221863	-0.024525	6.144003	-1.4032447186034411	6.311110575211496	0.312413936106985	-1.0527	0.2348	0.164
1768.0	5.760432000000001	-0.23936400000000002	6.068466000000001	-1.3543754995475996	6.548475353482725	0.40491638646268446	-1.0579	0.2322	0.1245
1769.0000000000002	6.474600000000001	-0.524835	6.128307	-1.3788101090755203	6.798057436517913	0.5672320068981571	-1.0611	0.2299	0.0813
1770.0	7.390854	-0.8475840000000001	6.261723	-1.3596114873035827	6.93768377667746	0.7853981633974483	-1.0626	0.2275	0.0345
1771.0	8.363025	-1.084005	6.413778000000001	-1.3823007675795091	7.000515629749256	1.0105456369047168	-1.0621	0.2259	-0.0159
1772.0	9.300861000000001	-1.2527370000000002	6.589377	-1.4032447186034411	7.016223593017205	1.1362093430483085	-1.0593	0.2258	-0.0698
1773.0	10.270089	-1.256661	6.797349	-1.478293876439197	6.972590361717346	1.3805554383275145	-1.0543	0.2279	-0.127
1773.9999999999998	11.221658999999999	-1.2517559999999999	7.036713000000001	-1.7418385934903409	6.8835785698656355	1.6388641676226756	-1.0456	0.2318	-0.1871
1775.0	12.234051000000001	-1.3066920000000002	7.380063	-1.9425514574696887	6.726498937186146	1.8325957145940461	-1.0336	0.2381	-0.2498
1776.0000000000002	13.359258	-1.428336	7.8548670000000005	-1.9547687622336491	6.6305058283264575	1.9757127132575811	-1.017	0.2474	-0.3142
1777.0	14.606109	-1.570581	8.399322	-1.9093902016817965	6.625269840570476	2.1223203704251046	-0.995	0.2594	-0.3791
1778.0	15.875523000000001	-1.7108640000000002	8.959473000000001	-1.8936822384138476	6.642723133090419	2.2689280275926285	-0.968	0.2743	-0.4422
1779.0	17.050761	-1.8403559999999999	9.50589	-1.8936822384138476	6.642723133090419	2.2689280275926285	-0.9418	0.2889	-0.4984
1780.0	18.175968	-1.8639000000000001	9.847278000000001	-2.059488517353309	6.401867696315201	2.443460952792061	-0.9029	0.3093	-0.5518
1780.9999999999998	19.174626	-1.7942490000000002	9.931644	-2.3125612588924866	5.960299395560636	2.5342180738957665	-0.8581	0.3323	-0.5981
1782.0	20.037906000000003	-1.639251	9.651078	-2.631956512007449	5.222025121967034	2.651155133779387	-0.8079	0.3567	-0.6375
1782.9999999999998	20.788371	-1.521531	8.971245	-2.9251718263424964	4.274311338134114	2.7558748888990463	-0.7538	0.3827	-0.669
1784.0	21.496653000000002	-1.10853	7.796007	-2.9862583501622977	3.4819318577286875	2.876302607286655	-0.698	0.4096	-0.6935
1785.0000000000002	22.048956	0.006867000000000001	5.922297	-3.0665434957540367	3.166027263117714	3.099704751541929	-0.6407	0.4378	-0.7112
1786.0	22.666005000000002	1.3567230000000001	3.3354000000000004	-2.9304078140984795	2.4696408915719763	3.5412730522964946	-0.5835	0.4659	-0.7222
1787.0	23.193783000000003	2.4897780000000003	0.319806	-1.4398966328953218	1.6406094968746698	3.4243359924128742	-0.5279	0.4937	-0.7278
1788.0	23.216346	3.5855550000000003	-2.740914	0.8517206749732328	0.3717551306747922	2.3474678439323733	-0.4759	0.5191	-0.7299
1789.0	22.954419	4.814748000000001	-5.3935379999999995	2.2636920398366454	-1.0733774899765127	0.8970992355250854	-0.4235	0.5434	-0.7345
1789.9999999999998	22.623822	6.117516000000001	-7.317279	2.028072590817411	-1.900663555421825	-0.2129301687433082	-0.3853	0.5606	-0.7361
1791.0	22.294206000000003	7.368291	-8.541567	0.5811946409141117	-1.9477874452256716	-0.8569566627292158	-0.3562	0.5737	-0.7385
1792.0000000000002	21.820383	8.303184000000002	-9.134091000000002	-0.19024088846738194	-1.8395770316020235	-1.064650843716541	-0.3351	0.5836	-0.7408
1793.0	21.053241000000003	8.787798	-9.11349	-1.181587903600161	-1.7069320084504542	-1.3805554383275145	-0.3222	0.5912	-0.7426
1794.0000000000002	20.018286	8.692641	-8.375778	-1.2077678423800762	-1.616174887346749	-1.642354826126664	-0.3153	0.5966	-0.7463
1795.0	17.682525000000002	5.261103	-4.441968	3.6617007706841034	-1.2950343049797925	-3.0106929596902186	-0.3151	0.5977	-0.7506
1796.0	13.975326	3.918114	-0.579771	6.8486719848257485	-0.7208209810736581	-3.8885935734433663	-0.3232	0.5919	-0.7576
1797.0	9.102699	3.208851	2.232756	5.276130328778859	-4.76474885794452	-4.207988826558329	-0.3386	0.5773	-0.7689
1798.0	7.863696	5.066865	4.631301000000001	3.607595563872279	-5.405284693426438	-2.2218041377887814	-0.3624	0.5574	-0.7753
1798.9999999999998	8.652420000000001	5.2944569999999995	6.8581710000000005	1.583013631558857	-5.0317842334996525	0.3752457891787809	-0.3907	0.537	-0.7786
1800.0	8.553339000000001	5.382747	8.843715	0.8604473212332044	-4.403465702781694	0.15707963267948966	-0.4215	0.5168	-0.7823
1801.0000000000002	7.637085	5.534802000000001	10.226925	0.13788101090755203	-3.925245487735247	0.158824961931484	-0.453	0.498	-0.7837
1802.0	6.791463	5.227749000000001	11.150046000000001	-0.5253441048502933	-3.923500158483253	0.20769418098732523	-0.4855	0.4797	-0.7817
1803.0	6.344127000000001	4.6793700000000005	11.754342	-0.6719517620178169	-3.652974124424132	0.3159045946109737	-0.5179	0.4609	-0.7784
1804.0	7.640028000000001	3.244167	12.424365	0.3543018381548489	-2.035053907825388	0.0	-0.5505	0.4426	-0.7713
1805.0	9.522567	4.558707	9.536301	0.7330382858376184	-1.0314895879286488	-0.15009831567151233	-0.5824	0.4244	-0.7634
1805.9999999999998	11.463966000000001	5.245407	7.989264	0.5934119456780721	-0.6649704450098396	-0.4642575810304917	-0.6118	0.41	-0.7533
1807.0	14.830758000000001	4.9795560000000005	7.637085	0.3560471674068432	-0.34033920413889424	-0.40491638646268446	-0.6381	0.4012	-0.7386
1807.9999999999998	14.63652	2.3651910000000003	7.789140000000001	0.28099800957108706	-0.14835298641951802	-0.32288591161895097	-0.6589	0.3967	-0.7277
1809.0	12.661767000000001	1.227231	7.7126220000000005	0.1780235837034216	-0.09250245035569947	-0.23212879051524585	-0.676	0.3941	-0.7179
1810.0000000000002	11.515959	0.04022100000000001	7.311393	0.10821041362364843	-0.024434609527920613	-0.16406094968746698	-0.6907	0.392	-0.706
1811.0	11.175552	-1.2870720000000002	7.079877000000001	0.09948376736367678	-0.015707963267948967	-0.15707963267948966	-0.7018	0.3899	-0.6936
1812.0	10.991124000000001	-1.8805770000000002	7.009245000000001	0.05759586531581287	-0.012217304763960306	-0.09773843811168245	-0.7104	0.3878	-0.688
1813.0	10.688976	-1.866843	7.012188	-0.0	-0.020943951023931952	-0.03665191429188092	-0.7165	0.3853	-0.6844
1814.0	8.85843	-0.6906240000000001	6.682572	-0.012217304763960306	-0.010471975511965976	-0.03490658503988659	-0.7207	0.3822	-0.6859
1814.9999999999998	7.750881000000001	0.476766	7.298640000000001	-0.013962634015954637	-0.027925268031909273	-0.015707963267948967	-0.7229	0.3794	-0.6877
1816.0	7.663572	-0.000981	7.203483	-0.03665191429188092	-0.054105206811824215	0.020943951023931952	-0.7243	0.3772	-0.6859
1817.0000000000002	7.189749	0.055917	7.296678000000001	-0.06283185307179587	-0.061086523819801536	0.0471238898038469	-0.7254	0.3757	-0.6837
1818.0	7.0386750000000005	-0.063765	7.305507	-0.06283185307179587	-0.061086523819801536	0.06632251157578452	-0.7254	0.375	-0.6831
1819.0000000000002	6.927822000000001	-0.163827	7.303545000000001	-0.09599310885968812	-0.0715584993317675	0.06632251157578452	-0.7261	0.3741	-0.6813
1820.0	6.854247	-0.251136	7.2956970000000005	-0.12740903539558607	-0.08203047484373349	0.09948376736367678	-0.7259	0.3741	-0.6802
1821.0	6.8150070000000005	-0.319806	7.268229000000001	-0.13264502315156904	-0.06981317007977318	0.08203047484373349	-0.7262	0.3739	-0.6811
1822.0	6.761052	-0.481671	7.240761	-0.08552113334772216	-0.06283185307179587	0.029670597283903602	-0.7263	0.3735	-0.6788
1823.0	6.707097	-0.634707	7.213293	-0.026179938779914945	-0.09075712110370514	-0.03490658503988659	-0.7266	0.3741	-0.6777
1823.9999999999998	6.661971	-0.7318260000000001	7.179939	-0.017453292519943295	-0.08726646259971647	-0.0645771823237902	-0.7268	0.3742	-0.674
1825.0	6.633522	-0.8309070000000001	7.14168	0.005235987755982988	-0.07504915783575616	-0.13264502315156904	-0.7275	0.3743	-0.6707
1826.0000000000002	6.627636	-0.877014	7.115193	0.03316125578789226	-0.08552113334772216	-0.15009831567151233	-0.7279	0.3743	-0.6705
1827.0	6.637446	-0.8711280000000001	7.106364000000001	0.020943951023931952	-0.10995574287564276	-0.12566370614359174	-0.7285	0.3748	-0.6711
1828.0	6.643332000000001	-0.877014	7.104402	0.005235987755982988	-0.1117010721276371	-0.10821041362364843	-0.7301	0.3747	-0.6699
1829.0	6.640389	-0.8956530000000001	7.108326000000001	-0.003490658503988659	-0.12042771838760874	-0.09948376736367678	-0.7306	0.3744	-0.6689
1830.0	6.650199	-0.901539	7.113231	-0.006981317007977318	-0.1308996938995747	-0.08203047484373349	-0.7316	0.3738	-0.6679
1830.9999999999998	6.680610000000001	-0.8829	7.110288000000001	-0.020943951023931952	-0.1291543646475804	-0.06632251157578452	-0.7333	0.3734	-0.667
1832.0	6.712002000000001	-0.818154	7.113231	-0.041887902047863905	-0.11693705988362008	-0.041887902047863905	-0.7344	0.3731	-0.6658
1832.9999999999998	6.747318	-0.727902	7.123041	-0.0471238898038469	-0.11693705988362008	-0.03490658503988659	-0.7357	0.3721	-0.6653
1834.0	6.774786000000001	-0.626859	7.136775000000001	-0.054105206811824215	-0.13439035240356337	-0.015707963267948967	-0.7372	0.3715	-0.6645
1835.0000000000002	6.7895010000000005	-0.5366070000000001	7.152471	-0.07504915783575616	-0.1413716694115407	0.0017453292519943296	-0.7387	0.3713	-0.6634
1836.0	6.818931000000001	-0.509139	7.166205000000001	-0.07853981633974483	-0.158824961931484	0.008726646259971648	-0.7401	0.3711	-0.6631
1837.0	6.8375699999999995	-0.5366070000000001	7.156395000000001	-0.06981317007977318	-0.17976891295541594	-0.006981317007977318	-0.7412	0.3705	-0.6617
1838.0	6.848361000000001	-0.565056	7.147566	-0.0645771823237902	-0.17453292519943295	-0.022689280275926284	-0.7421	0.3704	-0.6605
1839.0	6.864057	-0.5846760000000001	7.130889000000001	-0.0471238898038469	-0.19198621771937624	-0.031415926535897934	-0.7434	0.3708	-0.6593
1839.9999999999998	6.875829	-0.6180300000000001	7.123041	-0.031415926535897934	-0.20420352248333654	-0.04363323129985824	-0.7454	0.3709	-0.6582
1841.0	6.869943000000001	-0.64746	7.140699000000001	0.006981317007977318	-0.24958208303518914	-0.061086523819801536	-0.7464	0.3709	-0.657
1842.0000000000002	6.866019	-0.664137	7.163262	0.029670597283903602	-0.2775073510670984	-0.05759586531581287	-0.7476	0.3707	-0.6555
1843.0	6.867	-0.6916049999999999	7.178958000000001	0.06283185307179587	-0.3246312408709453	-0.06632251157578452	-0.7486	0.3708	-0.6539
1844.0000000000002	6.864057	-0.7151490000000001	7.211331	0.09250245035569947	-0.3560471674068432	-0.04537856055185257	-0.7497	0.3707	-0.652
1845.0	6.866019	-0.727902	7.252533	0.15184364492350666	-0.4066617157146788	-0.022689280275926284	-0.7512	0.3707	-0.6489
1846.0	6.833646	-0.722016	7.350633	0.13788101090755203	-0.5113814708343386	0.003490658503988659	-0.753	0.3703	-0.6446
1847.0	6.780672000000001	-0.788724	7.5066120000000005	0.048869219055841226	-0.7801621756414654	-0.08203047484373349	-0.7553	0.3693	-0.639
1848.0	6.761052	-0.724959	7.6007880000000005	0.038397243543875255	-1.0053096491487339	-0.15009831567151233	-0.7582	0.3684	-0.6319
1848.9999999999998	6.751242	-0.613125	7.6694580000000006	0.005235987755982988	-1.218239817892042	-0.11344640137963143	-0.7616	0.3671	-0.6229
1850.0	6.744375000000001	-0.509139	7.7253750000000005	0.005235987755982988	-1.3281955607676847	-0.04014257279586958	-0.7647	0.366	-0.6134
1851.0000000000002	6.744375000000001	-0.447336	7.800912	-0.0715584993317675	-1.514945790731078	-0.024434609527920613	-0.7694	0.3653	-0.6043
1852.0	6.745356	-0.442431	7.882335	-0.09250245035569947	-1.7749998492782333	-0.019198621771937627	-0.7751	0.365	-0.5961
1853.0	6.747318	-0.476766	7.969644000000001	-0.11344640137963143	-2.0996310901491784	-0.06806784082777885	-0.7818	0.3642	-0.5871
1854.0	6.758109	-0.5287590000000001	8.023599	-0.059341194567807204	-2.399827721492203	-0.14486232791552936	-0.7899	0.3635	-0.5786
1855.0	6.762033000000001	-0.5817330000000001	8.048124000000001	-0.0017453292519943296	-2.7139869868511823	-0.21118483949131386	-0.7991	0.3624	-0.5696
1855.9999999999998	6.794406	-0.616068	8.008884	0.05061454830783556	-3.0124382889422128	-0.32114058236695664	-0.809	0.3615	-0.5597
1857.0	6.854247	-0.5140440000000001	7.963758	0.10821041362364843	-3.202679177409595	-0.312413936106985	-0.82	0.3607	-0.549
1857.9999999999998	6.8581710000000005	-0.646479	8.010846	0.2234021442552742	-3.6058502346202848	-0.30717794835100204	-0.8319	0.3596	-0.5372
1859.0	6.82776	-0.8672040000000001	8.057934000000001	0.27401669256310973	-4.094542425178697	-0.38048177693476387	-0.8447	0.358	-0.5239
1860.0000000000002	6.785577	-1.01043	8.077554000000001	0.33335788713091696	-4.67224640758882	-0.4991641660703783	-0.859	0.356	-0.5077
1861.0	6.742413000000001	-1.0516320000000001	8.102079	0.5113814708343386	-5.32150888933071	-0.5427973973702365	-0.8737	0.3531	-0.4866
1862.0	6.743394	-1.0859670000000001	8.15211	0.619591884457987	-6.059783162924312	-0.5654866776461628	-0.8896	0.3493	-0.4597
1863.0	6.924879	-1.234098	8.184483	0.5602506898901798	-6.445500927615059	-0.7295476273336297	-0.9064	0.3446	-0.4261
1864.0	7.232913	-1.421469	8.209008	0.40840704496667307	-7.1104713726248985	-0.8621926504851988	-0.923	0.3396	-0.3852
1864.9999999999998	7.732242	-1.6657380000000002	8.216856	0.4293509959906051	-7.712609964562942	-1.0471975511965976	-0.94	0.3339	-0.3385
1866.0	8.698527	-1.7128260000000002	8.055972	0.5445427266222308	-8.077383778229757	-1.2426744274199626	-0.9559	0.3274	-0.2855
1867.0000000000002	9.762912	-1.9374750000000003	7.810722	0.20943951023931956	-8.079129107481752	-1.3683381335635545	-0.9705	0.3196	-0.2279
1868.0	10.828278	-1.54017	7.291773	-0.06806784082777885	-7.941248096574199	-1.3281955607676847	-0.9836	0.311	-0.167
1869.0000000000002	12.194811000000001	-0.991791	7.075953000000001	-0.8970992355250854	-7.749261878854823	-0.9337511498169663	-0.9938	0.3016	-0.1026
1870.0	13.656501	-1.2821670000000003	7.037694000000001	-1.1239920382843482	-7.39321471144798	-0.8045967851693859	-1.0004	0.2916	-0.036
1871.0	15.123096000000002	-1.984563	7.169148000000001	-0.7801621756414654	-6.415830330331156	-1.2636183784438948	-1.0039	0.2809	0.0311
1872.0	16.092324	-2.593764	7.432056000000001	-0.13264502315156904	-5.003858965467742	-1.7505652397503124	-1.0042	0.2694	0.0973
1873.0	16.759404	-2.7968310000000005	7.803855	0.3420845333908886	-3.0124382889422128	-1.7732545200262386	-1.0012	0.2573	0.1598
1873.9999999999998	17.752176000000002	-2.8900259999999998	8.618085	0.08377580409572781	0.07504915783575616	-0.9599310885968813	-0.9971	0.2447	0.2164
1875.0	17.609931	-3.0312900000000003	9.36855	-0.10995574287564276	1.8884462506578645	-0.5078908123303499	-0.992	0.2324	0.265
1876.0000000000002	16.400358	-3.284388	9.995409	-0.13264502315156904	2.282890661608583	-0.33510321638291124	-0.9874	0.2204	0.3052
1877.0	15.046578000000002	-3.31578	10.372112999999999	-0.25132741228718347	2.62846585350346	-0.2984513020910304	-0.9844	0.2095	0.3342
1878.0	13.738905	-3.8249190000000004	10.790019000000001	-0.4188790204786391	3.1014500807939234	-0.291469985083053	-0.9825	0.1992	0.3563
1879.0	12.137913000000001	-4.419405	10.827297	-0.5497787143782138	3.637266161156183	-0.3368485456349056	-0.9837	0.1899	0.3681
1880.0	10.412334	-4.187889	10.668375	-0.6981317007977318	4.089306437422715	-0.40491638646268446	-0.9883	0.1807	0.3696
1880.9999999999998	8.682831	-3.5580870000000004	10.274013	-0.9075712110370514	4.4837508483734325	-0.4188790204786391	-0.9961	0.1718	0.36
1882.0	7.395759000000001	-2.955753	9.701109	-1.1100294042683936	4.792674125976429	-0.3700098014227979	-1.007	0.1638	0.3447
1882.9999999999998	6.253875	-2.6133840000000004	9.025200000000002	-1.1938052083641215	4.9218284906240095	-0.3420845333908886	-1.0206	0.1572	0.3185
1884.0	4.701933	-2.375982	7.932366	-1.2217304763960306	5.1661745859032155	-0.26878070480712674	-1.0353	0.1505	0.2879
1885.0000000000002	4.186908000000001	-2.078739	6.942537000000001	-1.1274826967883367	5.379104754646524	-0.16580627893946132	-1.0498	0.1439	0.2506
1886.0	4.350735	-1.882539	6.259761	-0.9477137838329209	5.611233545161769	-0.061086523819801536	-1.0638	0.1379	0.2089
1887.0	4.6185480000000005	-1.768743	5.87619	-0.7644542123735163	5.797983775125163	0.10471975511965978	-1.0761	0.1324	0.165
1888.0	4.933449	-1.6637760000000001	5.705496	-0.6579891280018623	5.907939518000806	0.3246312408709453	-1.0863	0.1274	0.1158
1889.0	5.376861000000001	-1.5627330000000001	5.6603699999999995	-0.3089232776029963	6.26049602690366	0.5759586531581288	-1.0932	0.1229	0.0644
1889.9999999999998	5.975271	-1.5048540000000001	5.67018	-0.5811946409141117	6.035348553396392	0.7103490055616922	-1.0967	0.12	0.0117
1891.0	6.673743000000001	-1.4921010000000001	5.7447360000000005	-0.5131268000863328	6.085963101704227	1.0419615634406147	-1.0963	0.1189	-0.0412
1892.0000000000002	7.555662000000001	-1.475424	5.837931	-0.41364303272265607	6.155776271784	1.436405974391333	-1.0916	0.1197	-0.0986
1893.0	8.533719	-1.4950440000000003	5.918373	-0.15707963267948966	6.197664173831865	1.827359726838063	-1.0825	0.1215	-0.152
1894.0000000000002	9.537282	-1.526436	5.961537000000001	0.22514747350726852	6.0754911261922615	2.1851522234969005	-1.0692	0.1255	-0.2078
1895.0	10.522206	-1.577448	5.97429	0.8080874436733745	5.796238445873168	2.506292805863857	-1.052	0.1316	-0.2597
1896.0	11.482605000000001	-1.6608330000000002	5.956632	1.1222467090323538	5.633922825437696	2.6563911215353695	-1.0312	0.1388	-0.3139
1897.0	12.517560000000001	-1.7471610000000002	5.9428980000000005	1.6702800941585734	5.3511794866146145	2.965314399138366	-1.0075	0.1479	-0.3638
1898.0	13.580964000000002	-1.83447	5.893848	2.035053907825388	5.155702610391249	3.363249468593073	-0.9808	0.1578	-0.415
1898.9999999999998	14.545287	-1.9776960000000001	5.790843000000001	2.361430477948328	4.963716392671873	3.754203221039803	-0.9488	0.1686	-0.4649
1900.0	15.413472	-2.154276	5.628978	2.6563911215353695	4.708898321880701	4.077089132658754	-0.9153	0.1808	-0.5114
1901.0000000000002	16.221816	-2.368134	5.3631269999999995	3.0089476304382243	4.377285764001779	4.324925886441949	-0.8807	0.1933	-0.5573
1902.0	16.885953	-2.6330040000000006	4.974651000000001	3.3388148590651525	4.002039974822998	4.488986836129415	-0.8456	0.2048	-0.6013
1903.0	17.451009	-2.8615770000000005	4.504752	3.4976398209966364	3.81354441560761	4.544837372193234	-0.8094	0.2155	-0.646
1904.0	17.938566	-3.062682	3.9750120000000004	3.7873644768276953	3.431317309420852	4.597197249753064	-0.7726	0.2244	-0.6891
1905.0	18.311346	-3.2333760000000002	3.378564	4.010766621082969	3.0089476304382243	4.550073359949217	-0.7356	0.2311	-0.7327
1905.9999999999998	18.564444	-3.371697	2.736009	4.071853144902771	2.541199390903744	4.420918995301637	-0.6989	0.2351	-0.7729
1907.0	18.675297	-3.503151	2.054214	3.8746309394274117	2.197369528260861	4.237659423842232	-0.6619	0.2356	-0.814
1907.9999999999998	18.630171	-3.6503010000000002	1.370457	3.506366467256608	1.8605209826259552	4.0125119503349636	-0.6259	0.2336	-0.8507
1909.0	18.454572000000002	-3.732705	0.704358	3.2794736644973455	1.673770752662562	3.904301536711315	-0.5937	0.2294	-0.8843
1910.0000000000002	18.136728	-3.7513440000000005	0.092214	2.7471482426390748	1.2688543661998777	3.6826447217080354	-0.5625	0.222	-0.9172
1911.0	17.683506	-3.740553	-0.43262100000000003	2.2689280275926285	0.8534660042252271	3.47495054072071	-0.5326	0.212	-0.9465
1912.0	17.123355	-3.6973890000000003	-0.80442	1.8570303241219668	0.4869468613064179	3.2899456400093112	-0.5044	0.2011	-0.9724
1913.0	16.521021	-3.6149850000000003	-1.018278	1.4835298641951802	0.23736477827122882	3.139847324337799	-0.4786	0.1901	-0.9955
1914.0	15.911820000000002	-3.479607	-1.078119	1.2095131716320704	0.11868238913561441	2.9897490086662866	-0.4555	0.1791	-1.0154
1914.9999999999998	15.239835000000001	-3.250053	-1.0231830000000002	0.9494591130849153	0.0017453292519943296	2.8256880589788196	-0.4349	0.1686	-1.032
1916.0	14.508009000000001	-2.973411	-0.894672	0.8569566627292158	-0.09599310885968812	2.73318560862312	-0.4164	0.1598	-1.0458
1917.0000000000002	13.710456	-2.740914	-0.7180920000000001	0.8272860654453121	-0.32288591161895097	2.4888395133439136	-0.4013	0.1527	-1.0574
1918.0	12.970782000000002	-2.529999	-0.47382300000000005	0.8883725892651138	-0.4677482395344803	2.2968532956245378	-0.3882	0.1474	-1.0662
1919.0000000000002	12.400821	-2.388735	-0.153036	1.0349802464326374	-0.49567350756638956	2.1450096507010312	-0.3778	0.1425	-1.0742
1920.0	11.979972000000002	-2.3426280000000004	0.21385800000000002	1.254891732183923	-0.44505895925855404	1.9774580425095754	-0.3694	0.1379	-1.0812
1921.0	11.618964	-2.327913	0.5827140000000001	1.3857914260834978	-0.39269908169872414	1.7872171540421935	-0.3631	0.1342	-1.0867
1922.0	11.258937	-2.190573	0.8799570000000001	0.6946410422937431	-0.5096361415823443	1.7715091907742444	-0.3583	0.1306	-1.0914
1923.0	10.776285000000001	-1.7442180000000003	1.071252	0.054105206811824215	-1.4032447186034411	2.483603525587931	-0.3567	0.1285	-1.0955
1923.9999999999998	9.637344	-1.19682	2.7134460000000002	-0.21991148575128552	-2.4486969405480448	3.0787608005179976	-0.3573	0.128	-1.0984
1925.0	8.937891	-0.019620000000000002	3.9416580000000003	-0.7243116395776468	-2.602285914723545	3.3353242005611636	-0.3604	0.1287	-1.1004
1926.0000000000002	8.689698	0.603315	4.801014	-0.9599310885968813	-3.036872898470133	2.035053907825388	-0.3665	0.1312	-1.1007
1927.0	9.33912	1.3243500000000001	5.781033000000001	-1.0088003076527223	-2.8012534494508987	0.143116998663535	-0.3759	0.1346	-1.0995
1928.0	9.820791000000002	1.4921010000000001	6.531498	-1.1414453308042916	-1.9268434942017398	-0.45029494701453704	-0.3878	0.1393	-1.0959
1929.0	9.901233000000001	1.1889720000000001	7.159338	-1.08035880698449	-1.6458454846306527	-0.3665191429188092	-0.4017	0.1456	-1.0901
1930.0	9.689337	1.083024	7.765596	-0.7278022980816354	-1.3578661580515883	0.038397243543875255	-0.4177	0.1531	-1.0814
1930.9999999999998	9.212571	1.9453230000000001	8.340462	-0.5358160803622591	-1.2758356832078548	0.4363323129985824	-0.4344	0.1622	-1.0709
1932.0	8.694603	3.008727	8.932986	-0.9791297103688189	-1.4119713648634127	0.609119908946021	-0.4525	0.1726	-1.0586
1932.9999999999998	9.629496000000001	2.53098	9.671679000000001	-1.541125729510993	-0.8744099552491591	0.4590215932745087	-0.47	0.1833	-1.0455
1934.0	10.141578	0.9447030000000001	8.424828	-0.8848819307611251	-0.4310963252425994	0.6824237375297829	-0.4859	0.1945	-1.0339
1935.0000000000002	10.281861000000001	-0.45027900000000004	7.928442	-0.49567350756638956	-0.45553093477052004	0.6230825429619757	-0.5005	0.2052	-1.024
1936.0	10.198476000000001	-1.139922	7.794045000000001	-0.2897246558310587	-0.3543018381548489	0.3159045946109737	-0.5131	0.215	-1.0161
1937.0	9.272412000000001	-1.95219	7.392816000000001	-0.19373154697137057	-0.2426007660272118	0.23387411976724015	-0.5226	0.2234	-1.0104
1938.0	8.391474	-2.156238	7.305507	-0.08726646259971647	-0.27576202181510406	0.13788101090755203	-0.5303	0.2309	-1.0071
1939.0	7.952967	-1.926684	7.20054	0.017453292519943295	-0.3193952531149623	0.008726646259971648	-0.5366	0.2372	-1.0053
1939.9999999999998	7.7302800000000005	-1.767762	7.095573000000001	0.15184364492350666	-0.3193952531149623	-0.12042771838760874	-0.541	0.2434	-1.0056
1941.0	7.785216	-2.410317	7.050447	0.18675022996339324	-0.3735004599267865	-0.19024088846738194	-0.5448	0.2483	-1.0072
1942.0000000000002	8.03439	-3.038157	7.052409	0.13264502315156904	-0.40840704496667307	-0.1413716694115407	-0.5481	0.2521	-1.0109
1943.0	6.968043000000001	-2.5456950000000003	6.942537000000001	-0.038397243543875255	-0.4677482395344803	0.048869219055841226	-0.5506	0.2547	-1.0149
1944.0000000000002	6.972948000000001	-1.191915	7.308450000000001	-0.09773843811168245	-0.5096361415823443	0.22165681500327983	-0.5536	0.2558	-1.0173
1945.0	7.058295	-0.7200540000000001	7.298640000000001	-0.08377580409572781	-0.5480333851262195	0.35255650890285456	-0.557	0.2562	-1.0176
1946.0	7.007283000000001	-0.397305	7.297659	-0.017453292519943295	-0.5707226654021458	0.5410520681182421	-0.5601	0.2567	-1.0153
1947.0	6.922917	-0.192276	7.48503	0.48171087355043496	-0.6108652381980153	0.8325220532012952	-0.5633	0.2572	-1.0104
1948.0	6.9091830000000005	0.169713	7.588035	1.0925761117484503	-0.6073745796940266	1.0890854532444616	-0.5671	0.257	-1.0041
1948.9999999999998	6.829722000000001	0.615087	7.753824000000001	1.9931660057775245	-0.6702064327658225	1.7418385934903409	-0.5699	0.256	-0.9976
1950.0	6.765957	1.084986	7.951005	2.855358656262723	-0.7871434926494426	2.483603525587931	-0.5731	0.2531	-0.992
1951.0000000000002	6.716907	1.5539040000000002	8.095212	3.563962332572421	-0.9197885158010117	3.2236231284335264	-0.5758	0.2487	-0.9893
1952.0	6.644313	1.4636520000000002	8.134452000000001	3.5342917352885173	-1.1885692206081384	3.6617007706841034	-0.5777	0.2424	-0.9879
1953.0	6.5530800000000005	1.3390650000000002	8.21097	3.6564647829281203	-1.36659280431156	3.902556207459321	-0.5791	0.2342	-0.9885
1954.0	6.514821	1.329255	8.207046	3.7507125625358144	-1.478293876439197	4.11548637620263	-0.5801	0.2239	-0.9915
1955.0	6.442227	1.2036870000000002	8.188407	3.8781215979314	-1.5079644737231008	4.183554217030408	-0.5812	0.2118	-0.9965
1955.9999999999998	6.394158000000001	1.011411	8.125623000000001	4.199262180298357	-1.4974924982111346	4.358087142229841	-0.5825	0.197	-1.0033
1957.0	6.411816	0.9476460000000001	7.960815	4.406956361285682	-1.4346606451393389	4.4837508483734325	-0.5846	0.1796	-1.0116
1957.9999999999998	6.483429000000001	0.6759090000000001	7.749900000000001	4.406956361285682	-1.4346606451393389	4.4837508483734325	-0.5862	0.1627	-1.0211
1959.0	6.559947	0.310977	7.486992	4.511676116405342	-1.19729586686811	4.466297555853489	-0.5882	0.1419	-1.0295
1960.0000000000002	6.6904200000000005	-0.208953	7.12206	4.384267081009756	-0.9930923443847735	4.319689898685966	-0.5904	0.1202	-1.0388
1961.0	6.8375699999999995	-0.886824	6.724755	4.30572726467001	-0.8499753457212386	4.218460802070294	-0.5923	0.0979	-1.0451
1962.0	6.951366	-1.394982	6.355899000000001	4.077089132658754	-0.5445427266222308	3.981096023799066	-0.5948	0.0753	-1.051
1963.0	7.088706	-1.8246600000000002	5.9507460000000005	3.815289744859604	-0.2007128639793479	3.6704274169440754	-0.5976	0.0524	-1.0537
1964.0	7.194654000000001	-2.272977	5.617206	3.5220744305245573	0.16231562043547265	3.3073989325292543	-0.5998	0.0296	-1.0562
1964.9999999999998	7.2878490000000005	-2.61927	5.325849000000001	3.0543261909900767	0.5550147021341968	2.8239427297268254	-0.6009	0.0065	-1.0577
1966.0	7.370253	-2.9645820000000005	5.086485	2.490584842595908	0.9564404300928926	2.275909344600606	-0.6009	-0.0164	-1.0574
1967.0000000000002	7.3692720000000005	-3.1872690000000006	5.0580359999999995	0.6649704450098396	1.24965574442794	1.3334315485236679	-0.5993	-0.0381	-1.0585
1968.0	7.152471	-4.445892	5.334677999999999	-0.3385938748868999	1.2077678423800762	0.5323254218582705	-0.5963	-0.0595	-1.0592
1969.0000000000002	7.106364000000001	-4.857912	5.4955620000000005	0.5358160803622591	1.1780972450961724	-0.5619960191421741	-0.592	-0.0763	-1.0627
1970.0	7.056333	-4.772565	5.6809709999999995	0.6632251157578453	1.1309733552923256	-0.7260569688296411	-0.586	-0.0914	-1.0649
1971.0	6.960195000000001	-4.510638	6.0468839999999995	0.5899212871740833	0.9302604913129776	-0.6859143960337715	-0.5801	-0.1049	-1.0678
1972.0	6.841494000000001	-3.887703	6.493239000000001	0.41713369122664473	0.609119908946021	-0.44505895925855404	-0.5724	-0.1171	-1.0696
1973.0	6.720831	-3.10977	6.926841	0.12217304763960307	0.3420845333908886	-0.08028514559173916	-0.564	-0.1277	-1.0736
1973.9999999999998	6.606054	-2.5368660000000003	7.329051000000001	0.022689280275926284	0.24085543677521748	0.13264502315156904	-0.5565	-0.1371	-1.0757
1975.0	6.520707	-2.114055	7.658667	-0.059341194567807204	0.10471975511965978	0.18675022996339324	-0.5486	-0.1437	-1.0788
1976.0000000000002	6.460866	-1.804059	7.924518	-0.0715584993317675	0.08552113334772216	0.21991148575128552	-0.5421	-0.1483	-1.0831
1977.0	6.464790000000001	-1.6637760000000001	7.9922070000000005	-0.0017453292519943296	0.0890117918517108	0.15009831567151233	-0.5357	-0.1513	-1.0865
1978.0	6.674724	-0.558189	7.750881000000001	0.08552113334772216	0.09773843811168245	0.024434609527920613	-0.5308	-0.1546	-1.0889
1979.0	6.681591000000001	-0.229554	7.692021	0.2059488517353309	0.11693705988362008	-0.12566370614359174	-0.5264	-0.1577	-1.09
1980.0	6.673743000000001	-0.334521	7.658667	0.2059488517353309	0.11693705988362008	-0.12566370614359174	-0.5234	-0.16	-1.0907
1980.9999999999998	6.695325	-0.5856570000000001	7.477182	0.2059488517353309	0.11693705988362008	-0.12566370614359174	-0.5207	-0.1615	-1.0912
1982.0	6.705135	-1.002582	7.293735000000001	0.35779249665883756	0.13264502315156904	-0.3159045946109737	-0.5187	-0.1632	-1.0931
1982.9999999999998	6.723774000000001	-1.473462	7.15149	0.3543018381548489	0.1064650843716541	-0.3036872898470133	-0.5169	-0.1651	-1.0934
1984.0	6.740451000000001	-1.6765290000000002	7.049466000000001	0.3385938748868999	0.0715584993317675	-0.2617993877991494	-0.5152	-0.1665	-1.0933
1985.0000000000002	6.737508	-1.72656	7.003359000000001	0.3141592653589793	0.06283185307179587	-0.22514747350726852	-0.5143	-0.1697	-1.0923
1986.0	6.726717	-1.6510230000000001	7.000416	0.29670597283903605	0.041887902047863905	-0.19896753472735357	-0.5127	-0.1731	-1.0916
1987.0	6.716907	-1.4871960000000002	7.022979	0.28099800957108706	0.054105206811824215	-0.16057029118347832	-0.5115	-0.1769	-1.0902
1988.0	6.712983	-1.227231	7.0465230000000005	0.2426007660272118	0.054105206811824215	-0.14486232791552936	-0.5103	-0.1809	-1.0903
1989.0	6.7080779999999995	-0.943722	7.07301	0.1832595714594046	0.04537856055185257	-0.09948376736367678	-0.5097	-0.1852	-1.09
1989.9999999999998	6.704154000000001	-0.6847380000000001	7.103421	0.1466076571675237	0.04537856055185257	-0.06806784082777885	-0.5091	-0.1898	-1.0901
1991.0	6.7031730000000005	-0.438507	7.1328510000000005	0.13264502315156904	0.041887902047863905	-0.04537856055185257	-0.5083	-0.1943	-1.0899
1992.0000000000002	6.723774000000001	-0.349236	7.126965000000001	0.12217304763960307	0.05585053606381855	-0.048869219055841226	-0.5079	-0.1975	-1.0881
1993.0	6.737508	-0.315882	7.109307	0.09948376736367678	0.05759586531581287	-0.04014257279586958	-0.5076	-0.2007	-1.0871
1994.0000000000002	6.740451000000001	-0.327654	7.100478000000001	0.09599310885968812	0.054105206811824215	-0.038397243543875255	-0.5071	-0.2035	-1.0867
1995.0	6.7414320000000005	-0.33059700000000003	7.096554000000001	0.08028514559173916	0.06632251157578452	-0.019198621771937627	-0.5069	-0.2052	-1.0869
1996.0	6.7384889999999995	-0.32471099999999997	7.106364000000001	0.0645771823237902	0.041887902047863905	-0.020943951023931952	-0.5068	-0.2067	-1.0871
1997.0	6.734565	-0.32569200000000004	7.118136000000001	0.054105206811824215	0.048869219055841226	0.006981317007977318	-0.5065	-0.2086	-1.0872
1998.0	6.732603	-0.35904600000000003	7.133832	0.054105206811824215	0.041887902047863905	0.0	-0.506	-0.2094	-1.0872
1998.9999999999998	6.731622000000001	-0.39534300000000006	7.147566	0.054105206811824215	0.041887902047863905	0.0	-0.5056	-0.2099	-1.0875
2000.0	6.732603	-0.413001	7.162281	0.05235987755982989	0.020943951023931952	0.003490658503988659	-0.5053	-0.2107	-1.0874
2001.0000000000002	6.728679	-0.42084900000000003	7.173072	0.05585053606381855	0.020943951023931952	0.0017453292519943296	-0.5052	-0.2114	-1.0879
2002.0	6.721812000000001	-0.43262100000000003	7.184844000000001	0.04014257279586958	0.006981317007977318	-0.006981317007977318	-0.5048	-0.212	-1.0878
