PacketCounter	Acc_X	Acc_Y	Acc_Z	Gyr_X	Gyr_Y	Gyr_Z	Mag_X	Mag_Y	Mag_Z
0.0	5.631921000000001	-1.7991540000000001	7.833285	-0.005235987755982988	0.012217304763960306	0.017453292519943295	-0.6217	0.282	-1.0223
1.0	5.628978	-1.8099450000000001	7.802874	-0.008726646259971648	0.017453292519943295	0.013962634015954637	-0.6227	0.2806	-1.0466
2.0	5.629959	-1.800135	7.817589000000001	-0.0017453292519943296	0.012217304763960306	0.006981317007977318	-0.6254	0.2822	-1.0339
3.0	5.635845000000001	-1.7962110000000002	7.816608	-0.017453292519943295	0.015707963267948967	0.017453292519943295	-0.6253	0.2821	-1.0429
4.0	5.6329020000000005	-1.788363	7.812684	-0.008726646259971648	0.020943951023931952	0.024434609527920613	-0.6243	0.2813	-1.0345
5.0	5.633883000000001	-1.793268	7.8117030000000005	-0.0	0.006981317007977318	0.005235987755982988	-0.625	0.2813	-1.0299
6.0	5.631921000000001	-1.784439	7.814646	-0.012217304763960306	0.012217304763960306	0.017453292519943295	-0.6249	0.2814	-1.0281
7.000000000000001	5.628978	-1.793268	7.809741000000001	-0.008726646259971648	0.019198621771937627	0.020943951023931952	-0.6256	0.2822	-1.0265
8.0	5.631921000000001	-1.793268	7.809741000000001	-0.005235987755982988	0.008726646259971648	0.010471975511965976	-0.625	0.2819	-1.0257
9.0	5.63094	-1.7913060000000003	7.812684	-0.013962634015954637	0.015707963267948967	0.019198621771937627	-0.6252	0.2819	-1.0256
10.0	5.628978	-1.790325	7.8117030000000005	0.0017453292519943296	0.003490658503988659	0.012217304763960306	-0.625	0.282	-1.025
11.0	5.629959	-1.784439	7.815627	-0.008726646259971648	0.015707963267948967	0.010471975511965976	-0.6255	0.2827	-1.0227
12.0	5.628978	-1.789344	7.810722	-0.013962634015954637	0.008726646259971648	0.017453292519943295	-0.6248	0.2824	-1.0229
13.0	5.626035000000001	-1.789344	7.810722	0.0017453292519943296	0.006981317007977318	0.013962634015954637	-0.6246	0.2824	-1.0188
14.000000000000002	5.625054	-1.789344	7.8117030000000005	-0.019198621771937627	0.012217304763960306	0.026179938779914945	-0.6247	0.283	-1.0196
15.0	5.624073000000001	-1.787382	7.809741000000001	-0.0	0.006981317007977318	0.005235987755982988	-0.6246	0.2831	-1.0204
16.0	5.627016	-1.7942490000000002	7.804836	-0.006981317007977318	0.015707963267948967	0.017453292519943295	-0.6245	0.2828	-1.0205
17.0	5.628978	-1.788363	7.805817	-0.010471975511965976	0.027925268031909273	0.010471975511965976	-0.6239	0.2823	-1.0206
18.0	5.627997000000001	-1.790325	7.806798	-0.0017453292519943296	0.005235987755982988	0.006981317007977318	-0.6239	0.2825	-1.0201
19.0	5.629959	-1.790325	7.803855	-0.015707963267948967	0.008726646259971648	0.010471975511965976	-0.6235	0.2827	-1.0198
20.0	5.63094	-1.79523	7.803855	-0.003490658503988659	0.020943951023931952	0.013962634015954637	-0.6236	0.2825	-1.0194
21.0	5.629959	-1.800135	7.802874	-0.0	0.012217304763960306	0.006981317007977318	-0.623	0.2821	-1.0187
22.0	5.628978	-1.798173	7.805817	-0.010471975511965976	0.012217304763960306	0.012217304763960306	-0.6234	0.2818	-1.018
23.0	5.631921000000001	-1.7942490000000002	7.802874	-0.0017453292519943296	0.005235987755982988	0.010471975511965976	-0.6238	0.2819	-1.0181
24.0	5.629959	-1.7942490000000002	7.806798	-0.006981317007977318	0.006981317007977318	0.008726646259971648	-0.6238	0.2815	-1.018
25.0	5.63094	-1.7962110000000002	7.80876	-0.008726646259971648	0.012217304763960306	0.013962634015954637	-0.6235	0.281	-1.0182
26.0	5.63094	-1.7922870000000002	7.80876	0.013962634015954637	0.0	0.003490658503988659	-0.6234	0.2809	-1.0182
27.0	5.63094	-1.789344	7.807779000000001	-0.003490658503988659	0.003490658503988659	0.005235987755982988	-0.6231	0.2812	-1.0183
28.000000000000004	5.627997000000001	-1.788363	7.80876	0.0017453292519943296	0.024434609527920613	0.019198621771937627	-0.6229	0.2813	-1.0185
28.999999999999996	5.627997000000001	-1.79523	7.807779000000001	0.0017453292519943296	0.0017453292519943296	0.012217304763960306	-0.6222	0.281	-1.0158
30.0	5.63094	-1.789344	7.806798	-0.005235987755982988	0.012217304763960306	0.012217304763960306	-0.6212	0.2809	-1.0118
31.0	5.631921000000001	-1.787382	7.80876	0.013962634015954637	0.006981317007977318	0.012217304763960306	-0.621	0.2809	-1.006
32.0	5.633883000000001	-1.784439	7.80876	0.005235987755982988	0.015707963267948967	0.012217304763960306	-0.6203	0.281	-0.9985
33.0	5.63094	-1.783458	7.814646	-0.006981317007977318	0.03316125578789226	0.006981317007977318	-0.6202	0.2807	-0.9905
34.0	5.635845000000001	-1.788363	7.809741000000001	0.0017453292519943296	0.010471975511965976	0.010471975511965976	-0.6202	0.2805	-0.9852
35.0	5.631921000000001	-1.784439	7.809741000000001	-0.003490658503988659	0.027925268031909273	0.024434609527920613	-0.6201	0.2809	-0.9813
36.0	5.628978	-1.783458	7.813665	-0.005235987755982988	0.020943951023931952	0.017453292519943295	-0.6202	0.281	-0.98
37.0	5.628978	-1.78542	7.814646	-0.015707963267948967	0.017453292519943295	0.019198621771937627	-0.6202	0.2806	-0.9811
38.0	5.627997000000001	-1.7864010000000001	7.812684	-0.0017453292519943296	0.006981317007977318	0.015707963267948967	-0.6208	0.2808	-0.9824
39.0	5.625054	-1.778553	7.816608	0.005235987755982988	0.015707963267948967	0.012217304763960306	-0.6214	0.281	-0.9859
40.0	5.622111000000001	-1.7864010000000001	7.814646	-0.012217304763960306	0.020943951023931952	0.022689280275926284	-0.6228	0.2814	-0.9912
41.0	5.622111000000001	-1.7864010000000001	7.812684	-0.0017453292519943296	0.015707963267948967	0.006981317007977318	-0.623	0.2813	-0.9982
42.0	5.619168	-1.78542	7.813665	-0.0017453292519943296	0.022689280275926284	0.003490658503988659	-0.6232	0.2815	-1.0069
43.0	5.619168	-1.788363	7.80876	0.0017453292519943296	0.012217304763960306	0.017453292519943295	-0.6226	0.282	-1.0155
44.0	5.616225	-1.789344	7.809741000000001	-0.0	0.020943951023931952	0.012217304763960306	-0.6225	0.2822	-1.02
45.0	5.620149	-1.788363	7.807779000000001	0.012217304763960306	0.008726646259971648	0.010471975511965976	-0.6225	0.2821	-1.0203
46.0	5.618187	-1.790325	7.804836	-0.013962634015954637	0.027925268031909273	0.006981317007977318	-0.6221	0.2824	-1.0171
47.0	5.614263	-1.7962110000000002	7.807779000000001	0.0017453292519943296	0.006981317007977318	0.010471975511965976	-0.622	0.2824	-1.0095
48.0	5.612301	-1.79523	7.812684	-0.003490658503988659	0.024434609527920613	0.012217304763960306	-0.6218	0.2821	-1.0022
49.0	5.609358	-1.800135	7.8117030000000005	-0.003490658503988659	0.015707963267948967	0.003490658503988659	-0.622	0.2819	-0.9964
50.0	5.608377	-1.7962110000000002	7.813665	0.006981317007977318	0.006981317007977318	0.005235987755982988	-0.6213	0.2817	-0.9928
51.0	5.606415	-1.798173	7.810722	-0.005235987755982988	0.024434609527920613	0.003490658503988659	-0.6217	0.2817	-0.9908
52.0	5.603472000000001	-1.7942490000000002	7.810722	0.0017453292519943296	0.006981317007977318	0.006981317007977318	-0.6227	0.2815	-0.9909
53.0	5.605434000000001	-1.7971920000000001	7.807779000000001	-0.0	0.020943951023931952	0.006981317007977318	-0.623	0.2811	-0.9924
54.0	5.605434000000001	-1.8011160000000002	7.8117030000000005	-0.0	-0.003490658503988659	0.0	-0.6238	0.2815	-0.9957
55.00000000000001	5.6024910000000006	-1.793268	7.815627	-0.0017453292519943296	0.012217304763960306	0.005235987755982988	-0.6243	0.2817	-1.0006
56.00000000000001	5.6024910000000006	-1.7962110000000002	7.818570000000001	0.003490658503988659	0.006981317007977318	0.010471975511965976	-0.625	0.281	-1.0076
56.99999999999999	5.605434000000001	-1.7864010000000001	7.819551000000001	-0.0	0.006981317007977318	0.0017453292519943296	-0.6262	0.2805	-1.0127
57.99999999999999	5.608377	-1.7913060000000003	7.817589000000001	-0.0	0.012217304763960306	0.0	-0.6269	0.2809	-1.0201
59.0	5.608377	-1.7864010000000001	7.816608	-0.003490658503988659	0.017453292519943295	0.019198621771937627	-0.6268	0.2806	-1.0288
60.0	5.609358	-1.783458	7.816608	-0.0017453292519943296	0.015707963267948967	0.006981317007977318	-0.6275	0.2808	-1.0331
61.0	5.610339	-1.7814960000000002	7.822494000000001	0.0017453292519943296	0.012217304763960306	0.003490658503988659	-0.6273	0.2804	-1.0359
62.0	5.61132	-1.7864010000000001	7.819551000000001	-0.006981317007977318	0.024434609527920613	0.017453292519943295	-0.6273	0.2805	-1.0382
63.0	5.610339	-1.7864010000000001	7.8244560000000005	-0.0017453292519943296	0.015707963267948967	0.012217304763960306	-0.6272	0.2805	-1.0368
64.0	5.608377	-1.7775720000000002	7.820532000000001	0.0017453292519943296	0.012217304763960306	0.015707963267948967	-0.6267	0.2804	-1.0369
65.0	5.6073960000000005	-1.789344	7.823475	-0.0	0.017453292519943295	0.005235987755982988	-0.626	0.2804	-1.0373
66.0	5.606415	-1.78542	7.825437	-0.0017453292519943296	0.006981317007977318	0.0	-0.6259	0.2811	-1.0364
67.0	5.6073960000000005	-1.7864010000000001	7.825437	-0.008726646259971648	0.020943951023931952	0.012217304763960306	-0.6247	0.2813	-1.0394
68.0	5.608377	-1.7795340000000002	7.826418	0.008726646259971648	0.012217304763960306	0.003490658503988659	-0.6241	0.2811	-1.0401
69.0	5.608377	-1.778553	7.825437	-0.013962634015954637	0.015707963267948967	0.012217304763960306	-0.6247	0.2812	-1.0369
70.0	5.610339	-1.778553	7.827399000000001	0.0017453292519943296	0.012217304763960306	0.012217304763960306	-0.6247	0.2811	-1.037
71.0	5.606415	-1.773648	7.8244560000000005	-0.0	0.026179938779914945	0.019198621771937627	-0.6256	0.281	-1.0363
72.0	5.6073960000000005	-1.773648	7.825437	0.006981317007977318	0.006981317007977318	0.012217304763960306	-0.6255	0.281	-1.0352
73.0	5.604453	-1.772667	7.8244560000000005	-0.006981317007977318	0.003490658503988659	0.015707963267948967	-0.6256	0.2807	-1.0336
74.0	5.6073960000000005	-1.7746290000000002	7.8293610000000005	-0.015707963267948967	0.012217304763960306	0.015707963267948967	-0.6263	0.2799	-1.0323
75.0	5.61132	-1.7648190000000001	7.825437	0.008726646259971648	0.006981317007977318	0.0017453292519943296	-0.6266	0.2797	-1.0292
76.0	5.613282000000001	-1.7648190000000001	7.8244560000000005	-0.005235987755982988	0.015707963267948967	0.013962634015954637	-0.6271	0.2799	-1.0305
77.0	5.612301	-1.769724	7.823475	-0.0017453292519943296	0.006981317007977318	0.015707963267948967	-0.6275	0.2804	-1.0304
78.0	5.61132	-1.770705	7.821513	-0.013962634015954637	0.020943951023931952	0.024434609527920613	-0.6278	0.2799	-1.031
79.0	5.61132	-1.769724	7.826418	0.005235987755982988	0.003490658503988659	0.012217304763960306	-0.6269	0.2802	-1.0336
80.0	5.61132	-1.767762	7.826418	-0.017453292519943295	0.012217304763960306	0.03665191429188092	-0.6263	0.28	-1.0318
81.0	5.613282000000001	-1.772667	7.831323	-0.0	0.017453292519943295	0.015707963267948967	-0.6253	0.2805	-1.0316
82.0	5.614263	-1.7756100000000001	7.830342000000001	0.015707963267948967	0.006981317007977318	0.013962634015954637	-0.6242	0.2801	-1.03
83.0	5.617206	-1.7746290000000002	7.831323	-0.006981317007977318	0.017453292519943295	0.015707963267948967	-0.6244	0.2806	-1.0317
84.0	5.617206	-1.7756100000000001	7.825437	0.0017453292519943296	0.012217304763960306	0.015707963267948967	-0.6236	0.2808	-1.0306
85.0	5.615244000000001	-1.780515	7.825437	-0.012217304763960306	0.013962634015954637	0.012217304763960306	-0.6239	0.2809	-1.0327
86.0	5.612301	-1.7765910000000003	7.825437	0.008726646259971648	0.010471975511965976	0.012217304763960306	-0.6229	0.2806	-1.0302
87.0	5.615244000000001	-1.7775720000000002	7.822494000000001	-0.015707963267948967	0.015707963267948967	0.012217304763960306	-0.623	0.2806	-1.0298
88.0	5.612301	-1.7775720000000002	7.8244560000000005	-0.0017453292519943296	0.012217304763960306	0.006981317007977318	-0.6227	0.2803	-1.0279
89.0	5.61132	-1.7765910000000003	7.820532000000001	-0.0017453292519943296	0.013962634015954637	0.017453292519943295	-0.6236	0.2802	-1.0246
90.0	5.61132	-1.778553	7.821513	-0.010471975511965976	0.010471975511965976	0.012217304763960306	-0.6236	0.2803	-1.0254
91.0	5.612301	-1.778553	7.818570000000001	0.0017453292519943296	0.017453292519943295	0.008726646259971648	-0.6239	0.2809	-1.0253
92.0	5.61132	-1.7765910000000003	7.821513	-0.005235987755982988	0.012217304763960306	0.008726646259971648	-0.6241	0.2815	-1.0254
93.0	5.608377	-1.7775720000000002	7.822494000000001	0.005235987755982988	-0.012217304763960306	0.005235987755982988	-0.6248	0.2818	-1.0251
94.0	5.6073960000000005	-1.7775720000000002	7.8244560000000005	-0.017453292519943295	0.012217304763960306	0.015707963267948967	-0.6246	0.282	-1.0256
95.0	5.605434000000001	-1.7775720000000002	7.825437	-0.0017453292519943296	0.003490658503988659	0.012217304763960306	-0.6246	0.2822	-1.0254
96.0	5.606415	-1.780515	7.822494000000001	-0.005235987755982988	0.010471975511965976	0.015707963267948967	-0.6254	0.2818	-1.0256
97.0	5.605434000000001	-1.780515	7.826418	0.0017453292519943296	0.008726646259971648	0.006981317007977318	-0.6254	0.2817	-1.0252
98.0	5.605434000000001	-1.7814960000000002	7.823475	-0.005235987755982988	0.005235987755982988	0.012217304763960306	-0.6254	0.282	-1.0255
99.0	5.6073960000000005	-1.783458	7.826418	-0.0	0.0	0.015707963267948967	-0.6253	0.2824	-1.0254
100.0	5.608377	-1.78542	7.822494000000001	-0.008726646259971648	0.012217304763960306	0.012217304763960306	-0.6251	0.2823	-1.0251
101.0	5.60151	-1.7775720000000002	7.826418	-0.013962634015954637	0.003490658503988659	0.015707963267948967	-0.6254	0.282	-1.0249
102.0	5.603472000000001	-1.788363	7.826418	0.008726646259971648	-0.003490658503988659	0.003490658503988659	-0.6256	0.2819	-1.0249
103.0	5.6073960000000005	-1.787382	7.823475	-0.013962634015954637	0.015707963267948967	0.008726646259971648	-0.6245	0.2818	-1.0249
104.0	5.608377	-1.788363	7.8244560000000005	-0.0	0.003490658503988659	0.008726646259971648	-0.6245	0.2817	-1.0247
105.0	5.606415	-1.782477	7.826418	0.003490658503988659	0.003490658503988659	-0.0017453292519943296	-0.6242	0.2817	-1.0227
106.0	5.6073960000000005	-1.787382	7.828380000000001	0.005235987755982988	0.012217304763960306	0.006981317007977318	-0.6232	0.282	-1.0186
107.0	5.604453	-1.7795340000000002	7.828380000000001	-0.005235987755982988	0.024434609527920613	0.010471975511965976	-0.6228	0.2825	-1.0132
108.0	5.605434000000001	-1.784439	7.828380000000001	-0.0	0.012217304763960306	0.013962634015954637	-0.6225	0.2822	-1.0058
109.00000000000001	5.606415	-1.782477	7.826418	-0.0017453292519943296	0.013962634015954637	0.012217304763960306	-0.622	0.2819	-0.9986
110.00000000000001	5.600529	-1.7775720000000002	7.832304000000001	0.006981317007977318	0.006981317007977318	0.012217304763960306	-0.6225	0.2817	-0.9915
111.00000000000001	5.609358	-1.788363	7.8293610000000005	-0.0017453292519943296	0.024434609527920613	0.010471975511965976	-0.6225	0.2817	-0.9867
112.00000000000001	5.606415	-1.778553	7.825437	0.0017453292519943296	-0.003490658503988659	0.006981317007977318	-0.6228	0.2816	-0.9836
112.99999999999999	5.603472000000001	-1.770705	7.8293610000000005	-0.0017453292519943296	0.0	0.012217304763960306	-0.6233	0.2816	-0.9832
113.99999999999999	5.60151	-1.769724	7.830342000000001	-0.0017453292519943296	0.0	0.012217304763960306	-0.6237	0.2818	-0.9845
114.99999999999999	5.606415	-1.778553	7.830342000000001	0.0017453292519943296	0.0017453292519943296	0.012217304763960306	-0.624	0.282	-0.9878
115.99999999999999	5.6073960000000005	-1.769724	7.8293610000000005	-0.017453292519943295	0.0	0.017453292519943295	-0.6246	0.2819	-0.992
117.0	5.613282000000001	-1.783458	7.8244560000000005	-0.008726646259971648	0.0	0.012217304763960306	-0.6257	0.2813	-0.9983
118.0	5.615244000000001	-1.772667	7.821513	-0.008726646259971648	0.013962634015954637	0.012217304763960306	-0.6259	0.2813	-1.0065
119.0	5.616225	-1.7756100000000001	7.823475	0.006981317007977318	-0.003490658503988659	0.012217304763960306	-0.6261	0.2817	-1.0148
120.0	5.625054	-1.7765910000000003	7.817589000000001	-0.0017453292519943296	0.012217304763960306	0.024434609527920613	-0.6256	0.2817	-1.022
121.0	5.623092000000001	-1.778553	7.813665	0.006981317007977318	0.010471975511965976	0.010471975511965976	-0.6255	0.281	-1.0257
122.0	5.623092000000001	-1.771686	7.813665	-0.0017453292519943296	0.0	0.003490658503988659	-0.6255	0.2812	-1.0256
123.0	5.626035000000001	-1.773648	7.814646	0.0017453292519943296	0.013962634015954637	0.017453292519943295	-0.6255	0.281	-1.0214
124.0	5.6329020000000005	-1.7765910000000003	7.809741000000001	-0.013962634015954637	0.024434609527920613	0.008726646259971648	-0.6255	0.2809	-1.0136
125.0	5.6329020000000005	-1.771686	7.80876	0.010471975511965976	0.0	0.006981317007977318	-0.6257	0.2802	-1.0055
126.0	5.631921000000001	-1.7746290000000002	7.807779000000001	-0.003490658503988659	0.015707963267948967	0.015707963267948967	-0.6259	0.2799	-1.0
127.0	5.63094	-1.769724	7.80876	-0.0017453292519943296	0.012217304763960306	0.0	-0.6258	0.2798	-0.9961
128.0	5.629959	-1.771686	7.8117030000000005	-0.012217304763960306	0.003490658503988659	0.024434609527920613	-0.6261	0.2801	-0.9941
129.0	5.631921000000001	-1.7628570000000001	7.80876	-0.003490658503988659	0.012217304763960306	0.019198621771937627	-0.6259	0.2799	-0.9945
130.0	5.628978	-1.7658	7.807779000000001	-0.012217304763960306	0.010471975511965976	0.015707963267948967	-0.6266	0.2801	-0.9965
131.0	5.63094	-1.763838	7.812684	-0.0	0.006981317007977318	0.003490658503988659	-0.6273	0.2803	-0.9991
132.0	5.63094	-1.770705	7.813665	-0.006981317007977318	0.024434609527920613	0.015707963267948967	-0.6281	0.2803	-1.0041
133.0	5.63094	-1.7756100000000001	7.809741000000001	0.013962634015954637	0.006981317007977318	0.010471975511965976	-0.6288	0.2801	-1.0094
134.0	5.628978	-1.768743	7.813665	-0.006981317007977318	0.010471975511965976	0.013962634015954637	-0.629	0.2803	-1.0177
135.0	5.627997000000001	-1.7746290000000002	7.813665	0.008726646259971648	-0.006981317007977318	0.015707963267948967	-0.6298	0.2806	-1.0245
136.0	5.629959	-1.778553	7.8117030000000005	-0.005235987755982988	0.027925268031909273	0.017453292519943295	-0.6291	0.2805	-1.0299
137.0	5.627997000000001	-1.771686	7.818570000000001	-0.0	0.013962634015954637	0.012217304763960306	-0.629	0.2806	-1.0334
138.0	5.625054	-1.780515	7.815627	-0.0017453292519943296	0.0	0.012217304763960306	-0.6296	0.2805	-1.0357
139.0	5.620149	-1.8011160000000002	7.813665	-0.003490658503988659	0.008726646259971648	-0.003490658503988659	-0.6301	0.2799	-1.0344
140.0	5.622111000000001	-1.7922870000000002	7.819551000000001	0.008726646259971648	0.012217304763960306	0.0017453292519943296	-0.6297	0.2799	-1.0336
141.0	5.62113	-1.78542	7.810722	-0.005235987755982988	0.003490658503988659	0.010471975511965976	-0.6292	0.28	-1.0342
142.0	5.623092000000001	-1.793268	7.809741000000001	0.006981317007977318	0.0	0.006981317007977318	-0.629	0.2801	-1.0337
143.0	5.623092000000001	-1.800135	7.807779000000001	0.006981317007977318	0.012217304763960306	0.003490658503988659	-0.6281	0.2797	-1.0337
144.0	5.625054	-1.79523	7.807779000000001	0.013962634015954637	-0.006981317007977318	-0.0017453292519943296	-0.6284	0.2798	-1.0329
145.0	5.625054	-1.782477	7.806798	-0.0	0.015707963267948967	0.0017453292519943296	-0.6273	0.2799	-1.0339
146.0	5.627016	-1.7746290000000002	7.810722	0.013962634015954637	0.0	0.005235987755982988	-0.6285	0.2805	-1.0346
147.0	5.63094	-1.7795340000000002	7.802874	-0.005235987755982988	0.019198621771937627	0.012217304763960306	-0.6289	0.2802	-1.0349
148.0	5.633883000000001	-1.770705	7.803855	0.017453292519943295	0.0	0.0017453292519943296	-0.6293	0.2803	-1.0356
149.0	5.64075	-1.74618	7.807779000000001	-0.010471975511965976	0.015707963267948967	0.008726646259971648	-0.6304	0.2806	-1.0363
150.0	5.641731	-1.7451990000000002	7.803855	-0.003490658503988659	0.020943951023931952	0.003490658503988659	-0.6319	0.2807	-1.0367
151.0	5.642712	-1.74618	7.806798	-0.003490658503988659	0.013962634015954637	0.010471975511965976	-0.6321	0.2803	-1.0372
152.0	5.644674	-1.7285220000000001	7.809741000000001	-0.008726646259971648	0.006981317007977318	0.019198621771937627	-0.6322	0.2796	-1.0385
153.0	5.6456550000000005	-1.718712	7.812684	-0.006981317007977318	0.006981317007977318	0.012217304763960306	-0.6321	0.2797	-1.0385
154.0	5.643693000000001	-1.718712	7.809741000000001	-0.008726646259971648	0.012217304763960306	0.017453292519943295	-0.6323	0.2792	-1.0392
155.0	5.641731	-1.722636	7.813665	-0.006981317007977318	0.013962634015954637	0.024434609527920613	-0.6333	0.2791	-1.0379
156.0	5.638788	-1.735389	7.805817	-0.020943951023931952	0.012217304763960306	0.015707963267948967	-0.6324	0.2787	-1.036
157.0	5.636826	-1.7324460000000002	7.809741000000001	-0.005235987755982988	-0.003490658503988659	0.006981317007977318	-0.6319	0.2787	-1.0357
158.0	5.635845000000001	-1.7451990000000002	7.80876	-0.0017453292519943296	0.012217304763960306	0.012217304763960306	-0.6317	0.2783	-1.0337
159.0	5.633883000000001	-1.74618	7.809741000000001	0.005235987755982988	0.013962634015954637	0.015707963267948967	-0.6303	0.2781	-1.033
160.0	5.629959	-1.7648190000000001	7.810722	-0.008726646259971648	0.020943951023931952	0.015707963267948967	-0.629	0.2778	-1.0314
161.0	5.629959	-1.770705	7.8117030000000005	0.0017453292519943296	0.006981317007977318	0.008726646259971648	-0.6291	0.278	-1.0291
162.0	5.627997000000001	-1.780515	7.807779000000001	0.013962634015954637	0.006981317007977318	0.0	-0.6284	0.2785	-1.0263
163.0	5.626035000000001	-1.783458	7.805817	0.008726646259971648	0.005235987755982988	0.006981317007977318	-0.6284	0.2785	-1.0257
164.0	5.624073000000001	-1.783458	7.8117030000000005	0.008726646259971648	0.006981317007977318	0.019198621771937627	-0.6276	0.2783	-1.0241
165.0	5.625054	-1.787382	7.805817	-0.0	0.015707963267948967	0.012217304763960306	-0.6278	0.278	-1.0243
166.0	5.627016	-1.782477	7.813665	0.003490658503988659	0.005235987755982988	0.0	-0.6278	0.278	-1.0251
167.0	5.628978	-1.793268	7.814646	-0.003490658503988659	0.012217304763960306	0.010471975511965976	-0.6278	0.278	-1.0245
168.0	5.63094	-1.784439	7.815627	0.008726646259971648	0.019198621771937627	-0.005235987755982988	-0.6275	0.2781	-1.0245
169.0	5.633883000000001	-1.798173	7.8117030000000005	-0.0	0.026179938779914945	-0.003490658503988659	-0.6284	0.2781	-1.0247
170.0	5.633883000000001	-1.798173	7.812684	0.017453292519943295	-0.0017453292519943296	-0.006981317007977318	-0.6284	0.2778	-1.0249
171.0	5.634864	-1.8089640000000002	7.812684	0.006981317007977318	0.012217304763960306	-0.006981317007977318	-0.6287	0.2778	-1.0248
172.0	5.636826	-1.8079830000000001	7.819551000000001	0.017453292519943295	0.008726646259971648	-0.012217304763960306	-0.6287	0.2776	-1.0249
173.0	5.6378070000000005	-1.8099450000000001	7.819551000000001	0.013962634015954637	0.012217304763960306	-0.005235987755982988	-0.629	0.2777	-1.0248
174.0	5.641731	-1.804059	7.819551000000001	0.008726646259971648	0.020943951023931952	-0.003490658503988659	-0.629	0.2773	-1.0248
175.0	5.639769	-1.802097	7.822494000000001	0.020943951023931952	-0.003490658503988659	-0.015707963267948967	-0.6289	0.2768	-1.0249
176.0	5.6378070000000005	-1.793268	7.825437	0.013962634015954637	0.0	-0.006981317007977318	-0.6285	0.2769	-1.0248
177.0	5.633883000000001	-1.78542	7.8293610000000005	-0.005235987755982988	0.010471975511965976	-0.003490658503988659	-0.6285	0.2771	-1.0249
178.0	5.634864	-1.782477	7.832304000000001	0.003490658503988659	0.006981317007977318	-0.012217304763960306	-0.6277	0.2767	-1.025
179.0	5.6329020000000005	-1.78542	7.840152000000001	0.005235987755982988	-0.020943951023931952	-0.0017453292519943296	-0.627	0.2767	-1.0248
180.0	5.643693000000001	-1.7795340000000002	7.8421140000000005	-0.003490658503988659	-0.029670597283903602	-0.008726646259971648	-0.6269	0.2763	-1.0242
181.0	5.634864	-1.783458	7.848981000000001	-0.038397243543875255	-0.020943951023931952	-0.054105206811824215	-0.6267	0.2759	-1.0214
182.0	5.623092000000001	-1.8609570000000002	7.843095	-0.038397243543875255	-0.019198621771937627	-0.059341194567807204	-0.6267	0.2756	-1.0171
183.0	5.62113	-1.8580140000000003	7.858791000000001	-0.010471975511965976	-0.041887902047863905	-0.08377580409572781	-0.6269	0.2747	-1.0108
184.0	5.624073000000001	-1.9227600000000002	7.845057	-0.10297442586766545	-0.038397243543875255	-0.14486232791552936	-0.6271	0.2741	-1.0028
185.0	5.63094	-1.999278	7.832304000000001	-0.1710422666954443	-0.017453292519943295	-0.2565634000431664	-0.6269	0.2737	-0.9948
186.0	5.651541	-2.0757960000000004	7.809741000000001	-0.291469985083053	-0.003490658503988659	-0.3839724354387525	-0.6276	0.2725	-0.9882
187.0	5.682933	-2.172915	7.764615	-0.4468042885105484	0.041887902047863905	-0.5410520681182421	-0.6277	0.2714	-0.9837
188.0	5.702553000000001	-2.289654	7.721451000000001	-0.5689773361501514	0.09948376736367678	-0.6963863715457375	-0.6282	0.2698	-0.9812
189.0	5.733945	-2.384811	7.665534	-0.62482787221397	0.1291543646475804	-0.757472895365539	-0.6282	0.2677	-0.9808
190.0	5.76828	-2.457405	7.606674	-0.6876597252857658	0.1832595714594046	-0.8587019919812102	-0.6283	0.2664	-0.9825
191.0	5.818311	-2.478987	7.54389	-0.7330382858376184	0.2792526803190927	-0.905825881785057	-0.6274	0.2641	-0.9862
192.0	5.873247	-2.411298	7.497783	-0.7120943348136864	0.33161255787892263	-0.9128071987930343	-0.6267	0.2614	-0.9923
193.0	5.91543	-2.404431	7.444809	-0.6562437987498679	0.3560471674068432	-0.8011061266653973	-0.6251	0.2594	-1.0005
194.0	5.937993	-2.456424	7.414398	-0.4904375198104066	0.30543261909900765	-0.5619960191421741	-0.6233	0.2568	-1.0108
195.0	5.9634990000000005	-2.487816	7.376139	-0.32637657012293964	0.24609142453120045	-0.22863813201125716	-0.6206	0.2545	-1.0215
196.0	5.983119	-2.473101	7.348671	-0.09250245035569947	0.10471975511965978	-0.061086523819801536	-0.618	0.2522	-1.0299
197.0	5.979195000000001	-2.409336	7.355538000000001	0.054105206811824215	0.04537856055185257	0.19896753472735357	-0.6154	0.2502	-1.0343
198.0	5.978214000000001	-2.307312	7.371234	0.1413716694115407	0.0017453292519943296	0.3560471674068432	-0.6133	0.2491	-1.0346
199.0	5.962518	-2.1621240000000004	7.4124360000000005	0.20943951023931956	-0.029670597283903602	0.4276056667386107	-0.6111	0.2488	-1.0309
200.0	5.9173919999999995	-2.02086	7.471296000000001	0.22514747350726852	-0.026179938779914945	0.4363323129985824	-0.6091	0.248	-1.0243
200.99999999999997	5.85657	-1.8580140000000003	7.555662000000001	0.21467549799530256	-0.015707963267948967	0.3944444109507185	-0.6078	0.249	-1.0173
202.0	5.774166	-1.7000730000000002	7.651800000000001	0.1954768762233649	-0.005235987755982988	0.35779249665883756	-0.6068	0.2504	-1.0113
202.99999999999997	5.674104000000001	-1.527417	7.764615	0.1780235837034216	0.003490658503988659	0.23736477827122882	-0.6071	0.252	-1.0074
204.0	5.567175000000001	-1.21644	7.905879	0.13788101090755203	0.03665191429188092	0.1117010721276371	-0.607	0.2545	-1.0043
204.99999999999997	5.425911000000001	-0.907425	8.076573000000002	0.10471975511965978	0.0715584993317675	0.010471975511965976	-0.6075	0.2563	-1.0029
206.0	5.308191000000001	-0.567999	8.242362	0.08377580409572781	0.061086523819801536	-0.05759586531581287	-0.6085	0.2579	-1.0042
206.99999999999997	5.260122	-0.502272	8.293374	-0.013962634015954637	0.022689280275926284	-0.015707963267948967	-0.6096	0.2592	-1.007
208.0	5.247369000000001	-0.5729040000000001	8.301222	0.005235987755982988	0.0471238898038469	-0.015707963267948967	-0.6099	0.2604	-1.0116
209.0	5.219901	-0.622935	8.308089	0.031415926535897934	0.04014257279586958	-0.041887902047863905	-0.6104	0.2607	-1.0186
210.0	5.224806	-0.6611940000000001	8.306127	0.041887902047863905	0.041887902047863905	-0.04014257279586958	-0.6111	0.2612	-1.0265
211.0	5.245407	-0.749484	8.285526	0.022689280275926284	0.05235987755982989	-0.03316125578789226	-0.6109	0.2608	-1.0374
212.0	5.284647	-0.877995	8.2404	-0.008726646259971648	0.06981317007977318	-0.013962634015954637	-0.6104	0.2596	-1.0422
213.0	5.344488	-1.053594	8.168787	-0.0017453292519943296	0.05759586531581287	-0.013962634015954637	-0.6092	0.2587	-1.0459
214.0	5.422968	-1.2645089999999999	8.069706	0.003490658503988659	0.05759586531581287	-0.003490658503988659	-0.6089	0.2576	-1.0517
215.0	5.530878	-1.4626710000000003	7.951986000000001	0.012217304763960306	0.054105206811824215	0.0	-0.608	0.257	-1.0547
216.0	5.597586000000001	-1.748142	7.838190000000001	-0.006981317007977318	0.07330382858376185	-0.0017453292519943296	-0.6071	0.2568	-1.0539
217.0	5.609358	-1.789344	7.827399000000001	0.006981317007977318	0.054105206811824215	-0.012217304763960306	-0.6059	0.2561	-1.0558
218.00000000000003	5.583852	-1.711845	7.853886	0.024434609527920613	0.041887902047863905	-0.019198621771937627	-0.6047	0.2555	-1.056
219.0	5.580909	-1.6961490000000001	7.860753000000001	0.008726646259971648	0.05759586531581287	-0.006981317007977318	-0.6039	0.2554	-1.0562
220.00000000000003	5.568156	-1.703016	7.870563000000001	0.017453292519943295	0.041887902047863905	-0.012217304763960306	-0.6027	0.2553	-1.0562
221.0	5.551479	-1.722636	7.871544	-0.006981317007977318	0.04014257279586958	-0.003490658503988659	-0.6017	0.2544	-1.0534
222.00000000000003	5.540688	-1.7275410000000002	7.876449	0.0017453292519943296	0.041887902047863905	-0.006981317007977318	-0.6014	0.255	-1.0557
223.0	5.5259730000000005	-1.711845	7.882335	-0.012217304763960306	0.03665191429188092	0.013962634015954637	-0.6013	0.2548	-1.0567
224.00000000000003	5.5132200000000005	-1.6784910000000002	7.891164000000001	-0.012217304763960306	0.020943951023931952	0.010471975511965976	-0.6012	0.2547	-1.0538
225.0	5.498505000000001	-1.647099	7.899012000000001	-0.031415926535897934	0.022689280275926284	0.027925268031909273	-0.6016	0.2542	-1.0496
225.99999999999997	5.489676	-1.591182	7.904898	-0.038397243543875255	0.003490658503988659	0.008726646259971648	-0.6024	0.2538	-1.0522
227.0	5.483790000000001	-1.5342840000000002	7.911765	-0.07504915783575616	-0.010471975511965976	0.03665191429188092	-0.6019	0.2541	-1.0498
227.99999999999997	5.482809	-1.505835	7.916670000000001	-0.08203047484373349	-0.03316125578789226	0.03665191429188092	-0.6025	0.2542	-1.0474
229.0	5.486733	-1.496025	7.918632000000001	-0.0942477796076938	-0.026179938779914945	0.03665191429188092	-0.6026	0.2543	-1.0479
229.99999999999997	5.489676	-1.506816	7.916670000000001	-0.08726646259971647	-0.03316125578789226	0.041887902047863905	-0.6025	0.2543	-1.0507
231.0	5.497524	-1.5519420000000002	7.906860000000001	-0.06806784082777885	-0.008726646259971648	0.03490658503988659	-0.6031	0.2549	-1.048
231.99999999999997	5.504391000000001	-1.607859	7.891164000000001	-0.05061454830783556	-0.027925268031909273	0.013962634015954637	-0.6028	0.2552	-1.0446
233.0	5.5132200000000005	-1.6657380000000002	7.882335	-0.020943951023931952	0.0	0.008726646259971648	-0.6022	0.2556	-1.0446
234.0	5.5259730000000005	-1.7147880000000002	7.873506	-0.0	-0.015707963267948967	-0.008726646259971648	-0.602	0.2558	-1.0439
235.0	5.540688	-1.7746290000000002	7.8676200000000005	-0.0017453292519943296	0.003490658503988659	-0.012217304763960306	-0.6017	0.2561	-1.0449
236.0	5.563251000000001	-1.83447	7.856829	-0.024434609527920613	-0.012217304763960306	0.0	-0.6006	0.2561	-1.0412
237.0	5.582871000000001	-1.8658620000000001	7.847019000000001	-0.027925268031909273	0.012217304763960306	-0.0017453292519943296	-0.6012	0.2561	-1.0399
238.0	5.596605	-1.8658620000000001	7.843095	-0.03490658503988659	0.012217304763960306	0.019198621771937627	-0.6012	0.2566	-1.0407
239.0	5.599548	-1.864881	7.845057	-0.0645771823237902	0.006981317007977318	0.03665191429188092	-0.6006	0.2564	-1.0384
240.0	5.605434000000001	-1.861938	7.843095	-0.05759586531581287	-0.006981317007977318	0.03316125578789226	-0.601	0.2568	-1.0344
241.0	5.6073960000000005	-1.819755	7.8548670000000005	-0.06632251157578452	0.0	0.04537856055185257	-0.6008	0.2569	-1.0356
242.0	5.603472000000001	-1.778553	7.863696	-0.061086523819801536	0.0	0.054105206811824215	-0.6012	0.257	-1.0376
243.00000000000003	5.604453	-1.751085	7.865658	-0.059341194567807204	0.003490658503988659	0.04014257279586958	-0.6016	0.2567	-1.0363
244.0	5.60151	-1.741275	7.8676200000000005	-0.031415926535897934	-0.008726646259971648	0.029670597283903602	-0.6014	0.2571	-1.0361
245.00000000000003	5.597586000000001	-1.738332	7.8676200000000005	-0.04014257279586958	0.003490658503988659	0.031415926535897934	-0.6015	0.2573	-1.0356
246.0	5.589738	-1.7569710000000003	7.8676200000000005	-0.012217304763960306	0.0	0.012217304763960306	-0.6018	0.2575	-1.0355
247.00000000000003	5.58189	-1.79523	7.864677	-0.017453292519943295	0.0	0.0017453292519943296	-0.6017	0.2577	-1.0354
248.0	5.582871000000001	-1.837413	7.8548670000000005	0.003490658503988659	-0.0017453292519943296	0.003490658503988659	-0.6013	0.2576	-1.0351
249.00000000000003	5.585814	-1.8737100000000002	7.847019000000001	0.0017453292519943296	0.010471975511965976	0.003490658503988659	-0.6021	0.2582	-1.0347
250.0	5.582871000000001	-1.897254	7.845057	0.027925268031909273	-0.003490658503988659	-0.003490658503988659	-0.6019	0.2581	-1.0344
250.99999999999997	5.585814	-1.9198170000000003	7.840152000000001	0.017453292519943295	0.010471975511965976	-0.015707963267948967	-0.6021	0.2587	-1.0343
252.0	5.586795	-1.915893	7.8421140000000005	0.03490658503988659	-0.012217304763960306	-0.012217304763960306	-0.6019	0.2589	-1.0339
252.99999999999997	5.588757	-1.899216	7.848000000000001	0.020943951023931952	0.003490658503988659	-0.005235987755982988	-0.6019	0.2594	-1.0329
254.0	5.592681000000001	-1.8766530000000001	7.852905000000001	0.003490658503988659	0.008726646259971648	0.003490658503988659	-0.6022	0.2593	-1.032
254.99999999999997	5.592681000000001	-1.849185	7.855848	0.0017453292519943296	-0.019198621771937627	0.0	-0.6022	0.2598	-1.0322
256.0	5.597586000000001	-1.81485	7.857810000000001	-0.020943951023931952	-0.006981317007977318	0.015707963267948967	-0.6018	0.2602	-1.032
257.0	5.599548	-1.7746290000000002	7.863696	-0.005235987755982988	-0.010471975511965976	0.017453292519943295	-0.6023	0.2607	-1.0319
258.0	5.600529	-1.751085	7.869582	-0.03490658503988659	-0.017453292519943295	0.031415926535897934	-0.602	0.2608	-1.0294
259.0	5.600529	-1.7285220000000001	7.870563000000001	-0.03490658503988659	-0.017453292519943295	0.031415926535897934	-0.6012	0.2608	-1.0268
260.0	5.603472000000001	-1.7108640000000002	7.870563000000001	-0.04014257279586958	-0.022689280275926284	0.027925268031909273	-0.6014	0.2614	-1.0204
261.0	5.60151	-1.699092	7.868601000000001	-0.038397243543875255	-0.010471975511965976	0.04537856055185257	-0.6014	0.2615	-1.0126
262.0	5.604453	-1.713807	7.862715000000001	-0.048869219055841226	-0.022689280275926284	0.03316125578789226	-0.6018	0.2615	-1.0044
263.0	5.604453	-1.7304840000000001	7.853886	-0.029670597283903602	-0.019198621771937627	0.027925268031909273	-0.6015	0.2616	-0.9991
264.0	5.605434000000001	-1.750104	7.841133	-0.03316125578789226	-0.012217304763960306	0.027925268031909273	-0.6017	0.2617	-0.9948
265.0	5.61132	-1.763838	7.832304000000001	-0.022689280275926284	-0.010471975511965976	0.019198621771937627	-0.6023	0.2618	-0.9928
266.0	5.612301	-1.780515	7.827399000000001	-0.026179938779914945	-0.006981317007977318	0.019198621771937627	-0.6029	0.2626	-0.9923
267.0	5.615244000000001	-1.8070020000000002	7.814646	-0.005235987755982988	-0.012217304763960306	0.010471975511965976	-0.6035	0.2632	-0.993
268.0	5.618187	-1.8187740000000001	7.80876	-0.008726646259971648	0.003490658503988659	0.022689280275926284	-0.604	0.2635	-0.9963
269.0	5.62113	-1.835451	7.803855	-0.0	0.003490658503988659	0.012217304763960306	-0.6052	0.2639	-0.9998
270.0	5.624073000000001	-1.855071	7.796988	0.017453292519943295	-0.0017453292519943296	0.0	-0.6053	0.2638	-1.0064
271.0	5.625054	-1.8766530000000001	7.791102	0.013962634015954637	-0.0017453292519943296	0.003490658503988659	-0.6053	0.264	-1.0151
272.0	5.626035000000001	-1.881558	7.785216	0.03665191429188092	0.013962634015954637	-0.003490658503988659	-0.6045	0.2637	-1.0237
273.0	5.627997000000001	-1.8884250000000002	7.7812920000000005	0.05235987755982989	0.0	-0.013962634015954637	-0.6052	0.2636	-1.0297
274.0	5.625054	-1.8903870000000003	7.777368	0.059341194567807204	0.012217304763960306	-0.012217304763960306	-0.6044	0.2634	-1.0322
275.0	5.622111000000001	-1.8894060000000001	7.776387	0.0715584993317675	0.006981317007977318	-0.022689280275926284	-0.6042	0.2629	-1.0308
276.0	5.620149	-1.881558	7.777368	0.06806784082777885	0.024434609527920613	-0.012217304763960306	-0.6036	0.2618	-1.0263
277.0	5.619168	-1.85409	7.787178	0.06981317007977318	0.015707963267948967	-0.019198621771937627	-0.6025	0.2611	-1.0185
278.0	5.615244000000001	-1.835451	7.791102	0.05585053606381855	0.017453292519943295	-0.013962634015954637	-0.6026	0.2605	-1.0105
279.0	5.613282000000001	-1.803078	7.7989500000000005	0.054105206811824215	0.006981317007977318	-0.006981317007977318	-0.6021	0.2598	-1.0047
280.0	5.610339	-1.769724	7.804836	0.03665191429188092	0.027925268031909273	0.0	-0.602	0.2594	-1.0014
281.0	5.6073960000000005	-1.731465	7.814646	0.04014257279586958	0.005235987755982988	0.003490658503988659	-0.6023	0.2585	-0.9994
282.0	5.603472000000001	-1.69713	7.825437	0.026179938779914945	0.006981317007977318	0.022689280275926284	-0.6035	0.2581	-0.9991
283.0	5.598567	-1.6765290000000002	7.836228	0.015707963267948967	-0.010471975511965976	0.012217304763960306	-0.6039	0.2575	-1.0006
284.0	5.598567	-1.652004	7.848981000000001	0.020943951023931952	-0.019198621771937627	0.024434609527920613	-0.6051	0.2574	-1.0046
285.0	5.593662000000001	-1.639251	7.855848	0.003490658503988659	-0.003490658503988659	0.019198621771937627	-0.6054	0.2566	-1.0096
286.0	5.595624000000001	-1.630422	7.857810000000001	0.013962634015954637	-0.010471975511965976	0.017453292519943295	-0.6069	0.256	-1.0167
287.0	5.5916999999999994	-1.642194	7.853886	0.008726646259971648	-0.006981317007977318	0.015707963267948967	-0.6088	0.2558	-1.024
288.0	5.592681000000001	-1.6529850000000001	7.853886	0.010471975511965976	-0.019198621771937627	0.022689280275926284	-0.6091	0.2555	-1.0303
289.0	5.593662000000001	-1.673586	7.847019000000001	0.020943951023931952	-0.012217304763960306	0.022689280275926284	-0.6094	0.2548	-1.0371
290.0	5.592681000000001	-1.69713	7.848000000000001	0.026179938779914945	-0.010471975511965976	0.024434609527920613	-0.6099	0.2542	-1.0455
291.0	5.596605	-1.7128260000000002	7.840152000000001	0.026179938779914945	-0.017453292519943295	0.022689280275926284	-0.6104	0.254	-1.0485
292.0	5.6024910000000006	-1.7295030000000002	7.833285	0.026179938779914945	-0.0017453292519943296	0.015707963267948967	-0.6105	0.2541	-1.0509
293.0	5.609358	-1.7255790000000002	7.830342000000001	0.041887902047863905	-0.012217304763960306	0.015707963267948967	-0.6104	0.2537	-1.0511
294.0	5.612301	-1.7285220000000001	7.828380000000001	0.026179938779914945	-0.020943951023931952	0.026179938779914945	-0.6104	0.2534	-1.0514
295.0	5.616225	-1.7196930000000001	7.830342000000001	0.019198621771937627	-0.024434609527920613	0.024434609527920613	-0.6109	0.2542	-1.0491
296.0	5.618187	-1.720674	7.8372090000000005	0.017453292519943295	-0.024434609527920613	0.024434609527920613	-0.6102	0.2543	-1.0475
297.0	5.622111000000001	-1.713807	7.839171	0.005235987755982988	-0.03316125578789226	0.027925268031909273	-0.6089	0.2539	-1.0476
298.0	5.618187	-1.70694	7.8421140000000005	0.008726646259971648	-0.04537856055185257	0.022689280275926284	-0.6094	0.2534	-1.0484
299.0	5.612301	-1.688301	7.853886	-0.010471975511965976	-0.06283185307179587	0.04014257279586958	-0.6102	0.2543	-1.0467
300.0	5.61132	-1.656909	7.866639	-0.017453292519943295	-0.06981317007977318	0.03665191429188092	-0.6103	0.2543	-1.0414
301.0	5.61132	-1.6166880000000001	7.8931260000000005	-0.05061454830783556	-0.07504915783575616	0.05759586531581287	-0.611	0.2545	-1.0395
302.0	5.605434000000001	-1.583334	7.908822000000001	-0.08203047484373349	-0.08726646259971647	0.06981317007977318	-0.612	0.2543	-1.0362
303.0	5.622111000000001	-1.577448	7.920594	-0.08377580409572781	-0.11519173063162574	0.061086523819801536	-0.6138	0.2545	-1.0355
304.0	5.62113	-1.5480180000000001	7.933347	-0.12391837689159739	-0.12042771838760874	0.07504915783575616	-0.615	0.2547	-1.0347
305.0	5.6073960000000005	-1.538208	7.944138	-0.14835298641951802	-0.15707963267948966	0.08028514559173916	-0.6157	0.2551	-1.0348
306.0	5.573061000000001	-1.4950440000000003	8.009865	-0.2007128639793479	-0.23212879051524585	0.0645771823237902	-0.617	0.2559	-1.0334
307.0	5.527935	-1.4970060000000003	8.092269	-0.30194196059501904	-0.28623399732707	0.061086523819801536	-0.6185	0.257	-1.0345
308.0	5.501448	-1.5127020000000002	8.159958	-0.34732052114687156	-0.3839724354387525	0.048869219055841226	-0.6197	0.2587	-1.035
309.0	5.479866	-1.5480180000000001	8.223723000000001	-0.41364303272265607	-0.47298422729046335	0.019198621771937627	-0.6212	0.2603	-1.0314
310.0	5.458284	-1.607859	8.277678	-0.4363323129985824	-0.5899212871740833	-0.017453292519943295	-0.6241	0.2623	-1.0278
311.0	5.436702	-1.6765290000000002	8.327709	-0.4485496177625427	-0.6824237375297829	-0.04014257279586958	-0.6263	0.2648	-1.0233
312.0	5.4092340000000005	-1.754028	8.408151	-0.4188790204786391	-0.8377580409572782	-0.0471238898038469	-0.6293	0.2671	-1.0188
313.0	5.356260000000001	-1.832508	8.507232	-0.3717551306747922	-0.9250245035569946	-0.05585053606381855	-0.6321	0.2692	-1.0113
314.0	5.332716	-1.954152	8.597484	-0.30194196059501904	-1.1135200627723822	-0.08726646259971647	-0.6364	0.2716	-1.0021
315.0	5.321925	-2.0640240000000003	8.686755	-0.26878070480712674	-1.3020156219877697	-0.1308996938995747	-0.642	0.2734	-0.9934
316.0	5.335659000000001	-2.218041	8.724033	-0.2181661564992912	-1.5114551322270893	-0.17278759594743864	-0.6485	0.2747	-0.9839
317.0	5.373918	-2.33478	8.725014	-0.16057029118347832	-1.6999506914424771	-0.2426007660272118	-0.656	0.2762	-0.9697
318.0	5.4013860000000005	-2.41326	8.775045	-0.10471975511965978	-1.9390607989657	-0.30717794835100204	-0.6651	0.2768	-0.9538
319.0	5.403348	-2.508417	8.855487	-0.041887902047863905	-2.241002759560719	-0.4241150082346221	-0.6744	0.2759	-0.9394
320.0	5.390595	-2.6683200000000005	8.952606	0.003490658503988659	-2.4085543677521746	-0.5113814708343386	-0.6851	0.2749	-0.9214
321.0	5.360184	-2.885121	9.076212	0.059341194567807204	-2.761110876655029	-0.7435102613495844	-0.6976	0.2716	-0.901
322.0	5.305248	-3.0930930000000005	9.240039	0.09075712110370514	-3.2393310917014757	-1.0402162341886205	-0.7119	0.2676	-0.8776
323.0	5.2257869999999995	-3.3314760000000003	9.44703	0.12042771838760874	-3.7995817815916553	-1.3823007675795091	-0.7271	0.2615	-0.8503
324.0	5.086485	-3.5855550000000003	9.743292	0.19373154697137057	-4.480260189869444	-1.8291050560900572	-0.7432	0.2528	-0.8185
325.0	4.925601	-3.8396340000000007	10.078794000000002	0.19373154697137057	-5.218534463463046	-2.331759880664424	-0.7608	0.2405	-0.7815
326.0	4.712724000000001	-4.098618	10.449612	0.18675022996339324	-5.665338751973594	-2.569124658935653	-0.7786	0.225	-0.7381
327.0	4.543992	-4.335039	10.888119000000001	0.1308996938995747	-6.532767390214776	-2.9862583501622977	-0.7969	0.2053	-0.6872
328.0	4.683294	-4.6538640000000004	11.312892	0.06632251157578452	-7.250097712784444	-3.1642819338657198	-0.8144	0.1816	-0.6287
329.0	5.6937240000000005	-4.872627	11.743551000000002	-0.10995574287564276	-7.387978723691997	-3.1311206780778273	-0.8314	0.1542	-0.5628
330.0	7.050447	-5.311134	11.958390000000001	0.2844886680750757	-7.244861725028462	-3.581415625092364	-0.8445	0.1218	-0.4901
331.0	8.131509	-5.523029999999999	12.012345	0.3665191429188092	-6.928957130417488	-3.7000980142279785	-0.8534	0.0854	-0.4108
332.0	9.023238	-5.511258	11.603268000000002	0.19024088846738194	-6.586872597026599	-3.6163222101322505	-0.8569	0.0454	-0.3264
333.0	9.952245	-5.347431	11.112768	0.09250245035569947	-6.286675965683575	-3.5081117965086026	-0.8551	0.0022	-0.2392
334.0	10.353474	-5.328792000000001	10.47708	0.2129301687433082	-5.3843407424025065	-3.3353242005611636	-0.8477	-0.0427	-0.1502
335.0	10.97739	-4.9717080000000005	10.016990999999999	0.4852015320544236	-4.412192349041665	-3.122394031817856	-0.8348	-0.0879	-0.0613
336.0	12.119274	-4.662693	9.866898	0.24434609527920614	-2.7454029133870805	-2.333505209916418	-0.817	-0.1331	0.0252
337.0	13.474035	-4.772565	9.874746	-0.3700098014227979	-0.5864306286700948	-1.1431906600562858	-0.7969	-0.1758	0.105
338.0	13.550553	-5.0099670000000005	9.664812	-0.5096361415823443	1.4905111812031575	0.04363323129985824	-0.7756	-0.2151	0.175
339.0	12.257595000000002	-5.424930000000001	9.232191	-0.4014257279586958	2.178170906488923	0.47472955654245763	-0.7559	-0.25	0.2341
340.0	10.166103	-5.3709750000000005	8.805456	0.05061454830783556	2.832669375986797	1.0192722831646885	-0.7399	-0.2786	0.2796
341.0	8.218818	-5.299362	8.409132	0.32637657012293964	2.9164451800825244	1.36659280431156	-0.7277	-0.3005	0.3107
342.0	6.590358	-5.312115	8.381664	0.33335788713091696	2.815216083466854	1.6475908138826472	-0.7203	-0.3149	0.3285
343.0	5.118858	-5.381766	8.385588	0.1291543646475804	2.892010570554604	1.9844393595175527	-0.7191	-0.321	0.3332
344.0	4.384089	-5.306229000000001	8.501346000000002	-0.03665191429188092	3.178244567881674	2.3387411976724017	-0.7239	-0.3199	0.3254
345.0	3.569859	-5.6378070000000005	8.425809000000001	-0.08726646259971647	3.6320301734002	2.689552377323262	-0.7347	-0.3109	0.3068
346.0	2.286711	-5.897772	7.999074	-0.08726646259971647	3.6320301734002	2.689552377323262	-0.7491	-0.2981	0.2827
347.0	0.860337	-5.715306	7.376139	0.09773843811168245	4.30572726467001	3.073524812762014	-0.7694	-0.2752	0.2462
348.0	0.46107000000000004	-5.269932000000001	6.934689	0.17976891295541594	4.625122517784973	3.2236231284335264	-0.7918	-0.2462	0.2039
349.0	0.65727	-4.613643000000001	6.660009	0.1291543646475804	4.892157893340106	3.288200310757317	-0.8142	-0.2117	0.1565
350.0	1.4185260000000002	-4.047606	6.586434000000001	-0.05061454830783556	5.061454830783556	3.2986722862692828	-0.835	-0.1727	0.1057
351.0	2.440728	-3.638529	6.625674	-0.2984513020910304	5.242969072990966	3.2707470182373735	-0.8547	-0.1296	0.0541
352.0	3.481569	-3.3569820000000004	6.723774000000001	-0.4258603374866164	5.32150888933071	3.2271137869375153	-0.8727	-0.0837	0.0023
353.0	4.4939610000000005	-3.136257	6.811083000000001	-0.6579891280018623	5.468116546498234	3.1066860685499065	-0.8879	-0.0353	-0.0498
354.0	5.475942000000001	-2.891988	6.862095	-0.8482300164692442	5.614724203665758	2.9007372168145755	-0.8988	0.0143	-0.1032
355.0	6.454980000000001	-2.627118	6.8787720000000006	-1.0506882097005865	5.745623897565332	2.68082573106329	-0.9054	0.0646	-0.1585
356.0	7.523289000000001	-2.450538	6.889563000000001	-1.160643952576229	5.832890360165049	2.4870941840919194	-0.9095	0.1189	-0.2218
357.0	8.509194	-2.346552	6.923898	-1.1362093430483085	5.808455750637129	2.3492131731843675	-0.9066	0.1683	-0.285
358.0	9.497061	-2.311236	6.991587	-1.1397000015522971	5.691518690753509	2.3596851486963333	-0.8971	0.2163	-0.351
359.0	10.472175	-2.3475330000000003	7.0896870000000005	-1.1676252695842066	5.614724203665758	2.3928464044842257	-0.8832	0.2634	-0.4191
360.0	11.36979	-2.4760440000000004	7.215255000000001	-1.2671090369478832	5.410520681182422	2.520255439879812	-0.865	0.3082	-0.4879
361.0	12.173229	-2.6447760000000002	7.366329	-1.293288975727798	5.150466622635267	2.6773350725593015	-0.8424	0.3519	-0.5574
362.0	12.911922	-2.7987930000000003	7.495821	-1.2723450247038663	4.8624872960562024	2.9007372168145755	-0.8168	0.3929	-0.6272
363.0	13.583907000000002	-2.885121	7.622370000000001	-1.1519173063162575	4.586725274241099	3.097959422289935	-0.7867	0.4338	-0.6966
364.0	14.242158	-2.822337	7.702812000000001	-1.1588986233242349	4.365068459237818	3.1573006168577424	-0.7535	0.4736	-0.7649
365.0	14.88177	-2.62908	7.74009	-1.2164944886400477	4.270820679630124	3.082251459021986	-0.7176	0.5132	-0.828
366.0	15.561603000000002	-2.32497	7.690059000000001	-1.2636183784438948	4.085815778918725	2.981022362406315	-0.6789	0.5519	-0.8883
367.0	16.354251	-2.053233	7.444809	-1.038470904936626	3.864158963915446	2.682571060315284	-0.6369	0.5913	-0.9415
368.0	17.134146	-1.7775720000000002	6.967062000000001	-0.5096361415823443	3.4819318577286875	2.2078415037728267	-0.5941	0.6293	-0.9932
369.0	17.812998	-1.4685570000000001	6.23916	0.029670597283903602	2.949606435870417	1.6004669240788003	-0.5502	0.6643	-1.0321
370.0	18.488907	-0.9574560000000001	5.2287300000000005	0.2844886680750757	2.261946710584651	0.9354964790689606	-0.5072	0.6969	-1.0694
371.0	19.216809	-0.349236	3.969126	0.1780235837034216	1.5254177662430441	0.3036872898470133	-0.465	0.7255	-1.1023
372.0	20.166417	0.315882	2.5349040000000005	0.03490658503988659	1.1414453308042916	0.015707963267948967	-0.424	0.7515	-1.1299
373.0	21.398553	0.9898290000000001	0.983943	-0.36826447217080355	0.4293509959906051	-0.40840704496667307	-0.3875	0.7722	-1.1538
374.0	22.531608000000002	1.478367	-0.51012	-0.5934119456780721	-0.28099800957108706	-0.6510078109938848	-0.3557	0.7894	-1.1712
375.0	22.843566	1.484253	-1.731465	0.1413716694115407	-0.9669124056048586	-0.7295476273336297	-0.3291	0.8028	-1.1869
376.0	20.657898	-1.082043	-0.834831	4.406956361285682	-2.321287905152458	-1.6353735091186867	-0.3093	0.8109	-1.1968
377.0	16.925193	-2.653605	0.907425	4.642575810304916	-1.5882496193148399	-1.9216075064457567	-0.2988	0.809	-1.2045
378.0	13.208184000000001	-3.901437	2.839014	4.6600291028248595	-1.6091935703387719	-1.0454522219446034	-0.2957	0.7983	-1.2057
379.0	9.347949	-3.957354	2.7350280000000002	4.948008429403925	-3.0892327760299634	-0.9983283321407566	-0.2992	0.7809	-1.2105
380.0	6.603111000000001	-2.8625580000000004	3.079359	2.9862583501622977	-5.754350543825304	-0.45553093477052004	-0.3103	0.7575	-1.2081
381.0	6.051789	-2.812527	4.714686	2.0455258833373544	-5.420992656694388	0.2583087292951608	-0.3303	0.7319	-1.1974
382.0	5.666256000000001	-2.229813	6.5707379999999995	1.260127719939906	-3.675663404700058	0.5707226654021458	-0.3562	0.7041	-1.1823
383.0	3.773907	-1.9247220000000003	8.316918000000001	0.6911503837897546	-3.347541505325124	0.08377580409572781	-0.3845	0.676	-1.1679
384.0	1.666719	-1.886463	9.968922000000001	0.4223696789826277	-3.2812189937493397	-0.5619960191421741	-0.4155	0.6471	-1.1483
385.0	0.547398	-1.45188	11.508111000000001	0.19024088846738194	-3.0962140930379407	-0.630063859969953	-0.4485	0.6172	-1.1261
386.0	1.8580140000000003	1.0280880000000001	11.191248000000002	0.09948376736367678	-2.9251718263424964	-0.6719517620178169	-0.4844	0.589	-1.0973
387.0	6.675705000000001	2.298483	10.254393	0.609119908946021	-0.30194196059501904	-0.9424777960769379	-0.5155	0.5639	-1.0656
388.0	8.59356	3.179421	8.735805	0.30717794835100204	-0.3892084231947355	-0.5707226654021458	-0.5455	0.544	-1.0337
389.0	10.876347	2.887083	9.718767000000001	0.4258603374866164	-0.6562437987498679	-0.6911503837897546	-0.5729	0.5283	-1.002
390.0	12.237975	1.6108020000000003	10.537902	0.21118483949131386	-0.4014257279586958	-0.3752457891787809	-0.5967	0.5177	-0.9714
391.0	11.105901000000001	1.193877	10.135691999999999	0.1413716694115407	-0.5427973973702365	-0.32288591161895097	-0.6142	0.5083	-0.947
392.0	9.657945000000002	-0.152055	9.634401	0.1117010721276371	-0.317649923862968	-0.30019663134302466	-0.6283	0.5006	-0.9272
393.0	9.283203	-1.258623	9.363645	0.19373154697137057	-0.32288591161895097	-0.34732052114687156	-0.6401	0.4922	-0.9047
394.0	9.099756000000001	-1.9001970000000001	9.215514	0.17453292519943295	-0.2827433388230814	-0.3193952531149623	-0.65	0.485	-0.8888
395.0	8.678907	-2.478987	8.984979000000001	0.15707963267948966	-0.26703537555513246	-0.26703537555513246	-0.657	0.4772	-0.8758
396.0	8.224704000000001	-2.4554430000000003	8.552358	0.07853981633974483	-0.2007128639793479	-0.18675022996339324	-0.6597	0.4697	-0.8697
397.0	5.626035000000001	-2.156238	8.08344	0.005235987755982988	-0.16580627893946132	-0.1413716694115407	-0.6628	0.4642	-0.8663
398.0	5.8438170000000005	-1.788363	8.228628	-0.03665191429188092	-0.16231562043547265	-0.0890117918517108	-0.6651	0.4596	-0.8626
399.0	5.892867000000001	-1.5460559999999999	8.128566000000001	-0.05759586531581287	-0.12391837689159739	-0.05061454830783556	-0.6669	0.4563	-0.8594
400.0	5.710401	-1.6804530000000002	7.997112	-0.08377580409572781	-0.10471975511965978	-0.008726646259971648	-0.6687	0.453	-0.8568
401.0	5.76828	-1.71675	7.999074	-0.10821041362364843	-0.08552113334772216	0.029670597283903602	-0.6702	0.45	-0.8545
401.99999999999994	5.702553000000001	-1.4352030000000002	8.050086	-0.143116998663535	-0.07853981633974483	0.06981317007977318	-0.6714	0.4479	-0.8524
403.0	5.708439	-1.192896	8.09325	-0.16580627893946132	-0.048869219055841226	0.1117010721276371	-0.6719	0.4467	-0.8505
404.0	5.715306	-1.127169	8.084421	-0.16231562043547265	-0.07504915783575616	0.1117010721276371	-0.6731	0.4458	-0.8486
405.0	5.692743000000001	-1.1418840000000001	8.041257	-0.18151424220741028	-0.059341194567807204	0.12391837689159739	-0.6737	0.4459	-0.8475
405.99999999999994	5.64075	-1.261566	8.030466	-0.16580627893946132	-0.059341194567807204	0.12042771838760874	-0.6743	0.4465	-0.8463
407.0	5.616225	-1.377324	8.001036000000001	-0.1780235837034216	-0.054105206811824215	0.11868238913561441	-0.6752	0.4481	-0.8451
408.0	5.610339	-1.509759	7.958853	-0.14835298641951802	-0.05235987755982989	0.11519173063162574	-0.676	0.4496	-0.8444
409.0	5.5916999999999994	-1.5960870000000003	7.925499	-0.15184364492350666	-0.048869219055841226	0.1064650843716541	-0.6767	0.4515	-0.8436
409.99999999999994	5.588757	-1.673586	7.907841	-0.15707963267948966	-0.04014257279586958	0.11693705988362008	-0.6772	0.4534	-0.843
411.00000000000006	5.578947	-1.7765910000000003	7.881354000000001	-0.15533430342749532	-0.03665191429188092	0.1117010721276371	-0.6775	0.4562	-0.8422
412.0	5.5612889999999995	-1.88352	7.865658	-0.11693705988362008	-0.038397243543875255	0.0942477796076938	-0.6775	0.4583	-0.8401
413.0	5.56227	-2.005164	7.834266	-0.08726646259971647	-0.027925268031909273	0.06283185307179587	-0.6786	0.4607	-0.8365
413.99999999999994	5.557365	-2.084625	7.822494000000001	-0.0471238898038469	-0.008726646259971648	0.04014257279586958	-0.6786	0.4624	-0.8319
415.00000000000006	5.5691370000000004	-2.130732	7.806798	-0.020943951023931952	-0.024434609527920613	0.024434609527920613	-0.6782	0.4642	-0.8247
416.0	5.570118	-2.1670290000000003	7.795026	-0.003490658503988659	-0.015707963267948967	0.012217304763960306	-0.6782	0.4652	-0.8166
417.0	5.575023000000001	-2.1925350000000003	7.786197	0.005235987755982988	-0.003490658503988659	0.006981317007977318	-0.6786	0.4664	-0.8086
418.0	5.5769850000000005	-2.201364	7.785216	0.008726646259971648	-0.006981317007977318	-0.006981317007977318	-0.679	0.4669	-0.8027
419.00000000000006	5.57208	-2.202345	7.795026	0.006981317007977318	-0.0017453292519943296	0.006981317007977318	-0.6792	0.4673	-0.7989
420.0	5.573061000000001	-2.202345	7.785216	0.005235987755982988	-0.010471975511965976	0.0017453292519943296	-0.6787	0.4679	-0.7967
421.0	5.56227	-2.176839	7.797969000000001	-0.006981317007977318	-0.006981317007977318	0.003490658503988659	-0.6794	0.4675	-0.7972
422.0	5.568156	-2.140542	7.794045000000001	0.006981317007977318	-0.003490658503988659	0.003490658503988659	-0.6798	0.468	-0.7988
423.00000000000006	5.57208	-2.0640240000000003	7.807779000000001	0.006981317007977318	0.003490658503988659	0.012217304763960306	-0.6804	0.4682	-0.8025
424.0	5.565213000000001	-2.0473470000000002	7.805817	-0.0017453292519943296	-0.003490658503988659	0.006981317007977318	-0.6806	0.4682	-0.8075
425.0	5.554422000000001	-2.006145	7.817589000000001	0.005235987755982988	0.0	-0.005235987755982988	-0.6813	0.4681	-0.8147
426.0	5.547555	-2.014974	7.816608	0.020943951023931952	-0.012217304763960306	-0.0017453292519943296	-0.6816	0.4684	-0.8228
426.99999999999994	5.534802000000001	-2.007126	7.816608	0.027925268031909273	0.0	-0.024434609527920613	-0.6814	0.4685	-0.8314
428.0	5.5259730000000005	-2.04048	7.7989500000000005	0.0645771823237902	0.006981317007977318	-0.04363323129985824	-0.6808	0.4685	-0.8363
429.0	5.524992000000001	-2.067948	7.785216	0.0890117918517108	0.0	-0.048869219055841226	-0.6807	0.4685	-0.8382
430.0	5.519106	-2.078739	7.780311000000001	0.0942477796076938	0.005235987755982988	-0.03490658503988659	-0.6815	0.4678	-0.8356
430.99999999999994	5.520087	-2.078739	7.779330000000001	0.10995574287564276	0.0017453292519943296	-0.041887902047863905	-0.6815	0.4678	-0.8292
432.0	5.520087	-2.074815	7.780311000000001	0.11693705988362008	-0.005235987755982988	-0.03490658503988659	-0.682	0.4667	-0.8218
433.0	5.516163000000001	-2.0777579999999998	7.778349000000001	0.11693705988362008	0.0	-0.03316125578789226	-0.682	0.4659	-0.8149
434.0	5.532839999999999	-2.036556	7.777368	0.13264502315156904	0.008726646259971648	-0.024434609527920613	-0.6821	0.4652	-0.8103
434.99999999999994	5.541669	-2.032632	7.776387	0.14835298641951802	0.019198621771937627	-0.026179938779914945	-0.6828	0.4642	-0.8069
436.00000000000006	5.546574000000001	-1.9884870000000001	7.785216	0.14835298641951802	0.026179938779914945	-0.015707963267948967	-0.683	0.4625	-0.8065
437.0	5.547555	-1.965924	7.801893000000001	0.15707963267948966	0.024434609527920613	-0.010471975511965976	-0.6838	0.4608	-0.8074
438.0	5.530878	-1.951209	7.8244560000000005	0.1466076571675237	0.020943951023931952	-0.006981317007977318	-0.6851	0.46	-0.8093
438.99999999999994	5.524011000000001	-1.9580760000000001	7.833285	0.18151424220741028	0.008726646259971648	-0.026179938779914945	-0.6866	0.4586	-0.813
440.00000000000006	5.517144	-1.9904490000000001	7.830342000000001	0.19198621771937624	0.020943951023931952	-0.038397243543875255	-0.6869	0.4577	-0.8192
441.0	5.520087	-2.039499	7.803855	0.22689280275926285	0.027925268031909273	-0.07504915783575616	-0.6873	0.4559	-0.8255
442.0	5.527935	-2.066967	7.7812920000000005	0.23911010752322315	0.06283185307179587	-0.09075712110370514	-0.6884	0.4543	-0.8321
443.0	5.531859	-2.066967	7.774425	0.23911010752322315	0.07853981633974483	-0.09599310885968812	-0.6887	0.4522	-0.8392
444.00000000000006	5.532839999999999	-2.035575	7.784235	0.23561944901923448	0.08028514559173916	-0.0942477796076938	-0.689	0.4503	-0.843
445.0	5.536764000000001	-1.967886	7.799931000000001	0.21642082724729686	0.07679448708775051	-0.08726646259971647	-0.6892	0.4481	-0.8498
446.0	5.543631	-1.894311	7.822494000000001	0.1780235837034216	0.06632251157578452	-0.061086523819801536	-0.6893	0.4457	-0.8553
447.0	5.547555	-1.8236790000000003	7.831323	0.13439035240356337	0.048869219055841226	-0.04363323129985824	-0.6889	0.4435	-0.8558
448.00000000000006	5.557365	-1.721655	7.856829	0.10821041362364843	0.031415926535897934	-0.038397243543875255	-0.6885	0.4412	-0.8578
449.0	5.555403	-1.617669	7.884297	0.05759586531581287	0.015707963267948967	-0.020943951023931952	-0.6879	0.4387	-0.8576
450.0	5.557365	-1.5176070000000002	7.919613000000001	0.0471238898038469	0.006981317007977318	-0.012217304763960306	-0.6877	0.4362	-0.8587
451.0	5.546574000000001	-1.426374	7.954929	0.0017453292519943296	-0.012217304763960306	0.0	-0.6874	0.4349	-0.8599
451.99999999999994	5.5338210000000005	-1.361628	7.998093000000001	0.0017453292519943296	-0.041887902047863905	-0.010471975511965976	-0.6863	0.433	-0.8616
453.0	5.522049	-1.326312	8.01477	-0.015707963267948967	-0.05061454830783556	0.003490658503988659	-0.6865	0.4317	-0.8622
454.0	5.520087	-1.313559	8.020656	-0.038397243543875255	-0.03316125578789226	0.031415926535897934	-0.6872	0.4306	-0.8635
455.0	5.510277	-1.3321980000000002	8.018694	-0.05061454830783556	-0.059341194567807204	0.03665191429188092	-0.6871	0.4296	-0.861
455.99999999999994	5.501448	-1.3567230000000001	8.012808	-0.08726646259971647	-0.06632251157578452	0.048869219055841226	-0.688	0.4295	-0.8566
457.0	5.5132200000000005	-1.3861530000000002	7.998093000000001	-0.08552113334772216	-0.06632251157578452	0.0471238898038469	-0.6884	0.4289	-0.8543
458.0	5.5338210000000005	-1.4332410000000002	7.957872000000001	-0.09948376736367678	-0.06283185307179587	0.05585053606381855	-0.6889	0.4282	-0.855
459.0	5.550498	-1.4950440000000003	7.933347	-0.08726646259971647	-0.05235987755982989	0.038397243543875255	-0.689	0.4282	-0.8543
459.99999999999994	5.577966	-1.531341	7.883316000000001	-0.0715584993317675	-0.041887902047863905	0.048869219055841226	-0.6886	0.4283	-0.8497
461.00000000000006	5.568156	-1.576467	7.890183	-0.06632251157578452	-0.05061454830783556	0.031415926535897934	-0.6892	0.4283	-0.8493
462.0	5.54265	-1.6058970000000001	7.931385000000001	-0.04537856055185257	-0.07853981633974483	0.024434609527920613	-0.6892	0.4283	-0.8469
463.0	5.573061000000001	-1.6108020000000003	7.921575000000001	-0.059341194567807204	-0.010471975511965976	0.012217304763960306	-0.6887	0.4288	-0.8496
463.99999999999994	5.541669	-1.649061	7.950024000000001	-0.0890117918517108	-0.04537856055185257	-0.0017453292519943296	-0.6887	0.429	-0.8481
465.00000000000006	5.551479	-1.642194	7.993188	-0.158824961931484	-0.12566370614359174	0.0	-0.6881	0.4295	-0.8453
466.0	5.489676	-1.65789	8.06382	-0.1780235837034216	-0.21642082724729686	-0.006981317007977318	-0.688	0.4301	-0.8441
467.0	5.487714	-1.6598519999999999	8.091288	-0.23911010752322315	-0.26354471705114374	-0.0017453292519943296	-0.6879	0.4304	-0.8426
468.0	5.489676	-1.639251	8.143281	-0.3368485456349056	-0.30194196059501904	-0.008726646259971648	-0.6887	0.4322	-0.8375
469.00000000000006	5.4445500000000004	-1.623555	8.227647000000001	-0.39793506945470714	-0.4328416544945937	-0.024434609527920613	-0.6892	0.4325	-0.8337
470.0	5.381766	-1.577448	8.345367000000001	-0.43982297150257105	-0.5096361415823443	-0.026179938779914945	-0.6916	0.4334	-0.8322
471.0	5.356260000000001	-1.535265	8.457201	-0.4782202150464463	-0.5864306286700948	-0.04014257279586958	-0.6926	0.4346	-0.8274
472.0	5.381766	-1.5323220000000002	8.454258000000001	-0.5235987755982988	-0.7120943348136864	-0.031415926535897934	-0.6955	0.4365	-0.8236
473.00000000000006	5.338602000000001	-1.5450750000000002	8.543529000000001	-0.5445427266222308	-0.8674286382411819	-0.04014257279586958	-0.6977	0.4376	-0.8132
474.0	5.365089000000001	-1.536246	8.558244	-0.6003932626860493	-0.9477137838329209	-0.03665191429188092	-0.7005	0.4399	-0.8067
475.0	5.351355	-1.574505	8.581788000000001	-0.6178465552059926	-1.1100294042683936	-0.03665191429188092	-0.7051	0.4417	-0.7994
476.0	5.407272000000001	-1.600011	8.570016	-0.635299847725936	-1.181587903600161	-0.05759586531581287	-0.7093	0.4445	-0.7897
476.99999999999994	5.4092340000000005	-1.6932060000000002	8.587674	-0.598647933434055	-1.3631021458075714	-0.0715584993317675	-0.714	0.4466	-0.7791
478.0	5.414139	-1.8246600000000002	8.570016	-0.5689773361501514	-1.4713125594312197	-0.1291543646475804	-0.7187	0.4482	-0.7668
479.0	5.490657	-1.9472850000000002	8.484669	-0.5393067388662478	-1.567305668290908	-0.19373154697137057	-0.7241	0.4512	-0.7536
480.0	5.575023000000001	-2.120922	8.382645	-0.47647488579445196	-1.663298777150596	-0.2722713633111154	-0.7301	0.453	-0.7389
480.99999999999994	5.659389	-2.2906350000000004	8.262963000000001	-0.4014257279586958	-1.8099064343181197	-0.3490658503988659	-0.7371	0.4538	-0.7221
482.0	5.694705000000001	-2.4525	8.243343000000001	-0.3036872898470133	-2.033308578573394	-0.4537856055185257	-0.7439	0.4543	-0.7041
483.0	5.730021	-2.6133840000000004	8.264925	-0.24609142453120045	-2.157226955464991	-0.49567350756638956	-0.7522	0.4538	-0.6845
484.0	5.7143250000000005	-2.828223	8.315937	-0.08726646259971647	-2.492330171847903	-0.6283185307179586	-0.7603	0.452	-0.6623
484.99999999999994	5.712363000000001	-3.0989790000000004	8.343405	0.013962634015954637	-2.7942721324429214	-0.8237954069413236	-0.7686	0.449	-0.6377
486.00000000000006	5.740812000000001	-3.363849	8.442486	0.12042771838760874	-3.1485739705977704	-1.054178868204575	-0.7776	0.4438	-0.6108
487.0	5.6937240000000005	-3.557106	8.618085	0.21118483949131386	-3.6163222101322505	-1.3508848410436112	-0.7863	0.4375	-0.5814
488.0	5.633883000000001	-3.675807	8.802513000000001	0.3141592653589793	-4.098033083682686	-1.6598081186466074	-0.7952	0.4282	-0.5483
488.99999999999994	5.488695	-3.758211	9.099756000000001	0.6422811647339133	-4.626867847036968	-1.9547687622336491	-0.8044	0.4158	-0.51
490.00000000000006	5.31702	-3.732705	9.467631	0.3089232776029963	-4.965461721923868	-2.090904443889207	-0.8127	0.4009	-0.4659
491.0	5.140440000000001	-3.6149850000000003	9.884556000000002	0.1710422666954443	-5.639158813193679	-2.246238747316702	-0.8197	0.3836	-0.4146
492.0	5.163984	-3.466854	10.304424000000001	-0.22514747350726852	-6.637487145334435	-2.3247785636564466	-0.8261	0.3631	-0.3546
493.0	5.8261590000000005	-3.375621	10.716444000000001	-0.6265732014659643	-7.5729836244033955	-2.230530784048753	-0.8296	0.3407	-0.2861
494.00000000000006	6.777729	-3.248091	10.981314	-0.9424777960769379	-8.175122216341439	-2.1101030656611446	-0.8294	0.3149	-0.211
495.0	7.763634000000001	-3.2461290000000003	11.251089	-1.1728612573401895	-8.559094651780192	-2.3282692221604355	-0.8256	0.2873	-0.1308
496.0	8.487612	-3.2333760000000002	11.339379	-0.9634217471008699	-8.59051057831609	-2.516764781375823	-0.8159	0.2573	-0.0462
497.0	9.070326	-3.013632	11.213811	-0.5393067388662478	-8.548622676268227	-2.586577951455596	-0.8008	0.2252	0.0416
498.00000000000006	9.768798	-2.873349	10.948941000000001	-0.6056292504420324	-8.435176274888596	-2.5534166956677042	-0.7781	0.1925	0.132
499.0	10.791981000000002	-3.043062	10.574199000000002	-0.6126105674500097	-7.979645340118075	-2.602285914723545	-0.7479	0.1587	0.2234
500.0	11.916207	-3.644415	10.043478	-0.22689280275926285	-6.843435997069767	-2.7192229746071654	-0.7097	0.1256	0.3135
501.0	13.018851	-4.067226000000001	9.229248	0.8813912722571364	-5.169665244407204	-2.731440279371126	-0.6658	0.0916	0.399
501.99999999999994	14.667912000000001	-3.966183	8.361063	1.4189526818713898	-2.8832839242946324	-2.452187599052033	-0.6152	0.059	0.4774
503.0	16.425864	-3.739572	8.983998	0.9389871375729493	-0.6702064327658225	-1.7208946424664089	-0.5649	0.0282	0.5453
504.0	17.071362	-4.401747	9.550035000000001	-0.06283185307179587	4.265584691874142	-0.10821041362364843	-0.5189	-0.0003	0.6005
505.0	15.25455	-4.985442	9.521586000000001	-0.017453292519943295	6.237806746627734	0.3455751918948773	-0.4822	-0.0259	0.6431
505.99999999999994	13.196412	-5.153193	9.141939	0.27052603405912107	5.92190215201676	0.39968039870670147	-0.4543	-0.0481	0.6738
507.0	11.311911	-5.191452	8.682831	-0.027925268031909273	4.850269991292241	0.6597344572538565	-0.4361	-0.0664	0.6937
508.0	9.928701	-5.229711000000001	8.393436000000001	-0.5026548245743669	4.253367387110181	1.1554079648202462	-0.4281	-0.0817	0.7036
509.0	8.780931	-5.161041	8.255115	-0.6597344572538565	4.319689898685966	1.4346606451393389	-0.4299	-0.0927	0.702
509.99999999999994	7.688097	-4.931487000000001	8.336538000000001	-0.6841690667817772	4.878195259324151	1.9477874452256716	-0.443	-0.1011	0.6877
511.00000000000006	6.635484	-4.947183	8.669097	-0.36477381366681483	5.553637679845957	2.309070600388498	-0.4663	-0.1042	0.6602
512.0	4.849083	-5.369994	8.988903	-0.15533430342749532	6.124360345248102	2.5272367568877896	-0.5002	-0.104	0.6204
513.0	2.3779440000000003	-5.672142000000001	7.683192	-0.14486232791552936	6.517059426946826	2.691297706575256	-0.54	-0.1005	0.571
514.0	0.8230590000000001	-4.909904999999999	6.504030000000001	-0.3769911184307752	6.735225583446117	2.792526803190927	-0.5827	-0.0929	0.5151
515.0	1.7255790000000002	-3.9485250000000005	5.885019	-0.767944870877505	6.812020070533868	2.750638901143063	-0.6235	-0.0828	0.4541
516.0	3.17844	-3.4001460000000003	5.733945	-0.9564404300928926	6.810274741281874	2.670353755551324	-0.6632	-0.07	0.3874
517.0	4.769622	-3.2323950000000004	5.844798	-1.1746065865921838	6.789330790257942	2.410299697004169	-0.7026	-0.0556	0.3134
518.0	5.857551	-3.016575	5.977233	-1.3299408900196792	6.726498937186146	2.033308578573394	-0.7407	-0.039	0.2344
519.0	6.588396	-2.6045550000000004	5.9988150000000005	-1.514945790731078	6.686356364390277	1.6441001553786585	-0.7785	-0.0208	0.146
520.0	7.413417000000001	-2.009088	5.883057	-1.7540558982543013	6.679375047382299	1.3089969389957472	-0.8124	-0.0006	0.0523
521.0	8.449353	-1.484253	5.725116000000001	-2.050761871093337	6.68810169364227	1.165879940332212	-0.8421	0.0198	-0.0419
522.0	9.531396	-1.281186	5.615244000000001	-2.101376419401173	6.658431096358367	1.1885692206081384	-0.8656	0.0411	-0.1393
523.0	10.499643	-1.404792	5.622111000000001	-1.9687313962496036	6.478662183402951	1.429424657383356	-0.8821	0.0635	-0.2428
524.0	11.284443000000001	-1.68732	5.751603000000001	-1.6493361431346414	6.085963101704227	1.8500490071139892	-0.8899	0.0859	-0.3448
525.0	11.974086	-2.057157	5.949765000000001	-1.4032447186034411	5.544911033585985	2.3387411976724017	-0.8899	0.1103	-0.4447
526.0	12.668634	-2.447595	6.195015	-1.117010721276371	4.995132319207771	2.8099800957108707	-0.8822	0.1362	-0.5411
527.0	13.349448	-2.799774	6.445170000000001	-0.8674286382411819	4.548328030697223	3.256784384221419	-0.8667	0.165	-0.6346
528.0	13.992984	-3.1293900000000003	6.670800000000001	-0.6230825429619757	4.181808887778414	3.6145768808802563	-0.8448	0.1955	-0.7253
529.0	14.589432000000002	-3.245148	6.839532000000001	-0.5654866776461628	4.033455901358895	3.7995817815916553	-0.8166	0.2291	-0.8073
530.0	14.97987	-3.032271	6.969024000000001	-0.640535835481919	3.7454765747798313	4.077089132658754	-0.7844	0.2651	-0.8824
531.0	15.140754000000001	-2.710503	7.044561	-0.8499753457212386	3.4191000046568916	4.073598474154765	-0.7491	0.3048	-0.9525
532.0	15.286923000000002	-2.270034	7.034751	-0.6789330790257941	2.9827676916583092	3.6704274169440754	-0.7118	0.3468	-1.0138
533.0	15.615558000000002	-1.8079830000000001	6.887601	-0.2059488517353309	2.611012560983517	2.9286624848464853	-0.6732	0.3897	-1.0627
534.0	16.247322	-1.292958	6.540327	0.09773843811168245	2.3788837704682715	2.0263272615654166	-0.6355	0.4328	-1.1034
535.0	17.008578	-0.677871	5.953689000000001	0.1291543646475804	2.282890661608583	1.577777643802874	-0.5983	0.4736	-1.1435
536.0	17.652114	0.039240000000000004	5.127687000000001	-0.06632251157578452	2.0315632493213998	0.7173303225696694	-0.5629	0.5112	-1.1802
537.0	18.183816	0.768123	4.145706	-0.4886921905584123	1.6283921921107094	0.031415926535897934	-0.5294	0.5452	-1.2087
538.0	18.70767	1.4646329999999999	3.056796	-0.9948376736367679	1.1955505376161157	-0.3752457891787809	-0.4981	0.576	-1.2343
539.0	19.139310000000002	1.926684	2.0041830000000003	-0.9948376736367679	1.1955505376161157	-0.3752457891787809	-0.4704	0.6018	-1.256
540.0	19.551330000000004	1.9374750000000003	0.874071	-1.4556045961632709	0.08377580409572781	-0.5393067388662478	-0.4452	0.6268	-1.2728
541.0	19.874079000000002	1.8060210000000003	-0.182466	-1.2112585008840648	-0.6649704450098396	-0.5934119456780721	-0.4251	0.6468	-1.2846
542.0	20.066355	1.664757	-1.1183400000000001	-1.0506882097005865	-1.059414855960558	-0.635299847725936	-0.4106	0.6625	-1.2914
543.0	20.108538	1.614726	-1.830546	-0.7487462491055673	-1.7313666179783749	-0.7504915783575618	-0.4019	0.6748	-1.2936
544.0	19.813257	1.419507	-2.2092120000000004	0.08552113334772216	-1.7627825445142729	-0.6283185307179586	-0.3988	0.6832	-1.2956
545.0	16.464123	-1.280205	0.208953	3.808308427851627	-2.197369528260861	-0.8534660042252271	-0.4006	0.6844	-1.2906
546.0	11.8701	-4.7480400000000005	3.461949	4.827580711016316	-1.3107422682477414	-0.8883725892651138	-0.4072	0.68	-1.2837
547.0	7.753824000000001	-7.6361040000000004	5.124744	5.400048705670455	-2.816961412718848	-0.7400196028455958	-0.4182	0.6676	-1.2757
548.0	3.049929	-5.093352	5.170851000000001	3.6721727461960696	-5.707226654021458	0.1710422666954443	-0.4388	0.6524	-1.2596
549.0	2.05029	-4.853007	6.0194160000000005	1.8692476288859268	-6.667157742618339	0.12042771838760874	-0.4648	0.6357	-1.2371
550.0	2.98224	-4.446873	8.015751000000002	1.583013631558857	-4.157374278250493	-0.4537856055185257	-0.4954	0.613	-1.2114
551.0	2.558448	-3.24711	9.739368	0.5410520681182421	-2.991494337918281	-1.0663961729685354	-0.5272	0.5883	-1.1833
552.0	1.295901	-2.41326	11.068623	-0.10471975511965978	-3.118903373313867	-1.260127719939906	-0.56	0.5622	-1.1541
553.0	0.197181	-2.345571	12.288006	-0.41538836197465046	-3.113667385557884	-0.4276056667386107	-0.5932	0.5346	-1.1227
554.0	-0.703377	-2.9792970000000003	13.627071	0.8866272600131193	-3.347541505325124	-1.1903145498601329	-0.6272	0.5067	-1.0881
555.0	3.7797929999999997	-1.148751	12.248766	0.6963863715457375	-1.2985249634837812	-0.8377580409572782	-0.6592	0.4835	-1.0532
556.0	7.4251890000000005	2.3946210000000003	9.778608	-0.08028514559173916	-0.3508111796508603	-0.1466076571675237	-0.6901	0.4653	-1.0176
557.0	9.907119000000002	4.346811	9.146844	0.11693705988362008	-0.598647933434055	-0.2530727415391778	-0.7182	0.4531	-0.9827
558.0	13.026699	1.3321980000000002	10.234772999999999	0.08377580409572781	-0.6318091892219474	-0.23212879051524585	-0.7401	0.4432	-0.9533
559.0	12.460662000000001	0.727902	10.484928	0.010471975511965976	-0.5951572749300664	-0.23736477827122882	-0.7563	0.4341	-0.9299
560.0	10.096452	-0.339426	9.626553	0.12042771838760874	-0.4188790204786391	-0.2827433388230814	-0.7696	0.4271	-0.9102
561.0	9.098775	-2.185668	9.00558	0.19024088846738194	-0.3752457891787809	-0.4118977034706618	-0.7804	0.4205	-0.8929
562.0	9.031086	-3.403089	8.808399000000001	0.24783675378319478	-0.34732052114687156	-0.43458698374658805	-0.7888	0.4145	-0.8792
563.0	8.847639000000001	-3.788622	8.605332	0.2722713633111154	-0.2844886680750757	-0.4520402762665313	-0.7946	0.4082	-0.8691
564.0	8.671059000000001	-3.135276	8.136414	0.2059488517353309	-0.24609142453120045	-0.39793506945470714	-0.7978	0.4028	-0.8635
565.0	6.078276000000001	-2.548638	7.782273000000001	0.12391837689159739	-0.20420352248333654	-0.2722713633111154	-0.8007	0.3975	-0.858
566.0	5.6024910000000006	-3.022461	7.866639	0.015707963267948967	-0.1466076571675237	-0.19024088846738194	-0.8032	0.3922	-0.8512
567.0	5.80752	-2.5506	7.815627	-0.027925268031909273	-0.10122909661567112	-0.12217304763960307	-0.8051	0.3871	-0.8436
568.0	5.878152	-2.5702200000000004	7.769520000000001	-0.03665191429188092	-0.09599310885968812	-0.09773843811168245	-0.8061	0.3827	-0.8355
569.0	5.931126000000001	-2.7477810000000003	7.727337	-0.05061454830783556	-0.05759586531581287	-0.061086523819801536	-0.8074	0.378	-0.8254
570.0	5.83695	-2.5407900000000003	7.7734440000000005	-0.04014257279586958	-0.0645771823237902	-0.0942477796076938	-0.809	0.3735	-0.8149
571.0	5.81733	-2.243547	7.857810000000001	0.0017453292519943296	-0.03490658503988659	-0.1308996938995747	-0.8097	0.3701	-0.8068
572.0	5.8006530000000005	-2.122884	7.851924	0.05759586531581287	-0.048869219055841226	-0.15184364492350666	-0.81	0.3669	-0.8004
573.0	5.766318	-2.01105	7.846038	0.05759586531581287	-0.04537856055185257	-0.15358897417550102	-0.811	0.3644	-0.7966
574.0	5.698629	-2.122884	7.815627	0.061086523819801536	-0.06283185307179587	-0.143116998663535	-0.8123	0.3626	-0.7945
575.0	5.647617	-2.234718	7.790121000000001	0.0471238898038469	-0.05061454830783556	-0.13962634015954636	-0.8131	0.361	-0.794
576.0	5.61132	-2.3092740000000003	7.770501	0.04537856055185257	-0.059341194567807204	-0.11693705988362008	-0.8138	0.3595	-0.7959
577.0	5.593662000000001	-2.335761	7.764615	0.026179938779914945	-0.04363323129985824	-0.09250245035569947	-0.8151	0.3581	-0.7998
578.0	5.6024910000000006	-2.333799	7.74009	0.013962634015954637	-0.04014257279586958	-0.0715584993317675	-0.8158	0.356	-0.8049
579.0	5.609358	-2.289654	7.749900000000001	0.022689280275926284	-0.029670597283903602	-0.059341194567807204	-0.8168	0.3547	-0.8121
580.0	5.624073000000001	-2.188611	7.7685390000000005	0.008726646259971648	-0.013962634015954637	-0.04537856055185257	-0.8171	0.353	-0.8201
581.0	5.651541	-2.095416	7.785216	0.020943951023931952	-0.019198621771937627	-0.024434609527920613	-0.8175	0.3515	-0.8273
582.0	5.679009	-1.9894680000000002	7.809741000000001	-0.006981317007977318	0.0	0.006981317007977318	-0.818	0.3498	-0.8304
583.0	5.7015720000000005	-1.9227600000000002	7.8293610000000005	-0.041887902047863905	-0.010471975511965976	0.054105206811824215	-0.8188	0.3485	-0.829
584.0	5.721192000000001	-1.879596	7.833285	-0.06806784082777885	-0.020943951023931952	0.0890117918517108	-0.8191	0.3471	-0.824
585.0	5.731002000000001	-1.869786	7.827399000000001	-0.1117010721276371	-0.027925268031909273	0.12042771838760874	-0.8192	0.3468	-0.8169
586.0	5.733945	-1.8658620000000001	7.823475	-0.10122909661567112	-0.038397243543875255	0.13962634015954636	-0.8195	0.3466	-0.8089
587.0	5.72904	-1.869786	7.817589000000001	-0.12042771838760874	-0.012217304763960306	0.1466076571675237	-0.8198	0.3466	-0.8023
588.0	5.711382	-1.9090260000000001	7.806798	-0.10122909661567112	-0.019198621771937627	0.15009831567151233	-0.8208	0.3473	-0.7973
589.0	5.7015720000000005	-1.9100070000000002	7.806798	-0.1117010721276371	-0.015707963267948967	0.14486232791552936	-0.8211	0.3479	-0.7949
590.0	5.696667000000001	-1.959057	7.784235	-0.08203047484373349	-0.005235987755982988	0.14835298641951802	-0.8217	0.3495	-0.7945
591.0	5.672142000000001	-2.018898	7.7557860000000005	-0.09773843811168245	0.019198621771937627	0.1413716694115407	-0.8222	0.3506	-0.7944
592.0	5.646636	-2.11896	7.708698000000001	-0.06283185307179587	-0.003490658503988659	0.11519173063162574	-0.8226	0.3523	-0.7969
593.0	5.606415	-2.198421	7.693002000000001	-0.06806784082777885	-0.012217304763960306	0.09250245035569947	-0.8233	0.354	-0.8017
594.0	5.568156	-2.304369	7.6616100000000005	-0.041887902047863905	-0.03490658503988659	0.07504915783575616	-0.8237	0.3556	-0.8066
595.0	5.530878	-2.369115	7.657686	-0.05061454830783556	-0.029670597283903602	0.04014257279586958	-0.8247	0.357	-0.8161
596.0	5.496543000000001	-2.4515190000000002	7.638066	-0.003490658503988659	-0.059341194567807204	-0.006981317007977318	-0.8247	0.3583	-0.8259
597.0	5.472999	-2.513322	7.634142000000001	0.020943951023931952	-0.06981317007977318	-0.03490658503988659	-0.8252	0.3596	-0.8331
598.0	5.4445500000000004	-2.548638	7.642971	0.027925268031909273	-0.09075712110370514	-0.05759586531581287	-0.8248	0.3599	-0.8393
599.0	5.435721000000001	-2.592783	7.6361040000000004	0.06283185307179587	-0.12740903539558607	-0.08203047484373349	-0.8252	0.3613	-0.843
600.0	5.422968	-2.617308	7.641009	0.0645771823237902	-0.10995574287564276	-0.09250245035569947	-0.8252	0.3609	-0.8411
601.0	5.4317969999999995	-2.621232	7.6439520000000005	0.07853981633974483	-0.11693705988362008	-0.10297442586766545	-0.8259	0.3613	-0.8411
602.0	5.4396450000000005	-2.607498	7.654743000000001	0.08203047484373349	-0.10297442586766545	-0.10995574287564276	-0.8264	0.3609	-0.8399
603.0	5.466132000000001	-2.6330040000000006	7.616484	0.11693705988362008	-0.10471975511965978	-0.1291543646475804	-0.8263	0.3607	-0.8386
604.0	5.4779040000000006	-2.642814	7.6007880000000005	0.16580627893946132	-0.11868238913561441	-0.17278759594743864	-0.8257	0.3594	-0.8373
605.0	5.489676	-2.6742060000000003	7.568415	0.16580627893946132	-0.11868238913561441	-0.17278759594743864	-0.8254	0.3578	-0.8326
606.0	5.519106	-2.7350280000000002	7.515441	0.30194196059501904	-0.0890117918517108	-0.2617993877991494	-0.8261	0.3558	-0.8281
607.0	5.548536	-2.787021	7.46541	0.3141592653589793	-0.0645771823237902	-0.2792526803190927	-0.8271	0.3539	-0.8246
608.0	5.612301	-2.817432	7.417341	0.3595378259108319	-0.041887902047863905	-0.3036872898470133	-0.8279	0.3512	-0.8207
609.0	5.67018	-2.813508	7.377120000000001	0.3717551306747922	0.005235987755982988	-0.2827433388230814	-0.8285	0.3471	-0.8175
610.0	5.727078000000001	-2.8036980000000002	7.339842	0.3717551306747922	0.005235987755982988	-0.2827433388230814	-0.829	0.344	-0.8179
611.0	5.764356	-2.755629	7.346709000000001	0.3438298626428829	0.05061454830783556	-0.25481807079117214	-0.83	0.3389	-0.8151
612.0	5.802615	-2.6634150000000005	7.358481	0.317649923862968	0.07853981633974483	-0.23736477827122882	-0.8305	0.334	-0.8146
613.0	5.830083000000001	-2.582973	7.38693	0.33161255787892263	0.07679448708775051	-0.23561944901923448	-0.8314	0.3279	-0.811
614.0	5.867361	-2.351457	7.464429000000001	0.30194196059501904	0.048869219055841226	-0.20420352248333654	-0.8315	0.3224	-0.8091
615.0	5.901696	-2.142504	7.525251000000001	0.20245819323134223	0.0645771823237902	-0.13788101090755203	-0.8324	0.3167	-0.8114
616.0	5.920335000000001	-1.884501	7.614522	0.16057029118347832	0.048869219055841226	-0.11693705988362008	-0.832	0.3111	-0.8116
617.0	5.908563	-1.721655	7.687116	0.1466076571675237	0.013962634015954637	-0.10297442586766545	-0.8308	0.3046	-0.8083
618.0	5.890905000000001	-1.591182	7.746957	0.1413716694115407	0.020943951023931952	-0.10297442586766545	-0.8312	0.3	-0.8093
619.0	5.887962	-1.552923	7.748919000000001	0.2007128639793479	0.07853981633974483	-0.11693705988362008	-0.8308	0.2952	-0.8089
620.0	5.860494000000001	-1.5127020000000002	7.785216	0.23911010752322315	0.06632251157578452	-0.1291543646475804	-0.8305	0.2902	-0.8085
621.0	5.886981	-1.475424	7.748919000000001	0.2059488517353309	0.04537856055185257	-0.1361356816555577	-0.8298	0.2861	-0.8085
622.0	5.849703000000001	-1.5460559999999999	7.779330000000001	0.29496064358704166	0.059341194567807204	-0.1413716694115407	-0.8296	0.2823	-0.8074
623.0	5.833026	-1.5843150000000001	7.787178	0.2932153143350474	0.08552113334772216	-0.18151424220741028	-0.8284	0.2787	-0.8089
624.0	5.853627	-1.738332	7.697907	0.3420845333908886	0.15358897417550102	-0.1884955592153876	-0.8287	0.2757	-0.8112
625.0	5.828121	-1.8119070000000002	7.724394	0.3700098014227979	0.07504915783575616	-0.19896753472735357	-0.8274	0.2724	-0.8087
626.0	5.795748000000001	-1.90314	7.751862000000001	0.34732052114687156	0.061086523819801536	-0.22514747350726852	-0.8278	0.2686	-0.8087
627.0	5.840874	-1.9276650000000002	7.686135	0.3560471674068432	0.05235987755982989	-0.2426007660272118	-0.8276	0.2649	-0.8117
628.0	5.808501	-1.894311	7.786197	0.3508111796508603	0.0	-0.2565634000431664	-0.8265	0.26	-0.8108
629.0	5.8006530000000005	-1.8629190000000002	7.844076	0.27052603405912107	-0.04014257279586958	-0.3735004599267865	-0.8263	0.2554	-0.8107
630.0	5.737869	-1.868805	7.8980310000000005	0.1117010721276371	-0.12042771838760874	-0.5323254218582705	-0.8266	0.2501	-0.8107
631.0	5.69961	-1.984563	7.998093000000001	-0.05585053606381855	-0.21642082724729686	-0.778416846389471	-0.8259	0.2439	-0.8098
632.0	5.77809	-2.010069	7.959834000000001	-0.25132741228718347	-0.26703537555513246	-0.9913470151327791	-0.8258	0.2375	-0.809
633.0	5.734926000000001	-1.965924	8.068725	-0.2722713633111154	-0.3560471674068432	-1.0663961729685354	-0.8257	0.2303	-0.8077
634.0	5.67018	-1.8982350000000001	8.275716000000001	-0.47472955654245763	-0.4921828490624009	-1.1833332328521553	-0.8269	0.2218	-0.8053
635.0	5.649579	-1.859976	8.366949	-0.5969026041820608	-0.7051130178057091	-1.2461650859239515	-0.828	0.2128	-0.8022
636.0	5.627997000000001	-1.7451990000000002	8.464068000000001	-0.7592182246175333	-0.8936085770210968	-1.2671090369478832	-0.8289	0.2028	-0.798
637.0	5.530878	-1.6441560000000002	8.694603	-0.8447393579652555	-1.1205013797803596	-1.24965574442794	-0.8308	0.1928	-0.7926
638.0	5.483790000000001	-1.5117209999999999	8.743653	-0.8936085770210968	-1.3439035240356338	-1.2060225131280815	-0.8328	0.1827	-0.7855
639.0	5.434740000000001	-1.3498560000000002	8.85843	-0.9110618695410401	-1.5184364492350666	-1.1676252695842066	-0.8344	0.1712	-0.7765
640.0	5.459265	-1.1978010000000001	8.984979000000001	-0.9040805525330626	-1.5707963267948966	-1.1501719770642633	-0.8373	0.16	-0.7658
641.0	5.456322	-0.9525510000000001	9.116433	-0.7539822368615504	-1.8133970928221086	-1.1274826967883367	-0.8413	0.1489	-0.7534
642.0	5.310153000000001	-0.9133110000000001	9.436239	-0.6265732014659643	-2.050761871093337	-1.096066770252439	-0.8456	0.1372	-0.738
643.0	5.295438	-0.9123300000000001	9.571617	-0.3036872898470133	-2.4469516112960497	-1.1030480872604163	-0.8512	0.1254	-0.7177
644.0	5.2591410000000005	-0.935874	9.673641	-0.17627825445142728	-2.8448866807507573	-1.1955505376161157	-0.8568	0.1133	-0.6925
645.0	5.163003	-1.050651	9.906138	-0.11868238913561441	-3.3161255787892263	-1.3631021458075714	-0.8627	0.1001	-0.6618
646.0	5.000157000000001	-1.26549	10.233792	-0.054105206811824215	-3.6285395148962114	-1.6214108751027323	-0.8703	0.0867	-0.6248
647.0	4.802976	-1.5195690000000002	10.541826	0.11693705988362008	-4.2900193014020624	-1.7697638615222502	-0.8777	0.0718	-0.5841
648.0	4.560669	-1.78542	10.899891	0.3036872898470133	-5.012585611727714	-2.155481626212997	-0.8854	0.0548	-0.5398
649.0	4.1202	-2.1111120000000003	11.428650000000001	0.3961897402027128	-5.803219762881146	-2.541199390903744	-0.8931	0.0352	-0.4915
650.0	3.8298240000000003	-2.269053	11.858328000000002	0.6335545184739416	-6.867870606597687	-2.8221974004748307	-0.8982	0.0127	-0.4372
651.0	3.9681450000000003	-2.4073740000000003	12.214431000000001	0.5497787143782138	-7.831292353698556	-2.9164451800825244	-0.9015	-0.0125	-0.3754
652.0	5.105124	-2.336742	12.274272000000002	0.5323254218582705	-8.541641359260248	-2.77332818141899	-0.9012	-0.0408	-0.3054
653.0	6.265647	-2.335761	12.317436	0.6073745796940266	-8.578293273552129	-2.736676267127109	-0.8956	-0.071	-0.229
654.0	6.82776	-2.213136	12.358638000000001	1.0943214410004447	-8.648106443631903	-2.73318560862312	-0.8841	-0.1028	-0.1459
655.0	7.266267000000001	-1.8639000000000001	12.080034000000001	1.0873401239924672	-8.758062186507546	-2.4696408915719763	-0.8668	-0.1354	-0.0581
656.0	7.912746	-1.6529850000000001	11.560103999999999	0.757472895365539	-8.717919613711675	-2.1886428820008894	-0.8406	-0.1682	0.0344
657.0	8.986941	-1.50093	10.757646000000001	0.7819075048934596	-8.328711190516941	-2.1048670779051615	-0.8066	-0.2005	0.1309
658.0	10.341702000000002	-1.6598519999999999	9.912024	1.0611601852125523	-7.2204271155005415	-2.2008601867648494	-0.7642	-0.2318	0.2344
659.0	11.892663	-1.449918	8.942796	1.3002702927357754	-6.532767390214776	-1.900663555421825	-0.7149	-0.2598	0.3399
660.0	14.216652000000002	-1.168371	8.027523	1.3892820845874863	-4.614650542273007	-1.7086773377024487	-0.6598	-0.2847	0.4456
661.0	15.585147000000001	-0.680814	8.0442	0.9424777960769379	-0.8604473212332044	-0.9197885158010117	-0.6049	-0.3057	0.5452
662.0	16.985034000000002	-1.6961490000000001	9.014409	-0.07853981633974483	3.380702761113016	0.20420352248333654	-0.5548	-0.3215	0.6318
663.0	15.049521	-2.4799680000000004	9.217476	0.29670597283903605	5.742133239061344	0.5619960191421741	-0.5155	-0.3333	0.7003
664.0	13.254291	-3.131352	9.01539	0.5445427266222308	5.422737985946382	0.8377580409572782	-0.487	-0.3414	0.7497
665.0	11.517921	-3.579669	8.742672	0.20245819323134223	4.352851154473858	1.1693705988362009	-0.4706	-0.3444	0.7808
666.0	10.383885000000001	-3.8219760000000003	8.565111	-0.11868238913561441	4.02298392584693	1.3910274138394807	-0.4662	-0.3437	0.7942
667.0	9.408771	-4.114314	8.780931	-0.6038839211900381	4.227187448330266	1.7680185322702557	-0.4745	-0.3394	0.7922
668.0	8.337519	-4.334058000000001	9.152730000000002	-0.6719517620178169	5.024802916491675	2.0193459445574393	-0.496	-0.3315	0.7727
669.0	7.165224000000001	-4.824558000000001	9.532377	-0.4834562028024293	5.907939518000806	2.171189589480946	-0.5297	-0.3196	0.7373
670.0	5.041359000000001	-5.325849000000001	9.869841000000001	-0.4537856055185257	6.599089901790561	2.3125612588924866	-0.5752	-0.304	0.6851
671.0	3.432519	-5.929164000000001	9.235134	-0.6911503837897546	7.051130178057091	2.452187599052033	-0.6271	-0.2849	0.6183
672.0	0.897615	-4.961898000000001	7.745976	-1.1571532940722404	7.5241144053475555	2.6075219024795286	-0.6808	-0.2633	0.547
673.0	1.6657380000000002	-4.124124	7.030827	-1.14493598930828	7.419394650227895	2.6598817800393584	-0.7313	-0.2375	0.4646
674.0	2.943981	-3.52179	6.679629	-1.3753194505715316	7.403686686959945	2.647664475275398	-0.7777	-0.2084	0.3763
675.0	4.406652	-3.230433	6.609978	-1.5585790220309363	7.241371066524473	2.516764781375823	-0.819	-0.1772	0.2885
676.0	5.256198	-2.9626200000000003	6.636465	-1.6964600329384885	6.960373056953387	2.197369528260861	-0.854	-0.1445	0.1953
677.0	5.784957	-2.5349040000000005	6.592320000000001	-1.8151424220741028	6.677629718130305	1.8221237390820801	-0.884	-0.1098	0.0987
678.0	6.509916	-1.953171	6.430455	-1.9617500792416265	6.503096792930872	1.551597705022959	-0.9072	-0.0743	-0.0019
679.0	7.466391000000001	-1.518588	6.290172	-1.99142067652553	6.426302305843121	1.5027284859671177	-0.9238	-0.0391	-0.1049
680.0	8.516061	-1.359666	6.257799	-1.8657569703819383	6.222098783359785	1.6214108751027323	-0.933	-0.0039	-0.2073
681.0	9.521586000000001	-1.45188	6.374538000000001	-1.6493361431346414	6.000441968356506	2.0664698343612864	-0.9349	0.031	-0.3065
682.0	10.451573999999999	-1.655928	6.648237	-1.3735741213195374	5.665338751973594	2.614503219487506	-0.9302	0.0656	-0.4075
683.0	11.352132000000001	-1.916874	7.061238	-1.1623892818282233	5.260422365510909	3.2114058236695664	-0.9202	0.1002	-0.4996
684.0	12.252690000000001	-2.200383	7.579206	-0.9477137838329209	4.838052686528282	3.803072440095644	-0.9048	0.1351	-0.5858
685.0	13.182678000000001	-2.5682579999999997	8.118756000000001	-0.6824237375297829	4.471533543609472	4.279547325890096	-0.8855	0.1712	-0.6725
686.0	14.051844	-2.882178	8.588655	-0.5270894341022875	4.277801996638102	4.448844263333546	-0.8626	0.2091	-0.7543
687.0	14.810157000000002	-2.8468620000000002	8.919252	-0.3385938748868999	3.9112828537192925	4.715879638888678	-0.8364	0.2494	-0.8317
688.0	15.33303	-2.461329	9.166464000000001	-0.5323254218582705	3.5831609543443586	4.733332931408621	-0.8064	0.2921	-0.9054
689.0	15.698943000000002	-2.084625	9.307728000000001	-0.5166174585903216	3.2986722862692828	4.270820679630124	-0.7731	0.3382	-0.9755
690.0	16.018749	-1.703016	9.237096000000001	-0.08726646259971647	2.8832839242946324	3.466223894460738	-0.7372	0.3856	-1.0408
691.0	16.362099	-1.297863	8.893746	0.38746309394274114	2.3788837704682715	2.478367537831948	-0.6996	0.4335	-1.1031
692.0	16.871238	-0.7651800000000001	8.207046	0.5131268000863328	2.069960492865275	1.9512781037296605	-0.6577	0.4807	-1.1565
693.0	17.62857	-0.08338500000000001	7.169148000000001	0.317649923862968	1.562069680534925	0.9669124056048586	-0.6159	0.5232	-1.2051
694.0	18.603684	0.7406550000000001	5.783976	-0.41015237421866746	1.2095131716320704	0.15707963267948966	-0.5758	0.5622	-1.2483
695.0	19.821105000000003	1.5960870000000003	4.157478	-1.2199851471440364	0.9634217471008699	-0.5078908123303499	-0.5379	0.5963	-1.2846
696.0	21.142512	2.346552	2.409336	-1.6336281798666923	0.7033676885537148	-0.9285151620609834	-0.5035	0.627	-1.3147
697.0	22.1706	2.6388900000000004	0.705339	-1.4276793281313616	0.10471975511965978	-1.2252211349000195	-0.4726	0.652	-1.3388
698.0	22.660118999999998	2.4858540000000002	-0.8809380000000001	-0.8168140899333461	-0.8115781021773633	-1.530653753999027	-0.4487	0.6714	-1.356
699.0	22.769991	2.433861	-2.2572810000000003	-0.49741883681838395	-1.270599695451872	-1.6458454846306527	-0.432	0.6834	-1.3653
700.0	21.393648000000002	1.715769	-2.359305	1.843067690106012	-1.5690509975429023	-1.53588974175501	-0.4227	0.687	-1.3705
701.0	18.977445000000003	-0.374742	-1.295901	2.8518679977587347	-1.1641346110802178	-2.426007660272118	-0.4197	0.6816	-1.3701
702.0	15.216291	-2.447595	1.3989060000000002	3.652974124424132	-1.3840460968315034	-2.008873969045473	-0.4265	0.6676	-1.3709
703.0	10.843974	-3.833748	2.018898	2.609267231731523	-3.9950586578150205	-1.059414855960558	-0.439	0.6488	-1.3647
704.0	6.843456000000001	-2.760534	2.5103790000000004	0.7993607974134029	-6.529276731710787	0.35779249665883756	-0.4611	0.6291	-1.3504
705.0	6.661971	-3.3236280000000002	4.301685	0.6981317007977318	-5.625196179177724	0.47298422729046335	-0.4876	0.608	-1.3307
706.0	6.312735	-3.838653	6.241122	0.6981317007977318	-5.625196179177724	0.47298422729046335	-0.5147	0.5852	-1.3108
707.0	4.4174430000000005	-3.3010650000000004	8.098155	-0.3089232776029963	-2.2706733568446227	-0.7627088831215221	-0.5469	0.5617	-1.2863
708.0	2.7311039999999998	-3.264768	9.813924	-0.6597344572538565	-2.3509585024363617	-0.4904375198104066	-0.5794	0.5388	-1.2603
709.0	1.4685570000000001	-4.202604	11.209887000000002	-0.41015237421866746	-2.2863813201125716	0.2181661564992912	-0.6115	0.5174	-1.2322
710.0	1.375362	-4.2320340000000005	11.345265000000001	-0.15358897417550102	-2.5150194521238287	0.3892084231947355	-0.6435	0.501	-1.2019
711.0	2.524113	-2.65851	10.852803000000002	0.6894050545377601	-2.520255439879812	-0.7173303225696694	-0.6754	0.4893	-1.1691
712.0	6.922917	-1.1713140000000002	9.068364	0.3839724354387525	-1.0663961729685354	-0.4642575810304917	-0.7052	0.4829	-1.1359
713.0	10.137654000000001	-0.23053500000000002	9.225324	0.013962634015954637	-0.32986722862692824	-0.14486232791552936	-0.7308	0.481	-1.1055
714.0	11.922093	-2.4377850000000003	9.889461	0.2565634000431664	-0.7016223593017206	-0.34033920413889424	-0.7494	0.4792	-1.0813
715.0	9.991485	-2.418165	9.45684	0.12217304763960307	-0.5846852994181004	-0.30543261909900765	-0.7655	0.4768	-1.0612
716.0	7.997112	-2.486835	9.034029	0.04014257279586958	-0.4939281783143953	-0.21467549799530256	-0.7812	0.4737	-1.0405
717.0	7.777368	-3.475683	8.745615	-0.022689280275926284	-0.4415683007545654	-0.15009831567151233	-0.7927	0.4713	-1.023
718.0	7.810722	-3.9240000000000004	8.508213	-0.05061454830783556	-0.3839724354387525	-0.11693705988362008	-0.8021	0.4684	-1.0059
719.0	7.685154	-3.4599870000000004	8.418942	-0.08552113334772216	-0.30019663134302466	-0.04537856055185257	-0.8096	0.4654	-0.9894
720.0	7.900974000000001	-3.0695490000000003	8.487612	-0.041887902047863905	-0.27576202181510406	-0.08726646259971647	-0.8151	0.4617	-0.9735
721.0	7.911765	-2.8468620000000002	8.217837000000001	-0.061086523819801536	-0.2303834612632515	-0.06981317007977318	-0.8187	0.4583	-0.9599
722.0	5.913468	-2.6967689999999997	7.866639	-0.05061454830783556	-0.20943951023931956	-0.06632251157578452	-0.8223	0.4555	-0.9481
723.0	5.459265	-2.8419570000000003	7.930404	-0.029670597283903602	-0.13962634015954636	-0.08203047484373349	-0.8258	0.4531	-0.938
724.0	5.790843000000001	-2.458386	7.899993	-0.0017453292519943296	-0.1291543646475804	-0.1117010721276371	-0.8288	0.4502	-0.9306
725.0	5.688819	-2.676168	7.863696	-0.003490658503988659	-0.10471975511965978	-0.1064650843716541	-0.8311	0.4483	-0.9263
726.0	5.664294000000001	-2.750724	7.833285	0.038397243543875255	-0.1117010721276371	-0.10821041362364843	-0.8341	0.448	-0.924
727.0	5.606415	-2.828223	7.784235	0.029670597283903602	-0.05759586531581287	-0.10297442586766545	-0.8359	0.4466	-0.9243
728.0	5.54265	-2.817432	7.782273000000001	0.03490658503988659	-0.05585053606381855	-0.08726646259971647	-0.8376	0.4457	-0.9267
729.0	5.563251000000001	-2.7134460000000002	7.800912	0.013962634015954637	-0.05759586531581287	-0.07330382858376185	-0.8392	0.4443	-0.9307
730.0	5.557365	-2.672244	7.7989500000000005	-0.008726646259971648	-0.029670597283903602	-0.027925268031909273	-0.8404	0.4429	-0.9374
731.0	5.539707	-2.660472	7.795026	-0.006981317007977318	-0.020943951023931952	-0.006981317007977318	-0.8412	0.4411	-0.9447
732.0	5.501448	-2.6133840000000004	7.809741000000001	-0.0017453292519943296	-0.017453292519943295	-0.0017453292519943296	-0.8408	0.4399	-0.9517
733.0	5.489676	-2.581992	7.815627	0.010471975511965976	-0.031415926535897934	-0.015707963267948967	-0.8409	0.4387	-0.9554
734.0	5.478885	-2.557467	7.805817	-0.0	-0.026179938779914945	-0.024434609527920613	-0.8413	0.4378	-0.9548
735.0	5.497524	-2.486835	7.8117030000000005	0.022689280275926284	-0.024434609527920613	-0.027925268031909273	-0.8412	0.4374	-0.9502
736.0	5.479866	-2.486835	7.804836	0.0017453292519943296	-0.027925268031909273	-0.024434609527920613	-0.8411	0.436	-0.9425
737.0	5.481828	-2.478006	7.807779000000001	0.006981317007977318	-0.003490658503988659	-0.017453292519943295	-0.8412	0.4351	-0.9341
738.0	5.471037	-2.4750630000000005	7.788159000000001	-0.0017453292519943296	0.003490658503988659	-0.0017453292519943296	-0.8414	0.4345	-0.9268
739.0	5.463189	-2.4848730000000003	7.772463	0.013962634015954637	0.005235987755982988	-0.015707963267948967	-0.8419	0.4339	-0.9227
740.0	5.453379	-2.493702	7.761672000000001	0.015707963267948967	0.003490658503988659	-0.0017453292519943296	-0.8427	0.4339	-0.9207
741.0	5.4622079999999995	-2.4701580000000005	7.758729000000001	-0.008726646259971648	0.04014257279586958	0.013962634015954637	-0.8431	0.4335	-0.9205
742.0	5.484771	-2.4368040000000004	7.752843	-0.013962634015954637	0.024434609527920613	0.031415926535897934	-0.8443	0.4327	-0.9207
743.0	5.502429	-2.3995260000000003	7.758729000000001	-0.026179938779914945	0.04014257279586958	0.05759586531581287	-0.8447	0.4318	-0.9232
744.0	5.516163000000001	-2.351457	7.767558	-0.022689280275926284	0.041887902047863905	0.08203047484373349	-0.8454	0.4321	-0.9276
745.0	5.476923	-2.3436090000000003	7.7734440000000005	-0.038397243543875255	0.05061454830783556	0.06981317007977318	-0.8457	0.4321	-0.9341
746.0	5.437683000000001	-2.323989	7.790121000000001	-0.029670597283903602	0.015707963267948967	0.05061454830783556	-0.847	0.4321	-0.9404
747.0	5.4013860000000005	-2.321046	7.793064	-0.03490658503988659	-0.017453292519943295	0.03490658503988659	-0.8473	0.4324	-0.9502
748.0	5.367051000000001	-2.34459	7.795026	-0.048869219055841226	-0.05061454830783556	0.03316125578789226	-0.8477	0.4323	-0.9597
749.0	5.333697	-2.371077	7.800912	-0.031415926535897934	-0.06283185307179587	-0.012217304763960306	-0.8479	0.4326	-0.9681
750.0	5.290533	-2.418165	7.792083000000001	-0.0017453292519943296	-0.11693705988362008	-0.04537856055185257	-0.8477	0.4325	-0.9697
751.0	5.252274	-2.4799680000000004	7.784235	0.019198621771937627	-0.12042771838760874	-0.05235987755982989	-0.848	0.4332	-0.9695
752.0	5.212053	-2.5407900000000003	7.786197	0.048869219055841226	-0.1466076571675237	-0.0890117918517108	-0.848	0.4338	-0.9701
753.0	5.196357	-2.591802	7.7685390000000005	0.059341194567807204	-0.158824961931484	-0.11519173063162574	-0.8491	0.434	-0.9673
754.0	5.1777180000000005	-2.640852	7.763634000000001	0.09250245035569947	-0.1780235837034216	-0.1308996938995747	-0.8495	0.4334	-0.9635
755.0	5.196357	-2.6624339999999997	7.744014	0.0890117918517108	-0.18675022996339324	-0.143116998663535	-0.8508	0.4328	-0.9617
756.0	5.264046	-2.685978	7.7126220000000005	0.10471975511965978	-0.17278759594743864	-0.1466076571675237	-0.8509	0.4319	-0.9613
757.0	5.309172	-2.716389	7.680249000000001	0.0942477796076938	-0.16406094968746698	-0.15707963267948966	-0.8525	0.4302	-0.9574
758.0	5.347431	-2.7134460000000002	7.665534	0.10471975511965978	-0.14835298641951802	-0.16929693744344995	-0.8541	0.4285	-0.9521
759.0	5.392557	-2.7006930000000002	7.647876	0.10471975511965978	-0.143116998663535	-0.16929693744344995	-0.8555	0.4264	-0.9465
760.0	5.434740000000001	-2.681073	7.641009	0.1117010721276371	-0.14835298641951802	-0.1832595714594046	-0.8575	0.4236	-0.9448
761.0	5.467113	-2.62908	7.641009	0.09599310885968812	-0.1361356816555577	-0.18675022996339324	-0.8591	0.4208	-0.9426
762.0	5.507334	-2.582973	7.629237	0.10821041362364843	-0.13788101090755203	-0.19722220547535926	-0.8614	0.4172	-0.9384
763.0	5.524011000000001	-2.548638	7.641009	0.09250245035569947	-0.1413716694115407	-0.1832595714594046	-0.8634	0.4138	-0.9381
764.0	5.5642320000000005	-2.492721	7.6311990000000005	0.09075712110370514	-0.1413716694115407	-0.17976891295541594	-0.8652	0.4102	-0.9336
765.0	5.592681000000001	-2.464272	7.645914	0.08726646259971647	-0.1308996938995747	-0.16231562043547265	-0.8664	0.4063	-0.9276
766.0	5.597586000000001	-2.4211080000000003	7.655724	0.07679448708775051	-0.12740903539558607	-0.158824961931484	-0.8672	0.403	-0.9274
767.0	5.615244000000001	-2.3740200000000002	7.660629000000001	0.07853981633974483	-0.11693705988362008	-0.1361356816555577	-0.8685	0.3996	-0.9261
768.0	5.643693000000001	-2.328894	7.663572	0.07330382858376185	-0.11693705988362008	-0.13439035240356337	-0.8687	0.3957	-0.9233
769.0	5.65056	-2.279844	7.672401000000001	0.06283185307179587	-0.12566370614359174	-0.15358897417550102	-0.8695	0.393	-0.9196
770.0	5.653503000000001	-2.270034	7.673382	0.08726646259971647	-0.13439035240356337	-0.15707963267948966	-0.8699	0.3895	-0.9169
771.0	5.707458	-2.280825	7.639047	0.11344640137963143	-0.10821041362364843	-0.15533430342749532	-0.8705	0.3858	-0.9147
772.0	5.756508	-2.199402	7.633161	0.06632251157578452	-0.08552113334772216	-0.12217304763960307	-0.871	0.382	-0.9117
773.0	5.783976	-2.129751	7.621389000000001	0.03316125578789226	-0.06981317007977318	-0.10297442586766545	-0.871	0.379	-0.9083
774.0	5.803596000000001	-2.041461	7.638066	-0.038397243543875255	-0.07853981633974483	-0.06981317007977318	-0.8714	0.3762	-0.9102
775.0	5.816349	-1.964943	7.657686	-0.07679448708775051	-0.0942477796076938	-0.0471238898038469	-0.8724	0.3736	-0.9117
776.0	5.8261590000000005	-1.902159	7.6743630000000005	-0.10471975511965978	-0.12217304763960307	-0.027925268031909273	-0.8735	0.3708	-0.9068
777.0	5.79771	-1.881558	7.715565	-0.1308996938995747	-0.13788101090755203	-0.027925268031909273	-0.8742	0.369	-0.9038
778.0	5.80752	-1.859976	7.724394	-0.15184364492350666	-0.12391837689159739	-0.020943951023931952	-0.875	0.3678	-0.9026
779.0	5.835969	-1.861938	7.703793	-0.16580627893946132	-0.1291543646475804	-0.03316125578789226	-0.8762	0.366	-0.9009
780.0	5.83695	-1.8629190000000002	7.698888000000001	-0.17453292519943295	-0.16057029118347832	-0.06981317007977318	-0.8771	0.365	-0.8989
781.0	5.809482	-1.869786	7.710660000000001	-0.16406094968746698	-0.13962634015954636	-0.09948376736367678	-0.878	0.3645	-0.8969
782.0	5.766318	-2.025765	7.675344	-0.06632251157578452	-0.1466076571675237	-0.17627825445142728	-0.8791	0.3646	-0.8952
783.0	5.755527000000001	-2.218041	7.623351	0.08203047484373349	-0.12217304763960307	-0.24085543677521748	-0.8802	0.3639	-0.8932
784.0	5.749641	-2.4377850000000003	7.556643	0.1361356816555577	-0.12740903539558607	-0.2617993877991494	-0.8822	0.3632	-0.8908
785.0	5.749641	-2.607498	7.500726	0.19896753472735357	-0.10995574287564276	-0.312413936106985	-0.8831	0.3617	-0.8881
786.0	5.765337000000001	-2.7222750000000002	7.457562	0.23911010752322315	-0.09948376736367678	-0.34732052114687156	-0.8846	0.3601	-0.8863
787.0	5.815368	-2.788002	7.415379000000001	0.21467549799530256	-0.10471975511965978	-0.3665191429188092	-0.8852	0.3565	-0.8838
788.0	5.832045000000001	-2.794869	7.424208000000001	0.1780235837034216	-0.13962634015954636	-0.3752457891787809	-0.8868	0.353	-0.882
789.0	5.83695	-2.719332	7.478163	0.1064650843716541	-0.19722220547535926	-0.34033920413889424	-0.8877	0.3486	-0.8803
790.0	5.863437	-2.578068	7.589997000000001	0.04537856055185257	-0.24085543677521748	-0.3368485456349056	-0.8889	0.344	-0.8785
791.0	5.829102	-2.4201270000000004	7.742052	-0.027925268031909273	-0.36477381366681483	-0.2844886680750757	-0.8899	0.3388	-0.8762
792.0	5.816349	-2.242566	7.900974000000001	-0.07853981633974483	-0.5427973973702365	-0.2530727415391778	-0.891	0.333	-0.8733
793.0	5.815368	-2.003202	8.068725	-0.1466076571675237	-0.7155849933176751	-0.24434609527920614	-0.8926	0.3279	-0.8695
794.0	5.777109	-1.787382	8.255115	-0.26878070480712674	-0.8709192967451704	-0.24085543677521748	-0.894	0.3229	-0.863
795.0	5.772204	-1.5960870000000003	8.405208	-0.3752457891787809	-1.0838494654884787	-0.2565634000431664	-0.8961	0.3187	-0.8533
796.0	5.733945	-1.5303600000000002	8.540586000000001	-0.5131268000863328	-1.2740903539558606	-0.28623399732707	-0.8997	0.3146	-0.8401
797.0	5.715306	-1.4705190000000001	8.665173	-0.5078908123303499	-1.361356816555577	-0.30717794835100204	-0.9036	0.3114	-0.8239
798.0	5.678028	-1.5480180000000001	8.764254	-0.5410520681182421	-1.5498523757709646	-0.3665191429188092	-0.9087	0.3084	-0.8046
799.0	5.665275	-1.668681	8.824095	-0.47647488579445196	-1.7523105690023069	-0.4328416544945937	-0.9143	0.3055	-0.7855
800.0	5.6378070000000005	-1.852128	8.845677	-0.4537856055185257	-1.9739673840055867	-0.5288347633542818	-0.9215	0.3029	-0.7662
801.0	5.665275	-2.021841	8.859411	-0.3490658503988659	-2.2375121010567303	-0.6161012259539983	-0.9284	0.3001	-0.7468
802.0	5.658408	-2.1974400000000003	8.925138	-0.25132741228718347	-2.56388867117967	-0.7068583470577035	-0.937	0.2971	-0.7265
802.9999999999999	5.628978	-2.427975	8.967321	-0.16755160819145562	-2.7523842303950574	-0.773180858633488	-0.946	0.293	-0.7038
803.9999999999999	5.638788	-2.6487000000000003	9.011466	-0.061086523819801536	-3.129375348825833	-0.9424777960769379	-0.9556	0.2876	-0.6787
805.0000000000001	5.575023000000001	-2.9645820000000005	9.185103	-0.020943951023931952	-3.5552356863124492	-1.2060225131280815	-0.9664	0.2806	-0.6525
806.0	5.473980000000001	-3.184326	9.381303	0.04014257279586958	-4.103269071438668	-1.5166911199830724	-0.976	0.2718	-0.6241
807.0	5.321925	-3.4256520000000004	9.600066	-0.0	-4.756022211684548	-1.8814649336498872	-0.9865	0.2608	-0.5925
808.0	5.209110000000001	-3.4501770000000005	9.837468	-0.10471975511965978	-5.434955290710342	-2.1642082724729685	-0.9964	0.2465	-0.5552
809.0	5.043321000000001	-3.40407	10.167084000000001	-0.49741883681838395	-6.31285590446349	-2.316051917396475	-1.0049	0.2292	-0.5088
810.0	5.148288000000001	-3.2019840000000004	10.514358000000001	-0.7417649320975901	-6.839945338565777	-2.3282692221604355	-1.0118	0.2089	-0.4506
811.0	5.991948000000001	-3.209832	10.852803000000002	-1.4049900478554354	-7.663740745507101	-2.1467549799530254	-1.0171	0.1856	-0.3809
811.9999999999999	7.222122	-3.324609	10.971504000000001	-1.6249015336067207	-7.981390669370069	-2.1956241990088667	-1.0187	0.1602	-0.299
813.0000000000001	8.406189000000001	-3.508056	11.035269000000001	-1.4625859131712482	-7.944738755078188	-2.5953045977155678	-1.015	0.1311	-0.2096
814.0	9.286146	-3.5580870000000004	10.967580000000002	-1.017526953912694	-7.698647330546988	-2.750638901143063	-1.007	0.0993	-0.1147
815.0	10.127844	-3.3363810000000003	10.587933	-1.0629055144645467	-7.3967053699519685	-2.6406831582674206	-0.9917	0.0647	-0.0171
816.0	11.235393	-3.1647060000000002	10.161198	-1.137954672300303	-7.2029738229805975	-2.56388867117967	-0.9708	0.0278	0.0824
817.0	12.192848999999999	-3.169611	9.797247	-1.239183768915974	-6.455972903127025	-2.4818581963359363	-0.9428	-0.01	0.1795
818.0	12.726512999999999	-3.4335	9.429372	-0.9581857593448869	-5.525712411814048	-2.535963403147761	-0.9086	-0.0487	0.2738
819.0	12.91977	-3.8945700000000003	8.979093	-0.07504915783575616	-4.516912104161325	-2.572615317439642	-0.8695	-0.0875	0.3625
819.9999999999999	13.370049	-4.701933	8.44641	1.4189526818713898	-3.691371367968007	-2.5830872929516078	-0.8259	-0.1254	0.4442
821.0000000000001	13.892922	-5.06196	8.229609	1.9722220547535925	-2.0158552860534504	-2.0036379812894904	-0.7794	-0.1607	0.5169
822.0000000000001	13.726152	-4.821615	8.136414	1.6022122533307945	0.25481807079117214	-0.9669124056048586	-0.7319	-0.1932	0.577
823.0	13.329828000000001	-4.386051	8.095212	1.2566370614359172	1.2636183784438948	-0.4886921905584123	-0.689	-0.2206	0.6278
824.0	12.798126	-4.224186	8.023599	0.5689773361501514	2.9304078140984795	0.3438298626428829	-0.6512	-0.2432	0.663
825.0	11.947599	-4.420386000000001	7.986321000000001	0.23212879051524585	3.8851029149393774	0.8255407361933178	-0.622	-0.2604	0.6887
826.0	10.61442	-4.667598	7.8499620000000006	0.2775073510670984	4.272566008882119	1.0000736613927508	-0.6017	-0.2723	0.702
827.0	9.286146	-4.660731	7.503669	0.41015237421866746	4.25685804561417	1.0314895879286488	-0.5907	-0.2797	0.7069
827.9999999999999	8.335557	-4.465512	7.0632	0.460766922526503	4.068362486398782	1.038470904936626	-0.588	-0.2815	0.7011
828.9999999999999	7.791102	-4.111371	6.5785860000000005	0.4276056667386107	3.9479347680111734	1.0192722831646885	-0.5941	-0.2787	0.69
830.0000000000001	6.850323	-3.5198280000000004	6.129288000000001	0.32637657012293964	3.691371367968007	1.0192722831646885	-0.6076	-0.2723	0.6671
831.0	5.280723	-3.180402	5.379804	0.1832595714594046	3.563962332572421	1.1222467090323538	-0.6283	-0.2631	0.6366
832.0	4.256559	-3.342267	4.72842	0.06806784082777885	3.6459928074161545	1.3421581947836396	-0.6537	-0.2523	0.6013
833.0	3.6816930000000005	-3.6493200000000003	4.144725	0.054105206811824215	3.988077340807043	1.689478715930511	-0.6815	-0.2412	0.5592
834.0	3.6297	-3.902418	3.739572	0.18675022996339324	4.403465702781694	2.097885760897184	-0.7097	-0.2292	0.5172
835.0	4.0132710000000005	-4.016214	3.5041320000000002	0.38571776469074687	4.801400772236401	2.452187599052033	-0.7376	-0.2154	0.4717
836.0	4.703895	-4.0083660000000005	3.3952410000000004	0.4520402762665313	4.974188368183839	2.6057765732275344	-0.7648	-0.2004	0.4254
836.9999999999999	5.584833000000001	-3.995613	3.379545	0.46949356878647464	5.270894341022875	2.8675759610266836	-0.7921	-0.1825	0.377
838.0000000000001	6.5050110000000005	-4.020138	3.4207470000000004	0.3508111796508603	5.515240436302081	3.073524812762014	-0.8184	-0.1624	0.3282
839.0	7.404588	-4.085865	3.498246	0.21118483949131386	5.6286868376817125	3.2061698359135833	-0.844	-0.1397	0.2728
840.0	8.206065	-4.1888700000000005	3.562011	0.1064650843716541	5.653121447209633	3.2271137869375153	-0.8679	-0.1149	0.2198
841.0	8.817228	-4.316400000000001	3.624795	0.06981317007977318	5.555383009097951	3.1381019950858047	-0.8907	-0.0877	0.159
842.0	9.255735000000001	-4.389975000000001	3.6542250000000003	0.04014257279586958	5.482079180514189	2.9845130209103035	-0.9126	-0.0581	0.0969
843.0	9.586332	-4.377222	3.6532440000000004	-0.029670597283903602	5.36165146212658	2.90248254606657	-0.9331	-0.0259	0.0339
844.0	9.845316	-4.260483000000001	3.6375480000000002	-0.12740903539558607	5.215043804959057	2.7209683038591597	-0.9525	0.0077	-0.039
844.9999999999999	10.082718000000002	-4.033872000000001	3.6620730000000004	-0.3700098014227979	5.096361415823442	2.560398012675681	-0.9717	0.0446	-0.1116
846.0000000000001	10.326006	-3.7621350000000002	3.7307430000000004	-0.6597344572538565	5.003858965467742	2.466150233067988	-0.9895	0.0828	-0.1873
847.0000000000001	10.564389	-3.510018	3.8818170000000003	-1.017526953912694	4.927064478379992	2.4155356847601523	-1.0066	0.1218	-0.2644
848.0	10.836126	-3.2333760000000002	4.1202	-1.3439035240356338	4.876449930072156	2.377138441216277	-1.0214	0.1607	-0.3443
849.0	11.151027000000001	-2.912589	4.392918	-1.5184364492350666	4.864232625308197	2.3596851486963333	-1.0343	0.202	-0.426
850.0	11.530674000000001	-2.62908	4.723515	-1.7662732030182615	4.869468613064179	2.2671826983406342	-1.0438	0.245	-0.5139
851.0	11.910321	-2.323008	5.029587	-1.7662732030182615	4.869468613064179	2.2671826983406342	-1.0523	0.2844	-0.59
852.0	12.408669	-2.1719340000000003	5.417082000000001	-1.5132004614790837	5.054473513775579	1.8709929581379212	-1.0516	0.3302	-0.6818
852.9999999999999	12.948219000000002	-2.023803	5.76828	-1.293288975727798	5.201081170943102	1.5533430342749532	-1.0439	0.3778	-0.778
853.9999999999999	13.613337	-1.8138690000000002	6.008625	-1.2374384396639797	5.342452840354643	1.2217304763960306	-1.0271	0.4262	-0.8678
855.0000000000001	14.342220000000001	-1.591182	6.071409	-1.2304571226560024	5.042256209011618	0.9424777960769379	-1.0001	0.4724	-0.9612
856.0	15.076008	-1.4352030000000002	5.952708	-1.2636183784438948	5.187118536927147	0.8203047484373349	-0.9627	0.5175	-1.0526
857.0	15.831377999999999	-1.3694760000000001	5.606415	-1.1728612573401895	4.785692808968451	0.5899212871740833	-0.916	0.5615	-1.1418
858.0	16.560261	-1.3783050000000001	5.031549	-1.0088003076527223	4.167846253762459	0.5044001538263612	-0.8617	0.6036	-1.2265
859.0	17.273448	-1.293939	4.2879510000000005	-0.921533845053006	3.344050846821135	0.6579891280018623	-0.8013	0.6422	-1.3052
860.0	17.987616	-0.997677	3.3579630000000003	-0.8499753457212386	2.387610416728243	0.9843656981248018	-0.7377	0.6775	-1.3751
861.0	18.911718	-0.6190110000000001	2.228832	-0.7208209810736581	1.3491395117916167	1.1990411961201044	-0.6708	0.7152	-1.4464
861.9999999999999	20.187018	0.030411	0.7514460000000001	-0.6667157742618339	0.8255407361933178	1.239183768915974	-0.6092	0.7446	-1.497
863.0000000000001	21.573171000000002	0.7200540000000001	-0.7906860000000001	-0.43458698374658805	-0.4258603374866164	1.0821041362364843	-0.554	0.7702	-1.5372
864.0	22.666005000000002	1.325331	-2.159181	0.41713369122664473	-1.530653753999027	0.6457718232379019	-0.5077	0.792	-1.5694
865.0	20.784447	0.10692900000000001	-1.1458080000000002	3.8676496224194343	-2.569124658935653	-0.62482787221397	-0.4728	0.8037	-1.5929
866.0	16.964433000000003	-2.531961	1.150713	4.916592502868026	-1.8099064343181197	-1.3002702927357754	-0.4501	0.8044	-1.6099
867.0	12.702969	-4.3615260000000005	0.6504030000000001	5.876523591464907	-3.036872898470133	-1.7505652397503124	-0.4384	0.7929	-1.6217
868.0	10.569294	-3.996594	0.544455	4.492477494633404	-5.782275811857214	-2.5272367568877896	-0.4414	0.7703	-1.6254
869.0	10.190628	-3.0048030000000003	2.136618	3.501130479500625	-6.02662190713642	-2.3928464044842257	-0.4578	0.7373	-1.6192
869.9999999999999	9.877689	-1.5303600000000002	3.783717	2.246238747316702	-4.754276882432554	-2.092649773141201	-0.4858	0.6965	-1.6068
871.0000000000001	8.192331	-0.7475220000000001	5.135535	0.9634217471008699	-3.5465090400524772	-1.7959438003021653	-0.5208	0.6502	-1.5869
872.0000000000001	5.771223000000001	-0.826002	6.724755	0.19896753472735357	-3.7908551353316837	-1.9390607989657	-0.5624	0.599	-1.561
873.0	3.41388	-1.773648	8.432676	0.029670597283903602	-4.118977034706618	-1.4590952546672593	-0.6083	0.5445	-1.5289
874.0	1.5784289999999999	-3.2314140000000005	10.46727	0.18500490071139894	-4.241150082346221	-1.0140362954087054	-0.6574	0.4882	-1.489
875.0	4.814748000000001	-1.750104	10.097433000000002	0.9756390518648302	-5.323254218582705	-1.960004749989632	-0.7076	0.4344	-1.4415
876.0	6.330393	0.659232	8.043219	0.09075712110370514	0.3560471674068432	0.3665191429188092	-0.7544	0.3892	-1.3956
877.0	9.720729	2.9017980000000003	9.429372	0.24783675378319478	-1.1397000015522971	-0.6370451769779303	-0.7976	0.3519	-1.3504
877.9999999999999	10.538883	2.736009	10.402524000000001	-0.19024088846738194	-0.4014257279586958	0.12391837689159739	-0.8342	0.3235	-1.3105
878.9999999999999	9.484308	1.666719	9.749178	-0.27052603405912107	-0.6998770300497261	0.024434609527920613	-0.8637	0.3032	-1.2774
880.0000000000001	8.285526	-0.397305	9.163521000000001	-0.2844886680750757	-0.38048177693476387	0.12042771838760874	-0.8875	0.2894	-1.2497
881.0	8.359101	-1.755009	9.022257	-0.1361356816555577	-0.44331363000655966	0.0	-0.9078	0.2791	-1.2272
882.0	8.627895	-2.154276	8.931024	-0.1361356816555577	-0.32114058236695664	0.013962634015954637	-0.9246	0.272	-1.2106
883.0	8.615142	-1.722636	8.835867	-0.16231562043547265	-0.2583087292951608	0.061086523819801536	-0.9366	0.2664	-1.1995
884.0	8.212932	-0.891729	8.301222	-0.2129301687433082	-0.1832595714594046	0.12391837689159739	-0.9437	0.2634	-1.1959
885.0	5.596605	-1.2919770000000002	7.933347	-0.1710422666954443	-0.15184364492350666	0.1308996938995747	-0.9464	0.2639	-1.1993
886.0	6.585453	-1.247832	8.095212	-0.18151424220741028	-0.13264502315156904	0.13264502315156904	-0.9497	0.2648	-1.2006
886.9999999999999	6.089067000000001	-1.7795340000000002	7.796007	-0.15533430342749532	-0.10821041362364843	0.10995574287564276	-0.9529	0.2666	-1.199
888.0000000000001	6.028245000000001	-2.065986	7.686135	-0.16231562043547265	-0.11344640137963143	0.10297442586766545	-0.9557	0.2698	-1.1946
889.0	6.048846000000001	-2.220984	7.649838000000001	-0.17453292519943295	-0.10821041362364843	0.11519173063162574	-0.9569	0.2726	-1.1865
890.0	6.076314	-2.015955	7.628256	-0.21118483949131386	-0.08203047484373349	0.12042771838760874	-0.9593	0.2754	-1.1765
891.0	5.989986000000001	-1.913931	7.657686	-0.21118483949131386	-0.06981317007977318	0.12740903539558607	-0.9611	0.2781	-1.167
892.0	5.919354000000001	-2.058138	7.663572	-0.21991148575128552	-0.06981317007977318	0.12391837689159739	-0.9627	0.2812	-1.1596
893.0	5.854608000000001	-2.204307	7.639047	-0.21118483949131386	-0.05759586531581287	0.11519173063162574	-0.964	0.2845	-1.1544
894.0	5.80752	-2.2612050000000004	7.635123	-0.2007128639793479	-0.031415926535897934	0.12391837689159739	-0.9657	0.2879	-1.1514
894.9999999999999	5.808501	-2.303388	7.603731000000001	-0.17453292519943295	-0.012217304763960306	0.1308996938995747	-0.9672	0.2906	-1.1504
896.0000000000001	5.819292	-2.282787	7.595883000000001	-0.14486232791552936	0.006981317007977318	0.1361356816555577	-0.9685	0.294	-1.1506
897.0000000000001	5.821254000000001	-2.323008	7.576263	-0.1308996938995747	0.012217304763960306	0.13962634015954636	-0.9698	0.2979	-1.153
898.0	5.79771	-2.382849	7.566453	-0.10122909661567112	0.027925268031909273	0.1117010721276371	-0.9708	0.301	-1.1568
899.0	5.772204	-2.456424	7.550757000000001	-0.0715584993317675	0.024434609527920613	0.09075712110370514	-0.9723	0.3045	-1.1651
900.0	5.749641	-2.526075	7.5370230000000005	-0.05235987755982989	0.027925268031909273	0.06283185307179587	-0.9731	0.3072	-1.1714
901.0	5.736888	-2.5545240000000002	7.533099000000001	-0.041887902047863905	0.03665191429188092	0.06283185307179587	-0.9736	0.3099	-1.1807
902.0	5.72904	-2.578068	7.523289000000001	-0.031415926535897934	0.024434609527920613	0.05759586531581287	-0.9735	0.3117	-1.1894
902.9999999999999	5.707458	-2.611422	7.528194	-0.019198621771937627	0.029670597283903602	0.041887902047863905	-0.9736	0.3139	-1.1961
903.9999999999999	5.688819	-2.6055360000000003	7.542909000000001	-0.024434609527920613	0.015707963267948967	0.03316125578789226	-0.9737	0.3153	-1.2
905.0000000000001	5.672142000000001	-2.5712010000000003	7.567434	-0.024434609527920613	0.006981317007977318	0.054105206811824215	-0.9733	0.317	-1.2015
906.0	5.661351	-2.552562	7.583130000000001	-0.0645771823237902	0.020943951023931952	0.08028514559173916	-0.9731	0.3183	-1.2028
907.0	5.668218	-2.4858540000000002	7.617465	-0.08377580409572781	-0.003490658503988659	0.10471975511965978	-0.9717	0.3191	-1.2031
908.0	5.690780999999999	-2.4211080000000003	7.632180000000001	-0.0942477796076938	0.003490658503988659	0.12042771838760874	-0.9711	0.3203	-1.2033
909.0	5.7143250000000005	-2.353419	7.647876	-0.11693705988362008	0.012217304763960306	0.14835298641951802	-0.9709	0.3209	-1.2006
910.0	5.743755	-2.292597	7.657686	-0.14486232791552936	0.026179938779914945	0.1780235837034216	-0.9701	0.3227	-1.2012
911.0	5.773185000000001	-2.252376	7.6567050000000005	-0.15184364492350666	0.05061454830783556	0.22514747350726852	-0.9695	0.3243	-1.1987
911.9999999999999	5.782014	-2.247471	7.646895	-0.1361356816555577	0.06981317007977318	0.21467549799530256	-0.9698	0.3264	-1.1951
913.0000000000001	5.777109	-2.252376	7.645914	-0.12042771838760874	0.07679448708775051	0.21642082724729686	-0.9699	0.3286	-1.1923
914.0	5.769261	-2.2739580000000004	7.634142000000001	-0.12566370614359174	0.0890117918517108	0.2059488517353309	-0.9703	0.3314	-1.1897
915.0	5.723154000000001	-2.340666	7.617465	-0.10471975511965978	0.08028514559173916	0.17976891295541594	-0.9713	0.3345	-1.1904
916.0	5.679009	-2.427975	7.6056930000000005	-0.07330382858376185	0.06981317007977318	0.1466076571675237	-0.9712	0.3375	-1.1891
917.0	5.647617	-2.524113	7.567434	-0.038397243543875255	0.04537856055185257	0.09948376736367678	-0.9718	0.3406	-1.1862
918.0	5.613282000000001	-2.622213	7.535061000000001	-0.038397243543875255	0.04537856055185257	0.09948376736367678	-0.9713	0.3432	-1.1833
919.0	5.56227	-2.736009	7.514460000000001	0.05759586531581287	0.05585053606381855	0.010471975511965976	-0.9709	0.3463	-1.1853
919.9999999999999	5.515182	-2.818413	7.500726	0.09599310885968812	0.024434609527920613	-0.017453292519943295	-0.9705	0.3485	-1.186
921.0000000000001	5.4651510000000005	-2.920437	7.478163	0.12042771838760874	0.04014257279586958	-0.03316125578789226	-0.9707	0.3506	-1.1877
922.0000000000001	5.433758999999999	-2.9704680000000003	7.477182	0.15009831567151233	0.048869219055841226	-0.0645771823237902	-0.9696	0.3512	-1.1874
923.0	5.427873000000001	-2.9959740000000004	7.4605049999999995	0.18675022996339324	0.04363323129985824	-0.09599310885968812	-0.9686	0.3519	-1.188
924.0	5.3964810000000005	-3.032271	7.457562	0.19373154697137057	0.038397243543875255	-0.1413716694115407	-0.9669	0.3509	-1.188
925.0	5.387652	-3.008727	7.482087000000001	0.21467549799530256	0.0	-0.17627825445142728	-0.9657	0.3496	-1.186
926.0	5.373918	-2.9792970000000003	7.496802000000001	0.2059488517353309	-0.04363323129985824	-0.2007128639793479	-0.9648	0.3468	-1.1848
927.0	5.371956	-2.919456	7.533099000000001	0.2181661564992912	-0.06806784082777885	-0.20245819323134223	-0.9646	0.344	-1.186
927.9999999999999	5.383728	-2.843919	7.563510000000001	0.17453292519943295	-0.0645771823237902	-0.19896753472735357	-0.9641	0.3408	-1.1875
928.9999999999999	5.429835000000001	-2.7379710000000004	7.581168000000001	0.16231562043547265	-0.06283185307179587	-0.17976891295541594	-0.9647	0.3371	-1.1856
930.0000000000001	5.461227	-2.660472	7.597845	0.143116998663535	-0.04537856055185257	-0.15707963267948966	-0.964	0.3322	-1.1841
931.0	5.490657	-2.573163	7.628256	0.1413716694115407	-0.015707963267948967	-0.13439035240356337	-0.9638	0.3275	-1.182
932.0	5.534802000000001	-2.490759	7.640028000000001	0.1361356816555577	-0.010471975511965976	-0.13264502315156904	-0.9644	0.3232	-1.1815
933.0	5.573061000000001	-2.4211080000000003	7.651800000000001	0.1361356816555577	0.029670597283903602	-0.10297442586766545	-0.9651	0.3185	-1.1811
934.0	5.641731	-2.3553810000000004	7.648857	0.15533430342749532	0.03665191429188092	-0.10821041362364843	-0.9659	0.3141	-1.1805
935.0	5.686857	-2.3308560000000003	7.614522	0.17453292519943295	0.06981317007977318	-0.10297442586766545	-0.9665	0.3101	-1.1799
936.0	5.67999	-2.353419	7.590978000000001	0.22863813201125716	0.024434609527920613	-0.1884955592153876	-0.9671	0.3063	-1.1794
936.9999999999999	5.651541	-2.400507	7.5595859999999995	0.22863813201125716	0.024434609527920613	-0.1884955592153876	-0.9675	0.3026	-1.1794
938.0000000000001	5.614263	-2.559429	7.531137000000001	0.3543018381548489	-0.08203047484373349	-0.2827433388230814	-0.9678	0.2976	-1.1792
939.0	5.592681000000001	-2.719332	7.4938590000000005	0.3892084231947355	-0.07504915783575616	-0.291469985083053	-0.9678	0.2927	-1.1788
940.0	5.626035000000001	-2.688921	7.48503	0.3385938748868999	-0.031415926535897934	-0.2530727415391778	-0.968	0.2879	-1.1783
941.0	5.624073000000001	-2.6634150000000005	7.514460000000001	0.3141592653589793	-0.013962634015954637	-0.24434609527920614	-0.9677	0.2829	-1.1786
942.0	5.64075	-2.488797	7.563510000000001	0.20420352248333654	-0.008726646259971648	-0.19896753472735357	-0.9676	0.2775	-1.1791
943.0	5.6456550000000005	-2.3082930000000004	7.618446	0.1117010721276371	-0.022689280275926284	-0.13439035240356337	-0.9674	0.272	-1.1784
944.0	5.6378070000000005	-2.1160170000000003	7.676325	0.04363323129985824	-0.041887902047863905	-0.07853981633974483	-0.9669	0.2669	-1.178
944.9999999999999	5.646636	-1.9767150000000002	7.723413000000001	-0.008726646259971648	-0.03316125578789226	-0.04363323129985824	-0.9665	0.2617	-1.1775
946.0000000000001	5.704515000000001	-1.850166	7.752843	-0.022689280275926284	-0.05235987755982989	-0.017453292519943295	-0.9662	0.2573	-1.1767
947.0000000000001	5.765337000000001	-1.733427	7.783254	-0.038397243543875255	-0.04537856055185257	-0.006981317007977318	-0.9661	0.2526	-1.1752
948.0	5.810463	-1.560771	7.80876	-0.038397243543875255	-0.061086523819801536	-0.010471975511965976	-0.9663	0.2493	-1.172
949.0	5.823216	-1.377324	7.853886	-0.038397243543875255	-0.08726646259971647	-0.024434609527920613	-0.9653	0.247	-1.1666
950.0	5.7829950000000006	-1.385172	7.870563000000001	-0.07504915783575616	-0.06981317007977318	-0.015707963267948967	-0.9657	0.2445	-1.1601
951.0	5.771223000000001	-1.4018490000000001	7.859772	-0.06981317007977318	-0.08028514559173916	-0.03316125578789226	-0.9661	0.243	-1.151
952.0	5.731002000000001	-1.5440940000000003	7.844076	-0.09075712110370514	-0.05759586531581287	-0.06283185307179587	-0.9664	0.242	-1.142
952.9999999999999	5.695686	-1.6951680000000002	7.848000000000001	-0.11868238913561441	-0.09599310885968812	-0.06981317007977318	-0.9673	0.2413	-1.1353
953.9999999999999	5.726097	-1.8727289999999999	7.769520000000001	-0.15184364492350666	-0.15533430342749532	-0.0715584993317675	-0.969	0.2406	-1.1307
955.0000000000001	5.697648	-2.0169360000000003	7.790121000000001	-0.17976891295541594	-0.16231562043547265	-0.10471975511965978	-0.9702	0.2394	-1.1274
956.0	5.669199	-2.05029	7.848000000000001	-0.13439035240356337	-0.19198621771937624	-0.1064650843716541	-0.9715	0.2392	-1.1263
957.0	5.690780999999999	-2.07972	7.843095	-0.15707963267948966	-0.2426007660272118	-0.11344640137963143	-0.9725	0.2386	-1.1259
958.0	5.6809709999999995	-2.053233	7.896069	-0.1832595714594046	-0.26529004630313807	-0.1291543646475804	-0.9739	0.2388	-1.1276
959.0	5.715306	-2.003202	7.896069	-0.25132741228718347	-0.3246312408709453	-0.12566370614359174	-0.976	0.2384	-1.1308
960.0	5.695686	-1.9472850000000002	7.977492000000001	-0.2932153143350474	-0.34732052114687156	-0.12042771838760874	-0.978	0.2386	-1.1348
961.0	5.7143250000000005	-1.884501	8.027523	-0.34732052114687156	-0.45029494701453704	-0.1117010721276371	-0.9804	0.2384	-1.1396
961.9999999999999	5.684895	-1.8629190000000002	8.111889	-0.4118977034706618	-0.5602506898901798	-0.09250245035569947	-0.9819	0.2393	-1.144
963.0000000000001	5.684895	-1.8531090000000001	8.165844	-0.4677482395344803	-0.7330382858376184	-0.0942477796076938	-0.9844	0.2393	-1.1439
964.0	5.608377	-1.8403559999999999	8.329671	-0.4625122517784973	-0.8813912722571364	-0.10995574287564276	-0.9868	0.2405	-1.1384
965.0	5.626035000000001	-1.8099450000000001	8.379702	-0.46949356878647464	-1.0559241974565694	-0.12042771838760874	-0.9902	0.2424	-1.1286
966.0	5.643693000000001	-1.836432	8.384607	-0.4939281783143953	-1.202531854624093	-0.143116998663535	-0.9947	0.2435	-1.1137
967.0	5.62113	-1.877634	8.464068000000001	-0.5148721293383273	-1.2828170002158321	-0.16231562043547265	-1.0004	0.2452	-1.0963
968.0	5.667237	-1.9325700000000001	8.447391	-0.5201081170943103	-1.4049900478554354	-0.19373154697137057	-1.0071	0.2466	-1.0769
969.0	5.655465	-2.043423	8.484669	-0.5305800926062761	-1.5760323145508794	-0.24609142453120045	-1.0136	0.2479	-1.0579
969.9999999999999	5.698629	-2.168991	8.457201	-0.5393067388662478	-1.7470745812463238	-0.291469985083053	-1.022	0.2501	-1.0399
971.0000000000001	5.678028	-2.3092740000000003	8.474859	-0.5078908123303499	-1.9373154697137058	-0.3490658503988659	-1.0309	0.2517	-1.0215
972.0000000000001	5.704515000000001	-2.424051	8.518023	-0.4625122517784973	-2.241002759560719	-0.4241150082346221	-1.0419	0.2529	-1.0014
973.0	5.6633130000000005	-2.625156	8.671059000000001	-0.42062434973063345	-2.450442269800039	-0.4590215932745087	-1.0533	0.2539	-0.98
974.0	5.623092000000001	-2.852748	8.780931	-0.29496064358704166	-2.9321531433504737	-0.5794493116621174	-1.066	0.2537	-0.9582
975.0	5.5259730000000005	-3.1087890000000002	8.957511	-0.2007128639793479	-3.4156093461529027	-0.7819075048934596	-1.0795	0.2518	-0.9328
976.0	5.412177	-3.341286	9.209628	-0.09599310885968812	-3.9915679993110316	-1.0332349171806432	-1.0935	0.2485	-0.9035
977.0	5.285628	-3.5188470000000005	9.452916	-0.05061454830783556	-4.581489286485115	-1.2880529879718152	-1.1076	0.2422	-0.8724
977.9999999999999	5.088447	-3.6846360000000002	9.728577000000001	0.08028514559173916	-5.178391890667176	-1.5882496193148399	-1.1226	0.2347	-0.8362
978.9999999999999	4.877532	-3.7827360000000003	9.969903	0.14486232791552936	-5.852088981936987	-1.837831702350029	-1.1379	0.224	-0.792
980.0000000000001	4.664655	-3.734667	10.214172	0.11868238913561441	-6.225589441863773	-1.9181168479417683	-1.1518	0.2099	-0.7347
981.0	4.739211	-3.608118	10.443726	-0.09599310885968812	-7.065092812073046	-1.9058995431778079	-1.1636	0.193	-0.6681
982.0	5.256198	-3.496284	10.677204000000001	-0.36302848441482055	-7.887142889762375	-1.6982053621904827	-1.1737	0.1729	-0.5864
983.0	6.16068	-3.3452100000000002	10.632078000000002	-0.619591884457987	-8.36885376331281	-1.5725416560468908	-1.1797	0.1502	-0.496
984.0	7.001397000000001	-3.273597	10.522206	-0.6771877497737998	-8.637634468119936	-1.7540558982543013	-1.1815	0.1262	-0.3965
985.0	7.851924	-3.31578	10.300500000000001	-0.158824961931484	-8.620181175599994	-2.0839231268812295	-1.1773	0.1002	-0.2904
986.0	8.577864	-3.280464	9.969903	0.05061454830783556	-8.552113334772216	-2.155481626212997	-1.1661	0.0722	-0.1779
986.9999999999999	9.223362000000002	-3.215718	9.5157	0.21642082724729686	-8.407251006856685	-2.241002759560719	-1.1464	0.0439	-0.0572
988.0000000000001	10.131768	-3.230433	9.008523	0.23561944901923448	-8.025023900669927	-2.2689280275926285	-1.1176	0.014	0.069
989.0	11.134350000000001	-3.52179	8.370873	0.4258603374866164	-7.2029738229805975	-2.2846359908605773	-1.0801	-0.0162	0.1965
990.0	12.353733000000002	-3.934791	7.646895	0.8569566627292158	-6.094689747964199	-2.0437805540853597	-1.0341	-0.0455	0.3188
991.0	13.703589000000001	-3.883779	6.682572	0.9075712110370514	-4.143411644234538	-1.6667894356545847	-0.9807	-0.0738	0.4364
992.0	14.615919	-3.8180520000000002	5.649579	0.9075712110370514	-4.143411644234538	-1.6667894356545847	-0.9276	-0.0988	0.5369
993.0	16.404282	-4.270293000000001	6.482448000000001	0.5009094953223726	1.3962634015954636	-0.2827433388230814	-0.8708	-0.1211	0.6341
994.0	16.871238	-4.9383539999999995	7.062219	0.9145525280450286	6.010913943868471	0.38222710618675815	-0.8201	-0.1408	0.7128
994.9999999999999	15.518439	-5.272875	7.278039000000001	1.286307658719821	6.593853914034577	0.22863813201125716	-0.7797	-0.1553	0.7655
996.0000000000001	13.815423000000001	-5.153193	7.079877000000001	0.8866272600131193	6.003932626860494	0.08552113334772216	-0.7506	-0.1652	0.7999
997.0000000000001	12.020193	-4.8167100000000005	6.826779	0.005235987755982988	5.033529562751646	0.2530727415391778	-0.7366	-0.1706	0.8103
998.0	10.441764000000001	-4.568517	6.619788	-0.6457718232379019	4.586725274241099	0.5393067388662478	-0.7318	-0.1734	0.7975
999.0	9.203742	-4.384089	6.671781000000001	-0.7382742735936013	4.612905213021013	0.6824237375297829	-0.7398	-0.1714	0.7709
1000.0	7.9667010000000005	-4.466493	6.9140880000000005	-0.5131268000863328	5.028293574995664	1.0210176124166828	-0.7573	-0.1663	0.7286
1001.0	6.379443	-5.144364	7.447752	-0.024434609527920613	5.569345643113906	1.340412865531645	-0.7874	-0.1572	0.6723
1002.0	4.750002	-5.702553000000001	7.972587	0.32812189937493397	6.02662190713642	1.6755160819145565	-0.8193	-0.1452	0.6069
1002.9999999999999	1.88352	-5.479866	6.743394	0.3193952531149623	6.323327879975456	1.9949113350295187	-0.8602	-0.1299	0.5232
1003.9999999999999	0.43262100000000003	-4.742154	5.812425	0.10122909661567112	6.4943701466709	2.2706733568446227	-0.8986	-0.1122	0.4348
1005.0000000000001	0.849546	-4.098618	5.282685	-0.14835298641951802	6.5380033779707585	2.426007660272118	-0.9342	-0.0925	0.3489
1006.0	1.7756100000000001	-3.9759930000000003	5.2287300000000005	-0.23911010752322315	6.508332780686854	2.443460952792061	-0.9634	-0.0708	0.2576
1007.0	2.945943	-4.095675	5.390595	-0.4328416544945937	6.428047635095116	2.3893557459802373	-0.9845	-0.0458	0.1677
1008.0	3.80628	-4.015233	5.627997000000001	-0.6213372137099813	6.3774330867872795	2.2148228207808045	-1.0022	-0.0185	0.0795
1009.0	4.40469	-3.638529	5.837931	-0.8517206749732328	6.412339671827167	1.9704767255015982	-1.0146	0.011	-0.0143
1010.0	4.912848	-3.0057840000000002	6.002739	-1.0716321607245183	6.4873888296629225	1.6667894356545847	-1.0221	0.0418	-0.1096
1011.0	5.5612889999999995	-2.3092740000000003	6.152832	-1.3212142437597074	6.644468462342412	1.3316862192716734	-1.0228	0.0727	-0.207
1011.9999999999999	6.440265	-1.783458	6.331374	-1.4381513036433275	6.743952229706089	1.0262536001726656	-1.018	0.1029	-0.3045
1013.0000000000001	7.457562	-1.5519420000000002	6.5707379999999995	-1.5655603390389137	6.87310659435367	0.895353906273091	-1.0064	0.1325	-0.4015
1014.0	8.488593	-1.5303600000000002	6.854247	-1.6755160819145565	6.89754120388159	0.7627088831215221	-0.988	0.1603	-0.4979
1015.0	9.496080000000001	-1.6461180000000002	7.174053	-1.668534764906579	6.674139059626316	0.8587019919812102	-0.9628	0.1869	-0.5921
1016.0	10.487871	-1.793268	7.48503	-1.668534764906579	6.674139059626316	0.8587019919812102	-0.9378	0.2101	-0.6762
1017.0	11.24226	-2.141523	7.845057	-1.2514010736799344	5.768313177841259	1.6249015336067207	-0.9026	0.2344	-0.764
1018.0	11.882853	-2.548638	8.229609	-1.0768681484805014	5.342452840354643	2.179916235740918	-0.8624	0.259	-0.8476
1019.0	12.513636000000002	-2.8811970000000002	8.569035000000001	-1.0210176124166828	5.145230634879284	2.443460952792061	-0.8188	0.284	-0.9261
1019.9999999999999	13.241538000000002	-3.0744540000000002	8.762292	-1.0088003076527223	4.843288674284264	2.912954521578536	-0.7722	0.3099	-0.9994
1021.0000000000001	13.91058	-2.9998980000000004	8.794665	-1.106538745764405	4.497713482389387	3.139847324337799	-0.7222	0.3388	-1.0663
1022.0000000000001	14.622786	-2.8959120000000005	8.631819	-1.054178868204575	4.029965242854907	3.035127569218139	-0.6717	0.3691	-1.1254
1023.0	15.487047	-2.7340470000000003	8.272773	-0.6876597252857658	3.490658503988659	2.5953045977155678	-0.6212	0.4011	-1.1765
1024.0	16.425864	-2.4995880000000006	7.677306	-0.11868238913561441	2.9583330821303884	2.0263272615654166	-0.5719	0.4341	-1.2182
1025.0	17.532432	-1.980639	6.801273000000001	0.2059488517353309	2.6162485487395	1.2793263417118435	-0.5244	0.4652	-1.2509
1026.0	18.751815	-1.182105	5.5916999999999994	0.3909537524467298	2.0525072003453313	0.9337511498169663	-0.4749	0.4968	-1.2836
1027.0	20.401857	-0.073575	3.9730500000000006	0.06632251157578452	1.3892820845874863	0.1780235837034216	-0.4348	0.523	-1.3043
1028.0	22.368762	1.091853	2.05029	-0.42062434973063345	0.6597344572538565	-0.619591884457987	-0.4	0.5468	-1.3206
1029.0	24.144372	2.10915	0.08436600000000001	-0.598647933434055	-0.1308996938995747	-1.3107422682477414	-0.3701	0.5669	-1.3345
1030.0	25.009614	2.6624339999999997	-1.5499800000000001	-0.32114058236695664	-1.0262536001726656	-1.837831702350029	-0.3471	0.5822	-1.3454
1031.0	23.203593	0.859356	-1.0879290000000001	3.459242577452761	-2.008873969045473	-2.3108159296404924	-0.3317	0.5894	-1.3531
1032.0	19.713195000000002	-0.442431	0.44537400000000005	3.771656513559746	-1.7505652397503124	-3.246312408709453	-0.3235	0.5862	-1.359
1033.0	15.206481000000002	-1.8079830000000001	1.3194450000000002	4.335397861953915	-1.8256143975860686	-3.0490902032340936	-0.3218	0.5709	-1.3633
1034.0	10.050345	-0.25702200000000003	1.222326	3.0543261909900767	-4.375540434749784	-2.3666664657043106	-0.3292	0.547	-1.364
1035.0	8.331633000000002	-0.31686300000000006	1.847223	1.3369222070276563	-8.182103533349418	-1.2967796342317868	-0.3477	0.5189	-1.357
1036.0	8.931024	0.84366	3.863178	0.7749261878854823	-7.0092422760092274	-1.233947781159991	-0.3761	0.4873	-1.3422
1037.0	8.174673	1.7599140000000002	5.8487219999999995	-0.8325220532012952	-4.616395871525001	-0.41015237421866746	-0.4104	0.4553	-1.3191
1038.0	5.911506	0.763218	8.144262000000001	-1.2007865253720986	-4.379031093253773	-0.4415683007545654	-0.4487	0.4234	-1.2881
1039.0	5.972328	-1.7344080000000002	10.380942000000001	0.44505895925855404	-5.29707427980279	-1.3002702927357754	-0.4911	0.3907	-1.2466
1040.0	3.9681450000000003	-2.417184	11.389410000000002	0.13439035240356337	0.1064650843716541	0.44505895925855404	-0.5321	0.3591	-1.202
1041.0	4.271274	-0.746541	11.081376	0.3961897402027128	-0.9354964790689606	-0.7487462491055673	-0.5725	0.3293	-1.1542
1042.0	6.526593	0.845622	9.789399000000001	0.1064650843716541	-0.7906341511534313	-0.3159045946109737	-0.6112	0.3053	-1.1057
1043.0	9.425448000000001	1.9149120000000002	9.229248	-0.05061454830783556	-0.6614797865058508	-0.32114058236695664	-0.6476	0.289	-1.0587
1044.0	12.82167	-0.332559	9.911043	0.15009831567151233	-0.5934119456780721	-0.34732052114687156	-0.6795	0.2786	-1.0161
1045.0	12.796164000000001	-0.665118	10.013067	0.20245819323134223	-0.6178465552059926	-0.40840704496667307	-0.7029	0.2709	-0.9832
1046.0	10.171008	-2.478006	9.266526	0.08726646259971647	-0.3543018381548489	-0.3368485456349056	-0.7194	0.266	-0.9597
1047.0	8.727957000000002	-4.246749	8.749539	0.12566370614359174	-0.3961897402027128	-0.2897246558310587	-0.7307	0.2612	-0.9437
1048.0	8.465049	-3.793527	8.229609	-0.013962634015954637	-0.22165681500327983	-0.13264502315156904	-0.7392	0.2554	-0.934
1049.0	5.875209	-1.9276650000000002	7.784235	-0.16929693744344995	-0.20769418098732523	0.054105206811824215	-0.7439	0.2506	-0.9325
1050.0	5.997834000000001	-1.60884	8.28945	-0.2827433388230814	-0.1884955592153876	0.16231562043547265	-0.749	0.2454	-0.9339
1051.0	6.360804	-1.51074	8.144262000000001	-0.4537856055185257	-0.22863813201125716	0.25481807079117214	-0.7527	0.2422	-0.9389
1052.0	6.215616000000001	-1.915893	8.052048000000001	-0.5375614096142535	-0.22165681500327983	0.3089232776029963	-0.7552	0.2406	-0.94
1053.0	6.165585	-1.7295030000000002	8.067744000000001	-0.6108652381980153	-0.25481807079117214	0.3420845333908886	-0.7579	0.2401	-0.9387
1054.0	6.168528	-1.2360600000000002	8.040276	-0.6719517620178169	-0.26703537555513246	0.38571776469074687	-0.7608	0.2409	-0.9412
1055.0	5.97429	-1.29492	8.127585	-0.6963863715457375	-0.28099800957108706	0.3892084231947355	-0.763	0.2434	-0.9418
1056.0	5.943879	-1.4204880000000002	7.990245000000001	-0.6894050545377601	-0.26354471705114374	0.38048177693476387	-0.7645	0.2472	-0.9382
1057.0	5.832045000000001	-1.509759	7.9667010000000005	-0.6527531402458793	-0.24085543677521748	0.34033920413889424	-0.7667	0.252	-0.9334
1058.0	5.705496	-2.009088	7.828380000000001	-0.6073745796940266	-0.23387411976724015	0.3159045946109737	-0.7686	0.2581	-0.931
1059.0	5.67018	-2.301426	7.7126220000000005	-0.5480333851262195	-0.21118483949131386	0.27576202181510406	-0.7696	0.2648	-0.9285
1060.0	5.651541	-2.561391	7.6007880000000005	-0.49741883681838395	-0.17627825445142728	0.24783675378319478	-0.7711	0.2733	-0.9238
1061.0	5.638788	-2.8753110000000004	7.454619000000001	-0.4328416544945937	-0.13962634015954636	0.22689280275926285	-0.7725	0.2813	-0.9175
1062.0	5.636826	-3.087207	7.360443	-0.3420845333908886	-0.11868238913561441	0.18675022996339324	-0.7749	0.289	-0.9162
1063.0	5.646636	-3.274578	7.2623429999999995	-0.28623399732707	-0.0715584993317675	0.13788101090755203	-0.7764	0.2966	-0.9163
1064.0	5.646636	-3.4001460000000003	7.18092	-0.2234021442552742	-0.03490658503988659	0.1117010721276371	-0.7784	0.3036	-0.9117
1065.0	5.646636	-3.503151	7.138737000000001	-0.17976891295541594	-0.041887902047863905	0.0942477796076938	-0.7802	0.3098	-0.9076
1066.0	5.6456550000000005	-3.557106	7.12206	-0.1308996938995747	-0.03665191429188092	0.05585053606381855	-0.7827	0.3148	-0.908
1067.0	5.643693000000001	-3.578688	7.128927000000001	-0.09773843811168245	-0.054105206811824215	0.024434609527920613	-0.7844	0.3196	-0.9095
1068.0	5.662332000000001	-3.510999	7.165224000000001	-0.11344640137963143	-0.04537856055185257	0.04014257279586958	-0.7856	0.3241	-0.9066
1069.0	5.653503000000001	-3.4903980000000003	7.170129	-0.10821041362364843	-0.04537856055185257	0.04014257279586958	-0.7863	0.3274	-0.9061
1070.0	5.655465	-3.4550820000000004	7.195635000000001	-0.10821041362364843	-0.05235987755982989	0.029670597283903602	-0.7872	0.3295	-0.9066
1071.0	5.662332000000001	-3.4001460000000003	7.238799	-0.10471975511965978	-0.04014257279586958	0.03316125578789226	-0.7878	0.3318	-0.9044
1072.0	5.67018	-3.3510960000000005	7.256457000000001	-0.11868238913561441	-0.03490658503988659	0.031415926535897934	-0.7878	0.3337	-0.9038
1073.0	5.673123	-3.283407	7.297659	-0.1291543646475804	-0.04537856055185257	0.05585053606381855	-0.7887	0.335	-0.9035
1074.0	5.687838	-3.195117	7.336899000000001	-0.15707963267948966	-0.041887902047863905	0.07853981633974483	-0.7879	0.3362	-0.9024
1075.0	5.703534	-3.1303710000000002	7.365348000000001	-0.18151424220741028	-0.048869219055841226	0.10995574287564276	-0.7878	0.3374	-0.9013
1076.0	5.721192000000001	-3.083283	7.381044	-0.18675022996339324	-0.06283185307179587	0.10297442586766545	-0.787	0.3387	-0.8978
1077.0	5.724135	-3.0607200000000003	7.3643670000000006	-0.2059488517353309	-0.06981317007977318	0.09075712110370514	-0.7867	0.3404	-0.8932
1078.0	5.720211	-3.0940740000000004	7.3437660000000005	-0.20420352248333654	-0.06632251157578452	0.09075712110370514	-0.7868	0.3416	-0.8913
1079.0	5.71923	-3.1392	7.316298000000001	-0.1361356816555577	-0.04537856055185257	0.0715584993317675	-0.788	0.3436	-0.8873
1080.0	5.724135	-3.176478	7.283925000000001	-0.0942477796076938	-0.027925268031909273	0.03665191429188092	-0.787	0.345	-0.8837
1081.0	5.7319830000000005	-3.2235660000000004	7.241742	-0.054105206811824215	0.0017453292519943296	0.04537856055185257	-0.7875	0.3464	-0.883
1082.0	5.716287	-3.290274	7.211331	0.026179938779914945	0.003490658503988659	-0.003490658503988659	-0.7873	0.3474	-0.8803
1083.0	5.696667000000001	-3.362868	7.177977	0.06806784082777885	0.010471975511965976	-0.04014257279586958	-0.7867	0.3489	-0.8781
1084.0	5.674104000000001	-3.447234	7.144623	0.09075712110370514	0.008726646259971648	-0.061086523819801536	-0.7872	0.3494	-0.8768
1085.0	5.653503000000001	-3.5149230000000005	7.114212	0.11519173063162574	0.0017453292519943296	-0.09075712110370514	-0.7877	0.3499	-0.8759
1086.0	5.633883000000001	-3.5639730000000003	7.098516000000001	0.1361356816555577	0.0	-0.12042771838760874	-0.7876	0.3502	-0.875
1087.0	5.625054	-3.5943840000000002	7.104402	0.14486232791552936	-0.031415926535897934	-0.1413716694115407	-0.7879	0.3491	-0.8744
1088.0	5.606415	-3.5943840000000002	7.123041	0.13264502315156904	-0.04014257279586958	-0.16231562043547265	-0.7878	0.3476	-0.8738
1089.0	5.609358	-3.552201	7.159338	0.15184364492350666	-0.06981317007977318	-0.16755160819145562	-0.7877	0.3456	-0.8735
1090.0	5.599548	-3.539448	7.19073	0.14486232791552936	-0.07853981633974483	-0.16929693744344995	-0.7885	0.3436	-0.8723
1091.0	5.5946430000000005	-3.4933410000000005	7.2270270000000005	0.1466076571675237	-0.08377580409572781	-0.18151424220741028	-0.7887	0.3412	-0.8717
1092.0	5.626035000000001	-3.4001460000000003	7.2574380000000005	0.12391837689159739	-0.08028514559173916	-0.14835298641951802	-0.7893	0.339	-0.8711
1093.0	5.647617	-3.3403050000000003	7.281963	0.12566370614359174	-0.08552113334772216	-0.13439035240356337	-0.7904	0.3355	-0.8705
1094.0	5.677047	-3.264768	7.291773	0.09599310885968812	-0.06981317007977318	-0.1361356816555577	-0.7909	0.3329	-0.8691
1095.0	5.702553000000001	-3.191193	7.3006020000000005	0.08203047484373349	-0.06632251157578452	-0.1308996938995747	-0.7914	0.3302	-0.868
1096.0	5.72904	-3.1588200000000004	7.303545000000001	0.0890117918517108	-0.08726646259971647	-0.15009831567151233	-0.7918	0.3267	-0.8667
1097.0	5.728059	-3.1392	7.314336000000001	0.0890117918517108	-0.09075712110370514	-0.15358897417550102	-0.7922	0.3239	-0.8659
1098.0	5.750622000000001	-3.1038840000000003	7.31826	0.08726646259971647	-0.09773843811168245	-0.18675022996339324	-0.7925	0.3214	-0.8642
1099.0	5.764356	-3.0881880000000006	7.310412	0.05585053606381855	-0.13264502315156904	-0.2007128639793479	-0.7925	0.3191	-0.8609
1100.0	5.7879	-3.048948	7.304526000000001	0.059341194567807204	-0.15009831567151233	-0.21118483949131386	-0.7943	0.316	-0.8558
1101.0	5.808501	-3.0273660000000002	7.2956970000000005	0.03490658503988659	-0.1466076571675237	-0.21118483949131386	-0.7951	0.3136	-0.8486
1102.0	5.834988	-3.0008790000000003	7.283925000000001	0.013962634015954637	-0.143116998663535	-0.20420352248333654	-0.7955	0.3103	-0.8398
1103.0	5.885019	-2.945943	7.258419	0.010471975511965976	-0.1413716694115407	-0.16231562043547265	-0.796	0.3077	-0.8302
1104.0	5.933088000000001	-2.898855	7.232913	0.019198621771937627	-0.11693705988362008	-0.1291543646475804	-0.7968	0.305	-0.8224
1105.0	5.9939100000000005	-2.8655010000000005	7.174053	0.017453292519943295	-0.059341194567807204	-0.08203047484373349	-0.7976	0.302	-0.8165
1106.0	6.0194160000000005	-2.857653	7.1073450000000005	0.07504915783575616	0.020943951023931952	-0.06283185307179587	-0.7989	0.3	-0.813
1107.0	6.057675000000001	-2.849805	7.052409	0.12566370614359174	0.06283185307179587	-0.08203047484373349	-0.7998	0.297	-0.8113
1108.0	6.071409	-2.9017980000000003	6.991587	0.15184364492350666	0.09599310885968812	-0.12217304763960307	-0.8008	0.2947	-0.8115
1109.0	6.057675000000001	-2.9400570000000004	6.971967	0.21991148575128552	0.07853981633974483	-0.16755160819145562	-0.802	0.2924	-0.8138
1110.0	6.040998	-2.9989170000000005	6.956271	0.23561944901923448	0.0942477796076938	-0.21991148575128552	-0.8003	0.2906	-0.8182
1111.0	6.032169000000001	-3.048948	6.94548	0.2722713633111154	0.06632251157578452	-0.24085543677521748	-0.8005	0.2876	-0.8248
1112.0	6.025302	-3.043062	6.960195000000001	0.30717794835100204	0.09599310885968812	-0.2530727415391778	-0.8003	0.2846	-0.8334
1113.0	5.9939100000000005	-3.079359	6.9827580000000005	0.317649923862968	0.08028514559173916	-0.21642082724729686	-0.7996	0.2812	-0.8425
1114.0	5.946822	-3.111732	7.018074	0.34732052114687156	0.08726646259971647	-0.2234021442552742	-0.7985	0.2771	-0.8501
1115.0	5.896791	-3.135276	7.0896870000000005	0.3508111796508603	0.07504915783575616	-0.2129301687433082	-0.7976	0.2735	-0.8536
1116.0	5.875209	-3.082302	7.176996000000001	0.3787364476827695	0.03490658503988659	-0.21467549799530256	-0.7969	0.269	-0.8541
1117.0	5.8820760000000005	-3.0901500000000004	7.19073	0.3752457891787809	0.022689280275926284	-0.21642082724729686	-0.7959	0.2657	-0.8509
1118.0	5.884038	-2.956734	7.286868	0.39968039870670147	0.03316125578789226	-0.24085543677521748	-0.7957	0.2607	-0.8446
1119.0	5.931126000000001	-2.911608	7.273134	0.36302848441482055	0.022689280275926284	-0.23387411976724015	-0.7946	0.2553	-0.837
1120.0	5.953689000000001	-2.779173	7.321203	0.3717551306747922	0.041887902047863905	-0.24609142453120045	-0.7953	0.2498	-0.8322
1121.0	5.956632	-2.615346	7.397721000000001	0.3246312408709453	0.020943951023931952	-0.23212879051524585	-0.7946	0.2446	-0.8287
1122.0	5.93505	-2.532942	7.446771	0.21467549799530256	-0.013962634015954637	-0.23212879051524585	-0.7944	0.2396	-0.8266
1123.0	5.919354000000001	-2.409336	7.538004	0.2059488517353309	-0.054105206811824215	-0.2059488517353309	-0.7944	0.2351	-0.8263
1124.0	5.8948290000000005	-2.34459	7.627275	0.1308996938995747	-0.10297442586766545	-0.19024088846738194	-0.7952	0.2307	-0.8275
1125.0	5.875209	-2.2955400000000004	7.709679	0.10122909661567112	-0.2129301687433082	-0.19373154697137057	-0.7958	0.2257	-0.8303
1126.0	5.8693230000000005	-2.2739580000000004	7.775406	0.08377580409572781	-0.3141592653589793	-0.21991148575128552	-0.7966	0.2208	-0.8345
1127.0	5.854608000000001	-2.166048	7.889202000000001	0.041887902047863905	-0.3961897402027128	-0.24434609527920614	-0.7976	0.2155	-0.8409
1128.0	5.849703000000001	-2.131713	7.935309	0.017453292519943295	-0.5131268000863328	-0.26529004630313807	-0.7989	0.2115	-0.8482
1129.0	5.79771	-2.00124	8.081478	-0.03490658503988659	-0.6213372137099813	-0.2530727415391778	-0.8004	0.2067	-0.8546
1130.0	5.783976	-1.9423800000000002	8.163882000000001	-0.06632251157578452	-0.6684611035138281	-0.24085543677521748	-0.8022	0.2022	-0.8587
1131.0	5.7800519999999995	-1.946304	8.198217	-0.1413716694115407	-0.8098327729253689	-0.21467549799530256	-0.8046	0.1985	-0.8637
1132.0	5.794767	-1.9747530000000002	8.233533000000001	-0.17453292519943295	-0.9128071987930343	-0.2129301687433082	-0.8076	0.1956	-0.8668
1133.0	5.810463	-2.014974	8.23059	-0.2234021442552742	-1.0576695267085636	-0.24434609527920614	-0.81	0.192	-0.8636
1134.0	5.847741	-2.025765	8.223723000000001	-0.27576202181510406	-1.1571532940722404	-0.27401669256310973	-0.8134	0.1895	-0.8541
1135.0	5.885019	-2.027727	8.209989	-0.2792526803190927	-1.2897983172238097	-0.30717794835100204	-0.8172	0.187	-0.8435
1136.0	5.9173919999999995	-2.00124	8.208027000000001	-0.30543261909900765	-1.3648474750595658	-0.35779249665883756	-0.8216	0.1846	-0.8334
1137.0	5.958594000000001	-2.043423	8.177616	-0.30194196059501904	-1.5044738152191122	-0.3700098014227979	-0.8264	0.1819	-0.8172
1138.0	5.992929	-2.106207	8.16192	-0.2722713633111154	-1.6772614111665507	-0.4363323129985824	-0.8316	0.1793	-0.8005
1139.0	6.031188	-2.185668	8.148186	-0.24783675378319478	-1.8709929581379212	-0.48171087355043496	-0.8375	0.177	-0.7826
1140.0	6.035112	-2.279844	8.188407	-0.18500490071139894	-2.1415189921970423	-0.5445427266222308	-0.8445	0.1745	-0.7625
1141.0	6.0164729999999995	-2.336742	8.284545000000001	-0.11344640137963143	-2.480112867083942	-0.6038839211900381	-0.8519	0.1705	-0.7363
1142.0	5.977233	-2.3906970000000003	8.442486	-0.05585053606381855	-2.9042278753185644	-0.6754424205218056	-0.8603	0.1659	-0.7065
1143.0	5.923278000000001	-2.5201890000000002	8.586693	-0.015707963267948967	-3.1468286413457762	-0.7330382858376184	-0.87	0.1607	-0.6759
1144.0	5.858531999999999	-2.752686	8.745615	0.006981317007977318	-3.618067539384245	-0.9459684545809267	-0.8794	0.1545	-0.6457
1145.0	5.74866	-3.0254040000000004	8.941815	0.0017453292519943296	-4.134684997974567	-1.2915436464758039	-0.8888	0.1465	-0.6135
1146.0	5.578947	-3.2922360000000004	9.184122	-0.013962634015954637	-4.759512870188536	-1.6545721308906243	-0.8977	0.1371	-0.574
1147.0	5.360184	-3.458025	9.485289	-0.13962634015954636	-5.468116546498234	-1.9844393595175527	-0.906	0.1259	-0.5291
1148.0	5.1218010000000005	-3.500208	9.785475000000002	-0.40840704496667307	-6.3861597330472515	-2.158972284716986	-0.9134	0.1123	-0.477
1149.0	5.13063	-3.4354620000000002	10.043478	-0.8970992355250854	-7.363544114164076	-2.075196480621258	-0.9187	0.096	-0.4226
1150.0	5.703534	-3.339324	10.258317000000002	-1.2287117934040082	-7.749261878854823	-1.9582594207376378	-0.919	0.077	-0.3452
1151.0	6.7845960000000005	-3.40407	10.328949	-1.6999506914424771	-8.121017009529616	-1.9216075064457567	-0.915	0.0531	-0.2591
1152.0	7.879392000000001	-3.6159660000000002	10.303443000000001	-1.7749998492782333	-8.17861287484543	-2.2636920398366454	-0.9045	0.0258	-0.1674
1153.0	8.791722	-3.896532	10.260279	-1.1571532940722404	-8.016297254409956	-2.590068609959585	-0.8877	-0.0042	-0.0695
1154.0	9.473517000000001	-3.8170710000000003	10.167084000000001	-0.9337511498169663	-7.794640439406676	-2.689552377323262	-0.8631	-0.0373	0.0328
1155.0	10.112148	-3.591441	9.879651	-0.8796459430051421	-7.651523440743141	-2.7192229746071654	-0.8309	-0.0721	0.1418
1156.0	11.035269000000001	-3.5139420000000006	9.473517000000001	-0.8587019919812102	-7.365289443416071	-2.792526803190927	-0.79	-0.1097	0.2522
1157.0	11.925036	-3.826881	9.026181000000001	-0.38048177693476387	-6.576400621514634	-3.024655593706173	-0.7421	-0.1481	0.3592
1158.0	12.734361000000002	-4.633263	8.45622	0.9145525280450286	-5.318018230826722	-3.1503192998497647	-0.6862	-0.1855	0.4641
1159.0	13.268025000000002	-5.216958000000001	7.878411000000001	2.377138441216277	-4.101523742186674	-3.2951816277652943	-0.6259	-0.22	0.57
1160.0	13.833081	-5.5612889999999995	7.6361040000000004	2.834414705238791	-1.1798425743481666	-2.0629791758572975	-0.5659	-0.2502	0.6539
1161.0	15.392871	-5.6760660000000005	8.008884	1.843067690106012	2.8780479365386493	-0.11344640137963143	-0.5127	-0.2717	0.7264
1162.0	15.437997000000001	-5.617206	8.222742	1.2304571226560024	5.08763476956347	1.0454522219446034	-0.4704	-0.2875	0.787
1163.0	14.617881	-5.769261	8.216856	1.2060225131280815	5.543165704333991	1.2531464029319286	-0.4412	-0.2965	0.8344
1164.0	13.365144	-6.133212	7.907841	1.2514010736799344	5.611233545161769	1.2374384396639797	-0.4256	-0.2983	0.8682
1165.0	11.882853	-6.395139	7.563510000000001	1.1676252695842066	5.078908123303499	1.1484266478122689	-0.4241	-0.2937	0.8884
1166.0	10.269108	-6.376500000000001	7.2142740000000005	0.8883725892651138	4.5937065912490755	1.1588986233242349	-0.4365	-0.2822	0.8976
1167.0	8.987922000000001	-5.985081	6.872886	0.6230825429619757	4.4331363000655974	1.2828170002158321	-0.4617	-0.265	0.8958
1168.0	8.046162	-5.265027	6.691401000000001	0.4241150082346221	4.633849164044945	1.4381513036433275	-0.5004	-0.2438	0.8829
1169.0	7.316298000000001	-4.985442	6.611940000000001	0.3892084231947355	4.806636759992383	1.509709802975095	-0.5515	-0.2189	0.8587
1170.0	6.107706	-5.014872	6.2558370000000005	0.39968039870670147	5.208062487951079	1.6755160819145565	-0.6116	-0.1917	0.8245
1171.0	3.465873	-5.1061049999999994	5.400405	0.38048177693476387	5.62345084992573	1.8535396656179781	-0.6752	-0.1629	0.7826
1172.0	2.386773	-5.13063	4.741173000000001	0.2007128639793479	5.979498017332573	2.033308578573394	-0.7384	-0.1317	0.7342
1173.0	2.440728	-4.734306	4.234977	-0.09773843811168245	6.302383928951524	2.178170906488923	-0.7995	-0.099	0.6781
1174.0	3.1970790000000004	-4.319343000000001	4.052511000000001	-0.4310963252425994	6.480407512654946	2.2794000031045942	-0.859	-0.0656	0.6156
1175.0	4.307571	-4.1251050000000005	4.086846	-0.6475171524898963	6.511823439190844	2.272418686096617	-0.915	-0.0311	0.5454
1176.0	5.414139	-4.086846	4.205547	-0.6998770300497261	6.4961154759228945	2.2427480888127134	-0.9686	0.0061	0.4682
1177.0	6.368652	-4.0642830000000005	4.339944	-0.8395033702092726	6.475171524898963	2.131047016685076	-1.0195	0.0454	0.3844
1178.0	7.236837	-4.023081	4.413519000000001	-1.007054978400728	6.452482244623036	1.9512781037296605	-1.066	0.0868	0.2954
1179.0	7.988283000000001	-3.9730500000000006	4.416462	-1.2095131716320704	6.424556976591128	1.7994344588061537	-1.1062	0.1293	0.201
1180.0	8.673021	-3.858273	4.406652	-1.3439035240356338	6.257005368399671	1.70518667919846	-1.1398	0.1725	0.1019
1181.0	9.327348	-3.8121660000000004	4.458645000000001	-1.5062191444711064	6.061528492176307	1.8675022996339325	-1.1658	0.2162	-0.0038
1182.0	9.954207	-3.8514060000000003	4.608738	-1.5550883635269475	5.928883469024737	1.9792033717615698	-1.1833	0.2613	-0.114
1183.0	10.571256	-3.9210570000000002	4.942278000000001	-1.6371188383706812	5.674065398233566	2.303834612632515	-1.1919	0.308	-0.2275
1184.0	11.19321	-3.969126	5.408253	-1.7278759594743862	5.3843407424025065	2.665117767795341	-1.1904	0.3569	-0.342
1185.0	11.871081	-3.966183	5.953689000000001	-1.8971728969178363	5.078908123303499	3.03163691071415	-1.18	0.4088	-0.4552
1186.0	12.621546	-3.9455820000000004	6.549156	-1.980948701013564	4.82932604026831	3.314380249537232	-1.1605	0.4629	-0.5656
1187.0	13.488750000000001	-3.8857410000000003	7.129908	-1.9303341527057283	4.656538444320871	3.452261260444784	-1.1322	0.5199	-0.6738
1188.0	14.487408	-3.7474200000000004	7.652781000000001	-1.8535396656179781	4.63210383479295	3.41037335839692	-1.0946	0.5792	-0.7777
1189.0	15.718563000000001	-3.444291	7.972587	-1.7627825445142729	4.651302456564888	3.326597554301192	-1.0494	0.6406	-0.8772
1190.0	17.094906	-3.0999600000000003	7.957872000000001	-1.4852751934471744	4.714134309636685	3.001966313430247	-0.9972	0.7029	-0.9703
1191.0	18.39375	-2.686959	7.505631	-1.0000736613927508	4.663519761328848	2.420771672516135	-0.9377	0.7648	-1.054
1192.0	19.474812	-2.049309	6.609978	-0.4276056667386107	4.153883619746504	1.5533430342749532	-0.873	0.8233	-1.1271
1193.0	20.672613000000002	-1.1781810000000001	5.262084	-0.33161255787892263	3.256784384221419	0.5916666164260777	-0.8062	0.8768	-1.189
1194.0	22.53357	-0.205029	3.39426	-0.7243116395776468	2.363175807200322	-0.20420352248333654	-0.7399	0.9241	-1.2391
1195.0	24.300351000000003	0.885843	1.2753	-1.0053096491487339	1.9634954084936207	-0.8237954069413236	-0.6769	0.9657	-1.279
1196.0	25.904286000000003	1.8531090000000001	-0.8878050000000001	-1.3089969389957472	0.9424777960769379	-0.8587019919812102	-0.6179	1.0016	-1.3124
1197.0	25.559955000000002	1.4302980000000003	-1.9060830000000002	-0.012217304763960306	-0.39968039870670147	-1.2095131716320704	-0.5658	1.0305	-1.3388
1198.0	23.116284	-0.6955290000000001	-2.288673	5.482079180514189	-2.5028021473598687	-2.3265238929084413	-0.5257	1.0469	-1.3622
1199.0	19.440477	-0.70632	-0.8662230000000001	5.251695719250937	-2.155481626212997	-2.935643801854462	-0.4991	1.0477	-1.3816
1200.0	15.323220000000001	-2.059119	0.8809380000000001	5.080653452555493	-1.8779742751458985	-1.8657569703819383	-0.4843	1.0346	-1.3988
1201.0	11.324664000000002	-2.5025310000000003	0.493443	5.54665636283798	-3.087487446777969	-2.151990967709008	-0.4807	1.0089	-1.4117
1202.0	7.574301	-0.322749	0.934893	4.169591583014453	-4.6687557490848315	-1.848303677861995	-0.4909	0.9726	-1.4185
1203.0	6.045903	0.36297	2.611422	1.7697638615222502	-6.326818538479444	-0.3665191429188092	-0.5141	0.9324	-1.4178
1204.0	5.020758000000001	1.011411	5.002119	0.9546951008408983	-5.323254218582705	-0.24958208303518914	-0.5471	0.891	-1.409
1205.0	3.0930930000000005	1.542132	7.281963	0.16580627893946132	-4.235914094590238	-0.8045967851693859	-0.5881	0.8482	-1.3961
1206.0	0.850527	1.449918	9.483327000000001	-0.48171087355043496	-4.235914094590238	-1.0122909661567112	-0.6351	0.803	-1.3788
1207.0	2.5692390000000005	0.295281	11.001915	1.038470904936626	-1.8343410438460404	-1.467821900927231	-0.6862	0.756	-1.3504
1208.0	3.6022320000000003	2.4721200000000003	11.16378	0.23561944901923448	0.2844886680750757	0.08028514559173916	-0.7324	0.7132	-1.3212
1209.0	5.094333	2.680092	9.706995000000001	0.4485496177625427	-0.7138396640656808	-0.7295476273336297	-0.7738	0.6794	-1.291
1210.0	7.722432	4.073112	8.524890000000001	0.10471975511965978	-0.2844886680750757	-0.16406094968746698	-0.812	0.6529	-1.2554
1211.0	9.513738	4.662693	9.586332	-0.017453292519943295	-0.3717551306747922	-0.13264502315156904	-0.8473	0.6348	-1.2169
1212.0	11.560103999999999	1.959057	10.207305	-0.06632251157578452	-0.3420845333908886	-0.06632251157578452	-0.8773	0.6247	-1.1855
1213.0	11.100015	0.357084	9.851202	0.020943951023931952	-0.30717794835100204	-0.19024088846738194	-0.8998	0.6177	-1.1566
1214.0	9.470574000000001	-1.445994	9.180198	0.18675022996339324	-0.2617993877991494	-0.3490658503988659	-0.9178	0.6117	-1.1359
1215.0	8.757387000000001	-2.909646	8.844696	0.2059488517353309	-0.24085543677521748	-0.38048177693476387	-0.9296	0.6052	-1.119
1216.0	8.403246000000001	-3.5973270000000004	8.599446	0.1710422666954443	-0.2129301687433082	-0.38571776469074687	-0.9377	0.5991	-1.1057
1217.0	5.769261	-1.9100070000000002	7.8931260000000005	0.14835298641951802	-0.16406094968746698	-0.3543018381548489	-0.9413	0.5937	-1.1019
1218.0	5.661351	-1.816812	7.983378	0.11519173063162574	-0.15707963267948966	-0.28623399732707	-0.9464	0.5893	-1.0963
1219.0	6.037074	-2.003202	8.064801000000001	0.03490658503988659	-0.12042771838760874	-0.21467549799530256	-0.9502	0.5845	-1.0874
1220.0	5.5259730000000005	-2.0856060000000003	7.828380000000001	0.031415926535897934	-0.12217304763960307	-0.16755160819145562	-0.9532	0.5804	-1.0842
1221.0	5.790843000000001	-2.302407	7.848000000000001	0.0017453292519943296	-0.1117010721276371	-0.09948376736367678	-0.956	0.5763	-1.0801
1222.0	5.730021	-2.113074	7.8244560000000005	-0.03316125578789226	-0.1117010721276371	-0.08377580409572781	-0.9585	0.5722	-1.0774
1223.0	5.783976	-1.839375	7.887240000000001	-0.04537856055185257	-0.10122909661567112	-0.059341194567807204	-0.961	0.5683	-1.0703
1224.0	5.804577	-1.498968	7.951986000000001	-0.04014257279586958	-0.09075712110370514	-0.0715584993317675	-0.9626	0.5641	-1.0713
1225.0	5.8134060000000005	-1.5323220000000002	7.947081000000001	-0.03316125578789226	-0.06283185307179587	-0.07504915783575616	-0.9643	0.5604	-1.0649
1226.0	5.781033000000001	-1.619631	7.899993	-0.019198621771937627	-0.05061454830783556	-0.08377580409572781	-0.9662	0.5572	-1.0621
1227.0	5.781033000000001	-1.689282	7.856829	-0.026179938779914945	-0.03665191429188092	-0.07504915783575616	-0.9671	0.5546	-1.0598
1228.0	5.7623940000000005	-1.8403559999999999	7.803855	-0.0017453292519943296	-0.0471238898038469	-0.07679448708775051	-0.9672	0.5524	-1.0573
1229.0	5.742774000000001	-1.9109880000000001	7.776387	-0.0017453292519943296	-0.038397243543875255	-0.06981317007977318	-0.9669	0.5513	-1.057
1230.0	5.74866	-1.949247	7.750881000000001	0.005235987755982988	-0.027925268031909273	-0.05061454830783556	-0.9672	0.5499	-1.0533
1231.0	5.750622000000001	-1.978677	7.7253750000000005	-0.029670597283903602	-0.020943951023931952	-0.026179938779914945	-0.9677	0.5484	-1.0534
1232.0	5.765337000000001	-1.9600380000000002	7.705755	-0.020943951023931952	-0.015707963267948967	-0.006981317007977318	-0.9681	0.5473	-1.0481
1233.0	5.779071	-1.9109880000000001	7.710660000000001	-0.041887902047863905	-0.024434609527920613	0.003490658503988659	-0.9684	0.5463	-1.0507
1234.0	5.7751470000000005	-1.8678240000000002	7.717527	-0.038397243543875255	-0.022689280275926284	0.024434609527920613	-0.9688	0.5463	-1.0454
1235.0	5.779071	-1.819755	7.724394	-0.05585053606381855	-0.017453292519943295	0.03316125578789226	-0.9695	0.5459	-1.0479
1236.0	5.779071	-1.783458	7.741071000000001	-0.041887902047863905	-0.019198621771937627	0.03316125578789226	-0.9692	0.5457	-1.0466
1237.0	5.77809	-1.7618760000000002	7.742052	-0.03490658503988659	-0.008726646259971648	0.029670597283903602	-0.9687	0.5458	-1.0457
1238.0	5.7751470000000005	-1.760895	7.744995	-0.013962634015954637	-0.020943951023931952	0.012217304763960306	-0.9687	0.5455	-1.0449
1239.0	5.773185000000001	-1.771686	7.7430330000000005	-0.019198621771937627	-0.0017453292519943296	0.026179938779914945	-0.9696	0.5451	-1.0439
1240.0	5.7623940000000005	-1.8099450000000001	7.738128	-0.013962634015954637	-0.024434609527920613	0.015707963267948967	-0.9693	0.5451	-1.043
1241.0	5.756508	-1.861938	7.737147	-0.03490658503988659	-0.029670597283903602	0.027925268031909273	-0.9696	0.5458	-1.0428
1242.0	5.741793	-1.9001970000000001	7.737147	-0.029670597283903602	-0.031415926535897934	0.015707963267948967	-0.9699	0.5466	-1.0425
1243.0	5.72904	-1.9384560000000002	7.729299000000001	-0.026179938779914945	-0.020943951023931952	0.024434609527920613	-0.9702	0.547	-1.0419
1244.0	5.732964000000001	-1.951209	7.726356	-0.017453292519943295	-0.03316125578789226	0.024434609527920613	-0.9702	0.5465	-1.0413
1245.0	5.727078000000001	-1.936494	7.739109000000001	-0.05585053606381855	-0.04014257279586958	0.05759586531581287	-0.9707	0.5474	-1.0409
1246.0	5.726097	-1.901178	7.744995	-0.0715584993317675	-0.054105206811824215	0.06632251157578452	-0.9711	0.5478	-1.0404
1247.0	5.723154000000001	-1.859976	7.761672000000001	-0.0942477796076938	-0.04363323129985824	0.08203047484373349	-0.972	0.5485	-1.0403
1248.0	5.732964000000001	-1.822698	7.7606910000000005	-0.08726646259971647	-0.05061454830783556	0.07504915783575616	-0.9722	0.5488	-1.0396
1249.0	5.72904	-1.804059	7.745976	-0.10821041362364843	-0.038397243543875255	0.0942477796076938	-0.9727	0.5495	-1.0389
1250.0	5.72904	-1.8285840000000002	7.744995	-0.08377580409572781	-0.0471238898038469	0.08203047484373349	-0.9733	0.5509	-1.0382
1251.0	5.727078000000001	-1.8482040000000002	7.733223000000001	-0.09250245035569947	-0.03316125578789226	0.09075712110370514	-0.9734	0.5516	-1.0361
1252.0	5.723154000000001	-1.8884250000000002	7.718508000000001	-0.06283185307179587	-0.05585053606381855	0.07504915783575616	-0.9731	0.5523	-1.0318
1253.0	5.712363000000001	-1.9109880000000001	7.715565	-0.05235987755982989	-0.048869219055841226	0.06981317007977318	-0.9731	0.5531	-1.0258
1254.0	5.707458	-1.9433610000000001	7.709679	-0.041887902047863905	-0.05759586531581287	0.0645771823237902	-0.9732	0.5543	-1.0173
1255.0	5.702553000000001	-2.032632	7.673382	-0.027925268031909273	-0.05759586531581287	0.054105206811824215	-0.973	0.5553	-1.0089
1256.0	5.6937240000000005	-2.102283	7.659648000000001	-0.0	-0.0645771823237902	0.03490658503988659	-0.9733	0.5565	-1.0018
1257.0	5.694705000000001	-2.191554	7.622370000000001	0.024434609527920613	-0.05759586531581287	0.017453292519943295	-0.9741	0.5572	-0.9966
1258.0	5.6898	-2.238642	7.61256	0.020943951023931952	-0.06806784082777885	-0.003490658503988659	-0.9748	0.5581	-0.9939
1259.0	5.702553000000001	-2.284749	7.606674	0.0715584993317675	-0.059341194567807204	-0.024434609527920613	-0.9756	0.5588	-0.993
1260.0	5.725116000000001	-2.2621860000000003	7.591959000000001	0.05061454830783556	-0.03665191429188092	-0.027925268031909273	-0.9765	0.5587	-0.9933
1261.0	5.747679	-2.241585	7.590978000000001	0.06283185307179587	-0.027925268031909273	-0.010471975511965976	-0.9773	0.559	-0.995
1262.0	5.77809	-2.18763	7.593921000000001	0.06632251157578452	-0.006981317007977318	-0.019198621771937627	-0.9777	0.5592	-0.999
1263.0	5.80752	-2.151333	7.578225	0.05585053606381855	0.027925268031909273	0.0	-0.9789	0.559	-1.0047
1264.0	5.802615	-2.1670290000000003	7.570377000000001	0.07853981633974483	0.015707963267948967	-0.0017453292519943296	-0.9793	0.5592	-1.0129
1265.0	5.782014	-2.164086	7.584111	0.0715584993317675	0.005235987755982988	-0.03316125578789226	-0.9792	0.5584	-1.021
1266.0	5.7879	-2.1464280000000002	7.576263	0.0471238898038469	-0.048869219055841226	-0.06981317007977318	-0.9791	0.5573	-1.0263
1267.0	5.772204	-2.125827	7.606674	0.05061454830783556	-0.013962634015954637	-0.07330382858376185	-0.9791	0.5561	-1.0284
1268.0	5.771223000000001	-2.104245	7.614522	0.0471238898038469	-0.03490658503988659	-0.09075712110370514	-0.9792	0.555	-1.0259
1269.0	5.784957	-2.0640240000000003	7.616484	0.020943951023931952	-0.041887902047863905	-0.07853981633974483	-0.9795	0.5536	-1.0194
1270.0	5.811444000000001	-2.052252	7.589016	0.020943951023931952	-0.06283185307179587	-0.10297442586766545	-0.9792	0.5525	-1.0112
1271.0	5.782014	-2.0561760000000002	7.611579000000001	0.029670597283903602	-0.04363323129985824	-0.0942477796076938	-0.9795	0.5509	-1.0034
1272.0	5.767299	-2.092473	7.626294000000001	0.0715584993317675	-0.003490658503988659	-0.08028514559173916	-0.9804	0.5493	-0.9987
1273.0	5.783976	-2.039499	7.633161	0.03316125578789226	-0.015707963267948967	-0.08028514559173916	-0.9804	0.5477	-0.996
1274.0	5.8134060000000005	-2.058138	7.616484	0.06632251157578452	0.041887902047863905	-0.06283185307179587	-0.9814	0.5455	-0.9951
1275.0	5.853627	-1.9816200000000002	7.606674	0.10995574287564276	0.029670597283903602	-0.06632251157578452	-0.9829	0.5441	-0.9957
1276.0	5.878152	-1.9580760000000001	7.595883000000001	0.059341194567807204	0.012217304763960306	-0.05235987755982989	-0.984	0.5424	-0.9977
1277.0	5.898753	-1.9129500000000002	7.588035	0.1117010721276371	0.019198621771937627	-0.05759586531581287	-0.9851	0.5408	-1.0008
1278.0	5.886	-1.8580140000000003	7.619427	0.054105206811824215	0.015707963267948967	-0.07504915783575616	-0.9861	0.5391	-1.0067
1279.0	5.8487219999999995	-1.847223	7.668477	0.05061454830783556	-0.012217304763960306	-0.05759586531581287	-0.9864	0.5373	-1.0125
1280.0	5.820273000000001	-1.8236790000000003	7.711641	0.05061454830783556	0.0	-0.04537856055185257	-0.9872	0.5352	-1.0244
1281.0	5.857551	-1.7599140000000002	7.683192	-0.024434609527920613	-0.07504915783575616	-0.05585053606381855	-0.9878	0.534	-1.0316
1282.0	5.837931	-1.735389	7.727337	-0.041887902047863905	-0.10821041362364843	-0.024434609527920613	-0.9883	0.5321	-1.042
1283.0	5.779071	-1.754028	7.797969000000001	-0.06283185307179587	-0.13788101090755203	-0.027925268031909273	-0.9889	0.5307	-1.0449
1284.0	5.781033000000001	-1.653966	7.809741000000001	-0.15358897417550102	-0.1832595714594046	-0.024434609527920613	-0.989	0.5292	-1.0466
1285.0	5.74866	-1.691244	7.887240000000001	-0.13264502315156904	-0.23736477827122882	-0.038397243543875255	-0.9889	0.5282	-1.045
1286.0	5.708439	-1.645137	7.960815	-0.18675022996339324	-0.28099800957108706	-0.03316125578789226	-0.9892	0.5272	-1.043
1287.0	5.687838	-1.623555	8.025561000000001	-0.19024088846738194	-0.2897246558310587	-0.03490658503988659	-0.9896	0.5266	-1.0404
1288.0	5.707458	-1.641213	8.012808	-0.22689280275926285	-0.3455751918948773	-0.026179938779914945	-0.9901	0.5266	-1.0372
1289.0	5.73885	-1.622574	8.008884	-0.26005405854715513	-0.4276056667386107	-0.03490658503988659	-0.991	0.5268	-1.0358
1290.0	5.710401	-1.6529850000000001	8.061858	-0.2775073510670984	-0.4939281783143953	-0.024434609527920613	-0.993	0.5273	-1.0277
1291.0	5.677047	-1.6853580000000001	8.138376000000001	-0.26354471705114374	-0.598647933434055	-0.031415926535897934	-0.9951	0.5272	-1.023
1292.0	5.686857	-1.7108640000000002	8.13249	-0.2530727415391778	-0.6702064327658225	-0.03665191429188092	-0.9979	0.5284	-1.0115
1293.0	5.726097	-1.7618760000000002	8.113851	-0.2583087292951608	-0.7417649320975901	-0.0471238898038469	-1.0011	0.5294	-1.004
1294.0	5.713344	-1.8334890000000001	8.166825000000001	-0.23911010752322315	-0.8255407361933178	-0.05235987755982989	-1.0055	0.5304	-0.9939
1295.0	5.76828	-1.852128	8.119737	-0.22689280275926285	-0.937241808320955	-0.0942477796076938	-1.0098	0.5305	-0.9872
1296.0	5.792805	-1.9776960000000001	8.098155	-0.18151424220741028	-1.038470904936626	-0.11868238913561441	-1.0149	0.531	-0.9804
1297.0	5.83695	-2.0689290000000002	8.055972	-0.11868238913561441	-1.1100294042683936	-0.16929693744344995	-1.0192	0.5307	-0.9729
1298.0	5.858531999999999	-2.17782	8.051067	-0.09075712110370514	-1.2112585008840648	-0.22689280275926285	-1.0246	0.5301	-0.9595
1299.0	5.8948290000000005	-2.31516	8.020656	0.005235987755982988	-1.319468914507713	-0.2984513020910304	-1.0303	0.5297	-0.9475
1300.0	5.94486	-2.414241	7.978473000000001	0.013962634015954637	-1.4189526818713898	-0.3543018381548489	-1.0375	0.5282	-0.9308
1301.0	5.994891	-2.507436	7.931385000000001	0.06283185307179587	-1.5393804002589988	-0.44331363000655966	-1.045	0.5255	-0.9108
1302.0	6.032169000000001	-2.546676	7.899993	0.038397243543875255	-1.6755160819145565	-0.5201081170943103	-1.0528	0.5211	-0.889
1303.0	6.0674850000000005	-2.6016120000000003	7.911765	0.0471238898038469	-1.8570303241219668	-0.6178465552059926	-1.0611	0.5154	-0.8669
1304.0	6.093972	-2.6143650000000003	7.9617960000000005	0.06632251157578452	-2.0996310901491784	-0.7051130178057091	-1.0699	0.5089	-0.8432
1305.0	6.063561	-2.6388900000000004	8.102079	0.1361356816555577	-2.4469516112960497	-0.8237954069413236	-1.0794	0.5006	-0.8137
1306.0	6.034131	-2.65851	8.321823	0.158824961931484	-2.652900463031381	-0.9512044423369096	-1.0897	0.4907	-0.7803
1307.0	5.971347000000001	-2.730123	8.5347	0.32637657012293964	-3.1468286413457762	-1.0402162341886205	-1.1017	0.4789	-0.7432
1308.0	5.888942999999999	-2.8900259999999998	8.735805	0.3961897402027128	-3.6058502346202848	-1.3229595730117016	-1.1142	0.4647	-0.7067
1309.0	5.77809	-3.056796	8.955549000000001	0.44505895925855404	-4.131194339470578	-1.6772614111665507	-1.1275	0.4471	-0.6619
1310.0	5.646636	-3.234357	9.197856	0.41713369122664473	-4.705407663376713	-2.071705822117269	-1.1389	0.4267	-0.6154
1311.0	5.4622079999999995	-3.343248	9.493137	0.32986722862692824	-5.412266010434417	-2.3806290997202657	-1.15	0.4037	-0.5637
1312.0	5.272875	-3.2932170000000003	9.834525	-0.054105206811824215	-6.396631708559218	-2.522000769131806	-1.1605	0.3775	-0.5047
1313.0	5.167908000000001	-3.1293900000000003	10.13373	-0.36826447217080355	-6.881833240613641	-2.504547476611863	-1.1688	0.3478	-0.435
1314.0	5.481828	-3.049929	10.473156000000001	-1.0262536001726656	-7.791149780902686	-2.398082392240209	-1.1738	0.3151	-0.3567
1315.0	6.457923	-3.120561	10.617363000000001	-1.1187560505283651	-8.16290491157748	-2.4452062820440554	-1.1748	0.2796	-0.2698
1316.0	7.675344	-3.2510339999999998	10.572237000000001	-0.8272860654453121	-8.079129107481752	-2.7977627909469103	-1.1695	0.241	-0.1752
1317.0	8.542548	-3.2912550000000005	10.460403000000001	-0.4363323129985824	-7.984881327874057	-2.9408797896104453	-1.1577	0.1987	-0.0736
1318.0	9.117414	-3.0695490000000003	10.317177000000001	-0.44505895925855404	-7.831292353698556	-2.91469985083053	-1.1377	0.1537	0.033
1319.0	9.587313	-2.784078	10.006200000000002	-0.44505895925855404	-7.777187146886733	-2.855358656262723	-1.1093	0.1068	0.1425
1320.0	10.280880000000002	-2.531961	9.580446	-0.4921828490624009	-7.525859734599549	-2.8605946440187062	-1.073	0.0586	0.253
1321.0	11.225583000000002	-2.584935	9.076212	-0.30543261909900765	-6.670648401122327	-2.8518679977587347	-1.0283	0.0105	0.3621
1322.0	12.117312000000002	-2.955753	8.484669	0.3420845333908886	-5.468116546498234	-2.815216083466854	-0.9773	-0.037	0.4669
1323.0	12.883473	-3.348153	8.047143	1.0245082709206714	-4.173082241518442	-2.644173816771409	-0.9201	-0.0833	0.5642
1324.0	14.836644	-3.448215	8.049105	1.4730578886832142	-1.4398966328953218	-1.392772743091475	-0.8615	-0.1261	0.6504
1325.0	15.819606	-3.8465010000000004	8.249229	1.1536626355682518	2.5918139392115793	0.4991641660703783	-0.8084	-0.1633	0.7221
1326.0	15.05835	-4.285008	8.246286000000001	1.1397000015522971	4.091051766674709	1.1397000015522971	-0.7649	-0.1938	0.7775
1327.0	14.014566000000002	-4.62051	7.973568	1.3823007675795091	5.511749777798093	1.7558012275062955	-0.733	-0.2157	0.8153
1328.0	12.817746	-4.815729	7.473258	1.6004669240788003	5.708971983273452	1.8465583486100006	-0.7137	-0.2284	0.8366
1329.0	11.665071000000001	-4.72842	7.009245000000001	1.2775810124598492	5.311036913818745	1.9268434942017398	-0.7072	-0.2332	0.8424
1330.0	10.491795	-4.569498	6.614883000000001	0.6056292504420324	4.7874381382204465	2.0996310901491784	-0.7134	-0.2295	0.8323
1331.0	9.317538	-4.383108	6.3166590000000005	0.05759586531581287	4.51516677490933	2.2444934180647076	-0.7315	-0.2193	0.8071
1332.0	8.403246000000001	-4.249692	6.164604	-0.010471975511965976	4.565781323217166	2.319542575900464	-0.7589	-0.2019	0.7653
1333.0	7.646895	-4.330134	5.945841	0.07853981633974483	4.71238898038469	2.3230332344044524	-0.7976	-0.178	0.7084
1334.0	5.366070000000001	-4.609719	5.250312	0.40491638646268446	5.06320016003555	2.343977185428385	-0.8426	-0.1496	0.6385
1335.0	3.4393860000000003	-4.308552	4.461588	0.598647933434055	5.5030231315381215	2.3736477827122884	-0.8883	-0.1185	0.5586
1336.0	3.046005	-3.7768500000000005	3.9406770000000004	0.5393067388662478	5.834635689417044	2.4225170017681297	-0.9297	-0.0862	0.4716
1337.0	3.2912550000000005	-3.3216660000000005	3.736629	0.3141592653589793	6.059783162924312	2.494075501099897	-0.966	-0.0526	0.3785
1338.0	3.991689	-3.1578390000000005	3.8151090000000005	0.0471238898038469	6.147049625524028	2.5115287936198403	-0.9951	-0.02	0.2789
1339.0	4.7912040000000005	-3.299103	4.039758	-0.05585053606381855	6.152285613280012	2.5028021473598687	-1.0178	0.0122	0.1737
1340.0	5.512239	-3.461949	4.2879510000000005	-0.24434609527920614	6.0754911261922615	2.420771672516135	-1.0314	0.0443	0.0637
1341.0	6.128307	-3.4697970000000002	4.496904	-0.4415683007545654	6.040584541152375	2.234021442552742	-1.0386	0.076	-0.0496
1342.0	6.659028	-3.311856	4.621491000000001	-0.6422811647339133	6.023131248632431	1.9757127132575811	-1.0369	0.1053	-0.1613
1343.0	7.155414000000001	-3.07053	4.69899	-0.8150687606813519	5.991715322096534	1.715658654710426	-1.0266	0.1331	-0.271
1344.0	7.679268000000001	-2.889045	4.772565	-0.9878563566287906	5.9742620295765905	1.5690509975429023	-1.0085	0.158	-0.3762
1345.0	8.261982	-2.794869	4.917753	-1.2147491593880533	5.928883469024737	1.5481070465189704	-0.9808	0.1795	-0.4768
1346.0	8.914347	-2.781135	5.129649000000001	-1.3945180723434694	5.913175505756788	1.5847589608108512	-0.9466	0.1985	-0.5731
1347.0	9.623610000000001	-2.909646	5.4013860000000005	-1.7191493132144147	5.852088981936987	1.7226399717184033	-0.9038	0.2153	-0.6658
1348.0	10.365246	-3.1431240000000003	5.710401	-1.9268434942017398	5.777039824101231	1.8901915799098588	-0.8553	0.2297	-0.7535
1349.0	11.118654	-3.4197660000000005	6.061599	-1.9163715186897738	5.5955255818938205	2.1153390534171272	-0.8022	0.2432	-0.8364
1350.0	11.863233000000001	-3.665997	6.4284930000000005	-1.806415775814131	5.387831400906495	2.4033183799961915	-0.7467	0.2553	-0.9145
1351.0	12.623508	-3.7179900000000004	6.762033000000001	-1.710422666954443	5.1312680008633285	2.7279496208671374	-0.6886	0.2674	-0.9857
1352.0	13.496598	-3.510999	6.996492	-1.7662732030182615	5.016076270231703	2.858849314766712	-0.6303	0.2804	-1.0513
1353.0	14.539401	-3.195117	7.091649	-1.9687313962496036	4.801400772236401	3.024655593706173	-0.5723	0.2955	-1.1114
1354.0	15.767613	-2.987145	6.983739	-1.8500490071139892	4.605923896013035	2.9199358385865137	-0.5143	0.312	-1.1655
1355.0	17.127279	-2.7517050000000003	6.585453	-1.319468914507713	4.317944569433972	2.4225170017681297	-0.4586	0.3313	-1.2155
1356.0	18.49185	-2.316141	5.865399	-0.8272860654453121	3.8746309394274117	1.6982053621904827	-0.4045	0.3518	-1.2614
1357.0	19.765188000000002	-1.5617520000000003	4.83633	-0.6457718232379019	3.2236231284335264	0.8901179185171081	-0.354	0.3721	-1.3005
1358.0	21.009096	-0.511101	3.508056	-0.8220500776893293	2.4312436480281012	0.1308996938995747	-0.3072	0.3927	-1.3301
1359.0	22.332465	0.5944860000000001	1.884501	-0.9599310885968813	2.028072590817411	-0.18675022996339324	-0.2646	0.4121	-1.3584
1360.0	23.769630000000003	1.705959	0.067689	-1.171115928088195	1.1641346110802178	-0.6841690667817772	-0.2257	0.4304	-1.3825
1361.0	24.582879000000002	1.666719	-1.125207	-0.12042771838760874	0.2844886680750757	-0.7452555906015788	-0.1916	0.4482	-1.3979
1362.0	23.326218	-1.127169	-2.0120310000000003	6.665412413366344	-1.790707812546182	-1.6580627893946132	-0.1645	0.4596	-1.41
1363.0	19.952559	-1.344951	-1.350837	6.627015169822469	-2.7576202181510405	-2.246238747316702	-0.1451	0.4577	-1.4187
1364.0	16.075647	-1.011411	0.376704	4.932300466135976	-3.2655110304813904	-0.012217304763960306	-0.1344	0.4447	-1.4249
1365.0	11.834783999999999	0.13734000000000002	0.659232	4.026474584350918	-4.422664324553631	0.26529004630313807	-0.1326	0.4231	-1.4249
1366.0	9.304785	1.68732	0.986886	2.4294983187761066	-6.998770300497261	-0.30717794835100204	-0.1434	0.3962	-1.4165
1367.0	8.932986	3.185307	2.519208	1.4154620233674011	-6.20813614934383	-1.6004669240788003	-0.165	0.3646	-1.4011
1368.0	8.570016	4.478265	4.632282	0.19896753472735357	-4.396484385773716	-1.8256143975860686	-0.1948	0.33	-1.3832
1369.0	6.9906060000000005	4.697028	6.598206	-0.7819075048934596	-3.98284135305106	-1.1414453308042916	-0.2295	0.2928	-1.3561
1370.0	6.453018000000001	1.7589329999999999	9.776646000000001	1.069886831472524	-4.295255289158045	-1.980948701013564	-0.2703	0.2541	-1.3247
1371.0	6.166566	2.240604	10.536921000000001	0.017453292519943295	-0.13788101090755203	0.42062434973063345	-0.3146	0.2114	-1.2896
1372.0	5.4317969999999995	5.062941	10.874385	0.4415683007545654	-0.6440264939859076	-0.6859143960337715	-0.3577	0.1734	-1.261
1373.0	8.022618	5.051169000000001	10.706634	0.36302848441482055	-0.47647488579445196	-0.7504915783575618	-0.3978	0.1431	-1.2288
1374.0	9.808038000000002	4.646016	9.235134	0.4328416544945937	-0.40317105721069013	-0.6946410422937431	-0.4339	0.1205	-1.1968
1375.0	12.18402	3.254958	9.592218	0.3438298626428829	-0.43458698374658805	-0.6283185307179586	-0.4654	0.1026	-1.1699
1376.0	12.578382000000001	1.125207	10.13373	0.3665191429188092	-0.4642575810304917	-0.6213372137099813	-0.4897	0.0874	-1.1452
1377.0	11.091186	-1.1654280000000001	9.598104000000001	0.4118977034706618	-0.22689280275926285	-0.6108652381980153	-0.5057	0.0729	-1.1214
1378.0	9.537282	-2.980278	8.898651000000001	0.3543018381548489	-0.1832595714594046	-0.5619960191421741	-0.5176	0.0605	-1.1062
1379.0	9.056592	-3.738591	8.585712000000001	0.2234021442552742	-0.10297442586766545	-0.41538836197465046	-0.5249	0.0493	-1.0942
1380.0	7.305507	-1.4352030000000002	7.2574380000000005	0.19722220547535926	-0.05759586531581287	-0.30717794835100204	-0.529	0.0386	-1.0845
1381.0	5.808501	-1.557828	7.677306	0.1064650843716541	-0.03665191429188092	-0.21991148575128552	-0.5291	0.0296	-1.0818
1382.0	6.597225	-1.44207	8.282583	0.03490658503988659	0.0	-0.13439035240356337	-0.5299	0.0206	-1.073
1383.0	5.873247	-1.26549	7.9539480000000005	-0.005235987755982988	-0.006981317007977318	-0.06981317007977318	-0.5295	0.0135	-1.0685
1384.0	6.178338000000001	-1.1046060000000002	8.031447	-0.07330382858376185	-0.020943951023931952	-0.012217304763960306	-0.5307	0.007	-1.0653
1385.0	6.060618000000001	-0.8897670000000001	7.944138	-0.0890117918517108	-0.019198621771937627	0.0	-0.5314	0.0016	-1.0597
1386.0	6.127326000000001	-0.5709420000000001	7.933347	-0.08726646259971647	-0.020943951023931952	0.013962634015954637	-0.5315	-0.0026	-1.0574
1387.0	5.969385000000001	-0.27958500000000003	8.067744000000001	-0.11344640137963143	-0.020943951023931952	0.026179938779914945	-0.5318	-0.0046	-1.0606
1388.0	5.867361	-0.49246200000000007	8.038314	-0.12217304763960307	-0.038397243543875255	0.04537856055185257	-0.5313	-0.006	-1.06
1389.0	5.77809	-0.6582510000000001	8.002998	-0.21118483949131386	-0.04014257279586958	0.09075712110370514	-0.5318	-0.0064	-1.0603
1390.0	5.726097	-0.7651800000000001	7.937271000000001	-0.2565634000431664	-0.06632251157578452	0.13788101090755203	-0.5323	-0.0062	-1.0599
1391.0	5.686857	-0.896634	7.919613000000001	-0.2722713633111154	-0.05759586531581287	0.16231562043547265	-0.5334	-0.005	-1.0604
1392.0	5.67018	-1.115397	7.901955	-0.2722713633111154	-0.06632251157578452	0.16580627893946132	-0.5341	-0.0037	-1.0605
1393.0	5.7015720000000005	-1.2380220000000002	7.876449	-0.2530727415391778	-0.048869219055841226	0.158824961931484	-0.5348	-0.0017	-1.0605
1394.0	5.712363000000001	-1.4038110000000001	7.836228	-0.18675022996339324	-0.05759586531581287	0.1361356816555577	-0.5344	0.0003	-1.0607
1395.0	5.71923	-1.4793479999999999	7.821513	-0.16406094968746698	-0.03665191429188092	0.11344640137963143	-0.5347	0.0029	-1.0608
1396.0	5.737869	-1.568619	7.786197	-0.10821041362364843	-0.03665191429188092	0.08203047484373349	-0.5351	0.0055	-1.0609
1397.0	5.753565000000001	-1.655928	7.762653	-0.06981317007977318	-0.013962634015954637	0.06632251157578452	-0.5358	0.0086	-1.0604
1398.0	5.769261	-1.7196930000000001	7.738128	-0.03490658503988659	0.0017453292519943296	0.048869219055841226	-0.5368	0.0108	-1.0598
1399.0	5.790843000000001	-1.8334890000000001	7.717527	0.008726646259971648	0.008726646259971648	0.006981317007977318	-0.5374	0.0133	-1.0596
1400.0	5.80752	-1.9433610000000001	7.698888000000001	0.031415926535897934	0.006981317007977318	-0.003490658503988659	-0.5368	0.0151	-1.0596
1401.0	5.815368	-1.996335	7.686135	0.03316125578789226	0.013962634015954637	-0.017453292519943295	-0.5368	0.0173	-1.0593
1402.0	5.818311	-2.01105	7.684173	0.038397243543875255	0.015707963267948967	-0.010471975511965976	-0.5365	0.0182	-1.0574
1403.0	5.808501	-1.996335	7.683192	0.038397243543875255	0.015707963267948967	-0.010471975511965976	-0.5366	0.0187	-1.0554
1404.0	5.81733	-1.954152	7.693983	0.027925268031909273	0.03665191429188092	-0.024434609527920613	-0.5373	0.0193	-1.0497
1405.0	5.814387	-1.949247	7.696926	0.0471238898038469	0.03665191429188092	-0.017453292519943295	-0.5373	0.0195	-1.0427
1406.0	5.799672	-1.917855	7.707717	0.054105206811824215	0.041887902047863905	-0.017453292519943295	-0.5373	0.0191	-1.035
1407.0	5.783976	-1.8933300000000002	7.711641	0.07504915783575616	0.031415926535897934	-0.031415926535897934	-0.5373	0.0184	-1.0287
1408.0	5.773185000000001	-1.861938	7.727337	0.07504915783575616	0.041887902047863905	-0.05061454830783556	-0.5366	0.0179	-1.0245
1409.0	5.75847	-1.829565	7.735185	0.08377580409572781	0.03665191429188092	-0.05759586531581287	-0.5368	0.0172	-1.022
1410.0	5.753565000000001	-1.8060210000000003	7.742052	0.09075712110370514	0.05061454830783556	-0.059341194567807204	-0.5372	0.0166	-1.0217
1411.0	5.745717	-1.8187740000000001	7.7430330000000005	0.10471975511965978	0.03490658503988659	-0.05235987755982989	-0.5373	0.0153	-1.0233
1412.0	5.735907	-1.8070020000000002	7.74009	0.09599310885968812	0.05585053606381855	-0.05061454830783556	-0.5374	0.0145	-1.026
1413.0	5.721192000000001	-1.787382	7.744014	0.1117010721276371	0.029670597283903602	-0.04537856055185257	-0.5373	0.0136	-1.0288
1414.0	5.69961	-1.753047	7.762653	0.07504915783575616	0.038397243543875255	-0.03665191429188092	-0.5366	0.0128	-1.0354
1415.0	5.683914000000001	-1.723617	7.786197	0.08726646259971647	0.017453292519943295	-0.04014257279586958	-0.5361	0.0117	-1.0437
1416.0	5.6760660000000005	-1.707921	7.794045000000001	0.0715584993317675	0.012217304763960306	-0.019198621771937627	-0.5349	0.0103	-1.0525
1417.0	5.674104000000001	-1.6951680000000002	7.801893000000001	0.08726646259971647	0.003490658503988659	-0.03316125578789226	-0.5341	0.0085	-1.0601
1418.0	5.678028	-1.69713	7.790121000000001	0.1064650843716541	0.015707963267948967	-0.03316125578789226	-0.5336	0.0069	-1.063
1419.0	5.669199	-1.711845	7.793064	0.12391837689159739	0.013962634015954637	-0.03665191429188092	-0.533	0.0054	-1.0625
1420.0	5.6633130000000005	-1.7098830000000003	7.794045000000001	0.1361356816555577	0.03665191429188092	-0.03316125578789226	-0.5322	0.0039	-1.0576
1421.0	5.664294000000001	-1.7000730000000002	7.7812920000000005	0.16580627893946132	0.020943951023931952	-0.04537856055185257	-0.5317	0.0021	-1.0497
1422.0	5.656446	-1.679472	7.790121000000001	0.14835298641951802	0.027925268031909273	-0.031415926535897934	-0.5317	0.0005	-1.0422
1423.0	5.6633130000000005	-1.649061	7.793064	0.15707963267948966	0.03490658503988659	-0.03316125578789226	-0.5319	-0.001	-1.0366
1424.0	5.681952000000001	-1.606878	7.7812920000000005	0.13264502315156904	0.031415926535897934	-0.029670597283903602	-0.5313	-0.0027	-1.0326
1425.0	5.684895	-1.600011	7.789140000000001	0.11519173063162574	0.003490658503988659	-0.006981317007977318	-0.5314	-0.0046	-1.0303
1426.0	5.686857	-1.550961	7.812684	0.08203047484373349	0.015707963267948967	-0.006981317007977318	-0.5316	-0.0059	-1.0305
1427.0	5.683914000000001	-1.5048540000000001	7.8244560000000005	0.06981317007977318	0.0	-0.006981317007977318	-0.5317	-0.0072	-1.0313
1428.0	5.684895	-1.41264	7.833285	0.031415926535897934	-0.005235987755982988	0.003490658503988659	-0.5321	-0.0083	-1.0344
1429.0	5.677047	-1.3684950000000002	7.863696	-0.0017453292519943296	-0.04014257279586958	0.010471975511965976	-0.5326	-0.0095	-1.039
1430.0	5.6603699999999995	-1.310616	7.903917	-0.038397243543875255	-0.0645771823237902	0.04363323129985824	-0.534	-0.0107	-1.0448
1431.0	5.641731	-1.2674520000000002	7.940214	-0.04537856055185257	-0.022689280275926284	0.05061454830783556	-0.5345	-0.0116	-1.0544
1432.0	5.674104000000001	-1.2429270000000001	7.9235370000000005	-0.054105206811824215	-0.04014257279586958	0.04014257279586958	-0.5349	-0.0122	-1.0623
1433.0	5.7015720000000005	-1.281186	7.883316000000001	-0.04363323129985824	-0.07504915783575616	0.048869219055841226	-0.5353	-0.0129	-1.0719
1434.0	5.682933	-1.3341600000000002	7.905879	-0.038397243543875255	-0.054105206811824215	0.05235987755982989	-0.5361	-0.0136	-1.076
1435.0	5.6760660000000005	-1.3243500000000001	7.920594	-0.020943951023931952	-0.017453292519943295	0.04537856055185257	-0.5367	-0.0135	-1.0772
1436.0	5.71923	-1.318464	7.879392000000001	-0.029670597283903602	0.012217304763960306	0.061086523819801536	-0.5372	-0.0135	-1.078
1437.0	5.773185000000001	-1.292958	7.787178	-0.03490658503988659	-0.12391837689159739	0.05759586531581287	-0.5379	-0.0129	-1.0773
1438.0	5.745717	-1.4636520000000002	7.814646	0.010471975511965976	-0.10995574287564276	0.07504915783575616	-0.538	-0.0125	-1.0773
1439.0	5.702553000000001	-1.4352030000000002	7.905879	0.020943951023931952	-0.04014257279586958	0.07853981633974483	-0.5381	-0.0124	-1.0762
1440.0	5.741793	-1.51074	7.862715000000001	0.04014257279586958	-0.06981317007977318	0.0017453292519943296	-0.5379	-0.0115	-1.0755
1441.0	5.725116000000001	-1.577448	7.870563000000001	0.0471238898038469	-0.13264502315156904	0.0	-0.5385	-0.0112	-1.072
1442.0	5.7143250000000005	-1.621593	7.899012000000001	0.0645771823237902	-0.16755160819145562	-0.013962634015954637	-0.5391	-0.0105	-1.0702
1443.0	5.690780999999999	-1.6137450000000002	7.947081000000001	0.03490658503988659	-0.1710422666954443	-0.015707963267948967	-0.5401	-0.0098	-1.0646
1444.0	5.690780999999999	-1.603935	7.981416	0.04537856055185257	-0.2897246558310587	-0.017453292519943295	-0.5411	-0.0091	-1.062
1445.0	5.690780999999999	-1.5941250000000002	7.987302000000001	0.029670597283903602	-0.33161255787892263	-0.019198621771937627	-0.5424	-0.0093	-1.0614
1446.0	5.6378070000000005	-1.621593	8.089326	0.029670597283903602	-0.43458698374658805	-0.03316125578789226	-0.5441	-0.0091	-1.0558
1447.0	5.588757	-1.6157070000000002	8.229609	-0.038397243543875255	-0.5061454830783556	-0.038397243543875255	-0.5463	-0.0096	-1.0493
1448.0	5.575023000000001	-1.522512	8.291412	-0.06283185307179587	-0.6283185307179586	-0.059341194567807204	-0.5492	-0.0106	-1.0407
1449.0	5.624073000000001	-1.5293790000000003	8.235495	-0.15184364492350666	-0.6981317007977318	-0.07330382858376185	-0.552	-0.0106	-1.0391
1450.0	5.595624000000001	-1.49112	8.294355000000001	-0.17278759594743864	-0.7103490055616922	-0.0890117918517108	-0.5553	-0.0115	-1.0365
1451.0	5.65056	-1.4165640000000002	8.306127	-0.19024088846738194	-0.8063421144213803	-0.08726646259971647	-0.5583	-0.0116	-1.0311
1452.0	5.636826	-1.3655519999999999	8.3385	-0.20245819323134223	-0.9337511498169663	-0.0942477796076938	-0.5631	-0.0123	-1.0256
1453.0	5.628978	-1.377324	8.399322	-0.23561944901923448	-1.0088003076527223	-0.10122909661567112	-0.5674	-0.0132	-1.0171
1454.0	5.692743000000001	-1.3812480000000003	8.351253	-0.2059488517353309	-1.096066770252439	-0.11519173063162574	-0.5733	-0.014	-1.0083
1455.0	5.735907	-1.426374	8.340462	-0.19198621771937624	-1.2217304763960306	-0.14486232791552936	-0.5793	-0.0147	-0.9967
1456.0	5.773185000000001	-1.50093	8.292393	-0.12391837689159739	-1.361356816555577	-0.17976891295541594	-0.5868	-0.0156	-0.9875
1457.0	5.845779	-1.622574	8.227647000000001	-0.1117010721276371	-1.3805554383275145	-0.20943951023931956	-0.5942	-0.0161	-0.9776
1458.0	5.936031	-1.6833960000000001	8.15211	-0.048869219055841226	-1.5114551322270893	-0.2844886680750757	-0.6021	-0.0165	-0.9682
1459.0	6.00372	-1.787382	8.090307000000001	-0.022689280275926284	-1.6091935703387719	-0.3787364476827695	-0.6099	-0.018	-0.9506
1460.0	6.068466000000001	-1.849185	8.028504	0.019198621771937627	-1.7296212887263804	-0.47298422729046335	-0.6194	-0.0195	-0.9323
1461.0	6.113592	-1.9796580000000001	7.98534	0.04537856055185257	-1.8465583486100006	-0.5689773361501514	-0.6289	-0.0222	-0.9148
1462.0	6.206787	-2.041461	7.925499	0.019198621771937627	-2.0036379812894904	-0.6754424205218056	-0.6377	-0.0254	-0.8949
1463.0	6.265647	-2.0807010000000004	7.886259	0.020943951023931952	-2.132792345937071	-0.7225663103256524	-0.6477	-0.0295	-0.8753
1464.0	6.244065	-2.131713	7.943157	0.05235987755982989	-2.38237442897226	-0.8464846872172498	-0.6576	-0.0348	-0.8539
1465.0	6.247008000000001	-2.153295	8.0442	0.0471238898038469	-2.694788365079245	-1.02799892942466	-0.6676	-0.0411	-0.831
1466.0	6.1616610000000005	-2.191554	8.267868	0.16580627893946132	-3.2183871406775437	-1.2304571226560024	-0.678	-0.0491	-0.8046
1467.0	5.994891	-2.287692	8.699508000000002	0.35255650890285456	-3.881612256435389	-1.4748032179352084	-0.6883	-0.0592	-0.7752
1468.0	5.788881	-2.422089	9.165483	0.5846852994181004	-4.649557127312893	-1.8011797880581482	-0.6989	-0.0707	-0.7408
1469.0	5.546574000000001	-2.6693010000000004	9.619686000000002	0.630063859969953	-5.513495107050087	-2.1659536017249628	-0.7095	-0.085	-0.7009
1470.0	5.296419000000001	-2.9057220000000004	10.081737	0.5585053606381855	-6.030112565640408	-2.361430477948328	-0.7197	-0.1017	-0.6551
1471.0	5.050188	-3.019518	10.583028	0.16231562043547265	-7.2029738229805975	-2.652900463031381	-0.7289	-0.1213	-0.6021
1472.0	5.107086	-3.111732	11.148084	-0.5183627878423158	-8.372344421816798	-2.705260340591211	-0.736	-0.1435	-0.541
1473.0	6.052770000000001	-3.179421	11.562066000000002	-1.0140362954087054	-8.820894039579342	-2.6965336943312392	-0.7396	-0.1682	-0.4716
1474.0	7.481106	-3.575745	11.649375000000001	-0.6876597252857658	-8.68301302867179	-3.1573006168577424	-0.7391	-0.195	-0.3945
1475.0	8.118756000000001	-3.7513440000000005	11.593458	-0.6789330790257941	-8.398524360596713	-3.1747539093776855	-0.7328	-0.2243	-0.3107
1476.0	8.710299000000001	-3.6865980000000005	11.199096	-0.8395033702092726	-8.23969939866523	-3.1276300195738385	-0.7198	-0.2558	-0.2217
1477.0	9.635382	-3.605175	10.637964	-1.0454522219446034	-7.967428035354114	-2.993239667170275	-0.7005	-0.289	-0.1282
1478.0	10.619325	-3.477645	10.030725	-1.0454522219446034	-7.967428035354114	-2.993239667170275	-0.6799	-0.3202	-0.0411
1479.0	11.474757	-3.699351	9.566712	-0.9337511498169663	-5.928883469024737	-2.9670597283903604	-0.6463	-0.3553	0.0536
1480.0	12.199716	-3.7307430000000004	9.172350000000002	0.16580627893946132	-4.436626958569586	-2.8518679977587347	-0.6062	-0.39	0.1474
1481.0	13.958649000000001	-4.0946940000000005	8.922195	1.4765485471872026	-2.689552377323262	-2.2427480888127134	-0.5616	-0.4228	0.2373
1482.0	15.955965	-4.407633	8.886879	1.4974924982111346	0.8115781021773633	-0.5340707511102649	-0.5161	-0.4524	0.3189
1483.0	17.098830000000003	-4.711743	8.957511	1.4974924982111346	0.8115781021773633	-0.5340707511102649	-0.473	-0.4784	0.3895
1484.0	15.678342	-4.63032	8.782893	1.0140362954087054	4.574507969477138	1.567305668290908	-0.439	-0.4965	0.4427
1485.0	14.388327	-4.720572000000001	8.369892	1.0332349171806432	5.160938598147232	1.9390607989657	-0.4151	-0.5074	0.4798
1486.0	13.011003	-4.7784510000000004	8.013789	1.0873401239924672	4.845034003536259	1.9390607989657	-0.401	-0.5127	0.5034
1487.0	11.499282	-4.64013	7.6007880000000005	0.8621926504851988	4.314453910929982	1.9425514574696887	-0.3972	-0.5107	0.5143
1488.0	9.988542	-4.501809	7.186806000000001	0.8621926504851988	4.314453910929982	1.9425514574696887	-0.3934	-0.5088	0.5252
1489.0	9.168426	-3.942639	6.763014	0.3385938748868999	4.122467693210607	2.10835773640915	-0.4105	-0.495	0.5147
1490.0	8.487612	-3.606156	6.274476	0.3385938748868999	4.122467693210607	2.10835773640915	-0.4331	-0.4787	0.4966
1491.0	6.99453	-3.2117940000000003	5.705496	0.15533430342749532	4.953244417159907	2.1415189921970423	-0.4684	-0.4552	0.4638
1492.0	4.952088000000001	-2.9586959999999998	4.857912	0.23212879051524585	5.4436819369703136	2.0682151636132806	-0.5094	-0.4294	0.4235
1493.0	2.9243609999999998	-2.65851	3.964221	0.17278759594743864	5.848598323432999	1.9931660057775245	-0.5548	-0.4006	0.3771
1494.0	3.0057840000000002	-2.358324	3.569859	-0.026179938779914945	6.096435077216193	1.9268434942017398	-0.5975	-0.3735	0.3321
1495.0	3.760173	-2.086587	3.445272	-0.35779249665883756	6.26049602690366	1.9093902016817965	-0.6384	-0.3462	0.2865
1496.0	4.774527000000001	-2.019879	3.444291	-0.5148721293383273	6.277949319423604	1.900663555421825	-0.6766	-0.3175	0.237
1497.0	5.657427	-2.135637	3.48255	-0.8185594191853406	6.263986685407648	1.8640116411299439	-0.7122	-0.2894	0.1798
1498.0	6.571719000000001	-2.286711	3.535524	-1.0663961729685354	6.1592669302879886	1.7872171540421935	-0.7489	-0.2585	0.1112
1499.0	7.040637	-2.392659	3.4854930000000004	-1.254891732183923	6.012659273120465	1.6336281798666923	-0.7774	-0.2293	0.0363
1500.0	7.644933	-2.513322	3.437424	-1.4922565104551517	5.900958200992829	1.4922565104551517	-0.8048	-0.1964	-0.0507
1501.0	8.141319	-2.5093980000000005	3.2892930000000002	-1.7226399717184033	5.799729104377158	1.4311699866353502	-0.8225	-0.1652	-0.14
1502.0	8.689698	-2.6133840000000004	3.1686300000000003	-1.7994344588061537	5.7630771900852755	1.5166911199830724	-0.8337	-0.1322	-0.2338
1503.0	9.224343000000001	-2.8164510000000003	3.148029	-1.8011797880581482	5.586798935633849	1.6126842288427605	-0.8373	-0.0981	-0.3303
1504.0	9.759969	-3.046986	3.2363190000000004	-1.7732545200262386	5.3511794866146145	1.9128808601857852	-0.8333	-0.0627	-0.4295
1505.0	10.328949	-3.249072	3.427614	-1.7889624832941877	5.084144111059482	2.3108159296404924	-0.8213	-0.0256	-0.5285
1506.0	10.928340000000002	-3.375621	3.7278000000000002	-1.8727382873899157	4.839798015780276	2.7680921936630067	-0.8016	0.0131	-0.6282
1507.0	11.583648000000002	-3.372678	4.111371	-2.0315632493213998	4.614650542273007	3.2166418114255495	-0.775	0.0553	-0.7211
1508.0	12.329208	-3.244167	4.506714	-2.1851522234969005	4.417428336797648	3.5779249665883754	-0.7404	0.0997	-0.8096
1509.0	13.154229	-3.0293280000000005	4.886361	-2.2252947962927703	4.324925886441949	3.6983526849759842	-0.7007	0.1474	-0.8879
1510.0	14.071463999999999	-2.684016	5.211072000000001	-2.246238747316702	4.157374278250493	3.8065630985996326	-0.6555	0.1976	-0.957
1511.0	15.076989	-2.1572190000000004	5.445531000000001	-2.131047016685076	4.02298392584693	3.6442474781641603	-0.6057	0.2492	-1.0175
1512.0	16.178652	-1.44207	5.539707	-1.827359726838063	3.897320219703338	3.2916909692613054	-0.5531	0.3019	-1.0681
1513.0	17.366643	-0.575847	5.427873000000001	-1.3299408900196792	3.6302848441482056	2.68082573106329	-0.4987	0.3544	-1.1156
1514.0	18.567387	0.26879400000000003	5.035473	-0.7627088831215221	3.234095103945493	1.8308503853420517	-0.4431	0.4058	-1.1552
1515.0	19.66905	1.0879290000000001	4.353678	-0.25132741228718347	2.658136450787364	0.7993607974134029	-0.3884	0.4544	-1.1895
1516.0	20.660841	1.8727289999999999	3.376602	-0.07679448708775051	2.357939819444339	0.2792526803190927	-0.336	0.498	-1.2163
1517.0	21.565323000000003	2.5996500000000005	2.186649	-0.012217304763960306	1.6947147036864938	-0.635299847725936	-0.2859	0.5356	-1.2406
1518.0	22.390344000000002	3.298122	0.8897670000000001	-0.13439035240356337	0.9930923443847735	-1.270599695451872	-0.2411	0.5673	-1.2578
1519.0	23.046633	3.970107	-0.38259000000000004	-0.14835298641951802	0.20420352248333654	-1.5795229730548683	-0.201	0.5922	-1.2737
1520.0	23.369382	4.519467000000001	-1.5489990000000002	0.44331363000655966	-0.5410520681182421	-1.6214108751027323	-0.1671	0.6096	-1.2874
1521.0	21.200391	2.156238	-0.617049	6.410594342575172	-2.2165681500327987	-2.5150194521238287	-0.141	0.6195	-1.2986
1522.0	17.581482	-0.544455	0.197181	7.09476340935695	-1.4433872913993107	-3.8117990863556157	-0.1232	0.6158	-1.3094
1523.0	13.094388	-0.5709420000000001	3.1303710000000002	6.197664173831865	-1.3473941825396225	-3.0770154712660034	-0.1119	0.5975	-1.3193
1524.0	8.452296	0.36002700000000004	3.7013130000000003	3.3824480903650107	-3.263765701229396	-0.7522369076095561	-0.1078	0.5693	-1.3211
1525.0	5.23854	0.938817	3.7768500000000005	2.1415189921970423	-6.647959120846401	-0.895353906273091	-0.1113	0.5357	-1.3199
1526.0	5.624073000000001	2.102283	5.386671000000001	1.5027284859671177	-5.1155600375953805	-1.392772743091475	-0.1241	0.4985	-1.3082
1527.0	6.129288000000001	3.603213	7.875468	0.08726646259971647	-2.6494098045273926	-1.0332349171806432	-0.1463	0.4578	-1.2934
1528.0	4.838292000000001	3.7827360000000003	9.618705	-0.4782202150464463	-2.560398012675681	-0.6824237375297829	-0.1731	0.4181	-1.2768
1529.0	2.799774	2.602593	10.973466	-0.4310963252425994	-2.921681167838508	-0.3769911184307752	-0.2018	0.3791	-1.2563
1530.0	2.942019	0.30312900000000004	13.355334000000001	0.5794493116621174	-3.4627332359567498	-1.043706892692609	-0.2325	0.34	-1.2343
1531.0	4.036815	3.212775	12.534237000000001	-0.3141592653589793	-0.2303834612632515	0.6579891280018623	-0.262	0.304	-1.2109
1532.0	5.382747	5.617206	11.776905	-0.1954768762233649	-1.13271868454432	-0.2234021442552742	-0.2901	0.2763	-1.1874
1533.0	8.598465	4.727439	9.454878	-0.08552113334772216	-0.41364303272265607	0.03490658503988659	-0.3165	0.2597	-1.1587
1534.0	11.09511	2.983221	9.609876	0.06283185307179587	-0.6876597252857658	-0.2792526803190927	-0.3427	0.2487	-1.1371
1535.0	12.735342000000001	1.592163	10.443726	0.0942477796076938	-0.5393067388662478	-0.26878070480712674	-0.3648	0.2412	-1.1168
1536.0	10.612458000000002	-0.5042340000000001	9.915948	0.23911010752322315	-0.3787364476827695	-0.34033920413889424	-0.381	0.236	-1.1061
1537.0	8.462106	-2.760534	8.693622	0.26354471705114374	-0.23911010752322315	-0.3665191429188092	-0.3905	0.234	-1.0966
1538.0	7.9922070000000005	-3.5835930000000005	8.400303	0.2059488517353309	-0.1832595714594046	-0.34732052114687156	-0.397	0.2313	-1.0887
1539.0	8.281602	-3.1244850000000004	8.442486	0.2007128639793479	-0.1291543646475804	-0.2879793265790644	-0.4019	0.2279	-1.0839
1540.0	6.5050110000000005	-1.4871960000000002	7.388892	0.1361356816555577	-0.06283185307179587	-0.22863813201125716	-0.4056	0.226	-1.0795
1541.0	6.025302	-2.232756	7.545852	0.07679448708775051	-0.048869219055841226	-0.14486232791552936	-0.4084	0.2224	-1.0762
1542.0	6.564852	-2.243547	7.863696	0.04014257279586958	-0.038397243543875255	-0.1308996938995747	-0.4106	0.2189	-1.0736
1543.0	5.991948000000001	-1.800135	7.7812920000000005	-0.0	-0.029670597283903602	-0.08203047484373349	-0.4127	0.2152	-1.0714
1544.0	6.272514	-1.557828	7.784235	0.0017453292519943296	-0.022689280275926284	-0.06632251157578452	-0.4132	0.2125	-1.0699
1545.0	6.0498270000000005	-1.329255	7.826418	0.008726646259971648	-0.041887902047863905	-0.06806784082777885	-0.4139	0.2094	-1.0689
1546.0	6.037074	-1.0408410000000001	7.904898	0.022689280275926284	0.0	-0.0715584993317675	-0.4147	0.2074	-1.0677
1547.0	5.921316000000001	-0.997677	7.954929	0.05235987755982989	-0.020943951023931952	-0.08726646259971647	-0.4147	0.2053	-1.0672
1548.0	5.889924000000001	-1.111473	7.892145	0.054105206811824215	-0.005235987755982988	-0.08726646259971647	-0.4152	0.2032	-1.0669
1549.0	5.84676	-1.189953	7.8676200000000005	0.07504915783575616	0.012217304763960306	-0.09075712110370514	-0.4148	0.2014	-1.0663
1550.0	5.7829950000000006	-1.333179	7.8499620000000006	0.07853981633974483	0.027925268031909273	-0.10297442586766545	-0.4144	0.1995	-1.066
1551.0	5.757489	-1.4852340000000002	7.810722	0.10821041362364843	0.022689280275926284	-0.1117010721276371	-0.4144	0.1985	-1.0659
1552.0	5.73885	-1.6264980000000002	7.788159000000001	0.10471975511965978	0.048869219055841226	-0.1117010721276371	-0.4137	0.1975	-1.0652
1553.0	5.73885	-1.6853580000000001	7.777368	0.1361356816555577	0.041887902047863905	-0.11693705988362008	-0.4134	0.1957	-1.0629
1554.0	5.766318	-1.606878	7.753824000000001	0.09948376736367678	0.061086523819801536	-0.10297442586766545	-0.4131	0.1937	-1.0582
1555.0	5.7623940000000005	-1.565676	7.757748	0.0890117918517108	0.04537856055185257	-0.10821041362364843	-0.4127	0.1919	-1.0517
1556.0	5.765337000000001	-1.518588	7.764615	0.08726646259971647	0.05235987755982989	-0.10297442586766545	-0.412	0.1897	-1.0445
1557.0	5.77809	-1.449918	7.771482000000001	0.0890117918517108	0.05759586531581287	-0.0942477796076938	-0.412	0.1874	-1.0377
1558.0	5.772204	-1.3910580000000001	7.790121000000001	0.08552113334772216	0.0645771823237902	-0.09075712110370514	-0.4115	0.1859	-1.0328
1559.0	5.767299	-1.341027	7.801893000000001	0.0942477796076938	0.0471238898038469	-0.06981317007977318	-0.4116	0.1842	-1.0296
1560.0	5.773185000000001	-1.2841289999999999	7.813665	0.0715584993317675	0.05061454830783556	-0.0715584993317675	-0.4121	0.1831	-1.0297
1561.0	5.767299	-1.248813	7.832304000000001	0.07679448708775051	0.06632251157578452	-0.0645771823237902	-0.4116	0.1813	-1.0306
1562.0	5.76828	-1.207611	7.843095	0.09250245035569947	0.06981317007977318	-0.059341194567807204	-0.4116	0.1796	-1.0325
1563.0	5.773185000000001	-1.1634660000000001	7.843095	0.08552113334772216	0.06632251157578452	-0.0471238898038469	-0.4111	0.1781	-1.0361
1564.0	5.755527000000001	-1.173276	7.864677	0.0715584993317675	0.05061454830783556	-0.04363323129985824	-0.411	0.1766	-1.0421
1565.0	5.753565000000001	-1.1565990000000002	7.879392000000001	0.05585053606381855	0.054105206811824215	-0.020943951023931952	-0.4102	0.1754	-1.0501
1566.0	5.742774000000001	-1.127169	7.895088	0.0471238898038469	0.04537856055185257	-0.0017453292519943296	-0.4092	0.1744	-1.059
1567.0	5.725116000000001	-1.0967580000000001	7.907841	0.0471238898038469	0.048869219055841226	0.0	-0.4082	0.174	-1.0671
1568.0	5.720211	-1.084005	7.916670000000001	0.041887902047863905	0.048869219055841226	0.003490658503988659	-0.4076	0.1726	-1.0718
1569.0	5.704515000000001	-1.082043	7.924518	0.008726646259971648	0.04014257279586958	0.003490658503988659	-0.407	0.1713	-1.0731
1570.0	5.697648	-1.0732140000000001	7.939233000000001	0.019198621771937627	0.020943951023931952	0.006981317007977318	-0.4054	0.1702	-1.0695
1571.0	5.687838	-1.065366	7.938252	0.0017453292519943296	0.03665191429188092	0.017453292519943295	-0.4053	0.1696	-1.0628
1572.0	5.682933	-1.052613	7.945119	-0.0	0.022689280275926284	0.015707963267948967	-0.4045	0.1685	-1.0554
1573.0	5.679009	-1.074195	7.946100000000001	-0.013962634015954637	0.020943951023931952	0.03316125578789226	-0.4045	0.168	-1.0501
1574.0	5.667237	-1.093815	7.951986000000001	-0.005235987755982988	0.013962634015954637	0.04014257279586958	-0.4032	0.1677	-1.0469
1575.0	5.662332000000001	-1.119321	7.946100000000001	-0.017453292519943295	0.015707963267948967	0.03665191429188092	-0.4034	0.1671	-1.0447
1576.0	5.662332000000001	-1.153656	7.940214	-0.0017453292519943296	0.015707963267948967	0.027925268031909273	-0.4034	0.1668	-1.0447
1577.0	5.665275	-1.182105	7.930404	-0.006981317007977318	0.017453292519943295	0.024434609527920613	-0.4043	0.1664	-1.0463
1578.0	5.666256000000001	-1.207611	7.9156889999999995	0.0017453292519943296	0.019198621771937627	0.027925268031909273	-0.4049	0.1672	-1.0492
1579.0	5.674104000000001	-1.225269	7.908822000000001	-0.0	0.020943951023931952	0.022689280275926284	-0.4052	0.1679	-1.0537
1580.0	5.675085	-1.241946	7.904898	0.010471975511965976	0.031415926535897934	0.019198621771937627	-0.4056	0.1675	-1.0597
1581.0	5.674104000000001	-1.2645089999999999	7.895088	0.005235987755982988	0.0471238898038469	0.022689280275926284	-0.4065	0.1678	-1.0701
1582.0	5.666256000000001	-1.2870720000000002	7.886259	0.026179938779914945	0.024434609527920613	0.003490658503988659	-0.407	0.1678	-1.0794
1583.0	5.653503000000001	-1.296882	7.882335	0.010471975511965976	0.04363323129985824	0.026179938779914945	-0.4071	0.1679	-1.0827
1584.0	5.636826	-1.338084	7.882335	0.03316125578789226	0.012217304763960306	0.017453292519943295	-0.4081	0.1678	-1.0847
1585.0	5.631921000000001	-1.380267	7.871544	0.06283185307179587	0.029670597283903602	0.015707963267948967	-0.4079	0.168	-1.0893
1586.0	5.628978	-1.390077	7.865658	0.0890117918517108	0.022689280275926284	0.015707963267948967	-0.4077	0.1682	-1.0888
1587.0	5.623092000000001	-1.41264	7.865658	0.09599310885968812	0.03316125578789226	0.015707963267948967	-0.4071	0.168	-1.089
1588.0	5.614263	-1.4038110000000001	7.877430000000001	0.1117010721276371	0.029670597283903602	0.015707963267948967	-0.4061	0.1675	-1.0865
1589.0	5.609358	-1.3841910000000002	7.882335	0.09948376736367678	0.026179938779914945	0.015707963267948967	-0.4062	0.1667	-1.0866
1590.0	5.604453	-1.352799	7.885278	0.09599310885968812	0.03665191429188092	0.022689280275926284	-0.4055	0.1663	-1.0866
1591.0	5.605434000000001	-1.323369	7.899993	0.0942477796076938	0.020943951023931952	0.027925268031909273	-0.4046	0.1654	-1.0842
1592.0	5.616225	-1.3115970000000001	7.903917	0.09250245035569947	0.013962634015954637	0.029670597283903602	-0.4047	0.165	-1.0825
1593.0	5.628978	-1.307673	7.904898	0.09773843811168245	0.020943951023931952	0.026179938779914945	-0.4053	0.1644	-1.0853
1594.0	5.636826	-1.279224	7.904898	0.10297442586766545	0.03490658503988659	0.026179938779914945	-0.4051	0.1639	-1.0864
1595.0	5.6329020000000005	-1.2429270000000001	7.914708	0.09948376736367678	0.027925268031909273	0.019198621771937627	-0.406	0.1631	-1.0863
1596.0	5.624073000000001	-1.224288	7.9235370000000005	0.12042771838760874	0.013962634015954637	0.015707963267948967	-0.4072	0.1621	-1.0897
1597.0	5.624073000000001	-1.1997630000000001	7.925499	0.11344640137963143	0.012217304763960306	0.022689280275926284	-0.4077	0.1607	-1.0874
1598.0	5.626035000000001	-1.173276	7.924518	0.12391837689159739	0.013962634015954637	0.022689280275926284	-0.4081	0.1594	-1.0913
1599.0	5.636826	-1.185048	7.903917	0.12566370614359174	0.03490658503988659	0.012217304763960306	-0.4085	0.158	-1.0915
1600.0	5.639769	-1.211535	7.901955	0.1361356816555577	-0.003490658503988659	0.006981317007977318	-0.4087	0.157	-1.0917
1601.0000000000002	5.636826	-1.208592	7.902936	0.12042771838760874	0.022689280275926284	0.020943951023931952	-0.4082	0.1561	-1.0925
1602.0	5.6329020000000005	-1.160523	7.904898	0.11519173063162574	0.015707963267948967	0.022689280275926284	-0.408	0.1556	-1.0907
1603.0	5.629959	-1.1369790000000002	7.908822000000001	0.08552113334772216	0.012217304763960306	0.019198621771937627	-0.4066	0.1545	-1.0895
1604.0	5.635845000000001	-1.134036	7.925499	0.06283185307179587	-0.008726646259971648	0.013962634015954637	-0.4058	0.1534	-1.0895
1605.0	5.624073000000001	-1.1222640000000002	7.938252	0.0471238898038469	-0.03665191429188092	0.0017453292519943296	-0.4043	0.1527	-1.0867
1605.9999999999998	5.614263	-1.058499	7.972587	0.038397243543875255	-0.054105206811824215	0.012217304763960306	-0.4037	0.1518	-1.0836
1607.0	5.625054	-0.982962	7.971606	0.020943951023931952	-0.024434609527920613	0.027925268031909273	-0.4033	0.1513	-1.0839
1607.9999999999998	5.638788	-0.9545130000000001	7.957872000000001	-0.019198621771937627	-0.024434609527920613	0.0471238898038469	-0.4033	0.1508	-1.0807
1609.0	5.620149	-0.9123300000000001	7.988283000000001	-0.020943951023931952	-0.06632251157578452	0.048869219055841226	-0.4026	0.1505	-1.0786
1610.0000000000002	5.584833000000001	-0.9476460000000001	8.06382	0.017453292519943295	-0.10471975511965978	0.05759586531581287	-0.4034	0.1502	-1.0771
1611.0	5.625054	-0.877014	8.020656	0.024434609527920613	-0.1064650843716541	0.07679448708775051	-0.4038	0.1496	-1.0742
1612.0	5.554422000000001	-1.016316	8.095212	0.09599310885968812	-0.2583087292951608	0.0942477796076938	-0.4049	0.1495	-1.0742
1613.0	5.505372	-0.965304	8.218818	0.08726646259971647	-0.36477381366681483	0.11344640137963143	-0.4068	0.1493	-1.073
1614.0	5.5083150000000005	-0.827964	8.227647000000001	0.0942477796076938	-0.36302848441482055	0.15358897417550102	-0.4091	0.1491	-1.0715
1614.9999999999998	5.4779040000000006	-0.7808760000000001	8.301222	-0.08726646259971647	-0.4677482395344803	0.12217304763960307	-0.4122	0.1486	-1.0694
1616.0	5.497524	-0.8083440000000001	8.31888	-0.10471975511965978	-0.5026548245743669	0.13788101090755203	-0.415	0.149	-1.0665
1617.0000000000002	5.451417	-0.875052	8.427771	-0.11519173063162574	-0.6387905062299246	0.10122909661567112	-0.4178	0.1497	-1.0636
1618.0	5.435721000000001	-0.877995	8.532738	-0.13962634015954636	-0.7155849933176751	0.08726646259971647	-0.4214	0.151	-1.0601
1619.0000000000002	5.399424000000001	-1.021221	8.623971000000001	-0.1466076571675237	-0.8639379797371931	0.022689280275926284	-0.4258	0.1517	-1.0553
1620.0	5.408253	-1.03005	8.620047000000001	-0.1361356816555577	-0.9721483933608416	-0.013962634015954637	-0.4307	0.1533	-1.0499
1621.0	5.364108	-1.230174	8.755425	-0.0645771823237902	-1.0559241974565694	-0.05585053606381855	-0.4364	0.1548	-1.0435
1622.0	5.458284	-1.232136	8.725995	-0.008726646259971648	-1.2060225131280815	-0.15358897417550102	-0.4424	0.1555	-1.0366
1623.0	5.5132200000000005	-1.3194450000000002	8.680869000000001	-0.041887902047863905	-1.3578661580515883	-0.2129301687433082	-0.4494	0.1568	-1.0278
1623.9999999999998	5.476923	-1.5941250000000002	8.795646	0.04363323129985824	-1.6371188383706812	-0.32114058236695664	-0.458	0.1577	-1.0182
1625.0	5.510277	-1.70694	8.913366	0.026179938779914945	-1.9250981649497454	-0.4328416544945937	-0.4664	0.1582	-1.0069
1626.0000000000002	5.4445500000000004	-1.760895	9.088965	0.07853981633974483	-2.298598624876532	-0.582939970166106	-0.476	0.1582	-0.9942
1627.0	5.391576	-1.9237410000000001	9.503928	0.026179938779914945	-2.4748768793279594	-0.6719517620178169	-0.4872	0.1565	-0.9777
1628.0	5.252274	-2.216079	9.998352000000002	0.25132741228718347	-3.1014500807939234	-0.8045967851693859	-0.4999	0.1536	-0.9571
1629.0	5.049207000000001	-2.6634150000000005	10.469232	0.39968039870670147	-3.935717463247213	-1.1955505376161157	-0.5141	0.1506	-0.9313
1630.0	4.83633	-3.049929	10.922454	0.5934119456780721	-4.76474885794452	-1.8360863730980348	-0.5299	0.1437	-0.899
1630.9999999999998	4.452759	-3.4697970000000002	11.489472000000001	0.6003932626860493	-5.562364326105928	-2.586577951455596	-0.5475	0.1349	-0.8606
1632.0	3.956373	-3.7562490000000004	12.18402	0.6527531402458793	-6.532767390214776	-3.2690016889853792	-0.5663	0.1219	-0.8157
1632.9999999999998	3.739572	-3.9151710000000004	12.91977	0.6719517620178169	-7.14712328691678	-3.501130479500625	-0.5848	0.1052	-0.7648
1634.0	4.321305000000001	-3.8651400000000002	13.407327	0.7278022980816354	-8.141960960553547	-3.5395277230445004	-0.6032	0.0845	-0.7065
1635.0000000000002	5.536764000000001	-3.801375	13.465206	0.7417649320975901	-8.620181175599994	-3.2358404331974873	-0.621	0.0601	-0.6422
1636.0	6.381405	-3.8808360000000004	13.355334000000001	0.6841690667817772	-8.436921604140588	-3.082251459021986	-0.6372	0.0326	-0.5709
1637.0	6.926841	-3.7660590000000003	12.811860000000001	0.7539822368615504	-8.285077959217082	-3.056071520242071	-0.65	0.0033	-0.4944
1638.0	7.291773	-3.54141	11.996649000000001	0.6911503837897546	-8.014551925157962	-2.9583330821303884	-0.6582	-0.0281	-0.4117
1639.0	7.902936	-3.0342330000000004	11.100996	0.6562437987498679	-7.686430025783027	-2.90248254606657	-0.6611	-0.0616	-0.3273
1639.9999999999998	8.646534	-2.7674010000000004	10.160217000000001	0.7103490055616922	-7.4054320162119405	-2.9269171555944906	-0.657	-0.0951	-0.2409
1641.0	9.541206	-2.4750630000000005	9.184122	1.08035880698449	-6.349507818755371	-2.815216083466854	-0.6461	-0.1291	-0.1543
1642.0000000000002	11.073528000000001	-1.536246	8.018694	1.5271630954950384	-4.953244417159907	-2.3509585024363617	-0.6292	-0.1604	-0.0688
1643.0	12.683349	-0.777933	7.191711	0.9128071987930343	-2.202605516016844	-1.6004669240788003	-0.6076	-0.1887	0.0139
1644.0000000000002	13.531914	-0.09711900000000001	6.554061000000001	0.9128071987930343	-2.202605516016844	-1.6004669240788003	-0.5842	-0.2124	0.0886
1645.0	12.561705	-1.123245	6.755166	0.1117010721276371	5.342452840354643	1.5009831567151235	-0.5638	-0.231	0.1535
1646.0	10.512396	-1.8011160000000002	6.601149000000001	0.5637413483941683	5.684537373745531	1.6790067404185451	-0.5473	-0.2438	0.2065
1647.0	8.576883	-1.884501	6.225426000000001	1.137954672300303	5.169665244407204	1.710422666954443	-0.5351	-0.2508	0.2469
1648.0	7.194654000000001	-1.4813100000000001	5.872266000000001	0.7173303225696694	4.202752838802346	1.8727382873899157	-0.5274	-0.2525	0.2722
1648.9999999999998	5.672142000000001	-1.0575180000000002	5.610339	0.7173303225696694	4.202752838802346	1.8727382873899157	-0.5228	-0.2515	0.2885
1650.0	4.841235	-0.7975530000000001	5.781033000000001	-1.181587903600161	4.185299546282402	2.478367537831948	-0.5272	-0.2424	0.2839
1651.0000000000002	4.116276	-0.712206	6.022359000000001	-1.2147491593880533	4.820599394008338	2.4172810140121466	-0.5386	-0.2271	0.2638
1652.0	2.9498670000000002	-1.313559	6.421626	-1.1100294042683936	5.5361843873260135	2.2689280275926285	-0.5554	-0.2076	0.2304
1653.0	1.575486	-1.723617	6.341184	-1.1885692206081384	5.888740896228867	2.2113321622768156	-0.5774	-0.1848	0.1838
1654.0	0.248193	-1.9708290000000002	6.157737000000001	-1.5742869852988852	6.475171524898963	2.129301687433082	-0.6014	-0.1591	0.1296
1655.0	0.069651	-0.542493	5.408253	-2.0996310901491784	6.792821448761931	2.0402898955813713	-0.6223	-0.1316	0.0676
1655.9999999999998	1.429317	0.6435360000000001	5.096295	-2.5656340004316642	6.876597252857659	1.8552849948699723	-0.6395	-0.104	0.0013
1657.0	3.083283	1.127169	5.105124	-2.933898472602468	6.843435997069767	1.577777643802874	-0.653	-0.0762	-0.074
1657.9999999999998	4.504752	0.998658	5.286609	-3.0264009229581674	6.679375047382299	1.2217304763960306	-0.6634	-0.0476	-0.1501
1659.0	6.0674850000000005	0.782838	5.464170000000001	-3.00720230118623	6.548475353482725	0.7190756518216638	-0.671	-0.0164	-0.2351
1660.0000000000002	6.986682000000001	0.7975530000000001	5.301324	-2.909463863074547	6.194173515327875	0.6946410422937431	-0.6707	0.0119	-0.3186
1661.0	7.8931260000000005	1.00062	4.969746000000001	-2.7523842303950574	5.745623897565332	0.5951572749300664	-0.6647	0.0389	-0.4006
1662.0	8.827038000000002	1.054575	4.592061	-2.6040312439755393	5.242969072990966	0.6911503837897546	-0.6531	0.066	-0.4806
1663.0	9.811962	0.826983	4.297761	-2.3858650874762484	4.783947479716458	1.1100294042683936	-0.6362	0.0928	-0.5578
1664.0	10.902834	0.44537400000000005	4.122162	-1.8762289458939043	4.351105825221864	1.8046704465621368	-0.6141	0.1195	-0.6339
1664.9999999999998	12.120255	0.315882	4.027986	-1.5027284859671177	3.8048177693476384	2.5028021473598687	-0.5884	0.1469	-0.7047
1666.0	13.491693	0.40711500000000006	3.9112470000000004	-1.4311699866353502	3.5499996985564666	2.705260340591211	-0.5592	0.1749	-0.7694
1667.0000000000002	14.990661000000001	0.7906860000000001	3.6885600000000003	-1.171115928088195	3.036872898470133	2.8466320100027516	-0.5277	0.2034	-0.8242
1668.0	16.568109	1.55979	3.283407	-0.8779006137531478	2.5970499269675624	2.6406831582674206	-0.4946	0.2316	-0.8759
1669.0000000000002	18.076887	2.640852	2.682054	-0.6213372137099813	2.0891591146372126	2.0682151636132806	-0.4621	0.2594	-0.9203
1670.0	19.436553	3.905361	1.913931	-0.5602506898901798	1.6336281798666923	1.111774733520388	-0.4308	0.2868	-0.9549
1671.0	20.631411	5.1090480000000005	1.0428030000000001	-0.4904375198104066	1.2199851471440364	-0.04014257279586958	-0.4018	0.3133	-0.9851
1672.0	21.488805000000003	6.1793190000000005	0.11772	-0.4677482395344803	1.0192722831646885	-1.0314895879286488	-0.3743	0.3369	-1.0109
1673.0	21.847851000000002	7.14168	-0.874071	-0.4590215932745087	0.4642575810304917	-1.4067353771074296	-0.3505	0.358	-1.0327
1673.9999999999998	21.290643000000003	5.446512	-1.5195690000000002	3.729768611511882	-0.8045967851693859	-2.4888395133439136	-0.3305	0.3747	-1.045
1675.0	19.024533	4.655826	-2.013993	4.181808887778414	-1.616174887346749	-4.199262180298357	-0.3153	0.3815	-1.055
1676.0000000000002	16.703487000000003	6.371595	0.6248970000000001	0.6475171524898963	-3.288200310757317	-1.6004669240788003	-0.305	0.3784	-1.0609
1677.0	16.722126	6.250932000000001	2.9940120000000006	-0.40491638646268446	-3.0752701420140083	0.08203047484373349	-0.3005	0.3705	-1.0615
1678.0	14.519781	5.802615	2.685978	-0.26354471705114374	-1.007054978400728	0.15184364492350666	-0.3003	0.36	-1.0587
1679.0	13.308246	4.732344	3.2019840000000004	-0.143116998663535	-0.7487462491055673	-0.07504915783575616	-0.3025	0.3479	-1.0532
1680.0	11.356056	2.789964	4.516524	0.015707963267948967	0.07504915783575616	0.005235987755982988	-0.3069	0.3339	-1.0465
1680.9999999999998	9.097794	1.655928	6.051789	0.03316125578789226	-0.49741883681838395	-0.03490658503988659	-0.3124	0.3183	-1.0387
1682.0	7.634142000000001	1.181124	7.271172	-0.317649923862968	-0.34732052114687156	0.18151424220741028	-0.3205	0.303	-1.0297
1682.9999999999998	6.469695	-0.031392	8.40717	-0.15707963267948966	-0.10821041362364843	0.08726646259971647	-0.3286	0.2884	-1.0193
1684.0	5.796729	1.40283	9.475479	-0.013962634015954637	-0.143116998663535	-0.019198621771937627	-0.3367	0.2756	-1.0119
1685.0000000000002	6.875829	1.691244	10.278918	0.054105206811824215	-0.11693705988362008	-0.0890117918517108	-0.3434	0.2689	-1.003
1686.0	7.775406	-0.6248970000000001	8.058915	0.09599310885968812	-0.026179938779914945	-0.10821041362364843	-0.3487	0.2685	-0.9969
1687.0	6.105744	-1.39302	6.258780000000001	0.17278759594743864	-0.015707963267948967	-0.16929693744344995	-0.3518	0.2687	-0.9934
1688.0	6.480486	-2.113074	7.3437660000000005	0.23561944901923448	0.03665191429188092	-0.20245819323134223	-0.3535	0.2689	-0.9917
1689.0	5.791824000000001	-2.268072	7.840152000000001	0.2059488517353309	0.03665191429188092	-0.18675022996339324	-0.3546	0.2682	-0.9911
1689.9999999999998	5.798691	-1.664757	7.7126220000000005	0.16755160819145562	0.041887902047863905	-0.15009831567151233	-0.3556	0.2672	-0.9907
1691.0	6.181281	-1.7667810000000002	7.453638000000001	0.1117010721276371	0.041887902047863905	-0.12042771838760874	-0.356	0.2661	-0.9901
1692.0000000000002	5.976252	-2.322027	7.560567000000001	0.0890117918517108	0.029670597283903602	-0.1064650843716541	-0.3565	0.2645	-0.9897
1693.0	5.7879	-2.042442	7.804836	0.07853981633974483	0.038397243543875255	-0.09773843811168245	-0.3564	0.2622	-0.9895
1694.0000000000002	5.863437	-1.738332	7.746957	0.07330382858376185	0.038397243543875255	-0.08726646259971647	-0.3564	0.2597	-0.9896
1695.0	5.7879	-1.4793479999999999	7.818570000000001	0.0471238898038469	0.0471238898038469	-0.07330382858376185	-0.356	0.2568	-0.9898
1696.0	5.747679	-1.3694760000000001	7.8676200000000005	0.029670597283903602	0.03665191429188092	-0.054105206811824215	-0.3559	0.2543	-0.9901
1697.0	5.727078000000001	-1.215459	7.918632000000001	0.022689280275926284	0.041887902047863905	-0.04537856055185257	-0.3552	0.2528	-0.9903
1698.0	5.705496	-1.0643850000000001	7.955910000000001	0.010471975511965976	0.03665191429188092	-0.020943951023931952	-0.3544	0.2513	-0.9906
1698.9999999999998	5.6898	-1.0732140000000001	7.955910000000001	0.012217304763960306	0.013962634015954637	-0.026179938779914945	-0.3541	0.2499	-0.9904
1700.0	5.6760660000000005	-1.0898910000000002	7.950024000000001	-0.026179938779914945	0.020943951023931952	0.012217304763960306	-0.3538	0.2486	-0.9907
1701.0000000000002	5.6633130000000005	-1.0791000000000002	7.954929	-0.054105206811824215	0.005235987755982988	0.04014257279586958	-0.3544	0.2481	-0.9905
1702.0	5.642712	-1.1281500000000002	7.959834000000001	-0.08377580409572781	-0.003490658503988659	0.054105206811824215	-0.3536	0.2473	-0.9906
1703.0	5.628978	-1.110492	7.9617960000000005	-0.09773843811168245	-0.027925268031909273	0.059341194567807204	-0.3534	0.2473	-0.9907
1704.0	5.622111000000001	-1.1369790000000002	7.958853	-0.11693705988362008	-0.022689280275926284	0.06806784082777885	-0.3532	0.2476	-0.9889
1705.0	5.623092000000001	-1.2213450000000001	7.9490430000000005	-0.1064650843716541	-0.03490658503988659	0.06632251157578452	-0.3532	0.2481	-0.9852
1705.9999999999998	5.6329020000000005	-1.2919770000000002	7.922556	-0.0715584993317675	-0.022689280275926284	0.04537856055185257	-0.3531	0.2487	-0.9792
1707.0	5.644674	-1.361628	7.900974000000001	-0.05061454830783556	-0.012217304763960306	0.03316125578789226	-0.3536	0.2488	-0.9712
1707.9999999999998	5.656446	-1.3989060000000002	7.882335	-0.020943951023931952	0.006981317007977318	0.019198621771937627	-0.3538	0.2491	-0.9631
1709.0	5.664294000000001	-1.443051	7.871544	-0.008726646259971648	-0.005235987755982988	0.006981317007977318	-0.3535	0.2498	-0.9566
1710.0000000000002	5.666256000000001	-1.484253	7.861734	-0.010471975511965976	0.015707963267948967	0.005235987755982988	-0.3537	0.2507	-0.9517
1711.0	5.671161	-1.524474	7.851924	-0.003490658503988659	0.0	0.012217304763960306	-0.3531	0.251	-0.9494
1712.0	5.673123	-1.5519420000000002	7.848000000000001	-0.029670597283903602	-0.006981317007977318	0.027925268031909273	-0.3538	0.252	-0.9492
1713.0	5.673123	-1.567638	7.840152000000001	-0.013962634015954637	-0.008726646259971648	0.017453292519943295	-0.3539	0.252	-0.9502
1714.0	5.67999	-1.567638	7.8372090000000005	-0.031415926535897934	-0.006981317007977318	0.026179938779914945	-0.3543	0.2521	-0.9526
1714.9999999999998	5.679009	-1.572543	7.833285	-0.005235987755982988	-0.010471975511965976	0.010471975511965976	-0.3547	0.2527	-0.9572
1716.0	5.677047	-1.570581	7.841133	0.013962634015954637	-0.003490658503988659	-0.005235987755982988	-0.3548	0.2532	-0.9635
1717.0000000000002	5.673123	-1.568619	7.832304000000001	0.03665191429188092	0.003490658503988659	-0.020943951023931952	-0.3549	0.2535	-0.9722
1718.0	5.672142000000001	-1.5794100000000002	7.833285	0.054105206811824215	0.008726646259971648	-0.029670597283903602	-0.3547	0.2535	-0.9811
1719.0000000000002	5.6760660000000005	-1.60884	7.822494000000001	0.054105206811824215	0.020943951023931952	-0.029670597283903602	-0.3545	0.253	-0.9878
1720.0	5.681952000000001	-1.614726	7.814646	0.09599310885968812	0.03316125578789226	-0.0471238898038469	-0.3538	0.2523	-0.9905
1721.0	5.681952000000001	-1.640232	7.809741000000001	0.0890117918517108	0.015707963267948967	-0.048869219055841226	-0.3536	0.2519	-0.9902
1722.0	5.690780999999999	-1.645137	7.80876	0.0715584993317675	0.03490658503988659	-0.06283185307179587	-0.3537	0.2517	-0.985
1723.0	5.694705000000001	-1.6461180000000002	7.80876	0.09250245035569947	0.015707963267948967	-0.06981317007977318	-0.3534	0.2514	-0.9765
1723.9999999999998	5.6937240000000005	-1.655928	7.807779000000001	0.08028514559173916	0.03665191429188092	-0.06283185307179587	-0.3534	0.2505	-0.9691
1725.0	5.697648	-1.6333650000000002	7.813665	0.08726646259971647	0.020943951023931952	-0.07853981633974483	-0.3535	0.2491	-0.9633
1726.0000000000002	5.694705000000001	-1.592163	7.816608	0.09948376736367678	0.03490658503988659	-0.07679448708775051	-0.3532	0.2476	-0.9594
1727.0	5.694705000000001	-1.5372270000000001	7.833285	0.09948376736367678	0.041887902047863905	-0.07679448708775051	-0.3529	0.2467	-0.9574
1728.0	5.688819	-1.4852340000000002	7.840152000000001	0.06981317007977318	0.04537856055185257	-0.08028514559173916	-0.3531	0.2458	-0.9572
1729.0	5.67999	-1.427355	7.861734	0.06632251157578452	0.03316125578789226	-0.0715584993317675	-0.3536	0.245	-0.9588
1730.0	5.677047	-1.3812480000000003	7.874487	0.04014257279586958	0.03316125578789226	-0.05061454830783556	-0.3548	0.2439	-0.9625
1730.9999999999998	5.682933	-1.342989	7.876449	0.04363323129985824	0.020943951023931952	-0.05759586531581287	-0.3557	0.2424	-0.9673
1732.0	5.67999	-1.313559	7.882335	0.026179938779914945	0.027925268031909273	-0.04014257279586958	-0.3563	0.2409	-0.9729
1732.9999999999998	5.675085	-1.2517559999999999	7.890183	0.015707963267948967	0.03490658503988659	-0.027925268031909273	-0.3575	0.2395	-0.9807
1734.0	5.672142000000001	-1.168371	7.908822000000001	-0.015707963267948967	0.017453292519943295	-0.010471975511965976	-0.3584	0.2385	-0.9891
1735.0000000000002	5.662332000000001	-1.10853	7.925499	-0.0715584993317675	0.012217304763960306	0.019198621771937627	-0.358	0.2375	-0.9957
1736.0	5.656446	-1.091853	7.9411950000000004	-0.06632251157578452	0.015707963267948967	0.020943951023931952	-0.358	0.237	-1.0033
1737.0	5.657427	-1.08891	7.9411950000000004	-0.08028514559173916	0.026179938779914945	0.019198621771937627	-0.3581	0.236	-1.0037
1738.0	5.664294000000001	-1.142865	7.9411950000000004	-0.05585053606381855	0.013962634015954637	0.015707963267948967	-0.3575	0.2352	-1.0072
1739.0	5.674104000000001	-1.198782	7.922556	-0.015707963267948967	0.041887902047863905	0.005235987755982988	-0.3572	0.2348	-1.0063
1739.9999999999998	5.679009	-1.260585	7.903917	0.03316125578789226	0.05061454830783556	-0.019198621771937627	-0.3564	0.2346	-1.0067
1741.0	5.67999	-1.2988439999999999	7.894107	0.0471238898038469	0.048869219055841226	-0.027925268031909273	-0.3551	0.2347	-1.0071
1742.0000000000002	5.6809709999999995	-1.323369	7.882335	0.05585053606381855	0.06806784082777885	-0.04014257279586958	-0.3542	0.2343	-1.0077
1743.0	5.681952000000001	-1.3694760000000001	7.878411000000001	0.06806784082777885	0.05585053606381855	-0.027925268031909273	-0.3534	0.2349	-1.0083
1744.0000000000002	5.681952000000001	-1.4204880000000002	7.870563000000001	0.05759586531581287	0.061086523819801536	-0.03316125578789226	-0.3515	0.235	-1.0077
1745.0	5.677047	-1.421469	7.872525	0.06283185307179587	0.04537856055185257	-0.026179938779914945	-0.3514	0.2356	-1.0071
1746.0	5.674104000000001	-1.4136210000000002	7.872525	0.041887902047863905	0.048869219055841226	-0.012217304763960306	-0.3514	0.2356	-1.0041
1747.0	5.65056	-1.3861530000000002	7.886259	0.017453292519943295	0.048869219055841226	-0.003490658503988659	-0.3508	0.2354	-1.0065
1748.0	5.620149	-1.325331	7.912746	0.0017453292519943296	0.006981317007977318	0.0	-0.351	0.2348	-1.0051
1748.9999999999998	5.6024910000000006	-1.261566	7.933347	-0.020943951023931952	0.0	0.012217304763960306	-0.3518	0.234	-1.0047
1750.0	5.586795	-1.214478	7.954929	-0.010471975511965976	-0.019198621771937627	0.022689280275926284	-0.3521	0.2336	-1.0034
1751.0000000000002	5.57208	-1.1713140000000002	7.972587	-0.03490658503988659	-0.006981317007977318	0.03316125578789226	-0.3533	0.2334	-1.002
1752.0	5.5642320000000005	-1.151694	7.987302000000001	-0.03665191429188092	-0.029670597283903602	0.027925268031909273	-0.3531	0.233	-0.9994
1753.0	5.556384	-1.114416	7.990245000000001	-0.06632251157578452	-0.026179938779914945	0.041887902047863905	-0.3534	0.2322	-1.0011
1754.0	5.550498	-1.094796	7.997112	-0.09250245035569947	-0.0471238898038469	0.06283185307179587	-0.3539	0.2321	-1.0023
1755.0	5.546574000000001	-1.082043	7.990245000000001	-0.1291543646475804	-0.0715584993317675	0.07504915783575616	-0.3542	0.2317	-1.0033
1755.9999999999998	5.534802000000001	-1.0408410000000001	8.002998	-0.17976891295541594	-0.08552113334772216	0.11868238913561441	-0.354	0.2322	-1.0034
1757.0	5.535783	-0.9888480000000001	8.013789	-0.2059488517353309	-0.11344640137963143	0.16580627893946132	-0.3545	0.2327	-1.0021
1757.9999999999998	5.547555	-0.9211590000000001	8.01477	-0.291469985083053	-0.12217304763960307	0.1884955592153876	-0.355	0.2339	-0.9991
1759.0	5.545593	-0.8642610000000001	8.056953	-0.35779249665883756	-0.1954768762233649	0.23736477827122882	-0.3549	0.2356	-0.9985
1760.0000000000002	5.558346	-0.8220780000000001	8.061858	-0.3752457891787809	-0.21642082724729686	0.27052603405912107	-0.3549	0.2377	-0.9969
1761.0	5.57208	-0.8240400000000001	8.068725	-0.3909537524467298	-0.22165681500327983	0.2984513020910304	-0.3549	0.2399	-0.9952
1762.0	5.587776	-0.849546	8.055972	-0.3735004599267865	-0.23387411976724015	0.29670597283903605	-0.3561	0.2438	-0.9955
1763.0	5.609358	-0.9005580000000001	8.043219	-0.3752457891787809	-0.22514747350726852	0.3193952531149623	-0.3563	0.2477	-0.9916
1764.0	5.631921000000001	-0.9613800000000001	8.015751000000002	-0.35255650890285456	-0.22514747350726852	0.317649923862968	-0.3578	0.252	-0.988
1764.9999999999998	5.6603699999999995	-1.061442	7.996131000000001	-0.33335788713091696	-0.21118483949131386	0.3246312408709453	-0.3589	0.2569	-0.9847
1766.0	5.690780999999999	-1.179162	7.952967	-0.30194196059501904	-0.21467549799530256	0.312413936106985	-0.361	0.2609	-0.982
1767.0000000000002	5.71923	-1.354761	7.8980310000000005	-0.2565634000431664	-0.19896753472735357	0.27401669256310973	-0.3628	0.266	-0.9798
1768.0	5.745717	-1.5519420000000002	7.838190000000001	-0.19373154697137057	-0.2007128639793479	0.22165681500327983	-0.3647	0.2708	-0.9779
1769.0000000000002	5.767299	-1.751085	7.756767	-0.1291543646475804	-0.17976891295541594	0.16929693744344995	-0.3659	0.2755	-0.9758
1770.0	5.772204	-1.9051020000000003	7.710660000000001	-0.09250245035569947	-0.1884955592153876	0.14486232791552936	-0.3677	0.2795	-0.9739
1771.0	5.7751470000000005	-2.02086	7.67142	-0.08377580409572781	-0.17453292519943295	0.13439035240356337	-0.3697	0.2832	-0.9725
1772.0	5.77809	-2.0777579999999998	7.663572	-0.05759586531581287	-0.1884955592153876	0.1308996938995747	-0.3711	0.2862	-0.9709
1773.0	5.7829950000000006	-2.0757960000000004	7.662591000000001	-0.10297442586766545	-0.20769418098732523	0.158824961931484	-0.3731	0.289	-0.9694
1773.9999999999998	5.770242	-2.0561760000000002	7.678287	-0.24609142453120045	-0.2303834612632515	0.14835298641951802	-0.3743	0.2918	-0.9679
1775.0	5.772204	-2.0561760000000002	7.685154	-0.32637657012293964	-0.2565634000431664	0.12042771838760874	-0.3759	0.2943	-0.9659
1776.0000000000002	5.776128	-1.998297	7.729299000000001	-0.4572762640225143	-0.29670597283903605	0.11693705988362008	-0.3771	0.2972	-0.9642
1777.0	5.777109	-1.959057	7.777368	-0.4415683007545654	-0.3193952531149623	0.1291543646475804	-0.3782	0.2997	-0.962
1778.0	5.769261	-1.9060830000000002	7.820532000000001	-0.40840704496667307	-0.3455751918948773	0.17278759594743864	-0.3795	0.3023	-0.9597
1779.0	5.796729	-1.780515	7.8548670000000005	-0.4468042885105484	-0.3769911184307752	0.20943951023931956	-0.3816	0.3049	-0.9579
1780.0	5.828121	-1.68732	7.883316000000001	-0.5340707511102649	-0.3700098014227979	0.23736477827122882	-0.3832	0.3083	-0.9558
1780.9999999999998	5.871285	-1.621593	7.878411000000001	-0.5934119456780721	-0.3787364476827695	0.2844886680750757	-0.3844	0.3122	-0.9512
1782.0	5.901696	-1.6255169999999999	7.858791000000001	-0.6789330790257941	-0.3438298626428829	0.26703537555513246	-0.3863	0.317	-0.945
1782.9999999999998	5.9124870000000005	-1.7177310000000001	7.817589000000001	-0.6894050545377601	-0.3438298626428829	0.23736477827122882	-0.3881	0.3219	-0.9366
1784.0	5.918373	-1.933551	7.758729000000001	-0.7993607974134029	-0.291469985083053	0.16580627893946132	-0.3909	0.3272	-0.9267
1785.0000000000002	5.886	-2.114055	7.722432	-0.7609635538695277	-0.2792526803190927	-0.026179938779914945	-0.3935	0.3327	-0.9159
1786.0	5.842836	-2.417184	7.654743000000001	-0.9913470151327791	-0.26703537555513246	-0.3665191429188092	-0.3965	0.3385	-0.9053
1787.0	5.796729	-2.7379710000000004	7.550757000000001	-1.3037609512397643	-0.1954768762233649	-0.8115781021773633	-0.3994	0.3439	-0.8977
1788.0	5.7800519999999995	-3.20787	7.4124360000000005	-1.7418385934903409	-0.06283185307179587	-1.3753194505715316	-0.4025	0.3491	-0.892
1789.0	5.741793	-3.624795	7.22016	-2.2008601867648494	0.10821041362364843	-2.080432468377241	-0.4046	0.3539	-0.8879
1789.9999999999998	5.695686	-4.128048000000001	7.022979	-2.5551620249196985	0.26878070480712674	-2.426007660272118	-0.4069	0.3579	-0.8861
1791.0	5.692743000000001	-4.568517	6.795387	-2.9862583501622977	0.5480333851262195	-3.0525808617380825	-0.4089	0.3608	-0.887
1792.0000000000002	5.69961	-4.939335	6.5481750000000005	-3.356268151585096	0.8587019919812102	-3.5866516128483474	-0.4102	0.3619	-0.8904
1793.0	5.726097	-5.231673	6.3245070000000005	-3.625048856392222	1.1728612573401895	-4.024729255098924	-0.4106	0.3615	-0.8967
1794.0000000000002	5.763375000000001	-5.3582220000000005	6.136155	-3.7873644768276953	1.4433872913993107	-4.347615166717874	-0.4093	0.3589	-0.9062
1795.0	5.835969	-5.419044	5.937993	-3.77340184281174	1.6580627893946132	-4.550073359949217	-0.406	0.3553	-0.9182
1796.0	5.868342	-5.390595	5.841855000000001	-3.90604686596331	1.8081611050661253	-4.715879638888678	-0.4011	0.3493	-0.9308
1797.0	5.898753	-5.3454690000000005	5.816349	-3.8624136346634517	1.8395770316020235	-4.73682358991261	-0.3949	0.3425	-0.9413
1798.0	5.913468	-4.957974	5.858531999999999	-3.7681658550557575	1.8308503853420517	-4.783947479716458	-0.3866	0.3351	-0.9498
1798.9999999999998	5.864418000000001	-4.845159000000001	6.009606000000001	-3.7070793312359562	1.8640116411299439	-4.773475504204491	-0.3772	0.3272	-0.9559
1800.0	5.842836	-4.378203	6.234255	-3.5831609543443586	1.7837264955382048	-4.696681017116741	-0.3663	0.3182	-0.9601
1801.0000000000002	5.743755	-3.9681450000000003	6.540327	-3.4016467121369485	1.6790067404185451	-4.468042885105484	-0.3541	0.3091	-0.9656
1802.0	5.6603699999999995	-3.4697970000000002	6.884658	-3.2166418114255495	1.5603243512829308	-4.1643555952584705	-0.3412	0.3001	-0.9726
1803.0	5.566194	-2.988126	7.255476000000001	-3.05956217874606	1.4730578886832142	-3.98284135305106	-0.3272	0.2921	-0.9822
1804.0	5.493600000000001	-2.4721200000000003	7.5929400000000005	-2.7419122548830916	1.3212142437597074	-3.5674529910764097	-0.3123	0.2848	-0.9934
1805.0	5.421006	-1.9904490000000001	7.925499	-2.4591689160600105	1.1466813185602747	-3.1311206780778273	-0.2986	0.278	-1.0068
1805.9999999999998	5.422968	-1.52055	8.153091	-2.2043508452688383	0.9983283321407566	-2.717477645355171	-0.2846	0.2733	-1.0217
1807.0	5.447493000000001	-1.041822	8.31888	-1.9355701404617116	0.8290313946973066	-2.3474678439323733	-0.2719	0.2693	-1.037
1807.9999999999998	5.476923	-0.796572	8.433657	-1.7662732030182615	0.7120943348136864	-2.0612338466053033	-0.2601	0.2657	-1.0533
1809.0	5.573061000000001	-0.406134	8.470935	-1.6353735091186867	0.6230825429619757	-1.8308503853420517	-0.2486	0.2626	-1.0692
1810.0000000000002	5.646636	-0.336483	8.44641	-1.5952309363228172	0.5864306286700948	-1.7418385934903409	-0.2376	0.2609	-1.0861
1811.0	5.745717	-0.25211700000000004	8.394417	-1.5952309363228172	0.5864306286700948	-1.7418385934903409	-0.2286	0.26	-1.1017
1812.0	5.841855000000001	-0.32471099999999997	8.264925	-1.4765485471872026	0.5183627878423158	-1.551597705022959	-0.2193	0.2602	-1.1183
1813.0	5.940936000000001	-0.419868	8.101098	-1.467821900927231	0.5480333851262195	-1.4835298641951802	-0.2107	0.261	-1.1304
1814.0	6.03315	-0.5856570000000001	7.950024000000001	-1.4154620233674011	0.5619960191421741	-1.4014993893514465	-0.203	0.2625	-1.1419
1814.9999999999998	6.110649	-0.764199	7.796988	-1.356120828799594	0.5689773361501514	-1.3020156219877697	-0.1952	0.2651	-1.1468
1816.0	6.162642	-0.9476460000000001	7.675344	-1.3212142437597074	0.5654866776461628	-1.2304571226560024	-0.1884	0.2673	-1.1516
1817.0000000000002	6.195996000000001	-1.094796	7.614522	-1.233947781159991	0.5288347633542818	-1.1047934165124105	-0.1821	0.2705	-1.1554
1818.0	6.216597000000001	-1.273338	7.565472000000001	-1.017526953912694	0.4223696789826277	-0.9581857593448869	-0.175	0.2742	-1.1588
1819.0000000000002	6.215616000000001	-1.395963	7.567434	-0.9302604913129776	0.3193952531149623	-0.8464846872172498	-0.1691	0.278	-1.1627
1820.0	6.204825	-1.5480180000000001	7.566453	-0.8342673824532895	0.21467549799530256	-0.7627088831215221	-0.1639	0.2821	-1.1666
1821.0	6.185205	-1.6206120000000002	7.581168000000001	-0.7609635538695277	0.07504915783575616	-0.6894050545377601	-0.1584	0.2865	-1.1698
1822.0	6.178338000000001	-1.6804530000000002	7.646895	-0.6771877497737998	-0.012217304763960306	-0.5934119456780721	-0.1543	0.2908	-1.1698
1823.0	6.183243	-1.691244	7.691040000000001	-0.6422811647339133	-0.04537856055185257	-0.5410520681182421	-0.1509	0.2949	-1.1709
1823.9999999999998	6.196977	-1.8315270000000001	7.6616100000000005	-0.5253441048502933	-0.10995574287564276	-0.41713369122664473	-0.1487	0.2986	-1.1696
1825.0	6.231312	-1.8462420000000002	7.590978000000001	-0.32637657012293964	-0.12042771838760874	-0.3036872898470133	-0.1478	0.3016	-1.1716
1826.0000000000002	6.273495	-2.015955	7.486011	-0.1832595714594046	-0.10297442586766545	-0.20245819323134223	-0.1471	0.3045	-1.172
1827.0	6.330393	-2.017917	7.381044	-0.005235987755982988	-0.0942477796076938	-0.048869219055841226	-0.1461	0.3072	-1.1728
1828.0	6.3853290000000005	-1.9129500000000002	7.299621	-0.013962634015954637	-0.06632251157578452	0.03316125578789226	-0.1455	0.3093	-1.175
1829.0	6.444189000000001	-1.9149120000000002	7.186806000000001	-0.026179938779914945	-0.04014257279586958	0.061086523819801536	-0.1458	0.3112	-1.1747
1830.0	6.5020679999999995	-1.88352	7.087725000000001	-0.03316125578789226	-0.017453292519943295	0.07853981633974483	-0.1455	0.3125	-1.1772
1830.9999999999998	6.550137	-1.9453230000000001	7.001397000000001	-0.05585053606381855	0.0	0.0645771823237902	-0.1457	0.3138	-1.178
1832.0	6.526593	-1.936494	6.978834000000001	-0.1291543646475804	-0.015707963267948967	0.0	-0.1452	0.3145	-1.1774
1832.9999999999998	6.504030000000001	-1.9620000000000002	7.016112	-0.39793506945470714	-0.06283185307179587	-0.10821041362364843	-0.1463	0.3157	-1.1751
1834.0	6.463809	-2.00124	7.1456040000000005	-0.3752457891787809	-0.20420352248333654	-0.19024088846738194	-0.1464	0.3173	-1.1735
1835.0000000000002	6.393177	-1.9669050000000001	7.34769	-0.8360127117052838	-0.29670597283903605	-0.3665191429188092	-0.1464	0.319	-1.1722
1836.0	6.317640000000001	-1.953171	7.5370230000000005	-0.9040805525330626	-0.3700098014227979	-0.4363323129985824	-0.147	0.3213	-1.1694
1837.0	6.292134	-1.9374750000000003	7.687116	-1.1990411961201044	-0.34732052114687156	-0.5113814708343386	-0.1475	0.3236	-1.1667
1838.0	6.325488000000001	-1.918836	7.7253750000000005	-1.5638150097869192	-0.12217304763960307	-0.5410520681182421	-0.1495	0.3275	-1.1619
1839.0	6.4284930000000005	-1.866843	7.654743000000001	-1.8779742751458985	0.23561944901923448	-0.6108652381980153	-0.1508	0.333	-1.1604
1839.9999999999998	6.598206	-1.6981110000000001	7.522308000000001	-2.309070600388498	0.7278022980816354	-0.7243116395776468	-0.1517	0.3402	-1.1558
1841.0	6.764976	-1.627479	7.316298000000001	-2.6075219024795286	1.160643952576229	-0.9005898940290741	-0.1511	0.349	-1.154
1842.0000000000002	6.942537000000001	-1.715769	7.034751	-2.7349309378751143	1.3788101090755203	-1.0122909661567112	-0.1497	0.3599	-1.1536
1843.0	7.098516000000001	-1.9109880000000001	6.712983	-2.933898472602468	1.816887751326097	-1.2828170002158321	-0.1456	0.3726	-1.1564
1844.0000000000002	7.222122	-1.9943730000000002	6.343146	-3.0962140930379407	2.2479840765686965	-1.5987215948268059	-0.1401	0.3871	-1.1583
1845.0	7.317279	-2.348514	5.9634990000000005	-3.204424506661589	2.62846585350346	-1.9722220547535925	-0.1317	0.4032	-1.1622
1846.0	7.423227000000001	-2.5506	5.610339	-3.2288591161895095	3.0333822399661448	-2.340486526924396	-0.1199	0.4208	-1.167
1847.0	7.450695	-2.963601	5.278761	-3.24107642095347	3.406882699892931	-2.6982790235832335	-0.1059	0.4399	-1.1735
1848.0	7.3947780000000005	-3.4207470000000004	5.082561	-3.181735226385663	3.703588672731967	-3.0421088862261167	-0.0881	0.4589	-1.1813
1848.9999999999998	7.3614239999999995	-3.8121660000000004	5.03253	-3.1747539093776855	3.8676496224194343	-3.178244567881674	-0.0672	0.4778	-1.1899
1850.0	7.268229000000001	-4.239882	5.076675	-3.0892327760299634	4.1381756564785555	-3.4400439556808236	-0.0436	0.4975	-1.1988
1851.0000000000002	7.185825	-4.497885	5.201262000000001	-3.0229102644541785	4.249876728606193	-3.7280232822598878	-0.0174	0.517	-1.2083
1852.0	7.3575	-4.580289	5.369013000000001	-2.658136450787364	4.178318229274425	-4.174827570770436	0.0107	0.5361	-1.218
1853.0	7.711641	-4.751964	5.380785	-2.007128639793479	3.5988689176123074	-4.747295565424577	0.0398	0.553	-1.2273
1854.0	8.687736000000001	-4.401747	5.18949	-2.150245638457014	3.490658503988659	-5.242969072990966	0.0685	0.5686	-1.2369
1855.0	9.703071	-3.995613	4.977594	-2.150245638457014	3.490658503988659	-5.242969072990966	0.0946	0.5823	-1.245
1855.9999999999998	10.37898	-3.83571	4.644054	-2.193878869756872	3.6320301734002	-5.4436819369703136	0.1229	0.5954	-1.2526
1857.0	11.037231	-3.527676	4.269312	-2.3282692221604355	3.134611336581816	-5.54665636283798	0.1511	0.6075	-1.2589
1857.9999999999998	11.723931	-3.205908	3.8592540000000004	-2.3282692221604355	3.134611336581816	-5.54665636283798	0.1763	0.6184	-1.2641
1859.0	12.283101	-2.97243	3.471759	-2.9967303256742635	2.316051917396475	-5.405284693426438	0.1998	0.6305	-1.2633
1860.0000000000002	12.912903	-2.4250320000000003	3.075435	-3.9322268047432245	1.9896753472735358	-5.304055596810767	0.2203	0.643	-1.2591
1861.0	13.281759000000001	-3.208851	2.8978740000000003	-3.822271061867582	1.562069680534925	-4.886921905584122	0.2375	0.6572	-1.2503
1862.0	13.156191	-4.448835000000001	2.946924	-2.6371924997634317	1.1728612573401895	-4.808382089244378	0.25	0.6717	-1.2404
1863.0	12.965877	-4.540068	3.1931550000000004	-0.13962634015954636	0.3839724354387525	-4.5588000062091885	0.2585	0.685	-1.2304
1864.0	12.098673000000002	-4.5930420000000005	3.638529	0.19896753472735357	-0.003490658503988659	-3.944444109507185	0.2643	0.6971	-1.2216
1864.9999999999998	11.017611	-4.909904999999999	4.121181	-0.3665191429188092	-0.28099800957108706	-3.337069529813158	0.2691	0.7082	-1.2147
1866.0	10.154330999999999	-5.229711000000001	4.801995	-0.22165681500327983	-0.7155849933176751	-3.001966313430247	0.2666	0.7176	-1.2088
1867.0000000000002	9.334215	-5.502429	5.568156	0.15358897417550102	-1.096066770252439	-2.7523842303950574	0.2601	0.7252	-1.2039
1868.0	8.510175	-5.61132	6.388272000000001	0.19198621771937624	-1.2199851471440364	-2.4452062820440554	0.251	0.7324	-1.1988
1869.0000000000002	7.694964000000001	-5.712363000000001	7.2015210000000005	0.03665191429188092	-1.3631021458075714	-2.3055799418845093	0.2389	0.7354	-1.1978
1870.0	6.813045000000001	-6.225426000000001	8.043219	-0.059341194567807204	-1.4625859131712482	-2.113593724165133	0.224	0.7352	-1.1984
1871.0	6.213654	-5.491638	8.680869000000001	-0.020943951023931952	-1.5044738152191122	-2.0437805540853597	0.207	0.7312	-1.2016
1872.0	5.820273000000001	-4.3438680000000005	9.091908	0.019198621771937627	-1.4992378274631293	-2.0018926520374962	0.1889	0.7239	-1.2053
1873.0	5.216958000000001	-4.16925	9.468612	-0.0017453292519943296	-1.5044738152191122	-1.99142067652553	0.1705	0.7173	-1.2067
1873.9999999999998	4.580289	-4.576365000000001	9.877689	-0.026179938779914945	-1.514945790731078	-1.9355701404617116	0.1512	0.7115	-1.2038
1875.0	4.043682	-4.750983000000001	10.26126	-0.022689280275926284	-1.5219271077390555	-1.900663555421825	0.1312	0.7057	-1.1955
1876.0000000000002	3.4854930000000004	-4.693104	10.561446	-0.031415926535897934	-1.488765851951163	-1.7435839227423353	0.1115	0.6995	-1.1843
1877.0	2.7772110000000003	-4.7990520000000005	10.811601000000001	-0.013962634015954637	-1.4643312424232426	-1.5585790220309363	0.0914	0.6932	-1.1696
1878.0	1.9727910000000002	-5.077656	11.009763000000001	-0.09250245035569947	-1.429424657383356	-1.3229595730117016	0.0715	0.687	-1.1549
1879.0	1.115397	-5.323887	11.176533000000001	-0.20420352248333654	-1.3247049022636963	-1.0629055144645467	0.0522	0.6813	-1.1418
1880.0	0.19521900000000003	-5.521068	11.288367000000001	-0.3368485456349056	-1.1519173063162575	-0.7661995416255106	0.0336	0.6762	-1.1309
1880.9999999999998	-0.777933	-5.7143250000000005	11.360961	-0.3735004599267865	-0.7417649320975901	-0.4572762640225143	0.0149	0.672	-1.1217
1882.0	-1.7442180000000003	-5.923278000000001	11.408049000000002	-0.460766922526503	-0.8255407361933178	-0.2932153143350474	-0.0015	0.6697	-1.1145
1882.9999999999998	-2.612403	-6.1155539999999995	11.466909000000001	-0.49741883681838395	-0.598647933434055	0.005235987755982988	-0.0172	0.6674	-1.1087
1884.0	-3.339324	-6.218559000000001	11.512035000000001	-0.57246799465414	-0.3036872898470133	0.3089232776029963	-0.0316	0.6655	-1.1044
1885.0000000000002	-3.961278	-6.279381000000001	11.528712	-0.6335545184739416	-0.003490658503988659	0.5881759579220891	-0.0441	0.665	-1.103
1886.0	-4.44393	-6.289191000000001	11.513016	-0.6859143960337715	0.2565634000431664	0.8621926504851988	-0.0539	0.6665	-1.1043
1887.0	-4.745097	-6.2607420000000005	11.462985000000002	-0.7155849933176751	0.4590215932745087	1.1135200627723822	-0.0613	0.6696	-1.1068
1888.0	-4.868703	-6.234255	11.390391000000001	-0.7365289443416071	0.5654866776461628	1.265363707695889	-0.0654	0.6741	-1.1125
1889.0	-4.828482	-6.249951	11.304063000000001	-0.7051130178057091	0.8115781021773633	1.5760323145508794	-0.0669	0.6805	-1.1141
1889.9999999999998	-4.64013	-6.248970000000001	11.205963000000002	-0.5148721293383273	1.0088003076527223	1.8343410438460404	-0.0656	0.6886	-1.1156
1891.0	-4.301685	-6.188148000000001	11.079414	-0.39968039870670147	1.2217304763960306	2.050761871093337	-0.061	0.6973	-1.1182
1892.0000000000002	-3.7523250000000004	-6.124383	10.949922	-0.26703537555513246	1.4329153158873444	2.1694442602289516	-0.0541	0.7064	-1.1172
1893.0	-3.077397	-6.076314	10.815525000000001	-0.1064650843716541	1.6598081186466074	2.1956241990088667	-0.0441	0.7169	-1.1198
1894.0000000000002	-2.306331	-6.064542	10.699767000000001	0.09250245035569947	1.9041542139258134	2.129301687433082	-0.0307	0.7275	-1.1232
1895.0	-1.4685570000000001	-5.991948000000001	10.599705	0.19896753472735357	2.0053833105414847	2.097885760897184	-0.0147	0.7382	-1.1273
1896.0	-0.579771	-5.844798	10.480023000000001	0.32812189937493397	2.2218041377887814	1.9634954084936207	0.0028	0.7481	-1.1316
1897.0	0.32569200000000004	-5.627016	10.292652	0.32812189937493397	2.420771672516135	1.7435839227423353	0.0229	0.7571	-1.1384
1898.0	1.101663	-5.254236	9.941454000000002	0.14835298641951802	2.5534166956677042	1.4486232791552935	0.0438	0.7655	-1.1442
1898.9999999999998	1.6284600000000002	-4.613643000000001	9.372474	-0.3420845333908886	2.3003439541285267	1.0925761117484503	0.0664	0.7727	-1.1532
1900.0	1.8482040000000002	-3.8945700000000003	8.645553	-1.0245082709206714	1.4748032179352084	0.6684611035138281	0.09	0.7785	-1.1621
1901.0000000000002	2.031651	-3.465873	7.806798	-1.1641346110802178	0.9669124056048586	0.46600291028248597	0.1142	0.7845	-1.1704
1902.0	1.916874	-3.4295760000000004	6.8405130000000005	-0.8656833089891874	-0.17278759594743864	-0.15358897417550102	0.1365	0.7896	-1.1766
1903.0	1.715769	-3.4845120000000005	6.133212	0.04537856055185257	-2.202605516016844	-1.0088003076527223	0.1544	0.7943	-1.1795
1904.0	4.680351000000001	-3.3913170000000004	5.306229000000001	6.80503875352589	-0.7138396640656808	-6.798057436517913	0.1644	0.7947	-1.1817
1905.0	7.585092	0.347274	5.406291	2.792526803190927	1.0018189906447452	-2.1694442602289516	0.1693	0.786	-1.1879
1905.9999999999998	9.823734000000002	3.016575	4.2879510000000005	0.38571776469074687	-1.3491395117916167	-2.113593724165133	0.1719	0.774	-1.1983
1907.0	12.616641000000001	3.173535	1.8011160000000002	0.6736970912698113	0.3909537524467298	-1.0140362954087054	0.169	0.7606	-1.2049
1907.9999999999998	12.834423000000001	4.224186	2.071872	0.4642575810304917	0.15707963267948966	-0.8011061266653973	0.1641	0.7458	-1.2098
1909.0	13.016889	4.329153000000001	2.90376	0.36302848441482055	-0.4223696789826277	-0.3438298626428829	0.1553	0.7302	-1.213
1910.0000000000002	13.738905	4.646997000000001	3.304008	0.05235987755982989	-0.08203047484373349	-0.30717794835100204	0.1439	0.7143	-1.2151
1911.0	14.288264999999999	4.614624	3.9465630000000003	0.1308996938995747	-0.19896753472735357	-0.1780235837034216	0.1303	0.6967	-1.2162
1912.0	14.995566	5.30721	4.682313000000001	0.11693705988362008	-0.10821041362364843	-0.04537856055185257	0.1165	0.6786	-1.2211
1913.0	15.706791	5.6809709999999995	5.056074	0.14835298641951802	-0.06981317007977318	-0.10995574287564276	0.1044	0.66	-1.2259
1914.0	13.092426000000001	6.04296	5.610339	0.17278759594743864	-0.06806784082777885	-0.12391837689159739	0.0976	0.6444	-1.2313
1914.9999999999998	10.48689	2.907684	5.231673	0.0942477796076938	-0.06283185307179587	-0.038397243543875255	0.0933	0.637	-1.2324
1916.0	8.511156000000001	0.7102440000000001	6.071409	-0.017453292519943295	-0.020943951023931952	0.027925268031909273	0.0891	0.6327	-1.2282
1917.0000000000002	5.9124870000000005	0.963342	8.404227	-0.12042771838760874	0.008726646259971648	0.12566370614359174	0.0876	0.6302	-1.2265
1918.0	5.948784000000001	0.164808	8.149167	-0.2844886680750757	0.0645771823237902	0.17453292519943295	0.0863	0.6293	-1.2241
1919.0000000000002	6.181281	0.048069	7.577244	-0.3141592653589793	0.08726646259971647	0.2181661564992912	0.0857	0.6289	-1.2245
1920.0	6.095934	-0.49540500000000004	7.599807000000001	-0.3089232776029963	0.09599310885968812	0.1954768762233649	0.0852	0.629	-1.2237
1921.0	6.043941	-0.49246200000000007	7.615503	-0.21991148575128552	0.026179938779914945	0.19722220547535926	0.0853	0.6301	-1.2233
1922.0	6.0243210000000005	-0.803439	7.604712	-0.20769418098732523	0.010471975511965976	0.18151424220741028	0.086	0.6314	-1.2224
1923.0	5.969385000000001	-0.636669	7.703793	-0.2234021442552742	-0.027925268031909273	0.1780235837034216	0.0865	0.6331	-1.2218
1923.9999999999998	5.96448	-0.607239	7.724394	-0.25481807079117214	-0.041887902047863905	0.1954768762233649	0.087	0.6351	-1.2212
1925.0	5.949765000000001	-0.801477	7.737147	-0.24958208303518914	-0.048869219055841226	0.1884955592153876	0.0881	0.6377	-1.2204
1926.0000000000002	5.911506	-0.9525510000000001	7.807779000000001	-0.24958208303518914	-0.048869219055841226	0.1884955592153876	0.0892	0.64	-1.2195
1927.0	5.900715000000001	-1.215459	7.8293610000000005	-0.21118483949131386	-0.04537856055185257	0.16580627893946132	0.0893	0.6431	-1.2188
1928.0	5.8742280000000004	-1.469538	7.851924	-0.16580627893946132	-0.04014257279586958	0.15009831567151233	0.0898	0.6457	-1.2189
1929.0	5.858531999999999	-1.6637760000000001	7.859772	-0.12566370614359174	-0.024434609527920613	0.12566370614359174	0.0904	0.6484	-1.218
1930.0	5.842836	-1.6922249999999999	7.878411000000001	-0.09773843811168245	-0.03490658503988659	0.1064650843716541	0.0908	0.6507	-1.2174
1930.9999999999998	5.891886	-1.6441560000000002	7.7989500000000005	-0.11519173063162574	-0.024434609527920613	0.11519173063162574	0.0912	0.653	-1.2169
1932.0	5.8997340000000005	-1.591182	7.788159000000001	-0.10821041362364843	-0.04363323129985824	0.10297442586766545	0.0913	0.6549	-1.2161
1932.9999999999998	5.906601	-1.6186500000000001	7.756767	-0.11868238913561441	-0.04537856055185257	0.10297442586766545	0.0917	0.6568	-1.215
1934.0	5.906601	-1.637289	7.727337	-0.10995574287564276	-0.04363323129985824	0.1064650843716541	0.0918	0.6589	-1.2123
1935.0000000000002	5.911506	-1.6637760000000001	7.709679	-0.143116998663535	-0.0471238898038469	0.12042771838760874	0.0914	0.6613	-1.2074
1936.0	5.916411	-1.684377	7.695945	-0.1413716694115407	-0.05235987755982989	0.12740903539558607	0.091	0.6636	-1.2012
1937.0	5.910525000000001	-1.6461180000000002	7.700850000000001	-0.14835298641951802	-0.054105206811824215	0.1361356816555577	0.0917	0.6647	-1.1932
1938.0	5.914449	-1.6255169999999999	7.707717	-0.14486232791552936	-0.04537856055185257	0.13788101090755203	0.0913	0.6661	-1.1852
1939.0	5.910525000000001	-1.604916	7.7047740000000005	-0.12391837689159739	-0.041887902047863905	0.12042771838760874	0.0911	0.6678	-1.1787
1939.9999999999998	5.913468	-1.607859	7.689078000000001	-0.11519173063162574	-0.041887902047863905	0.11868238913561441	0.0906	0.6696	-1.175
1941.0	5.916411	-1.627479	7.6743630000000005	-0.12391837689159739	-0.03665191429188092	0.12217304763960307	0.0903	0.6705	-1.1724
1942.0000000000002	5.918373	-1.668681	7.648857	-0.09250245035569947	-0.031415926535897934	0.10471975511965978	0.0897	0.6718	-1.172
1943.0	5.923278000000001	-1.705959	7.628256	-0.09075712110370514	-0.024434609527920613	0.10821041362364843	0.0892	0.6734	-1.1727
1944.0000000000002	5.928183	-1.75599	7.60275	-0.061086523819801536	-0.012217304763960306	0.10297442586766545	0.0887	0.6748	-1.175
1945.0	5.9252400000000005	-1.79523	7.596864	-0.06283185307179587	-0.020943951023931952	0.09773843811168245	0.0884	0.6761	-1.1799
1946.0	5.920335000000001	-1.83447	7.5929400000000005	-0.06632251157578452	-0.006981317007977318	0.09599310885968812	0.0886	0.6769	-1.186
1947.0	5.91543	-1.85409	7.589016	-0.06981317007977318	-0.010471975511965976	0.09948376736367678	0.0879	0.6784	-1.1934
1948.0	5.9124870000000005	-1.8403559999999999	7.596864	-0.06806784082777885	-0.029670597283903602	0.07504915783575616	0.089	0.6789	-1.2013
1948.9999999999998	5.918373	-1.8334890000000001	7.604712	-0.07853981633974483	-0.03316125578789226	0.07679448708775051	0.0896	0.6797	-1.2062
1950.0	5.914449	-1.829565	7.606674	-0.09773843811168245	-0.041887902047863905	0.07504915783575616	0.0903	0.6799	-1.2071
1951.0000000000002	5.91543	-1.836432	7.598826	-0.06283185307179587	-0.041887902047863905	0.06283185307179587	0.0906	0.6807	-1.2049
1952.0	5.9173919999999995	-1.8482040000000002	7.599807000000001	-0.0715584993317675	-0.03316125578789226	0.054105206811824215	0.0913	0.6819	-1.1993
1953.0	5.916411	-1.8482040000000002	7.601769000000001	-0.059341194567807204	-0.04537856055185257	0.04014257279586958	0.0914	0.6821	-1.1912
1954.0	5.9173919999999995	-1.864881	7.598826	-0.07330382858376185	-0.029670597283903602	0.03665191429188092	0.092	0.6828	-1.1841
1955.0	5.926221	-1.8766530000000001	7.585092	-0.05585053606381855	-0.04537856055185257	0.029670597283903602	0.0924	0.6824	-1.1786
1955.9999999999998	5.93505	-1.901178	7.5595859999999995	-0.05585053606381855	-0.020943951023931952	0.03665191429188092	0.0915	0.6833	-1.1752
1957.0	5.948784000000001	-1.9374750000000003	7.5321180000000005	-0.0017453292519943296	-0.012217304763960306	0.003490658503988659	0.0915	0.6837	-1.1739
1957.9999999999998	5.949765000000001	-1.9708290000000002	7.508574	0.022689280275926284	0.0	-0.006981317007977318	0.09	0.6849	-1.174
1959.0	5.9478029999999995	-1.9423800000000002	7.517403	0.019198621771937627	-0.013962634015954637	-0.008726646259971648	0.0889	0.6857	-1.1764
1960.0000000000002	5.946822	-1.9080450000000002	7.542909000000001	-0.013962634015954637	-0.019198621771937627	0.003490658503988659	0.088	0.6865	-1.18
1961.0	5.94486	-1.852128	7.581168000000001	-0.0715584993317675	-0.04537856055185257	0.012217304763960306	0.0865	0.6872	-1.1856
1962.0	5.938974000000001	-1.8060210000000003	7.609617	-0.10821041362364843	-0.061086523819801536	0.027925268031909273	0.0852	0.6875	-1.1914
1963.0	5.928183	-1.778553	7.6439520000000005	-0.10995574287564276	-0.09773843811168245	0.04537856055185257	0.0844	0.688	-1.1976
1964.0	5.920335000000001	-1.748142	7.678287	-0.13962634015954636	-0.1117010721276371	0.05235987755982989	0.0835	0.6882	-1.202
1964.9999999999998	5.908563	-1.71675	7.724394	-0.15707963267948966	-0.15009831567151233	0.04537856055185257	0.0829	0.6891	-1.2016
1966.0	5.904639	-1.68732	7.766577	-0.1710422666954443	-0.16231562043547265	0.05759586531581287	0.0824	0.6896	-1.2018
1967.0000000000002	5.903658	-1.6294410000000001	7.813665	-0.1954768762233649	-0.2007128639793479	0.0645771823237902	0.0813	0.6903	-1.2062
1968.0	5.916411	-1.573524	7.851924	-0.22863813201125716	-0.20943951023931956	0.09075712110370514	0.0804	0.691	-1.2051
1969.0000000000002	5.931126000000001	-1.5617520000000003	7.852905000000001	-0.2565634000431664	-0.23911010752322315	0.10821041362364843	0.0793	0.6919	-1.2073
1970.0	5.948784000000001	-1.5440940000000003	7.857810000000001	-0.29670597283903605	-0.2775073510670984	0.1466076571675237	0.0782	0.6934	-1.2069
1971.0	5.959575000000001	-1.531341	7.8548670000000005	-0.3665191429188092	-0.30543261909900765	0.1954768762233649	0.0776	0.6952	-1.2044
1972.0	5.9684040000000005	-1.5176070000000002	7.878411000000001	-0.40840704496667307	-0.3717551306747922	0.23561944901923448	0.0764	0.6974	-1.2034
1973.0	5.980176000000001	-1.484253	7.9107840000000005	-0.4537856055185257	-0.3961897402027128	0.27052603405912107	0.0742	0.7002	-1.2022
1973.9999999999998	5.991948000000001	-1.414602	7.971606	-0.5515240436302081	-0.47298422729046335	0.3246312408709453	0.0714	0.7033	-1.2023
1975.0	6.01353	-1.3321980000000002	8.025561000000001	-0.6597344572538565	-0.5602506898901798	0.41538836197465046	0.0683	0.7073	-1.2046
1976.0000000000002	6.040998	-1.227231	8.074611	-0.7696902001294994	-0.6335545184739416	0.5201081170943103	0.0653	0.7119	-1.2041
1977.0	6.081219	-1.117359	8.114832000000002	-0.9180431865490174	-0.7173303225696694	0.6632251157578453	0.0626	0.7166	-1.1988
1978.0	6.120459	-1.013373	8.1423	-1.0367255756846316	-0.7609635538695277	0.8482300164692442	0.0593	0.7226	-1.1969
1979.0	6.177357000000001	-0.9191970000000002	8.157015000000001	-1.1484266478122689	-0.7696902001294994	1.0053096491487339	0.0562	0.7297	-1.1888
1980.0	6.226407000000001	-0.806382	8.154072000000001	-1.270599695451872	-0.7993607974134029	1.1082840750163994	0.0531	0.7382	-1.181
1980.9999999999998	6.3598230000000004	-0.749484	8.089326	-1.4521139376592822	-0.7923794804054256	1.3247049022636963	0.0502	0.7482	-1.1738
1982.0	6.555042	-0.558189	8.019675000000001	-1.656317460142619	-0.7365289443416071	1.6266468628587152	0.047	0.7596	-1.1656
1982.9999999999998	6.899373000000001	-0.34335000000000004	7.879392000000001	-2.0158552860534504	-0.47647488579445196	2.014109956801456	0.0457	0.7727	-1.1541
1984.0	7.382025	-0.175599	7.613541000000001	-2.309070600388498	0.020943951023931952	2.438224965036078	0.0475	0.7907	-1.1411
1985.0000000000002	7.846038	-0.08044200000000001	7.251552	-2.450442269800039	0.4799655442984406	2.8099800957108707	0.0513	0.8117	-1.1304
1986.0	8.228628	-0.18344700000000003	6.793425	-2.4312436480281012	0.6108652381980153	2.963569069886372	0.0589	0.834	-1.1184
1987.0	8.709318000000001	-0.471861	6.200901	-2.129301687433082	0.9459684545809267	3.314380249537232	0.0692	0.859	-1.1042
1988.0	9.144882	-1.009449	5.405310000000001	-1.631882850614698	1.293288975727798	3.4452799434368067	0.0843	0.8849	-1.0888
1989.0	10.129806	-1.718712	4.36545	-1.2444197566719568	1.1868238913561442	2.707005669843205	0.1026	0.9117	-1.0761
1989.9999999999998	11.451213000000001	-2.183706	2.9253420000000006	-0.8569566627292158	1.1257373675363425	0.9843656981248018	0.1225	0.9376	-1.0652
1991.0	12.991383	-3.1235040000000005	1.6166880000000001	0.9442231253289323	1.6929693744344996	-0.5637413483941683	0.1432	0.961	-1.0572
1992.0000000000002	14.566869000000002	-4.10058	0.524835	1.9722220547535925	2.1694442602289516	-1.4957471689591404	0.1655	0.9805	-1.0517
1993.0	15.319296000000001	-4.588137000000001	-0.553284	1.911135530933791	2.1467549799530254	-1.8605209826259552	0.1871	0.9952	-1.0529
1994.0000000000002	15.569451	-4.951107	-1.488177	1.3002702927357754	1.8325957145940461	-2.478367537831948	0.2064	1.0035	-1.0562
1995.0	15.710715	-5.4700560000000005	-2.183706	0.8970992355250854	1.4451326206513049	-2.977531703902326	0.2232	1.0069	-1.0589
1996.0	15.850998	-5.985081	-2.5643340000000006	0.8482300164692442	1.0629055144645467	-3.3649947978450676	0.2352	1.0063	-1.0633
1997.0	15.796062000000001	-6.328431	-2.6133840000000004	0.8028514559173916	0.7347836150896128	-3.680899392456041	0.2436	1.0016	-1.0698
1998.0	15.737202000000002	-6.394158000000001	-2.287692	0.7138396640656808	0.4363323129985824	-3.871140280923423	0.2464	0.993	-1.077
1998.9999999999998	15.074046000000001	-6.1999200000000005	-1.5440940000000003	0.6475171524898963	0.3385938748868999	-3.9217548292312583	0.2432	0.9807	-1.0847
2000.0	13.994946000000002	-6.191091	-0.300186	0.44331363000655966	0.11344640137963143	-3.937462792499207	0.2369	0.9669	-1.0925
2001.0000000000002	12.52737	-5.618187	0.917235	0.21991148575128552	-0.08028514559173916	-3.8606683054114566	0.2271	0.9524	-1.0986
2002.0	10.845936	-5.128668000000001	1.9325700000000001	0.09599310885968812	-0.35779249665883756	-3.771656513559746	0.2142	0.939	-1.1031
2003.0	9.740349	-5.175756	2.99205	0.059341194567807204	-0.6510078109938848	-3.6704274169440754	0.1972	0.9274	-1.1048
2004.0	8.814285	-5.3709750000000005	3.999537	0.0942477796076938	-0.8848819307611251	-3.5657076618244155	0.1785	0.9155	-1.1048
2005.0	7.587054	-5.413158	4.856931	0.26005405854715513	-1.165879940332212	-3.324852225049198	0.1574	0.9034	-1.1034
2005.9999999999998	6.047865000000001	-5.2895520000000005	5.527935	0.3612831551628262	-1.265363707695889	-3.139847324337799	0.1348	0.8914	-1.1001
2007.0	4.199661	-5.211072000000001	6.014511	0.5497787143782138	-1.4329153158873444	-2.682571060315284	0.1097	0.8788	-1.0954
2007.9999999999998	2.3475330000000003	-5.025663	6.337260000000001	0.5934119456780721	-1.481784534943186	-2.028072590817411	0.0844	0.8663	-1.09
2009.0	0.45224100000000006	-4.942278000000001	6.4922580000000005	0.46600291028248597	-1.4590952546672593	-1.36659280431156	0.0597	0.8544	-1.0835
2010.0000000000002	-1.437165	-4.964841	6.526593	0.3735004599267865	-1.541125729510993	-0.8587019919812102	0.0351	0.8423	-1.0744
2011.0	-1.3586850000000001	-4.8853800000000005	8.035371000000001	-0.29670597283903605	-0.8918632477691024	-0.15707963267948966	0.0109	0.8314	-1.0622
2012.0	0.24525000000000002	-5.801634000000001	9.787437	-0.4572762640225143	0.5759586531581288	0.9634217471008699	-0.0096	0.8223	-1.0492
2013.0	-3.234357	-5.733945	10.491795	-0.2059488517353309	4.934045795387969	1.589994948566834	-0.0217	0.8156	-1.0369
2014.0	-3.055815	-6.459885	11.731779	0.3839724354387525	2.1205750411731104	1.6510814723866356	-0.0294	0.8105	-1.027
2014.9999999999998	-3.651282	-6.718869	12.661767000000001	0.7243116395776468	3.796091123087667	1.9268434942017398	-0.0299	0.8079	-1.0205
2016.0	-2.36421	-6.4971630000000005	13.13559	0.5846852994181004	2.6302111827554544	1.111774733520388	-0.0243	0.8064	-1.0187
2017.0000000000002	-1.359666	-7.186806000000001	14.127381	1.0000736613927508	2.5970499269675624	0.7208209810736581	-0.0137	0.8064	-1.0213
2018.0	-0.65727	-7.353576000000001	15.119171999999999	0.7452555906015788	1.0943214410004447	0.32114058236695664	0.0008	0.8062	-1.028
2019.0000000000002	0.8956530000000001	-7.0514280000000005	15.954984000000001	0.48171087355043496	0.6859143960337715	0.20420352248333654	0.0182	0.807	-1.0363
2020.0	1.8933300000000002	-6.7080779999999995	16.763328	0.13264502315156904	0.7330382858376184	0.08203047484373349	0.0377	0.8088	-1.0482
2021.0	1.439127	-6.624693000000001	15.47037	0.0715584993317675	0.13788101090755203	-0.12391837689159739	0.0598	0.8108	-1.0632
2022.0	-0.12851100000000001	-5.520087	13.673178	0.24783675378319478	0.27052603405912107	-0.1884955592153876	0.0803	0.8118	-1.0797
2023.0	3.165687	-4.867722	13.085559000000002	0.24085543677521748	0.30019663134302466	-0.1064650843716541	0.0966	0.8108	-1.0965
2023.9999999999998	3.2559389999999997	-3.049929	11.912283	-0.0017453292519943296	0.17976891295541594	0.21467549799530256	0.1102	0.8091	-1.1112
2025.0	4.569498	-1.5342840000000002	11.145141000000002	-0.2426007660272118	0.2565634000431664	0.3595378259108319	0.1203	0.8066	-1.1228
2026.0000000000002	4.3056090000000005	-1.110492	10.868499000000002	-0.6597344572538565	0.4258603374866164	0.5201081170943103	0.1281	0.8054	-1.1288
2027.0	4.490037	-0.406134	9.958131	-0.6894050545377601	0.5061454830783556	0.5253441048502933	0.1343	0.8049	-1.1298
2028.0	5.081580000000001	-0.20797200000000002	9.110547	-0.4241150082346221	0.34732052114687156	0.40317105721069013	0.1389	0.8066	-1.1252
2029.0	4.98348	-0.18344700000000003	8.451315000000001	-0.3839724354387525	0.34033920413889424	0.3246312408709453	0.1433	0.8085	-1.1178
2030.0	5.436702	-0.249174	7.797969000000001	-0.3595378259108319	0.32986722862692824	0.24958208303518914	0.1476	0.8107	-1.1107
2030.9999999999998	5.490657	-0.377685	7.710660000000001	-0.26878070480712674	0.3193952531149623	0.18675022996339324	0.1519	0.8136	-1.1052
2032.0	5.281704	-0.5375880000000001	7.856829	-0.19024088846738194	0.3089232776029963	0.17976891295541594	0.1561	0.8168	-1.1021
2032.9999999999998	5.382747	-1.182105	7.871544	-0.05235987755982989	0.3141592653589793	0.15184364492350666	0.1604	0.821	-1.0999
2034.0	5.232654	-2.147409	7.9667010000000005	0.08377580409572781	0.32812189937493397	0.11344640137963143	0.165	0.8254	-1.1008
2035.0000000000002	4.959936000000001	-3.131352	7.945119	0.158824961931484	0.30717794835100204	0.08028514559173916	0.169	0.8289	-1.1021
2036.0	4.753926	-3.4187849999999997	7.879392000000001	0.20943951023931956	0.21642082724729686	0.05061454830783556	0.1732	0.8321	-1.1054
2037.0	4.810824	-3.043062	7.933347	0.21118483949131386	0.1884955592153876	0.022689280275926284	0.1765	0.8345	-1.1109
2038.0	4.800033	-2.8301849999999997	7.919613000000001	0.22863813201125716	0.16406094968746698	0.015707963267948967	0.179	0.8356	-1.1211
2039.0	4.699971000000001	-2.9106270000000003	7.894107	0.27576202181510406	0.10821041362364843	0.0	0.1813	0.8361	-1.1295
2039.9999999999998	4.672503	-2.868444	7.911765	0.2844886680750757	0.0715584993317675	-0.029670597283903602	0.1834	0.8358	-1.1398
2041.0	4.639149	-2.615346	7.9667010000000005	0.2827433388230814	0.027925268031909273	-0.061086523819801536	0.185	0.8348	-1.1452
2042.0000000000002	4.605795	-2.346552	8.036352	0.24783675378319478	-0.003490658503988659	-0.06632251157578452	0.1873	0.8331	-1.1488
2043.0	4.566555	-2.070891	8.064801000000001	0.21118483949131386	-0.006981317007977318	-0.09599310885968812	0.1885	0.8303	-1.1514
2044.0000000000002	4.480227	-1.773648	8.08344	0.15707963267948966	-0.061086523819801536	-0.11519173063162574	0.1897	0.8281	-1.152
2045.0	4.463550000000001	-1.585296	8.121699	0.143116998663535	-0.10471975511965978	-0.10297442586766545	0.1901	0.8258	-1.1533
2046.0	4.529277	-1.4724810000000002	8.165844	0.05759586531581287	-0.158824961931484	-0.06632251157578452	0.1897	0.8232	-1.1536
2047.0	4.5626310000000005	-1.3341600000000002	8.206065	0.026179938779914945	-0.17453292519943295	-0.04014257279586958	0.1897	0.8204	-1.1543
2048.0	4.513581	-1.190934	8.229609	-0.059341194567807204	-0.22514747350726852	0.008726646259971648	0.1894	0.8184	-1.1518
2049.0	4.746078000000001	-1.1183400000000001	8.329671	-0.038397243543875255	-0.23561944901923448	0.006981317007977318	0.1887	0.816	-1.1519
2050.0	4.853007	-1.03005	8.36793	-0.09599310885968812	-0.12042771838760874	0.048869219055841226	0.1871	0.815	-1.1505
2051.0	4.86576	-1.035936	8.383626000000001	-0.09773843811168245	-0.16406094968746698	0.048869219055841226	0.1859	0.8142	-1.1514
2052.0	4.96386	-1.070271	8.388531	-0.12042771838760874	-0.1466076571675237	0.06632251157578452	0.1824	0.8133	-1.152
2053.0	5.020758000000001	-1.150713	8.380683	-0.09948376736367678	-0.1117010721276371	0.06632251157578452	0.1806	0.813	-1.1512
2054.0	5.095314	-1.273338	8.368911	-0.10471975511965978	-0.1064650843716541	0.07330382858376185	0.1783	0.8124	-1.1502
2055.0	5.209110000000001	-1.377324	8.355177000000001	-0.06806784082777885	-0.1064650843716541	0.061086523819801536	0.177	0.8127	-1.1495
2056.0	5.215977	-1.49112	8.321823	-0.06283185307179587	-0.09599310885968812	0.03316125578789226	0.175	0.8135	-1.153
2057.0	5.219901	-1.649061	8.287488	-0.0017453292519943296	-0.11693705988362008	0.003490658503988659	0.1733	0.8145	-1.1521
2058.0	5.318001000000001	-1.78542	8.273754	0.013962634015954637	-0.12391837689159739	-0.015707963267948967	0.1723	0.8149	-1.1483
2059.0	5.0913900000000005	-1.8266220000000002	8.165844	0.03316125578789226	-0.15009831567151233	-0.04537856055185257	0.1708	0.8159	-1.1459
2060.0	5.003100000000001	-1.9198170000000003	8.139357	0.07853981633974483	-0.24958208303518914	-0.09599310885968812	0.1696	0.8158	-1.1466
2061.0	5.03253	-1.9149120000000002	8.109927	0.059341194567807204	-0.26703537555513246	-0.08726646259971647	0.1678	0.8158	-1.1448
2062.0	5.059017000000001	-1.8766530000000001	8.136414	0.005235987755982988	-0.23387411976724015	0.0	0.1674	0.8159	-1.1423
2063.0	5.184585	-1.8658620000000001	8.130528	-0.03665191429188092	-0.0890117918517108	0.03490658503988659	0.1663	0.8162	-1.1417
2064.0	5.244426	-1.8315270000000001	8.138376000000001	-0.029670597283903602	-0.06283185307179587	0.06981317007977318	0.1652	0.8159	-1.1401
2065.0	5.295438	-1.789344	8.151129000000001	-0.0645771823237902	-0.003490658503988659	0.08726646259971647	0.1635	0.8155	-1.1381
2066.0	5.342526	-1.7432370000000001	8.166825000000001	-0.06632251157578452	0.024434609527920613	0.08726646259971647	0.1625	0.815	-1.1324
2067.0	5.3886330000000005	-1.7000730000000002	8.169768	-0.06806784082777885	0.05061454830783556	0.09250245035569947	0.1612	0.8146	-1.1301
2068.0	5.417082000000001	-1.6726050000000001	8.169768	-0.04537856055185257	0.054105206811824215	0.07504915783575616	0.1602	0.8145	-1.1311
2069.0	5.494581000000001	-1.6608330000000002	8.176635000000001	-0.05759586531581287	0.054105206811824215	0.07679448708775051	0.1598	0.8149	-1.1322
2070.0	5.556384	-1.668681	8.165844	-0.017453292519943295	0.05585053606381855	0.05235987755982989	0.1597	0.8158	-1.1288
2071.0	5.5769850000000005	-1.6961490000000001	8.164863	-0.026179938779914945	0.05585053606381855	0.048869219055841226	0.1599	0.8161	-1.1294
2072.0	5.476923	-1.748142	8.108946	-0.017453292519943295	0.04537856055185257	0.03316125578789226	0.1604	0.8169	-1.1292
2073.0	5.343507	-1.767762	8.110908	-0.005235987755982988	0.027925268031909273	0.03316125578789226	0.1605	0.8174	-1.1285
2074.0	5.303286	-1.778553	8.091288	-0.019198621771937627	0.041887902047863905	0.024434609527920613	0.1608	0.8182	-1.1287
2075.0	5.247369000000001	-1.80504	8.076573000000002	-0.005235987755982988	0.04363323129985824	0.020943951023931952	0.1616	0.8191	-1.1284
2076.0	5.207148000000001	-1.821717	8.058915	-0.010471975511965976	0.031415926535897934	0.015707963267948967	0.1622	0.8191	-1.1284
2077.0	5.174775	-1.790325	8.053029	-0.005235987755982988	0.015707963267948967	0.012217304763960306	0.1629	0.8197	-1.1283
2078.0	5.1473070000000005	-1.784439	8.055972	-0.013962634015954637	0.012217304763960306	0.003490658503988659	0.1632	0.8205	-1.1284
2079.0	5.1218010000000005	-1.793268	8.055972	0.022689280275926284	-0.020943951023931952	-0.024434609527920613	0.1635	0.8202	-1.1281
2080.0	5.105124	-1.79523	8.060877	0.029670597283903602	-0.027925268031909273	-0.048869219055841226	0.1637	0.8198	-1.1278
2081.0	5.0913900000000005	-1.8187740000000001	8.053029	0.061086523819801536	-0.061086523819801536	-0.06981317007977318	0.1641	0.8195	-1.1276
2082.0	5.089428000000001	-1.817793	8.058915	0.06632251157578452	-0.07330382858376185	-0.08377580409572781	0.1641	0.8187	-1.1276
2083.0	5.0913900000000005	-1.822698	8.053029	0.07504915783575616	-0.07330382858376185	-0.0942477796076938	0.1642	0.8182	-1.128
2084.0	5.103162	-1.836432	8.069706	0.08552113334772216	-0.07504915783575616	-0.0890117918517108	0.1643	0.8178	-1.1279
2085.0	5.119839000000001	-1.822698	8.079516	0.09773843811168245	-0.06981317007977318	-0.08203047484373349	0.1642	0.8168	-1.1258
2086.0	5.153193	-1.784439	8.079516	0.0715584993317675	-0.06632251157578452	-0.07853981633974483	0.1634	0.8161	-1.1224
2087.0	5.187528	-1.763838	8.088345	0.05759586531581287	-0.05759586531581287	-0.05759586531581287	0.1628	0.8149	-1.1182
2088.0	5.214015	-1.7451990000000002	8.088345	0.027925268031909273	-0.03316125578789226	-0.0471238898038469	0.1626	0.8132	-1.1108
2089.0	5.247369000000001	-1.70694	8.092269	0.0471238898038469	-0.038397243543875255	-0.04014257279586958	0.1614	0.8123	-1.103
2090.0	5.273856	-1.6627950000000002	8.099136	0.027925268031909273	-0.024434609527920613	-0.020943951023931952	0.1605	0.8108	-1.0975
2091.0	5.300343000000001	-1.619631	8.111889	0.026179938779914945	-0.03316125578789226	-0.017453292519943295	0.1594	0.8098	-1.0928
2092.0	5.319963	-1.601973	8.105022000000002	0.008726646259971648	-0.03490658503988659	-0.012217304763960306	0.1583	0.8086	-1.0912
2093.0	5.321925	-1.5715620000000001	8.104041	0.031415926535897934	-0.0471238898038469	-0.005235987755982988	0.1572	0.8082	-1.0902
2094.0	5.300343000000001	-1.5303600000000002	8.088345	0.005235987755982988	-0.054105206811824215	-0.003490658503988659	0.1563	0.8071	-1.091
2095.0	5.274837	-1.5146640000000002	8.072649	-0.008726646259971648	-0.054105206811824215	0.003490658503988659	0.1548	0.8069	-1.094
2096.0	5.257179000000001	-1.5195690000000002	8.079516	-0.013962634015954637	-0.08377580409572781	0.006981317007977318	0.1544	0.8069	-1.0985
2097.0	5.237559000000001	-1.527417	8.072649	-0.008726646259971648	-0.09599310885968812	0.003490658503988659	0.1532	0.8068	-1.1035
2098.0	5.234616	-1.5136830000000001	8.070687	-0.027925268031909273	-0.08377580409572781	0.015707963267948967	0.1519	0.8067	-1.1117
2099.0	5.231673	-1.51074	8.068725	-0.020943951023931952	-0.11344640137963143	0.013962634015954637	0.1518	0.8065	-1.1203
2100.0	5.235596999999999	-1.5117209999999999	8.064801000000001	-0.020943951023931952	-0.10297442586766545	0.012217304763960306	0.1513	0.8068	-1.1263
2101.0	5.2257869999999995	-1.5117209999999999	8.047143	-0.019198621771937627	-0.10471975511965978	-0.005235987755982988	0.1506	0.807	-1.1292
2102.0	5.227749000000001	-1.5117209999999999	8.040276	0.003490658503988659	-0.12566370614359174	-0.024434609527920613	0.1507	0.807	-1.1274
2103.0	5.242464	-1.527417	8.028504	0.008726646259971648	-0.12391837689159739	-0.024434609527920613	0.1498	0.8066	-1.1231
2104.0	5.262084	-1.5519420000000002	8.016732000000001	0.017453292519943295	-0.13264502315156904	-0.029670597283903602	0.1492	0.8068	-1.1151
2105.0	5.282685	-1.5862770000000002	7.994169	0.026179938779914945	-0.11868238913561441	-0.04014257279586958	0.1481	0.8065	-1.1069
2106.0	5.286609	-1.6264980000000002	7.969644000000001	0.059341194567807204	-0.14486232791552936	-0.06981317007977318	0.1463	0.8058	-1.1009
2107.0	5.281704	-1.645137	7.950024000000001	0.07853981633974483	-0.1361356816555577	-0.09948376736367678	0.145	0.805	-1.0972
2108.0	5.279742000000001	-1.689282	7.939233000000001	0.12566370614359174	-0.16231562043547265	-0.11693705988362008	0.1435	0.8044	-1.0956
2109.0	5.300343000000001	-1.7128260000000002	7.932366	0.13962634015954636	-0.15533430342749532	-0.13264502315156904	0.1418	0.8036	-1.0947
2110.0	5.338602000000001	-1.7196930000000001	7.931385000000001	0.1361356816555577	-0.158824961931484	-0.1413716694115407	0.1391	0.8028	-1.0957
2111.0	5.374899000000001	-1.722636	7.939233000000001	0.12566370614359174	-0.1064650843716541	-0.12217304763960307	0.1357	0.8016	-1.0993
2112.0	5.415120000000001	-1.723617	7.944138	0.13439035240356337	-0.11693705988362008	-0.11693705988362008	0.1322	0.8005	-1.1046
2113.0	5.445531000000001	-1.704978	7.9490430000000005	0.11868238913561441	-0.09599310885968812	-0.09773843811168245	0.1295	0.7992	-1.11
2114.0	5.459265	-1.679472	7.955910000000001	0.0890117918517108	-0.08726646259971647	-0.09948376736367678	0.1266	0.7976	-1.1177
2115.0	5.485752000000001	-1.623555	7.974549	0.07504915783575616	-0.09075712110370514	-0.08203047484373349	0.1245	0.7958	-1.1279
2116.0	5.5132200000000005	-1.5588090000000001	7.99515	0.038397243543875255	-0.0890117918517108	-0.07504915783575616	0.1223	0.7944	-1.1324
2117.0	5.559327	-1.494063	8.006922000000001	0.038397243543875255	-0.08552113334772216	-0.059341194567807204	0.12	0.7929	-1.1371
2118.0	5.592681000000001	-1.4352030000000002	8.011827	-0.0017453292519943296	-0.06283185307179587	-0.048869219055841226	0.1181	0.7914	-1.1378
2119.0	5.598567	-1.3635900000000003	8.016732000000001	0.005235987755982988	-0.05759586531581287	-0.04014257279586958	0.1167	0.7899	-1.1374
2120.0	5.5916999999999994	-1.318464	8.021637	-0.029670597283903602	-0.06283185307179587	0.005235987755982988	0.1155	0.7885	-1.137
2121.0	5.597586000000001	-1.297863	8.017713	-0.038397243543875255	-0.048869219055841226	0.012217304763960306	0.1155	0.787	-1.1351
2122.0	5.592681000000001	-1.2507750000000002	8.012808	-0.038397243543875255	-0.05759586531581287	0.020943951023931952	0.1151	0.7865	-1.1351
2123.0	5.589738	-1.2399840000000002	8.011827	-0.038397243543875255	-0.07679448708775051	0.019198621771937627	0.1148	0.786	-1.1351
2124.0	5.593662000000001	-1.230174	8.007903	-0.05759586531581287	-0.06981317007977318	0.03316125578789226	0.1138	0.7855	-1.1353
2125.0	5.599548	-1.237041	8.001036000000001	-0.06283185307179587	-0.06283185307179587	0.0471238898038469	0.1131	0.786	-1.1323
2126.0	5.622111000000001	-1.253718	7.974549	-0.0645771823237902	-0.05235987755982989	0.04537856055185257	0.1127	0.7857	-1.1331
2127.0	5.615244000000001	-1.2870720000000002	7.972587	-0.06981317007977318	-0.041887902047863905	0.0471238898038469	0.1117	0.7856	-1.1313
2128.0	5.617206	-1.292958	7.967682000000001	-0.054105206811824215	-0.041887902047863905	0.04537856055185257	0.1102	0.7861	-1.1318
2129.0	5.623092000000001	-1.3174830000000002	7.957872000000001	-0.07679448708775051	-0.03665191429188092	0.05759586531581287	0.1085	0.7869	-1.1335
2130.0	5.628978	-1.342989	7.945119	-0.06632251157578452	-0.05235987755982989	0.054105206811824215	0.1079	0.7873	-1.1328
2131.0	5.627997000000001	-1.3390650000000002	7.939233000000001	-0.08552113334772216	-0.054105206811824215	0.06981317007977318	0.107	0.7881	-1.1315
2132.0	5.629959	-1.3655519999999999	7.934328	-0.08726646259971647	-0.06806784082777885	0.07330382858376185	0.1058	0.7881	-1.1307
2133.0	5.631921000000001	-1.370457	7.927461000000001	-0.08726646259971647	-0.054105206811824215	0.06283185307179587	0.1055	0.7884	-1.1305
2134.0	5.63094	-1.388115	7.921575000000001	-0.08552113334772216	-0.05235987755982989	0.07853981633974483	0.1051	0.789	-1.1326
2135.0	5.629959	-1.4038110000000001	7.916670000000001	-0.07853981633974483	-0.06632251157578452	0.07504915783575616	0.1049	0.7891	-1.1308
2136.0	5.627016	-1.417545	7.921575000000001	-0.08726646259971647	-0.054105206811824215	0.07853981633974483	0.1047	0.7896	-1.1281
2137.0	5.633883000000001	-1.437165	7.912746	-0.08028514559173916	-0.048869219055841226	0.07679448708775051	0.1054	0.7906	-1.1275
2138.0	5.638788	-1.45188	7.905879	-0.08377580409572781	-0.029670597283903602	0.0715584993317675	0.106	0.7918	-1.1258
2139.0	5.643693000000001	-1.477386	7.897050000000001	-0.06806784082777885	-0.03665191429188092	0.0715584993317675	0.1062	0.7923	-1.1234
2140.0	5.649579	-1.506816	7.886259	-0.0715584993317675	-0.027925268031909273	0.05585053606381855	0.1063	0.793	-1.1219
2141.0	5.657427	-1.5323220000000002	7.875468	-0.06632251157578452	-0.027925268031909273	0.059341194567807204	0.1064	0.7943	-1.122
2142.0	5.664294000000001	-1.556847	7.864677	-0.041887902047863905	-0.019198621771937627	0.04537856055185257	0.1069	0.7953	-1.1188
2143.0	5.67018	-1.5715620000000001	7.8548670000000005	-0.059341194567807204	-0.019198621771937627	0.048869219055841226	0.1064	0.7962	-1.117
2144.0	5.674104000000001	-1.58922	7.845057	-0.029670597283903602	-0.008726646259971648	0.0471238898038469	0.1068	0.7969	-1.1125
2145.0	5.678028	-1.60884	7.836228	-0.031415926535897934	-0.005235987755982988	0.03665191429188092	0.1063	0.7975	-1.1124
2146.0	5.6760660000000005	-1.6255169999999999	7.830342000000001	-0.0017453292519943296	0.0	0.019198621771937627	0.1061	0.7984	-1.1135
2147.0	5.677047	-1.645137	7.821513	-0.0017453292519943296	0.0	0.019198621771937627	0.106	0.7989	-1.1125
2148.0	5.675085	-1.6677000000000002	7.812684	0.017453292519943295	0.006981317007977318	0.0	0.106	0.7981	-1.1125
2149.0	5.673123	-1.6824150000000002	7.805817	0.020943951023931952	0.013962634015954637	-0.003490658503988659	0.1059	0.7987	-1.112
2150.0	5.667237	-1.6922249999999999	7.800912	0.059341194567807204	0.020943951023931952	-0.013962634015954637	0.1054	0.7989	-1.1121
2151.0	5.6603699999999995	-1.708902	7.794045000000001	0.06806784082777885	0.026179938779914945	-0.017453292519943295	0.1054	0.7989	-1.1123
2152.0	5.653503000000001	-1.704978	7.794045000000001	0.08028514559173916	0.013962634015954637	-0.019198621771937627	0.1051	0.7986	-1.1128
2153.0	5.642712	-1.699092	7.796988	0.09075712110370514	0.003490658503988659	-0.015707963267948967	0.1052	0.7984	-1.1131
2154.0	5.638788	-1.681434	7.801893000000001	0.07504915783575616	0.024434609527920613	-0.019198621771937627	0.1051	0.7981	-1.1131
2155.0	5.633883000000001	-1.6618140000000001	7.800912	0.08726646259971647	0.012217304763960306	-0.019198621771937627	0.1049	0.7978	-1.1134
2156.0	5.628978	-1.635327	7.809741000000001	0.08552113334772216	0.022689280275926284	-0.017453292519943295	0.1052	0.7984	-1.1133
2157.0	5.62113	-1.606878	7.818570000000001	0.07504915783575616	0.0	-0.015707963267948967	0.1056	0.7977	-1.1136
2158.0	5.622111000000001	-1.5784289999999999	7.822494000000001	0.06632251157578452	0.0	-0.013962634015954637	0.1055	0.7976	-1.1139
2159.0	5.624073000000001	-1.554885	7.828380000000001	0.0715584993317675	0.0	-0.012217304763960306	0.1057	0.7961	-1.1144
2160.0	5.625054	-1.524474	7.836228	0.06981317007977318	0.010471975511965976	-0.006981317007977318	0.1068	0.7957	-1.1144
2161.0	5.627016	-1.489158	7.848981000000001	0.07679448708775051	0.013962634015954637	-0.003490658503988659	0.1068	0.7946	-1.1138
2162.0	5.636826	-1.469538	7.8499620000000006	0.08028514559173916	0.005235987755982988	-0.012217304763960306	0.1073	0.794	-1.1118
2163.0	5.64075	-1.455804	7.856829	0.06283185307179587	0.017453292519943295	-0.015707963267948967	0.1077	0.7931	-1.1079
2164.0	5.647617	-1.44207	7.858791000000001	0.06981317007977318	-0.003490658503988659	-0.013962634015954637	0.1079	0.7924	-1.1023
2165.0	5.655465	-1.427355	7.862715000000001	0.06806784082777885	0.008726646259971648	-0.003490658503988659	0.1079	0.7918	-1.0956
2166.0	5.653503000000001	-1.421469	7.871544	0.054105206811824215	0.0017453292519943296	-0.010471975511965976	0.1073	0.79	-1.0887
2167.0	5.664294000000001	-1.4136210000000002	7.863696	0.05235987755982989	0.010471975511965976	0.003490658503988659	0.1064	0.7894	-1.084
2168.0	5.661351	-1.396944	7.878411000000001	0.054105206811824215	0.005235987755982988	0.0	0.1064	0.7889	-1.0815
2169.0	5.673123	-1.389096	7.877430000000001	0.054105206811824215	-0.006981317007977318	0.005235987755982988	0.1061	0.7884	-1.0808
2170.0	5.6633130000000005	-1.370457	7.8931260000000005	0.026179938779914945	0.005235987755982988	0.015707963267948967	0.1053	0.7873	-1.0816
2171.0	5.649579	-1.333179	7.922556	0.03316125578789226	-0.012217304763960306	0.006981317007977318	0.1052	0.7865	-1.0837
2172.0	5.657427	-1.3027680000000001	7.9235370000000005	0.0017453292519943296	-0.012217304763960306	0.03316125578789226	0.1044	0.7856	-1.0871
2173.0	5.674104000000001	-1.29492	7.913727	-0.013962634015954637	-0.05585053606381855	0.041887902047863905	0.1037	0.7851	-1.0924
2174.0	5.668218	-1.279224	7.928442	-0.038397243543875255	-0.054105206811824215	0.04537856055185257	0.1031	0.7845	-1.0997
2175.0	5.643693000000001	-1.266471	7.9411950000000004	-0.05061454830783556	-0.0645771823237902	0.04537856055185257	0.1033	0.7843	-1.1079
2176.0	5.661351	-1.2753	7.940214	-0.07330382858376185	-0.06283185307179587	0.04363323129985824	0.104	0.7832	-1.1162
2177.0	5.655465	-1.283148	7.946100000000001	-0.08377580409572781	-0.054105206811824215	0.04014257279586958	0.1044	0.7829	-1.1196
2178.0	5.656446	-1.29492	7.9490430000000005	-0.08726646259971647	-0.06981317007977318	0.04014257279586958	0.1039	0.7829	-1.12
2179.0	5.6378070000000005	-1.260585	7.9667010000000005	-0.1117010721276371	-0.07853981633974483	0.04537856055185257	0.1035	0.7832	-1.116
2180.0	5.6603699999999995	-1.2988439999999999	7.9362900000000005	-0.0715584993317675	-0.12566370614359174	0.054105206811824215	0.1031	0.7833	-1.1084
2181.0	5.6329020000000005	-1.4361840000000001	7.965720000000001	-0.008726646259971648	-0.14835298641951802	0.04014257279586958	0.1027	0.7838	-1.0995
2182.0	5.5916999999999994	-1.4970060000000003	8.039295000000001	-0.024434609527920613	-0.1954768762233649	-0.008726646259971648	0.1022	0.7846	-1.0939
2183.0	5.545593	-1.5715620000000001	8.106003000000001	-0.005235987755982988	-0.27052603405912107	-0.03665191429188092	0.1015	0.7851	-1.0897
2184.0	5.5083150000000005	-1.592163	8.204103000000002	-0.008726646259971648	-0.3420845333908886	-0.08203047484373349	0.0997	0.7854	-1.0874
2185.0	5.4651510000000005	-1.645137	8.308089	-0.026179938779914945	-0.4415683007545654	-0.0942477796076938	0.0976	0.7858	-1.0873
2186.0	5.435721000000001	-1.6677000000000002	8.372835	-0.017453292519943295	-0.640535835481919	-0.13264502315156904	0.094	0.7866	-1.0877
2187.0	5.415120000000001	-1.6726050000000001	8.462106	-0.038397243543875255	-0.8325220532012952	-0.15009831567151233	0.0905	0.7867	-1.0896
2188.0	5.389614	-1.71675	8.522928	-0.017453292519943295	-0.9302604913129776	-0.1780235837034216	0.0858	0.7867	-1.0921
2189.0	5.397462000000001	-1.7658	8.570997	-0.0471238898038469	-0.9389871375729493	-0.19198621771937624	0.0804	0.787	-1.0957
2190.0	5.380785	-1.7599140000000002	8.702451	-0.024434609527920613	-1.1187560505283651	-0.22863813201125716	0.0744	0.7867	-1.1033
2191.0	5.434740000000001	-1.7285220000000001	8.714223	-0.0471238898038469	-1.2967796342317868	-0.24085543677521748	0.0674	0.7862	-1.1118
2192.0	5.481828	-1.750104	8.715204	0.04363323129985824	-1.436405974391333	-0.30194196059501904	0.059	0.7857	-1.1151
2193.0	5.540688	-1.7196930000000001	8.712261	0.03490658503988659	-1.5271630954950384	-0.3612831551628262	0.0505	0.7843	-1.1137
2194.0	5.627997000000001	-1.754028	8.664192	0.09250245035569947	-1.6458454846306527	-0.40317105721069013	0.0409	0.7833	-1.1133
2195.0	5.737869	-1.816812	8.598465	0.07679448708775051	-1.7697638615222502	-0.4328416544945937	0.0297	0.7811	-1.1082
2196.0	5.811444000000001	-1.870767	8.589636	0.1361356816555577	-1.928588823453734	-0.5305800926062761	0.0181	0.7791	-1.1017
2197.0	5.877171	-2.006145	8.623971000000001	0.0942477796076938	-2.0996310901491784	-0.7243116395776468	0.005	0.7766	-1.0969
2198.0	5.924259	-2.062062	8.745615	0.020943951023931952	-2.443460952792061	-0.9948376736367679	-0.0089	0.7738	-1.0884
2199.0	5.901696	-2.2278510000000002	8.933967	-0.07504915783575616	-2.8187067419708423	-1.2880529879718152	-0.0247	0.7707	-1.0802
2200.0	5.904639	-2.443671	9.099756000000001	-0.14835298641951802	-3.3388148590651525	-1.7174039839624204	-0.0429	0.7672	-1.0686
2201.0	5.7800519999999995	-2.7379710000000004	9.411714	-0.17453292519943295	-3.988077340807043	-2.2706733568446227	-0.0638	0.7621	-1.0539
2202.0	5.596605	-3.0881880000000006	9.775665000000002	-0.15358897417550102	-4.288273972150067	-2.572615317439642	-0.0873	0.7557	-1.0392
2203.0	5.368032	-3.527676	10.177875000000002	-0.0471238898038469	-4.958480404915891	-3.2532937257174304	-0.115	0.7477	-1.0242
2204.0	5.110029000000001	-4.034853	10.630116	0.15358897417550102	-5.686282702997526	-3.9287361462392356	-0.1459	0.7365	-1.0024
2205.0	5.037434999999999	-4.366431	11.155932	0.42062434973063345	-6.490879488166911	-4.3074725939220055	-0.1803	0.7226	-0.9766
2206.0	5.5387260000000005	-4.585194	11.549313000000001	0.6056292504420324	-6.902777191637574	-4.235914094590238	-0.2182	0.7046	-0.9495
2207.0	6.628617	-4.517505000000001	11.686653000000002	0.23911010752322315	-6.9429197644334435	-4.157374278250493	-0.259	0.683	-0.916
2208.0	7.619427	-4.64013	11.551275	0.3385938748868999	-6.895795874629597	-4.249876728606193	-0.3026	0.6566	-0.8746
2209.0	8.383626000000001	-4.5930420000000005	11.319759	0.7243116395776468	-6.499606134426883	-4.274311338134114	-0.3464	0.6263	-0.8298
2210.0	8.906499	-4.301685	10.917549000000001	0.8115781021773633	-6.194173515327875	-4.045673206122856	-0.3898	0.592	-0.7797
2211.0	9.734463	-3.6238140000000003	10.283823	0.24958208303518914	-5.708971983273452	-3.6355208319041887	-0.4336	0.5551	-0.7226
2212.0	10.381923	-3.054834	9.521586000000001	-0.16929693744344995	-4.806636759992383	-3.1485739705977704	-0.4733	0.5115	-0.6586
2213.0	11.028402000000002	-2.147409	8.777007000000001	-0.7504915783575618	-3.8292523788755592	-2.6790804018112957	-0.509	0.4665	-0.5959
2214.0	12.032945999999999	-1.424412	8.36793	-1.1623892818282233	-1.88670092140587	-1.7680185322702557	-0.5395	0.4227	-0.5362
2215.0	13.310208000000001	-1.3115970000000001	8.0442	-1.2967796342317868	-0.7696902001294994	-1.2583823906879115	-0.5647	0.3812	-0.4835
2216.0	13.828176000000001	-1.723617	7.920594	-0.8744099552491591	1.4538592669112764	-0.19198621771937624	-0.5848	0.3441	-0.4353
2217.0	12.670596000000002	-2.440728	7.751862000000001	-0.07504915783575616	2.5516713664157096	0.5497787143782138	-0.6001	0.3116	-0.3964
2218.0	11.106882000000002	-2.81547	7.563510000000001	0.5201081170943103	2.6563911215353695	1.069886831472524	-0.6094	0.2845	-0.3719
2219.0	9.490194	-2.978316	7.254495000000001	0.619591884457987	2.3527038316883564	1.577777643802874	-0.6161	0.2631	-0.3542
2220.0	8.186445	-3.126447	7.027884000000001	0.3455751918948773	2.1240656996770992	2.080432468377241	-0.6206	0.2481	-0.3466
2221.0	6.887601	-3.496284	6.971967	0.15358897417550102	2.139773662945048	2.316051917396475	-0.6206	0.2393	-0.3505
2222.0	6.036093	-3.793527	7.0514280000000005	-0.09599310885968812	2.3666664657043106	2.7471482426390748	-0.6195	0.2415	-0.3663
2223.0	5.355279	-4.450797000000001	7.1583570000000005	-0.11868238913561441	2.7995081201989045	3.0647981665020425	-0.6176	0.2499	-0.3875
2224.0	4.403709	-4.886361	6.902316000000001	-0.029670597283903602	3.262020371977402	3.2602750427254077	-0.614	0.2634	-0.4135
2225.0	3.0303090000000004	-4.802976	6.513840000000001	0.020943951023931952	3.679154063204047	3.3876840781209934	-0.6094	0.2814	-0.443
2226.0	1.8580140000000003	-4.264407	6.014511	-0.0	3.949680097263168	3.448770601940795	-0.6034	0.3025	-0.4747
2227.0	1.8246600000000002	-3.595365	5.745717	-0.1064650843716541	4.134684997974567	3.464478565208744	-0.596	0.3261	-0.5068
2228.0	2.367153	-3.0989790000000004	5.684895	-0.15358897417550102	4.199262180298357	3.4557519189487724	-0.5869	0.3523	-0.54
2229.0	3.304989	-2.8625580000000004	5.79771	-0.30019663134302466	4.312708581677988	3.4121186876489142	-0.5752	0.3808	-0.5755
2230.0	4.256559	-2.791926	5.970366	-0.49741883681838395	4.420918995301637	3.347541505325124	-0.5601	0.4104	-0.6123
2231.0	5.118858	-2.770344	6.10182	-0.6981317007977318	4.544837372193234	3.232349774693498	-0.543	0.4416	-0.6518
2232.0	5.849703000000001	-2.714427	6.1842239999999995	-0.8255407361933178	4.6600291028248595	3.1171580440618727	-0.5239	0.4733	-0.6928
2233.0	6.510897	-2.6133840000000004	6.211692	-0.8691739674931761	4.726351614400644	2.977531703902326	-0.5	0.5054	-0.7348
2234.0	7.1711100000000005	-2.523132	6.2479890000000005	-0.9040805525330626	4.756022211684548	2.885029253546627	-0.4737	0.5376	-0.7778
2235.0	7.9411950000000004	-2.4750630000000005	6.295077000000001	-0.9494591130849153	4.813618077000361	2.865830631774689	-0.4438	0.5698	-0.8205
2236.0	8.746596	-2.453481	6.388272000000001	-1.0245082709206714	4.852015320544236	2.885029253546627	-0.4101	0.6026	-0.8624
2237.0	9.530415000000001	-2.508417	6.503049000000001	-1.1571532940722404	4.8537606497962305	2.935643801854462	-0.3722	0.6356	-0.9017
2238.0	10.256355000000001	-2.6016120000000003	6.660990000000001	-1.2671090369478832	4.773475504204491	2.970550386894349	-0.331	0.669	-0.9376
2239.0	10.881252	-2.7566100000000002	6.8454180000000004	-1.3247049022636963	4.649557127312893	3.03163691071415	-0.2862	0.7015	-0.9693
2240.0	11.406087000000001	-2.912589	7.09263	-1.307251609743753	4.466297555853489	3.115412714809878	-0.2387	0.7341	-0.9958
2241.0	11.872062	-2.9704680000000003	7.366329	-1.3177235852557188	4.370304446993801	3.178244567881674	-0.1881	0.7662	-1.0188
2242.0	12.330188999999999	-2.911608	7.642971	-1.3962634015954636	4.194026192542374	3.303908274025266	-0.1346	0.7984	-1.0385
2243.0	12.818727	-2.7369900000000005	7.878411000000001	-1.551597705022959	4.085815778918725	3.4156093461529027	-0.0805	0.8303	-1.0563
2244.0	13.345524000000001	-2.4799680000000004	8.032428	-1.6877333866785167	4.019493267342941	3.4156093461529027	-0.0243	0.8614	-1.0712
2245.0	13.856625000000001	-2.194497	8.108946	-1.7889624832941877	3.9793506945470716	3.30565360327726	0.0326	0.8921	-1.0835
2246.0	14.504085	-1.951209	8.048124000000001	-1.668534764906579	3.9479347680111734	3.082251459021986	0.0892	0.9219	-1.0929
2247.0	15.277113	-1.6755480000000003	7.790121000000001	-1.5271630954950384	3.9339721339952187	2.66860842629933	0.1457	0.9506	-1.1013
2248.0	16.112925	-1.3008060000000001	7.246647	-1.1187560505283651	3.822271061867582	2.413790355508158	0.2012	0.977	-1.108
2249.0	16.908516000000002	-0.8083440000000001	6.420645	-0.7330382858376184	3.516838442768574	1.7680185322702557	0.2557	1.0027	-1.1144
2250.0	17.679582	-0.20797200000000002	5.287590000000001	-0.4991641660703783	2.9321531433504737	1.0140362954087054	0.3075	1.0258	-1.1207
2251.0	18.489888	0.443412	3.9485250000000005	-0.5270894341022875	2.1903882112528836	0.3560471674068432	0.3563	1.0478	-1.126
2252.0	19.439496000000002	1.003563	2.460348	-0.7051130178057091	1.4276793281313616	-0.10122909661567112	0.4013	1.0666	-1.1295
2253.0	20.531349000000002	1.49112	0.927045	-0.7714355293814937	0.6789330790257941	-0.3246312408709453	0.4418	1.0834	-1.1284
2254.0	21.496653000000002	1.9060830000000002	-0.556227	-0.7347836150896128	0.2897246558310587	-0.3455751918948773	0.4753	1.0987	-1.1225
2255.0	20.888433000000003	0.678852	-0.704358	0.3420845333908886	-0.47647488579445196	-0.18675022996339324	0.5024	1.1113	-1.1138
2256.0	18.579159	-1.849185	-0.975114	5.6618480934696045	-2.1537362969610028	-0.9494591130849153	0.5229	1.1171	-1.1068
2257.0	15.477237000000002	-2.052252	0.707301	5.658357434965616	-2.0158552860534504	-1.7941984710501708	0.534	1.1155	-1.1043
2258.0	12.227184	-3.0244230000000005	1.8727289999999999	5.565854984609916	-2.2043508452688383	-0.3769911184307752	0.5379	1.1075	-1.1073
2259.0	8.828019000000001	-2.5025310000000003	1.978677	5.117305366847374	-3.717551306747922	-0.6667157742618339	0.5333	1.0918	-1.1158
2260.0	6.559947	-0.960399	2.904741	2.6197392072434886	-5.447172595474303	-0.23911010752322315	0.5203	1.0709	-1.1293
2261.0	6.079257000000001	0.074556	4.7862990000000005	1.9408061282176945	-5.3599061328745865	-0.05759586531581287	0.4983	1.046	-1.1455
2262.0	5.849703000000001	1.6058970000000001	6.7414320000000005	0.8115781021773633	-3.837979025135531	-0.2844886680750757	0.4697	1.0202	-1.1636
2263.0	4.395861	2.494683	8.642610000000001	-0.23212879051524585	-2.858849314766712	-0.895353906273091	0.4365	0.9936	-1.1824
2264.0	2.749743	2.378925	10.331892	-0.7749261878854823	-2.7401669256310974	-0.9407324668249436	0.399	0.9659	-1.2033
2265.0	2.632023	2.8370520000000004	10.729197	-0.7190756518216638	-2.602285914723545	-0.22863813201125716	0.3596	0.9387	-1.2241
2266.0	4.762755	3.7474200000000004	11.886777	0.4241150082346221	-2.5394540616517496	-0.5323254218582705	0.319	0.9158	-1.2402
2267.0	7.970625	4.233996	10.360341	0.5393067388662478	-0.8290313946973066	-0.4537856055185257	0.2802	0.8982	-1.2529
2268.0	9.248868	4.8549690000000005	9.597123	-0.017453292519943295	-0.2879793265790644	0.03316125578789226	0.2435	0.8853	-1.2635
2269.0	11.090205000000001	3.7268190000000003	10.455498000000002	0.1361356816555577	-0.7644542123735163	-0.29670597283903605	0.2107	0.8785	-1.2607
2270.0	11.990763	1.8737100000000002	10.655622000000001	0.08203047484373349	-0.5375614096142535	-0.10995574287564276	0.182	0.8756	-1.261
2271.0	11.001915	0.290376	9.975788999999999	-0.0942477796076938	-0.41364303272265607	-0.059341194567807204	0.1593	0.8748	-1.2576
2272.0	9.477441	-2.159181	9.350892000000002	-0.012217304763960306	-0.28623399732707	-0.06981317007977318	0.1409	0.875	-1.2545
2273.0	8.86824	-3.8219760000000003	8.870202	0.08377580409572781	-0.27576202181510406	-0.15707963267948966	0.1254	0.8749	-1.2486
2274.0	8.562168	-4.2879510000000005	8.622009	0.09948376736367678	-0.2583087292951608	-0.16231562043547265	0.1148	0.875	-1.2434
2275.0	8.166825000000001	-3.6493200000000003	8.403246000000001	0.059341194567807204	-0.15358897417550102	-0.12566370614359174	0.1075	0.8742	-1.2402
2276.0	7.002378	-2.0983590000000003	7.701831	0.012217304763960306	-0.12740903539558607	-0.061086523819801536	0.1017	0.8731	-1.2394
2277.0	5.463189	-2.359305	7.925499	-0.12042771838760874	-0.07330382858376185	0.0942477796076938	0.0978	0.8723	-1.237
2278.0	5.90562	-2.0757960000000004	8.138376000000001	-0.23911010752322315	-0.029670597283903602	0.20420352248333654	0.094	0.8715	-1.2323
2279.0	5.93505	-1.7648190000000001	8.009865	-0.2844886680750757	-0.0471238898038469	0.23911010752322315	0.0902	0.8708	-1.2354
2280.0	5.806539	-1.9914300000000003	7.933347	-0.28623399732707	-0.038397243543875255	0.23212879051524585	0.0873	0.8713	-1.2308
2281.0	5.661351	-2.212155	7.940214	-0.25481807079117214	-0.048869219055841226	0.1780235837034216	0.0854	0.8721	-1.2281
2282.0	5.598567	-2.063043	7.9539480000000005	-0.18151424220741028	-0.027925268031909273	0.1117010721276371	0.0833	0.873	-1.2247
2283.0	5.604453	-2.052252	7.932366	-0.09599310885968812	-0.024434609527920613	0.029670597283903602	0.0823	0.8743	-1.2233
2284.0	5.499486	-2.2141170000000003	7.890183	-0.003490658503988659	-0.027925268031909273	-0.0645771823237902	0.0809	0.8755	-1.2228
2285.0	5.398443	-2.387754	7.844076	0.07853981633974483	-0.04363323129985824	-0.15009831567151233	0.0801	0.8771	-1.2271
2286.0	5.341545	-2.542752	7.772463	0.09250245035569947	-0.04537856055185257	-0.18675022996339324	0.0805	0.8791	-1.2249
2287.0	5.243445	-2.744838	7.714584	0.10471975511965978	-0.05759586531581287	-0.1832595714594046	0.0805	0.88	-1.2249
2288.0	5.205186	-2.911608	7.682211000000001	0.0471238898038469	-0.061086523819801536	-0.17453292519943295	0.0806	0.8807	-1.2242
2289.0	5.232654	-2.945943	7.683192	0.038397243543875255	-0.06632251157578452	-0.1413716694115407	0.0803	0.8811	-1.2233
2290.0	5.256198	-2.877273	7.709679	0.003490658503988659	-0.05585053606381855	-0.09948376736367678	0.0801	0.8814	-1.2225
2291.0	5.301324	-2.7311039999999998	7.746957	-0.003490658503988659	-0.04537856055185257	-0.07853981633974483	0.0792	0.8808	-1.2202
2292.0	5.331735	-2.58984	7.780311000000001	-0.017453292519943295	-0.041887902047863905	-0.05235987755982989	0.079	0.8803	-1.218
2293.0	5.374899000000001	-2.449557	7.826418	-0.008726646259971648	-0.03316125578789226	-0.048869219055841226	0.0778	0.8791	-1.2173
2294.0	5.424930000000001	-2.3082930000000004	7.863696	-0.013962634015954637	-0.017453292519943295	-0.04014257279586958	0.0773	0.878	-1.2166
2295.0	5.471037	-2.216079	7.886259	0.013962634015954637	-0.017453292519943295	-0.04014257279586958	0.0758	0.877	-1.2106
2296.0	5.494581000000001	-2.183706	7.897050000000001	0.008726646259971648	-0.015707963267948967	-0.04537856055185257	0.0747	0.875	-1.211
2297.0	5.503410000000001	-2.198421	7.890183	0.022689280275926284	-0.015707963267948967	-0.054105206811824215	0.0737	0.8741	-1.2092
2298.0	5.500467	-2.2317750000000003	7.874487	0.017453292519943295	-0.0017453292519943296	-0.04363323129985824	0.073	0.8743	-1.2087
2299.0	5.490657	-2.288673	7.848981000000001	0.03665191429188092	0.003490658503988659	-0.05585053606381855	0.0727	0.874	-1.2077
2300.0	5.479866	-2.3524380000000003	7.813665	0.041887902047863905	0.0	-0.06283185307179587	0.0723	0.8734	-1.2079
2301.0	5.474961	-2.39364	7.796988	0.061086523819801536	0.003490658503988659	-0.06981317007977318	0.0724	0.8735	-1.2087
2302.0	5.474961	-2.3995260000000003	7.792083000000001	0.05585053606381855	0.012217304763960306	-0.061086523819801536	0.072	0.8727	-1.2087
2303.0	5.473980000000001	-2.3897160000000004	7.791102	0.05759586531581287	0.026179938779914945	-0.04014257279586958	0.0718	0.8725	-1.209
2304.0	5.472999	-2.370096	7.787178	0.054105206811824215	0.015707963267948967	-0.054105206811824215	0.0714	0.8727	-1.2088
2305.0	5.466132000000001	-2.351457	7.788159000000001	0.03490658503988659	0.012217304763960306	-0.04363323129985824	0.0711	0.8719	-1.209
2306.0	5.450436	-2.346552	7.786197	0.04363323129985824	0.0	-0.059341194567807204	0.0707	0.8715	-1.2091
2307.0	5.437683000000001	-2.357343	7.779330000000001	0.04537856055185257	0.003490658503988659	-0.10471975511965978	0.0702	0.8715	-1.2094
2308.0	5.403348	-2.38383	7.7685390000000005	0.08552113334772216	-0.022689280275926284	-0.16755160819145562	0.0696	0.8701	-1.2095
2309.0	5.341545	-2.449557	7.759710000000001	0.1117010721276371	-0.05585053606381855	-0.2932153143350474	0.0688	0.869	-1.2098
2310.0	5.273856	-2.542752	7.7430330000000005	0.21467549799530256	-0.1413716694115407	-0.40491638646268446	0.0674	0.8671	-1.2096
2311.0	5.235596999999999	-2.650662	7.738128	0.3036872898470133	-0.2007128639793479	-0.47647488579445196	0.0655	0.8653	-1.2097
2312.0	5.233635	-2.7340470000000003	7.710660000000001	0.32986722862692824	-0.24434609527920614	-0.49567350756638956	0.0634	0.8632	-1.2097
2313.0	5.269932000000001	-2.852748	7.641990000000001	0.3700098014227979	-0.23911010752322315	-0.4921828490624009	0.061	0.8606	-1.2099
2314.0	5.308191000000001	-2.909646	7.6056930000000005	0.48171087355043496	-0.158824961931484	-0.5078908123303499	0.0584	0.8569	-1.2082
2315.0	5.367051000000001	-2.822337	7.61256	0.4991641660703783	-0.07330382858376185	-0.4869468613064179	0.0553	0.853	-1.2053
2316.0	5.417082000000001	-2.666358	7.657686	0.4485496177625427	-0.03665191429188092	-0.42062434973063345	0.0519	0.849	-1.2008
2317.0	5.4779040000000006	-2.4858540000000002	7.684173	0.39793506945470714	-0.022689280275926284	-0.36477381366681483	0.0482	0.8433	-1.1945
2318.0	5.5387260000000005	-2.250414	7.742052	0.32114058236695664	0.003490658503988659	-0.2844886680750757	0.0442	0.8379	-1.1885
2319.0	5.6378070000000005	-2.049309	7.771482000000001	0.2879793265790644	-0.013962634015954637	-0.2530727415391778	0.0401	0.8328	-1.1846
2320.0	5.734926000000001	-1.8383940000000003	7.8117030000000005	0.25481807079117214	0.031415926535897934	-0.2303834612632515	0.0369	0.8279	-1.1829
2321.0	5.824197000000001	-1.621593	7.821513	0.26005405854715513	0.029670597283903602	-0.21642082724729686	0.0335	0.8227	-1.1832
2322.0	5.850684000000001	-1.4450129999999999	7.840152000000001	0.24783675378319478	0.05759586531581287	-0.1832595714594046	0.031	0.8172	-1.1851
2323.0	5.8310640000000005	-1.240965	7.905879	0.2565634000431664	0.05759586531581287	-0.1780235837034216	0.0285	0.8119	-1.1887
2324.0	5.809482	-1.082043	7.951986000000001	0.23212879051524585	0.06632251157578452	-0.15707963267948966	0.0258	0.8073	-1.1938
2325.0	5.76828	-1.048689	7.969644000000001	0.21642082724729686	0.05585053606381855	-0.13439035240356337	0.0245	0.8031	-1.2002
2326.0	5.745717	-1.05948	7.946100000000001	0.19198621771937624	0.06283185307179587	-0.12391837689159739	0.0235	0.7989	-1.2087
2327.0	5.717268	-1.0751760000000001	7.9490430000000005	0.17627825445142728	0.03316125578789226	-0.1117010721276371	0.0226	0.7956	-1.2188
2328.0	5.713344	-1.149732	7.919613000000001	0.1361356816555577	0.015707963267948967	-0.0890117918517108	0.0224	0.7926	-1.2283
2329.0	5.707458	-1.152675	7.917651000000001	0.1361356816555577	0.012217304763960306	-0.08203047484373349	0.0219	0.789	-1.235
2330.0	5.697648	-1.13796	7.918632000000001	0.1308996938995747	0.024434609527920613	-0.05585053606381855	0.0215	0.7857	-1.2379
2331.0	5.6633130000000005	-1.123245	7.931385000000001	0.12566370614359174	0.024434609527920613	-0.04014257279586958	0.0218	0.7828	-1.2367
2332.0	5.655465	-1.084986	7.951005	0.11519173063162574	0.020943951023931952	-0.03316125578789226	0.0213	0.7805	-1.2321
2333.0	5.664294000000001	-1.062423	7.9362900000000005	0.12391837689159739	0.005235987755982988	-0.038397243543875255	0.0207	0.7786	-1.2254
2334.0	5.664294000000001	-1.106568	7.933347	0.12042771838760874	0.022689280275926284	-0.027925268031909273	0.0214	0.7766	-1.2195
2335.0	5.665275	-1.099701	7.927461000000001	0.11868238913561441	0.03316125578789226	-0.017453292519943295	0.021	0.7745	-1.2149
2336.0	5.659389	-1.1310930000000001	7.922556	0.12042771838760874	0.024434609527920613	-0.020943951023931952	0.0204	0.7727	-1.2123
2337.0	5.655465	-1.16739	7.920594	0.08028514559173916	0.017453292519943295	0.0	0.0199	0.7711	-1.2124
2338.0	5.665275	-1.105587	7.9156889999999995	0.0471238898038469	0.0	0.003490658503988659	0.0191	0.7695	-1.214
2339.0	5.662332000000001	-1.1134350000000002	7.916670000000001	0.031415926535897934	-0.005235987755982988	0.010471975511965976	0.0191	0.7686	-1.2162
2340.0	5.658408	-1.1281500000000002	7.922556	0.0017453292519943296	-0.006981317007977318	0.012217304763960306	0.0186	0.7673	-1.2206
2341.0	5.662332000000001	-1.1281500000000002	7.917651000000001	-0.008726646259971648	-0.026179938779914945	0.015707963267948967	0.017	0.7665	-1.2272
2342.0	5.657427	-1.21644	7.924518	0.026179938779914945	-0.038397243543875255	0.003490658503988659	0.0161	0.7656	-1.2372
2343.0	5.648598	-1.170333	7.9411950000000004	0.008726646259971648	-0.048869219055841226	0.0	0.0159	0.7646	-1.2469
2344.0	5.629959	-1.2448890000000001	7.983378	0.08726646259971647	-0.041887902047863905	-0.024434609527920613	0.014	0.7634	-1.2532
2345.0	5.652522000000001	-1.243908	7.986321000000001	0.10122909661567112	-0.09948376736367678	-0.006981317007977318	0.013	0.7624	-1.2616
2346.0	5.622111000000001	-1.352799	8.033409	0.14486232791552936	-0.09075712110370514	-0.019198621771937627	0.0125	0.7616	-1.2679
2347.0	5.613282000000001	-1.34397	8.111889	0.18675022996339324	-0.1361356816555577	-0.05585053606381855	0.0125	0.7606	-1.2668
2348.0	5.54265	-1.459728	8.16192	0.17976891295541594	-0.16929693744344995	-0.048869219055841226	0.0113	0.7595	-1.2659
2349.0	5.512239	-1.417545	8.213913000000002	0.12042771838760874	-0.2897246558310587	-0.07853981633974483	0.01	0.7578	-1.266
2350.0	5.476923	-1.411659	8.326728000000001	0.08377580409572781	-0.3700098014227979	-0.0715584993317675	0.0088	0.7568	-1.2644
2351.0	5.475942000000001	-1.408716	8.376759	0.059341194567807204	-0.5061454830783556	-0.11344640137963143	0.0072	0.7552	-1.262
2352.0	5.476923	-1.2988439999999999	8.435619	-0.0	-0.6108652381980153	-0.11693705988362008	0.0051	0.7537	-1.2588
2353.0	5.425911000000001	-1.407735	8.555301	-0.027925268031909273	-0.7487462491055673	-0.16057029118347832	0.0021	0.7523	-1.2559
2354.0	5.421987	-1.338084	8.597484	-0.08028514559173916	-0.8482300164692442	-0.19373154697137057	-0.0011	0.7515	-1.2556
2355.0	5.421006	-1.3675140000000001	8.655363	-0.10471975511965978	-0.9843656981248018	-0.25481807079117214	-0.0064	0.7502	-1.2512
2356.0	5.442588	-1.342989	8.665173	-0.08552113334772216	-1.111774733520388	-0.3141592653589793	-0.0133	0.749	-1.2463
2357.0	5.494581000000001	-1.379286	8.604351000000001	-0.12217304763960307	-1.1780972450961724	-0.38222710618675815	-0.0219	0.7485	-1.2454
2358.0	5.577966	-1.390077	8.582769	-0.14835298641951802	-1.3124875974997359	-0.4572762640225143	-0.0307	0.748	-1.2411
2359.0	5.646636	-1.4822910000000002	8.535681	-0.1780235837034216	-1.3229595730117016	-0.4921828490624009	-0.0411	0.7476	-1.235
2360.0	5.764356	-1.490139	8.381664	-0.1832595714594046	-1.436405974391333	-0.57246799465414	-0.0527	0.7468	-1.2324
2361.0	5.839893000000001	-1.535265	8.308089	-0.2234021442552742	-1.4835298641951802	-0.6614797865058508	-0.0648	0.7457	-1.2247
2362.0	5.940936000000001	-1.5342840000000002	8.21097	-0.28099800957108706	-1.6057029118347832	-0.7487462491055673	-0.0785	0.7445	-1.2167
2363.0	6.017454	-1.568619	8.140338	-0.2303834612632515	-1.6982053621904827	-0.7923794804054256	-0.0929	0.7435	-1.2088
2364.0	6.097896	-1.488177	8.126604	-0.16580627893946132	-1.8849555921538759	-0.8290313946973066	-0.1103	0.7418	-1.1997
2365.0	6.117516000000001	-1.444032	8.20116	-0.10122909661567112	-2.022836603061428	-0.8499753457212386	-0.1286	0.7397	-1.1856
2366.0	6.103782	-1.454823	8.383626000000001	0.09773843811168245	-2.333505209916418	-0.8918632477691024	-0.1482	0.7372	-1.1734
2367.0	6.0625800000000005	-1.550961	8.61318	0.23387411976724015	-2.731440279371126	-1.059414855960558	-0.1693	0.7329	-1.1585
2368.0	6.0243210000000005	-1.688301	8.841753	0.33335788713091696	-3.1852258848896513	-1.345648853287628	-0.1927	0.7278	-1.1431
2369.0	5.922297	-1.9433610000000001	9.136053	0.3735004599267865	-3.771656513559746	-1.8256143975860686	-0.2188	0.7207	-1.1258
2370.0	5.735907	-2.301426	9.496080000000001	0.460766922526503	-4.349360495969869	-2.3788837704682715	-0.2486	0.7117	-1.1021
2371.0	5.493600000000001	-2.590821	9.877689	0.46600291028248597	-5.019566928735692	-2.9740410453983377	-0.2813	0.7002	-1.0794
2372.0	5.192433	-2.9351520000000004	10.308348	0.4869468613064179	-5.270894341022875	-3.2306044454415037	-0.3173	0.6861	-1.0513
2373.0	4.91481	-2.963601	10.790019000000001	0.4572762640225143	-6.185446869067904	-3.529055747532534	-0.3574	0.6679	-1.0165
2374.0	4.948164	-3.0891690000000005	11.197134	0.39269908169872414	-7.091272750852961	-3.51509311351658	-0.3988	0.6464	-0.9757
2375.0	5.67999	-3.0587580000000005	11.344284000000002	0.026179938779914945	-7.508406442079606	-3.256784384221419	-0.4429	0.6226	-0.9314
2376.0	6.90624	-2.909646	11.22264	0.029670597283903602	-7.541567697867499	-3.24107642095347	-0.4889	0.5954	-0.8772
2377.0	7.853886	-2.8762920000000003	11.093148000000001	0.38222710618675815	-7.342600163140144	-3.2742376767413623	-0.5351	0.5655	-0.8165
2378.0	8.517042	-2.595726	10.888119000000001	0.42062434973063345	-7.244861725028462	-3.1852258848896513	-0.5805	0.5331	-0.7496
2379.0	9.112509	-2.072853	10.498662000000001	0.2426007660272118	-7.06683814132504	-2.885029253546627	-0.6231	0.4989	-0.6762
2380.0	9.936549	-1.39302	10.006200000000002	-0.2617993877991494	-6.668903071870334	-2.569124658935653	-0.6617	0.4642	-0.5987
2381.0	10.949922	-0.996696	9.528453	-0.4782202150464463	-5.883504908472886	-2.371902453460294	-0.6966	0.4295	-0.5176
2382.0	11.819088	-0.6523650000000001	8.981055	-0.33510321638291124	-4.642575810304916	-2.157226955464991	-0.7267	0.3952	-0.4361
2383.0	12.866796	-0.502272	8.315937	0.15009831567151233	-3.057816849494065	-1.8919369091618534	-0.7515	0.3622	-0.357
2384.0	13.80267	-0.689643	8.012808	0.3595378259108319	-0.2844886680750757	-0.34033920413889424	-0.7715	0.3324	-0.2841
2385.0	14.996547	-1.52055	8.188407	0.4537856055185257	1.1938052083641215	0.3612831551628262	-0.7875	0.3062	-0.2225
2386.0	14.490351000000002	-2.159181	8.325747	0.6510078109938848	3.1747539093776855	1.408480706359424	-0.8004	0.2863	-0.174
2387.0	13.377896999999999	-2.5761060000000002	7.951986000000001	0.8499753457212386	3.6582101121801145	1.8762289458939043	-0.8121	0.2734	-0.1403
2388.0	11.944656	-2.93319	7.507593	0.6963863715457375	3.366740127097062	2.080432468377241	-0.8214	0.267	-0.12
2389.0	10.880271	-3.08034	7.187787	0.21118483949131386	3.017674276698196	2.2549653935766734	-0.8311	0.2686	-0.1129
2390.0	9.887499	-3.399165	7.001397000000001	-0.24958208303518914	2.988003679414292	2.4347343065320897	-0.8394	0.2763	-0.1176
2391.0	8.945739000000001	-3.6198900000000003	6.838551000000001	-0.3839724354387525	3.1206487025658616	2.494075501099897	-0.8476	0.291	-0.133
2392.0	8.248248	-3.903399	6.74928	-0.4293509959906051	3.574434308084387	2.542944720155738	-0.8556	0.3121	-0.158
2393.0	7.419303	-4.156497000000001	6.6649140000000004	-0.26354471705114374	4.0875611081707195	2.5342180738957665	-0.8624	0.3406	-0.1921
2394.0	6.345108000000001	-3.996594	6.2479890000000005	-0.14486232791552936	4.51516677490933	2.5272367568877896	-0.8677	0.374	-0.2341
2395.0	4.324248000000001	-3.2667300000000004	5.510277	-0.22689280275926285	4.82932604026831	2.5743606466916362	-0.8707	0.4121	-0.2824
2396.0	3.5845740000000004	-2.65851	4.972689000000001	-0.4415683007545654	5.007349623971731	2.638937829015426	-0.8702	0.4516	-0.3355
2397.0	3.76704	-2.106207	4.927563	-0.7295476273336297	5.096361415823442	2.7017696820872223	-0.8646	0.4933	-0.3929
2398.0	4.646016	-1.816812	5.03253	-0.8674286382411819	5.124286683855352	2.707005669843205	-0.8549	0.5382	-0.4547
2399.0	5.347431	-1.866843	5.174775	-1.1152653920243765	5.208062487951079	2.7000243528352277	-0.8386	0.5845	-0.5212
2400.0	5.888942999999999	-1.8531090000000001	5.285628	-1.2514010736799344	5.24471440224296	2.5970499269675624	-0.8165	0.6327	-0.591
2401.0	6.338241	-1.703016	5.334677999999999	-1.3840460968315034	5.2743849995268635	2.413790355508158	-0.7875	0.6817	-0.6643
2402.0	6.819912	-1.477386	5.350374	-1.5393804002589988	5.298819609054785	2.1659536017249628	-0.7514	0.7317	-0.7392
2403.0	7.410474	-1.295901	5.372937	-1.656317460142619	5.288347633542818	1.9547687622336491	-0.7081	0.7821	-0.8143
2404.0	8.126604	-1.2546990000000002	5.430816	-1.7296212887263804	5.312782243070739	1.8675022996339325	-0.6574	0.8321	-0.8871
2405.0	8.835867	-1.3665330000000002	5.526954000000001	-1.7191493132144147	5.2586770362589155	1.87448361664191	-0.6001	0.8807	-0.9543
2406.0	9.700128000000001	-1.375362	5.6937240000000005	-1.8029251173101424	5.138249317871306	1.9024088846738192	-0.5366	0.9286	-1.0131
2407.0	10.500624	-1.4793479999999999	5.884038	-2.0158552860534504	5.075417464799511	2.087413785385218	-0.4679	0.9748	-1.0613
2408.0	11.24226	-1.6255169999999999	6.104763	-2.2008601867648494	4.993386989955777	2.2427480888127134	-0.395	1.0181	-1.0992
2409.0	11.848518	-1.8570330000000002	6.327450000000001	-2.1153390534171272	4.831071369520305	2.426007660272118	-0.3186	1.06	-1.1269
2410.0	12.313512000000001	-2.073834	6.56289	-1.816887751326097	4.569271981721155	2.5813419636996136	-0.2408	1.0987	-1.146
2411.0	12.725532	-2.189592	6.793425	-1.6545721308906243	4.4156830075456535	2.6860617188192735	-0.1614	1.1347	-1.1595
2412.0	13.112046000000001	-2.185668	7.001397000000001	-1.4381513036433275	4.160864936754482	2.885029253546627	-0.082	1.1675	-1.1674
2413.0	13.494636	-2.022822	7.157376	-1.3124875974997359	3.946189438759179	3.0124382889422128	-0.0042	1.1963	-1.1718
2414.0	13.870359	-1.68732	7.234875000000001	-1.3857914260834978	3.797836452339661	3.0124382889422128	0.071	1.222	-1.1725
2415.0	14.341239	-1.24587	7.21035	-1.5009831567151235	3.712315318991939	2.853613327010729	0.1446	1.2456	-1.1708
2416.0	14.767974	-0.9476460000000001	7.009245000000001	-1.4451326206513049	3.5918876006043305	2.5254914276357945	0.2154	1.2668	-1.1663
2417.0	15.194709	-0.5827140000000001	6.795387	-1.4451326206513049	3.5918876006043305	2.5254914276357945	0.2778	1.2845	-1.1628
2418.0	15.714639000000002	-0.149112	6.208749	-1.0367255756846316	3.2759830059933566	1.8552849948699723	0.3411	1.3006	-1.1574
2419.0	16.302258000000002	0.47382300000000005	5.434740000000001	-0.6684611035138281	2.8379053637427796	1.3247049022636963	0.4004	1.3135	-1.1523
2420.0	16.948737	1.155618	4.4939610000000005	-0.4363323129985824	2.2287854547967587	0.8255407361933178	0.4545	1.3247	-1.1473
2421.0	17.629551	1.763838	3.4697970000000002	-0.30717794835100204	1.5655603390389137	0.4380776422505767	0.503	1.3341	-1.141
2422.0	18.333909000000002	2.237661	2.391678	-0.19024088846738194	0.895353906273091	0.18675022996339324	0.5463	1.3416	-1.1392
2423.0	18.967635	2.523132	1.2919770000000002	0.008726646259971648	0.2827433388230814	0.0942477796076938	0.5835	1.3481	-1.1343
2424.0	19.429686	2.642814	0.206991	0.17453292519943295	-0.08028514559173916	0.07330382858376185	0.6147	1.3534	-1.1268
2425.0	19.705347000000003	2.758572	-0.7906860000000001	0.4677482395344803	-0.8220500776893293	0.059341194567807204	0.6392	1.3573	-1.119
2426.0	18.860706	2.205288	-1.004544	1.371828792067543	-1.2252211349000195	0.21467549799530256	0.6572	1.3597	-1.1132
2427.0	16.575957	-0.42379200000000006	-0.024525	4.551818689201212	-1.9931660057775245	-0.6667157742618339	0.6738	1.3589	-1.1118
2428.0	12.715722000000001	-2.49174	2.641833	5.541420375081996	-1.5044738152191122	-0.9791297103688189	0.6785	1.3522	-1.1177
2429.0	8.913366	-4.4429490000000005	3.729762	5.867796945204936	-2.405063709248186	-1.0332349171806432	0.6764	1.3393	-1.1304
2430.0	4.989366	-2.074815	3.8543490000000005	4.557054676957195	-4.492477494633404	-0.4677482395344803	0.6669	1.3201	-1.1492
2431.0	4.003461000000001	-1.151694	4.9236390000000005	2.1676989309769574	-6.188937527571893	-0.5497787143782138	0.6476	1.2967	-1.1712
2432.0	4.555764	0.034335000000000004	6.785577	1.551597705022959	-4.495968153137393	-1.6667894356545847	0.6192	1.2719	-1.1896
2433.0	4.124124	1.603935	8.400303	0.2722713633111154	-2.829178717482808	-1.8395770316020235	0.5842	1.2462	-1.2099
2434.0	2.7006930000000002	1.5303600000000002	9.826677	-0.3612831551628262	-3.000220984178253	-1.254891732183923	0.545	1.2206	-1.2324
2435.0	1.5539040000000002	0.008829	11.154951	0.05061454830783556	-3.1014500807939234	-0.6702064327658225	0.5025	1.195	-1.2531
2436.0	1.907064	-0.7416360000000001	12.069243	0.905825881785057	-3.13635666583381	-1.1135200627723822	0.4571	1.17	-1.2732
2437.0	5.489676	2.131713	11.727855	0.9424777960769379	-1.202531854624093	-1.1082840750163994	0.4087	1.1466	-1.2886
2438.0	7.777368	4.28697	9.697185000000001	-0.1413716694115407	-0.40840704496667307	-0.024434609527920613	0.3628	1.1272	-1.2962
2439.0	10.129806	5.511258	9.430353	0.1308996938995747	-0.7627088831215221	-0.4625122517784973	0.3191	1.1129	-1.301
2440.0	12.947238000000002	2.3524380000000003	10.317177000000001	0.17278759594743864	-0.291469985083053	-0.23212879051524585	0.2801	1.104	-1.3017
2441.0	12.32136	0.9466650000000001	10.259298000000001	0.17976891295541594	-0.49741883681838395	-0.4014257279586958	0.2461	1.0987	-1.2991
2442.0	10.256355000000001	-0.8907480000000001	9.492156000000001	0.24085543677521748	-0.40491638646268446	-0.47123889803846897	0.2189	1.0943	-1.2956
2443.0	9.1233	-3.24711	8.96634	0.30543261909900765	-0.41364303272265607	-0.5532693728822025	0.1971	1.0897	-1.2924
2444.0	9.109566000000001	-3.7876410000000003	8.682831	0.3944444109507185	-0.317649923862968	-0.5619960191421741	0.1792	1.0851	-1.2889
2445.0	8.904537	-2.693826	8.558244	0.3543018381548489	-0.22165681500327983	-0.5113814708343386	0.1654	1.0798	-1.2875
2446.0	8.19135	-1.6677000000000002	8.199198	0.30194196059501904	-0.17627825445142728	-0.43458698374658805	0.1539	1.0741	-1.2867
2447.0	5.711382	-2.066967	7.909803	0.23387411976724015	-0.12217304763960307	-0.3193952531149623	0.146	1.0695	-1.286
2448.0	5.958594000000001	-2.280825	7.9794540000000005	0.10471975511965978	-0.09948376736367678	-0.19896753472735357	0.1387	1.0648	-1.2888
2449.0	6.065523	-1.763838	8.023599	0.005235987755982988	-0.1064650843716541	-0.09948376736367678	0.1313	1.0617	-1.2889
2450.0	5.814387	-1.2497940000000003	7.999074	-0.05061454830783556	-0.08377580409572781	-0.041887902047863905	0.1245	1.0578	-1.2889
2451.0	5.983119	-1.1781810000000001	8.043219	-0.10297442586766545	-0.0890117918517108	0.04537856055185257	0.1202	1.0545	-1.2886
2452.0	5.960556	-0.973152	8.042238	-0.13439035240356337	-0.08726646259971647	0.07504915783575616	0.1165	1.0514	-1.2889
2453.0	5.95467	-0.6837570000000001	8.086383000000001	-0.12566370614359174	-0.07853981633974483	0.07853981633974483	0.1136	1.0501	-1.2882
2454.0	5.885019	-0.5160060000000001	8.125623000000001	-0.11344640137963143	-0.0942477796076938	0.09075712110370514	0.1109	1.0487	-1.2879
2455.0	5.8438170000000005	-0.532683	8.109927	-0.15707963267948966	-0.08377580409572781	0.10821041362364843	0.108	1.0479	-1.2875
2456.0	5.81733	-0.610182	8.068725	-0.15009831567151233	-0.11693705988362008	0.12391837689159739	0.1066	1.048	-1.2867
2457.0	5.770242	-0.802458	8.019675000000001	-0.16929693744344995	-0.1064650843716541	0.12740903539558607	0.1064	1.0492	-1.2858
2458.0	5.755527000000001	-1.025145	7.945119	-0.15707963267948966	-0.0890117918517108	0.12391837689159739	0.1052	1.0504	-1.285
2459.0	5.747679	-1.2527370000000002	7.876449	-0.15184364492350666	-0.07330382858376185	0.12391837689159739	0.1053	1.0505	-1.2835
2460.0	5.745717	-1.486215	7.817589000000001	-0.158824961931484	-0.07330382858376185	0.12566370614359174	0.1044	1.0522	-1.2826
2461.0	5.75847	-1.607859	7.774425	-0.12042771838760874	-0.0715584993317675	0.11344640137963143	0.104	1.0539	-1.2818
2462.0	5.771223000000001	-1.679472	7.751862000000001	-0.1291543646475804	-0.048869219055841226	0.10821041362364843	0.1037	1.0562	-1.2807
2463.0	5.783976	-1.654947	7.741071000000001	-0.1064650843716541	-0.059341194567807204	0.1117010721276371	0.1032	1.0579	-1.2798
2464.0	5.79771	-1.6618140000000001	7.728318	-0.0890117918517108	-0.026179938779914945	0.09075712110370514	0.1035	1.0599	-1.2787
2465.0	5.804577	-1.699092	7.724394	-0.0471238898038469	-0.020943951023931952	0.06632251157578452	0.1031	1.0621	-1.2776
2466.0	5.812425	-1.705959	7.721451000000001	-0.05061454830783556	-0.012217304763960306	0.0645771823237902	0.1036	1.0639	-1.276
2467.0	5.812425	-1.705959	7.726356	-0.04014257279586958	-0.027925268031909273	0.061086523819801536	0.1038	1.0649	-1.2732
2468.0	5.812425	-1.6922249999999999	7.741071000000001	-0.05235987755982989	-0.017453292519943295	0.07330382858376185	0.1043	1.0659	-1.2681
2469.0	5.811444000000001	-1.673586	7.757748	-0.08203047484373349	-0.027925268031909273	0.0942477796076938	0.1038	1.0671	-1.2625
2470.0	5.804577	-1.640232	7.772463	-0.0942477796076938	-0.020943951023931952	0.10821041362364843	0.1043	1.0678	-1.2543
2471.0	5.79771	-1.598049	7.791102	-0.1117010721276371	-0.054105206811824215	0.12217304763960307	0.1045	1.0688	-1.2456
2472.0	5.793786000000001	-1.550961	7.805817	-0.15358897417550102	-0.05235987755982989	0.158824961931484	0.1046	1.0694	-1.2385
2473.0	5.7879	-1.5156450000000001	7.818570000000001	-0.17453292519943295	-0.054105206811824215	0.1832595714594046	0.1044	1.071	-1.2335
2474.0	5.781033000000001	-1.486215	7.834266	-0.17278759594743864	-0.05759586531581287	0.19024088846738194	0.1044	1.072	-1.2308
2475.0	5.777109	-1.46169	7.8372090000000005	-0.1884955592153876	-0.048869219055841226	0.21467549799530256	0.1051	1.0732	-1.2289
2476.0	5.772204	-1.4656140000000002	7.840152000000001	-0.1832595714594046	-0.07504915783575616	0.2059488517353309	0.1055	1.0746	-1.2291
2477.0	5.769261	-1.516626	7.826418	-0.20245819323134223	-0.07504915783575616	0.2059488517353309	0.1052	1.0764	-1.2305
2478.0	5.7623940000000005	-1.5970680000000002	7.805817	-0.20245819323134223	-0.07504915783575616	0.2059488517353309	0.1054	1.0785	-1.2341
2479.0	5.750622000000001	-1.6922249999999999	7.772463	-0.16929693744344995	-0.08552113334772216	0.17453292519943295	0.1065	1.0809	-1.2387
2480.0	5.745717	-1.7922870000000002	7.7479379999999995	-0.1117010721276371	-0.09075712110370514	0.15009831567151233	0.1069	1.0832	-1.2455
2481.0	5.742774000000001	-1.901178	7.710660000000001	-0.12391837689159739	-0.08203047484373349	0.11868238913561441	0.1076	1.085	-1.2537
2482.0	5.737869	-2.0041830000000003	7.6743630000000005	-0.08203047484373349	-0.07504915783575616	0.09948376736367678	0.1088	1.087	-1.2587
2483.0	5.739831	-2.08953	7.6439520000000005	-0.08377580409572781	-0.0645771823237902	0.08726646259971647	0.1095	1.0884	-1.26
2484.0	5.734926000000001	-2.159181	7.615503	-0.05585053606381855	-0.059341194567807204	0.061086523819801536	0.1099	1.0902	-1.2577
2485.0	5.728059	-2.220003	7.591959000000001	-0.038397243543875255	-0.03665191429188092	0.041887902047863905	0.1094	1.0916	-1.2522
2486.0	5.722173000000001	-2.3082930000000004	7.561548000000001	0.003490658503988659	-0.059341194567807204	-0.008726646259971648	0.1091	1.0925	-1.2439
2487.0	5.71923	-2.3308560000000003	7.546833	0.022689280275926284	-0.05235987755982989	-0.022689280275926284	0.1089	1.0936	-1.2364
2488.0	5.726097	-2.3524380000000003	7.525251000000001	0.05061454830783556	-0.054105206811824215	-0.04537856055185257	0.109	1.0943	-1.2305
2489.0	5.7319830000000005	-2.34459	7.522308000000001	0.05759586531581287	-0.041887902047863905	-0.05061454830783556	0.1079	1.0952	-1.2265
2490.0	5.741793	-2.332818	7.514460000000001	0.08377580409572781	-0.054105206811824215	-0.06981317007977318	0.1073	1.0957	-1.2242
2491.0	5.752584000000001	-2.332818	7.510536	0.10471975511965978	-0.048869219055841226	-0.08203047484373349	0.1059	1.0959	-1.2239
2492.0	5.75847	-2.3092740000000003	7.519365	0.12391837689159739	-0.022689280275926284	-0.0942477796076938	0.1036	1.0953	-1.2256
2493.0	5.761413000000001	-2.271996	7.53408	0.1308996938995747	-0.029670597283903602	-0.09075712110370514	0.1014	1.0946	-1.2294
2494.0	5.764356	-2.229813	7.5625290000000005	0.10995574287564276	-0.041887902047863905	-0.0942477796076938	0.0995	1.0941	-1.2344
2495.0	5.779071	-2.18763	7.579206	0.10471975511965978	-0.04537856055185257	-0.08726646259971647	0.0984	1.0929	-1.242
2496.0	5.788881	-2.097378	7.601769000000001	0.09250245035569947	-0.04537856055185257	-0.10297442586766545	0.0974	1.0914	-1.2482
2497.0	5.791824000000001	-2.0512710000000003	7.617465	0.07504915783575616	-0.07504915783575616	-0.1117010721276371	0.0954	1.0901	-1.2568
2498.0	5.802615	-2.025765	7.628256	0.0715584993317675	-0.08726646259971647	-0.1413716694115407	0.0931	1.0889	-1.263
2499.0	5.810463	-2.024784	7.624332000000001	0.08377580409572781	-0.06981317007977318	-0.15707963267948966	0.0916	1.0869	-1.2673
2500.0	5.833026	-2.008107	7.599807000000001	0.07853981633974483	-0.061086523819801536	-0.1780235837034216	0.0898	1.085	-1.2733
2501.0	5.852646000000001	-2.006145	7.589997000000001	0.13264502315156904	-0.027925268031909273	-0.17453292519943295	0.0884	1.083	-1.2744
2502.0	5.884038	-1.9894680000000002	7.563510000000001	0.15707963267948966	-0.020943951023931952	-0.16057029118347832	0.087	1.0815	-1.2745
2503.0	5.918373	-1.963962	7.5370230000000005	0.19024088846738194	-0.005235987755982988	-0.16406094968746698	0.086	1.0793	-1.2754
2504.0	5.9428980000000005	-1.968867	7.510536	0.21991148575128552	0.029670597283903602	-0.1361356816555577	0.0851	1.0768	-1.2773
2505.0	5.96448	-1.9060830000000002	7.501707000000001	0.21467549799530256	0.008726646259971648	-0.13264502315156904	0.0838	1.0746	-1.2771
2506.0	5.9841	-1.9423800000000002	7.4762010000000005	0.26703537555513246	0.041887902047863905	-0.12391837689159739	0.0819	1.0729	-1.2798
2507.0	6.009606000000001	-1.9090260000000001	7.466391000000001	0.2897246558310587	0.06283185307179587	-0.11868238913561441	0.0809	1.0706	-1.2802
2508.0	6.010587	-1.847223	7.46541	0.27401669256310973	0.09075712110370514	-0.12391837689159739	0.0804	1.0678	-1.2814
2509.0	6.037074	-1.754028	7.467372	0.26354471705114374	0.07853981633974483	-0.10821041362364843	0.0787	1.0649	-1.2829
2510.0	6.018435000000001	-1.6618140000000001	7.530156	0.24609142453120045	0.08028514559173916	-0.08203047484373349	0.0775	1.0621	-1.2807
2511.0	5.994891	-1.522512	7.591959000000001	0.19896753472735357	0.06632251157578452	-0.07504915783575616	0.0756	1.0593	-1.2832
2512.0	5.952708	-1.4185260000000002	7.670439000000001	0.13788101090755203	0.010471975511965976	-0.06632251157578452	0.0748	1.0561	-1.2845
2513.0	5.901696	-1.3734000000000002	7.744014	0.0942477796076938	-0.006981317007977318	-0.04363323129985824	0.0742	1.053	-1.2828
2514.0	5.893848	-1.2851100000000002	7.780311000000001	0.06806784082777885	-0.027925268031909273	-0.027925268031909273	0.0733	1.0507	-1.2847
2515.0	5.867361	-1.2753	7.812684	0.041887902047863905	-0.03665191429188092	-0.04014257279586958	0.0724	1.0483	-1.2873
2516.0	5.83695	-1.175238	7.870563000000001	0.017453292519943295	-0.06632251157578452	-0.04363323129985824	0.0721	1.0452	-1.2879
2517.0	5.80752	-1.1418840000000001	7.935309	-0.013962634015954637	-0.059341194567807204	-0.006981317007977318	0.0719	1.0429	-1.2863
2518.0	5.803596000000001	-1.123245	7.954929	-0.019198621771937627	-0.1064650843716541	-0.008726646259971648	0.0704	1.041	-1.2866
2519.0	5.781033000000001	-1.139922	7.990245000000001	-0.03665191429188092	-0.16057029118347832	-0.006981317007977318	0.0698	1.0394	-1.2869
2520.0	5.783976	-1.148751	8.015751000000002	-0.0890117918517108	-0.21467549799530256	-0.015707963267948967	0.069	1.0384	-1.2871
2521.0	5.755527000000001	-1.192896	8.03439	-0.0645771823237902	-0.27052603405912107	-0.015707963267948967	0.0689	1.0379	-1.2837
2522.0	5.770242	-1.234098	8.02458	-0.08377580409572781	-0.2792526803190927	-0.017453292519943295	0.0673	1.0378	-1.2829
2523.0	5.776128	-1.2507750000000002	8.025561000000001	-0.12566370614359174	-0.3438298626428829	-0.015707963267948967	0.0648	1.0384	-1.283
2524.0	5.76828	-1.3008060000000001	8.041257	-0.13962634015954636	-0.3769911184307752	-0.012217304763960306	0.0625	1.0385	-1.2787
2525.0	5.776128	-1.354761	8.069706	-0.09948376736367678	-0.4904375198104066	-0.038397243543875255	0.0602	1.0389	-1.2751
2526.0	5.792805	-1.3979249999999999	8.08344	-0.1361356816555577	-0.5567600313861911	-0.0645771823237902	0.0557	1.0402	-1.273
2527.0	5.819292	-1.4381460000000001	8.055972	-0.13788101090755203	-0.630063859969953	-0.08203047484373349	0.0516	1.0405	-1.272
2528.0	5.809482	-1.5028920000000001	8.100117000000001	-0.1361356816555577	-0.6667157742618339	-0.12042771838760874	0.0468	1.0415	-1.2692
2529.0	5.819292	-1.560771	8.120718	-0.07504915783575616	-0.7557275661135446	-0.13264502315156904	0.0413	1.0423	-1.2655
2530.0	5.832045000000001	-1.664757	8.109927	-0.04363323129985824	-0.8464846872172498	-0.1780235837034216	0.0344	1.0432	-1.262
2531.0	5.889924000000001	-1.7628570000000001	8.09325	0.013962634015954637	-0.9756390518648302	-0.2617993877991494	0.0268	1.0433	-1.2591
2532.0	5.891886	-1.8933300000000002	8.106984	0.054105206811824215	-1.0681415022205298	-0.3455751918948773	0.018	1.043	-1.255
2533.0	5.943879	-1.9718100000000003	8.087364	0.054105206811824215	-1.1955505376161157	-0.4293509959906051	0.0087	1.0422	-1.2513
2534.0	5.988024000000001	-2.021841	8.071668	-0.0	-1.3159782560037245	-0.5253441048502933	-0.0026	1.0414	-1.2471
2535.0	6.037074	-2.061081	8.03439	-0.020943951023931952	-1.3439035240356338	-0.5742133239061344	-0.0141	1.0401	-1.242
2536.0	6.076314	-2.065986	8.046162	-0.06806784082777885	-1.5079644737231008	-0.6510078109938848	-0.0276	1.0386	-1.2368
2537.0	6.0822	-2.0463660000000004	8.108946	-0.06981317007977318	-1.726130630222392	-0.7033676885537148	-0.0428	1.0368	-1.2306
2538.0	6.095934	-1.9727910000000002	8.197236	-0.05585053606381855	-1.9704767255015982	-0.7504915783575618	-0.0596	1.0344	-1.2232
2539.0	6.074352	-1.9453230000000001	8.369892	0.08203047484373349	-2.368411794956305	-0.8325220532012952	-0.0786	1.0318	-1.2148
2540.0	6.026283	-1.9090260000000001	8.596503	0.11519173063162574	-2.7785641691749725	-0.9756390518648302	-0.0991	1.0274	-1.2052
2541.0	5.958594000000001	-1.959057	8.765235	0.18151424220741028	-3.30565360327726	-1.2095131716320704	-0.123	1.0233	-1.1939
2542.0	5.879133000000001	-2.1287700000000003	8.940834	0.2059488517353309	-3.4609879067047555	-1.3753194505715316	-0.1484	1.0178	-1.18
2543.0	5.752584000000001	-2.253357	9.132129	0.22689280275926285	-3.9514254265151623	-1.7837264955382048	-0.1775	1.0112	-1.1634
2544.0	5.567175000000001	-2.418165	9.374436000000001	0.17278759594743864	-4.480260189869444	-2.193878869756872	-0.2102	1.0025	-1.1419
2545.0	5.319963	-2.466234	9.710919	0.17453292519943295	-5.052728184523584	-2.56388867117967	-0.2488	0.9918	-1.1154
2546.0	5.17968	-2.417184	9.977751	0.08726646259971647	-5.824163713905078	-2.7262042916151428	-0.2902	0.9789	-1.0814
2547.0	5.379804	-2.340666	10.229868	-0.28099800957108706	-6.66366708411435	-2.6878070480712677	-0.336	0.9634	-1.0404
2548.0	6.186186000000001	-2.3553810000000004	10.415277000000001	-0.5183627878423158	-7.01447826376521	-2.6040312439755393	-0.385	0.9456	-0.9923
2549.0	7.27902	-2.4377850000000003	10.357398000000002	-0.6771877497737998	-7.4141586624719125	-2.5377087323997554	-0.4374	0.9256	-0.9377
2550.0	8.078535	-2.363229	10.2024	-0.35255650890285456	-7.410668003967924	-2.6878070480712677	-0.4915	0.9037	-0.8778
2551.0	8.668116000000001	-2.019879	10.010124000000001	-0.23736477827122882	-7.426375967235872	-2.670353755551324	-0.5451	0.8788	-0.8124
2552.0	9.257697	-1.567638	9.717786	-0.3752457891787809	-7.325146870620201	-2.4696408915719763	-0.5984	0.8518	-0.7428
2553.0	10.000314000000001	-1.2448890000000001	9.315576	-0.49567350756638956	-7.124434006640853	-2.251474735072685	-0.6496	0.8231	-0.6667
2554.0	11.040174	-0.939798	8.799570000000001	-0.5811946409141117	-6.668903071870334	-2.1956241990088667	-0.6966	0.7937	-0.5864
2555.0	12.202659	-0.986886	8.199198	-0.5480333851262195	-6.227334771115768	-2.1432643214490366	-0.7374	0.7632	-0.5034
2556.0	12.959010000000001	-1.281186	7.554681	0.019198621771937627	-5.054473513775579	-2.1101030656611446	-0.773	0.732	-0.421
2557.0	13.644729000000002	-1.336122	7.006302	0.9616764178488756	-3.9339721339952187	-2.151990967709008	-0.8029	0.7006	-0.3415
2558.0	14.095989000000001	-1.43226	6.90624	1.478293876439197	-1.9268434942017398	-1.5323990832510213	-0.8262	0.6685	-0.2671
2559.0	14.953383	-1.669662	7.2574380000000005	1.137954672300303	1.096066770252439	-0.026179938779914945	-0.8441	0.6378	-0.1997
2560.0	14.617881	-1.967886	7.317279	0.8360127117052838	3.4400439556808236	1.1571532940722404	-0.8579	0.6099	-0.1409
2561.0	13.872321	-2.4760440000000004	7.265286000000001	0.8028514559173916	3.9758600360430827	1.5062191444711064	-0.8677	0.5874	-0.0938
2562.0	12.66471	-2.883159	7.04358	0.8482300164692442	4.249876728606193	1.7697638615222502	-0.876	0.5705	-0.0579
2563.0	11.169666000000001	-3.0999600000000003	6.820893000000001	0.8552113334772214	3.837979025135531	1.7994344588061537	-0.882	0.5581	-0.0357
2564.0	9.601047000000001	-3.1882500000000005	6.63156	0.6754424205218056	3.363249468593073	1.8308503853420517	-0.8869	0.5507	-0.0285
2565.0	8.21097	-3.038157	6.486372	0.3961897402027128	3.134611336581816	1.8954275676658419	-0.8914	0.5479	-0.0361
2566.0	7.381044	-2.8380330000000002	6.473619000000001	0.1413716694115407	3.2934362985132997	1.9844393595175527	-0.8951	0.5505	-0.0575
2567.0	6.480486	-3.042081	6.406911	0.010471975511965976	3.797836452339661	2.092649773141201	-0.898	0.5577	-0.0917
2568.0	5.25816	-3.273597	5.953689000000001	0.05585053606381855	4.0875611081707195	2.1223203704251046	-0.9016	0.5708	-0.137
2569.0	3.3363810000000003	-3.278502	5.213034	0.26354471705114374	4.614650542273007	2.1642082724729685	-0.9027	0.5867	-0.1899
2570.0	2.868444	-3.281445	4.79709	0.4310963252425994	4.974188368183839	2.1642082724729685	-0.9032	0.6045	-0.2477
2571.0	3.032271	-3.126447	4.553802	0.3438298626428829	5.153957281139255	2.218313479284793	-0.9024	0.6224	-0.3101
2572.0	3.742515	-2.947905	4.547916000000001	0.04537856055185257	5.234242426730994	2.2846359908605773	-0.8973	0.6397	-0.3763
2573.0	4.693104	-2.8949309999999997	4.64994	-0.3665191429188092	5.363396791378575	2.3736477827122884	-0.8905	0.6586	-0.446
2574.0	5.563251000000001	-2.968506	4.784337000000001	-0.5340707511102649	5.394812717914473	2.4015730507441972	-0.8792	0.6781	-0.5206
2575.0	6.248970000000001	-3.118599	4.877532	-0.7819075048934596	5.485569839018178	2.4085543677521746	-0.8624	0.6992	-0.5959
2576.0	6.731622000000001	-3.268692	4.933449	-0.8726646259971648	5.510004448546098	2.2846359908605773	-0.8419	0.7206	-0.6744
2577.0	7.097535000000001	-3.3275520000000003	4.933449	-0.9197885158010117	5.501277802286126	2.0891591146372126	-0.8161	0.7437	-0.7508
2578.0	7.491897000000001	-3.245148	4.905981	-1.0018189906447452	5.487315168270172	1.8448130193580063	-0.7838	0.7671	-0.8269
2579.0	7.987302000000001	-3.1293900000000003	4.896171	-1.0995574287564276	5.476843192758206	1.6667894356545847	-0.7463	0.7915	-0.9037
2580.0	8.575902000000001	-3.11958	4.927563	-1.2112585008840648	5.476843192758206	1.5969762655748114	-0.7008	0.8162	-0.9816
2581.0	9.200799	-3.186288	5.04234	-1.2514010736799344	5.455899241734275	1.6179202165987436	-0.6488	0.8411	-1.0539
2582.0	9.799209000000001	-3.259863	5.215977	-1.4346606451393389	5.386086071654502	1.7348572764823638	-0.5905	0.8667	-1.1254
2583.0	10.362303	-3.274578	5.427873000000001	-1.7453292519943295	5.335471523346666	1.879719604397893	-0.5249	0.8917	-1.1933
2584.0	10.877328	-3.2216040000000006	5.643693000000001	-2.097885760897184	5.286602304290824	2.0402898955813713	-0.4544	0.9175	-1.2547
2585.0	11.325645000000002	-3.132333	5.873247	-2.260201381332657	5.150466622635267	2.1694442602289516	-0.3799	0.9442	-1.3115
2586.0	11.705292000000002	-3.0440430000000003	6.106725000000001	-2.2008601867648494	4.958480404915891	2.2776546738526	-0.2982	0.9713	-1.36
2587.0	12.058452	-2.945943	6.387291	-2.071705822117269	4.822344723260333	2.3055799418845093	-0.2136	0.9983	-1.4048
2588.0	12.481263	-2.770344	6.665895	-1.806415775814131	4.623377188532978	2.357939819444339	-0.1254	1.0246	-1.4406
2589.0	13.041414	-2.4554430000000003	6.911145	-1.6667894356545847	4.529129408925285	2.3649211364523164	-0.0344	1.0502	-1.4709
2590.0	13.746753	-2.021841	7.04358	-1.6580627893946132	4.461061568097506	2.309070600388498	0.0572	1.0753	-1.4924
2591.0	14.569812	-1.639251	6.985701	-1.520181778487061	4.328416544945937	2.0943951023931953	0.1489	1.0993	-1.5047
2592.0	15.456636	-1.4185260000000002	6.686496	-1.08035880698449	3.998549316319009	1.6598081186466074	0.2407	1.1227	-1.5143
2593.0	16.324821	-1.2380220000000002	6.108687000000001	-0.6265732014659643	3.452261260444784	1.1588986233242349	0.3314	1.1436	-1.5181
2594.0	17.178291	-0.9623610000000001	5.24835	-0.4537856055185257	3.103195410045918	0.9162978572970231	0.4231	1.1618	-1.5163
2595.0	18.049419	-0.45714600000000005	4.123143000000001	-0.38746309394274114	2.333505209916418	0.5672320068981571	0.5091	1.1754	-1.5115
2596.0	18.967635	0.18933300000000003	2.788983	-0.5026548245743669	1.4416419621473162	0.3438298626428829	0.5857	1.1867	-1.5043
2597.0	19.915281	0.9241020000000001	1.3066920000000002	-0.6614797865058508	0.49741883681838395	0.22514747350726852	0.6546	1.1947	-1.4933
2598.0	20.859003	1.5990300000000002	-0.18933300000000003	0.6230825429619757	-0.39793506945470714	0.3543018381548489	0.7132	1.1991	-1.4862
2599.0	20.700081	-0.8809380000000001	-0.760275	6.452482244623036	-2.113593724165133	-1.0035643198967394	0.7586	1.1937	-1.4833
2600.0	18.216189	-2.234718	-1.092834	6.7998027657699085	-2.743657584135086	-1.7400932642383466	0.79	1.1789	-1.4876
2601.0	15.417396000000002	-1.789344	0.560151	5.928883469024737	-2.5499260371637154	-0.7539822368615504	0.8089	1.1543	-1.5034
2602.0	11.509092	-1.894311	1.439127	4.614650542273007	-4.007275962578981	-0.5794493116621174	0.8122	1.1217	-1.519
2603.0	8.212932	0.201105	1.804059	2.600540585471551	-6.782349473249965	-0.7295476273336297	0.7978	1.0861	-1.5383
2604.0	8.363025	2.272977	2.954772	0.9878563566287906	-5.347688828110625	-0.8709192967451704	0.7644	1.0478	-1.5609
2605.0	9.409752000000001	3.8739689999999998	5.205186	-0.0471238898038469	-2.467895562319982	-1.0332349171806432	0.7236	1.0099	-1.5835
2606.0	8.95653	4.772565	7.274115000000001	-0.8272860654453121	-1.879719604397893	-0.8395033702092726	0.6781	0.9715	-1.6067
2607.0	7.064181	4.2369390000000005	8.881974	-0.9424777960769379	-2.199114857512855	-0.5619960191421741	0.6283	0.9348	-1.632
2608.0	5.353317	2.5800300000000003	10.419201000000001	-0.4415683007545654	-2.4469516112960497	-0.16929693744344995	0.5758	0.8997	-1.655
2609.0	5.026644	4.001499	11.500263	0.5515240436302081	-2.3369958684204075	-0.5166174585903216	0.5239	0.8712	-1.6708
2610.0	7.912746	5.186547	11.970162	0.1413716694115407	-0.36477381366681483	-0.04014257279586958	0.4763	0.8507	-1.6809
2611.0	8.960454	4.244787	10.371132	0.3787364476827695	-0.7592182246175333	-0.6963863715457375	0.4322	0.8383	-1.6858
2612.0	11.221658999999999	3.6826740000000004	9.924777	0.5253441048502933	-0.6789330790257941	-0.7295476273336297	0.3933	0.8314	-1.6875
2613.0	13.032585000000001	1.2184020000000002	10.254393	0.5445427266222308	-0.598647933434055	-0.7871434926494426	0.363	0.8269	-1.687
2614.0	11.259918	-1.225269	10.060155000000002	0.5654866776461628	-0.6859143960337715	-0.8220500776893293	0.3395	0.8224	-1.6856
2615.0	8.736786	-3.4835310000000006	8.991846	0.5567600313861911	-0.47647488579445196	-0.7417649320975901	0.3193	0.8178	-1.6849
2616.0	7.596864	-4.93443	8.314956	0.44505895925855404	-0.4293509959906051	-0.6841690667817772	0.3011	0.8122	-1.6849
2617.0	7.911765	-4.671522	8.30907	0.22689280275926285	-0.32986722862692824	-0.5148721293383273	0.2858	0.8042	-1.6854
2618.0	7.875468	-3.3197039999999998	8.343405	0.09948376736367678	-0.30194196059501904	-0.3543018381548489	0.2732	0.7959	-1.6859
2619.0	7.331994	-2.092473	7.916670000000001	-0.013962634015954637	-0.25132741228718347	-0.2181661564992912	0.2634	0.7892	-1.6876
2620.0	5.684895	-2.02086	7.9156889999999995	-0.06632251157578452	-0.2129301687433082	-0.1466076571675237	0.2535	0.7819	-1.6872
2621.0	6.027264	-1.6833960000000001	8.116794	-0.08377580409572781	-0.17453292519943295	-0.07330382858376185	0.245	0.7753	-1.686
2622.0	6.164604	-1.101663	8.134452000000001	-0.0942477796076938	-0.13788101090755203	-0.020943951023931952	0.2368	0.7698	-1.682
2623.0	6.099858	-0.885843	8.130528	-0.08203047484373349	-0.11693705988362008	-0.010471975511965976	0.2304	0.7652	-1.6763
2624.0	6.143022	-0.781857	8.143281	-0.08726646259971647	-0.10995574287564276	0.008726646259971648	0.2253	0.7629	-1.6693
2625.0	6.038055000000001	-0.5729040000000001	8.163882000000001	-0.08726646259971647	-0.09599310885968812	0.026179938779914945	0.221	0.761	-1.6619
2626.0	6.022359000000001	-0.565056	8.154072000000001	-0.10471975511965978	-0.08726646259971647	0.038397243543875255	0.2172	0.76	-1.656
2627.0	5.924259	-0.906444	8.023599	-0.09948376736367678	-0.06981317007977318	0.041887902047863905	0.2142	0.7605	-1.6522
2628.0	5.858531999999999	-1.258623	7.934328	-0.10821041362364843	-0.06632251157578452	0.05061454830783556	0.212	0.7619	-1.6499
2629.0	5.8006530000000005	-1.54017	7.857810000000001	-0.09599310885968812	-0.03665191429188092	0.05235987755982989	0.2103	0.7626	-1.6492
2630.0	5.77809	-1.655928	7.813665	-0.07504915783575616	-0.04014257279586958	0.026179938779914945	0.2086	0.7637	-1.6507
2631.0	5.760432000000001	-1.7147880000000002	7.787178	-0.054105206811824215	-0.027925268031909273	0.024434609527920613	0.2067	0.7647	-1.6533
2632.0	5.75847	-1.755009	7.763634000000001	-0.020943951023931952	-0.020943951023931952	-0.0017453292519943296	0.2061	0.7662	-1.658
2633.0	5.759450999999999	-1.7599140000000002	7.754805	-0.013962634015954637	-0.012217304763960306	-0.006981317007977318	0.2057	0.7676	-1.6643
2634.0	5.764356	-1.755009	7.745976	0.003490658503988659	0.003490658503988659	-0.005235987755982988	0.2054	0.7682	-1.6716
2635.0	5.760432000000001	-1.767762	7.745976	-0.0017453292519943296	0.006981317007977318	-0.012217304763960306	0.2051	0.7697	-1.6792
2636.0	5.749641	-1.7658	7.758729000000001	0.006981317007977318	0.003490658503988659	-0.008726646259971648	0.2055	0.7703	-1.684
2637.0	5.740812000000001	-1.767762	7.7734440000000005	0.0017453292519943296	0.0	0.0	0.2052	0.7703	-1.685
2638.0	5.728059	-1.754028	7.7812920000000005	-0.005235987755982988	0.010471975511965976	0.0	0.2045	0.7704	-1.6825
2639.0	5.725116000000001	-1.7432370000000001	7.790121000000001	0.006981317007977318	0.003490658503988659	-0.003490658503988659	0.2039	0.7707	-1.6765
2640.0	5.71923	-1.735389	7.790121000000001	0.010471975511965976	0.0017453292519943296	0.003490658503988659	0.2037	0.771	-1.6685
2641.0	5.717268	-1.723617	7.793064	0.024434609527920613	-0.020943951023931952	-0.019198621771937627	0.2034	0.7714	-1.6614
2642.0	5.708439	-1.722636	7.799931000000001	0.041887902047863905	0.003490658503988659	-0.019198621771937627	0.2033	0.7711	-1.6555
2643.0	5.7015720000000005	-1.748142	7.7989500000000005	0.054105206811824215	0.0	-0.04014257279586958	0.2025	0.7705	-1.6528
2644.0	5.6937240000000005	-1.778553	7.789140000000001	0.09948376736367678	0.012217304763960306	-0.059341194567807204	0.2019	0.7703	-1.6519
2645.0	5.6898	-1.78542	7.786197	0.10297442586766545	0.020943951023931952	-0.059341194567807204	0.2005	0.7692	-1.6526
2646.0	5.691762000000001	-1.78542	7.7812920000000005	0.11868238913561441	0.015707963267948967	-0.05759586531581287	0.199	0.7689	-1.6555
2647.0	5.692743000000001	-1.782477	7.7734440000000005	0.1117010721276371	0.024434609527920613	-0.06632251157578452	0.198	0.7685	-1.6593
2648.0	5.698629	-1.7589329999999999	7.779330000000001	0.10471975511965978	0.017453292519943295	-0.059341194567807204	0.197	0.7671	-1.6653
2649.0	5.696667000000001	-1.738332	7.779330000000001	0.09075712110370514	0.020943951023931952	-0.05585053606381855	0.196	0.7662	-1.6744
2650.0	5.696667000000001	-1.704978	7.789140000000001	0.07679448708775051	0.008726646259971648	-0.04014257279586958	0.1953	0.7646	-1.6834
2651.0	5.691762000000001	-1.6480800000000002	7.803855	0.06632251157578452	0.010471975511965976	-0.04363323129985824	0.1945	0.7627	-1.6926
2652.0	5.683914000000001	-1.607859	7.816608	0.054105206811824215	0.003490658503988659	-0.041887902047863905	0.1938	0.7609	-1.7
2653.0	5.673123	-1.552923	7.838190000000001	0.05585053606381855	-0.005235987755982988	-0.03490658503988659	0.1931	0.7591	-1.7058
2654.0	5.664294000000001	-1.5176070000000002	7.846038	0.05061454830783556	0.012217304763960306	-0.029670597283903602	0.1924	0.7577	-1.7104
2655.0	5.67018	-1.5176070000000002	7.840152000000001	0.0471238898038469	-0.006981317007977318	-0.03316125578789226	0.1926	0.7563	-1.71
2656.0	5.661351	-1.5499800000000001	7.839171	0.08028514559173916	-0.006981317007977318	-0.04014257279586958	0.1927	0.7543	-1.71
2657.0	5.653503000000001	-1.5470370000000002	7.835247	0.09075712110370514	0.003490658503988659	-0.04537856055185257	0.1928	0.7529	-1.7114
2658.0	5.665275	-1.5715620000000001	7.826418	0.1064650843716541	0.024434609527920613	-0.04363323129985824	0.1933	0.7517	-1.7112
2659.0	5.664294000000001	-1.557828	7.828380000000001	0.11519173063162574	0.006981317007977318	-0.03490658503988659	0.1933	0.7497	-1.71
2660.0	5.664294000000001	-1.5440940000000003	7.835247	0.10995574287564276	0.0	-0.019198621771937627	0.1934	0.7485	-1.71
2661.0	5.668218	-1.5519420000000002	7.844076	0.09599310885968812	-0.0017453292519943296	-0.015707963267948967	0.1931	0.7472	-1.709
2662.0	5.673123	-1.531341	7.8372090000000005	0.08377580409572781	0.003490658503988659	-0.019198621771937627	0.1926	0.7461	-1.7086
2663.0	5.6760660000000005	-1.5293790000000003	7.838190000000001	0.06283185307179587	-0.012217304763960306	-0.022689280275926284	0.1926	0.7448	-1.7065
2664.0	5.673123	-1.505835	7.852905000000001	0.061086523819801536	-0.015707963267948967	-0.019198621771937627	0.1925	0.7428	-1.704
2665.0	5.6760660000000005	-1.474443	7.850943000000001	0.059341194567807204	-0.012217304763960306	-0.019198621771937627	0.1918	0.7407	-1.7027
2666.0	5.686857	-1.449918	7.845057	0.05061454830783556	-0.024434609527920613	-0.029670597283903602	0.1911	0.7394	-1.7027
2667.0	5.690780999999999	-1.421469	7.863696	0.054105206811824215	-0.05585053606381855	-0.024434609527920613	0.1903	0.7379	-1.7013
2668.0	5.685876	-1.361628	7.869582	0.03316125578789226	-0.012217304763960306	-0.012217304763960306	0.1892	0.7361	-1.7032
2669.0	5.688819	-1.340046	7.8803730000000005	0.031415926535897934	-0.031415926535897934	-0.003490658503988659	0.1889	0.7348	-1.7013
2670.0	5.6937240000000005	-1.326312	7.8803730000000005	0.026179938779914945	-0.022689280275926284	0.003490658503988659	0.1883	0.7329	-1.702
2671.0	5.741793	-1.3027680000000001	7.819551000000001	0.07330382858376185	0.020943951023931952	0.022689280275926284	0.1879	0.7311	-1.7018
2672.0	5.730021	-1.3979249999999999	7.830342000000001	0.06283185307179587	-0.0471238898038469	0.012217304763960306	0.1876	0.7296	-1.7033
2673.0	5.713344	-1.3665330000000002	7.874487	0.08203047484373349	-0.005235987755982988	0.027925268031909273	0.187	0.7283	-1.7027
2674.0	5.737869	-1.408716	7.830342000000001	0.08726646259971647	0.006981317007977318	-0.005235987755982988	0.1866	0.7269	-1.7019
2675.0	5.740812000000001	-1.4008680000000002	7.8421140000000005	0.09773843811168245	0.03490658503988659	0.013962634015954637	0.1868	0.7261	-1.7033
2676.0	5.750622000000001	-1.40283	7.826418	0.14486232791552936	0.022689280275926284	-0.003490658503988659	0.1868	0.7244	-1.7017
2677.0	5.743755	-1.4361840000000001	7.826418	0.13962634015954636	0.0	-0.010471975511965976	0.1869	0.7221	-1.7012
2678.0	5.728059	-1.4204880000000002	7.858791000000001	0.16406094968746698	0.0	0.005235987755982988	0.1868	0.7203	-1.6987
2679.0	5.7015720000000005	-1.4979870000000002	7.874487	0.1291543646475804	-0.07853981633974483	-0.013962634015954637	0.1865	0.7178	-1.6992
2680.0	5.691762000000001	-1.4705190000000001	7.903917	0.1117010721276371	-0.1064650843716541	-0.012217304763960306	0.1858	0.716	-1.6979
2681.0	5.635845000000001	-1.4646329999999999	7.980435000000001	0.061086523819801536	-0.12042771838760874	-0.03665191429188092	0.1853	0.7143	-1.6969
2682.0	5.6760660000000005	-1.310616	7.946100000000001	0.029670597283903602	-0.13788101090755203	-0.010471975511965976	0.1842	0.712	-1.6943
2683.0	5.681952000000001	-1.323369	7.970625	-0.0017453292519943296	-0.1884955592153876	0.0	0.1832	0.7103	-1.6941
2684.0	5.651541	-1.2360600000000002	8.043219	-0.015707963267948967	-0.25481807079117214	0.012217304763960306	0.1814	0.7091	-1.6938
2685.0	5.642712	-1.198782	8.104041	-0.059341194567807204	-0.2932153143350474	0.012217304763960306	0.1792	0.7074	-1.6933
2686.0	5.5946430000000005	-1.13796	8.167806	-0.04537856055185257	-0.3420845333908886	0.022689280275926284	0.1768	0.7065	-1.6926
2687.0	5.617206	-1.103625	8.16192	-0.07504915783575616	-0.3595378259108319	0.019198621771937627	0.1743	0.7065	-1.6918
2688.0	5.627997000000001	-1.142865	8.147205000000001	-0.10297442586766545	-0.4223696789826277	0.010471975511965976	0.1711	0.7063	-1.6912
2689.0	5.647617	-1.1134350000000002	8.166825000000001	-0.07853981633974483	-0.4782202150464463	-0.003490658503988659	0.167	0.7071	-1.6907
2690.0	5.669199	-1.173276	8.148186	-0.08726646259971647	-0.5323254218582705	-0.027925268031909273	0.1624	0.7079	-1.6892
2691.0	5.687838	-1.204668	8.141319	-0.10297442586766545	-0.5916666164260777	-0.05061454830783556	0.1577	0.7086	-1.6875
2692.0	5.697648	-1.2674520000000002	8.184483	-0.10122909661567112	-0.619591884457987	-0.05061454830783556	0.1517	0.7101	-1.6853
2693.0	5.7064770000000005	-1.3066920000000002	8.154072000000001	-0.07853981633974483	-0.7016223593017206	-0.0645771823237902	0.1452	0.7116	-1.6833
2694.0	5.745717	-1.379286	8.119737	-0.06806784082777885	-0.7295476273336297	-0.08552113334772216	0.138	0.7126	-1.6811
2695.0	5.767299	-1.443051	8.107965	-0.07504915783575616	-0.8412486994612669	-0.1291543646475804	0.13	0.7138	-1.6782
2696.0	5.85657	-1.50093	8.059896	-0.05235987755982989	-0.9110618695410401	-0.158824961931484	0.1214	0.7151	-1.6758
2697.0	5.8820760000000005	-1.5127020000000002	8.07363	-0.05061454830783556	-0.9704030641088472	-0.20420352248333654	0.1111	0.7155	-1.6719
2698.0	5.93505	-1.542132	8.066763	-0.07330382858376185	-0.9983283321407566	-0.21991148575128552	0.1	0.7165	-1.6656
2699.0	5.9684040000000005	-1.5489990000000002	8.048124000000001	-0.08028514559173916	-1.0978120995044334	-0.2583087292951608	0.0882	0.7166	-1.6574
2700.0	5.995872	-1.591182	8.064801000000001	-0.08377580409572781	-1.2531464029319286	-0.3159045946109737	0.0761	0.7166	-1.6473
2701.0	6.02334	-1.649061	8.068725	-0.0715584993317675	-1.4032447186034411	-0.38746309394274114	0.0614	0.7166	-1.6348
2702.0	6.039036	-1.7295030000000002	8.088345	-0.06981317007977318	-1.5917402778188285	-0.4834562028024293	0.0455	0.7162	-1.6223
2703.0	6.138117	-1.753047	8.036352	-0.061086523819801536	-1.7540558982543013	-0.5742133239061344	0.028	0.7147	-1.61
2704.0	6.186186000000001	-1.7795340000000002	8.052048000000001	-0.07679448708775051	-1.9163715186897738	-0.6911503837897546	0.009	0.7134	-1.5989
2705.0	6.2303310000000005	-1.770705	8.05401	-0.10995574287564276	-1.9966566642815131	-0.757472895365539	-0.0122	0.7123	-1.5892
2706.0	6.181281	-1.739313	8.23059	-0.12566370614359174	-2.2218041377887814	-0.8848819307611251	-0.0353	0.7104	-1.5803
2707.0	6.119478000000001	-1.7864010000000001	8.515080000000001	-0.0942477796076938	-2.609267231731523	-1.007054978400728	-0.0597	0.7087	-1.5716
2708.0	5.962518	-1.9325700000000001	8.901594000000001	0.0715584993317675	-3.1764992386296798	-1.1798425743481666	-0.0874	0.7055	-1.5629
2709.0	5.8310640000000005	-2.1846870000000003	9.235134	0.3700098014227979	-3.7891098060796895	-1.4346606451393389	-0.1187	0.7015	-1.5537
2710.0	5.6456550000000005	-2.525094	9.585351000000001	0.4991641660703783	-4.419173666049642	-1.8919369091618534	-0.1547	0.6956	-1.5439
2711.0	5.407272000000001	-2.885121	9.964998000000001	0.5515240436302081	-4.768239516448508	-2.4731315500759647	-0.1937	0.6871	-1.5328
2712.0	5.1090480000000005	-3.056796	10.403505000000001	0.5445427266222308	-5.5361843873260135	-2.736676267127109	-0.2384	0.6758	-1.5168
2713.0	4.857912	-3.1303710000000002	10.945017	0.2722713633111154	-6.499606134426883	-3.0770154712660034	-0.2881	0.6616	-1.4938
2714.0	5.114934	-3.0636630000000005	11.4777	-0.12391837689159739	-7.65501409924713	-3.2009338481576006	-0.3435	0.6438	-1.4597
2715.0	6.216597000000001	-3.076416	11.782791000000001	-0.7208209810736581	-8.374089751068793	-2.951351765122411	-0.404	0.6226	-1.4132
2716.0	7.420284	-3.220623	11.797506	-0.609119908946021	-8.414232323864663	-3.073524812762014	-0.4697	0.5997	-1.3534
2717.0	8.216856	-3.062682	11.584629000000001	-0.4799655442984406	-8.285077959217082	-3.073524812762014	-0.5389	0.5728	-1.2829
2718.0	8.863335	-2.7311039999999998	11.111787000000001	-0.6056292504420324	-8.14719694830953	-2.9688050576423546	-0.609	0.5432	-1.2034
2719.0	9.46665	-2.3396850000000002	10.567332	-0.8848819307611251	-7.890633548266364	-2.6738444140553126	-0.6785	0.5115	-1.1175
2720.0	10.403505000000001	-1.832508	9.977751	-1.218239817892042	-7.560766319639435	-2.5254914276357945	-0.7456	0.4781	-1.0244
2721.0	11.462985000000002	-1.516626	9.398961	-1.3892820845874863	-6.592108584782583	-2.3753931119642826	-0.809	0.4447	-0.9283
2722.0	12.168324	-1.524474	8.671059000000001	-0.8970992355250854	-5.291838292046807	-2.3247785636564466	-0.8651	0.4114	-0.8295
2723.0	13.099293	-1.4832720000000001	7.934328	-0.013962634015954637	-4.056145181634822	-2.426007660272118	-0.9153	0.3783	-0.7303
2724.0	14.037129000000002	-1.959057	7.556643	0.49567350756638956	-2.9862583501622977	-1.2531464029319286	-0.9578	0.3453	-0.6365
2725.0	14.651235000000002	-2.6388900000000004	7.611579000000001	1.1309733552923256	-0.08726646259971647	-0.5131268000863328	-0.9912	0.3144	-0.5547
2726.0	14.26374	-2.783097	7.653762	1.1292280260403313	2.748893571891069	0.9948376736367679	-1.0171	0.2868	-0.4869
2727.0	13.611375	-3.0734730000000003	7.576263	1.0035643198967394	4.211479485062317	1.7837264955382048	-1.0355	0.2658	-0.4407
2728.0	12.681387	-3.2628060000000003	7.388892	0.757472895365539	4.663519761328848	1.980948701013564	-1.0476	0.2514	-0.4047
2729.0	11.557161	-3.294198	7.144623	0.43982297150257105	4.537856055185257	1.9931660057775245	-1.0544	0.2435	-0.3965
2730.0	10.168065	-3.2628060000000003	6.852285	0.06632251157578452	4.267330021126136	1.9949113350295187	-1.0566	0.2419	-0.3982
2731.0	8.872164	-3.019518	6.511877999999999	-0.11693705988362008	4.171336912266447	2.0245819323134224	-1.0541	0.2466	-0.4163
2732.0	8.19135	-2.714427	6.295077000000001	-0.3665191429188092	4.162610266006476	2.076941809873252	-1.0491	0.2577	-0.4467
2733.0	7.383006000000001	-2.682054	6.07239	-0.4328416544945937	4.417428336797648	2.076941809873252	-1.0403	0.2761	-0.4907
2734.0	6.183243	-2.353419	5.500467	-0.3438298626428829	4.818854064756344	2.029817920069405	-1.027	0.3019	-0.5469
2735.0	4.487094	-1.771686	4.690161000000001	-0.2827433388230814	5.208062487951079	1.9669860669976094	-1.0116	0.3326	-0.6109
2736.0	3.736629	-1.568619	4.033872000000001	-0.32637657012293964	5.468116546498234	1.9373154697137058	-0.9914	0.3661	-0.6812
2737.0	3.6630540000000003	-1.4352030000000002	3.5502390000000004	-0.5323254218582705	5.557128338349945	1.9949113350295187	-0.9672	0.4005	-0.7491
2738.0	4.130991	-1.439127	3.304008	-0.6370451769779303	5.543165704333991	2.0472712125893486	-0.9381	0.4356	-0.8254
2739.0	4.902057	-1.5627330000000001	3.2029650000000003	-0.8796459430051421	5.4942964852781495	2.193878869756872	-0.9033	0.4718	-0.8907
2740.0	5.735907	-1.782477	3.1676490000000004	-1.0332349171806432	5.391322059410483	2.3073252711365035	-0.8631	0.509	-0.963
2741.0	6.521688	-2.0561760000000002	3.147048	-1.1239920382843482	5.311036913818745	2.3788837704682715	-0.818	0.5476	-1.0294
2742.0	7.184844000000001	-2.314179	3.0989790000000004	-1.0733774899765127	5.211553146455069	2.3352505391684133	-0.7669	0.5878	-1.0977
2743.0	7.7479379999999995	-2.519208	3.032271	-1.0035643198967394	5.133013330115324	2.272418686096617	-0.7104	0.6279	-1.1645
2744.0	8.283564	-2.660472	2.9743920000000004	-0.9494591130849153	5.082398781807488	2.251474735072685	-0.6482	0.6677	-1.2301
2745.0	8.861373	-2.8017360000000004	2.9596770000000006	-0.9145525280450286	5.0317842334996525	2.319542575900464	-0.5803	0.7069	-1.2844
2746.0	9.485289	-2.9106270000000003	3.013632	-1.0088003076527223	4.914847173616033	2.4329889772800954	-0.5081	0.7461	-1.3381
2747.0	10.159236000000002	-3.002841	3.1431240000000003	-1.2147491593880533	4.7699848457005025	2.66860842629933	-0.4227	0.7851	-1.3895
2748.0	10.82043	-3.083283	3.375621	-1.4695672301792255	4.61988653002899	2.91469985083053	-0.3346	0.8278	-1.4306
2749.0	11.4777	-3.1176180000000002	3.6885600000000003	-1.6790067404185451	4.473278872861467	3.1590459461097367	-0.2436	0.8697	-1.4667
2750.0	12.136932000000002	-3.131352	4.065264	-1.7837264955382048	4.427900312309614	3.3719761148530445	-0.1498	0.9108	-1.493
2751.0	12.773601000000001	-3.0950550000000003	4.477284	-1.764527873766267	4.412192349041665	3.4330626386728462	-0.0548	0.9498	-1.5149
2752.0	13.362201	-2.93319	4.890285	-1.65282680163863	4.379031093253773	3.4505159311927893	0.0415	0.9862	-1.528
2753.0	13.939029000000001	-2.5888590000000002	5.252274	-1.6179202165987436	4.330161874197931	3.2759830059933566	0.1385	1.021	-1.5341
2754.0	14.569812	-2.091492	5.496543000000001	-1.6877333866785167	4.302236606166022	2.9112091923265417	0.2338	1.0538	-1.5314
2755.0	15.270246	-1.45188	5.57208	-1.9163715186897738	4.314453910929982	2.4015730507441972	0.3285	1.0848	-1.5285
2756.0	16.038369	-0.8809380000000001	5.454360000000001	-2.0053833105414847	4.2062434973063345	1.7174039839624204	0.4205	1.115	-1.515
2757.0	16.859466	-0.37866600000000006	5.116896	-1.9896753472735358	4.118977034706618	1.3334315485236679	0.4997	1.1434	-1.4931
2758.0	17.666829	0.118701	4.529277	-1.843067690106012	3.808308427851627	0.5410520681182421	0.575	1.1661	-1.4707
2759.0	18.384921000000002	0.634707	3.7160280000000006	-1.7069320084504542	3.2899456400093112	-0.13962634015954636	0.6439	1.1871	-1.4425
2760.0	18.970578	1.2213450000000001	2.730123	-1.616174887346749	2.5987952562195566	-0.62482787221397	0.7052	1.2078	-1.4141
2761.0	19.465983	1.8786150000000001	1.645137	-1.567305668290908	1.7976891295541595	-0.7435102613495844	0.759	1.2266	-1.3849
2762.0	19.945692	2.418165	0.542493	-1.2740903539558606	0.9285151620609834	-0.6213372137099813	0.8046	1.2455	-1.3559
2763.0	20.361636	2.729142	-0.5189490000000001	-0.630063859969953	0.020943951023931952	-0.31066860685499065	0.8414	1.2627	-1.3281
2764.0	20.627487000000002	2.8262610000000006	-1.4793479999999999	-0.2426007660272118	-0.40840704496667307	-0.13264502315156904	0.8704	1.2783	-1.3035
2765.0	19.291365	1.279224	-0.8093250000000001	4.71238898038469	-1.6510814723866356	0.3700098014227979	0.8901	1.2875	-1.2871
2766.0	16.595577000000002	-1.7569710000000003	-0.181485	5.892231554732857	-1.1798425743481666	-0.9669124056048586	0.9013	1.2881	-1.2801
2767.0	12.863853	-3.2314140000000005	2.397564	6.620033852814492	-1.4102260356114182	-0.06806784082777885	0.9057	1.2799	-1.2827
2768.0	8.892765	-5.469075	3.3540389999999998	6.653195108602384	-3.652974124424132	-0.7347836150896128	0.9016	1.2624	-1.295
2769.0	5.583852	-3.0263850000000003	3.388374	3.3597588100890845	-5.253441048502932	-0.16580627893946132	0.8873	1.2377	-1.3138
2770.0	4.506714	-1.5784289999999999	4.817691	2.609267231731523	-4.991641660703783	-0.40491638646268446	0.864	1.207	-1.3375
2771.0	4.157478	0.21582	6.584472000000001	1.3107422682477414	-3.0682888250060314	-1.5166911199830724	0.8348	1.1743	-1.3643
2772.0	3.7797929999999997	2.078739	8.356158	1.3107422682477414	-3.0682888250060314	-1.5166911199830724	0.8051	1.1389	-1.393
2773.0	2.513322	0.38847600000000004	9.815885999999999	-0.778416846389471	-2.4294983187761066	-0.767944870877505	0.7682	1.1042	-1.4217
2774.0	3.146067	-1.5941250000000002	11.356056	0.41713369122664473	-2.7087509990951992	-0.6475171524898963	0.7279	1.07	-1.4486
2775.0	3.269673	0.426735	11.029383000000001	0.3560471674068432	-0.27576202181510406	-0.027925268031909273	0.6875	1.04	-1.4689
2776.0	4.13982	3.075435	10.912644	0.16929693744344995	-0.5951572749300664	-0.4415683007545654	0.6486	1.0161	-1.4807
2777.0	6.3676710000000005	3.7219140000000004	9.096813000000001	0.19024088846738194	-0.7155849933176751	-0.4537856055185257	0.6099	0.9985	-1.4848
2778.0	8.686755	5.428854	8.937891	0.2879793265790644	-0.6161012259539983	-0.3892084231947355	0.5745	0.9887	-1.4829
2779.0	10.642869000000001	2.3259510000000003	9.879651	0.3089232776029963	-0.6475171524898963	-0.5166174585903216	0.5449	0.9835	-1.4791
2780.0	10.178856000000001	0.115758	9.527472	0.32986722862692824	-0.3735004599267865	-0.48171087355043496	0.5214	0.9811	-1.4758
2781.0	9.067383000000001	-2.301426	8.991846	0.4258603374866164	-0.40491638646268446	-0.5916666164260777	0.503	0.9795	-1.4737
2782.0	7.9617960000000005	-4.638168	8.460144000000001	0.3141592653589793	-0.33510321638291124	-0.5148721293383273	0.4824	0.9775	-1.4736
2783.0	7.729299000000001	-3.3265710000000004	8.241381	0.2897246558310587	-0.32288591161895097	-0.5009094953223726	0.4683	0.9743	-1.4758
2784.0	5.654484000000001	-1.396944	7.960815	0.21467549799530256	-0.28623399732707	-0.43982297150257105	0.458	0.9708	-1.4793
2785.0	5.5642320000000005	-1.963962	8.058915	0.059341194567807204	-0.24085543677521748	-0.27052603405912107	0.4486	0.9672	-1.485
2786.0	5.933088000000001	-1.7864010000000001	8.128566000000001	-0.08377580409572781	-0.19373154697137057	-0.1117010721276371	0.44	0.9638	-1.4929
2787.0	5.887962	-1.234098	8.099136	-0.13439035240356337	-0.1884955592153876	-0.006981317007977318	0.4325	0.9608	-1.5022
2788.0	5.9811570000000005	-1.0791000000000002	8.188407	-0.16231562043547265	-0.16755160819145562	0.0471238898038469	0.4254	0.9588	-1.5112
2789.0	5.802615	-0.905463	8.256096000000001	-0.17453292519943295	-0.16406094968746698	0.08726646259971647	0.4202	0.9577	-1.5181
2790.0	5.85657	-0.736731	8.30907	-0.16231562043547265	-0.15184364492350666	0.08203047484373349	0.4158	0.9568	-1.5214
2791.0	5.833026	-0.791667	8.261982	-0.1361356816555577	-0.1291543646475804	0.059341194567807204	0.4116	0.9564	-1.5195
2792.0	5.808501	-0.9201779999999999	8.21097	-0.0890117918517108	-0.10471975511965978	0.019198621771937627	0.4089	0.9566	-1.5154
2793.0	5.7800519999999995	-1.043784	8.147205000000001	-0.07853981633974483	-0.09075712110370514	-0.0017453292519943296	0.4064	0.9571	-1.507
2794.0	5.725116000000001	-1.385172	8.045181000000001	-0.04014257279586958	-0.08726646259971647	-0.024434609527920613	0.4036	0.9572	-1.4993
2795.0	5.649579	-1.7245980000000003	7.937271000000001	-0.038397243543875255	-0.054105206811824215	-0.04014257279586958	0.4014	0.9587	-1.4926
2796.0	5.634864	-1.931589	7.858791000000001	-0.027925268031909273	-0.06806784082777885	-0.05235987755982989	0.3995	0.9597	-1.488
2797.0	5.633883000000001	-2.045385	7.805817	-0.038397243543875255	-0.061086523819801536	-0.04014257279586958	0.3972	0.961	-1.4852
2798.0	5.6329020000000005	-2.074815	7.786197	-0.03490658503988659	-0.06806784082777885	-0.05061454830783556	0.3953	0.9623	-1.4848
2799.0	5.6378070000000005	-2.042442	7.7734440000000005	-0.0471238898038469	-0.0471238898038469	-0.03665191429188092	0.3929	0.964	-1.4858
2800.0	5.6378070000000005	-1.985544	7.7812920000000005	-0.048869219055841226	-0.06632251157578452	-0.03316125578789226	0.3905	0.9647	-1.4878
2801.0	5.639769	-1.917855	7.796007	-0.0471238898038469	-0.06283185307179587	-0.04014257279586958	0.3879	0.9653	-1.493
2802.0	5.635845000000001	-1.870767	7.804836	-0.03490658503988659	-0.05061454830783556	-0.03665191429188092	0.3854	0.9654	-1.4982
2803.0	5.642712	-1.815831	7.8117030000000005	-0.019198621771937627	-0.05585053606381855	-0.04363323129985824	0.3834	0.9658	-1.5036
2804.0	5.638788	-1.793268	7.812684	-0.024434609527920613	-0.04537856055185257	-0.048869219055841226	0.3819	0.9664	-1.5124
2805.0	5.647617	-1.773648	7.821513	-0.005235987755982988	-0.0471238898038469	-0.05585053606381855	0.3803	0.966	-1.5168
2806.0	5.657427	-1.7648190000000001	7.818570000000001	0.005235987755982988	-0.031415926535897934	-0.041887902047863905	0.3788	0.9663	-1.5198
2807.0	5.661351	-1.751085	7.823475	0.005235987755982988	-0.038397243543875255	-0.020943951023931952	0.3778	0.9666	-1.5206
2808.0	5.671161	-1.7285220000000001	7.8244560000000005	-0.017453292519943295	-0.038397243543875255	-0.006981317007977318	0.3771	0.9662	-1.5224
2809.0	5.682933	-1.7098830000000003	7.8293610000000005	-0.017453292519943295	-0.04014257279586958	0.017453292519943295	0.3767	0.9655	-1.5207
2810.0	5.687838	-1.6784910000000002	7.831323	-0.0471238898038469	-0.027925268031909273	0.029670597283903602	0.3763	0.9653	-1.521
2811.0	5.6898	-1.65789	7.833285	-0.05061454830783556	-0.03665191429188092	0.03316125578789226	0.3757	0.9654	-1.5206
2812.0	5.696667000000001	-1.632384	7.840152000000001	-0.03665191429188092	-0.029670597283903602	0.04537856055185257	0.3758	0.9657	-1.5201
2813.0	5.695686	-1.623555	7.845057	-0.05585053606381855	-0.026179938779914945	0.05061454830783556	0.3755	0.9657	-1.5224
2814.0	5.696667000000001	-1.619631	7.846038	-0.027925268031909273	-0.020943951023931952	0.04014257279586958	0.3749	0.9664	-1.5201
2815.0	5.7015720000000005	-1.6314030000000002	7.847019000000001	-0.03316125578789226	-0.020943951023931952	0.03665191429188092	0.374	0.9668	-1.5204
2816.0	5.695686	-1.637289	7.841133	-0.029670597283903602	-0.015707963267948967	0.024434609527920613	0.3731	0.9677	-1.5205
2817.0	5.7015720000000005	-1.6627950000000002	7.8244560000000005	-0.026179938779914945	-0.003490658503988659	0.019198621771937627	0.3725	0.9679	-1.5213
2818.0	5.69961	-1.707921	7.810722	-0.020943951023931952	-0.027925268031909273	0.019198621771937627	0.3716	0.9684	-1.5201
2819.0	5.691762000000001	-1.7275410000000002	7.804836	-0.026179938779914945	-0.015707963267948967	0.027925268031909273	0.3704	0.9685	-1.519
2820.0	5.691762000000001	-1.7451990000000002	7.805817	-0.041887902047863905	-0.029670597283903602	0.038397243543875255	0.3694	0.9689	-1.5175
2821.0	5.695686	-1.739313	7.796007	-0.0471238898038469	-0.03490658503988659	0.05061454830783556	0.3689	0.9688	-1.5127
2822.0	5.687838	-1.751085	7.797969000000001	-0.061086523819801536	-0.048869219055841226	0.059341194567807204	0.3685	0.9691	-1.5079
2823.0	5.685876	-1.737351	7.803855	-0.07330382858376185	-0.038397243543875255	0.05759586531581287	0.369	0.9695	-1.5097
2824.0	5.688819	-1.735389	7.801893000000001	-0.07853981633974483	-0.054105206811824215	0.05759586531581287	0.3688	0.9695	-1.5062
2825.0	5.673123	-1.722636	7.80876	-0.09599310885968812	-0.054105206811824215	0.048869219055841226	0.3693	0.9696	-1.5056
2826.0	5.668218	-1.751085	7.813665	-0.09948376736367678	-0.06632251157578452	0.04014257279586958	0.3697	0.9698	-1.5036
2827.0	5.659389	-1.788363	7.802874	-0.06632251157578452	-0.08377580409572781	-0.0017453292519943296	0.3694	0.9701	-1.503
2828.0	5.656446	-1.830546	7.788159000000001	-0.04537856055185257	-0.05759586531581287	-0.015707963267948967	0.3695	0.9708	-1.5003
2829.0	5.659389	-1.911969	7.750881000000001	-0.008726646259971648	-0.05061454830783556	-0.04363323129985824	0.3694	0.9714	-1.5008
2830.0	5.665275	-1.9943730000000002	7.7047740000000005	0.017453292519943295	-0.027925268031909273	-0.06981317007977318	0.3692	0.9721	-1.4993
2831.0	5.665275	-2.071872	7.673382	0.09948376736367678	0.0	-0.09599310885968812	0.3688	0.9724	-1.5021
2832.0	5.684895	-2.142504	7.621389000000001	0.16755160819145562	0.020943951023931952	-0.10471975511965978	0.3679	0.9727	-1.5053
2833.0	5.697648	-2.216079	7.5752820000000005	0.24434609527920614	0.048869219055841226	-0.12566370614359174	0.3666	0.9725	-1.5024
2834.0	5.710401	-2.2612050000000004	7.540947000000001	0.30717794835100204	0.061086523819801536	-0.12740903539558607	0.366	0.9717	-1.5048
2835.0	5.737869	-2.306331	7.4938590000000005	0.33335788713091696	0.09250245035569947	-0.14486232791552936	0.3651	0.9708	-1.5059
2836.0	5.75847	-2.281806	7.47522	0.32986722862692824	0.09075712110370514	-0.1466076571675237	0.3642	0.9685	-1.508
2837.0	5.7751470000000005	-2.220003	7.488954	0.2932153143350474	0.12042771838760874	-0.14486232791552936	0.3634	0.9663	-1.509
2838.0	5.7879	-2.121903	7.510536	0.2897246558310587	0.1117010721276371	-0.12391837689159739	0.3624	0.9632	-1.5101
2839.0	5.790843000000001	-2.01105	7.558605	0.23561944901923448	0.1308996938995747	-0.12042771838760874	0.3624	0.9596	-1.5111
2840.0	5.7751470000000005	-1.8952920000000002	7.624332000000001	0.2234021442552742	0.09599310885968812	-0.11344640137963143	0.3618	0.9565	-1.513
2841.0	5.766318	-1.800135	7.673382	0.21991148575128552	0.09773843811168245	-0.10821041362364843	0.3618	0.9532	-1.5151
2842.0	5.740812000000001	-1.713807	7.731261000000001	0.21118483949131386	0.09599310885968812	-0.1117010721276371	0.3617	0.9499	-1.5171
2843.0	5.723154000000001	-1.649061	7.7734440000000005	0.2181661564992912	0.07853981633974483	-0.1291543646475804	0.3617	0.9458	-1.5187
2844.0	5.705496	-1.570581	7.822494000000001	0.21642082724729686	0.0890117918517108	-0.12042771838760874	0.362	0.9424	-1.5205
2845.0	5.686857	-1.473462	7.877430000000001	0.21467549799530256	0.06806784082777885	-0.12042771838760874	0.3621	0.9393	-1.5217
2846.0	5.679009	-1.40283	7.907841	0.17278759594743864	0.06632251157578452	-0.09948376736367678	0.3625	0.9364	-1.5228
2847.0	5.658408	-1.34397	7.940214	0.15707963267948966	0.05061454830783556	-0.07504915783575616	0.3634	0.9333	-1.5242
2848.0	5.649579	-1.336122	7.945119	0.14835298641951802	0.03665191429188092	-0.08203047484373349	0.3634	0.9307	-1.5258
2849.0	5.635845000000001	-1.350837	7.947081000000001	0.13264502315156904	0.048869219055841226	-0.06806784082777885	0.3639	0.9283	-1.5276
2850.0	5.641731	-1.338084	7.947081000000001	0.12217304763960307	0.03316125578789226	-0.05759586531581287	0.3648	0.9255	-1.5285
2851.0	5.656446	-1.271376	7.939233000000001	0.10995574287564276	0.022689280275926284	-0.04014257279586958	0.3649	0.923	-1.5284
2852.0	5.668218	-1.2723570000000002	7.925499	0.11693705988362008	0.017453292519943295	-0.03665191429188092	0.3655	0.9204	-1.5259
2853.0	5.6603699999999995	-1.190934	7.9617960000000005	0.12042771838760874	0.024434609527920613	-0.03316125578789226	0.3657	0.9181	-1.5219
2854.0	5.636826	-1.207611	7.9794540000000005	0.08028514559173916	0.09773843811168245	-0.017453292519943295	0.3659	0.9157	-1.516
2855.0	5.6603699999999995	-1.183086	7.957872000000001	0.0942477796076938	-0.022689280275926284	-0.024434609527920613	0.3661	0.9134	-1.5092
2856.0	5.6456550000000005	-1.1997630000000001	7.948062000000001	0.09773843811168245	0.0	-0.015707963267948967	0.366	0.9112	-1.5031
2857.0	5.6073960000000005	-1.2399840000000002	7.990245000000001	0.054105206811824215	-0.012217304763960306	-0.019198621771937627	0.3659	0.9099	-1.4988
2858.0	5.647617	-1.2036870000000002	7.959834000000001	0.07679448708775051	0.020943951023931952	-0.006981317007977318	0.3665	0.9084	-1.4966
2859.0	5.653503000000001	-1.183086	7.943157	0.06806784082777885	0.017453292519943295	-0.013962634015954637	0.3665	0.9079	-1.4961
2860.0	5.600529	-1.219383	8.009865	0.054105206811824215	0.05759586531581287	-0.020943951023931952	0.3669	0.9065	-1.4971
2861.0	5.61132	-1.253718	8.011827	0.07504915783575616	0.006981317007977318	-0.022689280275926284	0.3671	0.9054	-1.4992
2862.0	5.614263	-1.1978010000000001	8.028504	0.0715584993317675	-0.07853981633974483	-0.017453292519943295	0.3668	0.9041	-1.5041
2863.0	5.600529	-1.260585	8.040276	0.06632251157578452	-0.031415926535897934	-0.024434609527920613	0.3667	0.9031	-1.5102
2864.0	5.584833000000001	-1.193877	8.079516	0.08726646259971647	-0.09948376736367678	-0.04363323129985824	0.3657	0.902	-1.5189
2865.0	5.518125	-1.220364	8.205084000000001	0.029670597283903602	-0.158824961931484	-0.03665191429188092	0.3651	0.9013	-1.5277
2866.0	5.532839999999999	-1.207611	8.237457000000001	0.05061454830783556	-0.2775073510670984	-0.05759586531581287	0.3639	0.9003	-1.5357
2867.0	5.575023000000001	-1.182105	8.225685	0.027925268031909273	-0.4014257279586958	-0.059341194567807204	0.3624	0.8988	-1.5396
2868.0	5.486733	-1.243908	8.357139	0.048869219055841226	-0.4118977034706618	-0.054105206811824215	0.3601	0.8977	-1.5398
2869.0	5.451417	-1.211535	8.451315000000001	0.005235987755982988	-0.5253441048502933	-0.07504915783575616	0.3568	0.8963	-1.5361
2870.0	5.483790000000001	-1.16739	8.417961	-0.10471975511965978	-0.6649704450098396	-0.08028514559173916	0.3519	0.8953	-1.5295
2871.0	5.466132000000001	-1.1458080000000002	8.479764	-0.143116998663535	-0.7801621756414654	-0.0942477796076938	0.3464	0.895	-1.5213
2872.0	5.451417	-1.090872	8.526852	-0.22689280275926285	-0.8203047484373349	-0.08028514559173916	0.3399	0.8947	-1.5143
2873.0	5.475942000000001	-1.03005	8.552358	-0.28623399732707	-0.8656833089891874	-0.08203047484373349	0.3318	0.8951	-1.5081
2874.0	5.550498	-1.018278	8.505270000000001	-0.3420845333908886	-0.9634217471008699	-0.08726646259971647	0.3235	0.8963	-1.5037
2875.0	5.612301	-0.9859050000000001	8.431695000000001	-0.3455751918948773	-1.0245082709206714	-0.08028514559173916	0.3137	0.8977	-1.5009
2876.0	5.656446	-1.0084680000000001	8.42679	-0.3909537524467298	-1.1135200627723822	-0.09948376736367678	0.3027	0.9001	-1.4994
2877.0	5.671161	-1.04967	8.419923	-0.32637657012293964	-1.233947781159991	-0.11868238913561441	0.2899	0.9027	-1.4991
2878.0	5.739831	-1.106568	8.373816000000001	-0.2722713633111154	-1.340412865531645	-0.15009831567151233	0.276	0.9056	-1.5001
2879.0	5.823216	-1.219383	8.330652	-0.21118483949131386	-1.4974924982111346	-0.20769418098732523	0.2608	0.9085	-1.5033
2880.0	5.85657	-1.318464	8.324766	-0.13788101090755203	-1.6458454846306527	-0.291469985083053	0.2446	0.9118	-1.5074
2881.0	5.886	-1.3979249999999999	8.327709	-0.1413716694115407	-1.726130630222392	-0.3368485456349056	0.2271	0.9149	-1.5101
2882.0	5.89581	-1.4921010000000001	8.41698	-0.11344640137963143	-1.9355701404617116	-0.3909537524467298	0.2081	0.9181	-1.5123
2883.0	5.86638	-1.6157070000000002	8.597484	-0.059341194567807204	-2.2776546738526	-0.47472955654245763	0.1877	0.921	-1.5133
2884.0	5.79771	-1.787382	8.845677	0.1291543646475804	-2.7646015351590183	-0.598647933434055	0.1642	0.9225	-1.5103
2885.0	5.723154000000001	-2.058138	9.051687	0.26005405854715513	-3.204424506661589	-0.8325220532012952	0.138	0.9231	-1.5014
2886.0	5.60151	-2.3563620000000003	9.316557	0.35255650890285456	-3.7000980142279785	-1.1833332328521553	0.1087	0.9222	-1.4927
2887.0	5.481828	-2.657529	9.571617	0.46949356878647464	-4.25685804561417	-1.5917402778188285	0.0756	0.9206	-1.4782
2888.0	5.295438	-2.8959120000000005	9.907119000000002	0.47472955654245763	-4.614650542273007	-1.816887751326097	0.0385	0.9169	-1.4647
2889.0	5.064903	-3.048948	10.262241000000001	0.47472955654245763	-5.330235535590682	-2.2060961745208325	-0.0036	0.9114	-1.446
2890.0	4.874589	-3.072492	10.685052	0.3420845333908886	-6.185446869067904	-2.436479635784084	-0.0516	0.9035	-1.4243
2891.0	4.788261	-3.105846	11.143179	-0.07853981633974483	-7.246607054280456	-2.5272367568877896	-0.1064	0.8924	-1.3986
2892.0	5.312115	-3.0636630000000005	11.537541	-0.5846852994181004	-8.141960960553547	-2.410299697004169	-0.1678	0.8793	-1.3639
2893.0	6.442227	-3.249072	11.580705000000002	-0.6056292504420324	-8.293804605477053	-2.5272367568877896	-0.2355	0.8646	-1.3208
2894.0	7.496802000000001	-3.438405	11.570895	-0.3752457891787809	-8.286823288469076	-2.872811948782666	-0.3079	0.8481	-1.2689
2895.0	8.308089	-3.3020460000000003	11.393334000000001	-0.1308996938995747	-8.18384886260141	-2.876302607286655	-0.3826	0.8282	-1.211
2896.0	8.914347	-3.022461	11.016630000000001	-0.291469985083053	-7.958701389094143	-2.7942721324429214	-0.4596	0.8053	-1.1387
2897.0	9.622629	-2.771325	10.455498000000002	-0.3961897402027128	-7.66723140401109	-2.693043035827251	-0.5361	0.7799	-1.0634
2898.0	10.597743000000001	-2.6673389999999997	9.906138	-0.3735004599267865	-6.984807666481307	-2.738421596379103	-0.6105	0.7521	-0.9756
2899.0	11.567952	-2.810565	9.353835	0.10821041362364843	-5.810201079889123	-2.693043035827251	-0.6804	0.7223	-0.8811
2900.0	12.132026999999999	-3.120561	8.685774	0.8220500776893293	-4.633849164044945	-2.548180707911721	-0.7441	0.6901	-0.7798
2901.0	12.873663	-3.135276	8.099136	1.1344640137963142	-3.9217548292312583	-2.4556782575560216	-0.7998	0.6576	-0.6781
2902.0	14.16564	-3.4992270000000003	7.830342000000001	1.1728612573401895	-1.1344640137963142	-1.0786134777324956	-0.8479	0.6221	-0.5822
2903.0	14.916105	-3.574764	7.968663	0.7749261878854823	2.282890661608583	0.5532693728822025	-0.8863	0.5891	-0.4985
2904.0	14.425605	-3.8504250000000004	7.900974000000001	0.895353906273091	4.270820679630124	1.4468779499032993	-0.9164	0.5608	-0.4309
2905.0	13.480902000000002	-4.322286	7.7430330000000005	1.2304571226560024	4.855505979048225	1.589994948566834	-0.9401	0.5382	-0.3807
2906.0	12.252690000000001	-4.627377	7.466391000000001	1.2793263417118435	4.665265090580843	1.5393804002589988	-0.9559	0.5214	-0.3495
2907.0	10.84005	-4.5675360000000005	7.248609	1.085594794740473	4.471533543609472	1.5865042900628457	-0.9657	0.5096	-0.3331
2908.0	9.392094	-4.217319	6.884658	0.4520402762665313	4.09977841293468	1.6493361431346414	-0.9703	0.5044	-0.334
2909.0	8.227647000000001	-3.801375	6.554061000000001	-0.17453292519943295	4.082325120414737	1.827359726838063	-0.9719	0.5052	-0.3508
2910.0	7.721451000000001	-3.5482770000000006	6.340203	-0.4066617157146788	4.401720373529699	1.960004749989632	-0.9699	0.5142	-0.3845
2911.0	7.068105000000001	-3.801375	6.068466000000001	-0.3141592653589793	4.939281783143953	2.059488517353309	-0.9654	0.5287	-0.4317
2912.0	5.314077	-3.848463	5.506353000000001	-0.13264502315156904	5.438445949214331	2.139773662945048	-0.956	0.5518	-0.4884
2913.0	3.481569	-3.807261	4.771584	-0.12391837689159739	5.770058507093254	2.2148228207808045	-0.9436	0.577	-0.5491
2914.0	2.945943	-3.3962220000000003	4.265388000000001	-0.23561944901923448	5.86954227445693	2.2706733568446227	-0.9269	0.603	-0.6115
2915.0	3.175497	-2.917494	4.0005180000000005	-0.5358160803622591	5.996951309852517	2.3509585024363617	-0.9055	0.6312	-0.6744
2916.0	3.9730500000000006	-2.652624	3.987765	-0.9267698328089891	6.082472443200238	2.420771672516135	-0.8786	0.6616	-0.7377
2917.0	4.937373	-2.7222750000000002	4.101561	-1.1693705988362009	6.0842177724522335	2.4225170017681297	-0.8466	0.6945	-0.8023
2918.0	5.776128	-2.97243	4.294818	-1.3299408900196792	6.017895260876449	2.3666664657043106	-0.8094	0.7288	-0.8677
2919.0	6.448113	-3.116637	4.4861130000000005	-1.457349925415265	5.993460651348527	2.2497294058206907	-0.7665	0.7646	-0.9327
2920.0	6.966081	-3.067587	4.63032	-1.514945790731078	5.981243346584567	2.0629791758572975	-0.718	0.8012	-0.9964
2921.0	7.408512	-2.8723680000000003	4.719591	-1.6196655458507379	5.963790054064624	1.9879300180215413	-0.664	0.8392	-1.0581
2922.0	7.860753000000001	-2.6791110000000002	4.801014	-1.6283921921107094	5.880014249968895	1.8849555921538759	-0.606	0.8769	-1.1158
2923.0	8.371854	-2.592783	4.9412970000000005	-1.6144295580947547	5.749114556069321	1.9216075064457567	-0.5436	0.9149	-1.1701
2924.0	8.892765	-2.6388900000000004	5.170851000000001	-1.6074482410867774	5.560618996853934	2.0682151636132806	-0.4782	0.9542	-1.2197
2925.0	9.37836	-2.716389	5.558346	-1.7174039839624204	5.358160803622591	2.3265238929084413	-0.4091	0.9933	-1.2643
2926.0	9.964017	-2.7369900000000005	6.027264	-1.9303341527057283	5.197590512439113	2.6232298657474775	-0.3382	1.0322	-1.304
2927.0	10.606572	-2.7134460000000002	6.542289000000001	-2.014109956801456	5.133013330115324	2.7680921936630067	-0.2639	1.0709	-1.338
2928.0	11.352132000000001	-2.6634150000000005	7.041618000000001	-2.0734511513692633	5.009094953223726	3.0647981665020425	-0.1869	1.11	-1.3652
2929.0	12.200697000000002	-2.537847	7.481106	-1.9425514574696887	4.878195259324151	3.251548396465436	-0.1068	1.1483	-1.3859
2930.0	13.216032	-2.240604	7.807779000000001	-1.7819811662862104	4.768239516448508	3.256784384221419	-0.0251	1.1862	-1.3994
2931.0	14.396175000000001	-1.750104	7.937271000000001	-1.6580627893946132	4.675737066092808	3.1276300195738385	0.0585	1.2222	-1.4061
2932.0	15.706791	-1.182105	7.793064	-1.5062191444711064	4.408701690537677	2.815216083466854	0.1437	1.257	-1.4066
2933.0	17.067438	-0.687681	7.297659	-1.075122819228507	3.9287361462392356	2.209586833024821	0.2295	1.2897	-1.4025
2934.0	18.473211	-0.181485	6.427512	-0.7557275661135446	3.5866516128483474	1.8081611050661253	0.314	1.3187	-1.3964
2935.0	19.867212	0.35512200000000005	5.138478000000001	-0.1832595714594046	2.8187067419708423	0.9407324668249436	0.3954	1.3438	-1.3893
2936.0	21.158208000000002	0.940779	3.5924220000000004	0.1361356816555577	1.9425514574696887	0.19024088846738194	0.4713	1.3656	-1.3822
2937.0	22.576734000000002	1.674567	1.822698	0.04014257279586958	1.0454522219446034	-0.2792526803190927	0.539	1.3829	-1.3766
2938.0	23.975640000000002	2.3602860000000003	-0.028449	-0.31066860685499065	0.2303834612632515	-0.32812189937493397	0.5978	1.3962	-1.3717
2939.0	23.781402	0.010791000000000002	-0.9133110000000001	4.392993727269728	-1.4922565104551517	0.03316125578789226	0.6466	1.405	-1.3709
2940.0	20.988495	-1.359666	-1.329255	6.122615015996108	-1.9146261894377796	-1.24965574442794	0.6823	1.4036	-1.3791
2941.0	17.456895000000003	-1.587258	0.37866600000000006	5.995205980600522	-2.3596851486963333	-1.429424657383356	0.705	1.3922	-1.3954
2942.0	13.168944000000002	-2.335761	0.6837570000000001	5.173155902911192	-2.8448866807507573	-0.12566370614359174	0.7145	1.3718	-1.419
2943.0	8.937891	-0.9859050000000001	0.5944860000000001	4.071853144902771	-5.597270911145815	-0.57246799465414	0.7087	1.344	-1.4479
2944.0	7.775406	0.840717	1.305711	2.6860617188192735	-7.281513639320343	-1.3421581947836396	0.6856	1.3118	-1.4774
2945.0	7.945119	2.775249	3.2510339999999998	1.3421581947836396	-5.50651379004211	-1.2077678423800762	0.6476	1.2762	-1.504
2946.0	7.266267000000001	3.3658110000000003	5.417082000000001	0.24609142453120045	-3.81354441560761	-1.0786134777324956	0.5987	1.239	-1.5269
2947.0	5.523029999999999	3.4511580000000004	7.323165000000001	0.03316125578789226	-3.6407568196601714	-1.1885692206081384	0.5431	1.2021	-1.5448
2948.0	5.487714	1.4852340000000002	10.070946	-0.09948376736367678	-4.246386070102204	-0.9896016858807849	0.4809	1.1651	-1.5604
2949.0	4.485132	4.0819410000000005	10.399581000000001	-0.12740903539558607	1.5725416560468908	0.3455751918948773	0.417	1.1285	-1.5744
2950.0	5.386671000000001	5.273856	10.34955	0.3490658503988659	-1.14493598930828	-0.5916666164260777	0.3572	1.0991	-1.5837
2951.0	8.022618	5.263065	8.936910000000001	-0.006981317007977318	0.05585053606381855	-0.12391837689159739	0.2997	1.0764	-1.5886
2952.0	9.967941	5.633883000000001	9.055611	0.08203047484373349	-0.5654866776461628	-0.26529004630313807	0.2466	1.0613	-1.5915
2953.0	12.411612000000002	3.985803	9.881613000000002	0.041887902047863905	-0.4886921905584123	-0.21991148575128552	0.1993	1.0523	-1.5914
2954.0	11.637603	1.5843150000000001	10.102338000000001	0.017453292519943295	-0.39968039870670147	-0.16231562043547265	0.1622	1.047	-1.5899
2955.0	9.685413	-1.02024	9.288108	0.13962634015954636	-0.3560471674068432	-0.22165681500327983	0.135	1.0445	-1.5899
2956.0	8.431695000000001	-2.091492	8.566092	0.1780235837034216	-0.2181661564992912	-0.25481807079117214	0.1141	1.0433	-1.5925
2957.0	7.970625	-2.7674010000000004	8.336538000000001	0.13264502315156904	-0.17453292519943295	-0.21991148575128552	0.0994	1.0413	-1.599
2958.0	5.6898	-1.4450129999999999	7.28883	0.13264502315156904	-0.1308996938995747	-0.1954768762233649	0.091	1.0385	-1.6057
2959.0	5.777109	-1.6755480000000003	7.709679	0.11868238913561441	-0.059341194567807204	-0.17627825445142728	0.0845	1.0362	-1.6133
2960.0	6.295077000000001	-1.563714	8.117775	0.08552113334772216	-0.061086523819801536	-0.15358897417550102	0.0777	1.0333	-1.6166
2961.0	5.536764000000001	-1.619631	7.9539480000000005	0.022689280275926284	-0.031415926535897934	-0.11519173063162574	0.0731	1.0313	-1.6191
2962.0	6.051789	-1.5990300000000002	7.900974000000001	0.0017453292519943296	-0.031415926535897934	-0.08377580409572781	0.0686	1.029	-1.6203
2963.0	5.957612999999999	-1.5970680000000002	7.823475	0.0017453292519943296	-0.012217304763960306	-0.06981317007977318	0.065	1.0259	-1.6201
2964.0	5.970366	-1.321407	7.856829	0.020943951023931952	-0.022689280275926284	-0.0715584993317675	0.0628	1.0235	-1.6196
2965.0	5.8261590000000005	-1.005525	7.990245000000001	-0.015707963267948967	-0.015707963267948967	-0.048869219055841226	0.0611	1.0216	-1.6175
2966.0	5.773185000000001	-0.9888480000000001	8.007903	-0.020943951023931952	-0.013962634015954637	-0.03316125578789226	0.0601	1.0201	-1.616
2967.0	5.759450999999999	-1.036917	7.9667010000000005	-0.041887902047863905	-0.027925268031909273	-0.012217304763960306	0.059	1.0191	-1.6137
2968.0	5.725116000000001	-1.011411	7.955910000000001	-0.06981317007977318	-0.03490658503988659	0.022689280275926284	0.0575	1.019	-1.6134
2969.0	5.688819	-1.05948	7.944138	-0.0645771823237902	-0.024434609527920613	0.029670597283903602	0.0567	1.019	-1.612
2970.0	5.649579	-1.155618	7.951005	-0.07853981633974483	-0.038397243543875255	0.03665191429188092	0.0562	1.0191	-1.6132
2971.0	5.6329020000000005	-1.181124	7.946100000000001	-0.12740903539558607	-0.04014257279586958	0.07853981633974483	0.055	1.0189	-1.6133
2972.0	5.6329020000000005	-1.1546370000000001	7.937271000000001	-0.16929693744344995	-0.05759586531581287	0.10122909661567112	0.0527	1.0194	-1.6108
2973.0	5.631921000000001	-1.092834	7.947081000000001	-0.19896753472735357	-0.059341194567807204	0.12042771838760874	0.0515	1.0206	-1.6061
2974.0	5.63094	-1.05948	7.957872000000001	-0.21467549799530256	-0.06632251157578452	0.1413716694115407	0.0501	1.022	-1.6034
2975.0	5.646636	-1.078119	7.951005	-0.2234021442552742	-0.07679448708775051	0.15358897417550102	0.0485	1.0231	-1.6037
2976.0	5.6603699999999995	-1.13796	7.9411950000000004	-0.2234021442552742	-0.06632251157578452	0.15358897417550102	0.0484	1.0246	-1.6055
2977.0	5.67018	-1.2184020000000002	7.9235370000000005	-0.2059488517353309	-0.038397243543875255	0.15009831567151233	0.0485	1.0264	-1.6034
2978.0	5.681952000000001	-1.2703950000000002	7.911765	-0.17453292519943295	-0.04537856055185257	0.143116998663535	0.0483	1.0279	-1.6
2979.0	5.690780999999999	-1.313559	7.903917	-0.17278759594743864	-0.027925268031909273	0.1291543646475804	0.048	1.0306	-1.5979
2980.0	5.697648	-1.387134	7.888221000000001	-0.15358897417550102	-0.04537856055185257	0.11693705988362008	0.0482	1.0338	-1.5966
2981.0	5.708439	-1.4626710000000003	7.873506	-0.13439035240356337	-0.03316125578789226	0.11344640137963143	0.0484	1.0373	-1.5948
2982.0	5.71923	-1.557828	7.8548670000000005	-0.10471975511965978	-0.03665191429188092	0.09250245035569947	0.0499	1.0403	-1.5939
2983.0	5.721192000000001	-1.635327	7.836228	-0.10821041362364843	-0.017453292519943295	0.10297442586766545	0.0502	1.0435	-1.5951
2984.0	5.72904	-1.684377	7.8244560000000005	-0.10122909661567112	-0.03665191429188092	0.09948376736367678	0.0509	1.0461	-1.5944
2985.0	5.727078000000001	-1.718712	7.812684	-0.08377580409572781	-0.024434609527920613	0.09948376736367678	0.0511	1.0491	-1.5928
2986.0	5.727078000000001	-1.7285220000000001	7.804836	-0.08377580409572781	-0.031415926535897934	0.08726646259971647	0.0514	1.0514	-1.5886
2987.0	5.728059	-1.722636	7.799931000000001	-0.08552113334772216	-0.013962634015954637	0.10122909661567112	0.0511	1.0539	-1.5881
2988.0	5.724135	-1.7177310000000001	7.802874	-0.07679448708775051	-0.024434609527920613	0.10122909661567112	0.0516	1.0562	-1.588
2989.0	5.713344	-1.701054	7.806798	-0.08377580409572781	-0.03490658503988659	0.10471975511965978	0.0516	1.0581	-1.5872
2990.0	5.718249	-1.674567	7.815627	-0.10821041362364843	-0.027925268031909273	0.11519173063162574	0.0514	1.0595	-1.5848
2991.0	5.716287	-1.645137	7.822494000000001	-0.1117010721276371	-0.04363323129985824	0.13264502315156904	0.0511	1.0609	-1.584
2992.0	5.70942	-1.601973	7.839171	-0.12566370614359174	-0.031415926535897934	0.16580627893946132	0.0511	1.0626	-1.5833
2993.0	5.712363000000001	-1.580391	7.847019000000001	-0.12740903539558607	-0.0645771823237902	0.16580627893946132	0.0515	1.0639	-1.5826
2994.0	5.7143250000000005	-1.574505	7.8421140000000005	-0.14486232791552936	-0.048869219055841226	0.1832595714594046	0.052	1.0657	-1.5817
2995.0	5.700591	-1.5588090000000001	7.863696	-0.15358897417550102	-0.06632251157578452	0.20245819323134223	0.0518	1.0672	-1.5804
2996.0	5.690780999999999	-1.563714	7.870563000000001	-0.16755160819145562	-0.08028514559173916	0.19373154697137057	0.052	1.0694	-1.5785
2997.0	5.684895	-1.587258	7.861734	-0.17453292519943295	-0.07679448708775051	0.19896753472735357	0.0519	1.0711	-1.5766
2998.0	5.673123	-1.6206120000000002	7.855848	-0.14835298641951802	-0.10471975511965978	0.17278759594743864	0.0523	1.0736	-1.5757
2999.0	5.671161	-1.6775100000000003	7.836228	-0.16580627893946132	-0.09599310885968812	0.16580627893946132	0.0526	1.0764	-1.5742
3000.0	5.657427	-1.7451990000000002	7.813665	-0.15358897417550102	-0.10471975511965978	0.12566370614359174	0.0529	1.0787	-1.5729
3001.0	5.6456550000000005	-1.8246600000000002	7.794045000000001	-0.14835298641951802	-0.0942477796076938	0.10297442586766545	0.0536	1.0815	-1.5711
3002.0	5.6456550000000005	-1.9247220000000003	7.746957	-0.1117010721276371	-0.0890117918517108	0.07853981633974483	0.0534	1.0843	-1.5698
3003.0	5.642712	-2.010069	7.717527	-0.07679448708775051	-0.0890117918517108	0.05759586531581287	0.053	1.087	-1.5681
3004.0	5.643693000000001	-2.074815	7.692021	-0.059341194567807204	-0.06632251157578452	0.038397243543875255	0.0526	1.0893	-1.5672
3005.0	5.667237	-2.133675	7.640028000000001	-0.041887902047863905	-0.07504915783575616	0.03316125578789226	0.0531	1.0914	-1.5647
3006.0	5.683914000000001	-2.1719340000000003	7.615503	-0.026179938779914945	-0.05061454830783556	0.017453292519943295	0.0526	1.0932	-1.5611
3007.0	5.69961	-2.1797820000000003	7.60275	-0.029670597283903602	-0.024434609527920613	0.019198621771937627	0.0523	1.0946	-1.5557
3008.0	5.727078000000001	-2.181744	7.587054	-0.005235987755982988	-0.029670597283903602	0.0017453292519943296	0.0514	1.0958	-1.5481
3009.0	5.73885	-2.168991	7.583130000000001	0.008726646259971648	-0.003490658503988659	0.003490658503988659	0.0506	1.0961	-1.5394
3010.0	5.749641	-2.161143	7.574301	0.041887902047863905	-0.003490658503988659	0.003490658503988659	0.0497	1.0973	-1.5315
3011.0	5.761413000000001	-2.147409	7.558605	0.031415926535897934	0.0	-0.015707963267948967	0.0487	1.0976	-1.5256
3012.0	5.763375000000001	-2.139561	7.569396	0.0471238898038469	-0.010471975511965976	-0.03316125578789226	0.0481	1.0973	-1.5217
3013.0	5.769261	-2.126808	7.560567000000001	0.06632251157578452	0.0	-0.05585053606381855	0.0472	1.0964	-1.5205
3014.0	5.773185000000001	-2.107188	7.5595859999999995	0.08377580409572781	0.010471975511965976	-0.048869219055841226	0.0463	1.0963	-1.5211
3015.0	5.782014	-2.0934540000000004	7.555662000000001	0.09599310885968812	0.012217304763960306	-0.048869219055841226	0.0458	1.0955	-1.5238
3016.0	5.789861999999999	-2.100321	7.5370230000000005	0.12042771838760874	0.054105206811824215	-0.05061454830783556	0.0453	1.0949	-1.5278
3017.0	5.791824000000001	-2.0905110000000002	7.531137000000001	0.15707963267948966	0.059341194567807204	-0.05759586531581287	0.0447	1.094	-1.5341
3018.0	5.796729	-2.136618	7.502688000000001	0.1710422666954443	0.08377580409572781	-0.061086523819801536	0.0445	1.0921	-1.5419
3019.0	5.81733	-2.1621240000000004	7.467372	0.27052603405912107	0.09599310885968812	-0.0645771823237902	0.0448	1.0901	-1.5513
3020.0	5.834007000000001	-2.1925350000000003	7.443828000000001	0.32288591161895097	0.1413716694115407	-0.07679448708775051	0.0455	1.0879	-1.5604
3021.0	5.832045000000001	-2.164086	7.459524	0.3385938748868999	0.16231562043547265	-0.09075712110370514	0.0454	1.0848	-1.5669
3022.0	5.830083000000001	-2.1375990000000002	7.486992	0.3159045946109737	0.14486232791552936	-0.10297442586766545	0.0458	1.0818	-1.5698
3023.0	5.812425	-2.1287700000000003	7.527213000000001	0.3089232776029963	0.13788101090755203	-0.1308996938995747	0.047	1.0787	-1.5688
3024.0	5.79771	-2.105226	7.564491	0.30194196059501904	0.13264502315156904	-0.1361356816555577	0.0481	1.0749	-1.5642
3025.0	5.77809	-2.0561760000000002	7.615503	0.2897246558310587	0.12042771838760874	-0.13264502315156904	0.0484	1.071	-1.5587
3026.0	5.757489	-1.904121	7.694964000000001	0.2530727415391778	0.11693705988362008	-0.12217304763960307	0.0486	1.0665	-1.5543
3027.0	5.7319830000000005	-1.7795340000000002	7.770501	0.16580627893946132	0.08726646259971647	-0.0715584993317675	0.0498	1.0623	-1.5513
3028.0	5.704515000000001	-1.6058970000000001	7.856829	0.09250245035569947	0.048869219055841226	-0.04014257279586958	0.0498	1.0588	-1.5508
3029.0	5.667237	-1.474443	7.9411950000000004	0.029670597283903602	0.010471975511965976	-0.029670597283903602	0.0495	1.0555	-1.552
3030.0	5.648598	-1.3488750000000003	8.001036000000001	-0.013962634015954637	0.0	0.0	0.0493	1.0516	-1.5545
3031.0	5.649579	-1.3174830000000002	8.015751000000002	-0.013962634015954637	0.0	0.0	0.0499	1.049	-1.5585
3032.0	5.715306	-1.2095730000000002	7.942176	-0.048869219055841226	-0.012217304763960306	0.012217304763960306	0.0495	1.046	-1.5639
3033.0	5.702553000000001	-1.22625	7.962777	-0.019198621771937627	-0.026179938779914945	0.020943951023931952	0.0486	1.0446	-1.5703
3034.0	5.678028	-1.187991	7.989264	-0.029670597283903602	-0.026179938779914945	0.017453292519943295	0.0473	1.043	-1.5798
3035.0	5.716287	-1.134036	7.927461000000001	-0.06632251157578452	-0.054105206811824215	0.012217304763960306	0.0471	1.0419	-1.5876
3036.0	5.694705000000001	-1.295901	7.926480000000001	-0.04014257279586958	-0.08028514559173916	0.024434609527920613	0.0462	1.0408	-1.5973
3037.0	5.672142000000001	-1.336122	7.929423000000001	-0.1117010721276371	-0.06632251157578452	0.015707963267948967	0.0452	1.0401	-1.6029
3038.0	5.610339	-1.4302980000000003	7.978473000000001	-0.13439035240356337	0.003490658503988659	0.010471975511965976	0.0454	1.0397	-1.6073
3039.0	5.653503000000001	-1.4508990000000002	7.934328	-0.15358897417550102	-0.054105206811824215	0.003490658503988659	0.0464	1.0399	-1.6084
3040.0	5.612301	-1.533303	7.9794540000000005	-0.2007128639793479	-0.11344640137963143	-0.010471975511965976	0.0458	1.0403	-1.607
3041.0	5.619168	-1.5460559999999999	8.010846	-0.19373154697137057	-0.1884955592153876	-0.024434609527920613	0.0452	1.0415	-1.6057
3042.0	5.506353000000001	-1.649061	8.148186	-0.19373154697137057	-0.2617993877991494	-0.04014257279586958	0.0445	1.0429	-1.6023
3043.0	5.5387260000000005	-1.6206120000000002	8.138376000000001	-0.21467549799530256	-0.34732052114687156	-0.07504915783575616	0.0437	1.044	-1.6013
3044.0	5.532839999999999	-1.684377	8.160939	-0.20245819323134223	-0.41364303272265607	-0.1064650843716541	0.0422	1.0459	-1.5981
3045.0	5.507334	-1.763838	8.234514	-0.20769418098732523	-0.39968039870670147	-0.12217304763960307	0.0403	1.0475	-1.5964
3046.0	5.491638	-1.739313	8.270811	-0.2129301687433082	-0.49741883681838395	-0.12566370614359174	0.0372	1.0498	-1.5916
3047.0	5.540688	-1.8079830000000001	8.247267	-0.20943951023931956	-0.5742133239061344	-0.1466076571675237	0.033	1.0527	-1.5885
3048.0	5.580909	-1.8442800000000001	8.239419	-0.16057029118347832	-0.6859143960337715	-0.17453292519943295	0.0271	1.0553	-1.5842
3049.0	5.565213000000001	-1.8952920000000002	8.275716000000001	-0.17453292519943295	-0.7819075048934596	-0.19722220547535926	0.0194	1.0572	-1.58
3050.0	5.623092000000001	-1.869786	8.258058	-0.19024088846738194	-0.8674286382411819	-0.21642082724729686	0.011	1.0595	-1.5775
3051.0	5.627016	-1.886463	8.265906000000001	-0.19896753472735357	-0.9878563566287906	-0.2303834612632515	0.0022	1.0607	-1.5704
3052.0	5.696667000000001	-1.864881	8.251191	-0.22514747350726852	-1.069886831472524	-0.2583087292951608	-0.008	1.0626	-1.5631
3053.0	5.6760660000000005	-1.866843	8.291412	-0.23736477827122882	-1.1728612573401895	-0.28623399732707	-0.0192	1.0643	-1.5556
3054.0	5.751603000000001	-1.8629190000000002	8.244324	-0.24783675378319478	-1.265363707695889	-0.3438298626428829	-0.0309	1.0656	-1.5503
3055.0	5.7879	-1.881558	8.245305	-0.23736477827122882	-1.3945180723434694	-0.40317105721069013	-0.0449	1.0673	-1.5413
3056.0	5.832045000000001	-1.916874	8.259039	-0.15358897417550102	-1.577777643802874	-0.44505895925855404	-0.0613	1.0688	-1.5335
3057.0	5.788881	-1.961019	8.36793	-0.03490658503988659	-1.8901915799098588	-0.4921828490624009	-0.0806	1.0689	-1.5258
3058.0	5.8134060000000005	-2.010069	8.42679	-0.005235987755982988	-1.9896753472735358	-0.5462880558742251	-0.1008	1.0687	-1.5153
3059.0	5.791824000000001	-2.135637	8.547453	0.17278759594743864	-2.3230332344044524	-0.6544984694978736	-0.1237	1.0677	-1.505
3060.0	5.7623940000000005	-2.299464	8.665173	0.2426007660272118	-2.652900463031381	-0.8133234314293576	-0.1491	1.0657	-1.4909
3061.0	5.742774000000001	-2.5398090000000004	8.791722	0.3543018381548489	-3.029891581462156	-1.0890854532444616	-0.1781	1.0625	-1.4784
3062.0	5.70942	-2.82528	8.926119000000002	0.3769911184307752	-3.4557519189487724	-1.4765485471872026	-0.2106	1.057	-1.4662
3063.0	5.666256000000001	-3.0901500000000004	9.078174	0.3961897402027128	-3.9392081217512014	-1.88670092140587	-0.2481	1.0494	-1.4488
3064.0	5.5338210000000005	-3.3020460000000003	9.323424000000001	0.3787364476827695	-4.241150082346221	-2.092649773141201	-0.2907	1.0394	-1.4256
3065.0	5.355279	-3.383469	9.592218	0.24085543677521748	-4.871213942316174	-2.4347343065320897	-0.339	1.0265	-1.402
3066.0	5.175756	-3.368754	9.875727	0.0645771823237902	-5.633922825437696	-2.6354471705114375	-0.3899	1.0104	-1.3713
3067.0	5.05215	-3.2274900000000004	10.09449	-0.42062434973063345	-6.520550085450815	-2.6354471705114375	-0.4458	0.9925	-1.3321
3068.0	5.182623	-2.9959740000000004	10.328949	-1.0367255756846316	-7.374016089676043	-2.4713862208239705	-0.5066	0.9725	-1.2864
3069.0	5.933088000000001	-2.8449	10.540845000000001	-1.3055062804917585	-7.752752537358812	-2.399827721492203	-0.5719	0.9514	-1.2311
3070.0	6.942537000000001	-2.8027170000000003	10.606572	-1.181587903600161	-7.887142889762375	-2.6354471705114375	-0.6392	0.9284	-1.1666
3071.0	7.817589000000001	-2.625156	10.567332	-1.0105456369047168	-7.876670914250409	-2.738421596379103	-0.7064	0.9026	-1.0926
3072.0	8.434638	-2.20725	10.430973	-0.9669124056048586	-7.79638576865867	-2.663372438543347	-0.7741	0.8756	-1.0085
3073.0	8.914347	-1.69713	10.128825	-1.265363707695889	-7.648032782239152	-2.4452062820440554	-0.8397	0.8459	-0.9151
3074.0	9.5157	-1.2841289999999999	9.64323	-1.5481070465189704	-7.44557458900781	-2.2951079663725436	-0.901	0.8158	-0.8143
3075.0	10.463346	-1.091853	9.079155	-1.6615534478986018	-6.670648401122327	-2.2375121010567303	-0.9567	0.785	-0.7065
3076.0	11.563047000000001	-1.13796	8.422866	-1.2269664641520137	-5.4436819369703136	-2.235766771804736	-1.006	0.7537	-0.5957
3077.0	12.43908	-1.5715620000000001	7.767558	-0.6859143960337715	-4.806636759992383	-2.2951079663725436	-1.0477	0.7207	-0.4863
3078.0	13.083597000000001	-1.973772	7.1456040000000005	0.4625122517784973	-3.6023595761162963	-2.3963370629882146	-1.0822	0.6862	-0.3816
3079.0	13.464225	-2.223927	7.237818000000001	1.4067353771074296	-0.8761552845011534	-1.1135200627723822	-1.1097	0.6516	-0.2874
3080.0	13.483845	-2.780154	7.315317	1.460840583919254	2.6232298657474775	0.6806784082777885	-1.1316	0.622	-0.2102
3081.0	12.604869	-3.150972	7.221141	1.6144295580947547	4.630358505540957	1.7976891295541595	-1.1508	0.5988	-0.154
3082.0	11.469852000000001	-3.5384670000000003	6.9219360000000005	1.848303677861995	5.134758659367317	2.1258110289290935	-1.1644	0.5825	-0.1188
3083.0	10.230849	-3.740553	6.534441	1.7610372152622786	4.9549897464119015	2.1432643214490366	-1.1745	0.5745	-0.1052
3084.0	8.986941	-3.7758690000000006	6.220521000000001	1.5795229730548683	4.726351614400644	2.1485003092050197	-1.1812	0.572	-0.111
3085.0	7.641009	-3.7562490000000004	5.940936000000001	1.0995574287564276	4.3161992401819775	2.151990967709008	-1.1859	0.5775	-0.1349
3086.0	6.413778000000001	-3.693465	5.735907	0.7243116395776468	4.148647631990521	2.176425577236929	-1.1877	0.5896	-0.1762
3087.0	5.556384	-3.5159040000000004	5.627997000000001	0.5567600313861911	4.303981935418016	2.1659536017249628	-1.1875	0.611	-0.2335
3088.0	4.758831	-3.510018	5.529897	0.5934119456780721	4.637339822548934	2.131047016685076	-1.1838	0.6399	-0.3069
3089.0	3.6522630000000005	-3.52179	4.7607930000000005	0.6754424205218056	5.052728184523584	2.0734511513692633	-1.1755	0.6746	-0.3926
3090.0	2.6987310000000004	-3.022461	4.142763	0.6789330790257941	5.2412237437389715	2.022836603061428	-1.1616	0.7107	-0.4863
3091.0	2.814489	-2.677149	3.7758690000000006	0.5288347633542818	5.586798935633849	2.007128639793479	-1.1395	0.7479	-0.5847
3092.0	3.4903980000000003	-2.4691769999999997	3.6718830000000002	0.20420352248333654	5.841617006425021	1.9896753472735358	-1.1084	0.7852	-0.6848
3093.0	4.480227	-2.525094	3.793527	-0.2007128639793479	6.003932626860494	1.9739673840055867	-1.0678	0.8221	-0.7864
3094.0	5.451417	-2.7330660000000004	3.972069	-0.5899212871740833	6.072000467688272	1.932079481957723	-1.0167	0.8597	-0.8887
3095.0	6.290172	-2.951829	4.178079	-0.8447393579652555	6.065019150680295	1.8657569703819383	-0.9533	0.8959	-0.9912
3096.0	6.978834000000001	-3.0979980000000005	4.33602	-1.017526953912694	6.030112565640408	1.7453292519943295	-0.8793	0.931	-1.091
3097.0	7.589997000000001	-3.137238	4.42431	-1.054178868204575	5.996951309852517	1.6510814723866356	-0.794	0.9637	-1.1853
3098.0	8.19135	-3.110751	4.446873	-1.1728612573401895	5.942846103040692	1.4748032179352084	-0.7	0.9937	-1.2684
3099.0	8.801532	-3.1038840000000003	4.465512	-1.3037609512397643	5.866051615952942	1.345648853287628	-0.5982	1.0215	-1.3376
3100.0	9.396999000000001	-3.1588200000000004	4.505733	-1.4660765716752369	5.745623897565332	1.3631021458075714	-0.4928	1.0456	-1.3912
3101.0	9.968922000000001	-3.3197039999999998	4.622472	-1.5655603390389137	5.558873667601939	1.5376350710070041	-0.3861	1.067	-1.4285
3102.0	10.550654999999999	-3.476664	4.815729	-1.6266468628587152	5.363396791378575	1.8221237390820801	-0.2799	1.0856	-1.4526
3103.0	11.179476	-3.5875170000000005	5.039397000000001	-1.668534764906579	5.276130328778859	2.138028333693054	-0.1759	1.1023	-1.4671
3104.0	11.751399000000001	-3.606156	5.303286	-1.8343410438460404	5.133013330115324	2.28987197861656	-0.0762	1.1164	-1.473
3105.0	12.236994000000001	-3.552201	5.592681000000001	-1.9425514574696887	4.886921905584122	2.548180707911721	0.0177	1.1297	-1.4735
3106.0	12.698064	-3.40407	5.910525000000001	-1.932079481957723	4.562290664713177	2.7977627909469103	0.1059	1.1427	-1.4689
3107.0	13.242519000000001	-3.2265090000000005	6.242103	-1.7941984710501708	4.251622057858187	2.9530970943744053	0.1887	1.1547	-1.4614
3108.0	13.935105000000002	-3.0401190000000002	6.544251000000001	-1.481784534943186	4.052654523130833	2.988003679414292	0.2657	1.1671	-1.4519
3109.0	14.776803000000001	-2.8625580000000004	6.714945	-1.017526953912694	3.944444109507185	2.876302607286655	0.3382	1.1791	-1.4434
3110.0	15.702867000000001	-2.688921	6.636465	-0.7260569688296411	3.8885935734433663	2.7401669256310974	0.4083	1.1911	-1.4359
3111.0	16.609311	-2.406393	6.183243	-0.1780235837034216	3.6721727461960696	2.2689280275926285	0.4766	1.2024	-1.4287
3112.0	17.399997000000003	-1.993392	5.364108	0.12217304763960307	3.234095103945493	1.583013631558857	0.5415	1.2112	-1.4228
3113.0	18.020970000000002	-1.389096	4.274217	-0.08203047484373349	2.651155133779387	0.9145525280450286	0.6044	1.2177	-1.418
3114.0	18.596817	-0.655308	3.016575	-0.6928957130417489	1.9198621771937625	0.3944444109507185	0.6632	1.2231	-1.4065
3115.0	19.234467000000002	0.178542	1.679472	-1.3631021458075714	1.106538745764405	0.05061454830783556	0.7172	1.228	-1.4026
3116.0	20.031039	0.982962	0.32471099999999997	-1.6353735091186867	0.38048177693476387	-0.15358897417550102	0.7653	1.2319	-1.3927
3117.0	20.843307	1.6784910000000002	-0.977076	-1.811651763570114	0.031415926535897934	-0.23736477827122882	0.806	1.2366	-1.3792
3118.0	21.402477000000005	2.1454470000000003	-2.136618	-1.3596114873035827	-0.6178465552059926	-0.4328416544945937	0.8395	1.2415	-1.3647
3119.0	20.916882	2.070891	-2.7987930000000003	0.1361356816555577	-1.0716321607245183	-0.6073745796940266	0.8647	1.2465	-1.3485
3120.0	17.961129	-0.669042	-1.099701	5.614724203665758	-2.2951079663725436	-1.663298777150596	0.8809	1.2496	-1.3411
3121.0	13.091445	-3.076416	1.749123	6.6305058283264575	-1.4381513036433275	-2.717477645355171	0.8872	1.2471	-1.341
3122.0	9.582408000000001	-3.8847600000000004	3.965202	6.455972903127025	-1.980948701013564	-1.9216075064457567	0.8838	1.2375	-1.3477
3123.0	5.920335000000001	-2.229813	4.285989000000001	5.387831400906495	-2.9897490086662866	-1.4695672301792255	0.8712	1.2225	-1.3579
3124.0	4.400766	-1.011411	5.398443	2.6982790235832335	-5.208062487951079	-0.7295476273336297	0.8488	1.2027	-1.3781
3125.0	4.912848	0.175599	7.786197	1.6999506914424771	-3.9130281829712867	-1.1990411961201044	0.8167	1.1788	-1.3916
3126.0	4.62051	2.3259510000000003	9.913005	0.1308996938995747	-1.7732545200262386	-1.5219271077390555	0.7785	1.1524	-1.4106
3127.0	2.372058	3.097017	11.403144000000001	-0.9337511498169663	-2.158972284716986	-1.377064779823526	0.7362	1.1236	-1.431
3128.0	0.161865	2.1572190000000004	12.693159000000001	-0.8779006137531478	-2.8693212902786778	-0.8255407361933178	0.6916	1.0945	-1.4544
3129.0	-0.591543	1.49112	13.632957	-0.5916666164260777	-2.815216083466854	-0.09075712110370514	0.6438	1.0657	-1.4843
3130.0	1.150713	3.6767880000000006	12.528350999999999	-0.3193952531149623	-2.736676267127109	-0.06981317007977318	0.5954	1.0396	-1.5035
3131.0	7.039656000000001	5.175756	10.785114	0.7295476273336297	-1.1466813185602747	-0.5585053606381855	0.5466	1.0182	-1.5174
3132.0	8.62299	5.488695	9.422505000000001	0.2775073510670984	-0.40491638646268446	-0.07330382858376185	0.5024	1.0053	-1.528
3133.0	10.709577	3.3569820000000004	10.346607	0.40491638646268446	-0.9791297103688189	-0.4782202150464463	0.4601	0.9978	-1.5329
3134.0	11.026440000000001	1.640232	10.759608	0.13264502315156904	-0.5340707511102649	-0.022689280275926284	0.4242	0.995	-1.5343
3135.0	8.898651000000001	-0.096138	9.813924	-0.029670597283903602	-0.7504915783575618	0.019198621771937627	0.3955	0.9943	-1.5318
3136.0	7.709679	-2.97243	9.035991000000001	-0.13264502315156904	-0.6003932626860493	0.12391837689159739	0.3708	0.9958	-1.5298
3137.0	8.079516	-4.461588	8.851563	-0.15358897417550102	-0.5602506898901798	0.1117010721276371	0.3494	0.9978	-1.5289
3138.0	8.597484	-3.897513	8.759349	-0.19373154697137057	-0.4188790204786391	0.11519173063162574	0.3311	0.9985	-1.528
3139.0	8.42679	-3.0979980000000005	8.611218000000001	-0.20245819323134223	-0.29496064358704166	0.11344640137963143	0.3171	0.9982	-1.5229
3140.0	8.099136	-2.392659	8.39736	-0.24958208303518914	-0.2426007660272118	0.143116998663535	0.3062	0.9975	-1.5211
3141.0	5.543631	-1.4675760000000002	7.976511000000001	-0.26878070480712674	-0.17453292519943295	0.17627825445142728	0.2998	0.9983	-1.5192
3142.0	5.979195000000001	-1.2184020000000002	8.102079	-0.23212879051524585	-0.1291543646475804	0.15707963267948966	0.2929	0.9989	-1.5148
3143.0	6.137136000000001	-1.292958	8.066763	-0.19896753472735357	-0.12042771838760874	0.14835298641951802	0.2885	1.0009	-1.5107
3144.0	5.9556510000000005	-1.5323220000000002	7.864677	-0.15358897417550102	-0.07679448708775051	0.10471975511965978	0.2842	1.0033	-1.5073
3145.0	6.121440000000001	-1.8678240000000002	7.777368	-0.12042771838760874	-0.05759586531581287	0.06632251157578452	0.281	1.0064	-1.5052
3146.0	5.922297	-2.054214	7.765596	-0.038397243543875255	-0.06283185307179587	-0.005235987755982988	0.2786	1.0089	-1.503
3147.0	5.934069	-2.1326940000000003	7.7253750000000005	-0.0017453292519943296	-0.04014257279586958	-0.08203047484373349	0.2765	1.0112	-1.502
3148.0	5.7800519999999995	-2.304369	7.686135	0.05235987755982989	-0.05061454830783556	-0.11868238913561441	0.2754	1.0132	-1.5005
3149.0	5.698629	-2.422089	7.663572	0.05235987755982989	-0.05061454830783556	-0.11868238913561441	0.2747	1.0149	-1.4989
3150.0	5.646636	-2.5790490000000004	7.625313	0.09075712110370514	-0.03490658503988659	-0.15707963267948966	0.2738	1.0154	-1.4978
3151.0	5.600529	-2.651643	7.613541000000001	0.09773843811168245	-0.026179938779914945	-0.14835298641951802	0.2719	1.0152	-1.4972
3152.0	5.576004	-2.615346	7.624332000000001	0.07679448708775051	-0.008726646259971648	-0.1291543646475804	0.2708	1.0148	-1.4972
3153.0	5.573061000000001	-2.5054740000000004	7.645914	0.059341194567807204	-0.010471975511965976	-0.09599310885968812	0.2697	1.0146	-1.4975
3154.0	5.576004	-2.3995260000000003	7.695945	0.048869219055841226	0.003490658503988659	-0.06981317007977318	0.2687	1.0141	-1.4974
3155.0	5.586795	-2.300445	7.733223000000001	0.05585053606381855	0.008726646259971648	-0.061086523819801536	0.2676	1.0132	-1.4975
3156.0	5.616225	-2.186649	7.761672000000001	0.05061454830783556	0.012217304763960306	-0.061086523819801536	0.2662	1.0124	-1.4981
3157.0	5.64075	-2.083644	7.787178	0.05061454830783556	0.024434609527920613	-0.05759586531581287	0.2659	1.0112	-1.4984
3158.0	5.659389	-2.006145	7.809741000000001	0.03490658503988659	0.027925268031909273	-0.048869219055841226	0.2648	1.0102	-1.4987
3159.0	5.672142000000001	-1.931589	7.825437	0.0471238898038469	0.031415926535897934	-0.03665191429188092	0.2638	1.0087	-1.4979
3160.0	5.672142000000001	-1.894311	7.828380000000001	0.0471238898038469	0.0471238898038469	-0.029670597283903602	0.263	1.008	-1.4957
3161.0	5.668218	-1.8952920000000002	7.816608	0.03665191429188092	0.04014257279586958	-0.04014257279586958	0.2629	1.0074	-1.4913
3162.0	5.65056	-1.9374750000000003	7.799931000000001	0.03490658503988659	0.048869219055841226	-0.03665191429188092	0.2632	1.0065	-1.4848
3163.0	5.624073000000001	-1.985544	7.787178	0.05061454830783556	0.054105206811824215	-0.04363323129985824	0.2632	1.0049	-1.4774
3164.0	5.596605	-2.062062	7.770501	0.0471238898038469	0.04014257279586958	-0.05585053606381855	0.263	1.0038	-1.4706
3165.0	5.568156	-2.113074	7.769520000000001	0.0471238898038469	0.03316125578789226	-0.0942477796076938	0.2629	1.0022	-1.4662
3166.0	5.551479	-2.154276	7.758729000000001	0.07679448708775051	0.026179938779914945	-0.12740903539558607	0.2636	1.0008	-1.463
3167.0	5.541669	-2.183706	7.759710000000001	0.07679448708775051	0.015707963267948967	-0.1361356816555577	0.263	0.9994	-1.4621
3168.0	5.510277	-2.1797820000000003	7.769520000000001	0.08377580409572781	-0.008726646259971648	-0.15358897417550102	0.2624	0.9982	-1.4635
3169.0	5.494581000000001	-2.155257	7.788159000000001	0.07679448708775051	-0.015707963267948967	-0.158824961931484	0.2614	0.9968	-1.4664
3170.0	5.472999	-2.141523	7.815627	0.09948376736367678	-0.03665191429188092	-0.17278759594743864	0.2608	0.9956	-1.4702
3171.0	5.469075	-2.119941	7.826418	0.10821041362364843	-0.027925268031909273	-0.1710422666954443	0.2594	0.9941	-1.4763
3172.0	5.476923	-2.082663	7.836228	0.10471975511965978	-0.027925268031909273	-0.16929693744344995	0.2575	0.9928	-1.4846
3173.0	5.496543000000001	-1.9894680000000002	7.856829	0.0890117918517108	-0.019198621771937627	-0.15184364492350666	0.2565	0.9922	-1.4934
3174.0	5.511258	-1.870767	7.885278	0.04537856055185257	-0.03316125578789226	-0.11344640137963143	0.2557	0.9913	-1.5018
3175.0	5.527935	-1.773648	7.903917	0.03665191429188092	-0.027925268031909273	-0.10122909661567112	0.2546	0.9902	-1.5062
3176.0	5.528916000000001	-1.7275410000000002	7.920594	0.038397243543875255	-0.05235987755982989	-0.0942477796076938	0.2536	0.989	-1.5074
3177.0	5.532839999999999	-1.688301	7.917651000000001	0.05061454830783556	-0.05759586531581287	-0.0942477796076938	0.2525	0.9879	-1.5048
3178.0	5.55246	-1.688301	7.899993	0.0471238898038469	-0.05235987755982989	-0.09948376736367678	0.2513	0.9864	-1.4981
3179.0	5.568156	-1.707921	7.881354000000001	0.07330382858376185	-0.0645771823237902	-0.1117010721276371	0.2498	0.9855	-1.491
3180.0	5.584833000000001	-1.711845	7.857810000000001	0.0715584993317675	-0.05235987755982989	-0.11344640137963143	0.2483	0.9843	-1.4856
3181.0	5.592681000000001	-1.7108640000000002	7.848981000000001	0.07679448708775051	-0.048869219055841226	-0.12391837689159739	0.247	0.9832	-1.4819
3182.0	5.592681000000001	-1.688301	7.846038	0.07853981633974483	-0.05585053606381855	-0.10471975511965978	0.2459	0.9825	-1.4796
3183.0	5.583852	-1.73637	7.838190000000001	0.06283185307179587	-0.05759586531581287	-0.10995574287564276	0.2441	0.9812	-1.4796
3184.0	5.589738	-1.784439	7.815627	0.061086523819801536	-0.054105206811824215	-0.10471975511965978	0.242	0.9792	-1.4803
3185.0	5.605434000000001	-1.8138690000000002	7.795026	0.059341194567807204	-0.0471238898038469	-0.0890117918517108	0.2397	0.9776	-1.4836
3186.0	5.628978	-1.78542	7.794045000000001	0.059341194567807204	-0.05585053606381855	-0.08552113334772216	0.2365	0.9766	-1.488
3187.0	5.641731	-1.773648	7.790121000000001	0.054105206811824215	-0.041887902047863905	-0.09075712110370514	0.2337	0.9753	-1.4929
3188.0	5.655465	-1.750104	7.794045000000001	0.07504915783575616	-0.04537856055185257	-0.09075712110370514	0.2314	0.974	-1.504
3189.0	5.659389	-1.748142	7.791102	0.06632251157578452	-0.03316125578789226	-0.09075712110370514	0.2301	0.9731	-1.5134
3190.0	5.675085	-1.73637	7.784235	0.0942477796076938	-0.027925268031909273	-0.1064650843716541	0.2288	0.9712	-1.5225
3191.0	5.683914000000001	-1.737351	7.776387	0.10297442586766545	-0.019198621771937627	-0.09599310885968812	0.2273	0.9698	-1.526
3192.0	5.694705000000001	-1.749123	7.776387	0.11868238913561441	0.0	-0.1117010721276371	0.2259	0.9679	-1.5317
3193.0	5.722173000000001	-1.735389	7.749900000000001	0.1361356816555577	0.005235987755982988	-0.11344640137963143	0.2242	0.9661	-1.5323
3194.0	5.72904	-1.733427	7.746957	0.11693705988362008	0.020943951023931952	-0.10821041362364843	0.2232	0.9647	-1.5318
3195.0	5.731002000000001	-1.6981110000000001	7.759710000000001	0.1117010721276371	0.005235987755982988	-0.10122909661567112	0.2231	0.9632	-1.5294
3196.0	5.735907	-1.649061	7.769520000000001	0.09250245035569947	-0.012217304763960306	-0.08203047484373349	0.2231	0.9613	-1.5284
3197.0	5.741793	-1.5823530000000001	7.783254	0.07504915783575616	-0.022689280275926284	-0.08726646259971647	0.223	0.9598	-1.5288
3198.0	5.7447360000000005	-1.521531	7.795026	0.04537856055185257	-0.024434609527920613	-0.06981317007977318	0.2222	0.9583	-1.5259
3199.0	5.739831	-1.4489370000000001	7.831323	0.04537856055185257	-0.04014257279586958	-0.06981317007977318	0.221	0.9563	-1.5244
3200.0	5.754546	-1.372419	7.835247	0.027925268031909273	-0.024434609527920613	-0.05061454830783556	0.2191	0.9549	-1.5224
3201.0	5.7800519999999995	-1.3165020000000003	7.820532000000001	0.03316125578789226	-0.05061454830783556	-0.04014257279586958	0.2178	0.953	-1.5236
3202.0000000000005	5.761413000000001	-1.3321980000000002	7.839171	0.041887902047863905	-0.041887902047863905	-0.03665191429188092	0.2156	0.952	-1.5208
3203.0	5.717268	-1.340046	7.8931260000000005	0.0715584993317675	-0.013962634015954637	-0.027925268031909273	0.2144	0.9505	-1.5222
3204.0	5.785938	-1.2213450000000001	7.821513	0.0715584993317675	-0.04363323129985824	-0.038397243543875255	0.2126	0.9489	-1.5245
3204.9999999999995	5.799672	-1.3518180000000002	7.791102	0.09948376736367678	-0.013962634015954637	-0.03490658503988659	0.2106	0.9478	-1.5244
3206.0	5.819292	-1.260585	7.754805	0.08377580409572781	0.005235987755982988	-0.029670597283903602	0.2093	0.9466	-1.53
3207.0	5.808501	-1.3812480000000003	7.771482000000001	0.10471975511965978	0.05061454830783556	-0.027925268031909273	0.2081	0.9456	-1.5304
3208.0	5.766318	-1.375362	7.840152000000001	0.0942477796076938	-0.010471975511965976	-0.031415926535897934	0.2073	0.9445	-1.5313
3209.0000000000005	5.725116000000001	-1.3783050000000001	7.883316000000001	0.10821041362364843	0.031415926535897934	0.0	0.2068	0.9425	-1.5323
3210.0	5.737869	-1.409697	7.875468	0.15184364492350666	-0.024434609527920613	0.0017453292519943296	0.2061	0.9406	-1.5358
3211.0	5.722173000000001	-1.394001	7.945119	0.08552113334772216	-0.08726646259971647	-0.03665191429188092	0.2062	0.9391	-1.537
3211.9999999999995	5.697648	-1.350837	7.973568	0.11693705988362008	-0.14835298641951802	-0.006981317007977318	0.2059	0.9371	-1.5379
3213.0000000000005	5.742774000000001	-1.3194450000000002	7.939233000000001	0.1117010721276371	-0.15184364492350666	-0.003490658503988659	0.2059	0.9352	-1.5371
3214.0	5.67018	-1.407735	8.041257	0.09599310885968812	-0.1884955592153876	-0.03316125578789226	0.2053	0.9337	-1.5356
3215.0	5.625054	-1.276281	8.127585	0.0942477796076938	-0.1884955592153876	-0.017453292519943295	0.2037	0.9321	-1.5373
3215.9999999999995	5.613282000000001	-1.388115	8.158977	0.1064650843716541	-0.25481807079117214	-0.038397243543875255	0.202	0.9306	-1.5328
3217.0	5.599548	-1.2988439999999999	8.182521	0.09948376736367678	-0.33335788713091696	-0.048869219055841226	0.1998	0.9282	-1.5323
3218.0	5.620149	-1.328274	8.185464000000001	0.0715584993317675	-0.41015237421866746	-0.059341194567807204	0.1971	0.926	-1.5315
3219.0	5.678028	-1.3174830000000002	8.141319	0.03490658503988659	-0.47123889803846897	-0.061086523819801536	0.1928	0.924	-1.5302
3220.0000000000005	5.635845000000001	-1.313559	8.217837000000001	0.010471975511965976	-0.5777039824101231	-0.08726646259971647	0.1898	0.9229	-1.5263
3221.0	5.654484000000001	-1.3027680000000001	8.203122	-0.026179938779914945	-0.6126105674500097	-0.09250245035569947	0.1844	0.9216	-1.5242
3222.0	5.6760660000000005	-1.3321980000000002	8.222742	-0.020943951023931952	-0.7155849933176751	-0.13264502315156904	0.1795	0.9202	-1.5226
3222.9999999999995	5.668218	-1.350837	8.264925	-0.041887902047863905	-0.7609635538695277	-0.15009831567151233	0.1723	0.9196	-1.521
3224.0	5.681952000000001	-1.3635900000000003	8.250210000000001	-0.07504915783575616	-0.8569566627292158	-0.19896753472735357	0.1647	0.9188	-1.5196
3225.0	5.72904	-1.394982	8.226666	-0.08203047484373349	-0.9354964790689606	-0.22689280275926285	0.156	0.9175	-1.5177
3226.0	5.759450999999999	-1.4057730000000002	8.227647000000001	-0.08028514559173916	-1.0088003076527223	-0.2792526803190927	0.146	0.916	-1.515
3227.0000000000005	5.811444000000001	-1.419507	8.193312	-0.10297442586766545	-1.08035880698449	-0.3246312408709453	0.1351	0.9155	-1.5125
3228.0	5.903658	-1.429317	8.108946	-0.12566370614359174	-1.111774733520388	-0.3543018381548489	0.1234	0.9151	-1.5092
3229.0	5.93505	-1.493082	8.089326	-0.1291543646475804	-1.192059879112127	-0.41713369122664473	0.1111	0.9158	-1.5056
3229.9999999999995	6.001758000000001	-1.535265	8.023599	-0.14486232791552936	-1.286307658719821	-0.4921828490624009	0.0954	0.9155	-1.5009
3231.0	6.047865000000001	-1.5794100000000002	7.991226	-0.2059488517353309	-1.3735741213195374	-0.5811946409141117	0.0797	0.9157	-1.4965
3232.0	6.127326000000001	-1.587258	7.931385000000001	-0.19722220547535926	-1.4922565104551517	-0.6527531402458793	0.0626	0.9153	-1.4913
3233.0	6.177357000000001	-1.5450750000000002	8.002017	-0.15707963267948966	-1.7016960206944713	-0.6876597252857658	0.0443	0.9148	-1.4854
3234.0000000000005	6.144003	-1.576467	8.264925	-0.1466076571675237	-1.8099064343181197	-0.6894050545377601	0.0249	0.914	-1.478
3235.0	6.096915000000001	-1.632384	8.474859	0.13788101090755203	-2.1694442602289516	-0.6789330790257941	0.0039	0.9134	-1.4702
3236.0	6.052770000000001	-1.816812	8.699508000000002	0.2617993877991494	-2.6197392072434886	-0.8220500776893293	-0.0188	0.9118	-1.4599
3236.9999999999995	5.988024000000001	-2.182725	8.957511	0.2984513020910304	-3.113667385557884	-1.1501719770642633	-0.0453	0.9085	-1.4464
3238.0000000000005	5.873247	-2.528037	9.225324	0.3508111796508603	-3.6442474781641603	-1.6667894356545847	-0.075	0.9037	-1.4289
3239.0	5.717268	-2.818413	9.538263	0.2932153143350474	-4.173082241518442	-2.234021442552742	-0.1089	0.8967	-1.4086
3240.0	5.488695	-3.0273660000000002	9.899271000000002	0.31066860685499065	-4.797910113732412	-2.8012534494508987	-0.1467	0.8876	-1.3843
3240.9999999999995	5.112972	-3.161763	10.380942000000001	0.30019663134302466	-5.124286683855352	-3.035127569218139	-0.1903	0.8751	-1.3557
3242.0	4.84614	-3.106827	10.836126	0.27576202181510406	-6.061528492176307	-3.3545228223331014	-0.2393	0.8596	-1.3247
3243.0	4.976613	-3.045024	11.209887000000002	-0.022689280275926284	-7.073819458333018	-3.406882699892931	-0.2947	0.8401	-1.2898
3244.0	6.063561	-3.067587	11.202039	-0.5078908123303499	-7.874925584998414	-3.183480555637657	-0.3551	0.8173	-1.2479
3245.0000000000005	7.264305000000001	-3.1087890000000002	11.080395	-0.38222710618675815	-7.847000316966506	-3.2009338481576006	-0.4204	0.7916	-1.1996
3246.0	7.950024000000001	-2.8301849999999997	10.961694	-0.05061454830783556	-7.773696488382743	-3.3108895910332428	-0.4887	0.7631	-1.1449
3247.0	8.440524000000002	-2.166048	10.657584000000002	-0.054105206811824215	-7.735299244838869	-3.2393310917014757	-0.5576	0.7309	-1.0828
3247.9999999999995	8.874126	-1.543113	10.236735000000001	-0.32114058236695664	-7.569492965899407	-2.9443704481144337	-0.6257	0.6965	-1.0146
3249.0	9.688356	-0.897615	9.69228	-0.6422811647339133	-7.408922674715929	-2.5918139392115793	-0.692	0.6599	-0.9385
3250.0	10.814544000000001	-0.476766	9.109566000000001	-1.101302758008422	-6.836454680061789	-2.314306588144481	-0.7535	0.6224	-0.8573
3251.0	11.880891000000002	-0.34138799999999997	8.371854	-1.0943214410004447	-5.736897251305361	-2.1048670779051615	-0.8095	0.5844	-0.7713
3252.0000000000005	12.819708	-0.301167	7.632180000000001	-0.609119908946021	-4.4156830075456535	-1.8448130193580063	-0.8585	0.5469	-0.6786
3253.0	13.648653000000001	-0.614106	7.111269	0.27576202181510406	-2.6773350725593015	-1.3543754995475996	-0.8993	0.5104	-0.5837
3254.0	14.196051	-1.7295030000000002	7.03377	0.9337511498169663	-1.3526301702956054	-0.34732052114687156	-0.9334	0.4764	-0.4931
3254.9999999999995	14.443263	-2.270034	7.123041	1.6493361431346414	1.5166911199830724	1.260127719939906	-0.96	0.4465	-0.4097
3256.0	14.021433	-2.817432	6.993549	2.202605516016844	3.5657076618244155	2.2863813201125716	-0.9802	0.4235	-0.341
3257.0	13.326885	-3.182364	6.775767	2.2427480888127134	4.319689898685966	2.541199390903744	-0.9949	0.4084	-0.2909
3258.0	12.348828	-3.234357	6.470676	1.726130630222392	4.368559117741807	2.5551620249196985	-1.0049	0.4006	-0.2615
3259.0000000000005	11.031345000000002	-3.2274900000000004	6.164604	0.9407324668249436	4.122467693210607	2.542944720155738	-1.0102	0.3999	-0.2516
3260.0	9.581427000000001	-3.1225230000000006	5.845779	0.5497787143782138	4.005530633326987	2.546435378659727	-1.012	0.4061	-0.2608
3261.0	8.528814	-3.016575	5.616225	-0.03490658503988659	3.9392081217512014	2.5516713664157096	-1.0111	0.4195	-0.286
3261.9999999999995	7.7047740000000005	-3.186288	5.475942000000001	-0.17976891295541594	4.148647631990521	2.506292805863857	-1.0073	0.4396	-0.3276
3263.0000000000005	6.686496	-3.215718	5.1522120000000005	0.05585053606381855	4.553564018453206	2.3806290997202657	-1.0009	0.4664	-0.3831
3264.0	5.0835420000000004	-2.27592	4.607757	0.3543018381548489	5.002113636215749	2.230530784048753	-0.9898	0.4975	-0.4493
3265.0	3.665997	-1.7422560000000002	4.021119	0.4537856055185257	5.354670145118603	2.1223203704251046	-0.9742	0.5306	-0.5236
3265.9999999999995	3.3864120000000004	-1.296882	3.6493200000000003	0.21991148575128552	5.586798935633849	2.087413785385218	-0.9545	0.5633	-0.5996
3267.0	3.6297	-1.160523	3.4953030000000003	0.017453292519943295	5.642649471697668	2.0664698343612864	-0.9292	0.5958	-0.6786
3268.0	4.268331	-1.3066920000000002	3.545334	-0.4520402762665313	5.75260521457331	2.0856684561332237	-0.8978	0.6278	-0.7523
3269.0	4.996233	-1.587258	3.665997	-0.8709192967451704	5.803219762881146	2.0525072003453313	-0.8608	0.66	-0.8279
3270.0000000000005	5.653503000000001	-1.866843	3.8209950000000004	-1.1868238913561442	5.789257128865191	1.9634954084936207	-0.8182	0.6917	-0.9004
3271.0	6.165585	-2.0169360000000003	3.936753	-1.4189526818713898	5.764822519337271	1.8081611050661253	-0.7681	0.7225	-0.9701
3272.0	6.585453	-2.007126	4.014252	-1.5585790220309363	5.6705747397295765	1.6091935703387719	-0.7118	0.7532	-1.0396
3272.9999999999995	7.02396	-1.8884250000000002	4.05153	-1.6371188383706812	5.639158813193679	1.5079644737231008	-0.6496	0.7831	-1.1057
3274.0	7.561548000000001	-1.8079830000000001	4.127067	-1.785471824790199	5.609488215909775	1.5132004614790837	-0.5828	0.8132	-1.1676
3275.0	8.154072000000001	-1.80504	4.28697	-1.9163715186897738	5.560618996853934	1.6598081186466074	-0.5118	0.8429	-1.2243
3276.0	8.824095	-1.866843	4.508676	-2.16071761396898	5.501277802286126	1.9338248112097172	-0.4364	0.8735	-1.2759
3277.0000000000005	9.508833000000001	-1.984563	4.766679	-2.483603525587931	5.3599061328745865	2.2218041377887814	-0.3575	0.9045	-1.3173
3278.0	10.175913000000001	-2.200383	5.080599	-2.6563911215353695	5.155702610391249	2.5394540616517496	-0.276	0.9364	-1.3541
3279.0	10.818468000000001	-2.478987	5.4779040000000006	-2.535963403147761	4.869468613064179	2.839650692994774	-0.1923	0.9685	-1.38
3279.9999999999995	11.48751	-2.740914	5.928183	-2.412045026256163	4.738568919164605	2.9949849964222692	-0.1076	1.001	-1.3979
3281.0	12.212469	-2.8704060000000005	6.434379000000001	-2.028072590817411	4.495968153137393	3.3196162372932148	-0.0222	1.0333	-1.4108
3282.0	13.026699	-2.748762	6.92586	-1.7610372152622786	4.352851154473858	3.553490357060455	0.0624	1.0638	-1.4147
3283.0	13.955706000000001	-2.388735	7.3261080000000005	-1.6999506914424771	4.335397861953915	3.6477381366681487	0.1476	1.0929	-1.4195
3284.0000000000005	14.935725	-1.868805	7.554681	-1.6964600329384885	4.302236606166022	3.5552356863124492	0.2324	1.12	-1.4179
3285.0	15.942231000000001	-1.361628	7.512498000000001	-1.4538592669112764	4.075343803406759	3.1485739705977704	0.3176	1.1457	-1.4105
3286.0	16.899687	-1.0408410000000001	7.157376	-1.2095131716320704	3.9112828537192925	2.3474678439323733	0.4015	1.1687	-1.3973
3286.9999999999995	17.789454	-0.7671420000000001	6.495201000000001	-0.5148721293383273	3.394665395128971	1.8622663118779497	0.4869	1.1882	-1.3817
3288.0000000000005	18.64881	-0.288414	5.5387260000000005	-0.048869219055841226	2.769837522915001	0.8848819307611251	0.5654	1.2039	-1.366
3289.0	19.579779000000002	0.5140440000000001	4.33602	-0.18151424220741028	2.1066124071571557	0.15707963267948966	0.638	1.216	-1.3491
3290.0	20.624544	1.406754	2.899836	-0.7190756518216638	1.481784534943186	-0.2897246558310587	0.7035	1.2255	-1.333
3290.9999999999995	21.746808	2.133675	1.240965	-1.0576695267085636	0.7609635538695277	-0.5235987755982988	0.7597	1.2337	-1.3166
3292.0	22.655214	2.4750630000000005	-0.491481	-0.5864306286700948	-0.12217304763960307	-0.5201081170943103	0.8076	1.2406	-1.3025
3293.0	21.840003000000003	1.3243500000000001	-0.927045	1.9617500792416265	-0.6702064327658225	-0.17278759594743864	0.8453	1.2421	-1.2889
3294.0	19.333548	-1.5990300000000002	-0.9339120000000001	4.9968776484597655	-1.5742869852988852	-1.4032447186034411	0.8719	1.2372	-1.2838
3295.0000000000005	15.396795	-2.978316	1.174257	4.9375364538919575	-1.2897983172238097	-0.3769911184307752	0.8884	1.2256	-1.287
3296.0	11.660166000000002	-5.1904710000000005	2.3387040000000003	5.7124626417774405	-2.1275563581810877	0.07330382858376185	0.8946	1.2064	-1.2994
3297.0	7.977492000000001	-5.034492	2.015955	5.08763476956347	-4.51516677490933	-0.46600291028248597	0.8844	1.181	-1.3185
3297.9999999999995	5.60151	-3.888684	2.5054740000000004	3.3231068957972036	-5.1399946471233005	-0.22863813201125716	0.8641	1.1507	-1.3405
3299.0	4.6872180000000006	-3.0391380000000003	4.392918	2.7035150113392166	-4.756022211684548	-0.038397243543875255	0.8356	1.1172	-1.3664
3300.0	4.116276	-1.6009920000000002	6.362766	1.307251609743753	-3.2236231284335264	-0.22514747350726852	0.8018	1.0817	-1.3952
3301.0	2.497626	-0.198162	8.315937	0.19373154697137057	-2.6773350725593015	-1.0873401239924672	0.7642	1.044	-1.4244
3302.0000000000005	0.5729040000000001	0.9231210000000001	10.225944	-0.6754424205218056	-2.7087509990951992	-1.0122909661567112	0.7228	1.0071	-1.4537
3303.0	0.278604	1.666719	10.823373	-0.6859143960337715	-2.644173816771409	-0.38048177693476387	0.6792	0.9751	-1.4781
3304.0	1.5293790000000003	3.230433	11.008782000000002	-0.15184364492350666	-2.516764781375823	-0.041887902047863905	0.6355	0.9484	-1.4979
3304.9999999999995	4.474341	2.987145	9.834525	0.8237954069413236	-1.436405974391333	-0.9040805525330626	0.5896	0.9267	-1.5127
3306.0	8.482707000000001	5.476923	9.110547	0.19373154697137057	-0.2879793265790644	-0.0645771823237902	0.5462	0.9114	-1.5226
3307.0	10.272051	4.893228000000001	10.023858	0.22514747350726852	-0.6178465552059926	-0.4782202150464463	0.5079	0.9022	-1.5284
3308.0	11.102958	3.0587580000000005	10.703691000000001	0.30019663134302466	-0.6283185307179586	-0.4293509959906051	0.4752	0.8979	-1.5306
3309.0000000000005	10.446669	1.655928	10.027782	0.2059488517353309	-0.4852015320544236	-0.3420845333908886	0.4487	0.8964	-1.531
3310.0	9.253773	-0.394362	9.429372	0.14835298641951802	-0.3769911184307752	-0.32114058236695664	0.4255	0.8958	-1.53
3311.0	8.76033	-2.512341	9.01539	0.20943951023931956	-0.26878070480712674	-0.3246312408709453	0.4065	0.8953	-1.5292
3311.9999999999995	8.675964	-3.9838410000000004	8.725014	0.2059488517353309	-0.2530727415391778	-0.32986722862692824	0.3901	0.8935	-1.5291
3313.0000000000005	8.465049	-3.7140660000000003	8.539605000000002	0.18151424220741028	-0.2303834612632515	-0.28623399732707	0.3777	0.8904	-1.5279
3314.0	8.203122	-2.5545240000000002	8.467992	0.07679448708775051	-0.1466076571675237	-0.20420352248333654	0.3683	0.8866	-1.5245
3315.0	7.630218000000001	-1.193877	7.8421140000000005	0.013962634015954637	-0.13788101090755203	-0.10122909661567112	0.362	0.8841	-1.5193
3315.9999999999995	5.760432000000001	-1.6117830000000002	7.9794540000000005	-0.09948376736367678	-0.08377580409572781	0.005235987755982988	0.3558	0.8819	-1.5119
3317.0	6.045903	-1.3371030000000002	8.232552	-0.16929693744344995	-0.06283185307179587	0.09075712110370514	0.3512	0.8798	-1.5039
3318.0	5.995872	-0.973152	8.149167	-0.20420352248333654	-0.06981317007977318	0.13788101090755203	0.3478	0.8782	-1.4974
3319.0	5.8693230000000005	-1.047708	8.157996	-0.21467549799530256	-0.05759586531581287	0.14486232791552936	0.3441	0.8774	-1.4934
3320.0000000000005	5.73885	-1.143846	8.178597	-0.2129301687433082	-0.0471238898038469	0.14486232791552936	0.3415	0.8769	-1.4902
3321.0	5.751603000000001	-1.076157	8.165844	-0.20420352248333654	-0.041887902047863905	0.15358897417550102	0.3393	0.8772	-1.4899
3322.0	5.682933	-1.19682	8.134452000000001	-0.16929693744344995	-0.038397243543875255	0.1291543646475804	0.3378	0.8783	-1.4906
3322.9999999999995	5.598567	-1.392039	8.076573000000002	-0.14835298641951802	-0.029670597283903602	0.12042771838760874	0.3369	0.8797	-1.4924
3324.0	5.541669	-1.6382700000000001	8.022618	-0.1413716694115407	-0.03490658503988659	0.10122909661567112	0.3355	0.8819	-1.4963
3325.0	5.459265	-1.8462420000000002	7.967682000000001	-0.1413716694115407	-0.03490658503988659	0.10122909661567112	0.3349	0.8836	-1.5021
3326.0	5.418063	-2.0169360000000003	7.9156889999999995	-0.10995574287564276	-0.059341194567807204	0.0715584993317675	0.3351	0.8852	-1.5095
3327.0000000000005	5.415120000000001	-2.1287700000000003	7.886259	-0.11868238913561441	-0.054105206811824215	0.06806784082777885	0.3349	0.8874	-1.5174
3328.0	5.4092340000000005	-2.1974400000000003	7.863696	-0.12740903539558607	-0.04537856055185257	0.0715584993317675	0.3355	0.8893	-1.5236
3329.0	5.411196	-2.21706	7.855848	-0.1117010721276371	-0.04363323129985824	0.07679448708775051	0.336	0.891	-1.5251
3329.9999999999995	5.407272000000001	-2.221965	7.841133	-0.1117010721276371	-0.041887902047863905	0.054105206811824215	0.3355	0.893	-1.5238
3331.0	5.405310000000001	-2.196459	7.848981000000001	-0.09250245035569947	-0.038397243543875255	0.059341194567807204	0.335	0.8954	-1.5177
3332.0	5.404329	-2.1846870000000003	7.844076	-0.09948376736367678	-0.04537856055185257	0.038397243543875255	0.3346	0.8972	-1.5095
3333.0	5.411196	-2.18763	7.8421140000000005	-0.06981317007977318	-0.05759586531581287	0.022689280275926284	0.3338	0.8986	-1.5017
3334.0000000000005	5.433758999999999	-2.20725	7.825437	-0.0715584993317675	-0.03316125578789226	0.010471975511965976	0.3338	0.8994	-1.4952
3335.0	5.4573030000000005	-2.2278510000000002	7.809741000000001	-0.027925268031909273	-0.05759586531581287	-0.012217304763960306	0.3334	0.9007	-1.4911
3336.0	5.459265	-2.2621860000000003	7.803855	-0.020943951023931952	-0.054105206811824215	-0.019198621771937627	0.3324	0.9016	-1.4886
3336.9999999999995	5.469075	-2.302407	7.792083000000001	0.005235987755982988	-0.038397243543875255	-0.048869219055841226	0.3309	0.9026	-1.4878
3338.0000000000005	5.472018	-2.316141	7.785216	0.008726646259971648	-0.041887902047863905	-0.054105206811824215	0.3292	0.9036	-1.4879
3339.0	5.472018	-2.3092740000000003	7.789140000000001	0.017453292519943295	-0.03490658503988659	-0.05061454830783556	0.3269	0.9044	-1.4912
3340.0	5.482809	-2.298483	7.788159000000001	0.017453292519943295	-0.03316125578789226	-0.04363323129985824	0.3252	0.9045	-1.496
3340.9999999999995	5.4955620000000005	-2.288673	7.777368	0.029670597283903602	-0.013962634015954637	-0.05061454830783556	0.3236	0.9041	-1.5026
3342.0	5.514201000000001	-2.247471	7.786197	0.0471238898038469	-0.013962634015954637	-0.04537856055185257	0.3226	0.9031	-1.5102
3343.0	5.529897	-2.1925350000000003	7.794045000000001	0.026179938779914945	-0.006981317007977318	-0.03665191429188092	0.3213	0.9027	-1.519
3344.0	5.537745	-2.142504	7.80876	0.024434609527920613	-0.013962634015954637	-0.013962634015954637	0.3201	0.9023	-1.5262
3345.0000000000005	5.544612000000001	-2.092473	7.818570000000001	0.017453292519943295	-0.015707963267948967	-0.012217304763960306	0.3187	0.9021	-1.5267
3346.0	5.554422000000001	-2.0601	7.820532000000001	0.012217304763960306	-0.020943951023931952	-0.026179938779914945	0.3178	0.9021	-1.5322
3347.0	5.554422000000001	-2.03067	7.8293610000000005	-0.0	-0.017453292519943295	-0.008726646259971648	0.3177	0.9018	-1.5326
3347.9999999999995	5.553441000000001	-2.0041830000000003	7.840152000000001	0.005235987755982988	-0.03316125578789226	-0.003490658503988659	0.3174	0.9007	-1.5332
3349.0	5.556384	-1.982601	7.846038	-0.003490658503988659	-0.013962634015954637	0.003490658503988659	0.3176	0.9001	-1.5349
3350.0	5.554422000000001	-1.967886	7.852905000000001	0.0017453292519943296	-0.017453292519943295	0.008726646259971648	0.3179	0.8998	-1.5337
3351.0	5.55246	-1.967886	7.850943000000001	-0.0017453292519943296	-0.003490658503988659	0.013962634015954637	0.318	0.8996	-1.5342
3352.0000000000005	5.544612000000001	-1.9884870000000001	7.8421140000000005	0.005235987755982988	-0.026179938779914945	0.0	0.3185	0.8998	-1.5344
3353.0	5.5338210000000005	-2.0120310000000003	7.831323	0.013962634015954637	-0.013962634015954637	-0.003490658503988659	0.3182	0.8994	-1.5332
3354.0	5.532839999999999	-2.023803	7.8244560000000005	0.010471975511965976	-0.015707963267948967	-0.006981317007977318	0.3181	0.8997	-1.5322
3354.9999999999995	5.527935	-2.0296890000000003	7.827399000000001	0.005235987755982988	-0.024434609527920613	-0.003490658503988659	0.3183	0.8993	-1.5356
3356.0	5.522049	-2.0336130000000003	7.833285	-0.0017453292519943296	-0.024434609527920613	0.0	0.3172	0.899	-1.5325
3357.0	5.514201000000001	-2.031651	7.830342000000001	0.017453292519943295	-0.04537856055185257	-0.005235987755982988	0.3157	0.8985	-1.5327
3358.0	5.506353000000001	-2.0512710000000003	7.825437	0.005235987755982988	-0.0471238898038469	-0.013962634015954637	0.3145	0.8983	-1.5322
3359.0000000000005	5.497524	-2.073834	7.80876	0.022689280275926284	-0.05759586531581287	-0.027925268031909273	0.3135	0.8979	-1.5311
3360.0	5.490657	-2.102283	7.794045000000001	0.029670597283903602	-0.059341194567807204	-0.029670597283903602	0.3126	0.8976	-1.5327
3361.0	5.472018	-2.1287700000000003	7.790121000000001	0.06632251157578452	-0.06981317007977318	-0.059341194567807204	0.3118	0.8972	-1.5347
3361.9999999999995	5.469075	-2.160162	7.7734440000000005	0.07853981633974483	-0.06283185307179587	-0.07504915783575616	0.3111	0.8967	-1.5338
3363.0000000000005	5.475942000000001	-2.1719340000000003	7.7685390000000005	0.10471975511965978	-0.07330382858376185	-0.07853981633974483	0.3103	0.8962	-1.5323
3364.0	5.472018	-2.1807630000000002	7.769520000000001	0.10995574287564276	-0.07853981633974483	-0.07504915783575616	0.3091	0.895	-1.5335
3365.0	5.482809	-2.1758580000000003	7.7734440000000005	0.10471975511965978	-0.07504915783575616	-0.07504915783575616	0.3083	0.8937	-1.5336
3365.9999999999995	5.485752000000001	-2.172915	7.7685390000000005	0.09948376736367678	-0.07330382858376185	-0.07853981633974483	0.3077	0.8923	-1.5332
3367.0	5.497524	-2.172915	7.762653	0.09773843811168245	-0.06632251157578452	-0.08028514559173916	0.3075	0.8913	-1.5324
3368.0	5.507334	-2.1758580000000003	7.752843	0.08552113334772216	-0.06283185307179587	-0.10122909661567112	0.3067	0.8898	-1.5316
3369.0	5.517144	-2.172915	7.757748	0.09773843811168245	-0.06283185307179587	-0.11519173063162574	0.3056	0.888	-1.5298
3370.0000000000005	5.532839999999999	-2.1503520000000003	7.754805	0.09250245035569947	-0.05585053606381855	-0.12566370614359174	0.3043	0.886	-1.528
3371.0	5.5612889999999995	-2.1287700000000003	7.757748	0.09599310885968812	-0.0645771823237902	-0.12391837689159739	0.303	0.8836	-1.5246
3372.0	5.582871000000001	-2.057157	7.770501	0.08726646259971647	-0.05061454830783556	-0.12740903539558607	0.3006	0.8817	-1.5254
3372.9999999999995	5.6024910000000006	-2.0120310000000003	7.771482000000001	0.08377580409572781	-0.06283185307179587	-0.12566370614359174	0.2994	0.88	-1.5266
3374.0	5.62113	-1.9747530000000002	7.7685390000000005	0.07504915783575616	-0.04537856055185257	-0.13439035240356337	0.2979	0.878	-1.5256
3375.0	5.633883000000001	-1.967886	7.7557860000000005	0.07853981633974483	-0.041887902047863905	-0.13439035240356337	0.2962	0.8763	-1.5253
3376.0	5.655465	-1.973772	7.736166	0.10821041362364843	-0.04537856055185257	-0.15533430342749532	0.2947	0.8744	-1.5255
3377.0000000000005	5.671161	-1.9894680000000002	7.723413000000001	0.11344640137963143	-0.029670597283903602	-0.16406094968746698	0.293	0.8726	-1.5262
3378.0	5.697648	-1.983582	7.693002000000001	0.1361356816555577	-0.006981317007977318	-0.17453292519943295	0.2917	0.8707	-1.527
3379.0	5.716287	-1.950228	7.693983	0.1413716694115407	0.010471975511965976	-0.16057029118347832	0.2899	0.8687	-1.5276
3379.9999999999995	5.734926000000001	-1.8629190000000002	7.714584	0.11519173063162574	-0.013962634015954637	-0.13962634015954636	0.2888	0.8669	-1.5283
3381.0	5.741793	-1.7628570000000001	7.74009	0.054105206811824215	-0.010471975511965976	-0.11519173063162574	0.2875	0.8653	-1.5289
3382.0	5.745717	-1.721655	7.763634000000001	0.06283185307179587	-0.04363323129985824	-0.10122909661567112	0.2861	0.8634	-1.529
3383.0	5.72904	-1.6657380000000002	7.780311000000001	-0.015707963267948967	-0.061086523819801536	-0.07853981633974483	0.2847	0.8622	-1.5292
3384.0000000000005	5.707458	-1.602954	7.855848	-0.005235987755982988	-0.029670597283903602	-0.06806784082777885	0.2837	0.8611	-1.5294
3385.0	5.721192000000001	-1.5489990000000002	7.841133	-0.08203047484373349	-0.0890117918517108	-0.06981317007977318	0.2827	0.8598	-1.5294
3386.0	5.70942	-1.494063	7.835247	-0.08203047484373349	-0.10821041362364843	-0.05235987755982989	0.2819	0.8594	-1.5298
3386.9999999999995	5.690780999999999	-1.4302980000000003	7.8980310000000005	-0.143116998663535	-0.1413716694115407	-0.08203047484373349	0.2804	0.8582	-1.5291
3388.0000000000005	5.688819	-1.4008680000000002	7.924518	-0.06632251157578452	-0.1413716694115407	-0.04537856055185257	0.2791	0.8584	-1.5291
3389.0	5.700591	-1.41264	7.919613000000001	-0.06632251157578452	-0.19024088846738194	-0.05585053606381855	0.2785	0.8589	-1.5281
3390.0	5.684895	-1.474443	7.927461000000001	-0.031415926535897934	-0.1884955592153876	-0.054105206811824215	0.2775	0.8588	-1.526
3390.9999999999995	5.678028	-1.51074	7.935309	-0.003490658503988659	-0.158824961931484	-0.07679448708775051	0.2759	0.8594	-1.5212
3392.0	5.6603699999999995	-1.543113	7.954929	-0.05585053606381855	-0.20245819323134223	-0.05759586531581287	0.2739	0.8595	-1.5159
3393.0	5.694705000000001	-1.591182	7.942176	-0.03665191429188092	-0.24434609527920614	-0.0645771823237902	0.2714	0.8601	-1.5075
3394.0	5.749641	-1.6058970000000001	7.864677	-0.026179938779914945	-0.2617993877991494	-0.06981317007977318	0.2685	0.8599	-1.4996
3395.0000000000005	5.732964000000001	-1.655928	7.899993	-0.038397243543875255	-0.25132741228718347	-0.05759586531581287	0.265	0.8599	-1.4938
3396.0	5.754546	-1.649061	7.943157	-0.031415926535897934	-0.32986722862692824	-0.06981317007977318	0.2611	0.8597	-1.4892
3397.0	5.769261	-1.645137	7.931385000000001	-0.041887902047863905	-0.6527531402458793	-0.05759586531581287	0.2574	0.8602	-1.4872
3397.9999999999995	5.756508	-1.603935	7.9794540000000005	-0.08726646259971647	-0.4188790204786391	-0.054105206811824215	0.2528	0.8601	-1.4864
3399.0	5.766318	-1.572543	7.974549	-0.09599310885968812	-0.44505895925855404	-0.04537856055185257	0.248	0.8601	-1.487
3400.0	5.7879	-1.543113	7.973568	-0.10821041362364843	-0.47123889803846897	-0.04537856055185257	0.2422	0.8608	-1.4891
3401.0	5.830083000000001	-1.5342840000000002	7.957872000000001	-0.16057029118347832	-0.5113814708343386	-0.061086523819801536	0.2359	0.8615	-1.4934
3402.0000000000005	5.842836	-1.5136830000000001	7.958853	-0.158824961931484	-0.5480333851262195	-0.05235987755982989	0.2307	0.8632	-1.4984
3403.0	5.847741	-1.5028920000000001	7.968663	-0.21118483949131386	-0.6318091892219474	-0.0645771823237902	0.2251	0.8641	-1.506
3404.0	5.8438170000000005	-1.527417	7.993188	-0.21467549799530256	-0.6824237375297829	-0.06632251157578452	0.2195	0.8663	-1.5128
3404.9999999999995	5.878152	-1.496025	7.986321000000001	-0.2617993877991494	-0.7487462491055673	-0.07504915783575616	0.2129	0.8678	-1.516
3406.0	5.900715000000001	-1.5156450000000001	7.982397000000001	-0.2722713633111154	-0.8203047484373349	-0.08726646259971647	0.2054	0.8704	-1.5156
3407.0	5.940936000000001	-1.538208	7.956891000000001	-0.2897246558310587	-0.8674286382411819	-0.09075712110370514	0.1972	0.8725	-1.5112
3408.0	5.977233	-1.587258	7.934328	-0.2844886680750757	-0.9704030641088472	-0.1117010721276371	0.1878	0.8752	-1.5032
3409.0000000000005	6.000777	-1.6206120000000002	7.951986000000001	-0.26005405854715513	-1.0576695267085636	-0.13264502315156904	0.1782	0.8783	-1.4921
3410.0	6.031188	-1.674567	7.934328	-0.2722713633111154	-1.1571532940722404	-0.17278759594743864	0.167	0.8813	-1.4812
3411.0	6.028245000000001	-1.7569710000000003	7.942176	-0.27401669256310973	-1.2322024519079966	-0.1954768762233649	0.1558	0.8842	-1.4722
3411.9999999999995	6.074352	-1.825641	7.950024000000001	-0.21991148575128552	-1.3857914260834978	-0.2303834612632515	0.1428	0.8873	-1.4639
3413.0000000000005	6.073371	-1.8952920000000002	8.025561000000001	-0.14835298641951802	-1.577777643802874	-0.27401669256310973	0.1287	0.8898	-1.4573
3414.0	6.055713	-2.088549	8.135433	-0.06283185307179587	-1.8413223608540177	-0.36477381366681483	0.1115	0.8921	-1.4517
3415.0	6.030207000000001	-2.30535	8.241381	0.1308996938995747	-2.1537362969610028	-0.5201081170943103	0.093	0.8943	-1.4477
3415.9999999999995	6.007644000000001	-2.5643340000000006	8.316918000000001	0.21991148575128552	-2.4713862208239705	-0.7330382858376184	0.0729	0.8955	-1.4448
3417.0	5.977233	-2.8458810000000003	8.429733	0.30019663134302466	-2.602285914723545	-0.8534660042252271	0.0498	0.8962	-1.4429
3418.0	5.956632	-3.067587	8.512137000000001	0.36477381366681483	-2.9181905093345186	-1.1362093430483085	0.0245	0.8952	-1.4404
3419.0	5.90562	-3.2569200000000005	8.643591	0.4415683007545654	-3.2934362985132997	-1.4346606451393389	-0.0052	0.8925	-1.4395
3420.0000000000005	5.840874	-3.3599250000000005	8.807418	0.4572762640225143	-3.69660735572399	-1.7086773377024487	-0.0372	0.8882	-1.4376
3421.0	5.749641	-3.408975	8.992827	0.4485496177625427	-4.178318229274425	-1.9634954084936207	-0.0729	0.8815	-1.4296
3422.0	5.61132	-3.436443	9.204723000000001	0.38746309394274114	-4.78918346747244	-2.155481626212997	-0.1136	0.872	-1.4209
3422.9999999999995	5.517144	-3.3452100000000002	9.395037	0.13962634015954636	-5.555383009097951	-2.26543736908864	-0.158	0.8613	-1.404
3424.0	5.540688	-3.110751	9.588294000000001	-0.12391837689159739	-5.981243346584567	-2.2776546738526	-0.2061	0.8484	-1.3818
3425.0	6.005682	-2.878254	9.808038000000002	-0.6230825429619757	-6.817256058289852	-2.209586833024821	-0.2591	0.8346	-1.35
3426.0	6.8022540000000005	-2.7311039999999998	9.992466	-0.8779006137531478	-7.253588371288434	-2.1868975527488947	-0.3165	0.8185	-1.3116
3427.0000000000005	7.720470000000001	-2.653605	10.082718000000002	-0.8429940287132611	-7.473499857039719	-2.452187599052033	-0.3776	0.8017	-1.2667
3428.0	8.409132	-2.6016120000000003	10.110186	-0.5061454830783556	-7.52236907609556	-2.6720990848033184	-0.441	0.7839	-1.215
3429.0	8.951625	-2.39364	10.022877000000001	-0.4904375198104066	-7.463027881527753	-2.68082573106329	-0.5061	0.7647	-1.1545
3429.9999999999995	9.390132000000001	-2.203326	9.808038000000002	-0.5637413483941683	-7.428121296487867	-2.6371924997634317	-0.5721	0.7441	-1.0847
3431.0	9.982656	-2.1670290000000003	9.399942000000001	-0.6178465552059926	-7.3548174679041045	-2.62846585350346	-0.6374	0.7218	-1.0096
3432.0	10.880271	-2.357343	8.817228	-0.4066617157146788	-6.84518132632176	-2.780309498426967	-0.6998	0.6983	-0.9236
3433.0	11.840670000000001	-2.9057220000000004	8.2404	0.34732052114687156	-5.8224183846530835	-2.937389131106457	-0.7591	0.673	-0.8343
3434.0000000000005	12.595059000000001	-3.5286570000000004	7.5370230000000005	1.387536755335492	-4.609414554517024	-2.872811948782666	-0.8133	0.6455	-0.7432
3435.0	13.29255	-3.557106	6.696306	2.1275563581810877	-2.7157323161031766	-2.4713862208239705	-0.8609	0.6144	-0.659
3436.0	14.043996	-3.4550820000000004	6.693363000000001	1.9163715186897738	0.9337511498169663	-0.291469985083053	-0.9012	0.5827	-0.5805
3436.9999999999995	14.674779000000001	-3.2559389999999997	6.755166	1.9163715186897738	0.9337511498169663	-0.291469985083053	-0.9336	0.5523	-0.5099
3438.0000000000005	14.055768000000002	-3.788622	6.9091830000000005	1.6824973989225338	5.077162794051504	1.8360863730980348	-0.9586	0.5256	-0.4528
3439.0	12.757905000000001	-4.398804	6.7718430000000005	1.911135530933791	5.276130328778859	2.0053833105414847	-0.9757	0.5046	-0.4173
3440.0	11.290329000000002	-4.639149	6.4716569999999995	1.6824973989225338	4.667010419832836	1.8971728969178363	-0.9833	0.4916	-0.4057
3440.9999999999995	9.899271000000002	-4.514562000000001	6.205806000000001	1.0262536001726656	4.118977034706618	1.9024088846738192	-0.9835	0.4849	-0.4085
3442.0	8.239419	-4.189851	6.061599	1.0262536001726656	4.118977034706618	1.9024088846738192	-0.9803	0.4814	-0.4219
3443.0	7.153452	-3.773907	6.044922	0.38222710618675815	4.255112716362175	1.8849555921538759	-0.9682	0.4862	-0.4572
3444.0	6.289191000000001	-3.4266330000000003	6.205806000000001	0.27576202181510406	4.742059577668593	1.8256143975860686	-0.9511	0.4967	-0.5056
3445.0000000000005	5.124744	-3.66894	6.543270000000001	0.26354471705114374	5.288347633542818	1.7662732030182615	-0.9275	0.5147	-0.5642
3446.0	3.6630540000000003	-3.83571	6.09201	0.12217304763960307	5.843362335677016	1.7435839227423353	-0.8993	0.5379	-0.632
3447.0	2.264148	-3.9161520000000003	5.582871000000001	-0.16929693744344995	6.318091892219473	1.7837264955382048	-0.8644	0.5633	-0.7063
3447.9999999999995	2.3524380000000003	-3.2333760000000002	4.999176000000001	-0.5427973973702365	6.637487145334435	1.8640116411299439	-0.8249	0.5891	-0.7832
3449.0	3.2520150000000005	-2.6388900000000004	4.740192	-0.8307767239493009	6.717772290926174	1.9163715186897738	-0.7787	0.615	-0.8541
3450.0	4.446873	-2.490759	4.7176290000000005	-0.9337511498169663	6.710790973918197	1.9216075064457567	-0.7301	0.6382	-0.9177
3451.0	5.480847	-2.6006310000000004	4.814748000000001	-1.0454522219446034	6.586872597026599	1.848303677861995	-0.6758	0.6618	-0.981
3452.0000000000005	6.572700000000001	-2.7036360000000004	4.937373	-1.1205013797803596	6.387905062299246	1.684242728174528	-0.6143	0.6877	-1.0495
3453.0	7.133832	-2.616327	4.920696	-1.293288975727798	6.215117466351808	1.4695672301792255	-0.5514	0.7108	-1.1103
3454.0	7.746957	-2.4122790000000003	4.798071	-1.5341444125030157	6.049311187412346	1.2636183784438948	-0.4832	0.7357	-1.1675
3454.9999999999995	8.413056000000001	-2.245509	4.634244	-1.6912240451825054	5.846852994181004	1.1623892818282233	-0.4135	0.7602	-1.2194
3456.0	9.042858	-2.241585	4.507695	-1.6999506914424771	5.7124626417774405	1.5027284859671177	-0.3417	0.7852	-1.2667
3457.0	9.6138	-2.4250320000000003	4.470417	-1.673770752662562	5.410520681182422	1.3177235852557188	-0.2686	0.8104	-1.3088
3458.0	10.179837000000001	-2.691864	4.57146	-1.5725416560468908	5.075417464799511	1.656317460142619	-0.1947	0.836	-1.3458
3459.0000000000005	10.762551	-2.9940120000000006	4.795128	-1.4416419621473162	4.733332931408621	2.0943951023931953	-0.1213	0.8616	-1.3768
3460.0	11.39922	-3.195117	5.132592	-1.4276793281313616	4.4418629463255686	2.6127578902355113	-0.0477	0.8868	-1.4024
3461.0	12.074148	-3.2628060000000003	5.5259730000000005	-1.494001839707146	4.207988826558329	3.12413936106985	0.026	0.9116	-1.4232
3461.9999999999995	12.776544000000001	-3.235338	5.898753	-1.5847589608108512	3.9933133285630262	3.52731041828054	0.0991	0.9363	-1.439
3463.0000000000005	13.438718999999999	-3.1637250000000003	6.22935	-1.5882496193148399	3.897320219703338	3.649483465920143	0.173	0.961	-1.4495
3464.0	14.212728000000002	-3.053853	6.512859000000001	-1.457349925415265	3.7367499285198593	3.680899392456041	0.2462	0.984	-1.4567
3465.0	15.06816	-2.688921	6.648237	-1.2234758056480248	3.637266161156183	3.478441199224699	0.3204	1.0064	-1.4608
3465.9999999999995	15.955965	-2.224908	6.543270000000001	-0.8813912722571364	3.5342917352885173	3.043854215478111	0.3953	1.0268	-1.4609
3467.0	16.803549	-1.591182	6.14106	-0.5113814708343386	3.3964107243809654	2.2933626371205493	0.4687	1.0451	-1.4556
3468.0	17.548128000000002	-0.828945	5.414139	-0.2897246558310587	3.045599544730105	1.3247049022636963	0.541	1.0605	-1.446
3469.0	18.234828	0.11772	4.426272	-0.27401669256310973	2.7942721324429214	0.3438298626428829	0.6106	1.0733	-1.4329
3470.0000000000005	18.91368	1.1134350000000002	3.253977	-0.5934119456780721	2.2165681500327987	-0.061086523819801536	0.6761	1.0841	-1.4158
3471.0	19.653354	1.907064	1.983582	-1.117010721276371	1.5882496193148399	-0.62482787221397	0.7337	1.0943	-1.3971
3472.0	20.395971	2.465253	0.7288830000000001	-1.4119713648634127	0.9930923443847735	-0.9267698328089891	0.7863	1.1041	-1.3783
3472.9999999999995	21.017925	2.842938	-0.46107000000000004	-1.2409290981679681	0.32986722862692824	-1.0122909661567112	0.8299	1.114	-1.3617
3474.0	21.207258	3.075435	-1.5588090000000001	-0.6614797865058508	-0.43982297150257105	-0.9494591130849153	0.8654	1.1236	-1.3465
3475.0	19.842687	2.062062	-1.4577660000000001	1.2199851471440364	-0.9564404300928926	-0.7173303225696694	0.891	1.1326	-1.3347
3476.0	17.297973000000002	-0.5375880000000001	-0.7975530000000001	4.029965242854907	-1.8936822384138476	-0.7155849933176751	0.9069	1.1379	-1.3304
3477.0000000000005	13.243500000000001	-2.186649	1.71675	5.288347633542818	-1.4346606451393389	-1.9687313962496036	0.9125	1.1374	-1.3344
3478.0	9.946359000000001	-4.014252	3.264768	5.541420375081996	-1.5481070465189704	-1.1030480872604163	0.9096	1.1314	-1.3454
3479.0	5.593662000000001	-3.3324570000000002	3.3314760000000003	5.462880558742252	-2.516764781375823	-0.921533845053006	0.8988	1.1187	-1.3643
3479.9999999999995	2.335761	-2.478006	3.893589	3.351032163829113	-6.154030942532007	-1.0035643198967394	0.8785	1.0999	-1.3908
3481.0	1.868805	-1.466595	5.262084	2.071705822117269	-6.625269840570476	-1.2828170002158321	0.8477	1.0768	-1.4222
3482.0	2.00124	-0.08142300000000001	7.222122	1.6493361431346414	-5.677556056737554	-1.2217304763960306	0.8071	1.0494	-1.4546
3483.0	1.652004	1.022202	8.998713	0.3961897402027128	-4.162610266006476	-1.1135200627723822	0.7609	1.0192	-1.485
3484.0000000000005	2.788983	0.305091	10.784133	0.19373154697137057	-4.134684997974567	-1.3334315485236679	0.7088	0.9878	-1.5125
3485.0	1.993392	0.6513840000000001	11.079414	-0.3892084231947355	1.218239817892042	0.582939970166106	0.6585	0.9558	-1.5356
3486.0	2.9312280000000004	2.753667	10.449612	0.598647933434055	-1.1990411961201044	-0.767944870877505	0.61	0.9263	-1.5514
3486.9999999999995	6.053751	4.7088	8.919252	0.07504915783575616	0.2007128639793479	-0.12566370614359174	0.5642	0.9015	-1.5618
3488.0000000000005	7.401645	6.361785	8.39736	0.015707963267948967	-0.30717794835100204	-0.23736477827122882	0.5209	0.8826	-1.5693
3489.0	10.406448000000001	5.070789	9.526491	-0.0	-0.3089232776029963	-0.19896753472735357	0.481	0.8701	-1.5747
3490.0	12.0663	3.087207	10.174932	0.026179938779914945	-0.25132741228718347	-0.2007128639793479	0.4478	0.8632	-1.5777
3490.9999999999995	10.994067000000001	0.8318880000000001	9.924777	0.26529004630313807	-0.27576202181510406	-0.34033920413889424	0.4228	0.8589	-1.5793
3492.0	9.225324	-1.4302980000000003	9.081117	0.41538836197465046	-0.13264502315156904	-0.4241150082346221	0.4059	0.8567	-1.5816
3493.0	7.900974000000001	-3.0989790000000004	8.498403	0.4537856055185257	-0.09599310885968812	-0.4590215932745087	0.3948	0.8539	-1.5855
3494.0	5.2767990000000005	-2.7046170000000003	7.882335	0.4241150082346221	-0.07504915783575616	-0.4310963252425994	0.3901	0.8513	-1.5915
3495.0000000000005	5.927202	-2.181744	7.709679	0.41538836197465046	-0.038397243543875255	-0.3700098014227979	0.385	0.8473	-1.5983
3496.0	5.931126000000001	-1.772667	8.138376000000001	0.33335788713091696	-0.013962634015954637	-0.3490658503988659	0.3803	0.843	-1.6056
3497.0	5.290533	-2.125827	7.881354000000001	0.24434609527920614	0.04363323129985824	-0.26878070480712674	0.377	0.8395	-1.6149
3497.9999999999995	5.740812000000001	-2.131713	7.859772	0.16929693744344995	0.04014257279586958	-0.16057029118347832	0.3737	0.8357	-1.6201
3499.0	5.659389	-1.868805	7.852905000000001	0.16929693744344995	0.04014257279586958	-0.16057029118347832	0.3706	0.8318	-1.6229
3500.0	5.785938	-1.3684950000000002	7.905879	0.012217304763960306	0.0	-0.061086523819801536	0.3674	0.8274	-1.628
3501.0	5.7064770000000005	-0.7082820000000001	8.068725	0.019198621771937627	-0.019198621771937627	-0.024434609527920613	0.3658	0.8232	-1.6287
3502.0000000000005	5.651541	-0.29135700000000003	8.199198	0.015707963267948967	-0.027925268031909273	-0.017453292519943295	0.3644	0.8194	-1.6279
3503.0	5.655465	-0.142245	8.211951	0.0017453292519943296	0.0	-0.03316125578789226	0.3636	0.8167	-1.6275
3504.0	5.635845000000001	-0.125568	8.206065	0.03490658503988659	0.003490658503988659	-0.0471238898038469	0.3631	0.8142	-1.6297
3504.9999999999995	5.612301	-0.256041	8.184483	0.05061454830783556	0.020943951023931952	-0.041887902047863905	0.3628	0.8122	-1.6295
3506.0	5.599548	-0.46107000000000004	8.131509	0.08377580409572781	0.04014257279586958	-0.0645771823237902	0.3624	0.8109	-1.6311
3507.0	5.580909	-0.744579	8.091288	0.0942477796076938	0.054105206811824215	-0.06981317007977318	0.3613	0.8095	-1.6318
3508.0	5.592681000000001	-0.960399	8.030466	0.09773843811168245	0.061086523819801536	-0.07504915783575616	0.3611	0.8083	-1.6346
3509.0000000000005	5.596605	-1.138941	7.982397000000001	0.09948376736367678	0.054105206811824215	-0.061086523819801536	0.3603	0.8067	-1.6371
3510.0	5.583852	-1.132074	7.962777	0.06632251157578452	0.03665191429188092	-0.048869219055841226	0.3598	0.8064	-1.6356
3511.0	5.577966	-1.0810620000000002	7.970625	0.019198621771937627	0.024434609527920613	-0.024434609527920613	0.3592	0.8056	-1.6375
3511.9999999999995	5.5612889999999995	-1.015335	7.99515	-0.012217304763960306	0.013962634015954637	0.012217304763960306	0.3586	0.8048	-1.6378
3513.0000000000005	5.558346	-0.9339120000000001	8.016732000000001	-0.06283185307179587	-0.006981317007977318	0.04014257279586958	0.3577	0.8044	-1.6405
3514.0	5.550498	-0.8956530000000001	8.027523	-0.05235987755982989	-0.013962634015954637	0.03490658503988659	0.3573	0.8035	-1.6368
3515.0	5.555403	-0.870147	8.033409	-0.05759586531581287	0.003490658503988659	0.024434609527920613	0.3568	0.8034	-1.6378
3515.9999999999995	5.545593	-0.835812	8.052048000000001	-0.017453292519943295	0.012217304763960306	0.017453292519943295	0.3575	0.803	-1.6343
3517.0	5.549517	-0.8328690000000001	8.052048000000001	-0.005235987755982988	0.017453292519943295	0.0	0.359	0.8033	-1.6344
3518.0	5.549517	-0.848565	8.05401	0.020943951023931952	0.031415926535897934	0.0	0.359	0.8033	-1.6333
3519.0	5.550498	-0.886824	8.046162	0.026179938779914945	0.015707963267948967	-0.006981317007977318	0.3598	0.8038	-1.6337
3520.0000000000005	5.559327	-0.950589	8.041257	0.0017453292519943296	0.026179938779914945	-0.006981317007977318	0.3608	0.8034	-1.6332
3521.0	5.5769850000000005	-1.012392	8.028504	0.017453292519943295	0.012217304763960306	-0.0017453292519943296	0.3617	0.804	-1.6326
3522.0	5.593662000000001	-1.0791000000000002	8.012808	-0.0	0.027925268031909273	0.0	0.3624	0.804	-1.6329
3522.9999999999995	5.6024910000000006	-1.092834	8.010846	0.008726646259971648	0.012217304763960306	0.0	0.3634	0.8038	-1.6302
3524.0	5.597586000000001	-1.077138	8.021637	-0.013962634015954637	0.031415926535897934	0.015707963267948967	0.3636	0.8035	-1.6305
3525.0	5.584833000000001	-1.045746	8.038314	-0.008726646259971648	0.003490658503988659	0.012217304763960306	0.3646	0.8033	-1.6295
3526.0	5.5769850000000005	-1.025145	8.046162	-0.017453292519943295	0.015707963267948967	0.013962634015954637	0.3647	0.8032	-1.6324
3527.0000000000005	5.570118	-1.00062	8.057934000000001	-0.026179938779914945	0.017453292519943295	0.022689280275926284	0.364	0.8025	-1.6309
3528.0	5.558346	-0.981981	8.056953	-0.006981317007977318	0.015707963267948967	0.015707963267948967	0.3643	0.8026	-1.6313
3529.0	5.554422000000001	-0.9810000000000001	8.057934000000001	-0.012217304763960306	0.03316125578789226	0.017453292519943295	0.3643	0.8024	-1.6301
3529.9999999999995	5.549517	-0.9810000000000001	8.055972	-0.0	0.020943951023931952	0.012217304763960306	0.3641	0.8033	-1.6299
3531.0	5.541669	-0.991791	8.052048000000001	0.005235987755982988	0.013962634015954637	0.012217304763960306	0.3639	0.8029	-1.6294
3532.0	5.535783	-0.9937530000000001	8.047143	-0.013962634015954637	0.024434609527920613	0.017453292519943295	0.3645	0.8032	-1.6292
3533.0	5.537745	-1.018278	8.035371000000001	0.008726646259971648	0.022689280275926284	0.015707963267948967	0.3643	0.8033	-1.6291
3534.0000000000005	5.541669	-1.0428030000000001	8.023599	-0.0017453292519943296	0.031415926535897934	0.012217304763960306	0.3649	0.8032	-1.629
3535.0	5.543631	-1.060461	8.01477	0.008726646259971648	0.022689280275926284	0.012217304763960306	0.365	0.8035	-1.6294
3536.0	5.534802000000001	-1.061442	8.018694	0.012217304763960306	0.03316125578789226	0.012217304763960306	0.3645	0.8033	-1.6294
3536.9999999999995	5.530878	-1.0663470000000002	8.01477	0.020943951023931952	0.029670597283903602	0.008726646259971648	0.3652	0.8034	-1.63
3538.0000000000005	5.527935	-1.065366	8.01477	0.024434609527920613	0.03665191429188092	0.006981317007977318	0.3652	0.8037	-1.6303
3539.0	5.523029999999999	-1.0751760000000001	8.010846	0.031415926535897934	0.04537856055185257	0.013962634015954637	0.3659	0.8038	-1.6308
3540.0	5.510277	-1.0859670000000001	8.006922000000001	0.059341194567807204	0.03665191429188092	0.010471975511965976	0.3661	0.8033	-1.6312
3540.9999999999995	5.500467	-1.123245	8.002017	0.06632251157578452	0.03316125578789226	0.0	0.3667	0.8034	-1.6315
3542.0	5.480847	-1.1693520000000002	8.006922000000001	0.06981317007977318	0.027925268031909273	0.010471975511965976	0.3667	0.8033	-1.6321
3543.0	5.468094000000001	-1.1801430000000002	8.007903	0.09948376736367678	0.017453292519943295	0.012217304763960306	0.3674	0.8029	-1.632
3544.0	5.459265	-1.1772	8.007903	0.10821041362364843	0.03665191429188092	0.003490658503988659	0.3678	0.8026	-1.6318
3545.0000000000005	5.452398	-1.1762190000000001	8.009865	0.12042771838760874	0.024434609527920613	0.008726646259971648	0.3682	0.8015	-1.6293
3546.0	5.455341000000001	-1.166409	8.005941000000002	0.13264502315156904	0.020943951023931952	0.003490658503988659	0.3697	0.8007	-1.6247
3547.0	5.450436	-1.138941	8.006922000000001	0.13264502315156904	0.006981317007977318	0.003490658503988659	0.3698	0.7994	-1.6186
3547.9999999999995	5.445531000000001	-1.116378	8.023599	0.1291543646475804	0.024434609527920613	0.012217304763960306	0.3698	0.7975	-1.6113
3549.0	5.445531000000001	-1.0751760000000001	8.031447	0.1361356816555577	0.006981317007977318	0.013962634015954637	0.3692	0.7956	-1.605
3550.0	5.450436	-1.03986	8.046162	0.11344640137963143	0.017453292519943295	0.015707963267948967	0.3695	0.7935	-1.6003
3551.0	5.451417	-0.9859050000000001	8.056953	0.09599310885968812	-0.006981317007977318	0.031415926535897934	0.3689	0.7916	-1.5976
3552.0000000000005	5.461227	-0.9241020000000001	8.057934000000001	0.07504915783575616	-0.03316125578789226	0.015707963267948967	0.3685	0.7895	-1.5972
3553.0	5.472999	-0.8878050000000001	8.060877	0.0715584993317675	-0.03316125578789226	0.019198621771937627	0.3681	0.7877	-1.5984
3554.0	5.467113	-0.8475840000000001	8.071668	0.06632251157578452	-0.031415926535897934	0.022689280275926284	0.3678	0.7859	-1.6005
3554.9999999999995	5.468094000000001	-0.8191350000000001	8.087364	0.05235987755982989	-0.048869219055841226	0.03665191429188092	0.3669	0.7844	-1.6044
3556.0	5.491638	-0.802458	8.086383000000001	0.06632251157578452	-0.05759586531581287	0.04363323129985824	0.3662	0.7834	-1.611
3557.0	5.507334	-0.788724	8.075592	0.038397243543875255	-0.041887902047863905	0.04537856055185257	0.3657	0.7823	-1.6189
3558.0	5.517144	-0.778914	8.064801000000001	0.041887902047863905	-0.06981317007977318	0.03490658503988659	0.3663	0.7811	-1.6276
3559.0000000000005	5.497524	-0.807363	8.090307000000001	0.013962634015954637	-0.06283185307179587	0.048869219055841226	0.3664	0.7805	-1.6361
3560.0	5.507334	-0.778914	8.096193000000001	-0.020943951023931952	-0.05759586531581287	0.061086523819801536	0.3656	0.7796	-1.6415
3561.0	5.522049	-0.783819	8.110908	-0.03316125578789226	-0.08726646259971647	0.07330382858376185	0.3657	0.7786	-1.6421
3561.9999999999995	5.505372	-0.8328690000000001	8.162901	-0.026179938779914945	-0.06283185307179587	0.061086523819801536	0.3659	0.7775	-1.639
3563.0000000000005	5.483790000000001	-0.9564750000000001	8.206065	0.038397243543875255	-0.11344640137963143	0.06632251157578452	0.3649	0.777	-1.6328
3564.0	5.5259730000000005	-0.934893	8.185464000000001	0.15184364492350666	-0.22514747350726852	0.06283185307179587	0.363	0.7764	-1.6255
3565.0	5.515182	-0.991791	8.272773	0.2775073510670984	-0.3455751918948773	0.029670597283903602	0.3615	0.7751	-1.6189
3565.9999999999995	5.416101	-1.053594	8.381664	0.3438298626428829	-0.3455751918948773	0.061086523819801536	0.3595	0.7735	-1.6143
3567.0	5.395500000000001	-0.9554940000000001	8.459163	0.33510321638291124	-0.47298422729046335	-0.020943951023931952	0.357	0.772	-1.6116
3568.0	5.357241	-0.9849240000000001	8.575902000000001	0.1308996938995747	-0.5742133239061344	-0.04014257279586958	0.3526	0.7702	-1.6109
3569.0	5.338602000000001	-0.934893	8.669097	0.059341194567807204	-0.7295476273336297	-0.061086523819801536	0.3478	0.768	-1.6111
3570.0000000000005	5.308191000000001	-0.8829	8.757387000000001	-0.06981317007977318	-0.8918632477691024	-0.05585053606381855	0.3423	0.766	-1.6133
3571.0	5.296419000000001	-0.7897050000000001	8.839791	-0.19896753472735357	-1.0262536001726656	-0.07679448708775051	0.3353	0.7642	-1.6175
3572.0	5.263065	-0.7475220000000001	8.902575	-0.26005405854715513	-1.1519173063162575	-0.05759586531581287	0.326	0.7636	-1.6221
3572.9999999999995	5.286609	-0.648441	8.918271	-0.25132741228718347	-1.2479104151759457	-0.06981317007977318	0.3167	0.7623	-1.6267
3574.0	5.277780000000001	-0.7396739999999999	9.007542	-0.22689280275926285	-1.340412865531645	-0.10122909661567112	0.306	0.7615	-1.6337
3575.0	5.331735	-0.777933	8.935929000000002	-0.1413716694115407	-1.4486232791552935	-0.15184364492350666	0.2943	0.7616	-1.6388
3576.0	5.449455	-0.764199	8.870202	-0.20245819323134223	-1.551597705022959	-0.2426007660272118	0.2804	0.7619	-1.6396
3577.0000000000005	5.4779040000000006	-0.9888480000000001	8.883936	-0.19373154697137057	-1.6667894356545847	-0.32114058236695664	0.2647	0.7624	-1.6427
3578.0	5.580909	-1.011411	8.793684	-0.17278759594743864	-1.848303677861995	-0.4241150082346221	0.2483	0.7635	-1.6372
3579.0	5.644674	-1.092834	8.747577000000001	-0.19896753472735357	-2.0437805540853597	-0.5218534463463045	0.2299	0.7656	-1.6336
3579.9999999999995	5.642712	-1.138941	8.829	-0.15009831567151233	-2.239257430308725	-0.5951572749300664	0.2093	0.7671	-1.6309
3581.0	5.615244000000001	-1.374381	9.144882	-0.04537856055185257	-2.6738444140553126	-0.635299847725936	0.1865	0.7684	-1.6236
3582.0	5.511258	-1.7255790000000002	9.500985	0.3717551306747922	-3.326597554301192	-0.8203047484373349	0.1614	0.7682	-1.6166
3583.0	5.408253	-2.21706	9.852183	0.5270894341022875	-3.9950586578150205	-1.2775810124598492	0.1325	0.767	-1.6073
3584.0000000000005	5.244426	-2.6487000000000003	10.186704	0.6387905062299246	-4.6600291028248595	-1.9338248112097172	0.0999	0.7639	-1.5944
3585.0	4.921677000000001	-3.043062	10.640907	0.6562437987498679	-5.4436819369703136	-2.5987952562195566	0.0618	0.7584	-1.5799
3586.0	4.596966	-3.383469	11.123559	0.5759586531581288	-6.339035843243405	-3.2009338481576006	0.0177	0.75	-1.5623
3586.9999999999995	4.353678	-3.4688160000000003	11.698425	0.5201081170943103	-6.881833240613641	-3.352777493081107	-0.0319	0.7386	-1.536
3588.0000000000005	4.577346	-3.503151	12.315474000000002	0.29496064358704166	-7.7841684638947095	-3.352777493081107	-0.0888	0.723	-1.5083
3589.0	5.570118	-3.51198	12.650976000000002	0.1064650843716541	-8.299040593233038	-3.0770154712660034	-0.1519	0.7037	-1.4732
3590.0	6.574662000000001	-3.7523250000000004	12.707874000000002	0.16929693744344995	-8.23620874016124	-3.118903373313867	-0.2205	0.681	-1.4264
3590.9999999999995	7.2015210000000005	-3.7454579999999997	12.405726	0.32986722862692824	-8.210028801381325	-3.2009338481576006	-0.2925	0.6547	-1.373
3592.0	7.800912	-3.382488	11.809278	0.2722713633111154	-7.916813487046279	-3.056071520242071	-0.3666	0.6252	-1.3139
3593.0	8.258058	-2.792907	11.128464000000001	0.2059488517353309	-7.693411342791005	-2.8605946440187062	-0.4404	0.5925	-1.2437
3594.0	8.973207	-2.221965	10.437840000000001	-0.054105206811824215	-7.459537223023764	-2.7977627909469103	-0.5125	0.5574	-1.1658
3595.0000000000005	9.903195000000002	-1.916874	9.676584000000002	0.031415926535897934	-6.490879488166911	-2.638937829015426	-0.5821	0.5167	-1.0736
3596.0	10.532016000000002	-1.8079830000000001	8.829	0.6946410422937431	-5.3092915845667505	-2.5394540616517496	-0.6449	0.475	-0.9786
3597.0	11.396277	-1.652004	7.797969000000001	1.4922565104551517	-3.988077340807043	-2.3858650874762484	-0.6994	0.433	-0.8828
3597.9999999999995	12.434175000000002	-1.760895	7.199559000000001	1.9826940302655582	-1.0297442586766545	-0.5864306286700948	-0.7444	0.3931	-0.7933
3599.0	13.622166000000002	-2.375001	7.139718	1.6249015336067207	2.644173816771409	1.0838494654884787	-0.7792	0.3562	-0.7113
3600.0	13.590774	-2.630061	7.124022	1.5865042900628457	3.9392081217512014	1.6214108751027323	-0.8032	0.325	-0.644
3601.0	12.837366000000001	-2.92338	6.93567	1.6493361431346414	5.024802916491675	1.9303341527057283	-0.8182	0.2988	-0.5948
3602.0000000000005	11.514978	-3.08034	6.696306	1.4660765716752369	4.78918346747244	1.7523105690023069	-0.8247	0.2778	-0.5572
3603.0	10.144521000000001	-2.928285	6.444189000000001	0.7330382858376184	4.136430327226561	1.6650441064025905	-0.8244	0.262	-0.539
3604.0	8.908461	-2.650662	6.197958000000001	-0.2234021442552742	3.871140280923423	1.6982053621904827	-0.818	0.2521	-0.5339
3604.9999999999995	7.98534	-2.2563000000000004	6.065523	-0.8325220532012952	4.218460802070294	1.7470745812463238	-0.8055	0.2516	-0.5509
3606.0	7.627275	-2.0287080000000004	6.11163	-0.9529497715889039	4.872959271568168	1.6755160819145565	-0.7891	0.2568	-0.5807
3607.0	7.050447	-2.1631050000000003	6.280362	-0.9389871375729493	5.227261109723017	1.6388641676226756	-0.769	0.2672	-0.6222
3608.0	5.798691	-2.105226	6.004701	-0.9721483933608416	5.834635689417044	1.6126842288427605	-0.7463	0.2814	-0.6716
3609.0000000000005	3.6473580000000005	-1.453842	5.353317	-1.2514010736799344	6.262241356155655	1.6545721308906243	-0.7199	0.2975	-0.7244
3610.0	2.725218	-0.9554940000000001	4.758831	-1.5934856070708228	6.4367742813550874	1.7488199104983182	-0.6903	0.314	-0.7786
3611.0	2.902779	-0.455184	4.426272	-1.9216075064457567	6.466444878638991	1.8465583486100006	-0.6579	0.3316	-0.8323
3611.9999999999995	3.8308050000000002	-0.25506	4.367412	-2.131047016685076	6.36521578202332	1.8814649336498872	-0.6221	0.3515	-0.8871
3613.0000000000005	4.939335	-0.446355	4.477284	-2.2252947962927703	6.316346562967478	1.8954275676658419	-0.5829	0.3743	-0.9426
3614.0	5.781033000000001	-0.7857810000000001	4.604814	-2.316051917396475	6.176720222807932	1.8570303241219668	-0.5393	0.3983	-0.9994
3615.0	6.337260000000001	-0.983943	4.635225	-2.4015730507441972	6.019640590128442	1.764527873766267	-0.4914	0.4239	-1.056
3615.9999999999995	6.740451000000001	-0.9368550000000001	4.534182	-2.4399702942880728	5.789257128865191	1.656317460142619	-0.4403	0.4514	-1.1114
3617.0	7.11225	-0.8328690000000001	4.476303	-2.39459173373622	5.422737985946382	1.6301375213627038	-0.3869	0.4809	-1.1632
3618.0	7.548795	-0.860337	4.5371250000000005	-2.2584560520806627	4.979424355939822	1.7296212887263804	-0.3293	0.5117	-1.2122
3619.0	8.138376000000001	-0.967266	4.779432000000001	-2.139773662945048	4.572762640225143	1.9879300180215413	-0.2706	0.544	-1.2564
3620.0000000000005	8.944758	-1.03986	5.193414	-2.1467549799530254	4.42615498305762	2.179916235740918	-0.211	0.5779	-1.2955
3621.0	9.958131	-0.9957150000000001	5.740812000000001	-2.2427480888127134	4.183554217030408	2.6860617188192735	-0.1499	0.6132	-1.329
3622.0	11.0853	-0.9211590000000001	6.369633	-2.436479635784084	4.132939668722573	3.2777283352453512	-0.0883	0.6492	-1.3551
3622.9999999999995	12.259557000000001	-0.818154	7.01415	-2.419026343264141	4.160864936754482	3.7367499285198593	-0.0257	0.6857	-1.3747
3624.0	13.437738	-0.641574	7.589997000000001	-2.1101030656611446	4.167846253762459	4.036946559862884	0.0382	0.7229	-1.3873
3625.0	14.688513000000002	-0.26388900000000004	8.008884	-1.6371188383706812	4.143411644234538	4.057890510886816	0.1032	0.7593	-1.395
3626.0	15.936345000000001	0.356103	8.197236	-1.4032447186034411	4.09977841293468	4.007275962578981	0.1694	0.7945	-1.3998
3627.0000000000005	17.117469	0.9810000000000001	8.013789	-0.8569566627292158	3.876376268679406	3.6302848441482056	0.2371	0.8264	-1.4029
3628.0	18.251505	1.5588090000000001	7.447752	-0.08203047484373349	3.4033920413889427	2.652900463031381	0.3033	0.8559	-1.4051
3629.0	19.299213	2.2612050000000004	6.477543000000001	0.6510078109938848	2.865830631774689	1.2636183784438948	0.3681	0.8817	-1.4078
3629.9999999999995	20.127177	3.019518	5.18949	0.8342673824532895	2.316051917396475	0.03490658503988659	0.4297	0.9023	-1.4103
3631.0	20.765808	3.769983	3.665016	0.42062434973063345	1.6510814723866356	-0.8133234314293576	0.4875	0.919	-1.4129
3632.0	21.363237	4.4939610000000005	1.9708290000000002	-0.26354471705114374	1.0105456369047168	-1.1903145498601329	0.5388	0.9311	-1.4169
3633.0	21.843927	5.097276	0.22464900000000002	-0.5480333851262195	0.6876597252857658	-1.2409290981679681	0.5841	0.9398	-1.4219
3634.0000000000005	21.364218	3.793527	-0.520911	-0.10297442586766545	-0.005235987755982988	-1.0262536001726656	0.6206	0.946	-1.429
3635.0	19.456173000000003	1.787382	-1.2448890000000001	4.078834461910748	-1.4259339988793673	-1.960004749989632	0.6476	0.9452	-1.439
3636.0	16.66719	1.043784	-0.055917	4.344124508213886	-1.4329153158873444	-2.3649211364523164	0.6638	0.9371	-1.4508
3636.9999999999995	13.19445	0.311958	1.861938	2.9984756549262586	-1.6982053621904827	-0.9459684545809267	0.6694	0.9236	-1.4616
3638.0000000000005	9.953226	0.290376	2.402469	2.0158552860534504	-3.2061698359135833	0.3769911184307752	0.6658	0.9064	-1.4703
3639.0	7.974549	0.544455	3.082302	1.5323990832510213	-4.26907535037813	0.6126105674500097	0.6526	0.887	-1.4752
3640.0	7.528194	0.9241020000000001	4.683294	0.8185594191853406	-4.571017310973149	0.30717794835100204	0.6298	0.8678	-1.4783
3640.9999999999995	7.111269	0.9613800000000001	6.650199	0.143116998663535	-3.1014500807939234	0.32812189937493397	0.5991	0.8482	-1.4813
3642.0	5.829102	0.601353	8.443467	-0.17453292519943295	-2.1415189921970423	-0.20943951023931956	0.566	0.8291	-1.4855
3643.0	4.197699	0.142245	10.046421	-0.5061454830783556	-1.9704767255015982	-0.3490658503988659	0.5293	0.8092	-1.4917
3644.0	3.477645	0.665118	10.725273	-0.3508111796508603	-2.0036379812894904	-0.10297442586766545	0.4904	0.7886	-1.499
3645.0000000000005	6.0625800000000005	1.193877	11.707254	0.5235987755982988	-0.5183627878423158	-0.5497787143782138	0.4512	0.7724	-1.5054
3646.0	6.846399	1.3341600000000002	10.646793	0.12217304763960307	0.09599310885968812	0.1064650843716541	0.4149	0.7604	-1.5108
3647.0	8.460144000000001	1.2350790000000003	9.074250000000001	0.26354471705114374	-0.6998770300497261	-0.5078908123303499	0.3808	0.7533	-1.5154
3647.9999999999995	10.40841	0.5277780000000001	9.342063000000001	0.30019663134302466	-0.48171087355043496	-0.45029494701453704	0.3491	0.7484	-1.52
3649.0	10.618344	-0.250155	9.687375000000001	0.2722713633111154	-0.3892084231947355	-0.39968039870670147	0.3227	0.7454	-1.5262
3650.0	9.561807	-1.392039	9.369531	0.16580627893946132	-0.3595378259108319	-0.32288591161895097	0.3018	0.7433	-1.5332
3651.0	8.344386	-2.465253	8.778969	0.16406094968746698	-0.26354471705114374	-0.26878070480712674	0.2854	0.7414	-1.5379
3652.0000000000005	7.944138	-2.991069	8.493498	0.15533430342749532	-0.25132741228718347	-0.25132741228718347	0.272	0.7386	-1.538
3653.0	7.866639	-3.2579010000000004	8.427771	0.09250245035569947	-0.1832595714594046	-0.16580627893946132	0.2609	0.7358	-1.5396
3654.0	7.753824000000001	-2.632023	8.323785	0.03316125578789226	-0.15009831567151233	-0.11519173063162574	0.2528	0.732	-1.5402
3654.9999999999995	5.575023000000001	-1.5450750000000002	8.037333	-0.013962634015954637	-0.11693705988362008	-0.03665191429188092	0.2473	0.7283	-1.5406
3656.0	5.988024000000001	-1.5450750000000002	8.097174	-0.05235987755982989	-0.09773843811168245	0.003490658503988659	0.2422	0.7253	-1.5408
3657.0	6.23916	-1.3321980000000002	8.193312	-0.09773843811168245	-0.059341194567807204	0.027925268031909273	0.2379	0.723	-1.5432
3658.0	5.896791	-1.084986	8.117775	-0.10297442586766545	-0.06981317007977318	0.061086523819801536	0.2348	0.7209	-1.5439
3659.0000000000005	5.992929	-1.1781810000000001	8.117775	-0.12566370614359174	-0.054105206811824215	0.09075712110370514	0.2321	0.7201	-1.5421
3660.0	5.849703000000001	-1.1978010000000001	8.071668	-0.14486232791552936	-0.061086523819801536	0.10821041362364843	0.2298	0.7197	-1.5409
3661.0	5.829102	-1.082043	8.064801000000001	-0.16580627893946132	-0.038397243543875255	0.1413716694115407	0.228	0.7198	-1.5412
3661.9999999999995	5.750622000000001	-1.130112	8.030466	-0.18151424220741028	-0.03665191429188092	0.1466076571675237	0.2257	0.7198	-1.5451
3663.0000000000005	5.704515000000001	-1.2753	7.990245000000001	-0.16755160819145562	-0.0471238898038469	0.13788101090755203	0.2233	0.7202	-1.5459
3664.0	5.656446	-1.4813100000000001	7.9539480000000005	-0.1413716694115407	-0.0471238898038469	0.10821041362364843	0.2222	0.7216	-1.5463
3665.0	5.627016	-1.637289	7.911765	-0.12217304763960307	-0.041887902047863905	0.08203047484373349	0.2208	0.7237	-1.5441
3665.9999999999995	5.584833000000001	-1.778553	7.888221000000001	-0.10471975511965978	-0.026179938779914945	0.0715584993317675	0.2206	0.7253	-1.5435
3667.0	5.578947	-1.825641	7.870563000000001	-0.08726646259971647	-0.0471238898038469	0.06283185307179587	0.2196	0.7264	-1.5399
3668.0	5.568156	-1.8589950000000002	7.863696	-0.10471975511965978	-0.048869219055841226	0.061086523819801536	0.2192	0.7285	-1.5374
3669.0	5.5642320000000005	-1.879596	7.8548670000000005	-0.13788101090755203	-0.05759586531581287	0.09599310885968812	0.2185	0.7302	-1.5365
3670.0000000000005	5.56227	-1.930608	7.833285	-0.1291543646475804	-0.0645771823237902	0.08552113334772216	0.218	0.7314	-1.5316
3671.0	5.554422000000001	-1.9875060000000002	7.821513	-0.1413716694115407	-0.059341194567807204	0.0890117918517108	0.2181	0.7337	-1.5327
3672.0	5.557365	-2.0345940000000002	7.805817	-0.12391837689159739	-0.05759586531581287	0.0890117918517108	0.2186	0.7361	-1.5327
3672.9999999999995	5.573061000000001	-2.023803	7.802874	-0.11868238913561441	-0.03665191429188092	0.07330382858376185	0.2198	0.7385	-1.5311
3674.0	5.584833000000001	-1.965924	7.810722	-0.10821041362364843	-0.04537856055185257	0.07853981633974483	0.2202	0.7406	-1.5295
3675.0	5.593662000000001	-1.931589	7.812684	-0.11344640137963143	-0.048869219055841226	0.08028514559173916	0.2208	0.7425	-1.5293
3676.0	5.600529	-1.931589	7.805817	-0.1117010721276371	-0.041887902047863905	0.06981317007977318	0.221	0.744	-1.5256
3677.0000000000005	5.597586000000001	-1.948266	7.803855	-0.08726646259971647	-0.054105206811824215	0.06632251157578452	0.2212	0.7454	-1.5236
3678.0	5.604453	-1.954152	7.802874	-0.09599310885968812	-0.041887902047863905	0.07853981633974483	0.2219	0.747	-1.5213
3679.0	5.605434000000001	-1.9943730000000002	7.787178	-0.09250245035569947	-0.05759586531581287	0.07853981633974483	0.2217	0.7482	-1.5205
3679.9999999999995	5.606415	-2.0130120000000002	7.787178	-0.11693705988362008	-0.05061454830783556	0.08552113334772216	0.2213	0.75	-1.5229
3681.0	5.615244000000001	-2.0041830000000003	7.784235	-0.09250245035569947	-0.05759586531581287	0.0715584993317675	0.2208	0.751	-1.5202
3682.0	5.613282000000001	-2.01105	7.778349000000001	-0.08552113334772216	-0.05585053606381855	0.06981317007977318	0.2204	0.7527	-1.5177
3683.0	5.609358	-2.015955	7.776387	-0.09075712110370514	-0.054105206811824215	0.07853981633974483	0.2199	0.7533	-1.5176
3684.0000000000005	5.614263	-2.032632	7.766577	-0.09948376736367678	-0.061086523819801536	0.07504915783575616	0.2189	0.7544	-1.5169
3685.0	5.624073000000001	-2.025765	7.771482000000001	-0.09599310885968812	-0.06632251157578452	0.07330382858376185	0.2179	0.7553	-1.5164
3686.0	5.624073000000001	-2.0169360000000003	7.775406	-0.09948376736367678	-0.07504915783575616	0.08028514559173916	0.2168	0.7565	-1.516
3686.9999999999995	5.631921000000001	-2.010069	7.779330000000001	-0.08028514559173916	-0.07504915783575616	0.0890117918517108	0.2161	0.7582	-1.5155
3688.0000000000005	5.627997000000001	-2.019879	7.769520000000001	-0.09599310885968812	-0.08726646259971647	0.0890117918517108	0.2146	0.759	-1.5151
3689.0	5.627016	-2.0296890000000003	7.771482000000001	-0.1117010721276371	-0.09948376736367678	0.09599310885968812	0.2138	0.7602	-1.5146
3690.0	5.627016	-2.0296890000000003	7.776387	-0.10821041362364843	-0.12042771838760874	0.10297442586766545	0.2132	0.7615	-1.5137
3690.9999999999995	5.63094	-2.027727	7.783254	-0.13264502315156904	-0.12042771838760874	0.12217304763960307	0.2124	0.7629	-1.5128
3692.0	5.635845000000001	-2.007126	7.788159000000001	-0.13264502315156904	-0.1291543646475804	0.1361356816555577	0.2115	0.7638	-1.5125
3693.0	5.64075	-2.009088	7.789140000000001	-0.18675022996339324	-0.12566370614359174	0.13264502315156904	0.21	0.7657	-1.5109
3694.0	5.6329020000000005	-2.00124	7.791102	-0.19198621771937624	-0.158824961931484	0.12391837689159739	0.209	0.7671	-1.5102
3695.0000000000005	5.6329020000000005	-2.017917	7.7734440000000005	-0.2181661564992912	-0.1466076571675237	0.1291543646475804	0.2082	0.769	-1.5089
3696.0	5.638788	-2.057157	7.754805	-0.2059488517353309	-0.158824961931484	0.11519173063162574	0.2074	0.7714	-1.508
3697.0	5.648598	-2.092473	7.732242	-0.2007128639793479	-0.16231562043547265	0.09773843811168245	0.2063	0.7733	-1.5072
3697.9999999999995	5.659389	-2.147409	7.697907	-0.1832595714594046	-0.16580627893946132	0.09075712110370514	0.2053	0.776	-1.504
3699.0	5.681952000000001	-2.191554	7.666515	-0.1780235837034216	-0.15184364492350666	0.0715584993317675	0.2038	0.7785	-1.499
3700.0	5.6898	-2.247471	7.620408000000001	-0.16580627893946132	-0.13264502315156904	0.06981317007977318	0.2022	0.7803	-1.492
3701.0	5.69961	-2.3181030000000002	7.572339	-0.12740903539558607	-0.12740903539558607	0.04363323129985824	0.2003	0.7823	-1.4837
3702.0000000000005	5.70942	-2.384811	7.541928	-0.10471975511965978	-0.1064650843716541	0.027925268031909273	0.1983	0.7846	-1.4745
3703.0	5.72904	-2.428956	7.508574	-0.061086523819801536	-0.1064650843716541	0.006981317007977318	0.1967	0.787	-1.4675
3704.0	5.757489	-2.464272	7.481106	-0.07504915783575616	-0.08203047484373349	0.017453292519943295	0.1949	0.7887	-1.4619
3704.9999999999995	5.77809	-2.478987	7.462467000000001	-0.061086523819801536	-0.07853981633974483	0.013962634015954637	0.1927	0.7904	-1.4588
3706.0	5.792805	-2.468196	7.451676000000001	-0.06981317007977318	-0.05759586531581287	0.019198621771937627	0.1901	0.7915	-1.457
3707.0	5.799672	-2.459367	7.447752	-0.04363323129985824	-0.0645771823237902	0.012217304763960306	0.1885	0.793	-1.4567
3708.0	5.806539	-2.454462	7.453638000000001	-0.05759586531581287	-0.06283185307179587	0.005235987755982988	0.1868	0.7946	-1.4594
3709.0000000000005	5.8006530000000005	-2.449557	7.457562	-0.059341194567807204	-0.07330382858376185	-0.003490658503988659	0.1851	0.7962	-1.4633
3710.0	5.804577	-2.426994	7.478163	-0.05585053606381855	-0.09948376736367678	-0.006981317007977318	0.1835	0.7974	-1.4694
3711.0	5.805558	-2.4083550000000002	7.488954	-0.061086523819801536	-0.10821041362364843	-0.012217304763960306	0.1825	0.7985	-1.4767
3711.9999999999995	5.812425	-2.396583	7.489935	-0.05759586531581287	-0.10471975511965978	-0.03316125578789226	0.1814	0.799	-1.4849
3713.0000000000005	5.804577	-2.416203	7.478163	-0.0471238898038469	-0.10297442586766545	-0.04014257279586958	0.1807	0.8	-1.4913
3714.0	5.793786000000001	-2.466234	7.457562	-0.013962634015954637	-0.09948376736367678	-0.08552113334772216	0.1793	0.8009	-1.4947
3715.0	5.7879	-2.5349040000000005	7.423227000000001	0.029670597283903602	-0.06981317007977318	-0.13264502315156904	0.1787	0.8011	-1.4938
3715.9999999999995	5.790843000000001	-2.616327	7.368291	0.059341194567807204	-0.04014257279586958	-0.20420352248333654	0.1778	0.8013	-1.4899
3717.0	5.8006530000000005	-2.719332	7.296678000000001	0.21991148575128552	0.024434609527920613	-0.26703537555513246	0.1759	0.8007	-1.4827
3718.0	5.802615	-2.8507860000000003	7.191711	0.26529004630313807	0.054105206811824215	-0.29670597283903605	0.1743	0.7995	-1.4749
3719.0	5.828121	-3.0038220000000004	7.094592	0.41713369122664473	0.10471975511965978	-0.39269908169872414	0.1722	0.7977	-1.4693
3720.0000000000005	5.858531999999999	-3.110751	7.00434	0.5969026041820608	0.18675022996339324	-0.4380776422505767	0.1707	0.7953	-1.4659
3721.0	5.901696	-3.186288	6.94548	0.6841690667817772	0.19722220547535926	-0.4293509959906051	0.1687	0.7916	-1.4648
3722.0	5.921316000000001	-3.2225850000000005	6.932727	0.7696902001294994	0.22689280275926285	-0.4363323129985824	0.1672	0.7876	-1.4653
3722.9999999999995	5.9811570000000005	-3.1392	6.940575000000001	0.7609635538695277	0.2722713633111154	-0.39269908169872414	0.1654	0.7819	-1.4686
3724.0	6.017454	-3.0411	6.9651	0.7609635538695277	0.26354471705114374	-0.38746309394274114	0.1639	0.7751	-1.4742
3725.0	6.0468839999999995	-2.848824	7.04358	0.6754424205218056	0.29670597283903605	-0.3787364476827695	0.1623	0.7683	-1.4819
3726.0	6.040998	-2.616327	7.1711100000000005	0.6283185307179586	0.2984513020910304	-0.3368485456349056	0.1614	0.76	-1.4929
3727.0000000000005	6.008625	-2.161143	7.383987	0.3717551306747922	0.23736477827122882	-0.27052603405912107	0.1615	0.7522	-1.5026
3728.0	5.987043	-1.8099450000000001	7.595883000000001	0.22689280275926285	0.15533430342749532	-0.20420352248333654	0.1612	0.7433	-1.5127
3729.0	5.94486	-1.437165	7.785216	0.12391837689159739	0.08028514559173916	-0.15009831567151233	0.1617	0.7346	-1.5223
3729.9999999999995	5.903658	-1.132074	7.951005	0.06283185307179587	0.041887902047863905	-0.10297442586766545	0.1625	0.7266	-1.5301
3731.0	5.850684000000001	-0.877014	8.085402	0.054105206811824215	0.017453292519943295	-0.07853981633974483	0.1631	0.7189	-1.5394
3732.0	5.815368	-0.659232	8.17173	0.017453292519943295	-0.012217304763960306	-0.04363323129985824	0.1642	0.7128	-1.5405
3733.0	5.747679	-0.5366070000000001	8.2404	-0.020943951023931952	-0.059341194567807204	0.0017453292519943296	0.1652	0.7075	-1.5436
3734.0000000000005	5.702553000000001	-0.45714600000000005	8.296317	-0.06981317007977318	-0.07853981633974483	0.03316125578789226	0.1662	0.7037	-1.5434
3735.0	5.647617	-0.471861	8.323785	-0.13264502315156904	-0.15184364492350666	0.027925268031909273	0.167	0.7005	-1.5435
3736.0	5.6378070000000005	-0.574866	8.315937	-0.09599310885968812	-0.17278759594743864	0.027925268031909273	0.1672	0.699	-1.5428
3736.9999999999995	5.674104000000001	-0.874071	8.189388000000001	-0.0715584993317675	-0.14486232791552936	0.015707963267948967	0.1668	0.6976	-1.5441
3738.0000000000005	5.704515000000001	-1.025145	8.105022000000002	-0.08726646259971647	-0.1832595714594046	0.006981317007977318	0.166	0.6974	-1.545
3739.0	5.72904	-1.15758	8.03439	-0.08028514559173916	-0.19722220547535926	0.012217304763960306	0.1647	0.6978	-1.5444
3740.0	5.76828	-1.237041	7.959834000000001	-0.10297442586766545	-0.22514747350726852	0.008726646259971648	0.1622	0.6981	-1.5441
3740.9999999999995	5.785938	-1.344951	7.912746	-0.11344640137963143	-0.21991148575128552	0.017453292519943295	0.1602	0.6996	-1.5394
3742.0	5.802615	-1.4204880000000002	7.873506	-0.1117010721276371	-0.21642082724729686	0.017453292519943295	0.1574	0.7001	-1.5405
3743.0	5.822235000000001	-1.5372270000000001	7.821513	-0.08726646259971647	-0.2007128639793479	0.013962634015954637	0.1544	0.7009	-1.5365
3744.0	5.857551	-1.6137450000000002	7.7606910000000005	-0.06806784082777885	-0.2007128639793479	0.006981317007977318	0.1516	0.702	-1.5386
3745.0000000000005	5.919354000000001	-1.6480800000000002	7.676325	-0.08377580409572781	-0.19198621771937624	-0.003490658503988659	0.148	0.7033	-1.5397
3746.0	5.9634990000000005	-1.653966	7.590978000000001	-0.03490658503988659	-0.17453292519943295	-0.0017453292519943296	0.1445	0.7046	-1.5357
3747.0	5.9860619999999995	-1.637289	7.551738000000001	-0.015707963267948967	-0.10995574287564276	0.0	0.1417	0.7054	-1.5378
3747.9999999999995	6.014511	-1.632384	7.504650000000001	-0.006981317007977318	-0.059341194567807204	-0.008726646259971648	0.1394	0.7058	-1.5388
3749.0	6.04296	-1.647099	7.459524	0.024434609527920613	-0.03490658503988659	-0.015707963267948967	0.1373	0.7063	-1.5358
3750.0	6.057675000000001	-1.664757	7.434018000000001	0.003490658503988659	-0.05759586531581287	0.0	0.1359	0.7073	-1.5359
3751.0	6.073371	-1.673586	7.404588	0.03316125578789226	-0.019198621771937627	-0.005235987755982988	0.134	0.7073	-1.5349
3752.0000000000005	6.100839000000001	-1.6765290000000002	7.381044	0.029670597283903602	0.003490658503988659	-0.003490658503988659	0.1326	0.7076	-1.5341
3753.0	6.107706	-1.637289	7.392816000000001	0.013962634015954637	-0.008726646259971648	-0.010471975511965976	0.1313	0.7078	-1.5343
3754.0	6.099858	-1.587258	7.426170000000001	-0.013962634015954637	-0.038397243543875255	0.005235987755982988	0.1305	0.708	-1.53
3754.9999999999995	6.081219	-1.565676	7.471296000000001	-0.029670597283903602	-0.05759586531581287	0.008726646259971648	0.1297	0.7072	-1.5267
3756.0	6.057675000000001	-1.5146640000000002	7.538985	-0.05061454830783556	-0.11693705988362008	0.006981317007977318	0.1293	0.707	-1.5274
3757.0	6.03315	-1.493082	7.604712	-0.05759586531581287	-0.1413716694115407	0.012217304763960306	0.1282	0.7069	-1.5236
3758.0	6.008625	-1.4950440000000003	7.663572	-0.059341194567807204	-0.16231562043547265	0.010471975511965976	0.1272	0.7069	-1.5201
3759.0000000000005	5.983119	-1.4979870000000002	7.722432	-0.06806784082777885	-0.22863813201125716	0.0	0.1257	0.7069	-1.5215
3760.0	5.9556510000000005	-1.5440940000000003	7.7734440000000005	-0.06283185307179587	-0.2583087292951608	-0.020943951023931952	0.1235	0.7069	-1.5187
3761.0	5.9507460000000005	-1.522512	7.819551000000001	-0.08552113334772216	-0.30019663134302466	-0.026179938779914945	0.1216	0.7073	-1.5173
3761.9999999999995	5.940936000000001	-1.526436	7.845057	-0.06283185307179587	-0.3560471674068432	-0.04014257279586958	0.1186	0.7076	-1.5162
3763.0000000000005	5.943879	-1.543113	7.851924	-0.08377580409572781	-0.36302848441482055	-0.0471238898038469	0.1157	0.7078	-1.5149
3764.0	5.95467	-1.573524	7.848981000000001	-0.09599310885968812	-0.4118977034706618	-0.048869219055841226	0.1122	0.7083	-1.5137
3765.0	5.960556	-1.6166880000000001	7.848000000000001	-0.10821041362364843	-0.4328416544945937	-0.061086523819801536	0.1079	0.7093	-1.5123
3765.9999999999995	5.9841	-1.642194	7.8244560000000005	-0.09948376736367678	-0.5009094953223726	-0.08726646259971647	0.1035	0.7099	-1.511
3767.0	6.008625	-1.673586	7.791102	-0.1308996938995747	-0.5288347633542818	-0.09948376736367678	0.0981	0.7104	-1.5091
3768.0	6.032169000000001	-1.673586	7.775406	-0.1413716694115407	-0.5742133239061344	-0.1291543646475804	0.0921	0.7113	-1.5074
3769.0	6.071409	-1.666719	7.741071000000001	-0.16580627893946132	-0.5969026041820608	-0.1361356816555577	0.0866	0.7126	-1.5055
3770.0000000000005	6.105744	-1.635327	7.717527	-0.18500490071139894	-0.6335545184739416	-0.1413716694115407	0.0803	0.7136	-1.5029
3771.0	6.133212	-1.6284600000000002	7.692021	-0.21642082724729686	-0.6771877497737998	-0.15707963267948966	0.0732	0.7152	-1.5005
3772.0	6.16068	-1.630422	7.7047740000000005	-0.2181661564992912	-0.7487462491055673	-0.16057029118347832	0.0657	0.7164	-1.4975
3772.9999999999995	6.174414	-1.6333650000000002	7.753824000000001	-0.2303834612632515	-0.8639379797371931	-0.1884955592153876	0.0578	0.7182	-1.4946
3774.0	6.1842239999999995	-1.630422	7.806798	-0.2303834612632515	-0.8639379797371931	-0.1884955592153876	0.0504	0.7196	-1.4921
3775.0	6.171471	-1.6608330000000002	7.909803	-0.15358897417550102	-1.2147491593880533	-0.21642082724729686	0.0412	0.721	-1.4871
3776.0	6.167547000000001	-1.7756100000000001	7.977492000000001	-0.12740903539558607	-1.3177235852557188	-0.27052603405912107	0.0304	0.7217	-1.479
3777.0000000000005	6.173433	-1.9060830000000002	8.031447	-0.04537856055185257	-1.53588974175501	-0.3368485456349056	0.018	0.7224	-1.4683
3778.0	6.189129	-2.02086	8.075592	-0.017453292519943295	-1.7086773377024487	-0.4537856055185257	0.0041	0.7234	-1.4554
3779.0	6.185205	-2.117979	8.138376000000001	0.012217304763960306	-1.911135530933791	-0.6143558967020041	-0.0124	0.723	-1.441
3779.9999999999995	6.185205	-2.223927	8.174673	-0.020943951023931952	-2.111848394913139	-0.7539822368615504	-0.03	0.7229	-1.4271
3781.0	6.185205	-2.2749390000000003	8.216856	-0.041887902047863905	-2.3300145514124297	-0.9040805525330626	-0.05	0.7216	-1.4136
3782.0	6.188148000000001	-2.281806	8.266887	-0.06283185307179587	-2.572615317439642	-1.0122909661567112	-0.0722	0.72	-1.4014
3783.0	6.163623	-2.281806	8.333595	-0.09599310885968812	-2.7192229746071654	-1.08035880698449	-0.0978	0.7171	-1.3893
3784.0000000000005	6.146946000000001	-2.282787	8.458182	-0.11693705988362008	-3.0752701420140083	-1.171115928088195	-0.1273	0.7137	-1.3757
3785.0	6.1234020000000005	-2.277882	8.536662	-0.15707963267948966	-3.511602455012591	-1.2671090369478832	-0.1581	0.7101	-1.362
3786.0	6.096915000000001	-2.1464280000000002	8.674002	-0.1832595714594046	-4.005530633326987	-1.3578661580515883	-0.1914	0.7058	-1.3483
3786.9999999999995	6.106725000000001	-1.9472850000000002	8.797608	-0.3438298626428829	-4.564035993965172	-1.3753194505715316	-0.2282	0.7008	-1.3337
3788.0000000000005	6.2175780000000005	-1.7442180000000003	8.906499	-0.6387905062299246	-5.141739976375296	-1.2828170002158321	-0.2681	0.695	-1.3162
3789.0	6.331374	-1.567638	9.019314	-0.6387905062299246	-5.141739976375296	-1.2828170002158321	-0.3052	0.69	-1.2999
3790.0	7.121079	-1.5696	9.042858	-1.254891732183923	-5.653121447209633	-1.1274826967883367	-0.3508	0.6843	-1.2722
3790.9999999999995	7.989264	-1.454823	8.763273	-1.6214108751027323	-5.630432166933708	-1.171115928088195	-0.3977	0.6792	-1.2359
3792.0	8.912385	-1.5588090000000001	8.319861	-1.8675022996339325	-5.085889440311476	-1.2164944886400477	-0.4466	0.6751	-1.1903
3793.0	9.871803	-1.668681	7.828380000000001	-1.8675022996339325	-5.085889440311476	-1.2164944886400477	-0.4913	0.6716	-1.1445
3794.0	10.877328	-1.60884	7.136775000000001	-2.4312436480281012	-3.558726344816438	-0.9197885158010117	-0.5387	0.6691	-1.0852
3795.0000000000005	11.937789000000002	-1.5627330000000001	6.498144	-3.129375348825833	-2.387610416728243	-0.6806784082777885	-0.5842	0.6678	-1.0222
3796.0	12.457719	-1.7285220000000001	6.10182	-3.3335788713091694	-1.4556045961632709	-0.6073745796940266	-0.6268	0.6684	-0.9605
3797.0	12.822651	-2.4201270000000004	6.113592	-3.03163691071415	0.40317105721069013	-0.7993607974134029	-0.6629	0.6711	-0.9032
3797.9999999999995	12.1644	-2.814489	6.086124	-2.4225170017681297	1.9058995431778079	-0.9878563566287906	-0.6939	0.6749	-0.8546
3799.0	11.020554	-2.948886	5.833026	-2.3911010752322315	2.1956241990088667	-1.1780972450961724	-0.724	0.6788	-0.8096
3800.0	9.646173	-2.963601	5.69961	-2.6057765732275344	2.2794000031045942	-1.0611601852125523	-0.7422	0.683	-0.7801
3801.0	8.117775	-3.3844499999999997	5.795748000000001	-2.6057765732275344	2.6127578902355113	-0.7086036763096978	-0.7555	0.6879	-0.7597
3802.0000000000005	6.575643	-3.734667	6.043941	-2.241002759560719	3.0089476304382243	-0.317649923862968	-0.7623	0.6936	-0.7508
3803.0	5.0913900000000005	-4.017195	6.281343000000001	-2.050761871093337	3.2061698359135833	-0.12740903539558607	-0.7676	0.7008	-0.7448
3804.0	3.578688	-4.288932	6.610959000000001	-1.8395770316020235	3.6163222101322505	0.25481807079117214	-0.7645	0.7093	-0.7593
3804.9999999999995	2.065986	-4.344849	6.831684	-1.911135530933791	3.9217548292312583	0.5881759579220891	-0.7567	0.7181	-0.7822
3806.0	1.146789	-4.160421	6.742413000000001	-2.1467549799530254	4.153883619746504	0.8045967851693859	-0.7447	0.7279	-0.8052
3807.0	0.409077	-3.467835	6.256818000000001	-2.3893557459802373	4.302236606166022	0.8761552845011534	-0.7293	0.7395	-0.8375
3808.0	0.634707	-3.115656	5.832045000000001	-2.548180707911721	4.396484385773716	0.8080874436733745	-0.7102	0.7529	-0.8691
3809.0000000000005	1.4489370000000001	-3.036195	5.667237	-2.588323280707591	4.429645641561609	0.7452555906015788	-0.6885	0.7689	-0.9017
3810.0	1.9384560000000002	-2.9008170000000004	5.512239	-2.644173816771409	4.523893421169302	0.6318091892219474	-0.6634	0.7881	-0.9332
3811.0	2.58984	-2.518227	5.4651510000000005	-2.6563911215353695	4.609414554517024	0.5445427266222308	-0.6344	0.8086	-0.9667
3811.9999999999995	3.2883120000000003	-1.9600380000000002	5.428854	-2.7401669256310974	4.673991736840815	0.5044001538263612	-0.6031	0.8321	-0.9995
3813.0000000000005	4.086846	-1.4136210000000002	5.403348	-2.8187067419708423	4.756022211684548	0.3961897402027128	-0.5682	0.8564	-1.0313
3814.0	4.9717080000000005	-0.963342	5.392557	-2.9199358385865137	4.759512870188536	0.10995574287564276	-0.5308	0.8822	-1.0602
3815.0	5.945841	-0.532683	5.3886330000000005	-3.045599544730105	4.637339822548934	-0.312413936106985	-0.4913	0.9097	-1.0879
3815.9999999999995	6.9523470000000005	-0.06867000000000001	5.399424000000001	-3.141592653589793	4.537856055185257	-0.5131268000863328	-0.4511	0.9376	-1.1196
3817.0	7.945119	0.377685	5.421006	-3.263765701229396	4.260348704118158	-0.773180858633488	-0.4102	0.9657	-1.1417
3818.0	8.915328	0.826002	5.402367	-3.1642819338657198	3.9130281829712867	-0.895353906273091	-0.3702	0.993	-1.1616
3819.0	9.726615	1.293939	5.298381000000001	-2.8501226685067405	3.394665395128971	-1.0332349171806432	-0.3305	1.0208	-1.1789
3820.0000000000005	10.370151	1.9404180000000002	5.137497000000001	-2.5569073541716927	2.6179938779914944	-1.2758356832078548	-0.2922	1.0475	-1.1897
3821.0	11.049003	2.7732870000000003	4.919715	-2.56388867117967	1.9687313962496036	-1.4189526818713898	-0.2568	1.0737	-1.201
3822.0	11.649375000000001	3.54141	4.614624	-2.5743606466916362	1.7034413499464656	-1.4346606451393389	-0.2242	1.0973	-1.2052
3822.9999999999995	12.80205	2.62908	4.721553	-1.8552849948699723	0.9023352232810684	-2.1746802479849343	-0.1963	1.1201	-1.2053
3824.0	14.584527	3.6120420000000006	5.122782	2.4068090385001804	2.631956512007449	-4.487241506877422	-0.1752	1.1372	-1.2091
3825.0	15.048540000000001	5.30721	4.968764999999999	1.1501719770642633	1.99142067652553	-4.405211032033688	-0.1589	1.1469	-1.2142
3826.0	15.699924000000001	6.821874	4.980537000000001	-0.32812189937493397	1.9634954084936207	-3.9706240482870996	-0.1504	1.148	-1.221
3827.0000000000005	15.553755	6.959214	5.153193	-0.3508111796508603	2.092649773141201	-2.6668630970473357	-0.1454	1.1452	-1.224
3828.0	14.617881	6.507954	5.898753	0.5026548245743669	1.4556045961632709	-1.3857914260834978	-0.1433	1.1395	-1.2299
3829.0	13.148343	6.791463	7.401645	1.1152653920243765	0.5235987755982988	-0.6894050545377601	-0.1445	1.1295	-1.2339
3829.9999999999995	12.747114000000002	7.906860000000001	8.31888	0.12391837689159739	-0.0942477796076938	-0.22863813201125716	-0.1486	1.1177	-1.2421
3831.0	11.808297000000001	7.207407000000001	9.253773	-0.2897246558310587	-0.14835298641951802	0.07504915783575616	-0.1544	1.1043	-1.2466
3832.0	10.923435	5.4239489999999995	9.712881	0.12391837689159739	-0.13264502315156904	-0.24958208303518914	-0.1614	1.0891	-1.2563
3833.0	9.513738	6.267609	9.748197000000001	0.24085543677521748	-0.0645771823237902	-0.21642082724729686	-0.1691	1.0719	-1.2686
3834.0000000000005	7.308450000000001	5.156136	9.540225000000001	0.19896753472735357	-0.07504915783575616	-0.16580627893946132	-0.1737	1.0569	-1.2747
3835.0	6.397101	3.201003	9.853164	0.19024088846738194	-0.024434609527920613	-0.16929693744344995	-0.1787	1.0464	-1.2781
3836.0	5.1571169999999995	1.591182	10.13373	0.031415926535897934	0.020943951023931952	-0.08377580409572781	-0.1802	1.0415	-1.2779
3836.9999999999995	4.598928	1.013373	10.303443000000001	-0.003490658503988659	-0.006981317007977318	-0.038397243543875255	-0.1821	1.0379	-1.281
3838.0000000000005	4.8039570000000005	1.0388789999999999	9.925758	-0.003490658503988659	-0.006981317007977318	-0.038397243543875255	-0.1838	1.0353	-1.281
3839.0	5.61132	0.21680100000000002	8.812323000000001	0.08552113334772216	0.008726646259971648	-0.09075712110370514	-0.1859	1.0339	-1.2812
3840.0	5.406291	-1.5696	8.307108000000001	0.09250245035569947	0.04014257279586958	-0.0942477796076938	-0.1875	1.0315	-1.2812
3840.9999999999995	5.6073960000000005	-1.688301	7.814646	0.08203047484373349	0.031415926535897934	-0.09250245035569947	-0.1887	1.0294	-1.2816
3842.0	5.731002000000001	-0.630783	7.863696	0.048869219055841226	0.015707963267948967	-0.06806784082777885	-0.1895	1.0269	-1.282
3843.0	5.67018	-0.577809	7.929423000000001	0.048869219055841226	0.015707963267948967	-0.06806784082777885	-0.19	1.0248	-1.2822
3844.0	5.671161	-0.6425550000000001	7.9617960000000005	-0.04014257279586958	0.017453292519943295	-0.020943951023931952	-0.1912	1.0234	-1.282
3845.0000000000005	5.578947	-0.7485030000000001	8.07363	-0.0	0.0	-0.04363323129985824	-0.1912	1.0226	-1.2831
3846.0	5.5387260000000005	-1.102644	8.078535	-0.008726646259971648	0.015707963267948967	-0.03316125578789226	-0.1915	1.0221	-1.2831
3847.0	5.544612000000001	-1.0751760000000001	8.060877	-0.010471975511965976	0.010471975511965976	-0.015707963267948967	-0.1921	1.0213	-1.2834
3847.9999999999995	5.549517	-1.0663470000000002	8.043219	-0.029670597283903602	0.020943951023931952	-0.0017453292519943296	-0.1921	1.0203	-1.2834
3849.0	5.545593	-0.9623610000000001	8.053029	-0.024434609527920613	0.003490658503988659	-0.008726646259971648	-0.1916	1.0193	-1.2836
3850.0	5.531859	-0.910368	8.071668	-0.03665191429188092	0.020943951023931952	0.003490658503988659	-0.1913	1.0193	-1.2838
3851.0	5.526954000000001	-0.897615	8.079516	-0.022689280275926284	-0.0017453292519943296	0.0	-0.1911	1.0197	-1.283
3852.0000000000005	5.534802000000001	-1.001601	8.05401	-0.04363323129985824	0.0	0.003490658503988659	-0.1911	1.0202	-1.2806
3853.0	5.54265	-1.100682	8.032428	-0.012217304763960306	0.005235987755982988	-0.006981317007977318	-0.1912	1.0209	-1.2769
3854.0	5.544612000000001	-1.097739	8.021637	-0.024434609527920613	0.012217304763960306	0.0	-0.1906	1.0214	-1.2704
3854.9999999999995	5.545593	-1.043784	8.019675000000001	-0.013962634015954637	0.003490658503988659	-0.008726646259971648	-0.1906	1.0215	-1.262
3856.0	5.5387260000000005	-1.0320120000000002	8.019675000000001	-0.038397243543875255	0.017453292519943295	0.012217304763960306	-0.191	1.0214	-1.2545
3857.0	5.539707	-1.04967	8.023599	-0.024434609527920613	0.012217304763960306	0.003490658503988659	-0.1908	1.0218	-1.2492
3858.0	5.537745	-1.0516320000000001	8.021637	-0.048869219055841226	0.024434609527920613	0.022689280275926284	-0.1909	1.0219	-1.2454
3859.0000000000005	5.535783	-1.050651	8.02458	-0.0645771823237902	0.0	0.03490658503988659	-0.191	1.0226	-1.2437
3860.0	5.531859	-1.03986	8.030466	-0.08203047484373349	0.012217304763960306	0.03665191429188092	-0.192	1.0232	-1.2437
3861.0	5.527935	-1.0428030000000001	8.037333	-0.07504915783575616	-0.006981317007977318	0.0471238898038469	-0.1926	1.0226	-1.2449
3861.9999999999995	5.522049	-1.02024	8.048124000000001	-0.08726646259971647	0.0	0.054105206811824215	-0.193	1.0237	-1.2475
3863.0000000000005	5.512239	-1.0084680000000001	8.054991000000001	-0.09250245035569947	-0.026179938779914945	0.048869219055841226	-0.1926	1.0247	-1.2515
3864.0	5.506353000000001	-1.00062	8.061858	-0.09948376736367678	-0.005235987755982988	0.05759586531581287	-0.1931	1.0252	-1.2577
3865.0	5.505372	-1.003563	8.072649	-0.1064650843716541	-0.04363323129985824	0.06632251157578452	-0.1933	1.0259	-1.2663
3865.9999999999995	5.501448	-1.001601	8.082459	-0.1361356816555577	-0.041887902047863905	0.07504915783575616	-0.1923	1.0266	-1.274
3867.0	5.511258	-1.024164	8.068725	-0.12740903539558607	-0.04537856055185257	0.08028514559173916	-0.1914	1.0275	-1.2781
3868.0	5.517144	-1.0172970000000001	8.067744000000001	-0.1466076571675237	-0.04537856055185257	0.09773843811168245	-0.1914	1.0286	-1.2784
3869.0	5.518125	-0.998658	8.078535	-0.1413716694115407	-0.054105206811824215	0.10122909661567112	-0.1913	1.0296	-1.2749
3870.0000000000005	5.524011000000001	-0.998658	8.075592	-0.20245819323134223	-0.05759586531581287	0.13962634015954636	-0.1904	1.0311	-1.268
3871.0	5.527935	-0.992772	8.076573000000002	-0.19896753472735357	-0.07504915783575616	0.15009831567151233	-0.1902	1.0335	-1.2594
3872.0	5.527935	-0.976095	8.086383000000001	-0.2303834612632515	-0.10297442586766545	0.17976891295541594	-0.19	1.035	-1.2514
3872.9999999999995	5.544612000000001	-0.967266	8.080497000000001	-0.2303834612632515	-0.10297442586766545	0.20769418098732523	-0.1903	1.037	-1.2458
3874.0	5.556384	-0.9888480000000001	8.067744000000001	-0.24958208303518914	-0.09599310885968812	0.21642082724729686	-0.1901	1.0391	-1.242
3875.0	5.5691370000000004	-1.052613	8.045181000000001	-0.21118483949131386	-0.10471975511965978	0.21642082724729686	-0.1903	1.0413	-1.2388
3876.0	5.582871000000001	-1.112454	8.016732000000001	-0.20769418098732523	-0.07679448708775051	0.21118483949131386	-0.1906	1.0449	-1.2377
3877.0000000000005	5.587776	-1.142865	8.006922000000001	-0.19024088846738194	-0.07679448708775051	0.19373154697137057	-0.1919	1.0478	-1.2378
3878.0	5.592681000000001	-1.195839	7.99515	-0.19722220547535926	-0.0715584993317675	0.2007128639793479	-0.1926	1.0507	-1.2399
3879.0	5.60151	-1.2753	7.965720000000001	-0.19373154697137057	-0.05235987755982989	0.20245819323134223	-0.1932	1.0538	-1.2444
3879.9999999999995	5.606415	-1.3341600000000002	7.944138	-0.158824961931484	-0.06283185307179587	0.19896753472735357	-0.1938	1.0568	-1.2515
3881.0	5.618187	-1.42245	7.906860000000001	-0.16580627893946132	-0.05061454830783556	0.1884955592153876	-0.1936	1.0597	-1.2566
3882.0	5.624073000000001	-1.5323220000000002	7.868601000000001	-0.14486232791552936	-0.03665191429188092	0.158824961931484	-0.1931	1.0622	-1.2622
3883.0	5.622111000000001	-1.630422	7.841133	-0.12217304763960307	-0.015707963267948967	0.14486232791552936	-0.1928	1.0646	-1.2623
3884.0000000000005	5.622111000000001	-1.68732	7.831323	-0.0890117918517108	-0.005235987755982988	0.11868238913561441	-0.1926	1.0674	-1.2664
3885.0	5.618187	-1.713807	7.815627	-0.0890117918517108	-0.005235987755982988	0.10122909661567112	-0.1917	1.0702	-1.2677
3886.0	5.614263	-1.7432370000000001	7.810722	-0.054105206811824215	0.005235987755982988	0.08552113334772216	-0.1909	1.072	-1.2662
3886.9999999999995	5.6024910000000006	-1.7913060000000003	7.796007	-0.041887902047863905	0.0017453292519943296	0.061086523819801536	-0.1896	1.0739	-1.2637
3888.0000000000005	5.599548	-1.836432	7.783254	-0.029670597283903602	-0.006981317007977318	0.048869219055841226	-0.1881	1.0762	-1.2623
3889.0	5.5916999999999994	-1.8570330000000002	7.775406	-0.026179938779914945	0.003490658503988659	0.038397243543875255	-0.1868	1.0779	-1.26
3890.0	5.589738	-1.859976	7.7812920000000005	-0.005235987755982988	0.0	0.012217304763960306	-0.1848	1.0796	-1.2568
3890.9999999999995	5.580909	-1.8403559999999999	7.789140000000001	-0.005235987755982988	0.0017453292519943296	0.005235987755982988	-0.184	1.0807	-1.2567
3892.0	5.580909	-1.804059	7.800912	-0.020943951023931952	-0.005235987755982988	0.006981317007977318	-0.1841	1.0825	-1.256
3893.0	5.575023000000001	-1.7658	7.818570000000001	-0.0	-0.019198621771937627	0.006981317007977318	-0.1837	1.0833	-1.2579
3894.0	5.563251000000001	-1.739313	7.827399000000001	-0.008726646259971648	-0.03490658503988659	0.0	-0.1839	1.0839	-1.255
3895.0000000000005	5.566194	-1.721655	7.841133	-0.003490658503988659	-0.024434609527920613	0.0	-0.1842	1.0839	-1.252
3896.0	5.570118	-1.691244	7.852905000000001	-0.0	-0.026179938779914945	0.0	-0.1848	1.0838	-1.2509
3897.0	5.577966	-1.654947	7.861734	0.008726646259971648	-0.029670597283903602	0.0	-0.1849	1.0839	-1.2508
3897.9999999999995	5.588757	-1.612764	7.865658	-0.0017453292519943296	-0.024434609527920613	0.010471975511965976	-0.1851	1.0836	-1.2491
3899.0	5.6024910000000006	-1.577448	7.870563000000001	-0.0	-0.027925268031909273	0.019198621771937627	-0.1856	1.0833	-1.2503
3900.0	5.606415	-1.552923	7.876449	-0.015707963267948967	-0.019198621771937627	0.031415926535897934	-0.1869	1.083	-1.2517
3901.0	5.61132	-1.535265	7.881354000000001	-0.020943951023931952	-0.027925268031909273	0.03665191429188092	-0.1873	1.082	-1.2515
3902.0000000000005	5.617206	-1.521531	7.888221000000001	-0.04363323129985824	-0.0471238898038469	0.05759586531581287	-0.1869	1.0812	-1.2484
3903.0	5.623092000000001	-1.507797	7.888221000000001	-0.031415926535897934	-0.054105206811824215	0.059341194567807204	-0.1873	1.0812	-1.2473
3904.0	5.6378070000000005	-1.4999490000000002	7.889202000000001	-0.0471238898038469	-0.03316125578789226	0.06981317007977318	-0.1869	1.0815	-1.2461
3904.9999999999995	5.639769	-1.475424	7.886259	-0.05061454830783556	-0.054105206811824215	0.07330382858376185	-0.1868	1.0814	-1.2457
3906.0	5.638788	-1.4528610000000002	7.888221000000001	-0.06806784082777885	-0.04537856055185257	0.0890117918517108	-0.1865	1.0818	-1.2445
3907.0	5.642712	-1.4479560000000002	7.895088	-0.054105206811824215	-0.05585053606381855	0.08726646259971647	-0.1862	1.0821	-1.2432
3908.0	5.641731	-1.456785	7.896069	-0.06632251157578452	-0.048869219055841226	0.1064650843716541	-0.1864	1.0831	-1.2427
3909.0000000000005	5.641731	-1.455804	7.895088	-0.07504915783575616	-0.06981317007977318	0.1117010721276371	-0.1863	1.0839	-1.2393
3910.0	5.649579	-1.4715	7.886259	-0.09948376736367678	-0.059341194567807204	0.12391837689159739	-0.1859	1.0846	-1.236
3911.0	5.661351	-1.475424	7.8803730000000005	-0.07679448708775051	-0.06632251157578452	0.12566370614359174	-0.1859	1.0864	-1.2342
3911.9999999999995	5.671161	-1.4793479999999999	7.8676200000000005	-0.1064650843716541	-0.054105206811824215	0.143116998663535	-0.1859	1.0879	-1.235
3913.0000000000005	5.682933	-1.484253	7.858791000000001	-0.09599310885968812	-0.05235987755982989	0.15533430342749532	-0.1855	1.0888	-1.2342
3914.0	5.697648	-1.476405	7.850943000000001	-0.10995574287564276	-0.041887902047863905	0.158824961931484	-0.185	1.0896	-1.233
3915.0	5.704515000000001	-1.477386	7.844076	-0.09773843811168245	-0.041887902047863905	0.1710422666954443	-0.1852	1.0911	-1.2318
3915.9999999999995	5.70942	-1.477386	7.848981000000001	-0.12740903539558607	-0.020943951023931952	0.18151424220741028	-0.1847	1.0929	-1.2309
3917.0	5.713344	-1.5019110000000002	7.8421140000000005	-0.12217304763960307	-0.04363323129985824	0.18675022996339324	-0.1849	1.0947	-1.23
3918.0	5.713344	-1.524474	7.835247	-0.1291543646475804	-0.029670597283903602	0.19024088846738194	-0.1842	1.0963	-1.2288
3919.0	5.718249	-1.5342840000000002	7.831323	-0.12042771838760874	-0.041887902047863905	0.19896753472735357	-0.1837	1.0977	-1.2277
3920.0000000000005	5.723154000000001	-1.5480180000000001	7.819551000000001	-0.1361356816555577	-0.04014257279586958	0.19373154697137057	-0.1829	1.0992	-1.2264
3921.0	5.723154000000001	-1.5794100000000002	7.80876	-0.1361356816555577	-0.029670597283903602	0.20769418098732523	-0.1819	1.1014	-1.2253
3922.0	5.717268	-1.619631	7.807779000000001	-0.14486232791552936	-0.024434609527920613	0.21118483949131386	-0.1808	1.1033	-1.2238
3922.9999999999995	5.712363000000001	-1.6431750000000003	7.805817	-0.143116998663535	-0.03665191429188092	0.20420352248333654	-0.1798	1.1058	-1.2228
3924.0	5.702553000000001	-1.694187	7.806798	-0.14486232791552936	-0.03665191429188092	0.2007128639793479	-0.1791	1.1079	-1.2216
3925.0	5.698629	-1.7324460000000002	7.810722	-0.1466076571675237	-0.054105206811824215	0.21118483949131386	-0.1774	1.1103	-1.2203
3926.0	5.703534	-1.7746290000000002	7.796007	-0.1466076571675237	-0.061086523819801536	0.21642082724729686	-0.1755	1.1127	-1.2192
3927.0000000000005	5.703534	-1.803078	7.778349000000001	-0.15358897417550102	-0.05235987755982989	0.2129301687433082	-0.1733	1.115	-1.2174
3928.0	5.69961	-1.8266220000000002	7.779330000000001	-0.14486232791552936	-0.03665191429188092	0.20769418098732523	-0.1716	1.1168	-1.2149
3929.0	5.700591	-1.8658620000000001	7.765596	-0.16057029118347832	-0.048869219055841226	0.21118483949131386	-0.1696	1.1197	-1.2094
3929.9999999999995	5.700591	-1.8766530000000001	7.759710000000001	-0.15358897417550102	-0.031415926535897934	0.21991148575128552	-0.1679	1.1227	-1.2023
3931.0	5.7015720000000005	-1.907064	7.748919000000001	-0.16580627893946132	-0.0017453292519943296	0.21467549799530256	-0.1664	1.125	-1.1935
3932.0	5.69961	-1.95219	7.742052	-0.1361356816555577	-0.015707963267948967	0.20943951023931956	-0.1653	1.1275	-1.1846
3933.0	5.683914000000001	-2.043423	7.723413000000001	-0.158824961931484	-0.015707963267948967	0.19024088846738194	-0.164	1.1303	-1.1772
3934.0000000000005	5.661351	-2.123865	7.705755	-0.08203047484373349	-0.003490658503988659	0.1413716694115407	-0.1628	1.1329	-1.1717
3935.0	5.644674	-2.237661	7.700850000000001	-0.08552113334772216	-0.010471975511965976	0.08377580409572781	-0.163	1.1358	-1.1686
3936.0	5.625054	-2.310255	7.698888000000001	-0.05061454830783556	-0.020943951023931952	0.015707963267948967	-0.1624	1.1374	-1.1672
3936.9999999999995	5.587776	-2.3387040000000003	7.721451000000001	-0.09599310885968812	-0.015707963267948967	-0.04014257279586958	-0.162	1.1392	-1.1677
3938.0000000000005	5.575023000000001	-2.388735	7.723413000000001	-0.15009831567151233	0.0017453292519943296	-0.12391837689159739	-0.1617	1.1408	-1.169
3939.0	5.546574000000001	-2.424051	7.719489000000001	-0.2775073510670984	0.029670597283903602	-0.24085543677521748	-0.162	1.1421	-1.173
3940.0	5.519106	-2.490759	7.720470000000001	-0.3368485456349056	0.03665191429188092	-0.28099800957108706	-0.1622	1.143	-1.1783
3940.9999999999995	5.485752000000001	-2.519208	7.7430330000000005	-0.4886921905584123	0.06283185307179587	-0.41713369122664473	-0.1631	1.1443	-1.1848
3942.0	5.472018	-2.56041	7.7302800000000005	-0.6492624817418906	0.10471975511965978	-0.5550147021341968	-0.1641	1.145	-1.1911
3943.0	5.469075	-2.523132	7.769520000000001	-0.8150687606813519	0.13264502315156904	-0.7627088831215221	-0.1654	1.1456	-1.1952
3944.0	5.432778	-2.546676	7.796988	-0.9128071987930343	0.16057029118347832	-0.9494591130849153	-0.166	1.147	-1.1949
3945.0000000000005	5.436702	-2.5407900000000003	7.788159000000001	-1.0821041362364843	0.21642082724729686	-1.1397000015522971	-0.168	1.148	-1.1906
3946.0	5.398443	-2.5996500000000005	7.770501	-1.0663961729685354	0.23911010752322315	-1.3299408900196792	-0.1711	1.1497	-1.1813
3947.0	5.429835000000001	-2.6084790000000004	7.736166	-1.3107422682477414	0.31066860685499065	-1.4503686084072878	-0.176	1.1517	-1.1688
3947.9999999999995	5.451417	-2.6977500000000005	7.670439000000001	-1.4119713648634127	0.39269908169872414	-1.6441001553786585	-0.1816	1.1541	-1.1551
3949.0	5.480847	-2.7389520000000003	7.635123	-1.494001839707146	0.4939281783143953	-1.7872171540421935	-0.1881	1.1562	-1.1427
3950.0	5.5083150000000005	-2.7821160000000003	7.583130000000001	-1.5446163880149817	0.5707226654021458	-1.9216075064457567	-0.1955	1.1579	-1.1314
3951.0	5.543631	-2.8321470000000004	7.523289000000001	-1.5847589608108512	0.6440264939859076	-2.022836603061428	-0.2032	1.1594	-1.122
3952.0000000000005	5.556384	-2.842938	7.504650000000001	-1.5969762655748114	0.6876597252857658	-2.092649773141201	-0.2115	1.1614	-1.114
3953.0	5.573061000000001	-2.86452	7.4683530000000005	-1.589994948566834	0.6946410422937431	-2.118829711921116	-0.2212	1.1632	-1.107
3954.0	5.61132	-2.82528	7.453638000000001	-1.603957582582789	0.6911503837897546	-2.1450096507010312	-0.2325	1.1645	-1.1016
3954.9999999999995	5.6024910000000006	-2.780154	7.484049000000001	-1.5987215948268059	0.6579891280018623	-2.1642082724729685	-0.243	1.165	-1.0975
3956.0	5.625054	-2.706579	7.538985	-1.6004669240788003	0.6056292504420324	-2.138028333693054	-0.2548	1.1641	-1.0967
3957.0	5.597586000000001	-2.6977500000000005	7.613541000000001	-1.6214108751027323	0.5183627878423158	-2.1258110289290935	-0.2664	1.1628	-1.0966
3958.0	5.566194	-2.577087	7.719489000000001	-1.6353735091186867	0.4468042885105484	-2.1101030656611446	-0.2778	1.1609	-1.095
3959.0000000000005	5.523029999999999	-2.5545240000000002	7.845057	-1.656317460142619	0.40491638646268446	-2.0839231268812295	-0.2893	1.159	-1.0936
3960.0	5.481828	-2.494683	7.959834000000001	-1.6545721308906243	0.32114058236695664	-2.0891591146372126	-0.3017	1.1572	-1.0882
3961.0	5.460246	-2.458386	8.029485000000001	-1.7139133254584316	0.2897246558310587	-2.0996310901491784	-0.3144	1.1542	-1.0814
3961.9999999999995	5.464170000000001	-2.409336	8.059896	-1.7610372152622786	0.27576202181510406	-2.134537675189065	-0.3271	1.1507	-1.0723
3963.0000000000005	5.463189	-2.410317	8.061858	-1.8308503853420517	0.30717794835100204	-2.2043508452688383	-0.3402	1.1469	-1.064
3964.0	5.488695	-2.398545	8.032428	-1.8971728969178363	0.3508111796508603	-2.26543736908864	-0.3535	1.1425	-1.0564
3965.0	5.528916000000001	-2.388735	7.962777	-1.9739673840055867	0.4258603374866164	-2.3387411976724017	-0.3672	1.1378	-1.0451
3965.9999999999995	5.5916999999999994	-2.362248	7.853886	-2.007128639793479	0.48171087355043496	-2.3544491609403506	-0.3807	1.1336	-1.0319
3967.0	5.662332000000001	-2.3269320000000002	7.737147	-2.049016541841343	0.5794493116621174	-2.3788837704682715	-0.394	1.1289	-1.0189
3968.0	5.716287	-2.2965210000000003	7.638066	-2.090904443889207	0.6649704450098396	-2.3806290997202657	-0.4084	1.1243	-1.0073
3969.0	5.784957	-2.1935160000000002	7.527213000000001	-2.1153390534171272	0.7243116395776468	-2.3125612588924866	-0.4224	1.1191	-0.9936
3970.0000000000005	5.857551	-2.0807010000000004	7.470315	-2.0821777976292353	0.7330382858376184	-2.1956241990088667	-0.4363	1.1129	-0.9824
3971.0	5.90562	-1.899216	7.489935	-2.0943951023931953	0.7278022980816354	-2.0245819323134224	-0.4506	1.1065	-0.9698
3972.0	5.939955	-1.6853580000000001	7.551738000000001	-2.0856684561332237	0.7068583470577035	-1.8413223608540177	-0.464	1.1001	-0.9574
3972.9999999999995	5.995872	-1.429317	7.668477	-2.1537362969610028	0.6562437987498679	-1.7488199104983182	-0.4766	1.0935	-0.9407
3974.0	6.143022	-0.986886	7.802874	-2.4469516112960497	0.7155849933176751	-1.5114551322270893	-0.4887	1.0875	-0.9244
3975.0	6.375519000000001	-0.486576	7.897050000000001	-2.8989918875625813	1.0053096491487339	-1.2287117934040082	-0.499	1.0827	-0.9133
3976.0	6.681591000000001	-0.089271	7.957872000000001	-3.3876840781209934	1.4538592669112764	-0.9424777960769379	-0.5081	1.0798	-0.9033
3977.0000000000005	7.045542	0.165789	7.922556	-3.7926004645836784	1.9687313962496036	-0.7539822368615504	-0.5158	1.0782	-0.8967
3978.0	7.344747000000001	0.22464900000000002	7.817589000000001	-3.937462792499207	2.4068090385001804	-0.7138396640656808	-0.5202	1.0791	-0.8886
3979.0	7.628256	0.11968200000000001	7.590978000000001	-3.956661414271145	2.5970499269675624	-0.7208209810736581	-0.5229	1.0824	-0.878
3979.9999999999995	7.857810000000001	-0.075537	7.24959	-3.8728856101754174	2.9461157773664284	-0.8045967851693859	-0.522	1.09	-0.8678
3981.0	8.023599	-0.409077	6.873867000000001	-3.7018433434799727	3.2114058236695664	-0.8639379797371931	-0.5189	1.0997	-0.8598
3982.0	8.143281	-0.7848	6.515802000000001	-3.5796702958403697	3.3719761148530445	-1.0088003076527223	-0.5136	1.1114	-0.8527
3983.0	8.357139	-1.0428030000000001	6.14106	-3.771656513559746	3.5377823937925057	-1.2374384396639797	-0.5063	1.1244	-0.8484
3984.0000000000005	8.844696	-1.563714	5.697648	-3.8885935734433663	3.6878807094640185	-1.8203784098300857	-0.4984	1.1387	-0.8442
3985.0	9.498042	-2.6006310000000004	5.044302	-2.7523842303950574	3.4697145529647275	-2.937389131106457	-0.4905	1.1515	-0.8402
3986.0	10.481004	-3.564954	4.4939610000000005	-2.10835773640915	3.429571980168858	-3.6564647829281203	-0.4841	1.1602	-0.8392
3986.9999999999995	11.764152000000001	-3.827862	4.059378000000001	-1.8099064343181197	3.9409534510031965	-4.553564018453206	-0.4798	1.1645	-0.8384
3988.0000000000005	12.653919000000002	-3.9465630000000003	3.510999	-2.132792345937071	4.047418535374851	-5.213298475707062	-0.4794	1.1628	-0.8436
3989.0	13.309227000000002	-3.8121660000000004	2.849805	-2.780309498426967	3.569198320328404	-6.113888369736137	-0.4824	1.1546	-0.8533
3990.0	14.192127000000001	-3.3540389999999998	2.2621860000000003	-3.4679692237127324	3.244567079457459	-6.810274741281874	-0.4899	1.1391	-0.8647
3990.9999999999995	15.250626	-3.8445390000000006	1.902159	-2.171189589480946	2.9286624848464853	-7.4473199182598036	-0.5013	1.1154	-0.8775
3992.0	16.095267	-4.699971000000001	1.654947	-1.1955505376161157	2.6965336943312392	-7.686430025783027	-0.5171	1.0814	-0.8932
3993.0	16.478838	-5.299362	1.394001	0.041887902047863905	2.059488517353309	-7.969173364606109	-0.5366	1.0369	-0.9117
3994.0	16.261056	-5.37588	1.189953	0.17976891295541594	1.2199851471440364	-7.960446718346137	-0.5583	0.9812	-0.932
3995.0000000000005	15.725430000000001	-5.024682	1.2870720000000002	0.05585053606381855	0.5166174585903216	-7.749261878854823	-0.5818	0.9165	-0.952
3996.0	14.686551000000001	-4.877532	1.388115	0.36477381366681483	-0.10995574287564276	-7.436847942747838	-0.6052	0.845	-0.97
3997.0	13.083597000000001	-5.447493000000001	1.488177	0.9756390518648302	-0.8726646259971648	-7.016223593017205	-0.6279	0.7678	-0.9849
3997.9999999999995	11.829879	-5.847741	1.782477	1.3177235852557188	-1.6214108751027323	-6.42979296434711	-0.6489	0.6844	-0.9953
3999.0	10.810620000000002	-6.165585	2.303388	1.345648853287628	-1.9303341527057283	-6.082472443200238	-0.668	0.5973	-1.0022
4000.0	9.6138	-6.796368	2.8272420000000005	1.4154620233674011	-2.4469516112960497	-5.440191278466325	-0.6845	0.5061	-1.0047
4001.0	8.234514	-6.546213000000001	3.10977	1.6371188383706812	-2.8623399732707004	-4.832816698772298	-0.6983	0.4147	-1.0009
4002.0000000000005	7.005321	-6.079257000000001	3.2265090000000005	1.9582594207376378	-3.207915165165578	-4.220206131322289	-0.7107	0.3258	-0.9905
4003.0	5.862456000000001	-6.0547320000000004	3.248091	2.050761871093337	-3.4121186876489142	-3.506366467256608	-0.7205	0.2396	-0.9725
4004.0	6.2862480000000005	-4.691142	3.6473580000000005	1.1833332328521553	-3.3108895910332428	-2.2497294058206907	-0.7277	0.1589	-0.9473
4004.9999999999995	6.549156	-4.944240000000001	4.948164	-0.9896016858807849	-1.8622663118779497	-0.6754424205218056	-0.7331	0.0892	-0.9215
4006.0	4.544973	-5.858531999999999	5.2944569999999995	-3.459242577452761	0.6894050545377601	1.1623892818282233	-0.7365	0.0325	-0.8957
4007.0	3.341286	-5.633883000000001	6.448113	-3.368485456349056	0.16755160819145562	2.139773662945048	-0.7385	-0.0101	-0.8699
4008.0	2.467215	-6.670800000000001	7.899993	-4.30572726467001	1.3945180723434694	3.178244567881674	-0.7401	-0.0357	-0.8479
4009.0000000000005	0.726921	-7.411455	9.771741	-2.722713633111154	2.5272367568877896	2.7663468644110125	-0.7404	-0.0469	-0.8298
4010.0	-0.012753	-7.589997000000001	11.049984000000002	-1.0297442586766545	2.738421596379103	2.584832622203602	-0.7388	-0.0459	-0.8179
4011.0	0.9123300000000001	-7.044561	11.440422	-1.70518667919846	2.5010568181078745	2.092649773141201	-0.7352	-0.0339	-0.8144
4011.9999999999995	0.7975530000000001	-7.791102	12.420441	-1.18507856210415	3.0124382889422128	1.837831702350029	-0.7282	-0.0122	-0.8206
4013.0000000000005	1.213497	-7.593921000000001	13.231728	0.05235987755982989	2.2287854547967587	1.3753194505715316	-0.7196	0.0177	-0.8356
4014.0	0.16677000000000003	-9.195894000000001	13.815423000000001	0.041887902047863905	2.0176006153054447	0.9197885158010117	-0.7098	0.0536	-0.8607
4015.0	-0.600372	-9.230229	13.392612	0.22863813201125716	1.5219271077390555	0.5742133239061344	-0.6981	0.0889	-0.8894
4015.9999999999995	0.94176	-8.111889	13.849758	0.33510321638291124	0.9930923443847735	0.2897246558310587	-0.6865	0.1215	-0.9185
4017.0	1.751085	-7.9539480000000005	13.647672	0.4363323129985824	0.460766922526503	0.0645771823237902	-0.6745	0.1493	-0.9489
4018.0	2.5986690000000006	-6.274476	12.820689	0.21467549799530256	0.23387411976724015	-0.019198621771937627	-0.6615	0.1697	-0.9774
4019.0	4.289913	-5.132592	11.558142	0.026179938779914945	0.08726646259971647	-0.029670597283903602	-0.6499	0.184	-1.0042
4020.0000000000005	5.072751	-4.5930420000000005	10.714482	-0.10297442586766545	-0.048869219055841226	0.006981317007977318	-0.6391	0.1943	-1.0282
4021.0	4.30659	-4.634244	10.690938000000001	-0.09599310885968812	-0.054105206811824215	0.0017453292519943296	-0.6305	0.2008	-1.0477
4022.0	4.700952	-3.1637250000000003	10.085661	-0.09948376736367678	0.027925268031909273	0.027925268031909273	-0.6242	0.2034	-1.0603
4022.9999999999995	4.801995	-2.6487000000000003	9.764874	-0.14486232791552936	0.05585053606381855	0.07853981633974483	-0.6191	0.2048	-1.0669
4024.0	5.004081	-2.1925350000000003	9.330291	-0.15358897417550102	0.027925268031909273	0.059341194567807204	-0.6157	0.2053	-1.0675
4025.0	5.136515999999999	-1.71675	8.965359000000001	-0.16057029118347832	0.041887902047863905	0.05759586531581287	-0.6139	0.2054	-1.0622
4026.0	5.316039000000001	-1.469538	8.634762	-0.10297442586766545	0.026179938779914945	0.054105206811824215	-0.613	0.2052	-1.0558
4027.0000000000005	5.623092000000001	-1.232136	8.136414	-0.10471975511965978	0.010471975511965976	0.06981317007977318	-0.612	0.2059	-1.0494
4028.0	5.686857	-1.370457	7.937271000000001	-0.1117010721276371	0.005235987755982988	0.10471975511965978	-0.6118	0.2068	-1.0447
4029.0	5.784957	-1.4646329999999999	7.750881000000001	-0.14835298641951802	-0.022689280275926284	0.1117010721276371	-0.6112	0.2081	-1.0416
4029.9999999999995	5.7879	-1.476405	7.734204	-0.1884955592153876	-0.027925268031909273	0.12740903539558607	-0.6121	0.2093	-1.0406
4031.0	5.754546	-1.51074	7.791102	-0.19198621771937624	-0.048869219055841226	0.13439035240356337	-0.6126	0.2113	-1.0409
4032.0	5.711382	-1.619631	7.844076	-0.20769418098732523	-0.0645771823237902	0.143116998663535	-0.6131	0.2137	-1.0432
4033.0	5.7015720000000005	-1.691244	7.858791000000001	-0.21118483949131386	-0.04537856055185257	0.16057029118347832	-0.614	0.2162	-1.0479
4034.0000000000005	5.707458	-1.7324460000000002	7.838190000000001	-0.17453292519943295	-0.05235987755982989	0.143116998663535	-0.615	0.2183	-1.0537
4035.0	5.724135	-1.7285220000000001	7.813665	-0.14835298641951802	-0.024434609527920613	0.13962634015954636	-0.6163	0.2211	-1.0634
4036.0	5.728059	-1.7756100000000001	7.784235	-0.10821041362364843	-0.012217304763960306	0.12566370614359174	-0.6168	0.2231	-1.0744
4036.9999999999995	5.735907	-1.8383940000000003	7.753824000000001	-0.07679448708775051	-0.015707963267948967	0.1064650843716541	-0.6189	0.2249	-1.0815
4038.0000000000005	5.740812000000001	-1.9100070000000002	7.7302800000000005	-0.06283185307179587	-0.005235987755982988	0.09599310885968812	-0.6197	0.2269	-1.0856
4039.0	5.749641	-1.996335	7.701831	-0.054105206811824215	-0.027925268031909273	0.09773843811168245	-0.6208	0.229	-1.0869
4040.0	5.759450999999999	-2.065986	7.673382	-0.05585053606381855	0.0	0.09250245035569947	-0.6211	0.2312	-1.0859
4040.9999999999995	5.761413000000001	-2.091492	7.662591000000001	-0.03490658503988659	0.003490658503988659	0.07853981633974483	-0.6207	0.2328	-1.0863
4042.0	5.7623940000000005	-2.1160170000000003	7.646895	-0.029670597283903602	0.015707963267948967	0.07504915783575616	-0.6199	0.2349	-1.086
4043.0	5.754546	-2.134656	7.6439520000000005	-0.031415926535897934	0.006981317007977318	0.07853981633974483	-0.6195	0.2367	-1.0843
4044.0	5.745717	-2.116998	7.647876	-0.015707963267948967	0.015707963267948967	0.048869219055841226	-0.6191	0.2377	-1.0831
4045.0000000000005	5.734926000000001	-2.0905110000000002	7.663572	-0.010471975511965976	0.010471975511965976	0.04537856055185257	-0.6184	0.2387	-1.0806
4046.0	5.735907	-2.066967	7.6694580000000006	0.010471975511965976	0.003490658503988659	0.04014257279586958	-0.618	0.2403	-1.0771
4047.0	5.73885	-2.05029	7.672401000000001	0.006981317007977318	0.003490658503988659	0.04014257279586958	-0.617	0.2415	-1.0763
4047.9999999999995	5.742774000000001	-2.024784	7.670439000000001	-0.0017453292519943296	-0.0017453292519943296	0.04537856055185257	-0.617	0.2424	-1.0769
4049.0	5.739831	-2.009088	7.67142	0.003490658503988659	0.0	0.04014257279586958	-0.6171	0.2429	-1.0788
4050.0	5.73885	-1.9943730000000002	7.679268000000001	-0.005235987755982988	0.012217304763960306	0.038397243543875255	-0.6174	0.2441	-1.0802
4051.0	5.741793	-1.975734	7.677306	-0.006981317007977318	0.003490658503988659	0.031415926535897934	-0.6183	0.244	-1.0771
4052.0000000000005	5.742774000000001	-1.9600380000000002	7.687116	-0.027925268031909273	-0.006981317007977318	0.05235987755982989	-0.6191	0.2447	-1.0773
4053.0	5.752584000000001	-1.935513	7.689078000000001	-0.03490658503988659	-0.005235987755982988	0.05759586531581287	-0.6193	0.2443	-1.0759
4054.0	5.760432000000001	-1.918836	7.691040000000001	-0.048869219055841226	0.0	0.07853981633974483	-0.6195	0.2448	-1.0821
4054.9999999999995	5.765337000000001	-1.901178	7.694964000000001	-0.06806784082777885	0.006981317007977318	0.08203047484373349	-0.6199	0.2453	-1.0854
4056.0	5.766318	-1.88352	7.696926	-0.0645771823237902	0.005235987755982988	0.08377580409572781	-0.6204	0.2455	-1.0858
4057.0	5.774166	-1.8805770000000002	7.693002000000001	-0.07853981633974483	0.010471975511965976	0.08726646259971647	-0.6202	0.2458	-1.0861
