PacketCounter	Acc_X	Acc_Y	Acc_Z	Gyr_X	Gyr_Y	Gyr_Z	Mag_X	Mag_Y	Mag_Z
0.0	-9.72171	-0.64746	0.602334	-0.03490658503988659	-0.08203047484373349	0.013962634015954637	0.9722	-0.3242	-0.1488
1.0	-9.755064	-0.640593	0.48559500000000005	-0.04363323129985824	0.09075712110370514	0.015707963267948967	0.973	-0.3186	-0.1068
2.0	-9.727596	-0.663156	0.5738850000000001	-0.04537856055185257	0.08203047484373349	0.012217304763960306	0.9714	-0.3196	-0.1147
3.0	-9.74133	-0.6425550000000001	0.5935050000000001	-0.05759586531581287	0.08377580409572781	0.012217304763960306	0.9718	-0.3219	-0.1238
4.0	-9.73152	-0.663156	0.623916	-0.06981317007977318	0.0942477796076938	0.015707963267948967	0.9718	-0.3221	-0.1274
5.0	-9.746235	-0.622935	0.7004340000000001	-0.06283185307179587	0.07853981633974483	0.012217304763960306	0.9717	-0.3221	-0.1263
6.0	-9.745254	-0.6425550000000001	0.698472	-0.0715584993317675	0.08552113334772216	0.020943951023931952	0.9715	-0.322	-0.1313
7.000000000000001	-9.746235	-0.670023	0.673947	-0.0715584993317675	0.08203047484373349	0.012217304763960306	0.9728	-0.3222	-0.1308
8.0	-9.745254	-0.664137	0.7190730000000001	-0.08552113334772216	0.07330382858376185	0.017453292519943295	0.9731	-0.3223	-0.1324
9.0	-9.742311	-0.6749280000000001	0.7435980000000001	-0.07504915783575616	0.07504915783575616	0.019198621771937627	0.9729	-0.322	-0.135
10.0	-9.74133	-0.6759090000000001	0.74556	-0.07504915783575616	0.07679448708775051	0.012217304763960306	0.9722	-0.3213	-0.1382
11.0	-9.742311	-0.671004	0.7720470000000001	-0.08726646259971647	0.08028514559173916	0.012217304763960306	0.972	-0.3222	-0.1434
12.0	-9.752121	-0.6533460000000001	0.795591	-0.09599310885968812	0.07679448708775051	0.020943951023931952	0.9722	-0.3228	-0.1479
13.0	-9.744273	-0.6857190000000001	0.777933	-0.08203047484373349	0.07330382858376185	0.024434609527920613	0.9722	-0.3226	-0.1496
14.000000000000002	-9.740349	-0.673947	0.826983	-0.08726646259971647	0.07679448708775051	0.022689280275926284	0.9719	-0.3225	-0.152
15.0	-9.740349	-0.6847380000000001	0.8132490000000001	-0.08028514559173916	0.07679448708775051	0.020943951023931952	0.9722	-0.3223	-0.1558
16.0	-9.740349	-0.6768900000000001	0.835812	-0.08028514559173916	0.07330382858376185	0.019198621771937627	0.9724	-0.3227	-0.1562
17.0	-9.740349	-0.672966	0.835812	-0.08377580409572781	0.08203047484373349	0.012217304763960306	0.9712	-0.3227	-0.1596
18.0	-9.745254	-0.693567	0.7720470000000001	-0.08377580409572781	0.07679448708775051	0.012217304763960306	0.9705	-0.3227	-0.1615
19.0	-9.743292	-0.7102440000000001	0.7328070000000001	-0.0890117918517108	0.07330382858376185	0.015707963267948967	0.9703	-0.323	-0.162
20.0	-9.742311	-0.7004340000000001	0.778914	-0.08203047484373349	0.08203047484373349	0.015707963267948967	0.9703	-0.3235	-0.161
21.0	-9.734463	-0.711225	0.7985340000000001	-0.07679448708775051	0.08726646259971647	0.015707963267948967	0.97	-0.3236	-0.1615
22.0	-9.718767000000001	-0.73575	0.8054010000000001	-0.07504915783575616	0.08726646259971647	0.019198621771937627	0.9694	-0.3231	-0.1606
23.0	-9.716805	-0.722997	0.828945	-0.06981317007977318	0.07853981633974483	0.017453292519943295	0.9689	-0.3232	-0.1608
24.0	-9.717786	-0.7328070000000001	0.786762	-0.0715584993317675	0.07853981633974483	0.015707963267948967	0.969	-0.3224	-0.1607
25.0	-9.708957000000002	-0.734769	0.795591	-0.0645771823237902	0.08726646259971647	0.008726646259971648	0.9673	-0.3226	-0.1604
26.0	-9.707976	-0.7318260000000001	0.7808760000000001	-0.06283185307179587	0.08028514559173916	0.012217304763960306	0.9665	-0.3218	-0.1605
27.0	-9.703071	-0.712206	0.8338500000000001	-0.05235987755982989	0.08028514559173916	0.012217304763960306	0.9662	-0.3221	-0.1612
28.000000000000004	-9.697185000000001	-0.711225	0.858375	-0.059341194567807204	0.08203047484373349	0.019198621771937627	0.9664	-0.3222	-0.1608
28.999999999999996	-9.703071	-0.680814	0.881919	-0.061086523819801536	0.08552113334772216	0.017453292519943295	0.9664	-0.3225	-0.1613
30.0	-9.700128000000001	-0.6994530000000001	0.834831	-0.05061454830783556	0.08203047484373349	0.012217304763960306	0.9666	-0.3231	-0.1612
31.0	-9.700128000000001	-0.6955290000000001	0.825021	-0.05585053606381855	0.08028514559173916	0.012217304763960306	0.9664	-0.3229	-0.1605
32.0	-9.706995000000001	-0.6768900000000001	0.821097	-0.059341194567807204	0.09075712110370514	0.006981317007977318	0.9668	-0.3233	-0.1613
33.0	-9.704052	-0.6837570000000001	0.821097	-0.0645771823237902	0.08552113334772216	0.015707963267948967	0.9667	-0.3229	-0.1599
34.0	-9.695223	-0.6837570000000001	0.8475840000000001	-0.06283185307179587	0.08726646259971647	0.006981317007977318	0.9664	-0.3237	-0.1607
35.0	-9.697185000000001	-0.665118	0.870147	-0.0715584993317675	0.08377580409572781	0.013962634015954637	0.9675	-0.3238	-0.1611
36.0	-9.707976	-0.654327	0.852489	-0.07853981633974483	0.0942477796076938	0.005235987755982988	0.9685	-0.3244	-0.1601
37.0	-9.713862	-0.664137	0.8004960000000001	-0.07504915783575616	0.09075712110370514	0.006981317007977318	0.9689	-0.3241	-0.1581
38.0	-9.717786	-0.664137	0.783819	-0.08203047484373349	0.10297442586766545	0.008726646259971648	0.969	-0.3244	-0.1554
39.0	-9.712881	-0.673947	0.782838	-0.08203047484373349	0.0890117918517108	0.017453292519943295	0.9694	-0.3246	-0.1573
40.0	-9.730539	-0.6660990000000001	0.758313	-0.08552113334772216	0.0890117918517108	0.015707963267948967	0.9695	-0.3245	-0.1583
41.0	-9.737406	-0.6621750000000001	0.7661610000000001	-0.08552113334772216	0.09075712110370514	0.006981317007977318	0.97	-0.3244	-0.157
42.0	-9.745254	-0.665118	0.760275	-0.08552113334772216	0.08726646259971647	0.019198621771937627	0.9698	-0.3245	-0.1559
43.0	-9.762912	-0.6278400000000001	0.7857810000000001	-0.08203047484373349	0.09773843811168245	0.015707963267948967	0.9702	-0.3254	-0.1552
44.0	-9.773703	-0.623916	0.777933	-0.07853981633974483	0.07853981633974483	0.012217304763960306	0.971	-0.3252	-0.1531
45.0	-9.763893	-0.6494219999999999	0.783819	-0.07504915783575616	0.08726646259971647	0.013962634015954637	0.9712	-0.3251	-0.1556
46.0	-9.753102	-0.679833	0.7769520000000001	-0.0715584993317675	0.08028514559173916	0.006981317007977318	0.9709	-0.3246	-0.1572
47.0	-9.752121	-0.6749280000000001	0.820116	-0.07330382858376185	0.08377580409572781	0.003490658503988659	0.9713	-0.3249	-0.1585
48.0	-9.733482	-0.668061	0.8878050000000001	-0.08028514559173916	0.08377580409572781	0.003490658503988659	0.9716	-0.3246	-0.1588
49.0	-9.729558	-0.645498	0.930969	-0.0715584993317675	0.08552113334772216	0.012217304763960306	0.971	-0.3241	-0.1568
50.0	-9.724653	-0.626859	0.9702090000000001	-0.07330382858376185	0.08203047484373349	0.006981317007977318	0.9711	-0.3238	-0.1546
51.0	-9.738387000000001	-0.6337260000000001	0.9231210000000001	-0.07330382858376185	0.07504915783575616	0.013962634015954637	0.9711	-0.3239	-0.1555
52.0	-9.744273	-0.6425550000000001	0.896634	-0.0715584993317675	0.07330382858376185	0.005235987755982988	0.9713	-0.3233	-0.1562
53.0	-9.749178	-0.6425550000000001	0.8907480000000001	-0.06632251157578452	0.07853981633974483	0.013962634015954637	0.9721	-0.323	-0.1579
54.0	-9.756045	-0.646479	0.874071	-0.0715584993317675	0.06981317007977318	0.010471975511965976	0.9721	-0.3231	-0.1586
55.00000000000001	-9.762912	-0.639612	0.8573940000000001	-0.06632251157578452	0.07330382858376185	0.012217304763960306	0.9722	-0.3228	-0.1557
56.00000000000001	-9.751140000000001	-0.6258779999999999	0.927045	-0.07679448708775051	0.07330382858376185	0.015707963267948967	0.9723	-0.323	-0.1541
56.99999999999999	-9.74133	-0.6248970000000001	0.938817	-0.07504915783575616	0.07853981633974483	0.019198621771937627	0.9725	-0.3225	-0.1533
57.99999999999999	-9.770760000000001	-0.616068	0.8573940000000001	-0.0715584993317675	0.07330382858376185	0.019198621771937627	0.973	-0.3222	-0.1549
59.0	-9.773703	-0.6435360000000001	0.803439	-0.07330382858376185	0.07679448708775051	0.012217304763960306	0.9738	-0.3223	-0.1535
60.0	-9.770760000000001	-0.65727	0.793629	-0.07504915783575616	0.08203047484373349	0.017453292519943295	0.9748	-0.3224	-0.1542
61.0	-9.755064	-0.6504030000000001	0.8328690000000001	-0.07853981633974483	0.08028514559173916	0.006981317007977318	0.9751	-0.3219	-0.1544
62.0	-9.735444	-0.663156	0.852489	-0.08203047484373349	0.08028514559173916	0.008726646259971648	0.9754	-0.3218	-0.1534
63.0	-9.725634	-0.680814	0.8220780000000001	-0.07679448708775051	0.08726646259971647	0.0017453292519943296	0.9748	-0.3215	-0.1531
64.0	-9.718767000000001	-0.665118	0.851508	-0.07853981633974483	0.09075712110370514	0.006981317007977318	0.9746	-0.3221	-0.1526
65.0	-9.723672	-0.659232	0.839736	-0.07853981633974483	0.0890117918517108	0.012217304763960306	0.9751	-0.3224	-0.1524
66.0	-9.739368	-0.6533460000000001	0.7897050000000001	-0.07853981633974483	0.08377580409572781	0.012217304763960306	0.9752	-0.3222	-0.1522
67.0	-9.758007000000001	-0.6533460000000001	0.744579	-0.08203047484373349	0.09075712110370514	0.010471975511965976	0.9749	-0.3224	-0.152
68.0	-9.754083	-0.6494219999999999	0.777933	-0.07853981633974483	0.08377580409572781	0.008726646259971648	0.9744	-0.3222	-0.1522
69.0	-9.765855	-0.635688	0.7857810000000001	-0.0715584993317675	0.0890117918517108	0.006981317007977318	0.9745	-0.3218	-0.1524
70.0	-9.767817	-0.659232	0.7435980000000001	-0.07679448708775051	0.09250245035569947	0.015707963267948967	0.9736	-0.3218	-0.1523
71.0	-9.763893	-0.6759090000000001	0.746541	-0.06632251157578452	0.08203047484373349	0.015707963267948967	0.9732	-0.3218	-0.1517
72.0	-9.771741	-0.6906240000000001	0.713187	-0.07504915783575616	0.0890117918517108	0.017453292519943295	0.9735	-0.3217	-0.1514
73.0	-9.760950000000001	-0.7004340000000001	0.768123	-0.08028514559173916	0.08028514559173916	0.013962634015954637	0.9734	-0.3213	-0.1509
74.0	-9.763893	-0.70632	0.7671420000000001	-0.07853981633974483	0.0890117918517108	0.015707963267948967	0.9736	-0.3214	-0.1508
75.0	-9.753102	-0.7239780000000001	0.786762	-0.06981317007977318	0.08203047484373349	0.006981317007977318	0.9731	-0.3216	-0.1508
76.0	-9.746235	-0.7239780000000001	0.820116	-0.0715584993317675	0.07679448708775051	0.015707963267948967	0.9732	-0.3227	-0.1509
77.0	-9.733482	-0.746541	0.812268	-0.07504915783575616	0.08552113334772216	0.008726646259971648	0.9732	-0.323	-0.1514
78.0	-9.712881	-0.781857	0.811287	-0.07330382858376185	0.08726646259971647	0.015707963267948967	0.9732	-0.3235	-0.1513
79.0	-9.704052	-0.7808760000000001	0.839736	-0.0715584993317675	0.07504915783575616	0.013962634015954637	0.973	-0.3243	-0.1512
80.0	-9.703071	-0.7720470000000001	0.854451	-0.0715584993317675	0.08028514559173916	0.017453292519943295	0.9732	-0.324	-0.1512
81.0	-9.695223	-0.7769520000000001	0.875052	-0.08028514559173916	0.07504915783575616	0.013962634015954637	0.9734	-0.3246	-0.1516
82.0	-9.695223	-0.7573320000000001	0.9093870000000001	-0.0715584993317675	0.08726646259971647	0.015707963267948967	0.9734	-0.3249	-0.1519
83.0	-9.70209	-0.768123	0.8338500000000001	-0.0715584993317675	0.08377580409572781	0.012217304763960306	0.9729	-0.325	-0.1519
84.0	-9.690318000000001	-0.783819	0.818154	-0.07679448708775051	0.08377580409572781	0.010471975511965976	0.973	-0.3246	-0.1521
85.0	-9.706014	-0.7720470000000001	0.769104	-0.07853981633974483	0.08552113334772216	0.013962634015954637	0.9732	-0.3241	-0.1522
86.0	-9.708957000000002	-0.7857810000000001	0.71613	-0.07330382858376185	0.08377580409572781	0.010471975511965976	0.9731	-0.3233	-0.1521
87.0	-9.698166	-0.791667	0.73575	-0.07679448708775051	0.08203047484373349	0.017453292519943295	0.9733	-0.3229	-0.1517
88.0	-9.689337	-0.786762	0.74556	-0.07504915783575616	0.08203047484373349	0.012217304763960306	0.9736	-0.3228	-0.1518
89.0	-9.68247	-0.7897050000000001	0.7288830000000001	-0.07679448708775051	0.0942477796076938	0.006981317007977318	0.9737	-0.3219	-0.1514
90.0	-9.677565000000001	-0.7808760000000001	0.7396739999999999	-0.07853981633974483	0.08726646259971647	0.012217304763960306	0.974	-0.322	-0.1514
91.0	-9.690318000000001	-0.753408	0.734769	-0.07853981633974483	0.09075712110370514	0.010471975511965976	0.9743	-0.3214	-0.1511
92.0	-9.698166	-0.72594	0.7514460000000001	-0.08203047484373349	0.08726646259971647	0.0	0.9743	-0.3214	-0.1514
93.0	-9.708957000000002	-0.6955290000000001	0.79461	-0.07679448708775051	0.09250245035569947	0.015707963267948967	0.9748	-0.3214	-0.1514
94.0	-9.726615	-0.698472	0.7475220000000001	-0.07853981633974483	0.08726646259971647	0.010471975511965976	0.9754	-0.3212	-0.1515
95.0	-9.70209	-0.7288830000000001	0.801477	-0.07853981633974483	0.08377580409572781	0.006981317007977318	0.9751	-0.3212	-0.1511
96.0	-9.696204	-0.7396739999999999	0.828945	-0.07504915783575616	0.08203047484373349	0.006981317007977318	0.9748	-0.3213	-0.1514
97.0	-9.703071	-0.721035	0.8721090000000001	-0.08028514559173916	0.08203047484373349	0.015707963267948967	0.9748	-0.3214	-0.1516
98.0	-9.726615	-0.697491	0.875052	-0.07504915783575616	0.07853981633974483	0.019198621771937627	0.9747	-0.3211	-0.1519
99.0	-9.735444	-0.6994530000000001	0.874071	-0.08203047484373349	0.07853981633974483	0.017453292519943295	0.9743	-0.3209	-0.152
100.0	-9.737406	-0.7180920000000001	0.851508	-0.08377580409572781	0.08377580409572781	0.017453292519943295	0.9743	-0.321	-0.1525
101.0	-9.730539	-0.7406550000000001	0.844641	-0.07330382858376185	0.08377580409572781	0.019198621771937627	0.9744	-0.3213	-0.1529
102.0	-9.72171	-0.7720470000000001	0.821097	-0.08203047484373349	0.08377580409572781	0.005235987755982988	0.9742	-0.3211	-0.1532
103.0	-9.724653	-0.7808760000000001	0.8004960000000001	-0.07679448708775051	0.06806784082777885	0.012217304763960306	0.9743	-0.3216	-0.1536
104.0	-9.720729	-0.771066	0.8240400000000001	-0.08028514559173916	0.07330382858376185	0.015707963267948967	0.9736	-0.3216	-0.1535
105.0	-9.732501000000001	-0.75537	0.811287	-0.0715584993317675	0.08028514559173916	0.015707963267948967	0.974	-0.3219	-0.1537
106.0	-9.745254	-0.738693	0.80442	-0.07853981633974483	0.07330382858376185	0.008726646259971648	0.9743	-0.322	-0.1537
107.0	-9.748197000000001	-0.759294	0.73575	-0.06981317007977318	0.08203047484373349	0.012217304763960306	0.9744	-0.3219	-0.1538
108.0	-9.737406	-0.769104	0.730845	-0.06632251157578452	0.06981317007977318	0.013962634015954637	0.9742	-0.322	-0.1537
109.00000000000001	-9.730539	-0.7848	0.7102440000000001	-0.06283185307179587	0.06981317007977318	0.008726646259971648	0.9747	-0.322	-0.1536
110.00000000000001	-9.730539	-0.7661610000000001	0.758313	-0.0715584993317675	0.07504915783575616	0.019198621771937627	0.9745	-0.3217	-0.1535
111.00000000000001	-9.728577000000001	-0.750465	0.7514460000000001	-0.07679448708775051	0.0715584993317675	0.015707963267948967	0.9742	-0.3215	-0.1536
112.00000000000001	-9.728577000000001	-0.764199	0.714168	-0.07679448708775051	0.06283185307179587	0.024434609527920613	0.9747	-0.321	-0.1534
112.99999999999999	-9.712881	-0.7740090000000001	0.74556	-0.06981317007977318	0.06981317007977318	0.015707963267948967	0.9747	-0.3207	-0.1535
113.99999999999999	-9.714843	-0.7671420000000001	0.7651800000000001	-0.07853981633974483	0.07330382858376185	0.015707963267948967	0.9744	-0.3202	-0.1545
114.99999999999999	-9.727596	-0.7524270000000001	0.762237	-0.0715584993317675	0.061086523819801536	0.012217304763960306	0.9748	-0.3195	-0.1547
115.99999999999999	-9.730539	-0.7573320000000001	0.7406550000000001	-0.06632251157578452	0.05759586531581287	0.012217304763960306	0.9748	-0.3196	-0.155
117.0	-9.745254	-0.712206	0.7808760000000001	-0.0715584993317675	0.05759586531581287	0.015707963267948967	0.9746	-0.3192	-0.1551
118.0	-9.737406	-0.7239780000000001	0.7769520000000001	-0.07679448708775051	0.06981317007977318	0.015707963267948967	0.9749	-0.3196	-0.1555
119.0	-9.735444	-0.6867000000000001	0.834831	-0.06806784082777885	0.06632251157578452	0.019198621771937627	0.9743	-0.3197	-0.1567
120.0	-9.738387000000001	-0.6817950000000002	0.8004960000000001	-0.07853981633974483	0.06632251157578452	0.013962634015954637	0.9742	-0.3206	-0.1571
121.0	-9.736425	-0.7082820000000001	0.7730279999999999	-0.06632251157578452	0.05061454830783556	0.012217304763960306	0.9748	-0.3208	-0.1575
122.0	-9.734463	-0.6847380000000001	0.8328690000000001	-0.0715584993317675	0.061086523819801536	0.019198621771937627	0.9743	-0.3208	-0.1579
123.0	-9.736425	-0.6857190000000001	0.820116	-0.06806784082777885	0.061086523819801536	0.019198621771937627	0.9741	-0.3203	-0.1582
124.0	-9.739368	-0.6827759999999999	0.8054010000000001	-0.08028514559173916	0.061086523819801536	0.019198621771937627	0.9744	-0.3207	-0.1579
125.0	-9.733482	-0.6955290000000001	0.7857810000000001	-0.06981317007977318	0.0645771823237902	0.015707963267948967	0.9742	-0.3209	-0.1583
126.0	-9.715824	-0.7151490000000001	0.8093250000000001	-0.06283185307179587	0.06632251157578452	0.015707963267948967	0.9742	-0.3205	-0.1584
127.0	-9.701109	-0.7573320000000001	0.782838	-0.06981317007977318	0.06283185307179587	0.012217304763960306	0.9746	-0.3206	-0.1586
128.0	-9.713862	-0.7524270000000001	0.7671420000000001	-0.06283185307179587	0.0715584993317675	0.013962634015954637	0.9748	-0.3202	-0.1586
129.0	-9.720729	-0.779895	0.6994530000000001	-0.06283185307179587	0.06632251157578452	0.015707963267948967	0.9748	-0.3203	-0.1584
130.0	-9.72171	-0.7730279999999999	0.71613	-0.06283185307179587	0.06981317007977318	0.012217304763960306	0.9747	-0.32	-0.1583
131.0	-9.734463	-0.759294	0.698472	-0.06632251157578452	0.07679448708775051	0.006981317007977318	0.9736	-0.3195	-0.1588
132.0	-9.738387000000001	-0.7720470000000001	0.6494219999999999	-0.06981317007977318	0.0645771823237902	0.006981317007977318	0.9742	-0.32	-0.1593
133.0	-9.727596	-0.779895	0.665118	-0.0715584993317675	0.07504915783575616	0.013962634015954637	0.9741	-0.3204	-0.1595
134.0	-9.719748000000001	-0.7995150000000001	0.6660990000000001	-0.06981317007977318	0.06632251157578452	0.010471975511965976	0.9739	-0.3198	-0.1594
135.0	-9.7119	-0.7995150000000001	0.694548	-0.07330382858376185	0.0715584993317675	0.012217304763960306	0.9734	-0.3199	-0.1597
136.0	-9.729558	-0.7573320000000001	0.717111	-0.07504915783575616	0.06632251157578452	0.015707963267948967	0.9731	-0.3199	-0.16
137.0	-9.737406	-0.7573320000000001	0.692586	-0.06632251157578452	0.06632251157578452	0.015707963267948967	0.9723	-0.3207	-0.1604
138.0	-9.728577000000001	-0.7671420000000001	0.72594	-0.06632251157578452	0.07853981633974483	0.019198621771937627	0.9716	-0.3207	-0.1605
139.0	-9.717786	-0.7848	0.7740090000000001	-0.06283185307179587	0.06632251157578452	0.013962634015954637	0.9718	-0.3208	-0.1609
140.0	-9.704052	-0.802458	0.815211	-0.06283185307179587	0.07679448708775051	0.019198621771937627	0.9718	-0.3203	-0.1611
141.0	-9.696204	-0.8230590000000001	0.8338500000000001	-0.06632251157578452	0.061086523819801536	0.017453292519943295	0.9722	-0.3211	-0.1608
142.0	-9.701109	-0.8220780000000001	0.8475840000000001	-0.06283185307179587	0.06632251157578452	0.015707963267948967	0.9712	-0.321	-0.16
143.0	-9.706995000000001	-0.828945	0.827964	-0.0645771823237902	0.06632251157578452	0.017453292519943295	0.971	-0.321	-0.1597
144.0	-9.710919	-0.818154	0.834831	-0.06283185307179587	0.0645771823237902	0.020943951023931952	0.9712	-0.3218	-0.1601
145.0	-9.719748000000001	-0.8240400000000001	0.807363	-0.06283185307179587	0.06981317007977318	0.013962634015954637	0.9709	-0.3219	-0.16
146.0	-9.704052	-0.8554320000000001	0.812268	-0.06632251157578452	0.06806784082777885	0.008726646259971648	0.9705	-0.3218	-0.1599
147.0	-9.698166	-0.834831	0.8760330000000001	-0.059341194567807204	0.06283185307179587	0.010471975511965976	0.9709	-0.3214	-0.1596
148.0	-9.706014	-0.820116	0.8642610000000001	-0.05759586531581287	0.059341194567807204	0.008726646259971648	0.9708	-0.3211	-0.1592
149.0	-9.712881	-0.8220780000000001	0.821097	-0.06632251157578452	0.05585053606381855	0.013962634015954637	0.9706	-0.3208	-0.1579
150.0	-9.710919	-0.816192	0.8338500000000001	-0.06806784082777885	0.0645771823237902	0.012217304763960306	0.9704	-0.3208	-0.156
151.0	-9.728577000000001	-0.777933	0.860337	-0.0715584993317675	0.05759586531581287	0.008726646259971648	0.9705	-0.3199	-0.154
152.0	-9.723672	-0.786762	0.870147	-0.0715584993317675	0.061086523819801536	0.008726646259971648	0.9709	-0.3191	-0.152
153.0	-9.724653	-0.7563510000000001	0.927045	-0.08203047484373349	0.0645771823237902	0.012217304763960306	0.9712	-0.3186	-0.1496
154.0	-9.72171	-0.74556	0.9574560000000001	-0.0715584993317675	0.06632251157578452	0.006981317007977318	0.9711	-0.3185	-0.1463
155.0	-9.712881	-0.7318260000000001	0.9908100000000001	-0.07853981633974483	0.06632251157578452	0.0017453292519943296	0.9714	-0.318	-0.1425
156.0	-9.707976	-0.7328070000000001	0.9888480000000001	-0.08552113334772216	0.0645771823237902	0.012217304763960306	0.9718	-0.3178	-0.1383
157.0	-9.701109	-0.7416360000000001	0.974133	-0.07853981633974483	0.061086523819801536	0.017453292519943295	0.9717	-0.3172	-0.1339
158.0	-9.708957000000002	-0.724959	0.975114	-0.08028514559173916	0.0645771823237902	0.020943951023931952	0.972	-0.3175	-0.1291
159.0	-9.706995000000001	-0.7082820000000001	0.9957150000000001	-0.08028514559173916	0.06632251157578452	0.019198621771937627	0.9725	-0.3174	-0.1252
160.0	-9.706014	-0.711225	0.9702090000000001	-0.08203047484373349	0.06981317007977318	0.015707963267948967	0.9724	-0.3172	-0.1219
161.0	-9.684432000000001	-0.7406550000000001	0.972171	-0.08552113334772216	0.06283185307179587	0.013962634015954637	0.9729	-0.3172	-0.1191
162.0	-9.680508000000001	-0.7328070000000001	0.9859050000000001	-0.08203047484373349	0.06632251157578452	0.012217304763960306	0.973	-0.3179	-0.1172
163.0	-9.697185000000001	-0.730845	0.943722	-0.0890117918517108	0.06632251157578452	0.022689280275926284	0.9732	-0.3179	-0.1166
164.0	-9.704052	-0.73575	0.9280260000000001	-0.08028514559173916	0.05585053606381855	0.006981317007977318	0.9733	-0.3177	-0.1164
165.0	-9.715824	-0.730845	0.9339120000000001	-0.08726646259971647	0.0645771823237902	0.020943951023931952	0.9737	-0.318	-0.1177
166.0	-9.727596	-0.7180920000000001	0.939798	-0.08552113334772216	0.05759586531581287	0.010471975511965976	0.9738	-0.3181	-0.1197
167.0	-9.734463	-0.707301	0.9564750000000001	-0.07504915783575616	0.05235987755982989	0.013962634015954637	0.9739	-0.3182	-0.1221
168.0	-9.722691000000001	-0.713187	0.991791	-0.08726646259971647	0.05759586531581287	0.013962634015954637	0.9739	-0.3185	-0.1264
169.0	-9.717786	-0.721035	0.9898290000000001	-0.07504915783575616	0.061086523819801536	0.020943951023931952	0.9734	-0.3187	-0.131
170.0	-9.720729	-0.72594	0.981981	-0.08552113334772216	0.06283185307179587	0.012217304763960306	0.9739	-0.3188	-0.1363
171.0	-9.712881	-0.729864	0.9859050000000001	-0.08377580409572781	0.061086523819801536	0.012217304763960306	0.9732	-0.3192	-0.1421
172.0	-9.726615	-0.707301	0.9859050000000001	-0.08028514559173916	0.05235987755982989	0.022689280275926284	0.9735	-0.319	-0.1478
173.0	-9.72171	-0.746541	0.9290070000000001	-0.0942477796076938	0.05585053606381855	0.010471975511965976	0.9734	-0.3195	-0.1528
174.0	-9.706995000000001	-0.770085	0.940779	-0.08552113334772216	0.061086523819801536	0.017453292519943295	0.9734	-0.32	-0.1577
175.0	-9.705033	-0.779895	0.917235	-0.07679448708775051	0.054105206811824215	0.010471975511965976	0.9731	-0.3201	-0.1618
176.0	-9.695223	-0.7995150000000001	0.9044820000000001	-0.07330382858376185	0.061086523819801536	0.019198621771937627	0.9731	-0.3203	-0.1656
177.0	-9.698166	-0.8004960000000001	0.885843	-0.07853981633974483	0.061086523819801536	0.015707963267948967	0.9735	-0.3203	-0.1693
178.0	-9.694242000000001	-0.816192	0.8642610000000001	-0.07853981633974483	0.06283185307179587	0.019198621771937627	0.9735	-0.3207	-0.172
179.0	-9.703071	-0.8103060000000001	0.8573940000000001	-0.07679448708775051	0.05759586531581287	0.015707963267948967	0.9733	-0.321	-0.1742
180.0	-9.689337	-0.8220780000000001	0.886824	-0.07679448708775051	0.0645771823237902	0.022689280275926284	0.9727	-0.3212	-0.1759
181.0	-9.706014	-0.801477	0.9005580000000001	-0.07679448708775051	0.05759586531581287	0.022689280275926284	0.9719	-0.3213	-0.1769
182.0	-9.70209	-0.825021	0.8878050000000001	-0.07330382858376185	0.06806784082777885	0.022689280275926284	0.9708	-0.3212	-0.1768
183.0	-9.691299	-0.7808760000000001	1.011411	-0.0715584993317675	0.061086523819801536	0.020943951023931952	0.9699	-0.3209	-0.1768
184.0	-9.703071	-0.7730279999999999	0.977076	-0.0715584993317675	0.07330382858376185	0.019198621771937627	0.9688	-0.3205	-0.1768
185.0	-9.693261	-0.782838	0.963342	-0.06806784082777885	0.06806784082777885	0.022689280275926284	0.9679	-0.3203	-0.177
186.0	-9.700128000000001	-0.7720470000000001	0.939798	-0.0715584993317675	0.07504915783575616	0.019198621771937627	0.9675	-0.3201	-0.177
187.0	-9.696204	-0.781857	0.9221400000000001	-0.0715584993317675	0.07504915783575616	0.019198621771937627	0.9665	-0.3202	-0.1771
188.0	-9.704052	-0.7749900000000001	0.9221400000000001	-0.06806784082777885	0.0645771823237902	0.022689280275926284	0.9648	-0.3194	-0.1771
189.0	-9.715824	-0.736731	0.976095	-0.0715584993317675	0.061086523819801536	0.026179938779914945	0.9644	-0.3192	-0.1763
190.0	-9.74133	-0.717111	0.929988	-0.06806784082777885	0.07330382858376185	0.015707963267948967	0.9635	-0.3189	-0.1755
191.0	-9.743292	-0.722016	0.8985960000000001	-0.0715584993317675	0.06981317007977318	0.013962634015954637	0.9639	-0.3181	-0.1718
192.0	-9.744273	-0.689643	0.9564750000000001	-0.06632251157578452	0.07330382858376185	0.020943951023931952	0.9638	-0.3174	-0.1676
193.0	-9.752121	-0.6994530000000001	0.905463	-0.07504915783575616	0.0645771823237902	0.020943951023931952	0.9632	-0.3176	-0.1632
194.0	-9.74133	-0.6867000000000001	0.9545130000000001	-0.07504915783575616	0.061086523819801536	0.024434609527920613	0.9633	-0.3184	-0.1607
195.0	-9.735444	-0.6837570000000001	0.974133	-0.07504915783575616	0.06283185307179587	0.017453292519943295	0.9635	-0.3183	-0.1572
196.0	-9.725634	-0.6916049999999999	0.998658	-0.0715584993317675	0.0715584993317675	0.022689280275926284	0.9626	-0.3183	-0.1536
197.0	-9.715824	-0.6857190000000001	1.044765	-0.06283185307179587	0.06632251157578452	0.015707963267948967	0.9617	-0.3177	-0.1494
198.0	-9.705033	-0.6827759999999999	1.062423	-0.06632251157578452	0.06981317007977318	0.013962634015954637	0.9629	-0.3174	-0.1455
199.0	-9.68247	-0.72594	1.021221	-0.06806784082777885	0.0645771823237902	0.019198621771937627	0.963	-0.3173	-0.1429
200.0	-9.671679000000001	-0.7514460000000001	1.007487	-0.05235987755982989	0.0645771823237902	0.020943951023931952	0.9641	-0.3177	-0.1359
200.99999999999997	-9.665793	-0.7573320000000001	1.0192590000000001	-0.061086523819801536	0.06981317007977318	0.026179938779914945	0.9639	-0.3183	-0.1332
202.0	-9.67266	-0.787743	0.9231210000000001	-0.05585053606381855	0.07679448708775051	0.026179938779914945	0.9648	-0.3193	-0.1335
202.99999999999997	-9.655002	-0.8191350000000001	0.9044820000000001	-0.048869219055841226	0.07679448708775051	0.026179938779914945	0.966	-0.3198	-0.1332
204.0	-9.649116000000001	-0.826002	0.9044820000000001	-0.05061454830783556	0.08028514559173916	0.015707963267948967	0.9668	-0.3189	-0.1306
204.99999999999997	-9.664812	-0.811287	0.8985960000000001	-0.048869219055841226	0.0890117918517108	0.019198621771937627	0.9672	-0.3191	-0.1311
206.0	-9.67266	-0.812268	0.86328	-0.061086523819801536	0.08028514559173916	0.022689280275926284	0.9684	-0.3185	-0.1316
206.99999999999997	-9.673641	-0.8328690000000001	0.8328690000000001	-0.059341194567807204	0.07679448708775051	0.020943951023931952	0.9694	-0.3192	-0.1339
208.0	-9.674622	-0.836793	0.84366	-0.05585053606381855	0.07330382858376185	0.020943951023931952	0.9695	-0.319	-0.1345
209.0	-9.678546	-0.835812	0.84366	-0.05585053606381855	0.07679448708775051	0.022689280275926284	0.9696	-0.3189	-0.1352
210.0	-9.680508000000001	-0.817173	0.8672040000000001	-0.05585053606381855	0.06981317007977318	0.024434609527920613	0.9699	-0.3186	-0.143
211.0	-9.691299	-0.782838	0.8887860000000001	-0.059341194567807204	0.07853981633974483	0.022689280275926284	0.9699	-0.3181	-0.1497
212.0	-9.689337	-0.7759710000000001	0.9201779999999999	-0.05585053606381855	0.07504915783575616	0.019198621771937627	0.97	-0.3176	-0.1543
213.0	-9.697185000000001	-0.7808760000000001	0.896634	-0.061086523819801536	0.07504915783575616	0.019198621771937627	0.9693	-0.3174	-0.1587
214.0	-9.715824	-0.759294	0.8897670000000001	-0.061086523819801536	0.07330382858376185	0.013962634015954637	0.9688	-0.3173	-0.1635
215.0	-9.719748000000001	-0.778914	0.859356	-0.06632251157578452	0.08726646259971647	0.013962634015954637	0.9685	-0.3171	-0.1669
216.0	-9.722691000000001	-0.7671420000000001	0.90252	-0.06632251157578452	0.07330382858376185	0.019198621771937627	0.9686	-0.3174	-0.1703
217.0	-9.728577000000001	-0.760275	0.9044820000000001	-0.059341194567807204	0.08726646259971647	0.022689280275926284	0.969	-0.3169	-0.1724
218.00000000000003	-9.728577000000001	-0.7749900000000001	0.868185	-0.05235987755982989	0.07853981633974483	0.012217304763960306	0.9689	-0.3167	-0.1759
219.0	-9.727596	-0.764199	0.897615	-0.06283185307179587	0.08552113334772216	0.022689280275926284	0.969	-0.3166	-0.1783
220.00000000000003	-9.723672	-0.763218	0.910368	-0.05585053606381855	0.08726646259971647	0.020943951023931952	0.9681	-0.3165	-0.1781
221.0	-9.724653	-0.778914	0.875052	-0.06283185307179587	0.08203047484373349	0.017453292519943295	0.9682	-0.3171	-0.1777
222.00000000000003	-9.709938000000001	-0.7730279999999999	0.934893	-0.05759586531581287	0.08377580409572781	0.015707963267948967	0.9676	-0.3169	-0.1777
223.0	-9.706995000000001	-0.7475220000000001	0.9947340000000001	-0.061086523819801536	0.07679448708775051	0.017453292519943295	0.9678	-0.3165	-0.1778
224.00000000000003	-9.691299	-0.7848	0.975114	-0.05585053606381855	0.07330382858376185	0.013962634015954637	0.9678	-0.3164	-0.1786
225.0	-9.68247	-0.7906860000000001	0.976095	-0.061086523819801536	0.07853981633974483	0.020943951023931952	0.968	-0.3157	-0.1782
225.99999999999997	-9.68247	-0.7995150000000001	0.948627	-0.061086523819801536	0.07853981633974483	0.020943951023931952	0.9677	-0.315	-0.1782
227.0	-9.688356	-0.771066	0.9711900000000001	-0.06283185307179587	0.07853981633974483	0.019198621771937627	0.9669	-0.315	-0.1783
227.99999999999997	-9.699147	-0.753408	0.953532	-0.05759586531581287	0.08203047484373349	0.017453292519943295	0.9662	-0.3154	-0.1781
229.0	-9.709938000000001	-0.7475220000000001	0.905463	-0.06981317007977318	0.08377580409572781	0.015707963267948967	0.9651	-0.3151	-0.1781
229.99999999999997	-9.713862	-0.749484	0.883881	-0.06806784082777885	0.08552113334772216	0.015707963267948967	0.9653	-0.3153	-0.1785
231.0	-9.697185000000001	-0.75537	0.9035010000000001	-0.06632251157578452	0.07679448708775051	0.012217304763960306	0.9648	-0.3155	-0.1772
231.99999999999997	-9.697185000000001	-0.7661610000000001	0.8573940000000001	-0.0715584993317675	0.09075712110370514	0.020943951023931952	0.9644	-0.3155	-0.1757
233.0	-9.697185000000001	-0.7651800000000001	0.8377740000000001	-0.0715584993317675	0.08203047484373349	0.013962634015954637	0.9638	-0.3159	-0.1767
234.0	-9.697185000000001	-0.7563510000000001	0.8554320000000001	-0.06981317007977318	0.08552113334772216	0.015707963267948967	0.9638	-0.3162	-0.1776
235.0	-9.700128000000001	-0.738693	0.886824	-0.06806784082777885	0.09075712110370514	0.015707963267948967	0.9635	-0.3176	-0.1782
236.0	-9.701109	-0.724959	0.9093870000000001	-0.07330382858376185	0.08552113334772216	0.017453292519943295	0.963	-0.3186	-0.178
237.0	-9.69228	-0.744579	0.905463	-0.0715584993317675	0.09075712110370514	0.019198621771937627	0.9631	-0.3189	-0.1778
238.0	-9.703071	-0.7328070000000001	0.9133110000000001	-0.06806784082777885	0.09075712110370514	0.015707963267948967	0.963	-0.3199	-0.1778
239.0	-9.685413	-0.7671420000000001	0.9231210000000001	-0.0645771823237902	0.08377580409572781	0.013962634015954637	0.964	-0.3204	-0.175
240.0	-9.68247	-0.768123	0.94176	-0.06283185307179587	0.08552113334772216	0.003490658503988659	0.9647	-0.3201	-0.1748
241.0	-9.704052	-0.764199	0.9035010000000001	-0.06283185307179587	0.08726646259971647	0.012217304763960306	0.9651	-0.3191	-0.1759
242.0	-9.693261	-0.7906860000000001	0.9142920000000001	-0.05759586531581287	0.08203047484373349	0.013962634015954637	0.9654	-0.3194	-0.1767
243.00000000000003	-9.68247	-0.8309070000000001	0.9005580000000001	-0.059341194567807204	0.08203047484373349	0.013962634015954637	0.9658	-0.319	-0.1777
244.0	-9.686394000000002	-0.8299259999999999	0.8985960000000001	-0.0645771823237902	0.08726646259971647	0.019198621771937627	0.9652	-0.319	-0.1762
245.00000000000003	-9.69228	-0.8230590000000001	0.8956530000000001	-0.06283185307179587	0.08203047484373349	0.017453292519943295	0.9659	-0.3183	-0.1718
246.0	-9.698166	-0.80442	0.915273	-0.05585053606381855	0.07853981633974483	0.010471975511965976	0.9662	-0.3185	-0.1742
247.00000000000003	-9.708957000000002	-0.7975530000000001	0.894672	-0.05235987755982989	0.08203047484373349	0.003490658503988659	0.9661	-0.3187	-0.1751
248.0	-9.690318000000001	-0.7995150000000001	0.948627	-0.061086523819801536	0.07853981633974483	0.015707963267948967	0.9665	-0.318	-0.1754
249.00000000000003	-9.696204	-0.7857810000000001	0.9613800000000001	-0.06632251157578452	0.0645771823237902	0.012217304763960306	0.9668	-0.3177	-0.1789
250.0	-9.69228	-0.7848	0.9564750000000001	-0.05759586531581287	0.07504915783575616	0.013962634015954637	0.9667	-0.3184	-0.1787
250.99999999999997	-9.676584000000002	-0.7857810000000001	0.9957150000000001	-0.0715584993317675	0.07853981633974483	0.013962634015954637	0.9668	-0.3188	-0.178
252.0	-9.679527	-0.7563510000000001	1.024164	-0.0715584993317675	0.07330382858376185	0.015707963267948967	0.9674	-0.3188	-0.176
252.99999999999997	-9.694242000000001	-0.711225	1.036917	-0.07504915783575616	0.07679448708775051	0.020943951023931952	0.9679	-0.3192	-0.1731
254.0	-9.697185000000001	-0.722997	0.9957150000000001	-0.07504915783575616	0.08203047484373349	0.015707963267948967	0.9691	-0.32	-0.1728
254.99999999999997	-9.690318000000001	-0.7396739999999999	0.968247	-0.07853981633974483	0.08203047484373349	0.013962634015954637	0.9686	-0.32	-0.1757
256.0	-9.688356	-0.7573320000000001	0.9280260000000001	-0.07504915783575616	0.07330382858376185	0.015707963267948967	0.9689	-0.3197	-0.173
257.0	-9.678546	-0.7661610000000001	0.9378360000000001	-0.07504915783575616	0.07330382858376185	0.020943951023931952	0.9691	-0.3198	-0.1716
258.0	-9.684432000000001	-0.778914	0.8711280000000001	-0.07679448708775051	0.07504915783575616	0.022689280275926284	0.969	-0.3198	-0.1704
259.0	-9.687375000000001	-0.777933	0.851508	-0.07504915783575616	0.07853981633974483	0.008726646259971648	0.9689	-0.3202	-0.1694
260.0	-9.698166	-0.777933	0.8387550000000001	-0.07330382858376185	0.07330382858376185	0.015707963267948967	0.9685	-0.3197	-0.1686
261.0	-9.701109	-0.7857810000000001	0.845622	-0.06981317007977318	0.07853981633974483	0.012217304763960306	0.9684	-0.3206	-0.1687
262.0	-9.712881	-0.791667	0.812268	-0.06632251157578452	0.07853981633974483	0.003490658503988659	0.9676	-0.321	-0.1704
263.0	-9.726615	-0.782838	0.8004960000000001	-0.07504915783575616	0.08377580409572781	0.015707963267948967	0.9679	-0.3209	-0.1704
264.0	-9.728577000000001	-0.753408	0.845622	-0.07504915783575616	0.08203047484373349	0.006981317007977318	0.9671	-0.3203	-0.1702
265.0	-9.723672	-0.737712	0.905463	-0.07853981633974483	0.07853981633974483	0.006981317007977318	0.9671	-0.3205	-0.17
266.0	-9.723672	-0.7180920000000001	0.949608	-0.07853981633974483	0.08203047484373349	0.005235987755982988	0.9669	-0.3207	-0.1695
267.0	-9.733482	-0.69651	0.9525510000000001	-0.07504915783575616	0.07330382858376185	0.012217304763960306	0.967	-0.3203	-0.1691
268.0	-9.735444	-0.671004	1.003563	-0.07330382858376185	0.07679448708775051	0.017453292519943295	0.968	-0.3204	-0.1695
269.0	-9.743292	-0.636669	1.04967	-0.0715584993317675	0.07853981633974483	0.008726646259971648	0.9684	-0.3205	-0.1697
270.0	-9.743292	-0.6494219999999999	1.0320120000000002	-0.06632251157578452	0.08203047484373349	0.012217304763960306	0.9684	-0.321	-0.1694
271.0	-9.739368	-0.660213	1.018278	-0.0715584993317675	0.08203047484373349	0.019198621771937627	0.9685	-0.3202	-0.1696
272.0	-9.748197000000001	-0.646479	1.035936	-0.07330382858376185	0.0715584993317675	0.006981317007977318	0.9687	-0.3195	-0.1694
273.0	-9.747216000000002	-0.656289	1.0172970000000001	-0.0645771823237902	0.07853981633974483	0.013962634015954637	0.9682	-0.3195	-0.17
274.0	-9.744273	-0.6749280000000001	0.987867	-0.08028514559173916	0.08203047484373349	0.005235987755982988	0.9685	-0.319	-0.1699
275.0	-9.753102	-0.671985	0.975114	-0.07504915783575616	0.08028514559173916	0.013962634015954637	0.9687	-0.3186	-0.1702
276.0	-9.744273	-0.6817950000000002	0.997677	-0.07853981633974483	0.07853981633974483	0.012217304763960306	0.9687	-0.3183	-0.1703
277.0	-9.733482	-0.680814	1.050651	-0.07504915783575616	0.08203047484373349	0.008726646259971648	0.9688	-0.3182	-0.1706
278.0	-9.728577000000001	-0.689643	1.063404	-0.06632251157578452	0.08726646259971647	0.013962634015954637	0.9682	-0.3176	-0.1703
279.0	-9.7119	-0.7190730000000001	1.068309	-0.06632251157578452	0.0715584993317675	0.012217304763960306	0.9675	-0.3175	-0.17
280.0	-9.700128000000001	-0.697491	1.13796	-0.06806784082777885	0.07330382858376185	0.012217304763960306	0.9675	-0.3168	-0.1702
281.0	-9.703071	-0.701415	1.100682	-0.06981317007977318	0.07330382858376185	0.008726646259971648	0.967	-0.3173	-0.17
282.0	-9.685413	-0.7239780000000001	1.082043	-0.07504915783575616	0.07853981633974483	0.010471975511965976	0.967	-0.3172	-0.1703
283.0	-9.683451	-0.6955290000000001	1.151694	-0.07679448708775051	0.07330382858376185	0.015707963267948967	0.967	-0.3173	-0.1698
284.0	-9.697185000000001	-0.6817950000000002	1.1330550000000001	-0.06981317007977318	0.07853981633974483	0.015707963267948967	0.9666	-0.3177	-0.1702
285.0	-9.684432000000001	-0.71613	1.103625	-0.07853981633974483	0.07853981633974483	0.012217304763960306	0.9663	-0.3181	-0.1701
286.0	-9.685413	-0.726921	1.082043	-0.07330382858376185	0.08203047484373349	0.005235987755982988	0.9664	-0.3184	-0.1704
287.0	-9.680508000000001	-0.759294	1.033974	-0.07679448708775051	0.08203047484373349	0.010471975511965976	0.9664	-0.3188	-0.1709
288.0	-9.67266	-0.7848	1.0143540000000002	-0.07330382858376185	0.09075712110370514	0.005235987755982988	0.9663	-0.3191	-0.1709
289.0	-9.673641	-0.7985340000000001	0.983943	-0.07330382858376185	0.08203047484373349	0.006981317007977318	0.9662	-0.3189	-0.1711
290.0	-9.675603	-0.8142300000000001	0.9456840000000001	-0.07330382858376185	0.07504915783575616	0.006981317007977318	0.9663	-0.3185	-0.1713
291.0	-9.680508000000001	-0.79461	0.95157	-0.0715584993317675	0.08203047484373349	0.012217304763960306	0.9671	-0.318	-0.1715
292.0	-9.676584000000002	-0.8004960000000001	0.95157	-0.07853981633974483	0.07853981633974483	0.008726646259971648	0.9673	-0.3182	-0.1713
293.0	-9.657945000000002	-0.825021	0.95157	-0.07853981633974483	0.08203047484373349	0.017453292519943295	0.9673	-0.3174	-0.1715
294.0	-9.64323	-0.8230590000000001	1.004544	-0.06806784082777885	0.08028514559173916	0.012217304763960306	0.9679	-0.3172	-0.1714
295.0	-9.644211	-0.791667	1.056537	-0.07679448708775051	0.07853981633974483	0.020943951023931952	0.9684	-0.3174	-0.1714
296.0	-9.655983	-0.7808760000000001	1.031031	-0.07504915783575616	0.08726646259971647	0.012217304763960306	0.9685	-0.3168	-0.171
297.0	-9.673641	-0.7769520000000001	0.986886	-0.07504915783575616	0.08552113334772216	0.008726646259971648	0.9686	-0.3162	-0.1706
298.0	-9.680508000000001	-0.786762	0.959418	-0.07504915783575616	0.08203047484373349	0.013962634015954637	0.9686	-0.316	-0.1707
299.0	-9.689337	-0.782838	0.9574560000000001	-0.07504915783575616	0.08203047484373349	0.003490658503988659	0.9688	-0.3157	-0.1706
300.0	-9.698166	-0.791667	0.94176	-0.07504915783575616	0.08377580409572781	0.010471975511965976	0.9687	-0.3163	-0.1711
301.0	-9.706995000000001	-0.79461	0.934893	-0.07853981633974483	0.08028514559173916	0.015707963267948967	0.9689	-0.3162	-0.171
302.0	-9.714843	-0.801477	0.9093870000000001	-0.06981317007977318	0.08203047484373349	0.006981317007977318	0.9692	-0.316	-0.1712
303.0	-9.710919	-0.839736	0.8652420000000001	-0.0715584993317675	0.07504915783575616	0.017453292519943295	0.9697	-0.3169	-0.1713
304.0	-9.708957000000002	-0.8573940000000001	0.8475840000000001	-0.06283185307179587	0.07679448708775051	0.019198621771937627	0.9693	-0.3164	-0.1713
305.0	-9.722691000000001	-0.8622990000000001	0.791667	-0.07679448708775051	0.08377580409572781	0.013962634015954637	0.9695	-0.3162	-0.1717
306.0	-9.716805	-0.8711280000000001	0.7975530000000001	-0.06283185307179587	0.08203047484373349	0.012217304763960306	0.9692	-0.3167	-0.172
307.0	-9.704052	-0.860337	0.849546	-0.06632251157578452	0.07330382858376185	0.006981317007977318	0.9692	-0.3166	-0.1721
308.0	-9.706995000000001	-0.852489	0.844641	-0.07504915783575616	0.07504915783575616	0.008726646259971648	0.9695	-0.317	-0.1722
309.0	-9.704052	-0.84366	0.84366	-0.0645771823237902	0.08203047484373349	0.015707963267948967	0.9695	-0.3173	-0.1726
310.0	-9.709938000000001	-0.812268	0.826002	-0.06632251157578452	0.08552113334772216	0.015707963267948967	0.9697	-0.3169	-0.1718
311.0	-9.705033	-0.8142300000000001	0.8309070000000001	-0.07330382858376185	0.07679448708775051	0.006981317007977318	0.9691	-0.3167	-0.1722
312.0	-9.699147	-0.7995150000000001	0.8887860000000001	-0.06981317007977318	0.07853981633974483	0.020943951023931952	0.9691	-0.3167	-0.1728
313.0	-9.703071	-0.7749900000000001	0.8711280000000001	-0.08028514559173916	0.07853981633974483	0.006981317007977318	0.9682	-0.3164	-0.1729
314.0	-9.700128000000001	-0.7661610000000001	0.874071	-0.07330382858376185	0.07679448708775051	0.013962634015954637	0.9686	-0.3164	-0.1727
315.0	-9.697185000000001	-0.7740090000000001	0.8711280000000001	-0.0715584993317675	0.08203047484373349	0.006981317007977318	0.9679	-0.316	-0.1726
316.0	-9.694242000000001	-0.7661610000000001	0.8995770000000001	-0.07504915783575616	0.08377580409572781	0.012217304763960306	0.9681	-0.3155	-0.1726
317.0	-9.693261	-0.7749900000000001	0.891729	-0.0715584993317675	0.08203047484373349	0.012217304763960306	0.9678	-0.3159	-0.1728
318.0	-9.690318000000001	-0.7720470000000001	0.9201779999999999	-0.06632251157578452	0.07853981633974483	0.008726646259971648	0.9676	-0.3157	-0.1732
319.0	-9.700128000000001	-0.7661610000000001	0.926064	-0.06806784082777885	0.07853981633974483	0.015707963267948967	0.9674	-0.3154	-0.1734
320.0	-9.684432000000001	-0.7808760000000001	1.009449	-0.07330382858376185	0.07853981633974483	0.006981317007977318	0.9676	-0.3156	-0.1744
321.0	-9.68247	-0.778914	1.043784	-0.0715584993317675	0.07853981633974483	0.012217304763960306	0.9681	-0.3161	-0.1742
322.0	-9.691299	-0.758313	1.050651	-0.0645771823237902	0.07853981633974483	0.010471975511965976	0.9682	-0.3163	-0.1738
323.0	-9.704052	-0.749484	1.062423	-0.06632251157578452	0.08726646259971647	0.013962634015954637	0.9682	-0.3159	-0.1738
324.0	-9.707976	-0.746541	1.060461	-0.059341194567807204	0.07679448708775051	0.006981317007977318	0.9685	-0.3165	-0.1747
325.0	-9.696204	-0.764199	1.048689	-0.06283185307179587	0.07853981633974483	0.012217304763960306	0.9688	-0.3165	-0.1748
326.0	-9.683451	-0.786762	1.027107	-0.06283185307179587	0.06981317007977318	0.013962634015954637	0.9684	-0.3165	-0.175
327.0	-9.690318000000001	-0.779895	1.024164	-0.05759586531581287	0.07853981633974483	0.017453292519943295	0.9683	-0.3164	-0.1748
328.0	-9.70209	-0.7671420000000001	1.004544	-0.06981317007977318	0.07853981633974483	0.017453292519943295	0.9685	-0.3163	-0.1745
329.0	-9.703071	-0.7720470000000001	1.002582	-0.07504915783575616	0.07330382858376185	0.019198621771937627	0.9684	-0.3167	-0.1742
330.0	-9.710919	-0.764199	0.999639	-0.07853981633974483	0.07330382858376185	0.015707963267948967	0.9683	-0.3164	-0.1738
331.0	-9.706995000000001	-0.7661610000000001	1.026126	-0.0715584993317675	0.07504915783575616	0.012217304763960306	0.968	-0.3157	-0.1738
332.0	-9.706014	-0.7857810000000001	0.998658	-0.059341194567807204	0.07853981633974483	0.015707963267948967	0.9676	-0.3161	-0.1741
333.0	-9.699147	-0.807363	0.9898290000000001	-0.0645771823237902	0.07853981633974483	0.013962634015954637	0.9678	-0.3161	-0.1743
334.0	-9.694242000000001	-0.836793	0.953532	-0.07330382858376185	0.07330382858376185	0.013962634015954637	0.9674	-0.3159	-0.1742
335.0	-9.687375000000001	-0.8466030000000001	0.964323	-0.07504915783575616	0.08028514559173916	0.022689280275926284	0.9672	-0.3166	-0.174
336.0	-9.690318000000001	-0.8573940000000001	0.9329310000000001	-0.06283185307179587	0.07853981633974483	0.012217304763960306	0.9674	-0.317	-0.1743
337.0	-9.686394000000002	-0.87309	0.884862	-0.06283185307179587	0.08203047484373349	0.019198621771937627	0.9676	-0.3171	-0.1747
338.0	-9.674622	-0.883881	0.886824	-0.061086523819801536	0.06632251157578452	0.019198621771937627	0.9672	-0.3175	-0.175
339.0	-9.676584000000002	-0.874071	0.874071	-0.05759586531581287	0.06981317007977318	0.015707963267948967	0.9672	-0.3176	-0.1751
340.0	-9.680508000000001	-0.891729	0.812268	-0.06806784082777885	0.07853981633974483	0.017453292519943295	0.9669	-0.3178	-0.1754
341.0	-9.673641	-0.8956530000000001	0.812268	-0.06806784082777885	0.07853981633974483	0.017453292519943295	0.9665	-0.3193	-0.1756
342.0	-9.680508000000001	-0.8829	0.807363	-0.0645771823237902	0.07853981633974483	0.019198621771937627	0.9666	-0.3191	-0.1751
343.0	-9.681489000000001	-0.8799570000000001	0.811287	-0.0645771823237902	0.07330382858376185	0.019198621771937627	0.9665	-0.3199	-0.1753
344.0	-9.690318000000001	-0.859356	0.820116	-0.06632251157578452	0.07853981633974483	0.008726646259971648	0.9659	-0.3198	-0.1749
345.0	-9.704052	-0.8191350000000001	0.85347	-0.0645771823237902	0.08377580409572781	0.012217304763960306	0.9657	-0.3193	-0.1751
346.0	-9.713862	-0.7897050000000001	0.8956530000000001	-0.07504915783575616	0.07853981633974483	0.019198621771937627	0.9653	-0.319	-0.1747
347.0	-9.707976	-0.768123	0.967266	-0.06981317007977318	0.08377580409572781	0.022689280275926284	0.9652	-0.3189	-0.1744
348.0	-9.703071	-0.7740090000000001	0.9908100000000001	-0.0715584993317675	0.08203047484373349	0.015707963267948967	0.9653	-0.3184	-0.1742
349.0	-9.695223	-0.7848	0.996696	-0.0715584993317675	0.0890117918517108	0.022689280275926284	0.965	-0.3181	-0.1743
350.0	-9.690318000000001	-0.795591	0.981981	-0.0715584993317675	0.07853981633974483	0.024434609527920613	0.9654	-0.3182	-0.1731
351.0	-9.680508000000001	-0.8132490000000001	0.973152	-0.06981317007977318	0.08203047484373349	0.019198621771937627	0.9657	-0.3177	-0.1716
352.0	-9.681489000000001	-0.807363	0.9810000000000001	-0.0715584993317675	0.07679448708775051	0.017453292519943295	0.9659	-0.3175	-0.1699
353.0	-9.685413	-0.7985340000000001	0.983943	-0.0645771823237902	0.06981317007977318	0.020943951023931952	0.9659	-0.3168	-0.1674
354.0	-9.695223	-0.7897050000000001	0.9888480000000001	-0.06632251157578452	0.08028514559173916	0.015707963267948967	0.9663	-0.3172	-0.1646
355.0	-9.688356	-0.815211	0.9702090000000001	-0.06632251157578452	0.07330382858376185	0.015707963267948967	0.9665	-0.3168	-0.1609
356.0	-9.688356	-0.818154	0.9613800000000001	-0.06632251157578452	0.07504915783575616	0.010471975511965976	0.967	-0.317	-0.1576
357.0	-9.694242000000001	-0.811287	0.9613800000000001	-0.06806784082777885	0.07679448708775051	0.012217304763960306	0.9672	-0.3164	-0.1536
358.0	-9.715824	-0.783819	0.9378360000000001	-0.07330382858376185	0.07504915783575616	0.012217304763960306	0.9675	-0.3164	-0.1491
359.0	-9.730539	-0.770085	0.9339120000000001	-0.06981317007977318	0.07330382858376185	0.008726646259971648	0.9678	-0.3162	-0.1437
360.0	-9.734463	-0.75537	0.964323	-0.0645771823237902	0.07330382858376185	0.012217304763960306	0.9677	-0.3162	-0.1391
361.0	-9.745254	-0.744579	0.942741	-0.06283185307179587	0.06981317007977318	0.008726646259971648	0.9678	-0.3159	-0.1352
362.0	-9.733482	-0.761256	0.938817	-0.059341194567807204	0.07853981633974483	0.012217304763960306	0.9679	-0.316	-0.1321
363.0	-9.729558	-0.764199	0.930969	-0.06981317007977318	0.0715584993317675	0.020943951023931952	0.968	-0.3159	-0.1294
364.0	-9.7119	-0.761256	0.983943	-0.07330382858376185	0.06632251157578452	0.019198621771937627	0.9683	-0.3154	-0.1281
365.0	-9.715824	-0.762237	0.972171	-0.06806784082777885	0.07679448708775051	0.013962634015954637	0.9683	-0.3157	-0.1283
366.0	-9.718767000000001	-0.782838	0.934893	-0.0715584993317675	0.08203047484373349	0.017453292519943295	0.9684	-0.3161	-0.1281
367.0	-9.716805	-0.8004960000000001	0.9123300000000001	-0.0715584993317675	0.0715584993317675	0.020943951023931952	0.9684	-0.3166	-0.1296
368.0	-9.690318000000001	-0.8230590000000001	0.9476460000000001	-0.06981317007977318	0.07504915783575616	0.015707963267948967	0.9686	-0.3169	-0.1319
369.0	-9.683451	-0.807363	0.981981	-0.06981317007977318	0.08203047484373349	0.012217304763960306	0.9687	-0.3171	-0.1354
370.0	-9.689337	-0.803439	0.949608	-0.0715584993317675	0.07853981633974483	0.012217304763960306	0.9684	-0.3174	-0.1396
371.0	-9.693261	-0.791667	0.950589	-0.07504915783575616	0.08726646259971647	0.012217304763960306	0.9685	-0.3173	-0.1446
372.0	-9.696204	-0.7661610000000001	0.986886	-0.07504915783575616	0.08552113334772216	0.003490658503988659	0.9683	-0.317	-0.1502
373.0	-9.697185000000001	-0.75537	1.0172970000000001	-0.07504915783575616	0.07330382858376185	0.019198621771937627	0.9682	-0.3171	-0.1558
374.0	-9.698166	-0.786762	0.9554940000000001	-0.0715584993317675	0.08028514559173916	0.020943951023931952	0.968	-0.3176	-0.1611
375.0	-9.697185000000001	-0.7848	0.959418	-0.07679448708775051	0.08028514559173916	0.015707963267948967	0.9679	-0.3174	-0.1659
376.0	-9.689337	-0.7906860000000001	0.974133	-0.08028514559173916	0.08552113334772216	0.010471975511965976	0.9674	-0.3173	-0.1705
377.0	-9.694242000000001	-0.7897050000000001	0.9711900000000001	-0.0645771823237902	0.07679448708775051	0.015707963267948967	0.9674	-0.3174	-0.1742
378.0	-9.72171	-0.7769520000000001	0.9241020000000001	-0.08028514559173916	0.08203047484373349	0.019198621771937627	0.9674	-0.3175	-0.1776
379.0	-9.718767000000001	-0.803439	0.897615	-0.07853981633974483	0.07330382858376185	0.015707963267948967	0.9663	-0.3174	-0.1805
380.0	-9.706995000000001	-0.8054010000000001	0.9466650000000001	-0.07853981633974483	0.07853981633974483	0.015707963267948967	0.9664	-0.3171	-0.1827
381.0	-9.693261	-0.8240400000000001	0.9623610000000001	-0.06981317007977318	0.08203047484373349	0.019198621771937627	0.9664	-0.3173	-0.1842
382.0	-9.688356	-0.8309070000000001	0.9702090000000001	-0.07679448708775051	0.07853981633974483	0.012217304763960306	0.9662	-0.317	-0.1851
383.0	-9.689337	-0.844641	0.9280260000000001	-0.0715584993317675	0.08552113334772216	0.015707963267948967	0.9653	-0.3167	-0.1857
384.0	-9.67266	-0.860337	0.935874	-0.06806784082777885	0.08028514559173916	0.017453292519943295	0.9651	-0.3163	-0.1854
385.0	-9.661869000000001	-0.868185	0.9466650000000001	-0.06981317007977318	0.08377580409572781	0.012217304763960306	0.9649	-0.3163	-0.1853
386.0	-9.658926000000001	-0.84366	0.9859050000000001	-0.06632251157578452	0.08203047484373349	0.010471975511965976	0.9642	-0.3159	-0.185
387.0	-9.658926000000001	-0.8426790000000001	0.9692280000000001	-0.0645771823237902	0.08203047484373349	0.012217304763960306	0.9635	-0.3153	-0.1848
388.0	-9.651078	-0.85347	0.968247	-0.07504915783575616	0.07853981633974483	0.020943951023931952	0.9621	-0.3153	-0.1844
389.0	-9.648135000000002	-0.86328	0.965304	-0.07853981633974483	0.08552113334772216	0.015707963267948967	0.9621	-0.3145	-0.1841
390.0	-9.645192	-0.8878050000000001	0.940779	-0.07330382858376185	0.08203047484373349	0.012217304763960306	0.9609	-0.3139	-0.1848
391.0	-9.655983	-0.883881	0.9466650000000001	-0.07504915783575616	0.07679448708775051	0.017453292519943295	0.9598	-0.3138	-0.1837
392.0	-9.668736	-0.9035010000000001	0.894672	-0.06981317007977318	0.08203047484373349	0.022689280275926284	0.9588	-0.3139	-0.1835
393.0	-9.67266	-0.8829	0.94176	-0.061086523819801536	0.07853981633974483	0.020943951023931952	0.9582	-0.3141	-0.1814
394.0	-9.694242000000001	-0.826983	0.992772	-0.06283185307179587	0.07330382858376185	0.012217304763960306	0.9576	-0.314	-0.1812
395.0	-9.713862	-0.8083440000000001	0.965304	-0.06632251157578452	0.07679448708775051	0.017453292519943295	0.9572	-0.3142	-0.1799
396.0	-9.706014	-0.8142300000000001	0.9780570000000001	-0.061086523819801536	0.07330382858376185	0.013962634015954637	0.9574	-0.3143	-0.1768
397.0	-9.694242000000001	-0.811287	1.033974	-0.06283185307179587	0.07679448708775051	0.015707963267948967	0.9575	-0.3151	-0.172
398.0	-9.685413	-0.796572	1.077138	-0.06806784082777885	0.08028514559173916	0.012217304763960306	0.958	-0.3146	-0.1682
399.0	-9.683451	-0.7906860000000001	1.070271	-0.06283185307179587	0.07853981633974483	0.019198621771937627	0.9582	-0.3153	-0.1625
400.0	-9.699147	-0.754389	1.05948	-0.06283185307179587	0.06981317007977318	0.008726646259971648	0.9588	-0.316	-0.1548
401.0	-9.704052	-0.750465	1.009449	-0.0645771823237902	0.06806784082777885	0.015707963267948967	0.9593	-0.3159	-0.1497
401.99999999999994	-9.691299	-0.762237	1.001601	-0.061086523819801536	0.08203047484373349	0.020943951023931952	0.96	-0.3161	-0.1422
403.0	-9.684432000000001	-0.769104	1.0084680000000001	-0.059341194567807204	0.07679448708775051	0.010471975511965976	0.9612	-0.3165	-0.1378
404.0	-9.689337	-0.7975530000000001	0.940779	-0.0645771823237902	0.06981317007977318	0.012217304763960306	0.961	-0.3164	-0.1299
405.0	-9.691299	-0.80442	0.9290070000000001	-0.06283185307179587	0.07330382858376185	0.019198621771937627	0.9623	-0.3158	-0.1271
405.99999999999994	-9.713862	-0.8093250000000001	0.86328	-0.06806784082777885	0.08377580409572781	0.010471975511965976	0.9633	-0.3157	-0.1234
407.0	-9.714843	-0.8299259999999999	0.8309070000000001	-0.05585053606381855	0.06981317007977318	0.015707963267948967	0.9639	-0.3155	-0.1234
408.0	-9.733482	-0.8103060000000001	0.828945	-0.06283185307179587	0.07853981633974483	0.012217304763960306	0.9641	-0.3156	-0.1224
409.0	-9.742311	-0.801477	0.8338500000000001	-0.05585053606381855	0.08203047484373349	0.010471975511965976	0.9647	-0.3152	-0.1235
409.99999999999994	-9.738387000000001	-0.802458	0.8711280000000001	-0.0645771823237902	0.0715584993317675	0.019198621771937627	0.9654	-0.3147	-0.1277
411.00000000000006	-9.746235	-0.7906860000000001	0.8829	-0.05235987755982989	0.07504915783575616	0.015707963267948967	0.9657	-0.315	-0.1313
412.0	-9.757026000000002	-0.7769520000000001	0.877014	-0.06283185307179587	0.07679448708775051	0.019198621771937627	0.9667	-0.3157	-0.1374
413.0	-9.765855	-0.7651800000000001	0.84366	-0.05759586531581287	0.0715584993317675	0.015707963267948967	0.9665	-0.3151	-0.1433
413.99999999999994	-9.757026000000002	-0.754389	0.877014	-0.05585053606381855	0.07330382858376185	0.012217304763960306	0.9674	-0.3155	-0.1505
415.00000000000006	-9.734463	-0.7720470000000001	0.908406	-0.059341194567807204	0.07853981633974483	0.019198621771937627	0.9669	-0.3158	-0.1543
416.0	-9.716805	-0.7759710000000001	0.940779	-0.06283185307179587	0.07853981633974483	0.012217304763960306	0.9663	-0.3159	-0.1619
417.0	-9.723672	-0.778914	0.9044820000000001	-0.07504915783575616	0.08203047484373349	0.017453292519943295	0.9662	-0.3156	-0.167
418.0	-9.701109	-0.7985340000000001	0.929988	-0.06632251157578452	0.07853981633974483	0.019198621771937627	0.9662	-0.3157	-0.1723
419.00000000000006	-9.704052	-0.7848	0.943722	-0.06981317007977318	0.07853981633974483	0.024434609527920613	0.9666	-0.3157	-0.1773
420.0	-9.706014	-0.7906860000000001	0.908406	-0.06632251157578452	0.08028514559173916	0.015707963267948967	0.9666	-0.3152	-0.1803
421.0	-9.693261	-0.802458	0.9447030000000001	-0.06632251157578452	0.07679448708775051	0.015707963267948967	0.9665	-0.3157	-0.1829
422.0	-9.70209	-0.7857810000000001	0.9574560000000001	-0.061086523819801536	0.06632251157578452	0.019198621771937627	0.9653	-0.3149	-0.1841
423.00000000000006	-9.697185000000001	-0.8220780000000001	0.935874	-0.06632251157578452	0.07330382858376185	0.020943951023931952	0.9651	-0.3155	-0.1844
424.0	-9.70209	-0.845622	0.9044820000000001	-0.06632251157578452	0.07330382858376185	0.020943951023931952	0.9646	-0.3156	-0.1856
425.0	-9.720729	-0.8377740000000001	0.859356	-0.061086523819801536	0.07853981633974483	0.015707963267948967	0.9641	-0.3162	-0.1857
426.0	-9.730539	-0.8299259999999999	0.844641	-0.05585053606381855	0.07504915783575616	0.012217304763960306	0.9637	-0.316	-0.185
426.99999999999994	-9.744273	-0.7897050000000001	0.8721090000000001	-0.06283185307179587	0.07504915783575616	0.012217304763960306	0.9631	-0.3166	-0.1849
428.0	-9.753102	-0.793629	0.826002	-0.059341194567807204	0.07853981633974483	0.017453292519943295	0.9619	-0.3171	-0.1844
429.0	-9.735444	-0.825021	0.8093250000000001	-0.061086523819801536	0.07330382858376185	0.017453292519943295	0.9608	-0.3172	-0.184
430.0	-9.718767000000001	-0.852489	0.8083440000000001	-0.05235987755982989	0.061086523819801536	0.019198621771937627	0.96	-0.3186	-0.1838
430.99999999999994	-9.7119	-0.8426790000000001	0.816192	-0.06283185307179587	0.07330382858376185	0.020943951023931952	0.9592	-0.3182	-0.1834
432.0	-9.696204	-0.840717	0.840717	-0.06632251157578452	0.07679448708775051	0.026179938779914945	0.9588	-0.3188	-0.1835
433.0	-9.685413	-0.8083440000000001	0.910368	-0.06632251157578452	0.06283185307179587	0.020943951023931952	0.959	-0.3193	-0.1841
434.0	-9.686394000000002	-0.764199	0.967266	-0.0715584993317675	0.04537856055185257	0.029670597283903602	0.959	-0.3192	-0.1848
434.99999999999994	-9.704052	-0.7318260000000001	0.9898290000000001	-0.06981317007977318	0.03665191429188092	0.03665191429188092	0.9593	-0.3195	-0.187
436.00000000000006	-9.715824	-0.7337880000000001	0.9790380000000001	-0.06632251157578452	0.010471975511965976	0.04537856055185257	0.9593	-0.3203	-0.1865
437.0	-9.717786	-0.7514460000000001	1.01043	-0.07853981633974483	-0.010471975511965976	0.06632251157578452	0.9593	-0.3197	-0.1847
438.0	-9.746235	-0.730845	1.060461	-0.08203047484373349	-0.041887902047863905	0.08377580409572781	0.9599	-0.3196	-0.1853
438.99999999999994	-9.794304	-0.726921	1.027107	-0.0942477796076938	-0.06283185307179587	0.0942477796076938	0.9599	-0.3198	-0.1862
440.00000000000006	-9.84924	-0.678852	1.078119	-0.12566370614359174	-0.07853981633974483	0.09948376736367678	0.9592	-0.3196	-0.1877
441.0	-9.929682	-0.6288210000000001	1.0428030000000001	-0.1466076571675237	-0.10821041362364843	0.10821041362364843	0.9598	-0.32	-0.1876
442.0	-9.991485	-0.565056	1.0378980000000002	-0.18500490071139894	-0.14486232791552936	0.10122909661567112	0.9601	-0.3199	-0.1878
443.0	-10.047402	-0.48951900000000004	0.9780570000000001	-0.23212879051524585	-0.1710422666954443	0.07504915783575616	0.9595	-0.3196	-0.1899
444.00000000000006	-10.069965	-0.40711500000000006	0.938817	-0.28623399732707	-0.17976891295541594	0.041887902047863905	0.9594	-0.3199	-0.1932
445.0	-10.071927	-0.339426	0.8622990000000001	-0.34732052114687156	-0.20943951023931956	0.026179938779914945	0.9591	-0.3195	-0.1921
446.0	-10.056231	-0.27468000000000004	0.7857810000000001	-0.40840704496667307	-0.22165681500327983	0.003490658503988659	0.959	-0.3195	-0.1949
447.0	-10.071927	-0.18639	0.5846760000000001	-0.4241150082346221	-0.23561944901923448	0.003490658503988659	0.9588	-0.3196	-0.1982
448.00000000000006	-10.070946	-0.125568	0.379647	-0.43982297150257105	-0.23911010752322315	0.003490658503988659	0.9591	-0.3198	-0.2005
449.0	-10.059174	-0.033354	0.315882	-0.45029494701453704	-0.22165681500327983	0.008726646259971648	0.9586	-0.3204	-0.2018
450.0	-10.043478	0.04022100000000001	0.25506	-0.47298422729046335	-0.22165681500327983	0.008726646259971648	0.9592	-0.3202	-0.2057
451.0	-10.020915	0.069651	0.20012400000000002	-0.4886921905584123	-0.1884955592153876	0.006981317007977318	0.9585	-0.3204	-0.2106
451.99999999999994	-9.993447	0.034335000000000004	0.11673900000000001	-0.5131268000863328	-0.19198621771937624	0.003490658503988659	0.9583	-0.3205	-0.218
453.0	-9.980694000000002	0.002943	0.10006200000000001	-0.49741883681838395	-0.19024088846738194	0.0	0.9574	-0.3201	-0.222
454.0	-9.988542	-0.073575	0.02943	-0.4834562028024293	-0.19722220547535926	0.003490658503988659	0.9563	-0.3196	-0.2237
455.0	-9.990504	-0.159903	0.016677	-0.4363323129985824	-0.2059488517353309	0.003490658503988659	0.9553	-0.3192	-0.2304
455.99999999999994	-9.985599	-0.206991	0.145188	-0.39269908169872414	-0.22514747350726852	0.010471975511965976	0.9544	-0.3184	-0.2351
457.0	-9.928701	-0.30901500000000004	0.346293	-0.34732052114687156	-0.24085543677521748	0.010471975511965976	0.9533	-0.3181	-0.2416
458.0	-9.851202	-0.409077	0.543474	-0.2984513020910304	-0.2303834612632515	-0.0017453292519943296	0.9519	-0.3172	-0.2476
459.0	-9.756045	-0.541512	0.6258779999999999	-0.26878070480712674	-0.23387411976724015	-0.010471975511965976	0.9509	-0.3162	-0.2547
459.99999999999994	-9.668736	-0.6867000000000001	0.591543	-0.22165681500327983	-0.22514747350726852	-0.022689280275926284	0.9497	-0.3155	-0.2589
461.00000000000006	-9.56475	-0.8142300000000001	0.5856570000000001	-0.22165681500327983	-0.22514747350726852	-0.022689280275926284	0.9486	-0.3142	-0.2636
462.0	-9.475479	-0.8760330000000001	0.616068	-0.1117010721276371	-0.17976891295541594	-0.05235987755982989	0.9468	-0.3136	-0.2658
463.0	-9.363645	-0.981981	0.63765	-0.07853981633974483	-0.1413716694115407	-0.0645771823237902	0.9466	-0.313	-0.2689
463.99999999999994	-9.258678	-1.033974	0.7102440000000001	-0.04014257279586958	-0.10821041362364843	-0.07853981633974483	0.9456	-0.3125	-0.2738
465.00000000000006	-9.168426	-1.043784	0.812268	-0.024434609527920613	-0.08203047484373349	-0.1064650843716541	0.9452	-0.3121	-0.2767
466.0	-9.112509	-1.065366	0.7740090000000001	-0.006981317007977318	-0.059341194567807204	-0.1117010721276371	0.9447	-0.3121	-0.28
467.0	-9.084060000000001	-1.067328	0.7475220000000001	-0.0	-0.04537856055185257	-0.11344640137963143	0.9446	-0.3112	-0.2827
468.0	-9.09387	-1.0467270000000002	0.7485030000000001	-0.010471975511965976	-0.0715584993317675	-0.10297442586766545	0.944	-0.3104	-0.285
469.00000000000006	-9.118395	-0.9947340000000001	0.825021	-0.048869219055841226	-0.10821041362364843	-0.07330382858376185	0.9438	-0.3096	-0.2871
470.0	-9.155673	-0.9142920000000001	0.9339120000000001	-0.07853981633974483	-0.16755160819145562	-0.041887902047863905	0.9431	-0.3094	-0.2893
471.0	-9.171369	-0.8416980000000001	1.0516320000000001	-0.1117010721276371	-0.22165681500327983	0.020943951023931952	0.9424	-0.3084	-0.292
472.0	-9.173331000000001	-0.75537	1.1870100000000001	-0.09599310885968812	-0.26005405854715513	0.10122909661567112	0.9419	-0.3079	-0.2944
473.00000000000006	-9.166464000000001	-0.670023	1.2527370000000002	-0.0942477796076938	-0.26005405854715513	0.21118483949131386	0.9406	-0.3074	-0.2973
474.0	-9.125262000000001	-0.671985	1.26549	-0.10471975511965978	-0.2583087292951608	0.3420845333908886	0.9397	-0.3075	-0.2997
475.0	-9.081117	-0.722016	1.256661	-0.08377580409572781	-0.27576202181510406	0.48171087355043496	0.9382	-0.3081	-0.3028
476.0	-9.065421	-0.820116	1.276281	-0.026179938779914945	-0.27401669256310973	0.5881759579220891	0.9365	-0.3088	-0.3065
476.99999999999994	-9.116433	-0.948627	1.26549	0.031415926535897934	-0.22863813201125716	0.640535835481919	0.9342	-0.3123	-0.3097
478.0	-9.234153000000001	-1.090872	1.243908	0.08552113334772216	-0.21991148575128552	0.6161012259539983	0.932	-0.3153	-0.3129
479.0	-9.449973000000002	-1.150713	1.195839	0.11868238913561441	-0.2059488517353309	0.46949356878647464	0.9299	-0.3195	-0.3161
480.0	-9.644211	-1.24587	1.1565990000000002	0.11868238913561441	-0.2059488517353309	0.46949356878647464	0.928	-0.3231	-0.3188
480.99999999999994	-9.853164	-1.2703950000000002	1.140903	0.20245819323134223	-0.05235987755982989	0.158824961931484	0.9249	-0.3276	-0.3208
482.0	-10.029744	-1.325331	1.03986	0.2565634000431664	-0.05061454830783556	-0.03490658503988659	0.9221	-0.3313	-0.3233
483.0	-10.164141	-1.3665330000000002	1.021221	0.3036872898470133	-0.031415926535897934	-0.2007128639793479	0.9194	-0.3349	-0.325
484.0	-10.300500000000001	-1.3684950000000002	1.03986	0.33335788713091696	0.0	-0.30717794835100204	0.9176	-0.338	-0.3264
484.99999999999994	-10.399581000000001	-1.3586850000000001	1.076157	0.3490658503988659	0.0017453292519943296	-0.3560471674068432	0.9153	-0.3404	-0.327
486.00000000000006	-10.434897000000001	-1.318464	1.071252	0.3455751918948773	-0.024434609527920613	-0.39269908169872414	0.9137	-0.3421	-0.3272
487.0	-10.389771	-1.233117	1.077138	0.33510321638291124	-0.04363323129985824	-0.3909537524467298	0.9131	-0.3417	-0.3274
488.0	-10.248507	-1.149732	1.077138	0.32986722862692824	-0.024434609527920613	-0.3839724354387525	0.9124	-0.3418	-0.3273
488.99999999999994	-10.013067	-1.1310930000000001	1.0810620000000002	0.29496064358704166	0.012217304763960306	-0.3735004599267865	0.9126	-0.3398	-0.3266
490.00000000000006	-9.781551	-1.0898910000000002	1.071252	0.27401669256310973	0.022689280275926284	-0.35255650890285456	0.9119	-0.3378	-0.3263
491.0	-9.563769	-1.1046060000000002	0.9908100000000001	0.22689280275926285	-0.019198621771937627	-0.3490658503988659	0.9128	-0.3356	-0.3264
492.0	-9.406809	-1.126188	0.929988	0.17976891295541594	-0.04014257279586958	-0.33510321638291124	0.9137	-0.3328	-0.3265
493.0	-9.326367000000001	-1.1183400000000001	0.795591	0.11868238913561441	-0.022689280275926284	-0.32986722862692824	0.9147	-0.3297	-0.3264
494.00000000000006	-9.263583	-1.043784	0.744579	0.04014257279586958	-0.024434609527920613	-0.3036872898470133	0.9154	-0.3269	-0.3263
495.0	-9.245925	-0.9447030000000001	0.622935	-0.010471975511965976	-0.03665191429188092	-0.29670597283903605	0.9164	-0.3237	-0.3269
496.0	-9.249849	-0.8387550000000001	0.502272	-0.05759586531581287	-0.04363323129985824	-0.26354471705114374	0.9174	-0.3207	-0.3273
497.0	-9.269469	-0.737712	0.367875	-0.09773843811168245	-0.08726646259971647	-0.25132741228718347	0.9182	-0.3177	-0.3281
498.00000000000006	-9.277317	-0.655308	0.26388900000000004	-0.11868238913561441	-0.10821041362364843	-0.22165681500327983	0.9189	-0.3148	-0.3294
499.0	-9.261621000000002	-0.610182	0.175599	-0.13962634015954636	-0.17453292519943295	-0.19024088846738194	0.9186	-0.3123	-0.3313
500.0	-9.239058	-0.6180300000000001	0.099081	-0.13439035240356337	-0.19198621771937624	-0.16406094968746698	0.919	-0.3096	-0.3334
501.0	-9.214533000000001	-0.6278400000000001	0.092214	-0.1413716694115407	-0.2181661564992912	-0.1466076571675237	0.9191	-0.3069	-0.3356
501.99999999999994	-9.204723000000001	-0.654327	0.059841000000000005	-0.13788101090755203	-0.2129301687433082	-0.1361356816555577	0.9186	-0.3047	-0.3374
503.0	-9.197856	-0.721035	0.08338500000000001	-0.10297442586766545	-0.21642082724729686	-0.09948376736367678	0.918	-0.3026	-0.3398
504.0	-9.216495	-0.845622	0.04905	-0.08028514559173916	-0.2722713633111154	-0.07330382858376185	0.9177	-0.3004	-0.3427
505.0	-9.246906000000001	-0.9702090000000001	0.090252	-0.04537856055185257	-0.32986722862692824	-0.054105206811824215	0.9171	-0.2987	-0.3455
505.99999999999994	-9.316557	-1.095777	0.082404	-0.024434609527920613	-0.3560471674068432	-0.05759586531581287	0.9159	-0.2969	-0.3492
507.0	-9.401904	-1.2399840000000002	0.089271	0.003490658503988659	-0.3560471674068432	-0.04014257279586958	0.9143	-0.2955	-0.3529
508.0	-9.553959	-1.345932	0.06572700000000001	0.03665191429188092	-0.3385938748868999	-0.017453292519943295	0.9124	-0.2943	-0.3568
509.0	-9.743292	-1.4185260000000002	0.04316400000000001	0.10821041362364843	-0.32288591161895097	0.006981317007977318	0.9105	-0.2936	-0.3604
509.99999999999994	-9.950283	-1.486215	-0.025506	0.16057029118347832	-0.2879793265790644	0.059341194567807204	0.9091	-0.2934	-0.364
511.00000000000006	-10.135691999999999	-1.6166880000000001	-0.10692900000000001	0.24783675378319478	-0.26354471705114374	0.13788101090755203	0.907	-0.2933	-0.3674
512.0	-10.280880000000002	-1.755009	-0.121644	0.3490658503988659	-0.2426007660272118	0.2007128639793479	0.9054	-0.2932	-0.3708
513.0	-10.441764000000001	-1.8629190000000002	-0.10692900000000001	0.42062434973063345	-0.16057029118347832	0.21991148575128552	0.9035	-0.2946	-0.3737
514.0	-10.581066	-1.939437	-0.099081	0.4625122517784973	-0.061086523819801536	0.2234021442552742	0.9012	-0.2956	-0.3765
515.0	-10.694862	-2.005164	-0.142245	0.48171087355043496	0.022689280275926284	0.2007128639793479	0.8992	-0.2974	-0.3788
516.0	-10.799829	-1.9718100000000003	-0.14715	0.47647488579445196	0.0645771823237902	0.15707963267948966	0.8969	-0.2997	-0.3802
517.0	-10.926378	-1.8903870000000003	-0.28645200000000004	0.4415683007545654	0.1117010721276371	0.09948376736367678	0.8956	-0.302	-0.3812
518.0	-11.022516	-1.7991540000000001	-0.47284200000000004	0.40840704496667307	0.158824961931484	0.04014257279586958	0.8942	-0.304	-0.381
519.0	-11.162799	-1.803078	-0.46205100000000005	0.4118977034706618	0.158824961931484	-0.003490658503988659	0.8928	-0.3066	-0.3808
520.0	-11.33055	-1.800135	-0.18933300000000003	0.4380776422505767	0.0942477796076938	-0.10995574287564276	0.8909	-0.3092	-0.3795
521.0	-11.635641	-1.6206120000000002	-0.150093	0.34732052114687156	0.27576202181510406	-0.24783675378319478	0.89	-0.311	-0.3783
522.0	-12.000573000000001	-1.4057730000000002	-0.001962	0.28099800957108706	0.39269908169872414	-0.3368485456349056	0.8897	-0.3135	-0.3765
523.0	-12.236013000000002	-1.1713140000000002	0.153036	0.13788101090755203	0.32637657012293964	-0.3560471674068432	0.8901	-0.3147	-0.3745
524.0	-12.322341	-0.983943	0.351198	0.16580627893946132	0.3612831551628262	-0.32637657012293964	0.8906	-0.3153	-0.3725
525.0	-12.252690000000001	-0.8564130000000001	0.547398	0.09599310885968812	0.18675022996339324	-0.27052603405912107	0.8905	-0.315	-0.3704
526.0	-12.087882	-0.7985340000000001	0.860337	-0.010471975511965976	0.0942477796076938	-0.17976891295541594	0.8915	-0.3147	-0.3682
527.0	-11.83086	-0.7759710000000001	1.372419	-0.10821041362364843	0.06632251157578452	-0.07853981633974483	0.8912	-0.3139	-0.3665
528.0	-11.539503	-0.7573320000000001	2.067948	-0.17976891295541594	0.026179938779914945	0.0017453292519943296	0.8921	-0.3135	-0.3651
529.0	-11.248146000000002	-0.6062580000000001	2.657529	-0.26703537555513246	-0.026179938779914945	0.038397243543875255	0.8925	-0.3126	-0.3641
530.0	-10.961694	-0.377685	3.0303090000000004	-0.3944444109507185	-0.05585053606381855	0.038397243543875255	0.8934	-0.3114	-0.3641
531.0	-10.606572	-0.188352	3.477645	-0.6422811647339133	-0.08377580409572781	0.012217304763960306	0.8937	-0.3108	-0.3643
532.0	-10.221039000000001	0.016677	3.7807740000000005	-0.8185594191853406	-0.21642082724729686	-0.03665191429188092	0.8935	-0.309	-0.3661
533.0	-9.948321	0.148131	4.00248	-0.8447393579652555	-0.3560471674068432	-0.0471238898038469	0.8929	-0.3075	-0.3695
534.0	-9.863955	0.197181	4.172193	-0.7696902001294994	-0.4991641660703783	-0.054105206811824215	0.8918	-0.3069	-0.3738
535.0	-9.950283	0.163827	4.429215	-0.6806784082777885	-0.5480333851262195	-0.012217304763960306	0.8911	-0.3056	-0.3784
536.0	-10.074869999999999	0.031392	4.512600000000001	-0.6719517620178169	-0.40840704496667307	0.0715584993317675	0.8905	-0.3045	-0.3837
537.0	-10.180818	-0.169713	4.523391	-0.6527531402458793	-0.19198621771937624	0.15707963267948966	0.8898	-0.3038	-0.3899
538.0	-10.243602000000001	-0.474804	4.381146	-0.5794493116621174	-0.003490658503988659	0.2234021442552742	0.8884	-0.3028	-0.396
539.0	-10.155312	-0.835812	4.19868	-0.4590215932745087	0.13439035240356337	0.2530727415391778	0.8875	-0.3017	-0.4019
540.0	-9.949302000000001	-1.2350790000000003	4.011309	-0.33161255787892263	0.2303834612632515	0.2879793265790644	0.8861	-0.3004	-0.4071
541.0	-9.626553	-1.703016	3.952449	-0.19198621771937624	0.312413936106985	0.32637657012293964	0.885	-0.3006	-0.4116
542.0	-9.252792000000001	-2.17782	3.8769120000000004	-0.09250245035569947	0.38746309394274114	0.3560471674068432	0.884	-0.3013	-0.4149
543.0	-8.877069	-2.5456950000000003	3.7768500000000005	-0.061086523819801536	0.38048177693476387	0.38048177693476387	0.8829	-0.3025	-0.4164
544.0	-8.455239	-2.765439	3.6875790000000004	-0.012217304763960306	0.35255650890285456	0.3944444109507185	0.8821	-0.3035	-0.4172
545.0	-8.05401	-2.780154	3.5502390000000004	0.015707963267948967	0.34033920413889424	0.40840704496667307	0.8816	-0.3061	-0.4171
546.0	-7.7253750000000005	-2.656548	3.470778	0.03665191429188092	0.29670597283903605	0.39793506945470714	0.8802	-0.309	-0.4163
547.0	-7.486992	-2.3995260000000003	3.4148610000000006	0.059341194567807204	0.26878070480712674	0.3769911184307752	0.879	-0.3115	-0.4142
548.0	-7.339842	-2.0336130000000003	3.341286	0.08203047484373349	0.21642082724729686	0.33335788713091696	0.8777	-0.3141	-0.4121
549.0	-7.308450000000001	-1.6166880000000001	3.2716350000000003	0.07504915783575616	0.19373154697137057	0.2932153143350474	0.8772	-0.3173	-0.4099
550.0	-7.395759000000001	-1.161504	3.1931550000000004	0.06283185307179587	0.2007128639793479	0.26005405854715513	0.8767	-0.3216	-0.4079
551.0	-7.5595859999999995	-0.703377	3.0989790000000004	0.048869219055841226	0.19198621771937624	0.2129301687433082	0.8764	-0.3249	-0.4058
552.0	-7.733223000000001	-0.244269	3.066606	0.04014257279586958	0.22165681500327983	0.1710422666954443	0.8757	-0.3282	-0.403
553.0	-7.8980310000000005	0.126549	3.017556	0.012217304763960306	0.22165681500327983	0.10821041362364843	0.8749	-0.3312	-0.3997
554.0	-8.086383000000001	0.43262100000000003	2.9361330000000003	0.006981317007977318	0.2565634000431664	0.0890117918517108	0.874	-0.3347	-0.3953
555.0	-8.225685	0.589581	2.839014	0.006981317007977318	0.34732052114687156	0.08028514559173916	0.8736	-0.3374	-0.391
556.0	-8.323785	0.668061	2.7683820000000003	-0.006981317007977318	0.39968039870670147	0.08377580409572781	0.8738	-0.3396	-0.3864
557.0	-8.374797000000001	0.671004	2.675187	0.005235987755982988	0.4468042885105484	0.0645771823237902	0.8744	-0.3419	-0.381
558.0	-8.387550000000001	0.6052770000000001	2.584935	0.04537856055185257	0.4625122517784973	0.04014257279586958	0.8754	-0.3448	-0.375
559.0	-8.336538000000001	0.442431	2.370096	0.08726646259971647	0.5009094953223726	0.015707963267948967	0.8762	-0.3478	-0.3681
560.0	-8.202141	0.20208600000000002	2.160162	0.1117010721276371	0.47647488579445196	0.0	0.8774	-0.3494	-0.3602
561.0	-8.028504	-0.057879	1.9198170000000003	0.143116998663535	0.4188790204786391	-0.008726646259971648	0.8785	-0.3509	-0.3517
562.0	-7.876449	-0.30999600000000005	1.6510230000000001	0.1308996938995747	0.3385938748868999	-0.022689280275926284	0.8793	-0.3524	-0.3433
563.0	-7.739109000000001	-0.464994	1.455804	0.09948376736367678	0.27052603405912107	-0.031415926535897934	0.8812	-0.3536	-0.336
564.0	-7.590978000000001	-0.541512	1.273338	0.0715584993317675	0.21118483949131386	-0.054105206811824215	0.8833	-0.3541	-0.3295
565.0	-7.452657000000001	-0.498348	1.105587	0.029670597283903602	0.20245819323134223	-0.0645771823237902	0.8843	-0.3551	-0.324
566.0	-7.3437660000000005	-0.42084900000000003	0.9005580000000001	-0.019198621771937627	0.21118483949131386	-0.10995574287564276	0.8856	-0.3561	-0.319
567.0	-7.284906	-0.29233800000000004	0.726921	-0.06632251157578452	0.2617993877991494	-0.15009831567151233	0.8866	-0.357	-0.3155
568.0	-7.284906	-0.11968200000000001	0.5856570000000001	-0.10297442586766545	0.29496064358704166	-0.1954768762233649	0.8881	-0.357	-0.3131
569.0	-7.3947780000000005	0.08338500000000001	0.530721	-0.1413716694115407	0.3508111796508603	-0.24085543677521748	0.8899	-0.3561	-0.3117
570.0	-7.647876	0.273699	0.482652	-0.17278759594743864	0.44331363000655966	-0.23561944901923448	0.891	-0.3558	-0.3114
571.0	-8.015751000000002	0.42183	0.5611320000000001	-0.1308996938995747	0.5811946409141117	-0.21991148575128552	0.8924	-0.3552	-0.3125
572.0	-8.365968	0.512082	0.6278400000000001	-0.04363323129985824	0.6946410422937431	-0.24085543677521748	0.8948	-0.3538	-0.314
573.0	-8.698527	0.50031	0.592524	-0.04014257279586958	0.778416846389471	-0.25481807079117214	0.8968	-0.3526	-0.3153
574.0	-9.047763	0.39926700000000004	0.447336	-0.08552113334772216	0.8185594191853406	-0.24783675378319478	0.8989	-0.3517	-0.3161
575.0	-9.422505000000001	0.198162	0.270756	-0.13788101090755203	0.8098327729253689	-0.23212879051524585	0.9027	-0.3507	-0.3164
576.0	-9.85905	-0.046107	0.018639	-0.317649923862968	0.7435102613495844	-0.1884955592153876	0.9058	-0.3489	-0.3172
577.0	-10.304424000000001	-0.282528	-0.363951	-0.6073745796940266	0.635299847725936	-0.13264502315156904	0.9093	-0.347	-0.3168
578.0	-10.668375	-0.376704	-0.7406550000000001	-0.9354964790689606	0.5515240436302081	-0.07853981633974483	0.9127	-0.3454	-0.3158
579.0	-10.959732	-0.241326	-0.8809380000000001	-1.2322024519079966	0.5567600313861911	-0.054105206811824215	0.9152	-0.3433	-0.3146
580.0	-11.201058	0.14322600000000002	-0.555246	-1.2461650859239515	0.6021385919380436	0.15707963267948966	0.9186	-0.3409	-0.313
581.0	-11.355075000000001	0.367875	-0.35021700000000006	-1.1693705988362009	0.7749261878854823	0.291469985083053	0.922	-0.3391	-0.3111
582.0	-11.592477	0.328635	-0.042183000000000005	-0.9721483933608416	1.1780972450961724	0.5427973973702365	0.9247	-0.3377	-0.3087
583.0	-11.884815000000001	0.039240000000000004	0.282528	-0.9686577348568529	1.181587903600161	0.8290313946973066	0.9271	-0.3369	-0.3055
584.0	-12.097692000000002	-0.513063	0.671004	-0.5742133239061344	1.0629055144645467	1.0576695267085636	0.9295	-0.3364	-0.3024
585.0	-12.124179	-1.205649	0.908406	-0.35779249665883756	0.6963863715457375	1.1362093430483085	0.9301	-0.3372	-0.2989
586.0	-11.886777	-1.7324460000000002	1.100682	0.003490658503988659	0.3787364476827695	1.0768681484805014	0.9301	-0.3396	-0.2947
587.0	-11.604249000000001	-2.073834	1.6166880000000001	0.11344640137963143	0.12566370614359174	0.9459684545809267	0.9294	-0.343	-0.2913
588.0	-11.43846	-2.2788630000000003	2.443671	0.0017453292519943296	-0.3438298626428829	0.8813912722571364	0.9278	-0.3473	-0.2884
589.0	-11.368809	-2.5064550000000003	3.1578390000000005	-0.06632251157578452	-0.6614797865058508	0.8115781021773633	0.9255	-0.3536	-0.2863
590.0	-11.271690000000001	-2.9449620000000003	3.409956	0.010471975511965976	-0.6998770300497261	0.8028514559173916	0.9221	-0.361	-0.2854
591.0	-11.140236	-3.3236280000000002	3.5678970000000003	0.1308996938995747	-0.7557275661135446	0.9512044423369096	0.9171	-0.3691	-0.2853
592.0	-11.460042	-3.2068890000000003	3.5600490000000002	0.09948376736367678	-0.9180431865490174	0.6928957130417489	0.9124	-0.3781	-0.2863
593.0	-11.69352	-2.649681	3.510018	0.13439035240356337	-0.2932153143350474	0.41538836197465046	0.9066	-0.3874	-0.2866
594.0	-11.814183	-1.7599140000000002	3.475683	0.0942477796076938	0.21467549799530256	0.23561944901923448	0.902	-0.3966	-0.2882
595.0	-11.936808000000001	-0.6670800000000001	3.6875790000000004	0.0715584993317675	0.23736477827122882	0.13264502315156904	0.8975	-0.4042	-0.2892
596.0	-12.106521	0.23642100000000002	4.021119	0.017453292519943295	0.21467549799530256	0.04014257279586958	0.8936	-0.4111	-0.2904
597.0	-12.192848999999999	0.8416980000000001	4.147668	-0.03316125578789226	0.2007128639793479	-0.024434609527920613	0.8903	-0.4173	-0.2886
598.0	-12.177153	1.0810620000000002	3.905361	-0.10122909661567112	0.158824961931484	-0.07679448708775051	0.8877	-0.4222	-0.2858
599.0	-12.041775000000001	1.0751760000000001	3.509037	-0.1291543646475804	0.10995574287564276	-0.13962634015954636	0.8866	-0.4261	-0.2803
600.0	-11.833803	0.9368550000000001	3.0891690000000005	-0.07853981633974483	0.024434609527920613	-0.19024088846738194	0.886	-0.4292	-0.2768
601.0	-11.614059	0.8789760000000001	2.8409760000000004	-0.010471975511965976	-0.020943951023931952	-0.24085543677521748	0.8862	-0.4309	-0.2706
602.0	-10.839069	0.5729040000000001	2.641833	0.06981317007977318	-0.026179938779914945	-0.2879793265790644	0.8874	-0.4315	-0.263
603.0	-10.077813	0.062784	2.5358850000000004	0.1466076571675237	-0.003490658503988659	-0.3246312408709453	0.8901	-0.4315	-0.255
604.0	-9.485289	-0.49246200000000007	2.4799680000000004	0.20245819323134223	0.012217304763960306	-0.3595378259108319	0.8913	-0.4312	-0.2468
605.0	-9.020295	-1.06929	2.366172	0.27401669256310973	0.03665191429188092	-0.3909537524467298	0.894	-0.4301	-0.2401
606.0	-8.669097	-1.5696	2.306331	0.30194196059501904	0.041887902047863905	-0.39793506945470714	0.8963	-0.4286	-0.234
607.0	-8.411094	-1.9816200000000002	2.201364	0.3717551306747922	0.08377580409572781	-0.40491638646268446	0.9002	-0.4268	-0.2297
608.0	-8.176635000000001	-2.259243	2.107188	0.4014257279586958	0.1117010721276371	-0.3961897402027128	0.9034	-0.4246	-0.2259
609.0	-7.954929	-2.40345	2.013993	0.4118977034706618	0.16580627893946132	-0.38571776469074687	0.9065	-0.4223	-0.2272
610.0	-7.733223000000001	-2.3740200000000002	1.9570950000000003	0.41015237421866746	0.2059488517353309	-0.3735004599267865	0.9101	-0.4202	-0.2222
611.0	-7.538004	-2.253357	1.8334890000000001	0.3752457891787809	0.2426007660272118	-0.3560471674068432	0.914	-0.417	-0.22
612.0	-7.354557000000001	-2.0689290000000002	1.760895	0.35779249665883756	0.24085543677521748	-0.32288591161895097	0.9172	-0.4146	-0.2201
613.0	-7.189749	-1.7942490000000002	1.668681	0.317649923862968	0.25132741228718347	-0.29496064358704166	0.9201	-0.4121	-0.2226
614.0	-7.012188	-1.4715	1.5813720000000002	0.26529004630313807	0.23911010752322315	-0.2565634000431664	0.9231	-0.4093	-0.2253
615.0	-6.8836770000000005	-1.132074	1.453842	0.22689280275926285	0.21467549799530256	-0.19024088846738194	0.9257	-0.4069	-0.2268
616.0	-6.790482000000001	-0.858375	1.2841289999999999	0.1884955592153876	0.2129301687433082	-0.12042771838760874	0.9288	-0.4047	-0.2288
617.0	-6.718869	-0.583695	1.102644	0.158824961931484	0.21642082724729686	-0.04014257279586958	0.9303	-0.4034	-0.2307
618.0	-6.657066	-0.381609	0.883881	0.12566370614359174	0.17976891295541594	0.026179938779914945	0.932	-0.4018	-0.2336
619.0	-6.619788	-0.232497	0.693567	0.12217304763960307	0.20245819323134223	0.08552113334772216	0.9333	-0.4006	-0.2326
620.0	-6.633522	-0.152055	0.474804	0.11693705988362008	0.26354471705114374	0.14486232791552936	0.9349	-0.3992	-0.2345
621.0	-6.731622000000001	-0.14715	0.278604	0.16057029118347832	0.291469985083053	0.2059488517353309	0.9373	-0.3992	-0.2353
622.0	-6.927822000000001	-0.22464900000000002	0.048069	0.2129301687433082	0.2932153143350474	0.26529004630313807	0.9387	-0.3985	-0.2342
623.0	-7.213293	-0.379647	-0.135378	0.25132741228718347	0.24609142453120045	0.32637657012293964	0.9398	-0.398	-0.2321
624.0	-7.593921000000001	-0.6288210000000001	-0.28449	0.19198621771937624	0.18675022996339324	0.36826447217080355	0.9403	-0.3981	-0.2289
625.0	-8.033409	-0.7975530000000001	-0.349236	0.1710422666954443	0.23911010752322315	0.38746309394274114	0.9405	-0.399	-0.2264
626.0	-8.474859	-0.834831	-0.408096	0.12217304763960307	0.3665191429188092	0.3787364476827695	0.9408	-0.4008	-0.2223
627.0	-8.872164	-0.7769520000000001	-0.293319	0.04537856055185257	0.4363323129985824	0.3368485456349056	0.9411	-0.4023	-0.2188
628.0	-9.278298	-0.622935	-0.060822	-0.15184364492350666	0.4293509959906051	0.2932153143350474	0.9408	-0.4041	-0.2144
629.0	-9.691299	-0.49540500000000004	-0.014715	-0.30717794835100204	0.41538836197465046	0.18675022996339324	0.9405	-0.4063	-0.2102
630.0	-10.124901000000001	-0.306072	-0.044145	-0.39793506945470714	0.39968039870670147	0.08552113334772216	0.9399	-0.4083	-0.2062
631.0	-10.546731	-0.012753	-0.158922	-0.4869468613064179	0.40840704496667307	-0.0017453292519943296	0.939	-0.4104	-0.2026
632.0	-10.916568	0.300186	-0.35021700000000006	-0.44331363000655966	0.3961897402027128	-0.04014257279586958	0.9386	-0.4122	-0.1989
633.0	-11.197134	0.543474	-0.5944860000000001	-0.20769418098732523	0.3036872898470133	-0.03316125578789226	0.9379	-0.4139	-0.1957
634.0	-11.419820999999999	0.603315	-0.607239	0.12740903539558607	0.22165681500327983	0.010471975511965976	0.9391	-0.4154	-0.1931
635.0	-11.569914	0.403191	-0.481671	0.15358897417550102	0.07504915783575616	-0.0645771823237902	0.9391	-0.4162	-0.1892
636.0	-11.803392	0.210915	-0.22268700000000002	0.20245819323134223	0.27576202181510406	-0.16929693744344995	0.94	-0.4163	-0.1852
637.0	-12.062376	0.013734000000000001	0.002943	0.11519173063162574	0.5061454830783556	-0.35779249665883756	0.9405	-0.4157	-0.1819
638.0	-12.289968	-0.09711900000000001	0.208953	0.13264502315156904	0.5078908123303499	-0.5375614096142535	0.9427	-0.4157	-0.181
639.0	-12.408669	-0.075537	0.51012	0.020943951023931952	0.5270894341022875	-0.6667157742618339	0.9455	-0.4136	-0.1777
640.0	-12.307626	-0.042183000000000005	0.697491	-0.19722220547535926	0.47647488579445196	-0.7120943348136864	0.9481	-0.4106	-0.1736
641.0	-12.068262	0.000981	0.8878050000000001	-0.42062434973063345	0.22165681500327983	-0.6684611035138281	0.9504	-0.4073	-0.1721
642.0	-11.774943	0.000981	1.2851100000000002	-0.4118977034706618	-0.14835298641951802	-0.6178465552059926	0.9539	-0.4037	-0.1699
643.0	-11.537541	-0.038259	1.8933300000000002	-0.460766922526503	-0.460766922526503	-0.6126105674500097	0.9582	-0.3991	-0.1652
644.0	-11.453175	0.093195	2.445633	-0.49567350756638956	-0.619591884457987	-0.6283185307179586	0.9615	-0.3943	-0.1651
645.0	-11.550294000000001	0.448317	2.765439	-0.5934119456780721	-0.6387905062299246	-0.6370451769779303	0.9662	-0.3879	-0.1682
646.0	-11.707254	0.8004960000000001	2.8753110000000004	-0.619591884457987	-0.7330382858376184	-0.5497787143782138	0.9699	-0.3809	-0.1703
647.0	-11.906397	0.910368	2.886102	-0.4939281783143953	-0.6702064327658225	-0.3961897402027128	0.9744	-0.3737	-0.1743
648.0	-12.014307	0.557208	2.92338	-0.40491638646268446	-0.3543018381548489	-0.27401669256310973	0.9782	-0.3655	-0.1759
649.0	-12.026079000000001	-0.09711900000000001	2.963601	-0.26005405854715513	-0.07330382858376185	-0.2181661564992912	0.9815	-0.3584	-0.1811
650.0	-12.049623	-0.8377740000000001	3.170592	-0.13439035240356337	-0.020943951023931952	-0.12740903539558607	0.9852	-0.3529	-0.186
651.0	-12.052566	-1.6117830000000002	3.477645	-0.038397243543875255	0.015707963267948967	-0.048869219055841226	0.9886	-0.3468	-0.1893
652.0	-12.005478	-2.241585	3.6198900000000003	0.10821041362364843	0.1117010721276371	0.015707963267948967	0.991	-0.3413	-0.1925
653.0	-11.86029	-2.6487000000000003	3.539448	0.25132741228718347	0.12740903539558607	0.05585053606381855	0.9937	-0.3363	-0.1992
654.0	-11.509092	-2.9008170000000004	3.2667300000000004	0.31066860685499065	0.09948376736367678	0.10297442586766545	0.9953	-0.3321	-0.2029
655.0	-10.969542	-3.0999600000000003	3.006765	0.3193952531149623	0.048869219055841226	0.15009831567151233	0.9969	-0.3295	-0.2045
656.0	-10.266165	-3.31578	2.819394	0.2879793265790644	-0.022689280275926284	0.22165681500327983	0.9982	-0.3274	-0.207
657.0	-9.506871	-3.3206850000000006	2.6339850000000005	0.23561944901923448	-0.0645771823237902	0.27576202181510406	0.9998	-0.3272	-0.2059
658.0	-8.852544	-2.977335	2.400507	0.1832595714594046	-0.07504915783575616	0.317649923862968	1.0005	-0.3276	-0.2067
659.0	-8.387550000000001	-2.379906	2.223927	0.158824961931484	-0.05759586531581287	0.3543018381548489	1.001	-0.3282	-0.2064
660.0	-8.082459	-1.7245980000000003	2.074815	0.12042771838760874	-0.05759586531581287	0.38048177693476387	1.0011	-0.3289	-0.2078
661.0	-7.853886	-1.0643850000000001	1.9453230000000001	0.0890117918517108	-0.029670597283903602	0.3944444109507185	1.001	-0.3304	-0.2084
662.0	-7.7047740000000005	-0.45126	1.8266220000000002	0.05585053606381855	-0.015707963267948967	0.3717551306747922	1.0016	-0.3328	-0.2098
663.0	-7.6007880000000005	0.06572700000000001	1.749123	0.013962634015954637	0.024434609527920613	0.35255650890285456	1.001	-0.3356	-0.2105
664.0	-7.555662000000001	0.5032530000000001	1.6932060000000002	-0.0	0.06632251157578452	0.32288591161895097	1.0013	-0.3381	-0.2091
665.0	-7.530156	0.7995150000000001	1.6058970000000001	-0.013962634015954637	0.10995574287564276	0.291469985083053	1.0015	-0.3416	-0.2085
666.0	-7.480125	0.9947340000000001	1.574505	-0.006981317007977318	0.14486232791552936	0.24783675378319478	1.0018	-0.345	-0.2085
667.0	-7.4634480000000005	1.1075490000000001	1.526436	-0.003490658503988659	0.1832595714594046	0.2007128639793479	1.0014	-0.3474	-0.2098
668.0	-7.450695	1.152675	1.441089	-0.015707963267948967	0.2129301687433082	0.14486232791552936	1.002	-0.3505	-0.2091
669.0	-7.417341	1.0663470000000002	1.3498560000000002	-0.012217304763960306	0.27401669256310973	0.0890117918517108	1.0025	-0.3532	-0.2088
670.0	-7.41636	0.9221400000000001	1.229193	-0.029670597283903602	0.3089232776029963	0.05235987755982989	1.0037	-0.3556	-0.2083
671.0	-7.438923	0.6837570000000001	1.03986	-0.010471975511965976	0.3141592653589793	-0.017453292519943295	1.0042	-0.3575	-0.2076
672.0	-7.4634480000000005	0.41202000000000005	0.874071	0.03490658503988659	0.30717794835100204	-0.1064650843716541	1.0044	-0.3586	-0.2075
673.0	-7.486011	0.157941	0.687681	0.09250245035569947	0.27052603405912107	-0.18675022996339324	1.0059	-0.3592	-0.206
674.0	-7.453638000000001	-0.096138	0.422811	0.12391837689159739	0.23387411976724015	-0.24783675378319478	1.0072	-0.3595	-0.205
675.0	-7.427151	-0.250155	0.21974400000000002	0.1064650843716541	0.17976891295541594	-0.31066860685499065	1.0085	-0.3592	-0.2036
676.0	-7.440885	-0.33059700000000003	-0.003924	0.026179938779914945	0.13788101090755203	-0.38571776469074687	1.0101	-0.3581	-0.2022
677.0	-7.4762010000000005	-0.361008	-0.167751	-0.03665191429188092	0.09773843811168245	-0.43458698374658805	1.0121	-0.3566	-0.2014
678.0	-7.545852	-0.30411	-0.30901500000000004	-0.1064650843716541	0.05585053606381855	-0.48171087355043496	1.0138	-0.3533	-0.2015
679.0	-7.698888000000001	-0.163827	-0.398286	-0.143116998663535	0.026179938779914945	-0.5201081170943103	1.0162	-0.3504	-0.2013
680.0	-7.933347	-0.025506	-0.361008	-0.16929693744344995	0.09250245035569947	-0.5323254218582705	1.0184	-0.3468	-0.2007
681.0	-8.268849	0.12262500000000001	-0.29233800000000004	-0.16231562043547265	0.2617993877991494	-0.5078908123303499	1.0219	-0.3418	-0.2004
682.0	-8.673021	0.23445900000000003	-0.167751	-0.015707963267948967	0.4241150082346221	-0.43458698374658805	1.0253	-0.3375	-0.1996
683.0	-9.138015000000001	0.26487	-0.026487000000000004	0.10821041362364843	0.5235987755982988	-0.32986722862692824	1.0281	-0.3331	-0.1993
684.0	-9.601047000000001	0.227592	0.018639	0.158824961931484	0.6283185307179586	-0.1954768762233649	1.0311	-0.3281	-0.1982
685.0	-9.995409	0.139302	-0.050031000000000006	0.1308996938995747	0.6440264939859076	-0.06806784082777885	1.0339	-0.3232	-0.1967
686.0	-10.399581000000001	-0.025506	-0.20601000000000003	0.05759586531581287	0.6614797865058508	0.019198621771937627	1.037	-0.3187	-0.1945
687.0	-10.791000000000002	-0.260946	-0.44929800000000003	-0.1466076571675237	0.5899212871740833	0.0942477796076938	1.0395	-0.3146	-0.1918
688.0	-11.17359	-0.496386	-0.645498	-0.4677482395344803	0.4258603374866164	0.15358897417550102	1.0419	-0.3121	-0.1886
689.0	-11.576781	-0.508158	-0.555246	-0.6178465552059926	0.38571776469074687	0.30194196059501904	1.0444	-0.3097	-0.1855
690.0	-11.90934	-0.469899	-0.591543	-0.619591884457987	0.6963863715457375	0.3787364476827695	1.0462	-0.3077	-0.1813
691.0	-12.171267	-0.488538	-0.575847	-0.6073745796940266	0.8534660042252271	0.45029494701453704	1.0477	-0.3078	-0.177
692.0	-12.372372000000002	-0.46597500000000003	-0.5189490000000001	-0.6684611035138281	0.8918632477691024	0.6597344572538565	1.0487	-0.3086	-0.1725
693.0	-12.398859000000002	-0.43556400000000006	-0.475785	-0.6387905062299246	0.9075712110370514	0.8499753457212386	1.0496	-0.3105	-0.1684
694.0	-12.303702000000001	-0.47088	-0.28547100000000003	-0.5183627878423158	0.8203047484373349	0.9896016858807849	1.0497	-0.3137	-0.1642
695.0	-12.109464000000001	-0.64746	-0.08338500000000001	-0.4014257279586958	0.635299847725936	1.0524335389525807	1.049	-0.3184	-0.1607
696.0	-11.781810000000002	-0.9035010000000001	0.21189600000000003	-0.3892084231947355	0.34033920413889424	1.0105456369047168	1.0482	-0.3243	-0.1578
697.0	-11.504187000000002	-1.0320120000000002	0.7661610000000001	-0.4014257279586958	-0.0645771823237902	1.0245082709206714	1.0469	-0.3311	-0.1561
698.0	-11.306025000000002	-1.166409	1.445994	-0.35255650890285456	-0.32288591161895097	1.0402162341886205	1.0451	-0.3389	-0.1553
699.0	-11.208906	-1.52055	1.861938	-0.1064650843716541	-0.44505895925855404	1.0122909661567112	1.0418	-0.3483	-0.1556
700.0	-11.245203000000002	-1.879596	2.169972	0.09599310885968812	-0.6318091892219474	0.937241808320955	1.0387	-0.3578	-0.1577
701.0	-11.22264	-2.062062	2.426013	0.15533430342749532	-0.8552113334772214	0.9791297103688189	1.0347	-0.3684	-0.1617
702.0	-10.881252	-2.297502	2.5702200000000004	0.05235987755982989	-1.064650843716541	0.8464846872172498	1.03	-0.3791	-0.1672
703.0	-11.140236	-2.1464280000000002	2.778192	-0.013962634015954637	-0.8988445647770797	0.3490658503988659	1.0252	-0.3897	-0.1732
704.0	-11.510073	-1.718712	2.8753110000000004	-0.0017453292519943296	-0.15009831567151233	0.07679448708775051	1.0209	-0.3995	-0.1795
705.0	-11.862252000000002	-1.1222640000000002	3.08034	0.04363323129985824	0.010471975511965976	-0.09075712110370514	1.0175	-0.4075	-0.186
706.0	-12.196773000000002	-0.464994	3.275559	0.006981317007977318	0.006981317007977318	-0.22165681500327983	1.0141	-0.4143	-0.193
707.0	-12.342942	0.016677	3.235338	-0.08552113334772216	-0.03490658503988659	-0.28099800957108706	1.0112	-0.4195	-0.1989
708.0	-12.310569	0.37572300000000003	3.046005	-0.16929693744344995	-0.0715584993317675	-0.317649923862968	1.0094	-0.423	-0.2041
709.0	-12.058452	0.60822	2.781135	-0.21118483949131386	-0.12042771838760874	-0.30717794835100204	1.0088	-0.4246	-0.2093
710.0	-11.626812000000001	0.786762	2.688921	-0.20943951023931956	-0.15358897417550102	-0.31066860685499065	1.0078	-0.4256	-0.2139
711.0	-11.189286000000001	0.801477	2.5407900000000003	-0.17976891295541594	-0.158824961931484	-0.2897246558310587	1.0081	-0.4247	-0.2173
712.0	-11.031345000000002	0.815211	2.384811	-0.15533430342749532	-0.17976891295541594	-0.2844886680750757	1.0094	-0.4223	-0.2197
713.0	-10.375056	0.488538	2.1974400000000003	-0.10821041362364843	-0.17278759594743864	-0.27052603405912107	1.0113	-0.4196	-0.2225
714.0	-9.742311	0.015696	2.1287700000000003	-0.07679448708775051	-0.158824961931484	-0.2617993877991494	1.0127	-0.4158	-0.2258
715.0	-9.247887	-0.499329	2.0385180000000003	-0.05235987755982989	-0.1291543646475804	-0.24783675378319478	1.0146	-0.4124	-0.2288
716.0	-8.844696	-0.982962	1.9570950000000003	-0.008726646259971648	-0.08726646259971647	-0.21642082724729686	1.0156	-0.4092	-0.2315
717.0	-8.600427000000002	-1.3518180000000002	1.852128	0.029670597283903602	-0.03316125578789226	-0.21467549799530256	1.0172	-0.4057	-0.2344
718.0	-8.384607	-1.6009920000000002	1.703016	0.0645771823237902	0.04014257279586958	-0.2129301687433082	1.0187	-0.4024	-0.2371
719.0	-8.159958	-1.72656	1.531341	0.08377580409572781	0.08203047484373349	-0.2059488517353309	1.0192	-0.3993	-0.2393
720.0	-7.892145	-1.8138690000000002	1.3537800000000002	0.08726646259971647	0.10297442586766545	-0.21118483949131386	1.0202	-0.3972	-0.241
721.0	-7.649838000000001	-1.783458	1.2380220000000002	0.06632251157578452	0.11344640137963143	-0.2007128639793479	1.021	-0.3946	-0.2422
722.0	-7.4379420000000005	-1.642194	1.1801430000000002	0.04537856055185257	0.10821041362364843	-0.2234021442552742	1.0216	-0.3928	-0.2436
723.0	-7.242723	-1.456785	1.106568	0.026179938779914945	0.1064650843716541	-0.23911010752322315	1.0222	-0.3899	-0.2445
724.0	-7.0769340000000005	-1.240965	1.032993	-0.006981317007977318	0.10297442586766545	-0.24434609527920614	1.0237	-0.3882	-0.2451
725.0	-6.964119	-1.0320120000000002	0.901539	-0.003490658503988659	0.06981317007977318	-0.2234021442552742	1.0248	-0.3854	-0.2458
726.0	-6.898392000000001	-0.8240400000000001	0.763218	-0.0	0.0645771823237902	-0.1710422666954443	1.0268	-0.383	-0.2466
727.0	-6.806178	-0.6994530000000001	0.610182	0.010471975511965976	0.04537856055185257	-0.09948376736367678	1.0275	-0.3814	-0.2472
728.0	-6.757128	-0.639612	0.464994	0.038397243543875255	0.06283185307179587	-0.04363323129985824	1.0285	-0.3799	-0.2478
729.0	-6.775767	-0.634707	0.299205	0.09948376736367678	0.09599310885968812	0.020943951023931952	1.0298	-0.3786	-0.2479
730.0	-6.867	-0.6504030000000001	0.125568	0.16057029118347832	0.12217304763960307	0.10471975511965978	1.0317	-0.377	-0.2481
731.0	-7.002378	-0.705339	-0.076518	0.23387411976724015	0.16231562043547265	0.1884955592153876	1.0325	-0.3761	-0.2482
732.0	-7.1711100000000005	-0.834831	-0.22857300000000003	0.27576202181510406	0.17278759594743864	0.26703537555513246	1.0338	-0.3755	-0.2481
733.0	-7.40655	-0.9231210000000001	-0.272718	0.25481807079117214	0.16580627893946132	0.29496064358704166	1.0344	-0.3758	-0.2473
734.0	-7.657686	-0.987867	-0.384552	0.17627825445142728	0.16406094968746698	0.3508111796508603	1.0344	-0.3769	-0.2466
735.0	-7.895088	-0.9859050000000001	-0.41496299999999997	0.13264502315156904	0.26354471705114374	0.36302848441482055	1.0341	-0.3791	-0.2451
736.0	-8.1423	-0.8809380000000001	-0.361008	-0.010471975511965976	0.4258603374866164	0.3438298626428829	1.0337	-0.3815	-0.2429
737.0	-8.435619	-0.6337260000000001	-0.17069399999999998	-0.25481807079117214	0.4642575810304917	0.3193952531149623	1.0339	-0.3847	-0.2409
738.0	-8.812323000000001	-0.328635	-0.15499800000000002	-0.47647488579445196	0.4223696789826277	0.23561944901923448	1.0335	-0.388	-0.2387
739.0	-9.255735000000001	-0.018639	-0.29135700000000003	-0.582939970166106	0.3909537524467298	0.09948376736367678	1.0338	-0.3913	-0.2359
740.0	-9.767817	0.361008	-0.436545	-0.6544984694978736	0.3892084231947355	-0.024434609527920613	1.0331	-0.3937	-0.2336
741.0	-10.276956000000002	0.7288830000000001	-0.5827140000000001	-0.6422811647339133	0.36826447217080355	-0.11344640137963143	1.0334	-0.3964	-0.2318
742.0	-10.755684	0.881919	-0.717111	-0.36477381366681483	0.17627825445142728	-0.1291543646475804	1.0329	-0.3983	-0.2304
743.0	-11.074509	0.6386310000000001	-0.590562	0.0942477796076938	0.015707963267948967	-0.1291543646475804	1.0335	-0.3998	-0.2299
744.0	-11.474757	0.340407	-0.436545	0.26005405854715513	0.031415926535897934	-0.2007128639793479	1.0341	-0.4009	-0.2289
745.0	-11.900511000000002	0.05886	-0.141264	0.3141592653589793	0.41538836197465046	-0.36477381366681483	1.0359	-0.401	-0.2276
746.0	-12.302721	-0.229554	0.075537	0.22863813201125716	0.6021385919380436	-0.5794493116621174	1.0374	-0.4001	-0.2264
747.0	-12.567591	-0.488538	0.205029	0.28623399732707	0.5445427266222308	-0.7103490055616922	1.0394	-0.3979	-0.2242
748.0	-12.580344	-0.6386310000000001	0.35904600000000003	0.22165681500327983	0.5183627878423158	-0.783652834145454	1.0414	-0.3949	-0.2215
749.0	-12.430251	-0.65727	0.6494219999999999	0.03316125578789226	0.4921828490624009	-0.7522369076095561	1.0437	-0.3907	-0.2186
750.0	-12.150666	-0.7671420000000001	1.0643850000000001	-0.11868238913561441	0.22514747350726852	-0.7173303225696694	1.0471	-0.3862	-0.2159
751.0	-11.925036	-0.9133110000000001	1.7814960000000002	-0.21991148575128552	-0.16231562043547265	-0.7051130178057091	1.0498	-0.3811	-0.2133
752.0	-11.913264	-0.796572	2.4417090000000004	-0.28623399732707	-0.46949356878647464	-0.7278022980816354	1.0529	-0.3749	-0.2114
753.0	-12.136932000000002	-0.289395	2.637909	-0.4537856055185257	-0.5934119456780721	-0.7190756518216638	1.056	-0.3691	-0.2103
754.0	-12.338037000000002	0.198162	2.812527	-0.5166174585903216	-0.8604473212332044	-0.6911503837897546	1.0587	-0.3618	-0.2109
755.0	-12.548952	0.384552	2.885121	-0.43982297150257105	-0.9599310885968813	-0.5078908123303499	1.0605	-0.354	-0.2134
756.0	-12.688254000000002	0.218763	2.9940120000000006	-0.27052603405912107	-0.778416846389471	-0.3385938748868999	1.0624	-0.3462	-0.2158
757.0	-12.724551	-0.150093	3.0263850000000003	-0.2059488517353309	-0.39968039870670147	-0.1832595714594046	1.0644	-0.3392	-0.2197
758.0	-12.775563	-0.705339	3.1902120000000003	-0.08377580409572781	-0.15358897417550102	-0.07504915783575616	1.0662	-0.3326	-0.2234
759.0	-12.799107000000001	-1.338084	3.393279	-0.015707963267948967	-0.0942477796076938	0.012217304763960306	1.0674	-0.3269	-0.2277
760.0	-12.751038000000001	-1.8756720000000002	3.4943220000000004	0.10297442586766545	-0.05759586531581287	0.07330382858376185	1.0678	-0.3229	-0.2312
761.0	-12.530313000000001	-2.293578	3.2892930000000002	0.24085543677521748	-0.012217304763960306	0.1361356816555577	1.0685	-0.3187	-0.2342
762.0	-12.054528	-2.654586	2.9930309999999998	0.30019663134302466	-0.027925268031909273	0.19896753472735357	1.069	-0.3162	-0.2356
763.0	-11.410011	-2.9743920000000004	2.7683820000000003	0.2775073510670984	-0.07504915783575616	0.26005405854715513	1.0691	-0.3141	-0.235
764.0	-10.649735999999999	-3.1588200000000004	2.584935	0.21642082724729686	-0.09773843811168245	0.32637657012293964	1.0691	-0.3139	-0.2327
765.0	-9.833544	-2.9989170000000005	2.402469	0.16406094968746698	-0.143116998663535	0.40491638646268446	1.0687	-0.315	-0.2294
766.0	-9.087984	-2.512341	2.1277890000000004	0.09250245035569947	-0.14486232791552936	0.4625122517784973	1.068	-0.317	-0.2258
767.0	-8.474859	-1.9109880000000001	1.954152	0.04363323129985824	-0.11693705988362008	0.5009094953223726	1.0671	-0.3197	-0.2227
768.0	-7.976511000000001	-1.273338	1.8138690000000002	-0.0017453292519943296	-0.07679448708775051	0.5148721293383273	1.0664	-0.3232	-0.2199
769.0	-7.547814	-0.6337260000000001	1.782477	-0.05759586531581287	-0.048869219055841226	0.5026548245743669	1.0652	-0.3275	-0.218
770.0	-7.250571	-0.026487000000000004	1.6755480000000003	-0.10471975511965978	-0.020943951023931952	0.48171087355043496	1.0637	-0.3316	-0.2167
771.0	-7.067124000000001	0.448317	1.577448	-0.11693705988362008	0.003490658503988659	0.4328416544945937	1.0628	-0.3367	-0.2159
772.0	-6.9523470000000005	0.834831	1.573524	-0.1361356816555577	0.05235987755982989	0.36477381366681483	1.0612	-0.3424	-0.2161
773.0	-6.8532660000000005	1.135017	1.5715620000000001	-0.13264502315156904	0.06283185307179587	0.312413936106985	1.059	-0.348	-0.2183
774.0	-6.787539	1.256661	1.51074	-0.11868238913561441	0.048869219055841226	0.26005405854715513	1.0578	-0.3528	-0.2207
775.0	-6.7688999999999995	1.263528	1.4057730000000002	-0.10821041362364843	0.11519173063162574	0.23911010752322315	1.0569	-0.3572	-0.2243
776.0	-6.763995	1.144827	1.3312169999999999	-0.11519173063162574	0.15533430342749532	0.1832595714594046	1.0553	-0.3619	-0.2284
777.0	-6.78852	0.9711900000000001	1.2841289999999999	-0.11693705988362008	0.21467549799530256	0.11519173063162574	1.0542	-0.3658	-0.2323
778.0	-6.839532000000001	0.702396	1.19682	-0.08203047484373349	0.22514747350726852	0.04537856055185257	1.0527	-0.3694	-0.2365
779.0	-6.913107	0.358065	1.036917	-0.05235987755982989	0.22165681500327983	-0.015707963267948967	1.0521	-0.3728	-0.2408
780.0	-6.987663	0.020601	0.9290070000000001	0.015707963267948967	0.19722220547535926	-0.10122909661567112	1.0515	-0.3754	-0.245
781.0	-7.071048	-0.23445900000000003	0.783819	0.024434609527920613	0.16406094968746698	-0.15533430342749532	1.0506	-0.3773	-0.2492
782.0	-7.14168	-0.43360200000000004	0.623916	0.020943951023931952	0.16406094968746698	-0.23561944901923448	1.0511	-0.3778	-0.2529
783.0	-7.2623429999999995	-0.595467	0.43164	-0.005235987755982988	0.18675022996339324	-0.32288591161895097	1.0518	-0.378	-0.2555
784.0	-7.4075310000000005	-0.6180300000000001	0.275661	-0.0471238898038469	0.24085543677521748	-0.41538836197465046	1.0526	-0.3773	-0.258
785.0	-7.531137000000001	-0.59841	0.11673900000000001	-0.05585053606381855	0.2722713633111154	-0.4939281783143953	1.0535	-0.3763	-0.2588
786.0	-7.702812000000001	-0.42379200000000006	0.035316	-0.04537856055185257	0.27576202181510406	-0.5759586531581288	1.0555	-0.3742	-0.2592
787.0	-7.940214	-0.23544	-0.002943	0.03665191429188092	0.2897246558310587	-0.6684611035138281	1.0569	-0.3719	-0.2587
788.0	-8.261001	-0.10692900000000001	-0.072594	0.05061454830783556	0.36477381366681483	-0.7051130178057091	1.0583	-0.368	-0.258
789.0	-8.725995	-0.023544	-0.006867000000000001	0.16057029118347832	0.5497787143782138	-0.619591884457987	1.0609	-0.3628	-0.2561
790.0	-9.232191	-0.072594	0.074556	0.3944444109507185	0.6649704450098396	-0.5061454830783556	1.0639	-0.3572	-0.2534
791.0	-9.646173	-0.150093	0.05297400000000001	0.46949356878647464	0.7155849933176751	-0.3595378259108319	1.0672	-0.3513	-0.2491
792.0	-10.036610999999999	-0.210915	-0.206991	0.3769911184307752	0.6963863715457375	-0.16929693744344995	1.0693	-0.3455	-0.2435
793.0	-10.390751999999999	-0.35316	-0.471861	0.29496064358704166	0.7016223593017206	0.003490658503988659	1.0718	-0.3394	-0.237
794.0	-10.718406	-0.567018	-0.73575	0.14486232791552936	0.630063859969953	0.1361356816555577	1.0739	-0.3351	-0.2301
795.0	-11.118654	-0.6504030000000001	-0.8995770000000001	-0.25481807079117214	0.4834562028024293	0.20420352248333654	1.0756	-0.3309	-0.2232
796.0	-11.509092	-0.6248970000000001	-0.8103060000000001	-0.4276056667386107	0.3560471674068432	0.2722713633111154	1.0772	-0.3275	-0.2167
797.0	-11.917188000000001	-0.551322	-0.737712	-0.6736970912698113	0.38222710618675815	0.40317105721069013	1.0786	-0.3243	-0.21
798.0	-12.266424	-0.437526	-0.48951900000000004	-0.5794493116621174	0.6736970912698113	0.5445427266222308	1.0806	-0.323	-0.2032
799.0	-12.433194000000002	-0.322749	-0.33746400000000004	-0.6003932626860493	0.8168140899333461	0.7382742735936013	1.0805	-0.3236	-0.1948
800.0	-12.494997000000001	-0.232497	-0.253098	-0.6283185307179586	0.8813912722571364	0.8901179185171081	1.0805	-0.3255	-0.1849
801.0	-12.43908	-0.346293	-0.061803000000000004	-0.43982297150257105	0.8429940287132611	1.0419615634406147	1.0789	-0.3289	-0.1757
802.0	-12.241899	-0.645498	0.23445900000000003	-0.26529004630313807	0.7033676885537148	1.0873401239924672	1.0782	-0.3342	-0.1665
802.9999999999999	-11.951523	-0.8093250000000001	0.592524	-0.19722220547535926	0.4188790204786391	1.0419615634406147	1.0769	-0.3406	-0.1589
803.9999999999999	-11.655261	-0.8142300000000001	1.15758	-0.15009831567151233	-0.024434609527920613	0.9581857593448869	1.0746	-0.3472	-0.1505
805.0000000000001	-11.410992	-0.9044820000000001	1.8462420000000002	-0.1064650843716541	-0.33510321638291124	0.9128071987930343	1.0726	-0.3548	-0.1455
806.0	-11.293272	-1.19682	2.242566	-0.0	-0.4014257279586958	0.8482300164692442	1.0698	-0.3635	-0.1368
807.0	-11.225583000000002	-1.622574	2.49174	0.23387411976724015	-0.460766922526503	0.7539822368615504	1.0672	-0.373	-0.1312
808.0	-11.12454	-1.9384560000000002	2.577087	0.317649923862968	-0.6073745796940266	0.6859143960337715	1.0642	-0.3828	-0.126
809.0	-10.842993	-2.228832	2.6045550000000004	0.3193952531149623	-0.7312929565856241	0.7068583470577035	1.0605	-0.393	-0.1207
810.0	-10.962674999999999	-2.136618	2.7026550000000005	0.16929693744344995	-0.8639379797371931	0.3752457891787809	1.0564	-0.4027	-0.1212
811.0	-11.255994000000001	-1.7147880000000002	2.808603	0.15533430342749532	-0.36826447217080355	0.15009831567151233	1.0525	-0.4115	-0.1206
811.9999999999999	-11.608173	-1.0859670000000001	3.0312900000000003	0.15533430342749532	-0.06283185307179587	0.005235987755982988	1.05	-0.419	-0.1208
813.0000000000001	-11.960352000000002	-0.512082	3.304008	0.11519173063162574	-0.006981317007977318	-0.09250245035569947	1.0469	-0.4253	-0.1197
814.0	-12.202659	-0.133416	3.3403050000000003	0.031415926535897934	-0.020943951023931952	-0.158824961931484	1.0451	-0.4307	-0.1251
815.0	-12.250728	0.152055	3.1382190000000003	-0.06632251157578452	-0.05759586531581287	-0.15533430342749532	1.0434	-0.435	-0.1289
816.0	-12.088863	0.36198900000000006	2.857653	-0.1361356816555577	-0.0645771823237902	-0.1413716694115407	1.0421	-0.4386	-0.1319
817.0	-11.733741	0.569961	2.6673389999999997	-0.16057029118347832	-0.09599310885968812	-0.1361356816555577	1.0416	-0.4404	-0.1335
818.0	-11.349189	0.7318260000000001	2.552562	-0.18500490071139894	-0.10821041362364843	-0.11344640137963143	1.0403	-0.441	-0.1358
819.0	-11.151027000000001	0.8809380000000001	2.411298	-0.1710422666954443	-0.1413716694115407	-0.08203047484373349	1.0409	-0.4406	-0.1435
819.9999999999999	-10.563408	0.7092630000000001	2.2141170000000003	-0.13439035240356337	-0.16057029118347832	-0.07853981633974483	1.0412	-0.4397	-0.1479
821.0000000000001	-9.946359000000001	0.35904600000000003	2.065986	-0.08028514559173916	-0.16929693744344995	-0.10297442586766545	1.0428	-0.439	-0.1542
822.0000000000001	-9.420543	-0.051012	1.9727910000000002	-0.015707963267948967	-0.16231562043547265	-0.1361356816555577	1.0428	-0.4372	-0.1617
823.0	-8.968302000000001	-0.509139	1.789344	0.03665191429188092	-0.143116998663535	-0.13962634015954636	1.0439	-0.4359	-0.1711
824.0	-8.628876000000002	-0.95157	1.6058970000000001	0.09599310885968812	-0.1064650843716541	-0.1466076571675237	1.0441	-0.4345	-0.1745
825.0	-8.34831	-1.3567230000000001	1.444032	0.12740903539558607	-0.05235987755982989	-0.18500490071139894	1.0443	-0.4329	-0.178
826.0	-8.072649	-1.5970680000000002	1.3537800000000002	0.158824961931484	-0.008726646259971648	-0.19896753472735357	1.0446	-0.4305	-0.1852
827.0	-7.809741000000001	-1.767762	1.193877	0.2007128639793479	0.027925268031909273	-0.21991148575128552	1.0445	-0.4294	-0.1913
827.9999999999999	-7.565472000000001	-1.874691	1.044765	0.2007128639793479	0.054105206811824215	-0.2426007660272118	1.0454	-0.4275	-0.1963
828.9999999999999	-7.353576000000001	-1.886463	0.938817	0.19896753472735357	0.07853981633974483	-0.25132741228718347	1.0458	-0.4249	-0.1983
830.0000000000001	-7.162281	-1.8138690000000002	0.918216	0.20943951023931956	0.08203047484373349	-0.2565634000431664	1.0469	-0.4227	-0.1995
831.0	-7.00434	-1.6461180000000002	0.918216	0.20943951023931956	0.10122909661567112	-0.23736477827122882	1.0469	-0.4204	-0.2001
832.0	-6.873867000000001	-1.4871960000000002	0.7975530000000001	0.19896753472735357	0.09250245035569947	-0.19373154697137057	1.0473	-0.4181	-0.1997
833.0	-6.801273000000001	-1.2772620000000001	0.730845	0.1884955592153876	0.09948376736367678	-0.11693705988362008	1.0474	-0.4156	-0.1978
834.0	-6.74928	-1.044765	0.7004340000000001	0.2007128639793479	0.07679448708775051	-0.054105206811824215	1.0483	-0.4128	-0.1967
835.0	-6.718869	-0.8132490000000001	0.6857190000000001	0.2181661564992912	0.03316125578789226	0.008726646259971648	1.0483	-0.4105	-0.1945
836.0	-6.718869	-0.6582510000000001	0.634707	0.2897246558310587	0.012217304763960306	0.048869219055841226	1.0491	-0.4083	-0.1929
836.9999999999999	-6.77871	-0.505215	0.614106	0.3717551306747922	0.027925268031909273	0.0715584993317675	1.0497	-0.4061	-0.191
838.0000000000001	-6.889563000000001	-0.37866600000000006	0.526797	0.40491638646268446	0.11519173063162574	0.0890117918517108	1.0499	-0.4046	-0.1889
839.0	-7.005321	-0.302148	0.363951	0.41713369122664473	0.17976891295541594	0.12740903539558607	1.0503	-0.404	-0.1867
840.0	-7.1613	-0.296262	0.14322600000000002	0.40840704496667307	0.2792526803190927	0.15184364492350666	1.0501	-0.4033	-0.1838
841.0	-7.358481	-0.396324	-0.012753	0.30019663134302466	0.3193952531149623	0.16755160819145562	1.0502	-0.4026	-0.1808
842.0	-7.589016	-0.434583	-0.031392	0.17627825445142728	0.3089232776029963	0.19896753472735357	1.0502	-0.4035	-0.1788
843.0	-7.8499620000000006	-0.479709	-0.11772	0.13439035240356337	0.3909537524467298	0.20769418098732523	1.0507	-0.4041	-0.1774
844.0	-8.127585	-0.481671	-0.152055	-0.029670597283903602	0.5148721293383273	0.20943951023931956	1.0501	-0.4051	-0.1736
844.9999999999999	-8.42679	-0.43360200000000004	-0.0981	-0.25481807079117214	0.5078908123303499	0.20420352248333654	1.0506	-0.4058	-0.1699
846.0000000000001	-8.816247	-0.379647	-0.178542	-0.40840704496667307	0.4834562028024293	0.15009831567151233	1.0499	-0.4074	-0.1658
847.0000000000001	-9.342063000000001	-0.223668	-0.35904600000000003	-0.47123889803846897	0.4677482395344803	0.08552113334772216	1.0495	-0.4082	-0.1618
848.0	-9.950283	-0.000981	-0.689643	-0.4485496177625427	0.4485496177625427	0.06806784082777885	1.0489	-0.4093	-0.1561
849.0	-10.584009	0.203067	-0.9221400000000001	-0.23736477827122882	0.2792526803190927	0.11519173063162574	1.0485	-0.41	-0.1519
850.0	-11.172609000000001	0.144207	-0.795591	0.12217304763960307	0.11693705988362008	0.12391837689159739	1.0481	-0.4113	-0.1481
851.0	-11.710197	0.012753	-0.6092010000000001	0.2792526803190927	0.05235987755982989	-0.008726646259971648	1.0485	-0.4127	-0.1459
852.0	-12.330188999999999	-0.163827	-0.45224100000000006	0.22689280275926285	0.3717551306747922	-0.20420352248333654	1.0486	-0.4126	-0.1408
852.9999999999999	-12.798126	-0.258984	-0.125568	0.14486232791552936	0.5619960191421741	-0.4869468613064179	1.0485	-0.4125	-0.1365
853.9999999999999	-13.165020000000002	-0.26977500000000004	0.243288	0.19722220547535926	0.4485496177625427	-0.6771877497737998	1.0486	-0.4118	-0.132
855.0000000000001	-13.313151000000001	-0.281547	0.45126	0.07330382858376185	0.5777039824101231	-0.7661995416255106	1.0499	-0.4104	-0.128
856.0	-13.139514	-0.205029	0.6062580000000001	-0.13788101090755203	0.5759586531581288	-0.7871434926494426	1.0521	-0.4073	-0.1231
857.0	-12.783411	-0.16088400000000003	0.71613	-0.2181661564992912	0.33335788713091696	-0.7086036763096978	1.0543	-0.4045	-0.1184
858.0	-12.327246	-0.328635	1.1418840000000001	-0.1954768762233649	-0.09599310885968812	-0.6614797865058508	1.0568	-0.3998	-0.1143
859.0	-11.910321	-0.567999	1.7599140000000002	-0.24434609527920614	-0.3892084231947355	-0.6614797865058508	1.0587	-0.3944	-0.1107
860.0	-11.72295	-0.45126	2.190573	-0.3089232776029963	-0.4223696789826277	-0.6824237375297829	1.0614	-0.3882	-0.1077
861.0	-11.746494	-0.062784	2.448576	-0.4537856055185257	-0.3700098014227979	-0.6911503837897546	1.0638	-0.3806	-0.1049
861.9999999999999	-11.743551000000002	0.42379200000000006	2.58984	-0.598647933434055	-0.47472955654245763	-0.6283185307179586	1.067	-0.3721	-0.1046
863.0000000000001	-11.877948000000002	0.640593	2.5976879999999998	-0.5567600313861911	-0.6544984694978736	-0.4415683007545654	1.0693	-0.363	-0.1054
864.0	-11.970162	0.47774700000000003	2.586897	-0.43458698374658805	-0.45553093477052004	-0.2879793265790644	1.0727	-0.3545	-0.1085
865.0	-12.004497	0.070632	2.6055360000000003	-0.31066860685499065	-0.16580627893946132	-0.1413716694115407	1.075	-0.346	-0.1111
866.0	-12.133989000000001	-0.48069000000000006	2.771325	-0.23387411976724015	-0.05759586531581287	-0.038397243543875255	1.0763	-0.3386	-0.1174
867.0	-12.228165	-1.094796	3.0950550000000003	-0.18500490071139894	-0.024434609527920613	0.04537856055185257	1.0775	-0.3314	-0.1221
868.0	-12.262500000000001	-1.5303600000000002	3.3314760000000003	-0.09773843811168245	0.05235987755982989	0.10821041362364843	1.078	-0.326	-0.1286
869.0	-12.176172000000001	-1.7756100000000001	3.304989	-0.005235987755982988	0.061086523819801536	0.1308996938995747	1.0791	-0.3214	-0.1333
869.9999999999999	-11.824974000000001	-2.008107	3.0597390000000004	0.04537856055185257	0.013962634015954637	0.13264502315156904	1.08	-0.3179	-0.1383
871.0000000000001	-11.249127000000001	-2.265129	2.839995	0.041887902047863905	-0.041887902047863905	0.13788101090755203	1.0794	-0.3157	-0.1417
872.0000000000001	-10.551636	-2.538828	2.6683200000000005	-0.015707963267948967	-0.10471975511965978	0.15707963267948966	1.0789	-0.3155	-0.1448
873.0	-9.788418	-2.573163	2.5152840000000003	-0.08552113334772216	-0.1291543646475804	0.1710422666954443	1.0785	-0.3167	-0.1461
874.0	-9.122319	-2.297502	2.27592	-0.17627825445142728	-0.15533430342749532	0.2181661564992912	1.0775	-0.3167	-0.1485
875.0	-8.689698	-1.822698	2.03067	-0.22165681500327983	-0.1308996938995747	0.22689280275926285	1.0758	-0.3176	-0.1504
876.0	-8.331633000000002	-1.26549	1.9051020000000003	-0.25481807079117214	-0.09599310885968812	0.22689280275926285	1.074	-0.3185	-0.1499
877.0	-8.041257	-0.6258779999999999	1.7775720000000002	-0.28099800957108706	-0.08028514559173916	0.24958208303518914	1.0721	-0.3202	-0.1517
877.9999999999999	-7.805817	-0.067689	1.5470370000000002	-0.3089232776029963	-0.029670597283903602	0.2565634000431664	1.0712	-0.3217	-0.1534
878.9999999999999	-7.61256	0.40221	1.4185260000000002	-0.3385938748868999	0.0645771823237902	0.2775073510670984	1.0699	-0.3235	-0.1556
880.0000000000001	-7.504650000000001	0.793629	1.328274	-0.34033920413889424	0.12042771838760874	0.28099800957108706	1.0675	-0.3246	-0.1568
881.0	-7.413417000000001	1.026126	1.2036870000000002	-0.3612831551628262	0.14486232791552936	0.2827433388230814	1.0665	-0.3259	-0.1583
882.0	-7.322184	1.1222640000000002	1.1565990000000002	-0.38746309394274114	0.17976891295541594	0.2722713633111154	1.0648	-0.3268	-0.1595
883.0	-7.243704	1.119321	1.0967580000000001	-0.3769911184307752	0.22165681500327983	0.2530727415391778	1.0632	-0.3274	-0.1605
884.0	-7.195635000000001	1.026126	1.0555560000000002	-0.35779249665883756	0.25481807079117214	0.23911010752322315	1.0616	-0.3298	-0.1609
885.0	-7.127946000000001	0.87309	1.0280880000000001	-0.3438298626428829	0.2722713633111154	0.20420352248333654	1.0601	-0.3317	-0.1615
886.0	-7.101459	0.669042	0.910368	-0.32288591161895097	0.2426007660272118	0.16580627893946132	1.0595	-0.3335	-0.1617
886.9999999999999	-7.067124000000001	0.328635	0.7651800000000001	-0.2897246558310587	0.1884955592153876	0.11519173063162574	1.0583	-0.3345	-0.1616
888.0000000000001	-7.047504000000001	0.044145	0.753408	-0.2879793265790644	0.13439035240356337	0.03490658503988659	1.0569	-0.3359	-0.1613
889.0	-7.07301	-0.226611	0.6533460000000001	-0.27576202181510406	0.10821041362364843	-0.05759586531581287	1.0552	-0.3368	-0.1605
890.0	-7.08282	-0.46891800000000006	0.509139	-0.26703537555513246	0.12217304763960307	-0.14835298641951802	1.0543	-0.3374	-0.1607
891.0	-7.133832	-0.577809	0.41202000000000005	-0.2775073510670984	0.1413716694115407	-0.25481807079117214	1.0534	-0.337	-0.1604
892.0	-7.226046000000001	-0.604296	0.220725	-0.2722713633111154	0.20769418098732523	-0.35255650890285456	1.0533	-0.336	-0.1606
893.0	-7.332975000000001	-0.5935050000000001	0.039240000000000004	-0.25481807079117214	0.23911010752322315	-0.45029494701453704	1.0534	-0.3347	-0.16
894.0	-7.451676000000001	-0.517968	-0.14322600000000002	-0.17278759594743864	0.22863813201125716	-0.5393067388662478	1.0538	-0.3319	-0.1595
894.9999999999999	-7.628256	-0.41202000000000005	-0.25211700000000004	-0.08028514559173916	0.20943951023931956	-0.6073745796940266	1.0544	-0.3285	-0.159
896.0000000000001	-7.8931260000000005	-0.35904600000000003	-0.320787	-0.0471238898038469	0.2722713633111154	-0.6318091892219474	1.0554	-0.3239	-0.1589
897.0000000000001	-8.261982	-0.296262	-0.358065	0.06981317007977318	0.4642575810304917	-0.5707226654021458	1.0571	-0.3192	-0.1574
898.0	-8.71128	-0.35512200000000005	-0.430659	0.2583087292951608	0.5602506898901798	-0.4799655442984406	1.0592	-0.3137	-0.1552
899.0	-9.179217	-0.5395500000000001	-0.41692500000000005	0.38222710618675815	0.609119908946021	-0.29670597283903605	1.0614	-0.3076	-0.1525
900.0	-9.608895	-0.724959	-0.533664	0.3769911184307752	0.619591884457987	-0.10297442586766545	1.0638	-0.3017	-0.1486
901.0	-9.992466	-0.910368	-0.7563510000000001	0.3490658503988659	0.5480333851262195	-0.012217304763960306	1.0654	-0.2962	-0.1448
902.0	-10.396638000000001	-1.117359	-0.982962	0.2827433388230814	0.5148721293383273	0.1117010721276371	1.067	-0.2913	-0.1401
902.9999999999999	-10.805715	-1.2998250000000002	-1.2507750000000002	0.07853981633974483	0.4118977034706618	0.1832595714594046	1.0686	-0.2879	-0.1362
903.9999999999999	-11.194191	-1.374381	-1.58922	-0.2879793265790644	0.29670597283903605	0.19373154697137057	1.0702	-0.2845	-0.1312
905.0000000000001	-11.548332	-1.227231	-1.750104	-0.6946410422937431	0.27052603405912107	0.14835298641951802	1.0708	-0.2819	-0.127
906.0	-11.898549000000001	-0.7180920000000001	-1.686339	-0.8988445647770797	0.2879793265790644	0.22165681500327983	1.0707	-0.2802	-0.1222
907.0	-12.158514000000002	-0.22857300000000003	-1.4999490000000002	-0.8639379797371931	0.47647488579445196	0.291469985083053	1.0696	-0.2791	-0.1181
908.0	-12.308607	0.16284600000000002	-1.325331	-0.7714355293814937	0.7400196028455958	0.48171087355043496	1.0689	-0.2791	-0.1142
909.0	-12.357657000000001	0.49246200000000007	-1.183086	-0.895353906273091	0.7923794804054256	0.7033676885537148	1.0682	-0.2803	-0.1104
910.0	-12.367467	0.678852	-0.793629	-0.7871434926494426	0.7993607974134029	0.8901179185171081	1.0665	-0.2824	-0.1067
911.0	-12.284082	0.59841	-0.27958500000000003	-0.6143558967020041	0.7801621756414654	1.0576695267085636	1.0646	-0.2864	-0.1031
911.9999999999999	-11.961333000000002	0.391419	0.19325699999999998	-0.4468042885105484	0.7504915783575618	1.096066770252439	1.0621	-0.2905	-0.1001
913.0000000000001	-11.580705000000002	0.096138	0.635688	-0.3787364476827695	0.44331363000655966	1.0506882097005865	1.0591	-0.2945	-0.0969
914.0	-11.268747000000001	-0.23445900000000003	1.376343	-0.32637657012293964	-0.09948376736367678	1.0367255756846316	1.0557	-0.3006	-0.0954
915.0	-11.116692	-0.7661610000000001	1.904121	-0.21118483949131386	-0.34033920413889424	1.0122909661567112	1.0523	-0.3074	-0.0941
916.0	-11.074509	-1.538208	2.264148	0.006981317007977318	-0.46949356878647464	0.9337511498169663	1.0487	-0.3156	-0.0941
917.0	-11.142198	-2.221965	2.417184	0.15184364492350666	-0.7033676885537148	0.8517206749732328	1.0456	-0.324	-0.0955
918.0	-11.190267	-2.58984	2.6624339999999997	0.20245819323134223	-0.921533845053006	0.905825881785057	1.0412	-0.3329	-0.0985
919.0	-11.032326000000001	-2.8605960000000006	2.879235	0.1308996938995747	-1.1588986233242349	0.7120943348136864	1.0361	-0.3424	-0.103
919.9999999999999	-11.297196	-2.714427	2.9959740000000004	0.06981317007977318	-0.8848819307611251	0.3508111796508603	1.0311	-0.3518	-0.1089
921.0000000000001	-11.629755000000001	-2.2190220000000003	3.0048030000000003	0.06283185307179587	-0.23212879051524585	0.1413716694115407	1.0267	-0.3596	-0.1151
922.0000000000001	-11.990763	-1.526436	3.1244850000000004	0.06632251157578452	-0.07853981633974483	0.041887902047863905	1.0223	-0.3662	-0.1214
923.0	-12.300759000000001	-0.778914	3.2520150000000005	0.07330382858376185	-0.06632251157578452	-0.12042771838760874	1.0187	-0.3717	-0.1275
924.0	-12.411612000000002	-0.22857300000000003	3.165687	0.03665191429188092	-0.09075712110370514	-0.24958208303518914	1.0154	-0.3764	-0.1333
925.0	-12.275253000000001	0.258984	3.016575	-0.019198621771937627	-0.15009831567151233	-0.3420845333908886	1.013	-0.3798	-0.1384
926.0	-11.931903	0.611163	2.8066410000000004	-0.05235987755982989	-0.16057029118347832	-0.40317105721069013	1.0107	-0.3816	-0.1433
927.0	-11.415897	0.859356	2.680092	-0.05061454830783556	-0.22165681500327983	-0.43982297150257105	1.0092	-0.3822	-0.1477
927.9999999999999	-10.913625000000001	0.9201779999999999	2.418165	-0.0	-0.25132741228718347	-0.45553093477052004	1.0083	-0.3808	-0.1511
928.9999999999999	-10.670337	0.9662850000000001	2.1670290000000003	0.05061454830783556	-0.2583087292951608	-0.43982297150257105	1.0085	-0.3786	-0.1543
930.0000000000001	-10.03563	0.639612	1.917855	0.09599310885968812	-0.2583087292951608	-0.43458698374658805	1.0092	-0.375	-0.1571
931.0	-9.413676	0.18540900000000002	1.802097	0.12042771838760874	-0.24958208303518914	-0.4293509959906051	1.0102	-0.371	-0.1603
932.0	-8.926119000000002	-0.33844500000000005	1.670643	0.15533430342749532	-0.2303834612632515	-0.4118977034706618	1.0108	-0.367	-0.1634
933.0	-8.497422	-0.825021	1.617669	0.19024088846738194	-0.17976891295541594	-0.3752457891787809	1.0119	-0.3625	-0.1673
934.0	-8.170749	-1.1889720000000001	1.496025	0.19198621771937624	-0.13264502315156904	-0.33335788713091696	1.0128	-0.3576	-0.1705
935.0	-7.922556	-1.46169	1.40283	0.16580627893946132	-0.08377580409572781	-0.30019663134302466	1.0134	-0.3525	-0.1739
936.0	-7.7047740000000005	-1.647099	1.279224	0.1466076571675237	-0.04537856055185257	-0.26529004630313807	1.0145	-0.348	-0.1768
936.9999999999999	-7.576263	-1.6951680000000002	1.1713140000000002	0.12217304763960307	0.0	-0.2775073510670984	1.0152	-0.3434	-0.1797
938.0000000000001	-7.414398	-1.6922249999999999	1.065366	0.12566370614359174	0.048869219055841226	-0.2583087292951608	1.0159	-0.3393	-0.1822
939.0	-7.245666000000001	-1.5862770000000002	0.9564750000000001	0.12566370614359174	0.048869219055841226	-0.2583087292951608	1.0164	-0.335	-0.1838
940.0	-7.1250029999999995	-1.3665330000000002	0.910368	0.11519173063162574	0.0645771823237902	-0.19198621771937624	1.017	-0.3303	-0.1847
941.0	-7.045542	-1.149732	0.806382	0.0942477796076938	0.13264502315156904	-0.17278759594743864	1.0174	-0.3269	-0.1856
942.0	-7.03377	-0.9123300000000001	0.6494219999999999	0.06632251157578452	0.18500490071139894	-0.11519173063162574	1.0176	-0.3235	-0.1859
943.0	-7.07301	-0.7416360000000001	0.453222	0.05235987755982989	0.1832595714594046	-0.09773843811168245	1.018	-0.3203	-0.1859
944.0	-7.160319	-0.579771	0.36002700000000004	0.04363323129985824	0.16929693744344995	-0.05585053606381855	1.0182	-0.3172	-0.1862
944.9999999999999	-7.2701910000000005	-0.46695600000000004	0.26977500000000004	0.029670597283903602	0.15707963267948966	0.0	1.0185	-0.3148	-0.1859
946.0000000000001	-7.404588	-0.39043800000000006	0.121644	0.024434609527920613	0.13264502315156904	0.048869219055841226	1.0187	-0.3121	-0.1859
947.0000000000001	-7.5370230000000005	-0.394362	-0.064746	0.048869219055841226	0.12042771838760874	0.09773843811168245	1.0187	-0.3107	-0.1855
948.0	-7.727337	-0.35414100000000004	-0.1962	0.0942477796076938	0.16231562043547265	0.16406094968746698	1.0188	-0.3091	-0.185
949.0	-7.911765	-0.367875	-0.381609	0.16057029118347832	0.2129301687433082	0.21991148575128552	1.0187	-0.308	-0.1843
950.0	-8.099136	-0.42869700000000005	-0.481671	0.17976891295541594	0.22689280275926285	0.26005405854715513	1.0177	-0.308	-0.1841
951.0	-8.293374	-0.5277780000000001	-0.546417	0.09075712110370514	0.19896753472735357	0.32637657012293964	1.0171	-0.3074	-0.1836
952.0	-8.435619	-0.5817330000000001	-0.512082	0.019198621771937627	0.2129301687433082	0.34033920413889424	1.0169	-0.3078	-0.1833
952.9999999999999	-8.574921	-0.5944860000000001	-0.391419	-0.020943951023931952	0.3612831551628262	0.33510321638291124	1.0154	-0.3088	-0.1824
953.9999999999999	-8.739729	-0.530721	-0.248193	-0.22863813201125716	0.47298422729046335	0.3455751918948773	1.0145	-0.3104	-0.1812
955.0000000000001	-8.931024	-0.48461400000000004	-0.184428	-0.47298422729046335	0.4363323129985824	0.30717794835100204	1.0132	-0.3117	-0.1805
956.0	-9.214533000000001	-0.34138799999999997	-0.231516	-0.6544984694978736	0.40317105721069013	0.2181661564992912	1.0121	-0.3135	-0.1791
957.0	-9.610857000000001	-0.090252	-0.446355	-0.6998770300497261	0.41713369122664473	0.10471975511965978	1.0108	-0.315	-0.1779
958.0	-10.018953000000002	0.152055	-0.7514460000000001	-0.6702064327658225	0.4066617157146788	0.05235987755982989	1.0096	-0.3161	-0.1774
959.0	-10.462365	0.272718	-0.759294	-0.41015237421866746	0.21467549799530256	0.05585053606381855	1.0083	-0.3175	-0.1767
960.0	-10.805715	0.17069399999999998	-0.65727	-0.038397243543875255	0.0	0.0	1.0077	-0.3189	-0.1764
961.0	-11.238336	0.021582000000000004	-0.554265	0.17976891295541594	0.04363323129985824	-0.08028514559173916	1.0066	-0.3193	-0.1761
961.9999999999999	-11.661147000000001	-0.24525000000000002	-0.469899	0.11868238913561441	0.4241150082346221	-0.27576202181510406	1.0058	-0.3194	-0.1756
963.0000000000001	-12.030003	-0.44439300000000004	-0.26290800000000003	0.11344640137963143	0.4852015320544236	-0.5078908123303499	1.0059	-0.3181	-0.1753
964.0	-12.266424	-0.630783	-0.138321	0.15707963267948966	0.43458698374658805	-0.5777039824101231	1.0059	-0.316	-0.175
965.0	-12.242880000000001	-0.678852	-0.003924	0.17278759594743864	0.43458698374658805	-0.6457718232379019	1.0071	-0.3135	-0.1736
966.0	-11.996649000000001	-0.698472	0.159903	0.05235987755982989	0.5009094953223726	-0.6335545184739416	1.0081	-0.3091	-0.1725
967.0	-11.589534	-0.8328690000000001	0.5846760000000001	-0.029670597283903602	0.4415683007545654	-0.6178465552059926	1.0097	-0.3047	-0.1706
968.0	-11.257956	-1.0751760000000001	1.2998250000000002	-0.0942477796076938	0.1710422666954443	-0.5881759579220891	1.0108	-0.3004	-0.1683
969.0	-11.112768	-1.120302	1.879596	-0.19896753472735357	-0.16406094968746698	-0.6126105674500097	1.0125	-0.2943	-0.1664
969.9999999999999	-11.277576	-0.7651800000000001	2.204307	-0.26703537555513246	-0.23911010752322315	-0.6457718232379019	1.0143	-0.2869	-0.1643
971.0000000000001	-11.430612	-0.276642	2.4211080000000003	-0.40491638646268446	-0.25132741228718347	-0.6684611035138281	1.0164	-0.2801	-0.1628
972.0000000000001	-11.613078	0.173637	2.676168	-0.3752457891787809	-0.57246799465414	-0.6562437987498679	1.0185	-0.272	-0.1627
973.0	-11.871081	0.29233800000000004	2.7723060000000004	-0.24085543677521748	-0.7696902001294994	-0.5235987755982988	1.0209	-0.2658	-0.1629
974.0	-12.125160000000001	0.08829	2.853729	-0.12566370614359174	-0.46949356878647464	-0.3420845333908886	1.0224	-0.2583	-0.1632
975.0	-12.41946	-0.318825	3.016575	-0.048869219055841226	-0.07679448708775051	-0.1710422666954443	1.0238	-0.2519	-0.1646
976.0	-12.659805	-0.918216	3.2461290000000003	0.022689280275926284	0.059341194567807204	-0.0715584993317675	1.0247	-0.2471	-0.1653
977.0	-12.839328	-1.4361840000000001	3.4335	0.10821041362364843	0.07853981633974483	0.012217304763960306	1.0258	-0.2415	-0.1665
977.9999999999999	-12.840309	-1.837413	3.307932	0.23561944901923448	0.09075712110370514	0.06806784082777885	1.0266	-0.2376	-0.1673
978.9999999999999	-12.563667	-2.165067	3.1087890000000002	0.34732052114687156	0.059341194567807204	0.10471975511965978	1.0275	-0.2343	-0.1683
980.0000000000001	-12.037851000000002	-2.52117	2.8713870000000004	0.3787364476827695	-0.006981317007977318	0.16580627893946132	1.028	-0.2322	-0.1686
981.0	-11.3796	-2.83509	2.730123	0.33161255787892263	-0.08377580409572781	0.20943951023931956	1.0287	-0.2303	-0.1699
982.0	-10.678185000000001	-2.947905	2.552562	0.2565634000431664	-0.1466076571675237	0.2583087292951608	1.0285	-0.2305	-0.1709
983.0	-9.937529999999999	-2.7350280000000002	2.3396850000000002	0.18500490071139894	-0.16231562043547265	0.30543261909900765	1.0279	-0.23	-0.1722
984.0	-9.261621000000002	-2.2366800000000002	2.125827	0.10471975511965978	-0.15533430342749532	0.3385938748868999	1.0279	-0.2312	-0.1751
985.0	-8.725014	-1.6255169999999999	1.897254	0.06632251157578452	-0.12566370614359174	0.3543018381548489	1.0277	-0.2329	-0.1775
986.0	-8.32869	-0.9211590000000001	1.6951680000000002	-0.0	-0.12391837689159739	0.35779249665883756	1.0276	-0.2347	-0.182
986.9999999999999	-7.982397000000001	-0.25800300000000004	1.5519420000000002	-0.05585053606381855	-0.09599310885968812	0.3717551306747922	1.0265	-0.2381	-0.1874
988.0000000000001	-7.732242	0.368856	1.4155830000000003	-0.143116998663535	-0.06283185307179587	0.36477381366681483	1.0258	-0.2409	-0.1935
989.0	-7.542909000000001	0.886824	1.3017870000000002	-0.1832595714594046	-0.054105206811824215	0.3543018381548489	1.0246	-0.244	-0.2008
990.0	-7.38693	1.243908	1.2125160000000001	-0.22863813201125716	-0.005235987755982988	0.32812189937493397	1.0239	-0.2482	-0.2092
991.0	-7.256457000000001	1.4528610000000002	1.1418840000000001	-0.24609142453120045	0.04014257279586958	0.291469985083053	1.0228	-0.252	-0.2166
992.0	-7.157376	1.516626	1.003563	-0.2530727415391778	0.06632251157578452	0.2426007660272118	1.0223	-0.2559	-0.2239
993.0	-7.0465230000000005	1.4489370000000001	0.905463	-0.2565634000431664	0.12042771838760874	0.21467549799530256	1.0214	-0.2593	-0.2311
994.0	-6.95529	1.2576420000000001	0.815211	-0.24783675378319478	0.1832595714594046	0.1832595714594046	1.0201	-0.2636	-0.237
994.9999999999999	-6.888582	1.012392	0.769104	-0.24434609527920614	0.19024088846738194	0.16057029118347832	1.019	-0.2669	-0.2432
996.0000000000001	-6.862095	0.74556	0.734769	-0.24085543677521748	0.17453292519943295	0.10471975511965978	1.0181	-0.2699	-0.2481
997.0000000000001	-6.880734	0.463032	0.6180300000000001	-0.22863813201125716	0.16755160819145562	0.029670597283903602	1.0183	-0.2723	-0.2526
998.0	-6.905259	0.159903	0.560151	-0.25132741228718347	0.12391837689159739	-0.054105206811824215	1.0179	-0.2741	-0.2567
999.0	-6.95529	-0.094176	0.458127	-0.24783675378319478	0.09250245035569947	-0.12566370614359174	1.0182	-0.2767	-0.2599
1000.0	-7.031808000000001	-0.265851	0.42869700000000005	-0.2565634000431664	0.05759586531581287	-0.2181661564992912	1.0182	-0.2779	-0.2625
1001.0	-7.168167	-0.36198900000000006	0.317844	-0.26354471705114374	0.08203047484373349	-0.3193952531149623	1.0181	-0.2788	-0.2644
1002.0	-7.33788	-0.40417200000000003	0.18639	-0.25481807079117214	0.11693705988362008	-0.4118977034706618	1.0178	-0.2789	-0.2661
1002.9999999999999	-7.546833	-0.37866600000000006	0.007848	-0.26354471705114374	0.17278759594743864	-0.5113814708343386	1.0179	-0.2787	-0.2674
1003.9999999999999	-7.80876	-0.241326	-0.13734000000000002	-0.21118483949131386	0.2129301687433082	-0.5916666164260777	1.0181	-0.2767	-0.2683
1005.0000000000001	-8.134452000000001	-0.10006200000000001	-0.24525000000000002	-0.1308996938995747	0.2426007660272118	-0.6457718232379019	1.0187	-0.2742	-0.2695
1006.0	-8.520966000000001	-0.08436600000000001	-0.30312900000000004	-0.09599310885968812	0.3508111796508603	-0.6667157742618339	1.0193	-0.2711	-0.2702
1007.0	-8.964378	-0.277623	-0.35512200000000005	-0.06632251157578452	0.43458698374658805	-0.640535835481919	1.0201	-0.2671	-0.2702
1008.0	-9.450954000000001	-0.5366070000000001	-0.317844	0.08203047484373349	0.6073745796940266	-0.5288347633542818	1.022	-0.2627	-0.2695
1009.0	-9.896328	-0.781857	-0.384552	0.3036872898470133	0.6108652381980153	-0.3385938748868999	1.0235	-0.2578	-0.268
1010.0	-10.217115000000002	-0.965304	-0.601353	0.4118977034706618	0.6283185307179586	-0.143116998663535	1.0249	-0.2525	-0.2656
1011.0	-10.512396	-1.146789	-0.8573940000000001	0.40317105721069013	0.6073745796940266	0.038397243543875255	1.0272	-0.2481	-0.2613
1011.9999999999999	-10.842012	-1.34397	-1.1183400000000001	0.33161255787892263	0.5218534463463045	0.19722220547535926	1.0291	-0.2444	-0.2567
1013.0000000000001	-11.156913000000001	-1.4822910000000002	-1.340046	0.07330382858376185	0.38048177693476387	0.2426007660272118	1.0313	-0.2415	-0.2526
1014.0	-11.486529	-1.5195690000000002	-1.370457	-0.3508111796508603	0.24958208303518914	0.2303834612632515	1.0338	-0.2399	-0.2473
1015.0	-11.784753	-1.258623	-1.174257	-0.635299847725936	0.1780235837034216	0.26529004630313807	1.0361	-0.2393	-0.238
1016.0	-12.050604	-0.877014	-1.021221	-0.6492624817418906	0.38222710618675815	0.3089232776029963	1.0386	-0.2398	-0.2296
1017.0	-12.240918	-0.44046900000000005	-0.8426790000000001	-0.6318091892219474	0.7243116395776468	0.41364303272265607	1.0407	-0.2409	-0.2232
1018.0	-12.336075000000001	-0.005886	-0.759294	-0.767944870877505	0.8028514559173916	0.5585053606381855	1.0419	-0.2435	-0.2169
1019.0	-12.362562	0.26388900000000004	-0.5523030000000001	-0.7819075048934596	0.7871434926494426	0.6963863715457375	1.0437	-0.2469	-0.2079
1019.9999999999999	-12.35079	0.248193	-0.152055	-0.5707226654021458	0.7993607974134029	0.8709192967451704	1.0458	-0.2514	-0.2007
1021.0000000000001	-12.14478	0.024525	0.251136	-0.36477381366681483	0.7522369076095561	0.9686577348568529	1.0466	-0.2563	-0.195
1022.0000000000001	-11.793582	-0.229554	0.632745	-0.2530727415391778	0.47123889803846897	0.9930923443847735	1.0481	-0.2622	-0.1881
1023.0	-11.398239	-0.448317	1.2546990000000002	-0.19198621771937624	0.059341194567807204	0.9965830028887622	1.0486	-0.2689	-0.1791
1024.0	-11.067642000000001	-0.7180920000000001	1.839375	-0.08377580409572781	-0.2426007660272118	1.007054978400728	1.0488	-0.2766	-0.1737
1025.0	-10.891062000000002	-1.2919770000000002	2.140542	0.16057029118347832	-0.3159045946109737	0.9773843811168246	1.0478	-0.2845	-0.1737
1026.0	-10.819449	-1.8786150000000001	2.398545	0.3752457891787809	-0.4939281783143953	0.9197885158010117	1.0465	-0.2936	-0.1743
1027.0	-10.811601000000001	-2.228832	2.631042	0.4276056667386107	-0.7749261878854823	0.8709192967451704	1.0447	-0.3042	-0.1739
1028.0	-10.607553	-2.487816	2.8468620000000002	0.4852015320544236	-0.8587019919812102	0.9023352232810684	1.0419	-0.315	-0.1743
1029.0	-10.677204000000001	-2.4848730000000003	3.018537	0.3717551306747922	-1.0629055144645467	0.767944870877505	1.0389	-0.3259	-0.1805
1030.0	-11.091186	-2.027727	3.0930930000000005	0.2879793265790644	-0.9285151620609834	0.34732052114687156	1.0347	-0.3372	-0.1871
1031.0	-11.469852000000001	-1.3115970000000001	3.2274900000000004	0.3089232776029963	-0.23736477827122882	0.08726646259971647	1.0314	-0.3481	-0.1948
1032.0	-11.827917000000001	-0.5483790000000001	3.4246710000000005	0.33335788713091696	-0.06981317007977318	-0.10297442586766545	1.028	-0.3578	-0.2014
1033.0	-12.125160000000001	0.051012	3.4148610000000006	0.3368485456349056	-0.026179938779914945	-0.22689280275926285	1.0251	-0.3665	-0.21
1034.0	-12.191868	0.413001	3.149991	0.2844886680750757	-0.04014257279586958	-0.2984513020910304	1.0225	-0.3733	-0.2179
1035.0	-12.008421	0.713187	2.8753110000000004	0.1832595714594046	-0.07853981633974483	-0.3246312408709453	1.0201	-0.3796	-0.2256
1036.0	-11.617002	0.983943	2.688921	0.07504915783575616	-0.10995574287564276	-0.3438298626428829	1.0184	-0.3837	-0.2324
1037.0	-11.126502000000002	1.126188	2.53098	0.04014257279586958	-0.15533430342749532	-0.36477381366681483	1.017	-0.3869	-0.2376
1038.0	-10.849860000000001	1.2429270000000001	2.4250320000000003	0.05759586531581287	-0.19896753472735357	-0.36477381366681483	1.0172	-0.3885	-0.2424
1039.0	-10.390751999999999	1.164447	2.2661100000000003	0.11519173063162574	-0.20769418098732523	-0.3700098014227979	1.0173	-0.3893	-0.2448
1040.0	-9.688356	0.749484	2.117979	0.16057029118347832	-0.20769418098732523	-0.3787364476827695	1.0188	-0.3879	-0.2456
1041.0	-9.156654000000001	0.26388900000000004	2.052252	0.17278759594743864	-0.19722220547535926	-0.3769911184307752	1.0196	-0.3865	-0.2457
1042.0	-8.676945	-0.30312900000000004	1.913931	0.1884955592153876	-0.1884955592153876	-0.3735004599267865	1.0209	-0.3847	-0.249
1043.0	-8.278659000000001	-0.7995150000000001	1.7442180000000003	0.2007128639793479	-0.13962634015954636	-0.38048177693476387	1.0224	-0.3822	-0.2516
1044.0	-7.990245000000001	-1.1222640000000002	1.637289	0.1954768762233649	-0.07330382858376185	-0.3700098014227979	1.0239	-0.3802	-0.2525
1045.0	-7.7479379999999995	-1.346913	1.560771	0.16406094968746698	-0.020943951023931952	-0.3595378259108319	1.0259	-0.3779	-0.2517
1046.0	-7.530156	-1.4724810000000002	1.475424	0.143116998663535	0.006981317007977318	-0.3385938748868999	1.0272	-0.3758	-0.2504
1047.0	-7.345728	-1.541151	1.3498560000000002	0.12217304763960307	0.048869219055841226	-0.34732052114687156	1.0284	-0.3724	-0.2504
1048.0	-7.19073	-1.538208	1.1870100000000001	0.1117010721276371	0.1117010721276371	-0.3368485456349056	1.0296	-0.3693	-0.2504
1049.0	-7.0210170000000005	-1.4871960000000002	1.071252	0.08203047484373349	0.13788101090755203	-0.33335788713091696	1.0303	-0.3661	-0.2501
1050.0	-6.895449	-1.341027	1.027107	0.06981317007977318	0.12566370614359174	-0.30717794835100204	1.0315	-0.3642	-0.2497
1051.0	-6.8532660000000005	-1.179162	0.918216	0.04014257279586958	0.158824961931484	-0.26703537555513246	1.0323	-0.3614	-0.2486
1052.0	-6.897411	-0.9623610000000001	0.8622990000000001	-0.0	0.15009831567151233	-0.20245819323134223	1.034	-0.3583	-0.2481
1053.0	-6.991587	-0.80442	0.7475220000000001	-0.008726646259971648	0.10297442586766545	-0.09250245035569947	1.0354	-0.3554	-0.2453
1054.0	-7.103421	-0.687681	0.6847380000000001	-0.029670597283903602	0.038397243543875255	0.006981317007977318	1.0364	-0.3528	-0.2421
1055.0	-7.2701910000000005	-0.6062580000000001	0.5886	-0.012217304763960306	-0.03665191429188092	0.08552113334772216	1.038	-0.3512	-0.2398
1056.0	-7.477182	-0.595467	0.443412	0.019198621771937627	-0.041887902047863905	0.1780235837034216	1.0392	-0.3497	-0.2389
1057.0	-7.719489000000001	-0.5729040000000001	0.25800300000000004	0.054105206811824215	0.010471975511965976	0.23911010752322315	1.0406	-0.3492	-0.2386
1058.0	-7.945119	-0.6062580000000001	0.047088	0.07853981633974483	0.11693705988362008	0.30543261909900765	1.0417	-0.3493	-0.2377
1059.0	-8.172711	-0.5935050000000001	-0.169713	0.10297442586766545	0.22863813201125716	0.35255650890285456	1.0434	-0.3497	-0.2379
1060.0	-8.362044000000001	-0.648441	-0.481671	0.10995574287564276	0.2565634000431664	0.3752457891787809	1.0435	-0.3505	-0.2363
1061.0	-8.491536	-0.762237	-0.6611940000000001	0.017453292519943295	0.24085543677521748	0.3769911184307752	1.0445	-0.3526	-0.2325
1062.0	-8.580807	-0.85347	-0.74556	-0.06806784082777885	0.23387411976724015	0.3752457891787809	1.0446	-0.3553	-0.2288
1063.0	-8.632800000000001	-0.86328	-0.72594	-0.14486232791552936	0.4223696789826277	0.3193952531149623	1.0445	-0.3586	-0.2258
1064.0	-8.685774	-0.754389	-0.641574	-0.3455751918948773	0.5846852994181004	0.24609142453120045	1.0447	-0.3618	-0.2253
1065.0	-8.790741	-0.5640750000000001	-0.49050000000000005	-0.5445427266222308	0.57246799465414	0.16057029118347832	1.0447	-0.3646	-0.2235
1066.0	-8.999694	-0.394362	-0.5375880000000001	-0.7086036763096978	0.4904375198104066	0.05235987755982989	1.0449	-0.3679	-0.221
1067.0	-9.333234000000001	-0.190314	-0.70632	-0.7173303225696694	0.4380776422505767	-0.017453292519943295	1.0457	-0.3713	-0.216
1068.0	-9.758988	0.12753	-0.9545130000000001	-0.5497787143782138	0.2617993877991494	0.013962634015954637	1.0458	-0.3738	-0.2108
1069.0	-10.184742	0.317844	-1.179162	-0.3944444109507185	-0.029670597283903602	0.06981317007977318	1.046	-0.3762	-0.2081
1070.0	-10.593819000000002	0.260946	-1.10853	0.0645771823237902	-0.13788101090755203	0.19722220547535926	1.0467	-0.378	-0.2043
1071.0	-10.982295	-0.047088	-0.9241020000000001	0.26529004630313807	-0.17627825445142728	0.13264502315156904	1.047	-0.3793	-0.2025
1072.0	-11.527731000000001	-0.40417200000000003	-0.796572	0.2879793265790644	0.06806784082777885	0.005235987755982988	1.0479	-0.3808	-0.2016
1073.0	-12.0663	-0.6759090000000001	-0.654327	0.09075712110370514	0.5218534463463045	-0.23561944901923448	1.0491	-0.382	-0.199
1074.0	-12.521484000000001	-0.8622990000000001	-0.512082	0.14835298641951802	0.4590215932745087	-0.45553093477052004	1.0507	-0.382	-0.1954
1075.0	-12.797145	-1.048689	-0.37376100000000007	0.20245819323134223	0.35255650890285456	-0.5846852994181004	1.0523	-0.3812	-0.1904
1076.0	-12.73338	-1.063404	-0.035316	0.061086523819801536	0.45553093477052004	-0.6806784082777885	1.0545	-0.3793	-0.1847
1077.0	-12.396897000000001	-1.0084680000000001	0.35021700000000006	-0.05759586531581287	0.4886921905584123	-0.6946410422937431	1.0564	-0.3765	-0.1812
1078.0	-11.946618	-1.0388789999999999	0.925083	-0.12391837689159739	0.25481807079117214	-0.6614797865058508	1.0586	-0.3731	-0.1791
1079.0	-11.543427000000001	-1.08891	1.72656	-0.23561944901923448	-0.06283185307179587	-0.6614797865058508	1.061	-0.3682	-0.173
1080.0	-11.384505	-0.870147	2.33478	-0.3839724354387525	-0.20943951023931956	-0.6981317007977318	1.0643	-0.3629	-0.171
1081.0	-11.471814	-0.23053500000000002	2.657529	-0.582939970166106	-0.22514747350726852	-0.7173303225696694	1.0671	-0.3573	-0.1701
1082.0	-11.463966000000001	0.455184	2.9302470000000005	-0.5846852994181004	-0.5480333851262195	-0.6911503837897546	1.0703	-0.3494	-0.1683
1083.0	-11.452194	0.89271	3.2117940000000003	-0.47472955654245763	-0.9145525280450286	-0.6161012259539983	1.0732	-0.341	-0.1712
1084.0	-11.608173	0.9319500000000001	3.3363810000000003	-0.3385938748868999	-0.8063421144213803	-0.44505895925855404	1.0758	-0.3331	-0.1738
1085.0	-11.823993000000002	0.6867000000000001	3.39426	-0.25481807079117214	-0.3438298626428829	-0.26703537555513246	1.0783	-0.325	-0.1782
1086.0	-12.090825	0.22464900000000002	3.49236	-0.1780235837034216	-0.08203047484373349	-0.12566370614359174	1.0801	-0.3175	-0.1827
1087.0	-12.318417	-0.42771600000000004	3.661092	-0.09250245035569947	-0.05061454830783556	-0.03665191429188092	1.0821	-0.3116	-0.1871
1088.0	-12.443004	-1.091853	3.736629	-0.0	-0.03665191429188092	0.020943951023931952	1.0842	-0.3049	-0.1904
1089.0	-12.418479000000001	-1.598049	3.539448	0.11868238913561441	-0.024434609527920613	0.06806784082777885	1.0858	-0.3002	-0.1948
1090.0	-12.109464000000001	-2.013993	3.2932170000000003	0.16929693744344995	-0.054105206811824215	0.0942477796076938	1.0867	-0.297	-0.1981
1091.0	-11.541465000000002	-2.433861	3.121542	0.18675022996339324	-0.08377580409572781	0.17453292519943295	1.0876	-0.2933	-0.2013
1092.0	-10.899891	-2.785059	2.93319	0.12042771838760874	-0.16929693744344995	0.23561944901923448	1.0879	-0.2917	-0.2034
1093.0	-10.252431	-2.9302470000000005	2.6683200000000005	0.05585053606381855	-0.2129301687433082	0.30194196059501904	1.0877	-0.2919	-0.2045
1094.0	-9.487251	-2.8076220000000003	2.482911	-0.012217304763960306	-0.25481807079117214	0.3508111796508603	1.0874	-0.2927	-0.2052
1095.0	-8.775045	-2.3740200000000002	2.2621860000000003	-0.0645771823237902	-0.24783675378319478	0.4014257279586958	1.0862	-0.2945	-0.2063
1096.0	-8.206065	-1.7942490000000002	2.052252	-0.12042771838760874	-0.22514747350726852	0.43982297150257105	1.0852	-0.2965	-0.2075
1097.0	-7.806798	-1.08891	1.915893	-0.17278759594743864	-0.16929693744344995	0.44505895925855404	1.0833	-0.2984	-0.2089
1098.0	-7.553700000000001	-0.40221	1.7569710000000003	-0.2007128639793479	-0.09773843811168245	0.4363323129985824	1.0811	-0.3024	-0.211
1099.0	-7.397721000000001	0.192276	1.669662	-0.23561944901923448	-0.020943951023931952	0.4258603374866164	1.0787	-0.3058	-0.2127
1100.0	-7.346709000000001	0.6955290000000001	1.601973	-0.23387411976724015	0.027925268031909273	0.41015237421866746	1.0769	-0.3093	-0.2142
1101.0	-7.342785000000001	1.02024	1.4253930000000001	-0.23736477827122882	0.06283185307179587	0.3769911184307752	1.076	-0.3132	-0.2157
1102.0	-7.325127000000001	1.183086	1.340046	-0.21642082724729686	0.07330382858376185	0.34732052114687156	1.0738	-0.317	-0.2171
1103.0	-7.3614239999999995	1.224288	1.191915	-0.20769418098732523	0.1291543646475804	0.3438298626428829	1.0721	-0.3204	-0.2177
1104.0	-7.398702	1.134036	1.0428030000000001	-0.1954768762233649	0.1954768762233649	0.2879793265790644	1.0698	-0.323	-0.2179
1105.0	-7.398702	0.950589	0.972171	-0.16929693744344995	0.20769418098732523	0.19722220547535926	1.0684	-0.3266	-0.218
1106.0	-7.423227000000001	0.714168	0.8829	-0.1361356816555577	0.19198621771937624	0.12391837689159739	1.068	-0.3299	-0.2179
1107.0	-7.427151	0.3924	0.763218	-0.09773843811168245	0.1710422666954443	0.05235987755982989	1.0675	-0.3327	-0.2172
1108.0	-7.421265	0.069651	0.705339	-0.07504915783575616	0.1291543646475804	-0.020943951023931952	1.0677	-0.3343	-0.2166
1109.0	-7.432056000000001	-0.21385800000000002	0.621954	-0.04537856055185257	0.08726646259971647	-0.11344640137963143	1.0675	-0.3359	-0.2154
1110.0	-7.4075310000000005	-0.47872800000000004	0.474804	-0.017453292519943295	0.06981317007977318	-0.18500490071139894	1.0678	-0.3363	-0.2153
1111.0	-7.398702	-0.655308	0.38357100000000005	-0.015707963267948967	0.12391837689159739	-0.22514747350726852	1.0672	-0.3369	-0.2145
1112.0	-7.422246000000001	-0.727902	0.220725	-0.038397243543875255	0.15009831567151233	-0.30717794835100204	1.0679	-0.3366	-0.2132
1113.0	-7.422246000000001	-0.729864	0.08632800000000002	-0.05061454830783556	0.18151424220741028	-0.4014257279586958	1.0687	-0.3352	-0.2127
1114.0	-7.461486000000001	-0.6092010000000001	-0.08632800000000002	-0.05585053606381855	0.21642082724729686	-0.5026548245743669	1.0706	-0.3337	-0.2123
1115.0	-7.565472000000001	-0.42869700000000005	-0.28547100000000003	-0.03316125578789226	0.26354471705114374	-0.6161012259539983	1.0724	-0.3298	-0.2116
1116.0	-7.739109000000001	-0.221706	-0.35512200000000005	0.027925268031909273	0.2844886680750757	-0.7068583470577035	1.0739	-0.3252	-0.2101
1117.0	-8.028504	-0.038259	-0.348255	0.03665191429188092	0.3490658503988659	-0.7539822368615504	1.0758	-0.3197	-0.2081
1118.0	-8.420904	0.045126	-0.327654	0.09075712110370514	0.5358160803622591	-0.7173303225696694	1.0779	-0.314	-0.2054
1119.0	-8.923176	0.016677	-0.28056600000000004	0.3089232776029963	0.6614797865058508	-0.6126105674500097	1.0809	-0.3074	-0.2023
1120.0	-9.4176	-0.033354	-0.23544	0.4188790204786391	0.7051130178057091	-0.48171087355043496	1.0836	-0.3007	-0.1974
1121.0	-9.831582000000001	-0.161865	-0.358065	0.36302848441482055	0.6928957130417489	-0.27052603405912107	1.0863	-0.293	-0.1924
1122.0	-10.264203	-0.31392000000000003	-0.5523030000000001	0.2879793265790644	0.6265732014659643	-0.061086523819801536	1.0903	-0.2861	-0.187
1123.0	-10.689957	-0.50031	-0.738693	0.18151424220741028	0.5305800926062761	0.0942477796076938	1.0938	-0.2798	-0.1807
1124.0	-11.082357	-0.698472	-0.8956530000000001	-0.12042771838760874	0.41015237421866746	0.1780235837034216	1.0963	-0.2739	-0.1749
1125.0	-11.511054000000001	-0.74556	-0.8760330000000001	-0.43982297150257105	0.30543261909900765	0.30019663134302466	1.0987	-0.2701	-0.1684
1126.0	-11.842632000000002	-0.639612	-0.845622	-0.5654866776461628	0.36826447217080355	0.3543018381548489	1.1003	-0.2673	-0.1629
1127.0	-12.101616000000002	-0.496386	-0.883881	-0.5410520681182421	0.5550147021341968	0.4328416544945937	1.1019	-0.2652	-0.1573
1128.0	-12.269366999999999	-0.251136	-0.825021	-0.6754424205218056	0.6143558967020041	0.5288347633542818	1.103	-0.2639	-0.1517
1129.0	-12.284082	0.016677	-0.7337880000000001	-0.6492624817418906	0.7173303225696694	0.619591884457987	1.1035	-0.2648	-0.1464
1130.0	-12.28212	0.178542	-0.614106	-0.5113814708343386	0.8395033702092726	0.7330382858376184	1.1038	-0.2663	-0.1413
1131.0	-12.257595000000002	0.24623100000000003	-0.298224	-0.3560471674068432	0.8621926504851988	0.8464846872172498	1.1039	-0.27	-0.1366
1132.0	-12.050604	0.132435	0.061803000000000004	-0.2932153143350474	0.6562437987498679	0.895353906273091	1.1025	-0.2741	-0.1321
1133.0	-11.796524999999999	-0.06867000000000001	0.486576	-0.28099800957108706	0.5096361415823443	0.9459684545809267	1.1009	-0.2794	-0.128
1134.0	-11.506149	-0.265851	1.0987200000000001	-0.24434609527920614	0.16755160819145562	0.9826203688728075	1.0993	-0.2861	-0.1242
1135.0	-11.243241	-0.599391	1.664757	-0.12391837689159739	-0.09250245035569947	1.0367255756846316	1.097	-0.2927	-0.1213
1136.0	-11.130426000000002	-1.13796	2.086587	0.04363323129985824	-0.20943951023931956	1.0210176124166828	1.095	-0.3002	-0.1194
1137.0	-11.116692	-1.6206120000000002	2.41326	0.16231562043547265	-0.38048177693476387	0.9581857593448869	1.0919	-0.3084	-0.1184
1138.0	-11.137293	-2.0169360000000003	2.652624	0.21642082724729686	-0.5567600313861911	0.8691739674931761	1.0887	-0.3179	-0.1184
1139.0	-10.993086000000002	-2.2916160000000003	2.7772110000000003	0.21642082724729686	-0.6684611035138281	0.9512044423369096	1.0854	-0.3275	-0.1206
1140.0	-11.278557	-2.454462	2.943981	0.07330382858376185	-0.8988445647770797	0.6108652381980153	1.081	-0.3375	-0.1238
1141.0	-11.462985000000002	-2.133675	2.978316	0.09948376736367678	-0.47123889803846897	0.27401669256310973	1.0767	-0.3464	-0.1274
1142.0	-11.705292000000002	-1.506816	3.1342950000000003	0.11693705988362008	0.03316125578789226	0.08028514559173916	1.0726	-0.3547	-0.1314
1143.0	-11.885796000000001	-0.8809380000000001	3.248091	0.16057029118347832	0.054105206811824215	-0.061086523819801536	1.0692	-0.3622	-0.1356
1144.0	-11.990763	-0.429678	3.1382190000000003	0.16057029118347832	0.017453292519943295	-0.16231562043547265	1.0664	-0.3683	-0.1399
1145.0	-11.926017	-0.110853	2.916513	0.08552113334772216	-0.027925268031909273	-0.23561944901923448	1.0644	-0.3731	-0.1439
1146.0	-11.697443999999999	0.149112	2.690883	-0.0	-0.06283185307179587	-0.26703537555513246	1.0623	-0.3771	-0.1467
1147.0	-11.308968000000002	0.301167	2.582973	-0.006981317007977318	-0.09948376736367678	-0.23911010752322315	1.061	-0.3792	-0.1501
1148.0	-10.867517999999999	0.34531200000000006	2.38383	-0.006981317007977318	-0.12042771838760874	-0.2181661564992912	1.0601	-0.3801	-0.1526
1149.0	-10.602648	0.308034	2.269053	0.012217304763960306	-0.12740903539558607	-0.19024088846738194	1.0596	-0.3793	-0.154
1150.0	-9.920853000000001	0.253098	2.096397	0.04537856055185257	-0.13439035240356337	-0.16580627893946132	1.0601	-0.3778	-0.1552
1151.0	-9.401904	-0.15696000000000002	2.048328	0.05585053606381855	-0.1413716694115407	-0.13962634015954636	1.0605	-0.3763	-0.1566
1152.0	-8.953587	-0.688662	1.9570950000000003	0.07504915783575616	-0.11693705988362008	-0.1117010721276371	1.0611	-0.3747	-0.1583
1153.0	-8.607294	-1.082043	1.8658620000000001	0.08377580409572781	-0.09250245035569947	-0.10471975511965978	1.0618	-0.372	-0.1599
1154.0	-8.381664	-1.340046	1.784439	0.10297442586766545	-0.06981317007977318	-0.09773843811168245	1.0623	-0.3695	-0.1612
1155.0	-8.239419	-1.49112	1.6529850000000001	0.12217304763960307	-0.020943951023931952	-0.11693705988362008	1.0627	-0.3682	-0.1624
1156.0	-8.104041	-1.516626	1.54017	0.1308996938995747	0.041887902047863905	-0.11868238913561441	1.0637	-0.3661	-0.1644
1157.0	-7.9667010000000005	-1.474443	1.3841910000000002	0.11868238913561441	0.06283185307179587	-0.1117010721276371	1.0649	-0.3651	-0.1649
1158.0	-7.797969000000001	-1.394001	1.307673	0.09948376736367678	0.07853981633974483	-0.1117010721276371	1.0657	-0.3638	-0.1658
1159.0	-7.640028000000001	-1.2674520000000002	1.193877	0.06981317007977318	0.10297442586766545	-0.12042771838760874	1.0658	-0.3628	-0.1661
1160.0	-7.4909159999999995	-1.083024	1.082043	0.03665191429188092	0.11519173063162574	-0.10995574287564276	1.0661	-0.3618	-0.1668
1161.0	-7.3692720000000005	-0.8799570000000001	1.003563	-0.006981317007977318	0.1117010721276371	-0.09773843811168245	1.0666	-0.3602	-0.1663
1162.0	-7.341804	-0.714168	0.851508	-0.03665191429188092	0.1064650843716541	-0.09075712110370514	1.0672	-0.3585	-0.1662
1163.0	-7.3437660000000005	-0.589581	0.729864	-0.06632251157578452	0.09075712110370514	-0.06981317007977318	1.0674	-0.3576	-0.1661
1164.0	-7.33788	-0.509139	0.632745	-0.08726646259971647	0.03490658503988659	-0.020943951023931952	1.0673	-0.3569	-0.1661
1165.0	-7.381044	-0.453222	0.508158	-0.09948376736367678	-0.038397243543875255	0.029670597283903602	1.0677	-0.3552	-0.1663
1166.0	-7.480125	-0.417906	0.410058	-0.08726646259971647	-0.08377580409572781	0.08552113334772216	1.0674	-0.3534	-0.1665
1167.0	-7.634142000000001	-0.40515300000000004	0.29233800000000004	-0.04537856055185257	-0.10471975511965978	0.13788101090755203	1.0669	-0.3531	-0.1672
1168.0	-7.825437	-0.40417200000000003	0.115758	-0.006981317007977318	-0.10995574287564276	0.17627825445142728	1.0677	-0.3525	-0.1682
1169.0	-8.022618	-0.417906	-0.08142300000000001	0.059341194567807204	-0.054105206811824215	0.22863813201125716	1.0683	-0.3522	-0.1692
1170.0	-8.206065	-0.44537400000000005	-0.283509	0.10122909661567112	0.0715584993317675	0.26529004630313807	1.0677	-0.3521	-0.1699
1171.0	-8.379702	-0.50031	-0.5032530000000001	0.09948376736367678	0.16231562043547265	0.2827433388230814	1.0673	-0.3531	-0.1711
1172.0	-8.470935	-0.586638	-0.622935	-0.003490658503988659	0.22514747350726852	0.2827433388230814	1.0662	-0.3538	-0.1714
1173.0	-8.538624	-0.656289	-0.671985	-0.16929693744344995	0.25481807079117214	0.29496064358704166	1.0657	-0.3546	-0.1716
1174.0	-8.597484	-0.6386310000000001	-0.753408	-0.20769418098732523	0.3752457891787809	0.2827433388230814	1.0655	-0.3565	-0.171
1175.0	-8.635743	-0.5493600000000001	-0.689643	-0.23736477827122882	0.4904375198104066	0.27052603405912107	1.0644	-0.3583	-0.1697
1176.0	-8.725995	-0.41888700000000006	-0.589581	-0.47647488579445196	0.5567600313861911	0.24958208303518914	1.0631	-0.3609	-0.1677
1177.0	-8.880993	-0.27958500000000003	-0.589581	-0.6911503837897546	0.4799655442984406	0.21991148575128552	1.0625	-0.3616	-0.1658
1178.0	-9.144882	-0.056898	-0.7151490000000001	-0.7766715171374766	0.4677482395344803	0.1710422666954443	1.0603	-0.3631	-0.1634
1179.0	-9.472536	0.164808	-0.817173	-0.6684611035138281	0.38048177693476387	0.1832595714594046	1.0594	-0.3646	-0.1614
1180.0	-9.819809999999999	0.21582	-0.547398	-0.4677482395344803	0.1884955592153876	0.2059488517353309	1.059	-0.3661	-0.1598
1181.0	-10.235754000000002	0.190314	-0.34138799999999997	-0.20420352248333654	-0.012217304763960306	0.15009831567151233	1.0587	-0.3671	-0.1582
1182.0	-10.695843000000002	0.031392	-0.094176	-0.0715584993317675	0.08726646259971647	0.07679448708775051	1.0579	-0.3686	-0.1561
1183.0	-11.129445	-0.129492	0.18639	-0.2129301687433082	0.4415683007545654	-0.0942477796076938	1.0571	-0.3701	-0.1535
1184.0	-11.566971	-0.21189600000000003	0.555246	-0.2059488517353309	0.41015237421866746	-0.30019663134302466	1.0569	-0.37	-0.1507
1185.0	-11.766114	-0.347274	0.791667	-0.19198621771937624	0.30717794835100204	-0.41713369122664473	1.057	-0.369	-0.1478
1186.0	-11.735702999999999	-0.424773	0.929988	-0.3752457891787809	0.39269908169872414	-0.5305800926062761	1.0582	-0.368	-0.1448
1187.0	-11.549313000000001	-0.32176800000000005	1.138941	-0.43458698374658805	0.34033920413889424	-0.5637413483941683	1.0592	-0.3667	-0.1408
1188.0	-11.270709	-0.32569200000000004	1.560771	-0.3612831551628262	0.16580627893946132	-0.5654866776461628	1.0601	-0.3643	-0.1371
1189.0	-11.098053	-0.45126	2.195478	-0.4276056667386107	-0.0017453292519943296	-0.6213372137099813	1.0608	-0.3607	-0.1331
1190.0	-11.141217	-0.3924	2.595726	-0.5253441048502933	-0.11693705988362008	-0.7243116395776468	1.0623	-0.356	-0.1285
1191.0	-11.248146000000002	-0.12851100000000001	2.9312280000000004	-0.619591884457987	-0.08203047484373349	-0.8220500776893293	1.0643	-0.3504	-0.124
1192.0	-11.334474	0.275661	3.2225850000000005	-0.5567600313861911	-0.23212879051524585	-0.8429940287132611	1.0666	-0.3438	-0.1206
1193.0	-11.470833	0.520911	3.373659	-0.4590215932745087	-0.48171087355043496	-0.8011061266653973	1.0693	-0.3361	-0.1183
1194.0	-11.602287000000002	0.448317	3.4648920000000003	-0.3769911184307752	-0.3717551306747922	-0.6736970912698113	1.0717	-0.3278	-0.1174
1195.0	-11.871081	0.19129500000000002	3.601251	-0.3159045946109737	-0.15533430342749532	-0.6021385919380436	1.0745	-0.3202	-0.1176
1196.0	-12.152628	-0.270756	3.763116	-0.16755160819145562	-0.012217304763960306	-0.4852015320544236	1.0771	-0.3118	-0.1181
1197.0	-12.357657000000001	-0.9093870000000001	3.981879	-0.04537856055185257	0.1884955592153876	-0.4310963252425994	1.0792	-0.3034	-0.1198
1198.0	-12.438099000000001	-1.437165	4.156497000000001	0.06632251157578452	0.15533430342749532	-0.40840704496667307	1.0814	-0.2954	-0.1215
1199.0	-12.308607	-1.81485	4.034853	0.16755160819145562	0.15358897417550102	-0.41364303272265607	1.0834	-0.288	-0.1239
1200.0	-11.952504	-2.116998	3.838653	0.25481807079117214	0.12740903539558607	-0.41015237421866746	1.0853	-0.2813	-0.1272
1201.0	-11.470833	-2.5044930000000005	3.645396	0.3036872898470133	0.08552113334772216	-0.38571776469074687	1.0871	-0.2756	-0.1306
1202.0	-10.987200000000001	-2.748762	3.4599870000000004	0.3193952531149623	0.019198621771937627	-0.32637657012293964	1.0889	-0.2701	-0.1342
1203.0	-10.499643	-2.8076220000000003	3.210813	0.3193952531149623	-0.019198621771937627	-0.22689280275926285	1.0902	-0.2645	-0.1378
1204.0	-10.011105	-2.645757	2.955753	0.2792526803190927	-0.05061454830783556	-0.143116998663535	1.0906	-0.2605	-0.1416
1205.0	-9.543168	-2.268072	2.688921	0.23911010752322315	-0.04537856055185257	-0.05061454830783556	1.0915	-0.2567	-0.1456
1206.0	-9.161559	-1.760895	2.426013	0.18675022996339324	-0.015707963267948967	0.006981317007977318	1.0913	-0.254	-0.1498
1207.0	-8.927100000000001	-1.230174	2.1503520000000003	0.15358897417550102	-0.038397243543875255	0.026179938779914945	1.0918	-0.2518	-0.1542
1208.0	-8.790741	-0.753408	1.887444	0.1117010721276371	0.008726646259971648	0.05235987755982989	1.092	-0.2498	-0.1591
1209.0	-8.710299000000001	-0.30312900000000004	1.6981110000000001	0.06283185307179587	0.038397243543875255	0.054105206811824215	1.0923	-0.2481	-0.1641
1210.0	-8.632800000000001	0.063765	1.525455	0.029670597283903602	0.10995574287564276	0.03665191429188092	1.0924	-0.2473	-0.168
1211.0	-8.541567	0.331578	1.4057730000000002	-0.0	0.17627825445142728	0.03490658503988659	1.0919	-0.2462	-0.1718
1212.0	-8.455239	0.459108	1.2399840000000002	-0.029670597283903602	0.22165681500327983	0.03665191429188092	1.0918	-0.2457	-0.1748
1213.0	-8.332614000000001	0.502272	1.1418840000000001	-0.04014257279586958	0.26878070480712674	0.03665191429188092	1.0917	-0.2462	-0.1774
1214.0	-8.199198	0.45126	1.0388789999999999	-0.04014257279586958	0.30717794835100204	0.04014257279586958	1.0919	-0.2463	-0.1791
1215.0	-8.079516	0.287433	0.926064	-0.015707963267948967	0.3420845333908886	0.0	1.0917	-0.247	-0.1797
1216.0	-8.021637	0.082404	0.817173	0.017453292519943295	0.40317105721069013	-0.020943951023931952	1.0918	-0.2479	-0.1798
1217.0	-7.956891000000001	-0.178542	0.711225	0.08028514559173916	0.4258603374866164	-0.08028514559173916	1.0907	-0.248	-0.1783
1218.0	-7.878411000000001	-0.48559500000000005	0.542493	0.16231562043547265	0.4572762640225143	-0.13264502315156904	1.0911	-0.2488	-0.1757
1219.0	-7.757748	-0.777933	0.396324	0.2879793265790644	0.47647488579445196	-0.16580627893946132	1.0906	-0.2487	-0.1721
1220.0	-7.628256	-1.056537	0.19129500000000002	0.42062434973063345	0.5009094953223726	-0.22514747350726852	1.0905	-0.2482	-0.1687
1221.0	-7.474239000000001	-1.262547	0.036297	0.5358160803622591	0.5881759579220891	-0.27401669256310973	1.0908	-0.2472	-0.164
1222.0	-7.294716000000001	-1.45188	-0.204048	0.6597344572538565	0.6475171524898963	-0.3368485456349056	1.0906	-0.2463	-0.1588
1223.0	-7.118136000000001	-1.606878	-0.41103900000000004	0.7592182246175333	0.6562437987498679	-0.39269908169872414	1.0906	-0.2442	-0.1524
1224.0	-6.998454000000001	-1.6726050000000001	-0.516987	0.8587019919812102	0.5602506898901798	-0.41538836197465046	1.0908	-0.2418	-0.1454
1225.0	-6.9366509999999995	-1.703997	-0.614106	0.9424777960769379	0.4310963252425994	-0.4572762640225143	1.0905	-0.2385	-0.1387
1226.0	-6.953328	-1.72656	-0.6749280000000001	0.9756390518648302	0.3752457891787809	-0.4939281783143953	1.0907	-0.2342	-0.1314
1227.0	-7.074972	-1.7520660000000001	-0.567018	0.9791297103688189	0.26529004630313807	-0.5113814708343386	1.0928	-0.2301	-0.1241
1228.0	-7.293735000000001	-1.7864010000000001	-0.446355	0.8901179185171081	0.143116998663535	-0.5253441048502933	1.0931	-0.2255	-0.1162
1229.0	-7.622370000000001	-1.6677000000000002	-0.21189600000000003	0.8342673824532895	0.1291543646475804	-0.5131268000863328	1.0944	-0.2209	-0.1104
1230.0	-8.012808	-1.535265	-0.011772	0.8587019919812102	0.13788101090755203	-0.47647488579445196	1.0949	-0.2157	-0.1017
1231.0	-8.478783	-1.364571	0.204048	0.8831366015091308	0.23387411976724015	-0.43982297150257105	1.0956	-0.2105	-0.0958
1232.0	-8.988903	-1.271376	0.398286	0.8604473212332044	0.30194196059501904	-0.4241150082346221	1.0977	-0.2043	-0.0902
1233.0	-9.540225000000001	-1.24587	0.406134	0.7208209810736581	0.3769911184307752	-0.4241150082346221	1.0986	-0.1996	-0.0834
1234.0	-10.029744	-1.327293	0.24230700000000002	0.5585053606381855	0.43458698374658805	-0.41364303272265607	1.0998	-0.1939	-0.0725
1235.0	-10.485909	-1.323369	0.008829	0.44505895925855404	0.4852015320544236	-0.4188790204786391	1.1016	-0.1885	-0.0632
1236.0	-10.875366000000001	-1.2213450000000001	-0.10594800000000001	0.3455751918948773	0.5026548245743669	-0.39269908169872414	1.1032	-0.1831	-0.053
1237.0	-11.190267	-1.007487	-0.27958500000000003	0.3368485456349056	0.5201081170943103	-0.36477381366681483	1.1037	-0.1778	-0.0437
1238.0	-11.480642999999999	-0.8622990000000001	-0.363951	0.4468042885105484	0.5672320068981571	-0.29496064358704166	1.1056	-0.1717	-0.0344
1239.0	-11.779848000000001	-0.9201779999999999	-0.557208	0.5794493116621174	0.7068583470577035	-0.2181661564992912	1.1068	-0.1662	-0.0196
1240.0	-12.042756	-1.026126	-0.617049	0.5532693728822025	0.7522369076095561	-0.11693705988362008	1.1083	-0.1611	-0.0108
1241.0	-12.197754000000002	-1.1978010000000001	-0.533664	0.6579891280018623	0.7539822368615504	-0.020943951023931952	1.1096	-0.1563	0.0042
1242.0	-12.204621000000001	-1.290996	-0.187371	0.8761552845011534	0.6422811647339133	0.08552113334772216	1.1096	-0.1523	0.0177
1243.0	-12.086901000000001	-1.31454	0.44537400000000005	1.085594794740473	0.5270894341022875	0.18500490071139894	1.1109	-0.1483	0.0297
1244.0	-11.992725	-1.3783050000000001	1.1772	1.2880529879718152	0.45553093477052004	0.2792526803190927	1.1115	-0.1456	0.0361
1245.0	-11.915225999999999	-1.509759	2.0463660000000004	1.481784534943186	0.3944444109507185	0.39269908169872414	1.112	-0.1439	0.0445
1246.0	-11.829879	-1.778553	2.6742060000000003	1.7435839227423353	0.30019663134302466	0.4869468613064179	1.1129	-0.1429	0.0526
1247.0	-11.691558	-2.036556	3.0989790000000004	1.9058995431778079	0.20420352248333654	0.4921828490624009	1.1131	-0.1424	0.0591
1248.0	-11.408049000000002	-2.125827	3.444291	1.9774580425095754	0.09250245035569947	0.5305800926062761	1.1131	-0.1431	0.0606
1249.0	-10.934226	-2.129751	3.759192	2.0158552860534504	-0.10821041362364843	0.5602506898901798	1.1127	-0.1449	0.0606
1250.0	-10.578123000000001	-2.122884	3.936753	1.9704767255015982	-0.3385938748868999	0.38746309394274114	1.1125	-0.1476	0.0629
1251.0	-10.515339	-2.007126	3.917133	2.1223203704251046	-0.1954768762233649	0.15009831567151233	1.112	-0.1505	0.0609
1252.0	-10.579104000000001	-1.8756720000000002	3.664035	2.3369958684204075	0.12042771838760874	-0.0471238898038469	1.1118	-0.1536	0.062
1253.0	-10.680147	-1.741275	3.304989	2.5673793296836585	0.2234021442552742	-0.18151424220741028	1.1113	-0.1557	0.0588
1254.0	-10.727235	-1.5696	2.9498670000000002	2.7593655474030347	0.12217304763960307	-0.2617993877991494	1.1104	-0.1567	0.0589
1255.0	-10.726253999999999	-1.49112	2.513322	2.892010570554604	0.11519173063162574	-0.2844886680750757	1.1092	-0.1569	0.0574
1256.0	-10.705653	-1.4646329999999999	2.172915	2.975786374650332	0.1291543646475804	-0.28623399732707	1.1078	-0.1559	0.0572
1257.0	-10.681128000000001	-1.601973	1.935513	3.113667385557884	0.1361356816555577	-0.29670597283903605	1.108	-0.154	0.0586
1258.0	-10.705653	-1.7864010000000001	1.740294	3.1922072018976286	0.11519173063162574	-0.3141592653589793	1.1078	-0.1509	0.065
1259.0	-10.813563	-2.022822	1.536246	3.3754667733570334	0.07679448708775051	-0.40317105721069013	1.108	-0.1464	0.0698
1260.0	-10.822392	-2.200383	1.338084	3.544763710800483	0.06632251157578452	-0.5113814708343386	1.1079	-0.1407	0.0756
1261.0	-10.611477	-2.418165	1.211535	3.6843900509600296	0.1064650843716541	-0.6161012259539983	1.1082	-0.133	0.0821
1262.0	-10.337778000000002	-2.6349660000000004	1.143846	3.8048177693476384	0.18675022996339324	-0.6806784082777885	1.1077	-0.1243	0.0871
1263.0	-10.117053000000002	-2.820375	1.01043	3.8903389026953605	0.1710422666954443	-0.7557275661135446	1.107	-0.1145	0.0967
1264.0	-9.956169	-2.92338	0.8338500000000001	3.967133389783111	0.26005405854715513	-0.8290313946973066	1.1076	-0.1044	0.1044
1265.0	-9.823734000000002	-2.939076	0.677871	3.967133389783111	0.26005405854715513	-0.8290313946973066	1.1083	-0.0948	0.1129
1266.0	-9.705033	-2.85471	0.5258160000000001	3.967133389783111	0.26005405854715513	-0.8290313946973066	1.1087	-0.0859	0.1188
1267.0	-9.625572	-2.7036360000000004	0.361008	4.214970143566306	0.44331363000655966	-0.921533845053006	1.1082	-0.0716	0.1266
1268.0	-9.606933	-2.557467	0.167751	4.297000618410039	0.5323254218582705	-0.9302604913129776	1.1073	-0.0571	0.1345
1269.0	-9.607914000000001	-2.378925	0.018639	4.356341812977846	0.5759586531581288	-0.9180431865490174	1.1072	-0.0406	0.1422
1270.0	-9.60399	-2.205288	-0.114777	4.368559117741807	0.6073745796940266	-0.8988445647770797	1.1068	-0.0224	0.1506
1271.0	-9.616743	-1.995354	-0.307053	4.368559117741807	0.6736970912698113	-0.8848819307611251	1.1058	-0.0041	0.1587
1272.0	-9.674622	-1.7098830000000003	-0.44145	4.394739056521722	0.7312929565856241	-0.8744099552491591	1.1051	0.0152	0.1665
1273.0	-9.718767000000001	-1.4165640000000002	-0.488538	4.3825217517577615	0.7312929565856241	-0.8744099552491591	1.1048	0.035	0.1744
1274.0	-9.70209	-1.186029	-0.520911	4.394739056521722	0.7539822368615504	-0.8569566627292158	1.1028	0.0556	0.1825
1275.0	-9.673641	-0.95157	-0.557208	4.420918995301637	0.7941248096574199	-0.8272860654453121	1.1007	0.0786	0.1924
1276.0	-9.639306000000001	-0.704358	-0.579771	4.440117617073574	0.8325220532012952	-0.8011061266653973	1.0983	0.1041	0.2026
1277.0	-9.619686000000002	-0.41202000000000005	-0.5611320000000001	4.39822971502571	0.8656833089891874	-0.7993607974134029	1.0957	0.1249	0.2084
1278.0	-9.598104000000001	-0.144207	-0.544455	4.36157780073383	0.8726646259971648	-0.8098327729253689	1.0937	0.1466	0.2165
1279.0	-9.59418	0.064746	-0.5523030000000001	4.344124508213886	0.8848819307611251	-0.8307767239493009	1.0906	0.168	0.2232
1280.0	-9.567693	0.212877	-0.501291	4.330161874197931	0.9005898940290741	-0.8674286382411819	1.0872	0.1893	0.2265
1281.0	-9.489213000000001	0.231516	-0.413001	4.344124508213886	0.921533845053006	-0.8918632477691024	1.084	0.2111	0.2317
1282.0	-9.400923	0.14715	-0.374742	4.338888520457903	0.9494591130849153	-0.9232791743050003	1.0808	0.2328	0.2353
1283.0	-9.316557	0.007848	-0.3924	4.344124508213886	0.9599310885968813	-0.9407324668249436	1.077	0.2545	0.2391
1284.0	-9.26064	-0.10398600000000001	-0.381609	4.335397861953915	0.9704030641088472	-0.9320058205649719	1.0738	0.2769	0.2403
1285.0	-9.219438	-0.187371	-0.358065	4.323180557189954	0.9791297103688189	-0.9232791743050003	1.0702	0.2992	0.2386
1286.0	-9.185103	-0.301167	-0.37376100000000007	4.317944569433972	0.9878563566287906	-0.8883725892651138	1.0662	0.3214	0.2355
1287.0	-9.141939	-0.42771600000000004	-0.39043800000000006	4.286528642898073	0.9965830028887622	-0.8499753457212386	1.0624	0.3443	0.2349
1288.0	-9.10368	-0.51993	-0.41103900000000004	4.235914094590238	1.0157816246606999	-0.8255407361933178	1.0577	0.3666	0.2333
1289.0	-9.056592	-0.557208	-0.406134	4.167846253762459	1.0000736613927508	-0.773180858633488	1.0528	0.3892	0.2304
1290.0	-9.011466	-0.571923	-0.422811	4.070107815650776	0.9878563566287906	-0.7190756518216638	1.048	0.4112	0.2315
1291.0	-8.996751000000001	-0.524835	-0.42183	3.961897402027128	0.9756390518648302	-0.6562437987498679	1.0427	0.4331	0.23
1292.0	-9.019314	-0.42771600000000004	-0.394362	3.850196329899491	0.9616764178488756	-0.5899212871740833	1.0375	0.4542	0.2265
1293.0	-9.056592	-0.305091	-0.351198	3.717551306747922	0.9512044423369096	-0.5218534463463045	1.032	0.4746	0.2194
1294.0	-9.119376	-0.145188	-0.31293899999999997	3.52731041828054	0.9529497715889039	-0.4520402762665313	1.0265	0.4938	0.2137
1295.0	-9.183141	-0.0049050000000000005	-0.298224	3.337069529813158	0.9250245035569946	-0.3700098014227979	1.021	0.5124	0.2071
1296.0	-9.249849	0.159903	-0.232497	3.139847324337799	0.8883725892651138	-0.30717794835100204	1.0158	0.5309	0.2017
1297.0	-9.307728000000001	0.314901	-0.12360600000000001	2.9286624848464853	0.8412486994612669	-0.2530727415391778	1.01	0.5484	0.1942
1298.0	-9.377379	0.438507	-0.039240000000000004	2.7523842303950574	0.7976154681614086	-0.1954768762233649	1.0052	0.5651	0.1828
1299.0	-9.464688	0.5277780000000001	0.038259	2.614503219487506	0.7819075048934596	-0.143116998663535	1.0005	0.5795	0.1743
1300.0	-9.541206	0.562113	0.141264	2.5534166956677042	0.7382742735936013	-0.1291543646475804	0.997	0.5931	0.1632
1301.0	-9.604971	0.522873	0.21680100000000002	2.4591689160600105	0.7138396640656808	-0.09075712110370514	0.9941	0.6046	0.1512
1302.0	-9.660888	0.42869700000000005	0.26977500000000004	2.3788837704682715	0.6894050545377601	-0.07330382858376185	0.991	0.6155	0.1421
1303.0	-9.742311	0.283509	0.273699	2.2933626371205493	0.6806784082777885	-0.048869219055841226	0.9888	0.6246	0.1351
1304.0	-9.848259	0.10104300000000001	0.277623	2.2060961745208325	0.6510078109938848	-0.041887902047863905	0.9863	0.6339	0.1273
1305.0	-9.977751	-0.067689	0.2943	2.118829711921116	0.6318091892219474	-0.029670597283903602	0.9846	0.6419	0.1205
1306.0	-10.113128999999999	-0.20208600000000002	0.261927	2.0402898955813713	0.6126105674500097	-0.008726646259971648	0.9836	0.6479	0.1133
1307.0	-10.239678000000001	-0.29135700000000003	0.210915	1.9704767255015982	0.6073745796940266	-0.020943951023931952	0.9828	0.6522	0.1074
1308.0	-10.32993	-0.35021700000000006	0.17265600000000003	1.87448361664191	0.5899212871740833	-0.0471238898038469	0.9816	0.6559	0.1025
1309.0	-10.396638000000001	-0.361008	0.129492	1.7924531417981764	0.5515240436302081	-0.0715584993317675	0.981	0.6599	0.0959
1310.0	-10.452555	-0.33354000000000006	0.07161300000000001	1.7174039839624204	0.5183627878423158	-0.12042771838760874	0.9798	0.6636	0.0899
1311.0	-10.487871	-0.287433	0.024525	1.6650441064025905	0.4869468613064179	-0.15184364492350666	0.9786	0.6676	0.0843
1312.0	-10.500624	-0.203067	0.008829	1.6126842288427605	0.4520402762665313	-0.18500490071139894	0.9773	0.6714	0.0781
1313.0	-10.460403000000001	-0.11673900000000001	0.017658	1.5812683023068625	0.4258603374866164	-0.21467549799530256	0.9759	0.6754	0.0717
1314.0	-10.380942000000001	-0.038259	0.034335000000000004	1.5376350710070041	0.39793506945470714	-0.22689280275926285	0.9749	0.6786	0.0659
1315.0	-10.268127	-0.007848	0.045126	1.541125729510993	0.3595378259108319	-0.2234021442552742	0.9734	0.6816	0.0598
1316.0	-10.15335	-0.041202	0.060822	1.541125729510993	0.3543018381548489	-0.20245819323134223	0.9716	0.685	0.0536
1317.0	-10.049364	-0.138321	0.044145	1.556833692778942	0.34732052114687156	-0.16231562043547265	0.9703	0.6891	0.047
1318.0	-9.949302000000001	-0.248193	0.061803000000000004	1.5655603390389137	0.32637657012293964	-0.1361356816555577	0.9684	0.6934	0.0404
1319.0	-9.850221000000001	-0.397305	0.059841000000000005	1.5638150097869192	0.32986722862692824	-0.09599310885968812	0.9672	0.6974	0.0338
1320.0	-9.761931	-0.571923	-0.016677	1.5638150097869192	0.32986722862692824	-0.0645771823237902	0.9656	0.7011	0.0272
1321.0	-9.695223	-0.704358	-0.037278	1.5742869852988852	0.26005405854715513	-0.05061454830783556	0.9643	0.7043	0.0195
1322.0	-9.640287	-0.8642610000000001	-0.08632800000000002	1.5882496193148399	0.2059488517353309	-0.022689280275926284	0.9627	0.7069	0.012
1323.0	-9.607914000000001	-0.974133	-0.079461	1.6179202165987436	0.1413716694115407	0.006981317007977318	0.9619	0.7099	0.0036
1324.0	-9.595161000000001	-1.062423	-0.111834	1.6091935703387719	0.1117010721276371	0.020943951023931952	0.9616	0.7121	-0.0051
1325.0	-9.624591	-1.101663	-0.12360600000000001	1.6580627893946132	0.06981317007977318	0.022689280275926284	0.9612	0.7144	-0.0142
1326.0	-9.680508000000001	-1.1095110000000001	-0.10889100000000002	1.6702800941585734	0.08552113334772216	0.03665191429188092	0.9611	0.716	-0.0237
1327.0	-9.760950000000001	-1.060461	-0.136359	1.663298777150596	0.07679448708775051	0.04363323129985824	0.9606	0.7171	-0.0332
1328.0	-9.860031000000001	-0.927045	-0.180504	1.5969762655748114	0.10471975511965978	0.05585053606381855	0.9608	0.7177	-0.0434
1329.0	-9.956169	-0.7406550000000001	-0.21582	1.5219271077390555	0.0942477796076938	0.05235987755982989	0.9606	0.7181	-0.0537
1330.0	-10.043478	-0.49050000000000005	-0.145188	1.4468779499032993	0.08203047484373349	0.048869219055841226	0.9608	0.7181	-0.0647
1331.0	-10.134711	-0.256041	-0.17265600000000003	1.4049900478554354	0.06283185307179587	0.017453292519943295	0.9608	0.7182	-0.0753
1332.0	-10.238697000000002	-0.021582000000000004	-0.226611	1.3526301702956054	0.06632251157578452	0.012217304763960306	0.9618	0.7181	-0.0864
1333.0	-10.351512	0.10987200000000001	-0.266832	1.3788101090755203	0.05759586531581287	-0.012217304763960306	0.9618	0.7176	-0.0966
1334.0	-10.483947	0.121644	-0.08436600000000001	1.3264502315156905	0.020943951023931952	-0.0645771823237902	0.9619	0.717	-0.1063
1335.0	-10.685052	0.09711900000000001	0.030411	1.2409290981679681	0.07679448708775051	-0.10122909661567112	0.9621	0.7168	-0.1162
1336.0	-10.953846	0.163827	0.04022100000000001	1.171115928088195	0.1308996938995747	-0.12391837689159739	0.9623	0.716	-0.1258
1337.0	-11.210868000000001	0.28056600000000004	0.10692900000000001	1.1868238913561442	0.010471975511965976	-0.158824961931484	0.9621	0.7154	-0.1354
1338.0	-11.363904000000002	0.287433	0.155979	1.0681415022205298	-0.11693705988362008	-0.17976891295541594	0.9617	0.7146	-0.1443
1339.0	-11.427669000000002	0.232497	0.27468000000000004	0.9546951008408983	-0.23911010752322315	-0.1954768762233649	0.9613	0.7144	-0.1536
1340.0	-11.45808	0.120663	0.36591300000000004	0.9075712110370514	-0.2722713633111154	-0.23212879051524585	0.9605	0.7145	-0.1625
1341.0	-11.440422	0.011772	0.523854	0.8517206749732328	-0.22514747350726852	-0.2565634000431664	0.9596	0.7142	-0.1713
1342.0	-11.360961	-0.112815	0.7524270000000001	0.8168140899333461	-0.1832595714594046	-0.26878070480712674	0.9583	0.7147	-0.1797
1343.0	-11.254032	-0.18344700000000003	0.9810000000000001	0.7696902001294994	-0.16755160819145562	-0.29670597283903605	0.9571	0.7155	-0.1885
1344.0	-11.120616	-0.174618	1.0751760000000001	0.7260569688296411	-0.1413716694115407	-0.3560471674068432	0.9545	0.7168	-0.1976
1345.0	-10.894986000000001	-0.17952300000000002	1.2350790000000003	0.6632251157578453	-0.10821041362364843	-0.4223696789826277	0.9521	0.7175	-0.2059
1346.0	-10.579104000000001	-0.28056600000000004	1.474443	0.5619960191421741	-0.13788101090755203	-0.47123889803846897	0.9492	0.7193	-0.2139
1347.0	-10.228887	-0.413001	1.7864010000000001	0.4799655442984406	-0.19198621771937624	-0.47472955654245763	0.9467	0.7213	-0.2223
1348.0	-9.941454000000002	-0.5287590000000001	2.144466	0.4293509959906051	-0.27052603405912107	-0.45553093477052004	0.9441	0.7241	-0.2303
1349.0	-9.743292	-0.616068	2.4691769999999997	0.3595378259108319	-0.33510321638291124	-0.3892084231947355	0.941	0.7265	-0.238
1350.0	-9.641268	-0.6621750000000001	2.7615149999999997	0.3036872898470133	-0.3595378259108319	-0.32114058236695664	0.9383	0.7294	-0.2457
1351.0	-9.621648	-0.7848	3.048948	0.26529004630313807	-0.33510321638291124	-0.2617993877991494	0.9346	0.7326	-0.2531
1352.0	-9.704052	-0.9319500000000001	3.2961600000000004	0.22514747350726852	-0.3089232776029963	-0.20420352248333654	0.931	0.7353	-0.2601
1353.0	-9.832563	-1.076157	3.4207470000000004	0.19896753472735357	-0.2583087292951608	-0.17627825445142728	0.9275	0.7382	-0.267
1354.0	-9.938511	-1.185048	3.5502390000000004	0.19373154697137057	-0.1954768762233649	-0.15009831567151233	0.9248	0.7408	-0.2734
1355.0	-10.025820000000001	-1.3008060000000001	3.6198900000000003	0.20245819323134223	-0.13439035240356337	-0.15533430342749532	0.9223	0.7437	-0.2797
1356.0	-10.063098	-1.4361840000000001	3.754287	0.20769418098732523	-0.06283185307179587	-0.1064650843716541	0.9199	0.7456	-0.2855
1357.0	-10.091547	-1.645137	3.792546	0.2129301687433082	-0.006981317007977318	-0.024434609527920613	0.9172	0.7473	-0.2909
1358.0	-10.144521000000001	-1.8099450000000001	3.809223	0.23911010752322315	0.048869219055841226	0.12391837689159739	0.9153	0.7481	-0.2952
1359.0	-10.201419000000001	-1.963962	3.797451	0.28099800957108706	0.06283185307179587	0.3036872898470133	0.9138	0.7494	-0.299
1360.0	-10.207305	-2.133675	3.788622	0.30194196059501904	0.08028514559173916	0.47298422729046335	0.9127	0.7494	-0.3023
1361.0	-10.177875000000002	-2.183706	3.7258380000000004	0.32986722862692824	0.10471975511965978	0.6213372137099813	0.9131	0.7485	-0.3056
1362.0	-10.083699000000001	-2.1582000000000003	3.643434	0.36826447217080355	0.1361356816555577	0.7190756518216638	0.9136	0.7471	-0.3084
1363.0	-9.948321	-2.071872	3.608118	0.38222710618675815	0.16231562043547265	0.7487462491055673	0.9151	0.7442	-0.3107
1364.0	-9.83943	-1.9433610000000001	3.4560630000000003	0.40491638646268446	0.19024088846738194	0.7801621756414654	0.9166	0.7403	-0.3131
1365.0	-9.685413	-1.7451990000000002	3.341286	0.4415683007545654	0.24958208303518914	0.7400196028455958	0.9194	0.7354	-0.3151
1366.0	-9.524529000000001	-1.541151	3.176478	0.47647488579445196	0.2722713633111154	0.6579891280018623	0.9227	0.7298	-0.3172
1367.0	-9.365607	-1.328274	3.002841	0.5183627878423158	0.30543261909900765	0.5794493116621174	0.9265	0.7237	-0.3188
1368.0	-9.190008	-1.183086	2.817432	0.5340707511102649	0.3455751918948773	0.5323254218582705	0.9304	0.7177	-0.321
1369.0	-9.016371000000001	-1.0663470000000002	2.6487000000000003	0.5497787143782138	0.3490658503988659	0.5148721293383273	0.9345	0.7102	-0.3233
1370.0	-8.829981	-0.9692280000000001	2.4799680000000004	0.5427973973702365	0.3752457891787809	0.5218534463463045	0.9391	0.7026	-0.325
1371.0	-8.621028	-0.885843	2.3612670000000002	0.5253441048502933	0.4014257279586958	0.5131268000863328	0.9438	0.6959	-0.3262
1372.0	-8.418942	-0.801477	2.265129	0.5253441048502933	0.3665191429188092	0.5026548245743669	0.9485	0.6882	-0.3276
1373.0	-8.219799	-0.7426170000000001	2.185668	0.5358160803622591	0.312413936106985	0.5026548245743669	0.9525	0.6812	-0.3289
1374.0	-8.012808	-0.70632	2.151333	0.5270894341022875	0.26354471705114374	0.4852015320544236	0.9567	0.6749	-0.3301
1375.0	-7.871544	-0.6611940000000001	2.159181	0.5218534463463045	0.19373154697137057	0.47123889803846897	0.9603	0.6678	-0.3313
1376.0	-7.795026	-0.566037	2.1758580000000003	0.49567350756638956	0.10821041362364843	0.4276056667386107	0.9638	0.6615	-0.333
1377.0	-7.772463	-0.434583	2.20725	0.4642575810304917	0.015707963267948967	0.38571776469074687	0.967	0.6552	-0.3352
1378.0	-7.8117030000000005	-0.24721200000000002	2.211174	0.42062434973063345	-0.022689280275926284	0.312413936106985	0.9701	0.6488	-0.3374
1379.0	-7.846038	-0.045126	2.206269	0.3944444109507185	-0.024434609527920613	0.24609142453120045	0.9728	0.6432	-0.3393
1380.0	-7.890183	0.17658	2.20725	0.34732052114687156	-0.017453292519943295	0.16057029118347832	0.9753	0.6376	-0.342
1381.0	-7.951005	0.36983699999999997	2.124846	0.2827433388230814	0.013962634015954637	0.08377580409572781	0.9772	0.6322	-0.3444
1382.0	-8.009865	0.538569	2.018898	0.2007128639793479	0.06981317007977318	0.012217304763960306	0.979	0.6275	-0.347
1383.0	-8.099136	0.702396	1.874691	0.11519173063162574	0.16580627893946132	-0.061086523819801536	0.9805	0.6237	-0.35
1384.0	-8.185464000000001	0.8475840000000001	1.6824150000000002	0.06283185307179587	0.23736477827122882	-0.10297442586766545	0.9818	0.621	-0.3521
1385.0	-8.26002	0.929988	1.437165	-0.04363323129985824	0.2617993877991494	-0.1780235837034216	0.983	0.6194	-0.354
1386.0	-8.352234000000001	0.991791	1.241946	-0.1361356816555577	0.2617993877991494	-0.20943951023931956	0.9834	0.6176	-0.3554
1387.0	-8.428752	1.0859670000000001	1.16739	-0.21467549799530256	0.24609142453120045	-0.22514747350726852	0.9842	0.6168	-0.3558
1388.0	-8.506251	1.1654280000000001	1.078119	-0.26703537555513246	0.24609142453120045	-0.2129301687433082	0.9846	0.6166	-0.3557
1389.0	-8.67204	1.19682	0.987867	-0.36826447217080355	0.30717794835100204	-0.20769418098732523	0.985	0.6167	-0.3548
1390.0	-8.886879	1.1477700000000002	0.8956530000000001	-0.3159045946109737	0.5497787143782138	-0.17627825445142728	0.9847	0.6179	-0.3529
1391.0	-9.073269000000002	1.068309	0.825021	-0.25132741228718347	0.6370451769779303	-0.1291543646475804	0.9848	0.6192	-0.3509
1392.0	-9.268488	0.9888480000000001	0.771066	-0.25132741228718347	0.6370451769779303	-0.1291543646475804	0.9847	0.6209	-0.3486
1393.0	-9.536301	0.9466650000000001	0.925083	-0.3944444109507185	0.6073745796940266	0.029670597283903602	0.985	0.6226	-0.3437
1394.0	-9.94734	0.845622	1.0987200000000001	-0.41364303272265607	0.6230825429619757	0.1832595714594046	0.9855	0.6232	-0.3387
1395.0	-10.392714	0.6670800000000001	1.1762190000000001	-0.3944444109507185	0.783652834145454	0.317649923862968	0.9862	0.625	-0.3326
1396.0	-10.860651	0.5375880000000001	1.1458080000000002	-0.29670597283903605	0.8360127117052838	0.3944444109507185	0.9877	0.6262	-0.3256
1397.0	-11.269728	0.429678	1.044765	-0.3385938748868999	0.7330382858376184	0.43458698374658805	0.9892	0.6269	-0.3182
1398.0	-11.547351	0.332559	1.0859670000000001	-0.3665191429188092	0.7243116395776468	0.38746309394274114	0.9914	0.6267	-0.3105
1399.0	-11.593458	0.24525000000000002	1.1948580000000002	-0.3612831551628262	0.7068583470577035	0.3246312408709453	0.9935	0.6262	-0.3025
1400.0	-11.474757	0.22268700000000002	1.3734000000000002	-0.41015237421866746	0.6318091892219474	0.27052603405912107	0.9962	0.6249	-0.2942
1401.0	-11.302101	0.19325699999999998	1.7245980000000003	-0.5166174585903216	0.5515240436302081	0.2303834612632515	0.9987	0.6237	-0.2854
1402.0	-11.116692	0.10006200000000001	2.1572190000000004	-0.5445427266222308	0.4939281783143953	0.24085543677521748	1.0014	0.6224	-0.2759
1403.0	-10.843974	-0.110853	2.459367	-0.4677482395344803	0.4468042885105484	0.317649923862968	1.004	0.6203	-0.2677
1404.0	-10.469232	-0.327654	2.7271800000000006	-0.30717794835100204	0.4258603374866164	0.44331363000655966	1.0069	0.6183	-0.26
1405.0	-10.107243	-0.47774700000000003	3.046005	-0.24783675378319478	0.40840704496667307	0.5026548245743669	1.0095	0.6157	-0.2533
1406.0	-9.823734000000002	-0.617049	3.3540389999999998	-0.2234021442552742	0.36302848441482055	0.5515240436302081	1.0121	0.6129	-0.2468
1407.0	-9.687375000000001	-0.730845	3.58065	-0.2007128639793479	0.30717794835100204	0.4991641660703783	1.015	0.6097	-0.2405
1408.0	-9.654021	-0.8103060000000001	3.6777690000000005	-0.19373154697137057	0.3717551306747922	0.3961897402027128	1.0175	0.6066	-0.2339
1409.0	-9.752121	-0.7975530000000001	3.738591	-0.17976891295541594	0.41015237421866746	0.2792526803190927	1.0201	0.604	-0.2272
1410.0	-9.958131	-0.768123	3.7611540000000003	-0.13264502315156904	0.3839724354387525	0.1361356816555577	1.0226	0.6014	-0.2206
1411.0	-10.23183	-0.737712	3.66894	-0.0890117918517108	0.3909537524467298	0.006981317007977318	1.025	0.5987	-0.214
1412.0	-10.471193999999999	-0.688662	3.537486	-0.07853981633974483	0.4118977034706618	-0.10471975511965978	1.0272	0.5963	-0.2072
1413.0	-10.670337	-0.613125	3.4266330000000003	-0.06632251157578452	0.3944444109507185	-0.1710422666954443	1.0294	0.5945	-0.2004
1414.0	-10.803753	-0.556227	3.318723	-0.05235987755982989	0.33161255787892263	-0.21467549799530256	1.0311	0.5933	-0.1939
1415.0	-10.852803000000002	-0.48559500000000005	3.295179	-0.038397243543875255	0.30019663134302466	-0.23212879051524585	1.0325	0.5924	-0.1862
1416.0	-10.714482	-0.523854	3.273597	-0.013962634015954637	0.2530727415391778	-0.24958208303518914	1.0334	0.5922	-0.1788
1417.0	-10.474137	-0.664137	3.2883120000000003	-0.006981317007977318	0.1954768762233649	-0.22863813201125716	1.0337	0.5929	-0.1715
1418.0	-10.229868	-0.848565	3.306951	0.006981317007977318	0.17278759594743864	-0.22514747350726852	1.034	0.594	-0.1648
1419.0	-9.96696	-1.048689	3.307932	0.03490658503988659	0.16406094968746698	-0.21118483949131386	1.0336	0.5957	-0.1586
1420.0	-9.732501000000001	-1.2429270000000001	3.212775	0.05585053606381855	0.1308996938995747	-0.1954768762233649	1.0334	0.598	-0.1537
1421.0	-9.514719	-1.399887	3.1392	0.07330382858376185	0.11868238913561441	-0.1884955592153876	1.0328	0.6006	-0.1494
1422.0	-9.37836	-1.5127020000000002	2.9616390000000004	0.08028514559173916	0.09075712110370514	-0.19373154697137057	1.0319	0.6031	-0.1464
1423.0	-9.222381	-1.5440940000000003	2.789964	0.08552113334772216	0.11519173063162574	-0.18675022996339324	1.0311	0.6052	-0.1447
1424.0	-9.070326	-1.5293790000000003	2.6330040000000006	0.10821041362364843	0.08028514559173916	-0.17278759594743864	1.0302	0.6073	-0.1437
1425.0	-8.938872	-1.51074	2.430918	0.09599310885968812	0.07679448708775051	-0.1884955592153876	1.029	0.6095	-0.1444
1426.0	-8.828019000000001	-1.4528610000000002	2.293578	0.09250245035569947	0.09948376736367678	-0.20245819323134223	1.0281	0.612	-0.1455
1427.0	-8.703432000000001	-1.385172	2.1582000000000003	0.06632251157578452	0.09075712110370514	-0.22863813201125716	1.0273	0.6139	-0.1477
1428.0	-8.507232	-1.321407	2.041461	0.054105206811824215	0.06981317007977318	-0.2583087292951608	1.0263	0.6162	-0.1511
1429.0	-8.319861	-1.292958	1.886463	0.06632251157578452	0.031415926535897934	-0.24609142453120045	1.0252	0.6186	-0.1554
1430.0	-8.127585	-1.260585	1.812888	0.07679448708775051	-0.019198621771937627	-0.22514747350726852	1.0236	0.6208	-0.1602
1431.0	-7.954929	-1.201725	1.6951680000000002	0.06981317007977318	-0.029670597283903602	-0.1884955592153876	1.0224	0.6227	-0.1658
1432.0	-7.769520000000001	-1.117359	1.649061	0.06632251157578452	-0.0471238898038469	-0.1466076571675237	1.0213	0.6246	-0.1719
1433.0	-7.676325	-1.082043	1.493082	0.0715584993317675	-0.048869219055841226	-0.09250245035569947	1.0201	0.6269	-0.1774
1434.0	-7.609617	-1.031031	1.3312169999999999	0.08203047484373349	-0.017453292519943295	-0.022689280275926284	1.0191	0.6291	-0.1834
1435.0	-7.563510000000001	-0.9908100000000001	1.15758	0.10821041362364843	0.020943951023931952	0.04363323129985824	1.0181	0.6307	-0.1895
1436.0	-7.553700000000001	-0.977076	0.8829	0.14486232791552936	0.03490658503988659	0.11693705988362008	1.0171	0.6327	-0.1953
1437.0	-7.558605	-0.964323	0.5886	0.18500490071139894	0.0645771823237902	0.19722220547535926	1.0166	0.6341	-0.201
1438.0	-7.623351	-0.959418	0.24721200000000002	0.23911010752322315	0.10821041362364843	0.2583087292951608	1.016	0.6347	-0.2061
1439.0	-7.707717	-0.9319500000000001	-0.04316400000000001	0.291469985083053	0.11693705988362008	0.2984513020910304	1.016	0.6343	-0.2108
1440.0	-7.8117030000000005	-0.927045	-0.267813	0.2844886680750757	0.11519173063162574	0.3246312408709453	1.0168	0.6336	-0.2147
1441.0	-7.931385000000001	-0.9476460000000001	-0.377685	0.2059488517353309	0.1413716694115407	0.34732052114687156	1.018	0.6323	-0.2181
1442.0	-8.069706	-0.925083	-0.47284200000000004	0.16406094968746698	0.20245819323134223	0.3385938748868999	1.0188	0.6303	-0.2203
1443.0	-8.221761	-0.8299259999999999	-0.44537400000000005	0.07853981633974483	0.3543018381548489	0.2827433388230814	1.02	0.6277	-0.2224
1444.0	-8.418942	-0.6621750000000001	-0.261927	-0.059341194567807204	0.4310963252425994	0.23911010752322315	1.0212	0.6248	-0.2229
1445.0	-8.631819	-0.499329	-0.087309	-0.20943951023931956	0.43458698374658805	0.1884955592153876	1.0228	0.6215	-0.2224
1446.0	-8.888841000000001	-0.358065	0.001962	-0.32288591161895097	0.43982297150257105	0.13788101090755203	1.0244	0.6189	-0.2216
1447.0	-9.247887	-0.161865	-0.090252	-0.38746309394274114	0.4834562028024293	0.10821041362364843	1.0258	0.616	-0.2198
1448.0	-9.716805	0.051993000000000004	-0.074556	-0.4590215932745087	0.4886921905584123	0.04363323129985824	1.027	0.6137	-0.217
1449.0	-10.24164	0.13734000000000002	0.142245	-0.3595378259108319	0.3787364476827695	-0.038397243543875255	1.0281	0.6121	-0.2135
1450.0	-10.787075999999999	0.206991	0.221706	-0.15009831567151233	0.2775073510670984	-0.13264502315156904	1.0291	0.6105	-0.2101
1451.0	-11.294253000000001	0.21582	0.30312900000000004	0.09948376736367678	0.30019663134302466	-0.22165681500327983	1.029	0.6099	-0.2061
1452.0	-11.776905	0.11673900000000001	0.5277780000000001	0.1780235837034216	0.3752457891787809	-0.3944444109507185	1.0288	0.6093	-0.2026
1453.0	-12.104559	-0.033354	0.7475220000000001	0.2234021442552742	0.4852015320544236	-0.5044001538263612	1.028	0.6103	-0.1988
1454.0	-12.277215000000002	-0.199143	0.769104	0.20943951023931956	0.38048177693476387	-0.5445427266222308	1.027	0.6119	-0.1961
1455.0	-12.356676000000002	-0.253098	0.8338500000000001	0.15358897417550102	0.40840704496667307	-0.5619960191421741	1.0261	0.6151	-0.1904
1456.0	-12.37041	-0.24230700000000002	1.1418840000000001	0.05759586531581287	0.3385938748868999	-0.5532693728822025	1.0247	0.618	-0.1863
1457.0	-12.4587	-0.293319	1.901178	-0.06283185307179587	0.16231562043547265	-0.5742133239061344	1.0229	0.6221	-0.18
1458.0	-12.60585	-0.346293	2.578068	-0.23561944901923448	0.020943951023931952	-0.6632251157578453	1.0203	0.6264	-0.1743
1459.0	-12.78243	-0.153036	2.90376	-0.44505895925855404	-0.2129301687433082	-0.7330382858376184	1.0179	0.6311	-0.1698
1460.0	-12.785373	0.033354	3.238281	-0.40840704496667307	-0.5497787143782138	-0.7522369076095561	1.015	0.6374	-0.1682
1461.0	-12.715722000000001	0.0981	3.574764	-0.27052603405912107	-0.757472895365539	-0.6510078109938848	1.0118	0.6441	-0.1659
1462.0	-12.647052	-0.064746	3.6836550000000003	-0.23387411976724015	-0.6597344572538565	-0.4223696789826277	1.0084	0.6518	-0.1644
1463.0	-12.620565000000001	-0.367875	3.719952	-0.2879793265790644	-0.24609142453120045	-0.2129301687433082	1.0054	0.6589	-0.163
1464.0	-12.551895000000002	-0.714168	3.8131470000000003	-0.26354471705114374	0.04537856055185257	-0.024434609527920613	1.0023	0.6655	-0.1571
1465.0	-12.454776	-1.090872	3.966183	-0.15707963267948966	0.048869219055841226	0.09773843811168245	0.9988	0.671	-0.1563
1466.0	-12.313512000000001	-1.449918	4.001499	-0.07679448708775051	0.024434609527920613	0.16755160819145562	0.9959	0.676	-0.1545
1467.0	-11.955447	-1.721655	3.7778310000000004	0.017453292519943295	0.05061454830783556	0.21118483949131386	0.9941	0.681	-0.1537
1468.0	-11.401182	-1.9600380000000002	3.599289	0.08726646259971647	0.08552113334772216	0.22689280275926285	0.9928	0.6849	-0.1542
1469.0	-10.709577	-2.316141	3.4884360000000005	0.16929693744344995	0.10821041362364843	0.24783675378319478	0.9913	0.688	-0.1554
1470.0	-10.13373	-2.573163	3.437424	0.19373154697137057	0.1117010721276371	0.2565634000431664	0.9907	0.689	-0.1506
1471.0	-9.641268	-2.596707	3.2225850000000005	0.16406094968746698	0.09773843811168245	0.26354471705114374	0.9909	0.6892	-0.1477
1472.0	-9.117414	-2.301426	3.106827	0.1291543646475804	0.11519173063162574	0.2792526803190927	0.9915	0.6888	-0.1473
1473.0	-8.661249	-1.804059	2.99205	0.0942477796076938	0.1413716694115407	0.2984513020910304	0.9919	0.6873	-0.1467
1474.0	-8.31888	-1.2900150000000001	2.8615770000000005	0.06283185307179587	0.1466076571675237	0.2984513020910304	0.9933	0.6858	-0.1519
1475.0	-8.055972	-0.8475840000000001	2.659491	0.048869219055841226	0.14486232791552936	0.28099800957108706	0.9955	0.6839	-0.1549
1476.0	-7.888221000000001	-0.37572300000000003	2.537847	0.024434609527920613	0.13439035240356337	0.2426007660272118	0.9972	0.6817	-0.1568
1477.0	-7.7253750000000005	-0.011772	2.4368040000000004	-0.0	0.16929693744344995	0.19722220547535926	0.9981	0.6788	-0.1642
1478.0	-7.622370000000001	0.28056600000000004	2.2749390000000003	-0.029670597283903602	0.16580627893946132	0.17453292519943295	1.0002	0.6767	-0.1716
1479.0	-7.5752820000000005	0.551322	2.170953	-0.029670597283903602	0.16580627893946132	0.17453292519943295	1.0025	0.6745	-0.1777
1480.0	-7.560567000000001	0.722997	2.072853	-0.08377580409572781	0.22514747350726852	0.14486232791552936	1.0035	0.6732	-0.1839
1481.0	-7.5595859999999995	0.8093250000000001	1.983582	-0.1117010721276371	0.24085543677521748	0.12566370614359174	1.0047	0.6713	-0.1897
1482.0	-7.563510000000001	0.840717	1.9129500000000002	-0.1466076571675237	0.27401669256310973	0.09948376736367678	1.0064	0.6698	-0.1925
1483.0	-7.577244	0.818154	1.800135	-0.16580627893946132	0.32986722862692824	0.061086523819801536	1.0085	0.6685	-0.1953
1484.0	-7.590978000000001	0.759294	1.705959	-0.17278759594743864	0.38222710618675815	0.026179938779914945	1.0097	0.6674	-0.196
1485.0	-7.607655	0.665118	1.602954	-0.17627825445142728	0.39968039870670147	-0.006981317007977318	1.01	0.6666	-0.1966
1486.0	-7.5595859999999995	0.442431	1.4705190000000001	-0.16231562043547265	0.3892084231947355	-0.03665191429188092	1.0103	0.6661	-0.1976
1487.0	-7.535061000000001	0.187371	1.308654	-0.1466076571675237	0.36302848441482055	-0.04537856055185257	1.0114	0.6662	-0.1948
1488.0	-7.483068	-0.070632	1.126188	-0.11693705988362008	0.32114058236695664	-0.05061454830783556	1.0112	0.6667	-0.1903
1489.0	-7.443828000000001	-0.318825	0.8907480000000001	-0.09773843811168245	0.291469985083053	-0.06806784082777885	1.0107	0.6668	-0.1862
1490.0	-7.384968000000001	-0.511101	0.663156	-0.06806784082777885	0.3089232776029963	-0.10297442586766545	1.0107	0.6677	-0.1842
1491.0	-7.33788	-0.6199920000000001	0.44046900000000005	-0.0715584993317675	0.29496064358704166	-0.14835298641951802	1.0111	0.6686	-0.1815
1492.0	-7.296678000000001	-0.670023	0.199143	-0.06806784082777885	0.2844886680750757	-0.21118483949131386	1.0112	0.6696	-0.1781
1493.0	-7.277058	-0.6513840000000001	0.025506	-0.09948376736367678	0.24958208303518914	-0.2932153143350474	1.0103	0.6711	-0.1751
1494.0	-7.349652	-0.5709420000000001	-0.093195	-0.1117010721276371	0.23736477827122882	-0.38222710618675815	1.0086	0.6724	-0.1721
1495.0	-7.536042	-0.397305	-0.155979	-0.12391837689159739	0.291469985083053	-0.45029494701453704	1.0082	0.6745	-0.1693
1496.0	-7.8293610000000005	-0.21385800000000002	-0.0981	-0.09075712110370514	0.3892084231947355	-0.4782202150464463	1.0071	0.677	-0.1664
1497.0	-8.206065	-0.190314	-0.007848	-0.0942477796076938	0.49567350756638956	-0.4904375198104066	1.0047	0.6799	-0.163
1498.0	-8.639667000000001	-0.20012400000000002	0.16677000000000003	-0.013962634015954637	0.6230825429619757	-0.4677482395344803	1.003	0.683	-0.1596
1499.0	-9.026181000000001	-0.21974400000000002	0.296262	0.10995574287564276	0.5899212871740833	-0.4223696789826277	1.0009	0.6865	-0.1558
1500.0	-9.439182	-0.27958500000000003	0.24230700000000002	0.07853981633974483	0.6108652381980153	-0.32288591161895097	0.999	0.6902	-0.1524
1501.0	-9.845316	-0.46401300000000006	0.10889100000000002	0.041887902047863905	0.6614797865058508	-0.2059488517353309	0.9958	0.6944	-0.1474
1502.0	-10.280880000000002	-0.698472	-0.141264	-0.08552113334772216	0.5777039824101231	-0.08377580409572781	0.9932	0.6984	-0.1443
1503.0	-10.693881000000001	-0.9191970000000002	-0.448317	-0.32637657012293964	0.4468042885105484	0.013962634015954637	0.991	0.703	-0.1404
1504.0	-11.054889000000001	-1.053594	-0.72594	-0.6422811647339133	0.3839724354387525	0.0890117918517108	0.989	0.7073	-0.1361
1505.0	-11.364885000000001	-0.9859050000000001	-0.750465	-0.8150687606813519	0.38571776469074687	0.2530727415391778	0.9868	0.7104	-0.1322
1506.0	-11.61504	-0.877995	-0.807363	-0.7853981633974483	0.5480333851262195	0.3909537524467298	0.9858	0.7131	-0.1247
1507.0	-11.872062	-0.704358	-0.8299259999999999	-0.7086036763096978	0.7976154681614086	0.5777039824101231	0.9858	0.7149	-0.118
1508.0	-12.051585	-0.5827140000000001	-0.8573940000000001	-0.8395033702092726	0.8709192967451704	0.7644542123735163	0.9858	0.7157	-0.1114
1509.0	-12.181077	-0.5189490000000001	-0.80442	-0.7487462491055673	0.8412486994612669	0.8866272600131193	0.987	0.7158	-0.101
1510.0	-12.209526	-0.538569	-0.532683	-0.582939970166106	0.7138396640656808	0.9442231253289323	0.988	0.7139	-0.0927
1511.0	-12.059433000000002	-0.576828	-0.17658	-0.3420845333908886	0.6387905062299246	1.0105456369047168	0.9915	0.711	-0.0837
1512.0	-11.793582	-0.705339	0.204048	-0.15707963267948966	0.47472955654245763	0.9983283321407566	0.9944	0.707	-0.0744
1513.0	-11.505168000000001	-0.8672040000000001	0.79461	-0.08552113334772216	0.20245819323134223	0.9075712110370514	0.9985	0.7006	-0.0648
1514.0	-11.278557	-1.034955	1.521531	-0.005235987755982988	-0.11868238913561441	0.8604473212332044	1.0038	0.6938	-0.055
1515.0	-11.164760999999999	-1.414602	1.998297	0.0942477796076938	-0.27576202181510406	0.8290313946973066	1.0091	0.6865	-0.0448
1516.0	-11.177514	-1.8187740000000001	2.335761	0.25481807079117214	-0.3595378259108319	0.767944870877505	1.0138	0.6784	-0.0423
1517.0	-11.188305000000001	-2.036556	2.596707	0.32637657012293964	-0.5480333851262195	0.7190756518216638	1.0188	0.6701	-0.0386
1518.0	-11.017611	-2.133675	2.9106270000000003	0.34732052114687156	-0.7278022980816354	0.778416846389471	1.0235	0.662	-0.0393
1519.0	-10.949922	-2.122884	3.2029650000000003	0.23212879051524585	-0.9756390518648302	0.6370451769779303	1.0279	0.653	-0.0434
1520.0	-11.221658999999999	-1.782477	3.380526	0.17976891295541594	-0.7347836150896128	0.36477381366681483	1.0331	0.6445	-0.0477
1521.0	-11.537541	-1.2527370000000002	3.5286570000000004	0.15358897417550102	-0.1710422666954443	0.1710422666954443	1.0365	0.6362	-0.0517
1522.0	-11.821050000000001	-0.5817330000000001	3.740553	0.1117010721276371	-0.04537856055185257	0.022689280275926284	1.0399	0.6297	-0.0555
1523.0	-12.001554	0.019620000000000002	3.7562490000000004	0.06806784082777885	-0.07679448708775051	-0.08028514559173916	1.0425	0.6245	-0.0588
1524.0	-12.043737	0.482652	3.5590680000000003	-0.022689280275926284	-0.10995574287564276	-0.16755160819145562	1.0441	0.62	-0.0665
1525.0	-11.872062	0.844641	3.304008	-0.12042771838760874	-0.1466076571675237	-0.24085543677521748	1.0451	0.617	-0.0754
1526.0	-11.530674000000001	1.174257	3.111732	-0.1780235837034216	-0.2181661564992912	-0.317649923862968	1.046	0.615	-0.0798
1527.0	-11.086281000000001	1.3655519999999999	2.9253420000000006	-0.18675022996339324	-0.2583087292951608	-0.3700098014227979	1.0463	0.6136	-0.0842
1528.0	-10.828278	1.473462	2.7026550000000005	-0.13788101090755203	-0.2827433388230814	-0.40491638646268446	1.0454	0.6128	-0.0858
1529.0	-10.552617000000001	1.410678	2.4760440000000004	-0.06981317007977318	-0.3036872898470133	-0.41538836197465046	1.0446	0.6144	-0.0881
1530.0	-10.011105	1.027107	2.2955400000000004	-0.029670597283903602	-0.291469985083053	-0.4380776422505767	1.0427	0.6171	-0.0882
1531.0	-9.555921	0.5189490000000001	2.228832	-0.006981317007977318	-0.2827433388230814	-0.44331363000655966	1.0401	0.6212	-0.092
1532.0	-9.199818	-0.070632	2.104245	0.041887902047863905	-0.26703537555513246	-0.45029494701453704	1.038	0.6248	-0.0954
1533.0	-8.971245	-0.636669	1.9914300000000003	0.11693705988362008	-0.23911010752322315	-0.4782202150464463	1.0354	0.629	-0.1001
1534.0	-8.783874	-1.119321	1.913931	0.18675022996339324	-0.1710422666954443	-0.49741883681838395	1.0329	0.6343	-0.1018
1535.0	-8.610237000000001	-1.5127020000000002	1.868805	0.2303834612632515	-0.12217304763960307	-0.4677482395344803	1.0301	0.6397	-0.1028
1536.0	-8.444448000000001	-1.815831	1.7922870000000002	0.2530727415391778	-0.06806784082777885	-0.4677482395344803	1.0269	0.6445	-0.1048
1537.0	-8.281602	-1.9796580000000001	1.7255790000000002	0.2565634000431664	-0.03316125578789226	-0.4380776422505767	1.0241	0.6498	-0.108
1538.0	-8.113851	-2.0561760000000002	1.60884	0.22514747350726852	0.010471975511965976	-0.41015237421866746	1.0217	0.6554	-0.1103
1539.0	-7.950024000000001	-1.9698480000000003	1.5539040000000002	0.19024088846738194	0.059341194567807204	-0.3700098014227979	1.0185	0.6607	-0.1121
1540.0	-7.814646	-1.760895	1.488177	0.16580627893946132	0.12217304763960307	-0.312413936106985	1.0155	0.6651	-0.1139
1541.0	-7.724394	-1.50093	1.3694760000000001	0.13788101090755203	0.16929693744344995	-0.24434609527920614	1.0134	0.6698	-0.1152
1542.0	-7.675344	-1.1801430000000002	1.2674520000000002	0.0890117918517108	0.15533430342749532	-0.1710422666954443	1.0108	0.6742	-0.1157
1543.0	-7.641009	-0.8652420000000001	1.168371	0.038397243543875255	0.09948376736367678	-0.09599310885968812	1.0083	0.6779	-0.1163
1544.0	-7.662591000000001	-0.614106	1.0065060000000001	-0.010471975511965976	0.031415926535897934	-0.010471975511965976	1.0056	0.6803	-0.1165
1545.0	-7.738128	-0.40417200000000003	0.786762	-0.06632251157578452	-0.003490658503988659	0.07504915783575616	1.0035	0.6829	-0.1166
1546.0	-7.815627	-0.22857300000000003	0.5944860000000001	-0.09250245035569947	-0.019198621771937627	0.13788101090755203	1.0025	0.6849	-0.1168
1547.0	-7.8931260000000005	-0.132435	0.379647	-0.12217304763960307	0.010471975511965976	0.20245819323134223	1.0012	0.6865	-0.1167
1548.0	-7.956891000000001	-0.039240000000000004	0.209934	-0.0942477796076938	0.054105206811824215	0.25132741228718347	1.0009	0.6866	-0.1163
1549.0	-7.998093000000001	-0.025506	-0.010791000000000002	-0.061086523819801536	0.15009831567151233	0.2844886680750757	1.0011	0.6863	-0.1159
1550.0	-7.993188	-0.08829	-0.206991	-0.03316125578789226	0.2129301687433082	0.3141592653589793	1.0016	0.6857	-0.115
1551.0	-7.977492000000001	-0.26487	-0.35316	-0.0715584993317675	0.21467549799530256	0.3595378259108319	1.0019	0.6834	-0.1139
1552.0	-7.974549	-0.5366070000000001	-0.35512200000000005	-0.10471975511965978	0.1832595714594046	0.39793506945470714	1.0024	0.6811	-0.1125
1553.0	-8.002998	-0.746541	-0.35414100000000004	-0.15533430342749532	0.1954768762233649	0.4328416544945937	1.0035	0.6786	-0.111
1554.0	-8.066763	-0.8897670000000001	-0.33059700000000003	-0.22165681500327983	0.30543261909900765	0.4590215932745087	1.0052	0.6754	-0.1087
1555.0	-8.162901	-0.9466650000000001	-0.174618	-0.3665191429188092	0.32986722862692824	0.45553093477052004	1.0074	0.6711	-0.106
1556.0	-8.291412	-0.965304	-0.010791000000000002	-0.5427973973702365	0.2426007660272118	0.3839724354387525	1.0092	0.6676	-0.1028
1557.0	-8.491536	-0.9564750000000001	0.04905	-0.6178465552059926	0.24958208303518914	0.2932153143350474	1.0115	0.6632	-0.0988
1558.0	-8.796627	-0.897615	-0.024525	-0.57246799465414	0.2617993877991494	0.18500490071139894	1.0137	0.6589	-0.0944
1559.0	-9.203742	-0.763218	-0.164808	-0.47123889803846897	0.24085543677521748	0.10297442586766545	1.0154	0.6546	-0.09
1560.0	-9.697185000000001	-0.612144	-0.339426	-0.22863813201125716	0.12217304763960307	0.08552113334772216	1.0173	0.6509	-0.0859
1561.0	-10.217115000000002	-0.577809	-0.32373	0.048869219055841226	0.05235987755982989	0.05585053606381855	1.0187	0.6478	-0.082
1562.0	-10.694862	-0.592524	-0.293319	0.18151424220741028	-0.006981317007977318	-0.027925268031909273	1.0205	0.645	-0.0783
1563.0	-11.231469	-0.671985	-0.21189600000000003	0.17278759594743864	0.29496064358704166	-0.1780235837034216	1.0215	0.6431	-0.0742
1564.0	-11.71314	-0.7740090000000001	0.0	-0.03316125578789226	0.4223696789826277	-0.4066617157146788	1.0219	0.6417	-0.07
1565.0	-12.156552000000001	-0.7857810000000001	0.25800300000000004	-0.05585053606381855	0.4642575810304917	-0.57246799465414	1.0214	0.641	-0.0664
1566.0	-12.483225000000001	-0.744579	0.39043800000000006	-0.059341194567807204	0.5166174585903216	-0.6614797865058508	1.0203	0.6412	-0.0624
1567.0	-12.551895000000002	-0.71613	0.5827140000000001	-0.13962634015954636	0.4520402762665313	-0.6719517620178169	1.0182	0.6431	-0.0594
1568.0	-12.368447999999999	-0.7180920000000001	0.781857	-0.21991148575128552	0.25481807079117214	-0.5881759579220891	1.0158	0.6457	-0.0561
1569.0	-12.045699	-0.7092630000000001	1.029069	-0.21118483949131386	0.05235987755982989	-0.4677482395344803	1.0136	0.6491	-0.0532
1570.0	-11.688615	-0.730845	1.535265	-0.1954768762233649	-0.1413716694115407	-0.40840704496667307	1.0107	0.6522	-0.0507
1571.0	-11.389410000000002	-0.632745	1.9767150000000002	-0.24434609527920614	-0.27401669256310973	-0.3665191429188092	1.0079	0.6561	-0.0489
1572.0	-11.258937	-0.39043800000000006	2.331837	-0.3385938748868999	-0.3141592653589793	-0.3595378259108319	1.0045	0.66	-0.0471
1573.0	-11.17359	-0.053955	2.542752	-0.3787364476827695	-0.4241150082346221	-0.3595378259108319	1.0016	0.6636	-0.0465
1574.0	-11.166723000000001	0.260946	2.660472	-0.3385938748868999	-0.4921828490624009	-0.32986722862692824	0.9989	0.6675	-0.0467
1575.0	-11.199096	0.296262	2.692845	-0.2059488517353309	-0.4904375198104066	-0.2617993877991494	0.996	0.6717	-0.0474
1576.0	-11.318778	0.10791	2.779173	-0.04363323129985824	-0.3089232776029963	-0.17976891295541594	0.9935	0.6752	-0.0489
1577.0	-11.542446000000002	-0.20601000000000003	2.9400570000000004	0.04014257279586958	-0.11693705988362008	-0.1117010721276371	0.9918	0.6773	-0.0506
1578.0	-11.818107000000001	-0.620973	3.173535	0.11344640137963143	0.04014257279586958	-0.07330382858376185	0.9894	0.679	-0.053
1579.0	-12.058452	-1.0967580000000001	3.45312	0.21118483949131386	0.09250245035569947	-0.041887902047863905	0.9879	0.6803	-0.0554
1580.0	-12.171267	-1.506816	3.505113	0.27401669256310973	0.11868238913561441	-0.017453292519943295	0.9864	0.6815	-0.0573
1581.0	-12.105540000000001	-1.751085	3.37464	0.32637657012293964	0.08203047484373349	0.017453292519943295	0.9851	0.6823	-0.0593
1582.0	-11.81124	-1.959057	3.169611	0.33510321638291124	0.031415926535897934	0.07504915783575616	0.9843	0.6822	-0.0618
1583.0	-11.323683	-2.166048	3.066606	0.2984513020910304	-0.017453292519943295	0.13788101090755203	0.9832	0.6824	-0.0642
1584.0	-10.72233	-2.298483	2.9361330000000003	0.24434609527920614	-0.059341194567807204	0.21642082724729686	0.9821	0.6818	-0.0667
1585.0	-10.067022	-2.220984	2.7477810000000003	0.16057029118347832	-0.10821041362364843	0.27576202181510406	0.9821	0.6811	-0.0688
1586.0	-9.401904	-1.9276650000000002	2.6487000000000003	0.07330382858376185	-0.10471975511965978	0.33335788713091696	0.9819	0.6792	-0.0713
1587.0	-8.839791	-1.4479560000000002	2.5456950000000003	-0.019198621771937627	-0.10821041362364843	0.35255650890285456	0.9817	0.6776	-0.0734
1588.0	-8.417961	-0.875052	2.444652	-0.09250245035569947	-0.0715584993317675	0.38048177693476387	0.9821	0.6761	-0.076
1589.0	-8.067744000000001	-0.24721200000000002	2.358324	-0.15184364492350666	-0.07679448708775051	0.3612831551628262	0.9826	0.6733	-0.0785
1590.0	-7.793064	0.36002700000000004	2.2612050000000004	-0.21118483949131386	-0.061086523819801536	0.32986722862692824	0.9831	0.6705	-0.0813
1591.0	-7.617465	0.877014	2.185668	-0.25132741228718347	-0.03490658503988659	0.2775073510670984	0.9843	0.6664	-0.0834
1592.0	-7.539966	1.2880530000000001	2.101302	-0.27401669256310973	-0.0017453292519943296	0.2181661564992912	0.9854	0.6635	-0.0849
1593.0	-7.510536	1.555866	2.009088	-0.27052603405912107	0.061086523819801536	0.16231562043547265	0.9862	0.6594	-0.086
1594.0	-7.496802000000001	1.6284600000000002	1.9001970000000001	-0.2775073510670984	0.11519173063162574	0.14486232791552936	0.9876	0.6558	-0.0865
1595.0	-7.509555	1.6117830000000002	1.79523	-0.24609142453120045	0.12042771838760874	0.08203047484373349	0.989	0.6519	-0.0871
1596.0	-7.5370230000000005	1.4508990000000002	1.630422	-0.2181661564992912	0.16580627893946132	0.017453292519943295	0.9896	0.649	-0.0871
1597.0	-7.561548000000001	1.191915	1.446975	-0.20245819323134223	0.22863813201125716	-0.029670597283903602	0.9901	0.6462	-0.0867
1598.0	-7.547814	0.860337	1.292958	-0.15707963267948966	0.2530727415391778	-0.08377580409572781	0.9903	0.6432	-0.0857
1599.0	-7.540947000000001	0.442431	1.101663	-0.0890117918517108	0.26005405854715513	-0.143116998663535	0.9902	0.6412	-0.0845
1600.0	-7.565472000000001	0.011772	0.8809380000000001	-0.027925268031909273	0.20245819323134223	-0.1884955592153876	0.9902	0.6395	-0.0831
1601.0000000000002	-7.586073	-0.3924	0.621954	0.026179938779914945	0.14486232791552936	-0.22165681500327983	0.9895	0.6391	-0.0819
1602.0	-7.584111	-0.726921	0.37866600000000006	0.06283185307179587	0.061086523819801536	-0.2530727415391778	0.9891	0.6391	-0.0807
1603.0	-7.574301	-0.9554940000000001	0.163827	0.07504915783575616	0.03316125578789226	-0.3036872898470133	0.9883	0.6395	-0.0802
1604.0	-7.586073	-1.044765	-0.062784	0.031415926535897934	0.019198621771937627	-0.35255650890285456	0.9871	0.64	-0.0801
1605.0	-7.588035	-1.067328	-0.23347800000000002	-0.015707963267948967	0.012217304763960306	-0.4188790204786391	0.9845	0.6407	-0.0796
1605.9999999999998	-7.6311990000000005	-0.939798	-0.339426	-0.05759586531581287	0.04014257279586958	-0.4642575810304917	0.983	0.6422	-0.0793
1607.0	-7.735185	-0.7004340000000001	-0.36591300000000004	-0.08028514559173916	0.06632251157578452	-0.4834562028024293	0.9811	0.6439	-0.0799
1607.9999999999998	-7.9235370000000005	-0.43556400000000006	-0.31392000000000003	-0.0890117918517108	0.16231562043547265	-0.5148721293383273	0.9794	0.6461	-0.08
1609.0	-8.167806	-0.26388900000000004	-0.167751	-0.029670597283903602	0.291469985083053	-0.5148721293383273	0.9772	0.6487	-0.0802
1610.0000000000002	-8.45622	-0.08436600000000001	0.050031000000000006	-0.008726646259971648	0.3787364476827695	-0.4991641660703783	0.9745	0.6518	-0.0798
1611.0	-8.765235	0.046107	0.17167500000000002	0.10821041362364843	0.40491638646268446	-0.4310963252425994	0.9713	0.6553	-0.0795
1612.0	-9.087984	0.114777	0.164808	0.12566370614359174	0.5375614096142535	-0.3508111796508603	0.9679	0.6585	-0.0784
1613.0	-9.469593000000001	0.046107	-0.005886	0.08203047484373349	0.7243116395776468	-0.23911010752322315	0.9652	0.662	-0.0765
1614.0	-9.91791	-0.163827	-0.21974400000000002	0.020943951023931952	0.7696902001294994	-0.10297442586766545	0.9622	0.665	-0.0739
1614.9999999999998	-10.425087	-0.425754	-0.623916	-0.08203047484373349	0.7103490055616922	-0.03316125578789226	0.9597	0.6683	-0.0714
1616.0	-10.871442000000002	-0.655308	-1.047708	-0.3455751918948773	0.6440264939859076	0.09599310885968812	0.9573	0.6709	-0.0681
1617.0000000000002	-11.312892	-0.764199	-1.0859670000000001	-0.6457718232379019	0.598647933434055	0.16057029118347832	0.955	0.6729	-0.0637
1618.0	-11.6739	-0.8299259999999999	-1.056537	-0.7400196028455958	0.5969026041820608	0.33335788713091696	0.9532	0.6742	-0.0587
1619.0000000000002	-11.970162	-0.850527	-1.072233	-0.6946410422937431	0.6981317007977318	0.5375614096142535	0.9518	0.6742	-0.053
1620.0	-12.213450000000002	-0.9898290000000001	-1.086948	-0.5113814708343386	1.0018189906447452	0.7749261878854823	0.9515	0.6732	-0.0464
1621.0	-12.420441	-1.200744	-0.9800190000000001	-0.6126105674500097	0.9965830028887622	0.9843656981248018	0.9524	0.67	-0.0392
1622.0	-12.475377000000002	-1.554885	-0.713187	-0.4834562028024293	0.9791297103688189	1.1588986233242349	0.9534	0.6656	-0.0316
1623.0	-12.325284	-1.9276650000000002	-0.37081800000000004	-0.1291543646475804	0.7155849933176751	1.2479104151759457	0.9551	0.6596	-0.0239
1623.9999999999998	-11.9682	-2.0905110000000002	0.039240000000000004	0.08028514559173916	0.3961897402027128	1.2007865253720986	0.9576	0.653	-0.0168
1625.0	-11.513997	-2.015955	0.826983	0.18151424220741028	0.04537856055185257	1.0978120995044334	0.9607	0.6447	-0.0105
1626.0000000000002	-11.224602	-1.899216	1.827603	0.26005405854715513	-0.3665191429188092	1.0192722831646885	0.9648	0.6359	-0.0058
1627.0	-11.057832000000001	-1.921779	2.4897780000000003	0.3752457891787809	-0.40491638646268446	0.9389871375729493	0.9689	0.6257	-0.0026
1628.0	-11.082357	-2.0689290000000002	2.858634	0.630063859969953	-0.3455751918948773	0.8569566627292158	0.9732	0.6154	-0.0014
1629.0	-11.045079	-2.183706	3.154896	0.7504915783575618	-0.47298422729046335	0.8011061266653973	0.9777	0.6051	-0.0022
1630.0	-11.008782000000002	-2.172915	3.379545	0.6527531402458793	-0.7190756518216638	0.7487462491055673	0.9822	0.5942	-0.0062
1630.9999999999998	-11.255013	-1.8099450000000001	3.571821	0.47298422729046335	-0.783652834145454	0.3735004599267865	0.9863	0.5848	-0.0117
1632.0	-11.533617	-1.135017	3.694446	0.38571776469074687	-0.20769418098732523	0.12391837689159739	0.9902	0.5759	-0.0188
1632.9999999999998	-11.835765	-0.254079	3.908304	0.30717794835100204	0.054105206811824215	-0.029670597283903602	0.9934	0.5682	-0.0265
1634.0	-12.139875000000002	0.531702	4.085865	0.25481807079117214	0.12042771838760874	-0.1308996938995747	0.9959	0.5618	-0.034
1635.0000000000002	-12.354714000000001	1.025145	4.053492	0.15358897417550102	0.08203047484373349	-0.16231562043547265	0.9981	0.5568	-0.0407
1636.0	-12.375315	1.312578	3.760173	0.09250245035569947	0.019198621771937627	-0.17976891295541594	0.9987	0.5528	-0.0465
1637.0	-12.178134000000002	1.46169	3.367773	-0.054105206811824215	-0.005235987755982988	-0.19198621771937624	0.9999	0.5504	-0.0518
1638.0	-11.771019	1.617669	3.110751	-0.16755160819145562	-0.09773843811168245	-0.16057029118347832	1.0003	0.5492	-0.0562
1639.0	-11.410992	1.749123	2.902779	-0.24085543677521748	-0.19198621771937624	-0.143116998663535	0.9999	0.5485	-0.0594
1639.9999999999998	-11.012706000000001	1.8060210000000003	2.686959	-0.2530727415391778	-0.25132741228718347	-0.1413716694115407	0.9988	0.5493	-0.0609
1641.0	-10.326006	1.542132	2.493702	-0.22165681500327983	-0.2879793265790644	-0.15533430342749532	0.9975	0.5505	-0.0617
1642.0000000000002	-9.720729	1.0987200000000001	2.3730390000000003	-0.16231562043547265	-0.291469985083053	-0.17627825445142728	0.9965	0.5522	-0.0618
1643.0	-9.194913000000001	0.493443	2.2278510000000002	-0.10821041362364843	-0.26354471705114374	-0.20943951023931956	0.9947	0.5546	-0.0616
1644.0000000000002	-8.806437	-0.157941	2.0905110000000002	-0.06283185307179587	-0.23911010752322315	-0.24783675378319478	0.993	0.5561	-0.0614
1645.0	-8.478783	-0.75537	1.950228	-0.027925268031909273	-0.1780235837034216	-0.2426007660272118	0.9914	0.5581	-0.0615
1646.0	-8.197236	-1.263528	1.81485	0.026179938779914945	-0.158824961931484	-0.24085543677521748	0.9904	0.5599	-0.0616
1647.0	-7.972587	-1.642194	1.673586	0.05585053606381855	-0.11344640137963143	-0.22863813201125716	0.9886	0.5616	-0.0618
1648.0	-7.776387	-1.894311	1.543113	0.0715584993317675	-0.029670597283903602	-0.22514747350726852	0.9864	0.5636	-0.0621
1648.9999999999998	-7.581168000000001	-2.035575	1.414602	0.10297442586766545	0.059341194567807204	-0.2129301687433082	0.9851	0.5661	-0.063
1650.0	-7.398702	-2.073834	1.2998250000000002	0.11868238913561441	0.09075712110370514	-0.20420352248333654	0.9844	0.5682	-0.064
1651.0000000000002	-7.237818000000001	-2.006145	1.185048	0.10821041362364843	0.14486232791552936	-0.18500490071139894	0.9829	0.5706	-0.0653
1652.0	-7.095573000000001	-1.852128	1.0643850000000001	0.10122909661567112	0.22863813201125716	-0.16406094968746698	0.9815	0.5726	-0.0669
1653.0	-6.993549	-1.6117830000000002	0.9201779999999999	0.08726646259971647	0.27052603405912107	-0.1308996938995747	0.9803	0.5745	-0.0691
1654.0	-6.9219360000000005	-1.309635	0.781857	0.06632251157578452	0.3036872898470133	-0.07853981633974483	0.9802	0.577	-0.072
1655.0	-6.942537000000001	-1.025145	0.6258779999999999	0.024434609527920613	0.2879793265790644	-0.03490658503988659	0.9794	0.5789	-0.0756
1655.9999999999998	-7.009245000000001	-0.7759710000000001	0.5160060000000001	0.019198621771937627	0.22514747350726852	0.013962634015954637	0.9784	0.5815	-0.0794
1657.0	-7.104402	-0.576828	0.37081800000000004	0.017453292519943295	0.13439035240356337	0.041887902047863905	0.9772	0.5836	-0.0836
1657.9999999999998	-7.223103	-0.436545	0.23347800000000002	0.03316125578789226	0.12391837689159739	0.08028514559173916	0.9764	0.5851	-0.088
1659.0	-7.38693	-0.348255	0.04905	0.04014257279586958	0.11519173063162574	0.12391837689159739	0.9759	0.587	-0.0928
1660.0000000000002	-7.557624000000001	-0.273699	-0.089271	0.06632251157578452	0.10821041362364843	0.16057029118347832	0.9753	0.5886	-0.0976
1661.0	-7.7479379999999995	-0.25506	-0.272718	0.10297442586766545	0.15184364492350666	0.18151424220741028	0.9755	0.5887	-0.103
1662.0	-7.939233000000001	-0.334521	-0.408096	0.10821041362364843	0.18675022996339324	0.19024088846738194	0.9759	0.5887	-0.1082
1663.0	-8.151129000000001	-0.46205100000000005	-0.474804	0.022689280275926284	0.2181661564992912	0.18675022996339324	0.9765	0.589	-0.1137
1664.0	-8.368911	-0.565056	-0.522873	-0.048869219055841226	0.2844886680750757	0.2007128639793479	0.9763	0.5891	-0.1185
1664.9999999999998	-8.567073	-0.589581	-0.571923	-0.1413716694115407	0.3839724354387525	0.2129301687433082	0.977	0.5887	-0.1223
1666.0	-8.787798	-0.5493600000000001	-0.538569	-0.2775073510670984	0.4625122517784973	0.21467549799530256	0.9779	0.5871	-0.126
1667.0000000000002	-9.056592	-0.46695600000000004	-0.436545	-0.45553093477052004	0.4520402762665313	0.19722220547535926	0.9791	0.5861	-0.1282
1668.0	-9.383265000000002	-0.376704	-0.47088	-0.619591884457987	0.41713369122664473	0.15358897417550102	0.981	0.5852	-0.1299
1669.0000000000002	-9.812943	-0.19325699999999998	-0.56898	-0.7016223593017206	0.4066617157146788	0.11693705988362008	0.9823	0.5833	-0.1301
1670.0	-10.32993	0.044145	-0.779895	-0.6579891280018623	0.4014257279586958	0.09599310885968812	0.9832	0.5817	-0.1294
1671.0	-10.816506	0.259965	-0.958437	-0.3944444109507185	0.28099800957108706	0.12740903539558607	0.9841	0.5808	-0.1278
1672.0	-11.240298	0.210915	-0.826002	-0.026179938779914945	0.1710422666954443	0.1710422666954443	0.9846	0.5809	-0.126
1673.0	-11.637603	0.023544	-0.59841	0.07330382858376185	0.020943951023931952	0.07330382858376185	0.9858	0.5803	-0.1234
1673.9999999999998	-12.075129000000002	-0.243288	-0.33746400000000004	0.09075712110370514	0.291469985083053	-0.07330382858376185	0.987	0.5796	-0.1205
1675.0	-12.420441	-0.48461400000000004	0.016677	-0.006981317007977318	0.5044001538263612	-0.31066860685499065	0.9875	0.58	-0.1179
1676.0000000000002	-12.666672	-0.612144	0.39534300000000006	0.04014257279586958	0.3612831551628262	-0.48171087355043496	0.9878	0.5809	-0.1151
1677.0	-12.648033	-0.616068	0.6847380000000001	-0.05061454830783556	0.43458698374658805	-0.6021385919380436	0.988	0.5825	-0.1127
1678.0	-12.422403000000001	-0.443412	0.897615	-0.17278759594743864	0.5619960191421741	-0.6510078109938848	0.9875	0.5844	-0.1104
1679.0	-12.043737	-0.305091	1.114416	-0.3455751918948773	0.5567600313861911	-0.6771877497737998	0.9864	0.5877	-0.1081
1680.0	-11.557161	-0.33746400000000004	1.474443	-0.41015237421866746	0.22689280275926285	-0.6876597252857658	0.9845	0.5923	-0.1066
1680.9999999999998	-11.189286000000001	-0.47774700000000003	2.135637	-0.46600291028248597	-0.2181661564992912	-0.7051130178057091	0.9825	0.5974	-0.1053
1682.0	-11.063718	-0.34335000000000004	2.637909	-0.5148721293383273	-0.4642575810304917	-0.7208209810736581	0.9804	0.6031	-0.1047
1682.9999999999998	-11.157894	0.067689	2.8959120000000005	-0.5864306286700948	-0.5096361415823443	-0.7522369076095561	0.9772	0.6091	-0.1037
1684.0	-11.30112	0.553284	3.032271	-0.6684611035138281	-0.5846852994181004	-0.7208209810736581	0.9731	0.6161	-0.1018
1685.0000000000002	-11.627793	0.771066	3.113694	-0.6422811647339133	-0.7539822368615504	-0.5480333851262195	0.9694	0.6244	-0.1003
1686.0	-11.922093	0.579771	3.0999600000000003	-0.5672320068981571	-0.6161012259539983	-0.36826447217080355	0.9657	0.6323	-0.1002
1687.0	-12.159495000000001	0.12360600000000001	3.120561	-0.44505895925855404	-0.2827433388230814	-0.2181661564992912	0.9616	0.6404	-0.0988
1688.0	-12.355695	-0.545436	3.3020460000000003	-0.3438298626428829	-0.09948376736367678	-0.13439035240356337	0.9581	0.6479	-0.0966
1689.0	-12.481263	-1.241946	3.571821	-0.30543261909900765	-0.031415926535897934	-0.06806784082777885	0.955	0.6542	-0.0975
1689.9999999999998	-12.536199000000002	-1.79523	3.7513440000000005	-0.19722220547535926	0.04014257279586958	-0.031415926535897934	0.9537	0.6598	-0.0948
1691.0	-12.40965	-2.1111120000000003	3.633624	-0.09250245035569947	0.05235987755982989	0.003490658503988659	0.9514	0.6655	-0.0925
1692.0000000000002	-12.049623	-2.311236	3.2892930000000002	-0.020943951023931952	0.006981317007977318	0.04363323129985824	0.9496	0.6693	-0.0923
1693.0	-11.447289000000001	-2.547657	3.018537	-0.017453292519943295	-0.041887902047863905	0.08203047484373349	0.9485	0.6731	-0.0881
1694.0000000000002	-10.687994999999999	-2.745819	2.8164510000000003	-0.06806784082777885	-0.09948376736367678	0.15009831567151233	0.9486	0.6764	-0.0846
1695.0	-9.805095000000001	-2.706579	2.581011	-0.14835298641951802	-0.13788101090755203	0.22689280275926285	0.9485	0.6782	-0.0839
1696.0	-8.996751000000001	-2.384811	2.298483	-0.22165681500327983	-0.1291543646475804	0.291469985083053	0.9487	0.6793	-0.0811
1697.0	-8.381664	-1.897254	2.062062	-0.27052603405912107	-0.09075712110370514	0.3543018381548489	0.9499	0.6793	-0.0817
1698.0	-7.920594	-1.3223880000000001	1.8580140000000003	-0.3193952531149623	-0.08726646259971647	0.38048177693476387	0.9515	0.6792	-0.0808
1698.9999999999998	-7.560567000000001	-0.738693	1.668681	-0.3385938748868999	-0.054105206811824215	0.38048177693476387	0.9533	0.6783	-0.0789
1700.0	-7.31826	-0.182466	1.503873	-0.38222710618675815	-0.029670597283903602	0.3944444109507185	0.9549	0.6776	-0.0814
1701.0000000000002	-7.142661	0.265851	1.3832099999999998	-0.3752457891787809	0.006981317007977318	0.38048177693476387	0.9577	0.6754	-0.0837
1702.0	-7.057314000000001	0.615087	1.248813	-0.38222710618675815	0.05585053606381855	0.3438298626428829	0.9595	0.6742	-0.082
1703.0	-7.000416	0.8338500000000001	1.160523	-0.3735004599267865	0.13439035240356337	0.33335788713091696	0.9617	0.6727	-0.0824
1704.0	-6.9827580000000005	0.915273	1.084986	-0.3752457891787809	0.19198621771937624	0.2932153143350474	0.9636	0.6705	-0.0867
1705.0	-6.980796000000001	0.90252	0.974133	-0.3560471674068432	0.24958208303518914	0.25481807079117214	0.9661	0.6679	-0.0895
1705.9999999999998	-6.956271	0.778914	0.870147	-0.32288591161895097	0.27052603405912107	0.20943951023931956	0.9688	0.6649	-0.0922
1707.0	-6.989625	0.556227	0.7573320000000001	-0.27576202181510406	0.30019663134302466	0.15184364492350666	0.9708	0.6634	-0.0944
1707.9999999999998	-7.032789	0.25800300000000004	0.640593	-0.23212879051524585	0.32986722862692824	0.07853981633974483	0.9725	0.662	-0.0975
1709.0	-7.090668	-0.082404	0.51012	-0.1780235837034216	0.33510321638291124	0.008726646259971648	0.9742	0.6615	-0.1008
1710.0000000000002	-7.125984000000001	-0.442431	0.391419	-0.10471975511965978	0.28623399732707	-0.04014257279586958	0.9756	0.6602	-0.1001
1711.0	-7.144623	-0.769104	0.24230700000000002	-0.022689280275926284	0.2129301687433082	-0.11519173063162574	0.9765	0.6601	-0.0996
1712.0	-7.124022	-1.016316	0.138321	0.017453292519943295	0.16580627893946132	-0.17976891295541594	0.978	0.6599	-0.1008
1713.0	-7.111269	-1.1870100000000001	-0.016677	0.029670597283903602	0.12391837689159739	-0.22863813201125716	0.9793	0.6602	-0.1049
1714.0	-7.099497	-1.239003	-0.138321	0.05235987755982989	0.12042771838760874	-0.30194196059501904	0.9794	0.6607	-0.1055
1714.9999999999998	-7.133832	-1.184067	-0.254079	0.029670597283903602	0.15184364492350666	-0.39968039870670147	0.9797	0.6622	-0.1048
1716.0	-7.2623429999999995	-1.0084680000000001	-0.35316	0.059341194567807204	0.1832595714594046	-0.460766922526503	0.9794	0.6649	-0.1047
1717.0000000000002	-7.498764	-0.746541	-0.377685	0.12042771838760874	0.24085543677521748	-0.5288347633542818	0.9793	0.6673	-0.1036
1718.0	-7.8931260000000005	-0.553284	-0.32667300000000005	0.1413716694115407	0.3420845333908886	-0.5567600313861911	0.9783	0.6706	-0.1034
1719.0000000000002	-8.412075000000002	-0.434583	-0.256041	0.19024088846738194	0.5078908123303499	-0.5166174585903216	0.9768	0.6737	-0.1015
1720.0	-9.007542	-0.347274	-0.113796	0.3141592653589793	0.5427973973702365	-0.4869468613064179	0.9747	0.6779	-0.1023
1721.0	-9.614781	-0.277623	-0.08338500000000001	0.4852015320544236	0.5340707511102649	-0.4258603374866164	0.9727	0.6827	-0.102
1722.0	-10.204362000000001	-0.254079	-0.21778200000000003	0.41538836197465046	0.6178465552059926	-0.31066860685499065	0.9705	0.6876	-0.1009
1723.0	-10.787075999999999	-0.32569200000000004	-0.41202000000000005	0.32812189937493397	0.640535835481919	-0.17627825445142728	0.9683	0.6922	-0.0991
1723.9999999999998	-11.358018	-0.499329	-0.697491	0.20943951023931956	0.6143558967020041	-0.041887902047863905	0.9666	0.6972	-0.0971
1725.0	-11.877948000000002	-0.660213	-0.9937530000000001	-0.048869219055841226	0.5340707511102649	0.05759586531581287	0.964	0.702	-0.0943
1726.0000000000002	-12.266424	-0.7416360000000001	-1.2429270000000001	-0.3839724354387525	0.3909537524467298	0.13439035240356337	0.9624	0.706	-0.0918
1727.0	-12.54699	-0.621954	-1.29492	-0.6806784082777885	0.3612831551628262	0.19024088846738194	0.9606	0.7095	-0.0884
1728.0	-12.671577000000001	-0.293319	-1.26549	-0.8307767239493009	0.30019663134302466	0.32637657012293964	0.9594	0.7122	-0.0847
1729.0	-12.711798000000002	-0.006867000000000001	-1.202706	-0.7330382858376184	0.46600291028248597	0.42062434973063345	0.9586	0.7142	-0.0804
1730.0	-12.669615000000002	0.18540900000000002	-1.175238	-0.7609635538695277	0.6387905062299246	0.5602506898901798	0.959	0.7147	-0.0763
1730.9999999999998	-12.629394000000001	0.27958500000000003	-1.002582	-0.7923794804054256	0.7295476273336297	0.6806784082777885	0.9606	0.7139	-0.0702
1732.0	-12.545028	0.208953	-0.6190110000000001	-0.6283185307179586	0.8429940287132611	0.7976154681614086	0.9618	0.7124	-0.0651
1732.9999999999998	-12.326265	0.05886	-0.173637	-0.40840704496667307	0.8325220532012952	0.8848819307611251	0.9638	0.7101	-0.057
1734.0	-11.944656	-0.167751	0.290376	-0.22165681500327983	0.6614797865058508	0.9005898940290741	0.967	0.7064	-0.0488
1735.0000000000002	-11.507130000000002	-0.429678	0.802458	-0.13439035240356337	0.30717794835100204	0.8691739674931761	0.9711	0.7018	-0.0412
1736.0	-11.168685000000002	-0.697491	1.490139	-0.04363323129985824	-0.10471975511965978	0.8639379797371931	0.9749	0.6968	-0.0348
1737.0	-10.93815	-1.191915	1.965924	0.12042771838760874	-0.26703537555513246	0.8429940287132611	0.98	0.6907	-0.0294
1738.0	-10.834164000000001	-1.8099450000000001	2.223927	0.29496064358704166	-0.4223696789826277	0.7801621756414654	0.9852	0.6836	-0.0248
1739.0	-10.772361000000002	-2.225889	2.3897160000000004	0.3769911184307752	-0.6632251157578453	0.7138396640656808	0.9901	0.6766	-0.0191
1739.9999999999998	-10.636002000000001	-2.4711390000000004	2.5800300000000003	0.3961897402027128	-0.8342673824532895	0.7522369076095561	0.9953	0.6693	-0.0185
1741.0	-10.325025	-2.6143650000000003	2.7624960000000005	0.3455751918948773	-0.9878563566287906	0.7435102613495844	0.9998	0.6622	-0.0199
1742.0000000000002	-10.485909	-2.329875	2.8468620000000002	0.19373154697137057	-1.0349802464326374	0.3909537524467298	1.005	0.6548	-0.0228
1743.0	-10.694862	-1.7922870000000002	2.899836	0.18151424220741028	-0.4642575810304917	0.15184364492350666	1.0097	0.648	-0.0272
1744.0000000000002	-10.956789	-1.091853	3.018537	0.14835298641951802	-0.06632251157578452	-0.010471975511965976	1.0136	0.6423	-0.0324
1745.0	-11.23245	-0.424773	3.11958	0.14835298641951802	-0.020943951023931952	-0.11868238913561441	1.0171	0.637	-0.0384
1746.0	-11.401182	0.059841000000000005	2.9989170000000005	0.09250245035569947	-0.04537856055185257	-0.18675022996339324	1.02	0.633	-0.0452
1747.0	-11.39922	0.447336	2.8115460000000003	0.017453292519943295	-0.08552113334772216	-0.20420352248333654	1.0217	0.63	-0.0521
1748.0	-11.257956	0.7720470000000001	2.694807	-0.04537856055185257	-0.12217304763960307	-0.17627825445142728	1.0236	0.6278	-0.0592
1748.9999999999998	-11.020554	0.934893	2.6339850000000005	-0.0890117918517108	-0.18500490071139894	-0.1466076571675237	1.0254	0.6264	-0.0668
1750.0	-10.851822000000002	0.983943	2.498607	-0.06632251157578452	-0.2234021442552742	-0.12391837689159739	1.0261	0.6262	-0.072
1751.0000000000002	-10.856727000000001	0.997677	2.323989	-0.008726646259971648	-0.23736477827122882	-0.10995574287564276	1.0261	0.6269	-0.0753
1752.0	-10.415277000000001	0.689643	2.181744	0.04363323129985824	-0.24958208303518914	-0.08552113334772216	1.0255	0.6281	-0.0784
1753.0	-10.021896000000002	0.237402	2.0905110000000002	0.09599310885968812	-0.26005405854715513	-0.08203047484373349	1.0251	0.6299	-0.0838
1754.0	-9.70209	-0.26388900000000004	2.0002590000000002	0.13439035240356337	-0.23736477827122882	-0.10297442586766545	1.0243	0.6316	-0.0888
1755.0	-9.400923	-0.7906860000000001	1.886463	0.1780235837034216	-0.19722220547535926	-0.1308996938995747	1.0237	0.6338	-0.0936
1755.9999999999998	-9.147825000000001	-1.2399840000000002	1.760895	0.23212879051524585	-0.13788101090755203	-0.18675022996339324	1.0232	0.636	-0.0941
1757.0	-8.920233	-1.5539040000000002	1.6529850000000001	0.2583087292951608	-0.06632251157578452	-0.2181661564992912	1.0221	0.6383	-0.0961
1757.9999999999998	-8.670078	-1.754028	1.4979870000000002	0.2775073510670984	-0.029670597283903602	-0.22863813201125716	1.0214	0.6407	-0.0985
1759.0	-8.431695000000001	-1.8079830000000001	1.340046	0.30019663134302466	0.0017453292519943296	-0.27052603405912107	1.0202	0.6435	-0.1021
1760.0000000000002	-8.216856	-1.7746290000000002	1.1978010000000001	0.32288591161895097	0.07504915783575616	-0.2844886680750757	1.0189	0.6468	-0.1031
1761.0	-7.973568	-1.6657380000000002	1.084986	0.3368485456349056	0.1413716694115407	-0.291469985083053	1.0173	0.6494	-0.1065
1762.0	-7.739109000000001	-1.50093	0.9859050000000001	0.33335788713091696	0.1710422666954443	-0.2879793265790644	1.0164	0.6527	-0.1075
1763.0	-7.538004	-1.308654	0.8878050000000001	0.312413936106985	0.16580627893946132	-0.27576202181510406	1.0147	0.6558	-0.1084
1764.0	-7.366329	-1.124226	0.7720470000000001	0.2897246558310587	0.2007128639793479	-0.2775073510670984	1.0133	0.6592	-0.109
1764.9999999999998	-7.243704	-0.897615	0.692586	0.2879793265790644	0.19198621771937624	-0.27401669256310973	1.0114	0.6628	-0.1096
1766.0	-7.167186000000001	-0.702396	0.5974290000000001	0.2775073510670984	0.1710422666954443	-0.24085543677521748	1.0094	0.6655	-0.1123
1767.0000000000002	-7.1505090000000004	-0.5523030000000001	0.50031	0.2583087292951608	0.12042771838760874	-0.17976891295541594	1.0082	0.6678	-0.1131
1768.0	-7.198578	-0.408096	0.447336	0.26703537555513246	0.04537856055185257	-0.09773843811168245	1.006	0.6713	-0.1135
1769.0000000000002	-7.2574380000000005	-0.327654	0.358065	0.27401669256310973	-0.003490658503988659	-0.027925268031909273	1.0046	0.6738	-0.1141
1770.0	-7.321203	-0.267813	0.22857300000000003	0.2722713633111154	0.031415926535897934	0.054105206811824215	1.0039	0.6757	-0.1152
1771.0	-7.3996830000000005	-0.220725	0.08436600000000001	0.2844886680750757	0.08726646259971647	0.0942477796076938	1.0039	0.6777	-0.1165
1772.0	-7.480125	-0.180504	-0.120663	0.25481807079117214	0.2059488517353309	0.12740903539558607	1.0038	0.6792	-0.1179
1773.0	-7.552719000000001	-0.141264	-0.344331	0.20245819323134223	0.30019663134302466	0.1780235837034216	1.0041	0.6801	-0.1187
1773.9999999999998	-7.629237	-0.20208600000000002	-0.521892	0.07504915783575616	0.3246312408709453	0.21642082724729686	1.0044	0.6801	-0.1196
1775.0	-7.74009	-0.300186	-0.5944860000000001	-0.11693705988362008	0.26005405854715513	0.26529004630313807	1.0054	0.6798	-0.1192
1776.0000000000002	-7.868601000000001	-0.35904600000000003	-0.663156	-0.17627825445142728	0.31066860685499065	0.2565634000431664	1.006	0.6801	-0.1184
1777.0	-8.017713	-0.394362	-0.6916049999999999	-0.36826447217080355	0.4677482395344803	0.2565634000431664	1.0075	0.6803	-0.1169
1778.0	-8.202141	-0.344331	-0.6258779999999999	-0.62482787221397	0.43982297150257105	0.22514747350726852	1.0093	0.6789	-0.1146
1779.0	-8.464068000000001	-0.25702200000000003	-0.586638	-0.8028514559173916	0.34732052114687156	0.15707963267948966	1.0109	0.6781	-0.112
1780.0	-8.854506	-0.163827	-0.6817950000000002	-0.8063421144213803	0.317649923862968	0.0471238898038469	1.012	0.6766	-0.1077
1780.9999999999998	-9.377379	-0.011772	-0.9201779999999999	-0.7295476273336297	0.3368485456349056	-0.0017453292519943296	1.0134	0.6754	-0.1027
1782.0	-9.982656	0.12753	-0.975114	-0.5445427266222308	0.22863813201125716	-0.008726646259971648	1.0149	0.6743	-0.0976
1782.9999999999998	-10.560465	0.10692900000000001	-0.693567	-0.39793506945470714	0.08203047484373349	-0.029670597283903602	1.0165	0.6735	-0.0927
1784.0	-11.090205000000001	0.096138	-0.45126	-0.05585053606381855	0.0471238898038469	-0.0715584993317675	1.0171	0.6737	-0.0876
1785.0000000000002	-11.607192000000001	-0.010791000000000002	-0.21778200000000003	-0.006981317007977318	0.26354471705114374	-0.2303834612632515	1.0176	0.674	-0.0828
1786.0	-12.060414000000002	-0.13734000000000002	0.12262500000000001	-0.012217304763960306	0.38746309394274114	-0.49741883681838395	1.0182	0.6743	-0.0775
1787.0	-12.402783000000001	-0.21974400000000002	0.33059700000000003	-0.04014257279586958	0.38222710618675815	-0.6806784082777885	1.0174	0.6765	-0.0732
1788.0	-12.522465	-0.36591300000000004	0.448317	-0.1361356816555577	0.4310963252425994	-0.7539822368615504	1.016	0.6794	-0.069
1789.0	-12.383163	-0.475785	0.458127	-0.17278759594743864	0.42062434973063345	-0.7504915783575618	1.0145	0.683	-0.0644
1789.9999999999998	-12.097692000000002	-0.589581	0.640593	-0.15707963267948966	0.27052603405912107	-0.7051130178057091	1.012	0.6879	-0.0613
1791.0	-11.772981	-0.8652420000000001	1.231155	-0.17627825445142728	-0.08028514559173916	-0.7016223593017206	1.009	0.6935	-0.0586
1792.0000000000002	-11.570895	-1.1281500000000002	1.8482040000000002	-0.20769418098732523	-0.30543261909900765	-0.7400196028455958	1.0055	0.6998	-0.0562
1793.0	-11.616021	-1.0663470000000002	2.176839	-0.32986722862692824	-0.17976891295541594	-0.7714355293814937	1.0013	0.7066	-0.0546
1794.0000000000002	-11.823012	-0.763218	2.426994	-0.4223696789826277	-0.3141592653589793	-0.747000919853573	0.9969	0.713	-0.0537
1795.0	-11.967219	-0.437526	2.622213	-0.3490658503988659	-0.6754424205218056	-0.6440264939859076	0.9924	0.7208	-0.0536
1796.0	-12.208545	-0.27468000000000004	2.710503	-0.2181661564992912	-0.6928957130417489	-0.460766922526503	0.9877	0.7287	-0.0545
1797.0	-12.430251	-0.38651399999999997	2.859615	-0.13439035240356337	-0.24434609527920614	-0.26354471705114374	0.9831	0.7361	-0.0555
1798.0	-12.620565000000001	-0.641574	2.981259	-0.038397243543875255	-0.027925268031909273	-0.11519173063162574	0.9786	0.7429	-0.057
1798.9999999999998	-12.805973999999999	-1.01043	3.245148	0.005235987755982988	-0.003490658503988659	0.0017453292519943296	0.9747	0.7492	-0.0588
1800.0	-12.911922	-1.3675140000000001	3.4933410000000005	0.08028514559173916	0.008726646259971648	0.0890117918517108	0.9722	0.7543	-0.0609
1801.0000000000002	-12.875625000000001	-1.609821	3.4697970000000002	0.19024088846738194	0.013962634015954637	0.1413716694115407	0.9699	0.759	-0.0627
1802.0	-12.598002000000001	-1.810926	3.245148	0.26529004630313807	-0.0017453292519943296	0.16755160819145562	0.9677	0.7623	-0.0652
1803.0	-12.067281	-2.067948	2.997936	0.2792526803190927	-0.05235987755982989	0.19024088846738194	0.9662	0.7643	-0.0672
1804.0	-11.396277	-2.372058	2.820375	0.26354471705114374	-0.09599310885968812	0.20420352248333654	0.9656	0.766	-0.0692
1805.0	-10.719387000000001	-2.523132	2.56041	0.21467549799530256	-0.10471975511965978	0.27401669256310973	0.9649	0.7665	-0.0709
1805.9999999999998	-9.951264	-2.465253	2.328894	0.15533430342749532	-0.15184364492350666	0.32114058236695664	0.9648	0.7656	-0.0734
1807.0	-9.229248	-2.149371	2.143485	0.0890117918517108	-0.12391837689159739	0.3490658503988659	0.9658	0.7642	-0.0754
1807.9999999999998	-8.71128	-1.670643	1.948266	0.029670597283903602	-0.09948376736367678	0.3543018381548489	0.9673	0.7625	-0.0779
1809.0	-8.329671	-1.099701	1.79523	-0.026179938779914945	-0.06981317007977318	0.3612831551628262	0.9685	0.7603	-0.0805
1810.0000000000002	-8.01477	-0.48559500000000005	1.681434	-0.07330382858376185	-0.05585053606381855	0.38048177693476387	0.9698	0.7583	-0.0826
1811.0	-7.744995	0.08142300000000001	1.5646950000000002	-0.1117010721276371	-0.019198621771937627	0.3909537524467298	0.9714	0.7555	-0.0847
1812.0	-7.551738000000001	0.5611320000000001	1.484253	-0.13788101090755203	0.003490658503988659	0.3769911184307752	0.9729	0.7523	-0.0863
1813.0	-7.429113	0.917235	1.4401080000000002	-0.16929693744344995	0.06632251157578452	0.3612831551628262	0.9745	0.7492	-0.0874
1814.0	-7.335918	1.106568	1.3675140000000001	-0.17976891295541594	0.0942477796076938	0.35255650890285456	0.9763	0.7458	-0.0879
1814.9999999999998	-7.263324	1.1762190000000001	1.323369	-0.16057029118347832	0.12217304763960307	0.3246312408709453	0.9784	0.7422	-0.0882
1816.0	-7.226046000000001	1.139922	1.233117	-0.1291543646475804	0.17453292519943295	0.30194196059501904	0.9812	0.7393	-0.0874
1817.0000000000002	-7.222122	1.026126	1.106568	-0.08203047484373349	0.22863813201125716	0.2530727415391778	0.983	0.7363	-0.0863
1818.0	-7.217217000000001	0.840717	1.004544	-0.029670597283903602	0.26354471705114374	0.20943951023931956	0.9851	0.7329	-0.0852
1819.0000000000002	-7.2446850000000005	0.575847	0.881919	0.027925268031909273	0.26703537555513246	0.16929693744344995	0.9871	0.7297	-0.0834
1820.0	-7.2750960000000005	0.22268700000000002	0.727902	0.09250245035569947	0.23736477827122882	0.12391837689159739	0.9888	0.7263	-0.0819
1821.0	-7.312374	-0.132435	0.5846760000000001	0.14835298641951802	0.17976891295541594	0.07330382858376185	0.9897	0.7235	-0.0806
1822.0	-7.330032	-0.422811	0.429678	0.18500490071139894	0.15009831567151233	-0.0017453292519943296	0.9907	0.7212	-0.0791
1823.0	-7.316298000000001	-0.654327	0.258984	0.20420352248333654	0.1832595714594046	-0.07679448708775051	0.9922	0.7198	-0.0779
1823.9999999999998	-7.335918	-0.7563510000000001	0.10104300000000001	0.158824961931484	0.24609142453120045	-0.17976891295541594	0.993	0.7191	-0.0769
1825.0	-7.385949	-0.737712	-0.06572700000000001	0.1308996938995747	0.24958208303518914	-0.24085543677521748	0.9937	0.7179	-0.0764
1826.0000000000002	-7.448733	-0.629802	-0.26388900000000004	0.059341194567807204	0.23911010752322315	-0.35255650890285456	0.9931	0.7179	-0.0761
1827.0	-7.560567000000001	-0.454203	-0.37179900000000005	0.005235987755982988	0.19896753472735357	-0.4642575810304917	0.9927	0.718	-0.0762
1828.0	-7.80876	-0.258984	-0.34531200000000006	0.005235987755982988	0.158824961931484	-0.582939970166106	0.9917	0.7196	-0.0755
1829.0	-8.150148	-0.125568	-0.2943	0.008726646259971648	0.16057029118347832	-0.6771877497737998	0.9902	0.7218	-0.0757
1830.0	-8.644572	0.062784	-0.21582	-0.020943951023931952	0.19722220547535926	-0.6946410422937431	0.9877	0.7251	-0.0747
1830.9999999999998	-9.212571	0.16873200000000002	-0.11673900000000001	0.15009831567151233	0.40491638646268446	-0.6056292504420324	0.9852	0.7281	-0.0734
1832.0	-9.762912	0.141264	-0.120663	0.3735004599267865	0.5305800926062761	-0.4991641660703783	0.9832	0.733	-0.0723
1832.9999999999998	-10.230849	0.021582000000000004	-0.31392000000000003	0.38048177693476387	0.6789330790257941	-0.3141592653589793	0.9795	0.7377	-0.0706
1834.0	-10.656603	-0.139302	-0.56898	0.34033920413889424	0.6911503837897546	-0.11868238913561441	0.9767	0.7424	-0.0687
1835.0000000000002	-11.03625	-0.39926700000000004	-0.8799570000000001	0.2844886680750757	0.6492624817418906	0.05759586531581287	0.9739	0.7476	-0.0658
1836.0	-11.420802	-0.6062580000000001	-0.9849240000000001	0.06283185307179587	0.5550147021341968	0.16057029118347832	0.9715	0.7519	-0.0627
1837.0	-11.745513	-0.6867000000000001	-0.9123300000000001	-0.2530727415391778	0.38222710618675815	0.2827433388230814	0.9697	0.7553	-0.0595
1838.0	-11.982915	-0.668061	-0.925083	-0.4468042885105484	0.2792526803190927	0.38048177693476387	0.968	0.7582	-0.0559
1839.0	-12.189906	-0.563094	-0.828945	-0.41538836197465046	0.5270894341022875	0.4625122517784973	0.9672	0.7596	-0.0513
1839.9999999999998	-12.281139000000001	-0.5483790000000001	-0.713187	-0.47298422729046335	0.6440264939859076	0.5916666164260777	0.9669	0.7591	-0.0464
1841.0	-12.278196000000001	-0.5287590000000001	-0.566037	-0.47298422729046335	0.7417649320975901	0.6649704450098396	0.9688	0.7584	-0.0408
1842.0000000000002	-12.146742	-0.567018	-0.332559	-0.31066860685499065	0.8080874436733745	0.767944870877505	0.9701	0.7558	-0.0343
1843.0	-11.94858	-0.6817950000000002	-0.055917	-0.12740903539558607	0.7539822368615504	0.8307767239493009	0.9732	0.7522	-0.0278
1844.0000000000002	-11.635641	-0.7897050000000001	0.32569200000000004	-0.11693705988362008	0.4904375198104066	0.8412486994612669	0.9759	0.7476	-0.0214
1845.0	-11.309949000000001	-0.727902	0.940779	-0.10821041362364843	0.11344640137963143	0.8237954069413236	0.979	0.7417	-0.0157
1846.0	-11.074509	-0.679833	1.6137450000000002	-0.12042771838760874	-0.2303834612632515	0.8342673824532895	0.9833	0.7349	-0.0104
1847.0	-10.999953	-0.825021	2.125827	-0.16057029118347832	-0.29670597283903605	0.8517206749732328	0.9875	0.7277	-0.0057
1848.0	-11.062737	-1.1477700000000002	2.528037	-0.012217304763960306	-0.3368485456349056	0.8464846872172498	0.9918	0.7195	-0.0024
1848.9999999999998	-11.137293	-1.4646329999999999	2.694807	0.19722220547535926	-0.46600291028248597	0.8080874436733745	0.9966	0.7117	-0.0009
1850.0	-10.916568	-1.74618	2.8674630000000003	0.2897246558310587	-0.609119908946021	0.778416846389471	1.002	0.704	-0.0018
1851.0000000000002	-10.867517999999999	-1.827603	2.9312280000000004	0.23212879051524585	-0.7260569688296411	0.8325220532012952	1.0066	0.6956	-0.0046
1852.0	-11.215773	-1.473462	3.0411	0.05061454830783556	-0.8918632477691024	0.45553093477052004	1.0114	0.6872	-0.009
1853.0	-11.538522	-0.925083	3.240243	0.07330382858376185	-0.32114058236695664	0.2129301687433082	1.0149	0.6793	-0.0142
1854.0	-11.864214	-0.391419	3.4521390000000003	0.10821041362364843	-0.10471975511965978	0.059341194567807204	1.019	0.6717	-0.0197
1855.0	-12.165381	-0.024525	3.470778	0.10471975511965978	-0.13788101090755203	-0.027925268031909273	1.0222	0.6655	-0.0256
1855.9999999999998	-12.252690000000001	0.181485	3.2961600000000004	0.05235987755982989	-0.15707963267948966	-0.08203047484373349	1.0235	0.6605	-0.0314
1857.0	-12.181077	0.406134	3.0263850000000003	0.05235987755982989	-0.15707963267948966	-0.08203047484373349	1.0244	0.6563	-0.0367
1857.9999999999998	-11.820069000000002	0.589581	2.819394	-0.143116998663535	-0.1832595714594046	-0.08028514559173916	1.0258	0.6531	-0.0423
1859.0	-11.362923000000002	0.7475220000000001	2.7222750000000002	-0.19896753472735357	-0.19722220547535926	-0.08203047484373349	1.0264	0.6501	-0.0471
1860.0000000000002	-11.152989000000002	0.877014	2.5456950000000003	-0.19024088846738194	-0.20420352248333654	-0.08028514559173916	1.0262	0.6484	-0.0511
1861.0	-10.743912	0.860337	2.424051	-0.1466076571675237	-0.23736477827122882	-0.08552113334772216	1.0255	0.6478	-0.054
1862.0	-10.095471	0.5375880000000001	2.297502	-0.08203047484373349	-0.27052603405912107	-0.11344640137963143	1.024	0.6479	-0.057
1863.0	-9.614781	0.114777	2.195478	-0.012217304763960306	-0.24609142453120045	-0.15533430342749532	1.0237	0.6485	-0.0596
1864.0	-9.208647000000001	-0.335502	2.088549	0.029670597283903602	-0.2007128639793479	-0.1954768762233649	1.0221	0.6495	-0.0617
1864.9999999999998	-8.839791	-0.750465	2.00124	0.08203047484373349	-0.20943951023931956	-0.1954768762233649	1.0209	0.6507	-0.0634
1866.0	-8.546472	-1.0791000000000002	1.8903870000000003	0.11693705988362008	-0.16231562043547265	-0.22165681500327983	1.0205	0.6517	-0.0649
1867.0000000000002	-8.204103000000002	-1.360647	1.7962110000000002	0.1291543646475804	-0.10821041362364843	-0.22514747350726852	1.02	0.6536	-0.0667
1868.0	-7.9794540000000005	-1.509759	1.679472	0.158824961931484	-0.09599310885968812	-0.22165681500327983	1.0188	0.6549	-0.0672
1869.0000000000002	-7.771482000000001	-1.622574	1.536246	0.16406094968746698	-0.0645771823237902	-0.2059488517353309	1.0174	0.6571	-0.0679
1870.0	-7.601769000000001	-1.6480800000000002	1.4234310000000001	0.17278759594743864	0.010471975511965976	-0.19722220547535926	1.016	0.6592	-0.0671
1871.0	-7.478163	-1.6166880000000001	1.303749	0.17278759594743864	0.04363323129985824	-0.19896753472735357	1.0145	0.6608	-0.0669
1872.0	-7.327089000000001	-1.4970060000000003	1.191915	0.17627825445142728	0.08726646259971647	-0.1832595714594046	1.0134	0.6628	-0.0656
1873.0	-7.204464000000001	-1.31454	1.0859670000000001	0.17453292519943295	0.12391837689159739	-0.14835298641951802	1.0117	0.6648	-0.0636
1873.9999999999998	-7.1250029999999995	-1.101663	0.9378360000000001	0.15707963267948966	0.18500490071139894	-0.11344640137963143	1.0105	0.6668	-0.0616
1875.0	-7.081839	-0.9005580000000001	0.7906860000000001	0.13439035240356337	0.20245819323134223	-0.08377580409572781	1.0096	0.6685	-0.0589
1876.0000000000002	-7.067124000000001	-0.724959	0.663156	0.09773843811168245	0.1884955592153876	-0.041887902047863905	1.0081	0.6705	-0.0564
1877.0	-7.135794000000001	-0.602334	0.47088	0.06632251157578452	0.13788101090755203	0.026179938779914945	1.0072	0.6714	-0.0539
1878.0	-7.2319320000000005	-0.49540500000000004	0.281547	0.048869219055841226	0.0942477796076938	0.08552113334772216	1.006	0.6723	-0.0519
1879.0	-7.346709000000001	-0.419868	0.12753	0.05585053606381855	0.06981317007977318	0.1308996938995747	1.0053	0.6731	-0.0501
1880.0	-7.473258	-0.376704	-0.056898	0.09075712110370514	0.03665191429188092	0.17453292519943295	1.0051	0.673	-0.0499
1880.9999999999998	-7.653762	-0.336483	-0.21778200000000003	0.16580627893946132	0.05585053606381855	0.22863813201125716	1.0049	0.673	-0.0497
1882.0	-7.856829	-0.37179900000000005	-0.41103900000000004	0.24434609527920614	0.07330382858376185	0.26878070480712674	1.0044	0.6727	-0.0506
1882.9999999999998	-8.038314	-0.49050000000000005	-0.556227	0.2792526803190927	0.06806784082777885	0.2879793265790644	1.0051	0.6718	-0.0529
1884.0	-8.238438	-0.635688	-0.546417	0.22514747350726852	0.07504915783575616	0.317649923862968	1.0052	0.6703	-0.0563
1885.0000000000002	-8.439543	-0.761256	-0.56898	0.16755160819145562	0.1308996938995747	0.3246312408709453	1.0056	0.6683	-0.0608
1886.0	-8.650458	-0.8387550000000001	-0.551322	0.13788101090755203	0.30717794835100204	0.2827433388230814	1.0066	0.6657	-0.0656
1887.0	-8.902575	-0.811287	-0.455184	-0.1064650843716541	0.47298422729046335	0.2181661564992912	1.0075	0.6627	-0.0706
1888.0	-9.145863	-0.70632	-0.2943	-0.22689280275926285	0.5480333851262195	0.19024088846738194	1.0091	0.66	-0.0752
1889.0	-9.445068000000001	-0.562113	-0.27958500000000003	-0.3944444109507185	0.5183627878423158	0.11344640137963143	1.0097	0.6569	-0.0794
1889.9999999999998	-9.846297000000002	-0.368856	-0.36591300000000004	-0.4991641660703783	0.45553093477052004	0.012217304763960306	1.0109	0.6544	-0.083
1891.0	-10.278918	-0.094176	-0.523854	-0.5567600313861911	0.4799655442984406	-0.07504915783575616	1.0119	0.6528	-0.0859
1892.0000000000002	-10.746855	0.167751	-0.621954	-0.5305800926062761	0.47298422729046335	-0.08552113334772216	1.0132	0.6508	-0.0877
1893.0	-11.110806	0.267813	-0.43556400000000006	-0.26529004630313807	0.32637657012293964	-0.038397243543875255	1.0131	0.6498	-0.0887
1894.0000000000002	-11.436498	0.25702200000000003	-0.448317	0.0017453292519943296	0.11868238913561441	-0.03665191429188092	1.0132	0.6484	-0.0888
1895.0	-11.788677	0.12360600000000001	-0.331578	0.09948376736367678	0.23561944901923448	-0.10995574287564276	1.0137	0.6485	-0.0883
1896.0	-12.131046	0.020601	-0.069651	0.05585053606381855	0.4293509959906051	-0.2583087292951608	1.013	0.6487	-0.0877
1897.0	-12.345885	-0.10791	0.187371	0.16406094968746698	0.3508111796508603	-0.41538836197465046	1.0125	0.65	-0.0858
1898.0	-12.399840000000001	-0.25702200000000003	0.352179	0.09773843811168245	0.38746309394274114	-0.5235987755982988	1.0113	0.6512	-0.0841
1898.9999999999998	-12.237975	-0.29135700000000003	0.616068	-0.08726646259971647	0.4537856055185257	-0.6143558967020041	1.0102	0.6532	-0.082
1900.0	-11.913264	-0.206991	0.87309	-0.20943951023931956	0.40491638646268446	-0.619591884457987	1.0074	0.6566	-0.0795
1901.0000000000002	-11.49732	-0.259965	1.261566	-0.25132741228718347	0.21118483949131386	-0.6143558967020041	1.0043	0.6595	-0.0773
1902.0	-11.142198	-0.42183	1.83447	-0.3543018381548489	-0.07330382858376185	-0.6422811647339133	1.0013	0.6628	-0.0753
1903.0	-11.072547	-0.34335000000000004	2.247471	-0.4310963252425994	-0.1884955592153876	-0.6771877497737998	0.9979	0.6668	-0.0733
1904.0	-11.210868000000001	-0.020601	2.612403	-0.5480333851262195	-0.21467549799530256	-0.7278022980816354	0.9943	0.6724	-0.0719
1905.0	-11.392353	0.43556400000000006	2.81547	-0.635299847725936	-0.38222710618675815	-0.7365289443416071	0.9893	0.678	-0.0713
1905.9999999999998	-11.527731000000001	0.692586	2.9322090000000003	-0.5602506898901798	-0.6073745796940266	-0.630063859969953	0.9846	0.6842	-0.0707
1907.0	-11.69352	0.702396	3.028347	-0.45029494701453704	-0.598647933434055	-0.4485496177625427	0.9786	0.6902	-0.0714
1907.9999999999998	-11.899530000000002	0.487557	3.14901	-0.3961897402027128	-0.2844886680750757	-0.2583087292951608	0.9731	0.6971	-0.0722
1909.0	-12.104559	0.064746	3.2677110000000003	-0.3717551306747922	-0.05061454830783556	-0.17627825445142728	0.9681	0.7033	-0.0734
1910.0000000000002	-12.224241000000001	-0.521892	3.52179	-0.32114058236695664	0.003490658503988659	-0.04363323129985824	0.9637	0.7086	-0.0747
1911.0	-12.263481	-1.041822	3.6924840000000003	-0.2583087292951608	-0.006981317007977318	0.04014257279586958	0.9599	0.7135	-0.0754
1912.0	-12.128103	-1.3537800000000002	3.638529	-0.16231562043547265	-0.026179938779914945	0.08203047484373349	0.9564	0.7179	-0.0747
1913.0	-11.793582	-1.645137	3.3844499999999997	-0.04537856055185257	-0.015707963267948967	0.11519173063162574	0.9533	0.7207	-0.0739
1914.0	-11.250108	-2.007126	3.1902120000000003	-0.0	-0.03665191429188092	0.13788101090755203	0.9507	0.723	-0.0744
1914.9999999999998	-10.603629	-2.32497	3.07053	-0.008726646259971648	-0.0645771823237902	0.17453292519943295	0.9498	0.7244	-0.0748
1916.0	-9.958131	-2.426013	2.829204	-0.041887902047863905	-0.1308996938995747	0.20769418098732523	0.9493	0.7245	-0.0756
1917.0000000000002	-9.317538	-2.2955400000000004	2.5643340000000006	-0.07504915783575616	-0.15358897417550102	0.24783675378319478	0.9498	0.7249	-0.0741
1918.0	-8.754444	-1.935513	2.348514	-0.1308996938995747	-0.15184364492350666	0.27401669256310973	0.9507	0.7233	-0.0721
1919.0000000000002	-8.331633000000002	-1.455804	2.1631050000000003	-0.1710422666954443	-0.1291543646475804	0.26703537555513246	0.951	0.7215	-0.0687
1920.0	-8.013789	-0.9476460000000001	1.9865250000000003	-0.19373154697137057	-0.12042771838760874	0.2565634000431664	0.9514	0.7192	-0.0655
1921.0	-7.784235	-0.46008899999999997	1.79523	-0.21991148575128552	-0.0890117918517108	0.23911010752322315	0.953	0.717	-0.0637
1922.0	-7.657686	-0.005886	1.6186500000000001	-0.22689280275926285	-0.054105206811824215	0.22863813201125716	0.9546	0.7148	-0.063
1923.0	-7.538985	0.40417200000000003	1.494063	-0.26354471705114374	-0.015707963267948967	0.18500490071139894	0.9565	0.7126	-0.0645
1923.9999999999998	-7.46541	0.724959	1.361628	-0.25481807079117214	0.003490658503988659	0.15707963267948966	0.9573	0.7099	-0.0606
1925.0	-7.402626000000001	0.886824	1.241946	-0.24958208303518914	0.06981317007977318	0.1291543646475804	0.9584	0.707	-0.0592
1926.0000000000002	-7.400664	0.9339120000000001	1.132074	-0.23387411976724015	0.12566370614359174	0.1291543646475804	0.9591	0.705	-0.0558
1927.0	-7.415379000000001	0.8799570000000001	1.01043	-0.23911010752322315	0.1710422666954443	0.12217304763960307	0.9598	0.7022	-0.0576
1928.0	-7.456581000000001	0.736731	0.8887860000000001	-0.23212879051524585	0.17976891295541594	0.11344640137963143	0.9602	0.7	-0.0564
1929.0	-7.499745	0.5395500000000001	0.795591	-0.2059488517353309	0.21118483949131386	0.06283185307179587	0.9619	0.6983	-0.0596
1930.0	-7.552719000000001	0.293319	0.692586	-0.19896753472735357	0.1832595714594046	0.03490658503988659	0.9628	0.6972	-0.0592
1930.9999999999998	-7.619427	0.030411	0.634707	-0.1710422666954443	0.16580627893946132	-0.008726646259971648	0.9624	0.6957	-0.0597
1932.0	-7.663572	-0.251136	0.5591700000000001	-0.15707963267948966	0.12042771838760874	-0.04537856055185257	0.962	0.6941	-0.064
1932.9999999999998	-7.719489000000001	-0.530721	0.464994	-0.11693705988362008	0.08028514559173916	-0.10995574287564276	0.9624	0.6934	-0.064
1934.0	-7.752843	-0.713187	0.410058	-0.09948376736367678	0.04537856055185257	-0.15009831567151233	0.9625	0.6932	-0.0675
1935.0000000000002	-7.791102	-0.793629	0.299205	-0.0890117918517108	0.03490658503988659	-0.19024088846738194	0.9618	0.6935	-0.0721
1936.0	-7.796988	-0.793629	0.17756100000000002	-0.08377580409572781	0.07679448708775051	-0.2234021442552742	0.9612	0.694	-0.077
1937.0	-7.812684	-0.713187	0.038259	-0.0942477796076938	0.12566370614359174	-0.2583087292951608	0.96	0.695	-0.0793
1938.0	-7.876449	-0.5729040000000001	-0.159903	-0.12217304763960307	0.18675022996339324	-0.29670597283903605	0.9587	0.6959	-0.0841
1939.0	-7.996131000000001	-0.37081800000000004	-0.243288	-0.10122909661567112	0.2303834612632515	-0.3455751918948773	0.9569	0.6979	-0.087
1939.9999999999998	-8.197236	-0.19521900000000003	-0.296262	-0.09948376736367678	0.26878070480712674	-0.38746309394274114	0.9552	0.6995	-0.0925
1941.0	-8.519004	-0.087309	-0.348255	-0.06981317007977318	0.41364303272265607	-0.3665191429188092	0.9537	0.7022	-0.0953
1942.0000000000002	-8.898651000000001	-0.07848000000000001	-0.295281	0.08552113334772216	0.5916666164260777	-0.317649923862968	0.9515	0.7057	-0.0946
1943.0	-9.275355000000001	-0.163827	-0.275661	0.23911010752322315	0.6614797865058508	-0.2792526803190927	0.9479	0.7093	-0.0953
1944.0000000000002	-9.591237000000001	-0.315882	-0.329616	0.26529004630313807	0.6579891280018623	-0.22514747350726852	0.9454	0.7123	-0.0966
1945.0	-9.906138	-0.46695600000000004	-0.45126	0.24783675378319478	0.62482787221397	-0.13962634015954636	0.9424	0.7154	-0.0931
1946.0	-10.245564	-0.707301	-0.592524	0.2426007660272118	0.5864306286700948	-0.08552113334772216	0.9398	0.7185	-0.0901
1947.0	-10.613439000000001	-0.976095	-0.7759710000000001	0.05235987755982989	0.4886921905584123	-0.06981317007977318	0.9372	0.7213	-0.0862
1948.0	-10.935207	-1.1565990000000002	-0.9466650000000001	-0.27052603405912107	0.34732052114687156	-0.08726646259971647	0.9349	0.725	-0.0832
1948.9999999999998	-11.228526	-1.2095730000000002	-1.119321	-0.5794493116621174	0.30019663134302466	-0.08203047484373349	0.932	0.7274	-0.0785
1950.0	-11.480642999999999	-0.916254	-1.0065060000000001	-0.7819075048934596	0.32637657012293964	0.054105206811824215	0.9295	0.7297	-0.0753
1951.0000000000002	-11.700387000000001	-0.558189	-0.9378360000000001	-0.7853981633974483	0.5934119456780721	0.11693705988362008	0.927	0.7313	-0.0714
1952.0	-11.902473	-0.305091	-0.8897670000000001	-0.7260569688296411	0.7103490055616922	0.25481807079117214	0.9243	0.7315	-0.0666
1953.0	-12.097692000000002	-0.06867000000000001	-0.7475220000000001	-0.8307767239493009	0.7766715171374766	0.46600291028248597	0.9231	0.7311	-0.0616
1954.0	-12.261519000000002	0.067689	-0.483633	-0.8779006137531478	0.8342673824532895	0.619591884457987	0.922	0.7311	-0.0556
1955.0	-12.317436	0.034335000000000004	-0.062784	-0.7103490055616922	0.8866272600131193	0.7592182246175333	0.9219	0.73	-0.0488
1955.9999999999998	-12.152628	-0.05886	0.24230700000000002	-0.5585053606381855	0.8290313946973066	0.8272860654453121	0.9217	0.7278	-0.0411
1957.0	-11.859309000000001	-0.212877	0.567018	-0.4415683007545654	0.6265732014659643	0.8255407361933178	0.9221	0.7248	-0.0336
1957.9999999999998	-11.538522	-0.41496299999999997	1.072233	-0.4276056667386107	0.27576202181510406	0.7714355293814937	0.9227	0.7205	-0.0258
1959.0	-11.249127000000001	-0.6867000000000001	1.6264980000000002	-0.34033920413889424	-0.015707963267948967	0.7819075048934596	0.9249	0.7157	-0.0172
1960.0000000000002	-11.07549	-1.227231	1.9698480000000003	-0.21467549799530256	-0.1710422666954443	0.8168140899333461	0.9279	0.7101	-0.0107
1961.0	-10.986219	-1.8246600000000002	2.353419	0.06981317007977318	-0.25481807079117214	0.8307767239493009	0.9309	0.7041	-0.0065
1962.0	-10.956789	-2.248452	2.557467	0.23561944901923448	-0.460766922526503	0.8569566627292158	0.935	0.6974	-0.003
1963.0	-10.802772000000001	-2.559429	2.771325	0.28099800957108706	-0.6614797865058508	0.9494591130849153	0.9392	0.6902	-0.0002
1964.0	-10.603629	-2.750724	2.934171	0.16057029118347832	-0.9407324668249436	0.9023352232810684	0.9427	0.6823	-0.0011
1964.9999999999998	-10.788057	-2.531961	3.042081	0.08552113334772216	-0.9180431865490174	0.5864306286700948	0.9464	0.6741	-0.0039
1966.0	-11.119635	-2.0385180000000003	3.184326	0.13439035240356337	-0.3368485456349056	0.32114058236695664	0.9501	0.6662	-0.0105
1967.0000000000002	-11.44827	-1.3675140000000001	3.4187849999999997	0.17976891295541594	-0.05585053606381855	0.11344640137963143	0.9538	0.6591	-0.0148
1968.0	-11.701368000000002	-0.7906860000000001	3.4550820000000004	0.2129301687433082	-0.08726646259971647	-0.03316125578789226	0.9575	0.6517	-0.0214
1969.0000000000002	-11.812221000000001	-0.36198900000000006	3.373659	0.22863813201125716	-0.13962634015954636	-0.1466076571675237	0.9603	0.6458	-0.0283
1970.0	-11.715102	-0.032373	3.1598010000000003	0.17627825445142728	-0.16231562043547265	-0.22689280275926285	0.962	0.6404	-0.033
1971.0	-11.392353	0.278604	2.9371140000000002	0.11868238913561441	-0.1884955592153876	-0.26005405854715513	0.9634	0.6361	-0.0386
1972.0	-10.921473	0.5395500000000001	2.820375	0.10471975511965978	-0.19024088846738194	-0.27401669256310973	0.9646	0.6334	-0.0451
1973.0	-10.553598000000001	0.707301	2.642814	0.1117010721276371	-0.1832595714594046	-0.2879793265790644	0.9643	0.6318	-0.0516
1973.9999999999998	-10.307367000000001	0.8318880000000001	2.428956	0.12391837689159739	-0.19198621771937624	-0.2879793265790644	0.9644	0.6317	-0.0537
1975.0	-9.768798	0.631764	2.2150980000000002	0.17976891295541594	-0.2181661564992912	-0.30194196059501904	0.9641	0.6322	-0.0577
1976.0000000000002	-9.267507	0.24623100000000003	2.154276	0.2129301687433082	-0.2129301687433082	-0.31066860685499065	0.9625	0.634	-0.0592
1977.0	-8.84862	-0.261927	2.013993	0.22514747350726852	-0.1832595714594046	-0.30194196059501904	0.9609	0.6363	-0.0633
1978.0	-8.48565	-0.7475220000000001	1.941399	0.23212879051524585	-0.15009831567151233	-0.27576202181510406	0.9587	0.6395	-0.0653
1979.0	-8.241381	-1.123245	1.7991540000000001	0.22514747350726852	-0.12566370614359174	-0.24783675378319478	0.955	0.6431	-0.0692
1980.0	-8.072649	-1.3783050000000001	1.718712	0.21118483949131386	-0.07679448708775051	-0.22514747350726852	0.9528	0.6469	-0.0737
1980.9999999999998	-7.934328	-1.535265	1.5970680000000002	0.20245819323134223	-0.029670597283903602	-0.19198621771937624	0.9504	0.6501	-0.0781
1982.0	-7.844076	-1.5794100000000002	1.4489370000000001	0.1832595714594046	-0.0017453292519943296	-0.20245819323134223	0.9476	0.6536	-0.0812
1982.9999999999998	-7.778349000000001	-1.496025	1.325331	0.15358897417550102	0.04014257279586958	-0.20245819323134223	0.9453	0.6566	-0.0847
1984.0	-7.686135	-1.388115	1.2429270000000001	0.12217304763960307	0.08726646259971647	-0.20769418098732523	0.9428	0.6597	-0.0902
1985.0000000000002	-7.589997000000001	-1.187991	1.1713140000000002	0.09948376736367678	0.1117010721276371	-0.22165681500327983	0.9394	0.6625	-0.0926
1986.0	-7.535061000000001	-0.964323	1.050651	0.06283185307179587	0.1466076571675237	-0.2181661564992912	0.9368	0.6657	-0.0945
1987.0	-7.522308000000001	-0.7318260000000001	0.973152	0.04363323129985824	0.2181661564992912	-0.21118483949131386	0.9346	0.6685	-0.0961
1988.0	-7.573320000000001	-0.49050000000000005	0.885843	0.0017453292519943296	0.2007128639793479	-0.17976891295541594	0.9321	0.6714	-0.0975
1989.0	-7.632180000000001	-0.300186	0.8054010000000001	-0.05235987755982989	0.16057029118347832	-0.13264502315156904	0.9309	0.6736	-0.0982
1989.9999999999998	-7.695945	-0.17756100000000002	0.6837570000000001	-0.09773843811168245	0.09599310885968812	-0.06806784082777885	0.9284	0.676	-0.0983
1991.0	-7.820532000000001	-0.06867000000000001	0.6248970000000001	-0.09773843811168245	0.03490658503988659	0.015707963267948967	0.9258	0.6782	-0.0971
1992.0000000000002	-7.964739	-0.033354	0.5287590000000001	-0.08203047484373349	0.0	0.07853981633974483	0.9237	0.6793	-0.0967
1993.0	-8.137395	-0.066708	0.363951	-0.07330382858376185	0.008726646259971648	0.09773843811168245	0.9221	0.681	-0.0964
1994.0000000000002	-8.352234000000001	-0.10889100000000002	0.17952300000000002	-0.026179938779914945	0.024434609527920613	0.14486232791552936	0.9206	0.6812	-0.0953
1995.0	-8.592579	-0.190314	-0.0049050000000000005	-0.026179938779914945	0.024434609527920613	0.14486232791552936	0.92	0.6819	-0.0946
1996.0	-8.759349	-0.29135700000000003	-0.227592	0.11344640137963143	0.17627825445142728	0.2583087292951608	0.9196	0.6825	-0.0941
1997.0	-8.869221000000001	-0.430659	-0.425754	0.07853981633974483	0.2181661564992912	0.2879793265790644	0.9191	0.682	-0.0934
1998.0	-8.946720000000001	-0.592524	-0.534645	-0.03316125578789226	0.2234021442552742	0.3089232776029963	0.9191	0.6816	-0.0929
1998.9999999999998	-9.014409	-0.736731	-0.579771	-0.11519173063162574	0.2583087292951608	0.3159045946109737	0.9195	0.6802	-0.0923
2000.0	-9.107604	-0.7857810000000001	-0.6513840000000001	-0.13788101090755203	0.3595378259108319	0.30543261909900765	0.9206	0.6786	-0.091
2001.0000000000002	-9.176274000000001	-0.771066	-0.6248970000000001	-0.3036872898470133	0.49741883681838395	0.26878070480712674	0.9219	0.6764	-0.0885
2002.0	-9.27045	-0.70632	-0.496386	-0.5078908123303499	0.5201081170943103	0.19896753472735357	0.9231	0.6747	-0.0851
2003.0	-9.431334000000001	-0.592524	-0.45616500000000004	-0.5934119456780721	0.5445427266222308	0.13788101090755203	0.9243	0.6722	-0.0804
2004.0	-9.690318000000001	-0.37866600000000006	-0.499329	-0.582939970166106	0.5218534463463045	0.10297442586766545	0.925	0.6705	-0.0756
2005.0	-9.972846	-0.09711900000000001	-0.64746	-0.3752457891787809	0.36302848441482055	0.13788101090755203	0.9256	0.6692	-0.0708
2005.9999999999998	-10.270089	0.095157	-0.760275	0.006981317007977318	0.14486232791552936	0.21467549799530256	0.9265	0.667	-0.0664
2007.0	-10.570274999999999	0.050031000000000006	-0.7396739999999999	0.2879793265790644	0.003490658503988659	0.17453292519943295	0.9273	0.6652	-0.0624
2007.9999999999998	-10.896948	-0.145188	-0.724959	0.3420845333908886	0.15184364492350666	0.09075712110370514	0.928	0.6636	-0.0581
2009.0	-11.241279	-0.46008899999999997	-0.7435980000000001	0.19722220547535926	0.49741883681838395	-0.024434609527920613	0.9281	0.6625	-0.0534
2010.0000000000002	-11.537541	-0.769104	-0.631764	0.20245819323134223	0.4293509959906051	-0.15009831567151233	0.9278	0.6616	-0.0489
2011.0	-11.802411000000001	-0.9800190000000001	-0.5277780000000001	0.24609142453120045	0.36826447217080355	-0.23561944901923448	0.9275	0.6613	-0.0457
2012.0	-11.939751000000001	-1.1369790000000002	-0.409077	0.0942477796076938	0.45029494701453704	-0.35255650890285456	0.9267	0.6613	-0.0425
2013.0	-11.893644	-1.153656	-0.13145400000000002	-0.09250245035569947	0.5515240436302081	-0.4625122517784973	0.9264	0.6623	-0.0398
2014.0	-11.651337	-1.112454	0.21189600000000003	-0.15009831567151233	0.4415683007545654	-0.4939281783143953	0.9251	0.6638	-0.0377
2014.9999999999998	-11.31093	-1.016316	0.5856570000000001	-0.2181661564992912	0.3508111796508603	-0.5044001538263612	0.9241	0.6656	-0.0354
2016.0	-10.986219	-0.86328	1.02024	-0.20943951023931956	0.1954768762233649	-0.5078908123303499	0.922	0.6679	-0.0333
2017.0000000000002	-10.739988	-0.5483790000000001	1.4626710000000003	-0.2583087292951608	0.0	-0.5445427266222308	0.9192	0.6707	-0.0306
2018.0	-10.462365	-0.070632	1.8187740000000001	-0.2583087292951608	0.0	-0.5445427266222308	0.9164	0.6734	-0.0286
2019.0000000000002	-10.463346	0.47872800000000004	2.202345	-0.38746309394274114	-0.20943951023931956	-0.6597344572538565	0.9133	0.677	-0.0267
2020.0	-10.537902	0.9476460000000001	2.4897780000000003	-0.4014257279586958	-0.30543261909900765	-0.635299847725936	0.91	0.6814	-0.0256
2021.0	-10.677204000000001	1.116378	2.7075600000000004	-0.3420845333908886	-0.39269908169872414	-0.5689773361501514	0.9061	0.6866	-0.0243
2022.0	-10.919511	1.0791000000000002	2.852748	-0.27052603405912107	-0.25132741228718347	-0.48171087355043496	0.9022	0.692	-0.0238
2023.0	-11.194191	0.796572	2.9351520000000004	-0.15184364492350666	-0.048869219055841226	-0.38571776469074687	0.898	0.6971	-0.0238
2023.9999999999998	-11.445327	0.29233800000000004	3.055815	-0.05759586531581287	0.038397243543875255	-0.2827433388230814	0.8947	0.7021	-0.0237
2025.0	-11.659184999999999	-0.376704	3.185307	0.020943951023931952	0.08028514559173916	-0.20769418098732523	0.8908	0.7063	-0.0236
2026.0000000000002	-11.805354000000001	-0.973152	3.273597	0.06283185307179587	0.08203047484373349	-0.15533430342749532	0.8872	0.71	-0.0232
2027.0	-11.790639	-1.392039	3.201003	0.07853981633974483	0.024434609527920613	-0.10821041362364843	0.8847	0.7141	-0.0236
2028.0	-11.703330000000001	-1.751085	3.136257	0.08726646259971647	-0.04537856055185257	-0.04363323129985824	0.8821	0.7186	-0.0241
2029.0	-11.264823000000002	-2.014974	2.9998980000000004	0.05585053606381855	-0.09250245035569947	0.015707963267948967	0.88	0.7213	-0.0245
2030.0	-10.757646000000001	-2.191554	2.8507860000000003	-0.017453292519943295	-0.143116998663535	0.10122909661567112	0.8785	0.7236	-0.0249
2030.9999999999998	-10.204362000000001	-2.125827	2.637909	-0.10122909661567112	-0.17453292519943295	0.2129301687433082	0.8773	0.7252	-0.0258
2032.0	-9.624591	-1.8766530000000001	2.4211080000000003	-0.19024088846738194	-0.1832595714594046	0.2984513020910304	0.8767	0.7261	-0.0263
2032.9999999999998	-9.119376	-1.477386	2.2366800000000002	-0.26703537555513246	-0.1466076571675237	0.3612831551628262	0.8763	0.7262	-0.0273
2034.0	-8.707356	-0.999639	2.05029	-0.32114058236695664	-0.11344640137963143	0.3961897402027128	0.8765	0.7252	-0.0282
2035.0000000000002	-8.371854	-0.469899	1.9149120000000002	-0.3420845333908886	-0.10122909661567112	0.4066617157146788	0.8769	0.7243	-0.0288
2036.0	-8.114832000000002	-0.001962	1.7471610000000002	-0.38048177693476387	-0.09599310885968812	0.4223696789826277	0.8783	0.7228	-0.0295
2037.0	-7.976511000000001	0.393381	1.614726	-0.41364303272265607	-0.04537856055185257	0.41538836197465046	0.879	0.7203	-0.0298
2038.0	-7.957872000000001	0.7200540000000001	1.474443	-0.4310963252425994	-0.019198621771937627	0.3944444109507185	0.8799	0.7172	-0.0298
2039.0	-8.009865	0.9231210000000001	1.2851100000000002	-0.4380776422505767	0.024434609527920613	0.38571776469074687	0.8817	0.7149	-0.0292
2039.9999999999998	-8.082459	1.025145	1.143846	-0.4241150082346221	0.05235987755982989	0.3508111796508603	0.8842	0.7119	-0.0285
2041.0	-8.1423	0.9800190000000001	1.0172970000000001	-0.4276056667386107	0.08726646259971647	0.3141592653589793	0.8864	0.7083	-0.0267
2042.0000000000002	-8.194293	0.8622990000000001	0.896634	-0.40491638646268446	0.10297442586766545	0.26703537555513246	0.8889	0.704	-0.0247
2043.0	-8.223723000000001	0.656289	0.75537	-0.3717551306747922	0.12217304763960307	0.20769418098732523	0.8906	0.7005	-0.0224
2044.0000000000002	-8.258058	0.43164	0.6092010000000001	-0.317649923862968	0.15533430342749532	0.1117010721276371	0.8924	0.6975	-0.0199
2045.0	-8.327709	0.17069399999999998	0.46107000000000004	-0.26878070480712674	0.1413716694115407	0.019198621771937627	0.8948	0.6941	-0.0175
2046.0	-8.398341	-0.104967	0.32176800000000005	-0.22514747350726852	0.12042771838760874	-0.06632251157578452	0.8963	0.6917	-0.0152
2047.0	-8.450334000000002	-0.3924	0.184428	-0.1884955592153876	0.10471975511965978	-0.12566370614359174	0.8979	0.6899	-0.0126
2048.0	-8.457201	-0.659232	-0.003924	-0.17278759594743864	0.059341194567807204	-0.1954768762233649	0.8993	0.6884	-0.0101
2049.0	-8.422866	-0.803439	-0.11673900000000001	-0.16406094968746698	0.03665191429188092	-0.23561944901923448	0.8997	0.6874	-0.0083
2050.0	-8.341443	-0.925083	-0.311958	-0.17976891295541594	0.054105206811824215	-0.26354471705114374	0.8987	0.6863	-0.0062
2051.0	-8.267868	-0.910368	-0.47088	-0.2129301687433082	0.09948376736367678	-0.2844886680750757	0.8983	0.6861	-0.0044
2052.0	-8.188407	-0.839736	-0.646479	-0.2583087292951608	0.13788101090755203	-0.30717794835100204	0.897	0.6871	-0.0029
2053.0	-8.135433	-0.6768900000000001	-0.786762	-0.312413936106985	0.15358897417550102	-0.33335788713091696	0.8959	0.6883	-0.0009
2054.0	-8.144262000000001	-0.44929800000000003	-0.763218	-0.291469985083053	0.13439035240356337	-0.3560471674068432	0.895	0.69	0.0004
2055.0	-8.208027000000001	-0.226611	-0.6092010000000001	-0.2775073510670984	0.15358897417550102	-0.39968039870670147	0.8928	0.6918	0.0018
2056.0	-8.342424000000001	0.0	-0.469899	-0.3036872898470133	0.18500490071139894	-0.4188790204786391	0.8908	0.694	0.0034
2057.0	-8.553339000000001	0.221706	-0.218763	-0.27052603405912107	0.23212879051524585	-0.4380776422505767	0.8886	0.6961	0.0054
2058.0	-8.777007000000001	0.344331	0.11673900000000001	-0.1291543646475804	0.3420845333908886	-0.4380776422505767	0.8862	0.6985	0.0075
2059.0	-8.996751000000001	0.358065	0.271737	0.005235987755982988	0.43458698374658805	-0.4258603374866164	0.8835	0.7011	0.0102
2060.0	-9.257697	0.32373	0.329616	0.013962634015954637	0.47298422729046335	-0.3787364476827695	0.8811	0.7044	0.013
2061.0	-9.590256	0.178542	0.24034500000000003	-0.048869219055841226	0.49741883681838395	-0.30194196059501904	0.8785	0.7072	0.0164
2062.0	-9.938511	-0.031392	0.130473	-0.06806784082777885	0.5340707511102649	-0.2181661564992912	0.8757	0.7102	0.0201
2063.0	-10.245564	-0.25211700000000004	-0.072594	-0.16406094968746698	0.5393067388662478	-0.18500490071139894	0.8729	0.7124	0.0239
2064.0	-10.478061	-0.394362	-0.509139	-0.4066617157146788	0.46600291028248597	-0.15533430342749532	0.8696	0.7143	0.0281
2065.0	-10.690938000000001	-0.32471099999999997	-0.753408	-0.640535835481919	0.4468042885105484	-0.14486232791552936	0.8669	0.7169	0.033
2066.0	-10.835145	-0.21582	-0.8711280000000001	-0.747000919853573	0.47298422729046335	-0.008726646259971648	0.8646	0.7188	0.0387
2067.0	-10.996029	-0.188352	-1.016316	-0.6702064327658225	0.5811946409141117	0.10821041362364843	0.8623	0.7206	0.0449
2068.0	-11.217735	-0.23642100000000002	-1.2497940000000003	-0.5742133239061344	0.6876597252857658	0.2722713633111154	0.8604	0.7211	0.0517
2069.0	-11.461022999999999	-0.307053	-1.215459	-0.6649704450098396	0.7400196028455958	0.45553093477052004	0.8595	0.721	0.0592
2070.0	-11.678804999999999	-0.397305	-0.959418	-0.6021385919380436	0.8115781021773633	0.5742133239061344	0.8589	0.7195	0.0671
2071.0	-11.781810000000002	-0.5974290000000001	-0.623916	-0.4014257279586958	0.9023352232810684	0.6597344572538565	0.859	0.7177	0.0755
2072.0	-11.777885999999999	-0.782838	-0.24525000000000002	-0.2303834612632515	0.8325220532012952	0.7068583470577035	0.8596	0.7145	0.0838
2073.0	-11.689596	-0.987867	0.151074	-0.10821041362364843	0.6318091892219474	0.6771877497737998	0.8608	0.7107	0.0925
2074.0	-11.522826000000002	-1.260585	0.687681	-0.03665191429188092	0.3508111796508603	0.5811946409141117	0.8624	0.7067	0.1009
2075.0	-11.319759	-1.6461180000000002	1.105587	0.010471975511965976	0.08552113334772216	0.5096361415823443	0.864	0.7016	0.1079
2076.0	-11.166723000000001	-2.0336130000000003	1.5627330000000001	0.03316125578789226	-0.08726646259971647	0.5061454830783556	0.8657	0.6965	0.114
2077.0	-11.005839	-2.304369	1.902159	0.10995574287564276	-0.15707963267948966	0.5340707511102649	0.8685	0.6907	0.1184
2078.0	-10.856727000000001	-2.438766	2.18763	0.23561944901923448	-0.1954768762233649	0.5846852994181004	0.8712	0.6849	0.1217
2079.0	-10.743912	-2.48193	2.387754	0.2426007660272118	-0.24434609527920614	0.6597344572538565	0.874	0.6791	0.1231
2080.0	-10.603629	-2.422089	2.547657	0.2426007660272118	-0.317649923862968	0.7120943348136864	0.8774	0.6732	0.1236
2081.0	-10.380942000000001	-2.222946	2.7085410000000003	0.17453292519943295	-0.38222710618675815	0.783652834145454	0.8809	0.6672	0.122
2082.0	-10.368189	-1.934532	2.86452	0.03665191429188092	-0.4904375198104066	0.8133234314293576	0.8846	0.6615	0.1191
2083.0	-10.650717000000002	-1.476405	3.046005	-0.06632251157578452	-0.5899212871740833	0.6143558967020041	0.8883	0.6564	0.1149
2084.0	-10.976409	-1.002582	3.121542	0.012217304763960306	-0.2844886680750757	0.41015237421866746	0.8919	0.6507	0.1106
2085.0	-11.204001	-0.589581	3.07053	0.03490658503988659	-0.03665191429188092	0.26878070480712674	0.8957	0.6455	0.1066
2086.0	-11.290329000000002	-0.24230700000000002	2.8635390000000003	0.04363323129985824	-0.04537856055185257	0.15707963267948966	0.8992	0.6399	0.1023
2087.0	-11.240298	0.061803000000000004	2.7075600000000004	0.038397243543875255	-0.1291543646475804	0.07504915783575616	0.9025	0.6353	0.0987
2088.0	-11.072547	0.34531200000000006	2.626137	0.024434609527920613	-0.18675022996339324	0.0	0.9056	0.631	0.0956
2089.0	-10.810620000000002	0.499329	2.4858540000000002	-0.017453292519943295	-0.17976891295541594	-0.04363323129985824	0.908	0.628	0.0935
2090.0	-10.587933	0.614106	2.368134	-0.048869219055841226	-0.17627825445142728	-0.05759586531581287	0.9097	0.6253	0.092
2091.0	-10.498662000000001	0.671004	2.247471	-0.061086523819801536	-0.17627825445142728	-0.07330382858376185	0.911	0.6234	0.0912
2092.0	-10.313253	0.655308	2.116998	-0.05061454830783556	-0.17627825445142728	-0.09599310885968812	0.9115	0.622	0.0915
2093.0	-9.925758	0.422811	2.017917	-0.04537856055185257	-0.16406094968746698	-0.10995574287564276	0.9117	0.6204	0.0923
2094.0	-9.561807	0.074556	1.9718100000000003	-0.020943951023931952	-0.158824961931484	-0.10821041362364843	0.9124	0.6201	0.0932
2095.0	-9.274374	-0.251136	1.8589950000000002	-0.03316125578789226	-0.15533430342749532	-0.12391837689159739	0.9126	0.6205	0.0944
2096.0	-9.047763	-0.5405310000000001	1.750104	-0.029670597283903602	-0.15009831567151233	-0.11868238913561441	0.9127	0.6214	0.0961
2097.0	-8.886879	-0.754389	1.614726	-0.029670597283903602	-0.12042771838760874	-0.11519173063162574	0.9121	0.6219	0.0979
2098.0	-8.785836	-0.9466650000000001	1.478367	-0.03665191429188092	-0.11344640137963143	-0.12217304763960307	0.9121	0.6233	0.0997
2099.0	-8.719128000000001	-1.027107	1.410678	-0.022689280275926284	-0.06981317007977318	-0.15009831567151233	0.9115	0.6236	0.101
2100.0	-8.661249	-1.105587	1.2497940000000003	-0.019198621771937627	-0.0471238898038469	-0.16057029118347832	0.9107	0.6243	0.1013
2101.0	-8.594541	-1.121283	1.172295	-0.0471238898038469	-0.029670597283903602	-0.14835298641951802	0.9105	0.6249	0.1014
2102.0	-8.491536	-1.140903	1.1546370000000001	-0.06283185307179587	-0.012217304763960306	-0.13264502315156904	0.9109	0.6257	0.1017
2103.0	-8.406189000000001	-1.130112	1.121283	-0.0890117918517108	-0.026179938779914945	-0.11693705988362008	0.9106	0.6274	0.1012
2104.0	-8.377740000000001	-1.071252	1.1134350000000002	-0.12042771838760874	-0.020943951023931952	-0.08726646259971647	0.9104	0.6289	0.1002
2105.0	-8.405208	-1.022202	1.0732140000000001	-0.1466076571675237	0.0017453292519943296	-0.07330382858376185	0.9098	0.6295	0.0985
2106.0	-8.46603	-0.9574560000000001	1.045746	-0.16231562043547265	0.010471975511965976	-0.07330382858376185	0.9088	0.6301	0.0961
2107.0	-8.546472	-0.9211590000000001	0.997677	-0.1710422666954443	0.0	-0.05585053606381855	0.9083	0.6313	0.0922
2108.0	-8.628876000000002	-0.8338500000000001	1.0192590000000001	-0.17627825445142728	-0.029670597283903602	-0.038397243543875255	0.9071	0.6318	0.0879
2109.0	-8.745615	-0.7475220000000001	1.004544	-0.17627825445142728	-0.054105206811824215	-0.0017453292519943296	0.9069	0.6328	0.0838
2110.0	-8.864316	-0.7004340000000001	0.9623610000000001	-0.16580627893946132	-0.08726646259971647	0.013962634015954637	0.9071	0.6332	0.0789
2111.0	-8.977131	-0.671004	0.901539	-0.1413716694115407	-0.11519173063162574	0.041887902047863905	0.9065	0.6337	0.0738
2112.0	-9.112509	-0.639612	0.777933	-0.09948376736367678	-0.12566370614359174	0.04537856055185257	0.9057	0.6342	0.0675
2113.0	-9.237096000000001	-0.620973	0.663156	-0.04014257279586958	-0.10297442586766545	0.059341194567807204	0.9048	0.6343	0.0614
2114.0	-9.321462	-0.590562	0.5277780000000001	-0.005235987755982988	-0.07679448708775051	0.07504915783575616	0.904	0.634	0.0554
2115.0	-9.337158	-0.616068	0.408096	0.022689280275926284	-0.027925268031909273	0.08726646259971647	0.9045	0.6338	0.05
2116.0	-9.327348	-0.6523650000000001	0.271737	0.05585053606381855	0.017453292519943295	0.12740903539558607	0.9055	0.6333	0.0447
2117.0	-9.271431000000002	-0.7416360000000001	0.126549	0.04363323129985824	0.06981317007977318	0.16580627893946132	0.9058	0.6323	0.0404
2118.0	-9.185103	-0.854451	-0.04022100000000001	0.024434609527920613	0.09948376736367678	0.21642082724729686	0.9064	0.6317	0.0362
2119.0	-9.084060000000001	-0.968247	-0.141264	0.012217304763960306	0.1413716694115407	0.2303834612632515	0.907	0.63	0.0323
2120.0	-9.024219	-1.0280880000000001	-0.19325699999999998	-0.029670597283903602	0.15009831567151233	0.2722713633111154	0.9072	0.6288	0.0299
2121.0	-9.001656	-1.003563	-0.187371	-0.0715584993317675	0.22165681500327983	0.3246312408709453	0.9082	0.6279	0.0279
2122.0	-8.981055	-0.9525510000000001	-0.154017	-0.07504915783575616	0.28099800957108706	0.36302848441482055	0.9089	0.6258	0.0271
2123.0	-8.981055	-0.905463	-0.133416	-0.12217304763960307	0.3246312408709453	0.38746309394274114	0.9106	0.6235	0.027
2124.0	-9.022257	-0.860337	-0.111834	-0.2129301687433082	0.2879793265790644	0.36826447217080355	0.9114	0.6207	0.0276
2125.0	-9.122319	-0.7416360000000001	-0.14616900000000002	-0.22165681500327983	0.312413936106985	0.33161255787892263	0.9112	0.6181	0.0285
2126.0	-9.276336	-0.629802	-0.21189600000000003	-0.13788101090755203	0.30543261909900765	0.3159045946109737	0.9115	0.6159	0.0303
2127.0	-9.473517000000001	-0.5483790000000001	-0.10987200000000001	-0.03665191429188092	0.23561944901923448	0.2827433388230814	0.9128	0.6134	0.0317
2128.0	-9.72171	-0.436545	-0.05297400000000001	0.08203047484373349	0.17453292519943295	0.21642082724729686	0.9142	0.6104	0.0334
2129.0	-10.000314000000001	-0.374742	-0.10104300000000001	0.25132741228718347	0.20769418098732523	0.1780235837034216	0.9152	0.6082	0.0354
2130.0	-10.211229	-0.413001	-0.04316400000000001	0.29496064358704166	0.2426007660272118	0.07330382858376185	0.916	0.6056	0.0369
2131.0	-10.351512	-0.595467	-0.032373	0.40317105721069013	0.24609142453120045	-0.031415926535897934	0.916	0.6029	0.0389
2132.0	-10.453536000000001	-0.778914	0.014715	0.45553093477052004	0.26005405854715513	-0.13788101090755203	0.917	0.6014	0.0406
2133.0	-10.474137	-0.949608	0.07749900000000001	0.4799655442984406	0.26354471705114374	-0.2129301687433082	0.9165	0.6006	0.0414
2134.0	-10.431954	-1.117359	0.114777	0.4468042885105484	0.2827433388230814	-0.27401669256310973	0.9168	0.5996	0.0408
2135.0	-10.352492999999999	-1.2919770000000002	0.244269	0.3455751918948773	0.2984513020910304	-0.2792526803190927	0.9172	0.5997	0.0423
2136.0	-10.266165	-1.395963	0.422811	0.24783675378319478	0.31066860685499065	-0.26529004630313807	0.9162	0.6003	0.0452
2137.0	-10.19259	-1.344951	0.5375880000000001	0.11519173063162574	0.3036872898470133	-0.24085543677521748	0.9152	0.601	0.048
2138.0	-10.15335	-1.2399840000000002	0.738693	-0.019198621771937627	0.33161255787892263	-0.23561944901923448	0.9142	0.6019	0.0508
2139.0	-10.165122	-0.973152	1.0428030000000001	-0.12566370614359174	0.3735004599267865	-0.26005405854715513	0.9132	0.604	0.0546
2140.0	-10.267146	-0.508158	1.2360600000000002	-0.16057029118347832	0.38048177693476387	-0.2775073510670984	0.9118	0.6068	0.0578
2141.0	-10.395657000000002	0.023544	1.4656140000000002	-0.1954768762233649	0.34732052114687156	-0.34732052114687156	0.9117	0.6092	0.0641
2142.0	-10.537902	0.499329	1.7451990000000002	-0.14835298641951802	0.15009831567151233	-0.4276056667386107	0.9104	0.6119	0.0693
2143.0	-10.752741000000002	0.905463	2.014974	-0.04014257279586958	-0.013962634015954637	-0.5113814708343386	0.9094	0.6145	0.0738
2144.0	-10.991124000000001	1.184067	2.3436090000000003	0.013962634015954637	-0.012217304763960306	-0.57246799465414	0.9078	0.619	0.0821
2145.0	-11.236374	1.312578	2.6487000000000003	0.09948376736367678	-0.006981317007977318	-0.5934119456780721	0.9067	0.6222	0.0855
2146.0	-11.433555	1.280205	2.9616390000000004	0.19896753472735357	-0.003490658503988659	-0.5742133239061344	0.9063	0.626	0.0883
2147.0	-11.578743	1.0428030000000001	3.110751	0.23212879051524585	-0.003490658503988659	-0.5253441048502933	0.9045	0.6308	0.0911
2148.0	-11.599344	0.6994530000000001	3.24711	0.25481807079117214	-0.03316125578789226	-0.44505895925855404	0.9024	0.6358	0.0904
2149.0	-11.478681	0.243288	3.272616	0.27401669256310973	-0.0890117918517108	-0.3752457891787809	0.9008	0.6401	0.0919
2150.0	-11.234412	-0.251136	3.329514	0.291469985083053	-0.12042771838760874	-0.28099800957108706	0.8996	0.6449	0.0896
2151.0	-10.985237999999999	-0.672966	3.3265710000000004	0.2844886680750757	-0.1884955592153876	-0.2129301687433082	0.8971	0.6498	0.0842
2152.0	-10.743912	-1.022202	3.1902120000000003	0.23212879051524585	-0.2129301687433082	-0.13962634015954636	0.8953	0.6547	0.0794
2153.0	-10.489832999999999	-1.2095730000000002	3.0989790000000004	0.1710422666954443	-0.2303834612632515	-0.07330382858376185	0.8939	0.6593	0.0732
2154.0	-10.230849	-1.239003	2.9694870000000004	0.11519173063162574	-0.25132741228718347	-0.008726646259971648	0.8925	0.6631	0.0632
2155.0	-9.995409	-1.097739	2.8380330000000002	0.059341194567807204	-0.26878070480712674	0.04537856055185257	0.8912	0.6668	0.0576
2156.0	-9.782532	-0.802458	2.695788	-0.012217304763960306	-0.23212879051524585	0.07679448708775051	0.8897	0.6691	0.0482
2157.0	-9.55494	-0.384552	2.6084790000000004	-0.0715584993317675	-0.2007128639793479	0.10995574287564276	0.8889	0.6707	0.036
2158.0	-9.352854	0.057879	2.5035119999999997	-0.1064650843716541	-0.17627825445142728	0.12740903539558607	0.8881	0.6719	0.0293
2159.0	-9.187065	0.45027900000000004	2.449557	-0.15009831567151233	-0.158824961931484	0.1413716694115407	0.8869	0.673	0.0182
2160.0	-9.088965	0.722997	2.406393	-0.17976891295541594	-0.12566370614359174	0.1466076571675237	0.8867	0.673	0.0128
2161.0	-9.026181000000001	0.894672	2.327913	-0.19198621771937624	-0.1117010721276371	0.15707963267948966	0.8868	0.6731	0.0057
2162.0	-8.99577	0.997677	2.300445	-0.22514747350726852	-0.08726646259971647	0.15184364492350666	0.8871	0.6728	-0.0003
2163.0	-8.988903	0.972171	2.258262	-0.24085543677521748	-0.059341194567807204	0.14486232791552936	0.8871	0.6723	-0.0038
2164.0	-9.018333	0.9123300000000001	2.218041	-0.25132741228718347	-0.054105206811824215	0.12566370614359174	0.8876	0.6708	-0.0064
2165.0	-9.035010000000002	0.7730279999999999	2.142504	-0.2583087292951608	-0.06806784082777885	0.10122909661567112	0.8882	0.6695	-0.0111
2166.0	-9.062478	0.6199920000000001	2.117979	-0.2792526803190927	-0.07853981633974483	0.08028514559173916	0.8895	0.6687	-0.0133
2167.0	-9.135072000000001	0.47284200000000004	2.102283	-0.30717794835100204	-0.07504915783575616	0.06806784082777885	0.8902	0.6679	-0.0121
2168.0	-9.227286000000001	0.32569200000000004	2.096397	-0.33335788713091696	-0.09599310885968812	0.05585053606381855	0.8909	0.6675	-0.0127
2169.0	-9.33912	0.21582	2.0757960000000004	-0.3560471674068432	-0.1117010721276371	0.05585053606381855	0.8915	0.6664	-0.013
2170.0	-9.438201	0.142245	1.996335	-0.3787364476827695	-0.10297442586766545	0.05235987755982989	0.892	0.6662	-0.014
2171.0	-9.531396	0.10791	1.9669050000000001	-0.4223696789826277	-0.08552113334772216	0.06806784082777885	0.8924	0.6656	-0.0137
2172.0	-9.593199	0.06867000000000001	1.8805770000000002	-0.45553093477052004	-0.07504915783575616	0.0942477796076938	0.8922	0.6644	-0.0143
2173.0	-9.636363	0.079461	1.7599140000000002	-0.5026548245743669	-0.06806784082777885	0.11519173063162574	0.8924	0.6634	-0.0143
2174.0	-9.642249	0.091233	1.6382700000000001	-0.5637413483941683	-0.05759586531581287	0.13439035240356337	0.893	0.6633	-0.0141
2175.0	-9.617724	0.14028300000000002	1.54017	-0.619591884457987	-0.06806784082777885	0.13788101090755203	0.8929	0.6623	-0.0138
2176.0	-9.55494	0.21189600000000003	1.40283	-0.6632251157578453	-0.0471238898038469	0.12042771838760874	0.8922	0.6622	-0.0135
2177.0	-9.430353	0.273699	1.283148	-0.7016223593017206	-0.006981317007977318	0.08377580409572781	0.8927	0.6615	-0.0133
2178.0	-9.293994000000001	0.376704	1.1654280000000001	-0.7138396640656808	0.024434609527920613	0.03316125578789226	0.8932	0.6603	-0.0134
2179.0	-9.126243	0.46205100000000005	1.090872	-0.747000919853573	0.06981317007977318	-0.017453292519943295	0.8937	0.6591	-0.0131
2180.0	-8.971245	0.521892	1.067328	-0.7435102613495844	0.11868238913561441	-0.08028514559173916	0.894	0.6575	-0.0113
2181.0	-8.840772000000001	0.520911	0.9888480000000001	-0.7522369076095561	0.158824961931484	-0.1361356816555577	0.8942	0.6568	-0.0099
2182.0	-8.776026	0.496386	0.996696	-0.7714355293814937	0.18500490071139894	-0.15533430342749532	0.8949	0.6565	-0.0077
2183.0	-8.811342	0.38259000000000004	1.067328	-0.8185594191853406	0.20769418098732523	-0.16231562043547265	0.8954	0.6566	-0.0058
2184.0	-8.960454	0.187371	1.1870100000000001	-0.8045967851693859	0.2897246558310587	-0.14835298641951802	0.8947	0.6566	-0.0006
2185.0	-9.20178	-0.073575	1.315521	-0.7330382858376184	0.2583087292951608	-0.09773843811168245	0.8946	0.6569	0.0023
2186.0	-9.45684	-0.389457	1.390077	-0.6283185307179586	0.21118483949131386	-0.020943951023931952	0.8952	0.6572	0.007
2187.0	-9.697185000000001	-0.6837570000000001	1.476405	-0.5777039824101231	0.21118483949131386	0.031415926535897934	0.8951	0.6574	0.011
2188.0	-9.87867	-0.974133	1.5588090000000001	-0.5445427266222308	0.21991148575128552	0.08028514559173916	0.8947	0.6579	0.0156
2189.0	-10.054269	-1.187991	1.600011	-0.5044001538263612	0.2426007660272118	0.11868238913561441	0.8949	0.6581	0.019
2190.0	-10.171989	-1.361628	1.607859	-0.45553093477052004	0.22689280275926285	0.13788101090755203	0.8952	0.6584	0.0258
2191.0	-10.252431	-1.4253930000000001	1.653966	-0.4014257279586958	0.19896753472735357	0.13962634015954636	0.8953	0.6581	0.0305
2192.0	-10.256355000000001	-1.421469	1.664757	-0.35255650890285456	0.16057029118347832	0.1117010721276371	0.8956	0.6576	0.036
2193.0	-10.150407	-1.372419	1.60884	-0.32637657012293964	0.13788101090755203	0.07504915783575616	0.8962	0.6572	0.0426
2194.0	-9.941454000000002	-1.276281	1.5195690000000002	-0.32114058236695664	0.12042771838760874	0.03490658503988659	0.8972	0.6562	0.0471
2195.0	-9.675603	-1.1310930000000001	1.445994	-0.3089232776029963	0.08726646259971647	-0.005235987755982988	0.898	0.6556	0.0524
2196.0	-9.425448000000001	-1.00062	1.4352030000000002	-0.2792526803190927	0.08028514559173916	-0.024434609527920613	0.8982	0.6544	0.0549
2197.0	-9.281241000000001	-0.877995	1.417545	-0.2583087292951608	0.07853981633974483	-0.027925268031909273	0.8985	0.6533	0.0584
2198.0	-9.219438	-0.821097	1.3822290000000002	-0.2234021442552742	0.07853981633974483	-0.024434609527920613	0.8994	0.6523	0.062
2199.0	-9.191970000000001	-0.8328690000000001	1.414602	-0.18675022996339324	0.09075712110370514	-0.019198621771937627	0.8995	0.6522	0.0655
2200.0	-9.226305	-0.839736	1.441089	-0.1361356816555577	0.10122909661567112	0.006981317007977318	0.8993	0.6526	0.0629
2201.0	-9.255735000000001	-0.9280260000000001	1.4381460000000001	-0.08203047484373349	0.09948376736367678	0.029670597283903602	0.8995	0.6519	0.0649
2202.0	-9.295956	-0.9937530000000001	1.50093	-0.04363323129985824	0.1064650843716541	0.0471238898038469	0.8995	0.6515	0.0653
2203.0	-9.373455	-1.005525	1.580391	-0.015707963267948967	0.12740903539558607	0.048869219055841226	0.8992	0.6512	0.0652
2204.0	-9.461745	-1.005525	1.6137450000000002	-0.0	0.13788101090755203	0.0471238898038469	0.8989	0.6515	0.0637
2205.0	-9.544149	-0.964323	1.691244	0.020943951023931952	0.14486232791552936	0.027925268031909273	0.8991	0.6514	0.0635
2206.0	-9.636363	-0.908406	1.708902	0.04014257279586958	0.13788101090755203	-0.006981317007977318	0.8986	0.6512	0.0649
2207.0	-9.68247	-0.8662230000000001	1.7324460000000002	0.0471238898038469	0.12042771838760874	-0.031415926535897934	0.8991	0.6516	0.0655
2208.0	-9.718767000000001	-0.821097	1.7128260000000002	0.04014257279586958	0.09773843811168245	-0.0715584993317675	0.8991	0.6519	0.0658
2209.0	-9.755064	-0.746541	1.7000730000000002	0.04014257279586958	0.08377580409572781	-0.0715584993317675	0.8987	0.6522	0.067
2210.0	-9.78057	-0.69651	1.7098830000000003	0.038397243543875255	0.07330382858376185	-0.0942477796076938	0.8986	0.6514	0.0691
2211.0	-9.830601	-0.631764	1.69713	0.05061454830783556	0.06632251157578452	-0.0890117918517108	0.8983	0.6526	0.0689
2212.0	-9.886518	-0.5974290000000001	1.652004	0.05759586531581287	0.04537856055185257	-0.08377580409572781	0.8984	0.6536	0.0691
2213.0	-9.908100000000001	-0.5974290000000001	1.6264980000000002	0.05061454830783556	0.041887902047863905	-0.07679448708775051	0.8982	0.6542	0.0689
2214.0	-9.911043	-0.601353	1.634346	0.054105206811824215	0.05235987755982989	-0.05759586531581287	0.8981	0.6546	0.0683
2215.0	-9.910062	-0.607239	1.5970680000000002	0.06283185307179587	0.0471238898038469	-0.0471238898038469	0.8977	0.6556	0.0676
2216.0	-9.872784	-0.621954	1.6117830000000002	0.048869219055841226	0.038397243543875255	-0.03490658503988659	0.898	0.6568	0.0668
2217.0	-9.840411000000001	-0.623916	1.577448	0.024434609527920613	0.029670597283903602	-0.03490658503988659	0.8971	0.6579	0.0657
2218.0	-9.798228	-0.5827140000000001	1.622574	0.013962634015954637	0.022689280275926284	-0.03316125578789226	0.8971	0.6591	0.0645
2219.0	-9.759969	-0.5483790000000001	1.580391	-0.013962634015954637	0.04537856055185257	-0.038397243543875255	0.8972	0.6594	0.0632
2220.0	-9.722691000000001	-0.509139	1.508778	-0.03490658503988659	0.015707963267948967	-0.05061454830783556	0.8965	0.661	0.0621
2221.0	-9.677565000000001	-0.46205100000000005	1.488177	-0.05235987755982989	0.024434609527920613	-0.04014257279586958	0.8959	0.6615	0.0612
2222.0	-9.646173	-0.410058	1.4646329999999999	-0.08203047484373349	0.026179938779914945	-0.048869219055841226	0.895	0.6626	0.0601
2223.0	-9.660888	-0.33354000000000006	1.44207	-0.10471975511965978	0.04014257279586958	-0.05585053606381855	0.8947	0.6634	0.0588
2224.0	-9.683451	-0.293319	1.414602	-0.11693705988362008	0.038397243543875255	-0.054105206811824215	0.8939	0.6643	0.0578
2225.0	-9.720729	-0.27958500000000003	1.3714380000000002	-0.13439035240356337	0.041887902047863905	-0.05585053606381855	0.8935	0.6651	0.0571
2226.0	-9.767817	-0.26977500000000004	1.3341600000000002	-0.13962634015954636	0.05061454830783556	-0.04014257279586958	0.8927	0.6651	0.0564
2227.0	-9.794304	-0.301167	1.3008060000000001	-0.143116998663535	0.06632251157578452	-0.04363323129985824	0.8923	0.6656	0.0563
2228.0	-9.816867	-0.32667300000000005	1.293939	-0.13264502315156904	0.07853981633974483	-0.05061454830783556	0.8915	0.6664	0.0562
2229.0	-9.837468	-0.37081800000000004	1.2703950000000002	-0.1413716694115407	0.0942477796076938	-0.0471238898038469	0.8906	0.6671	0.056
2230.0	-9.846297000000002	-0.40221	1.292958	-0.1413716694115407	0.0942477796076938	-0.0471238898038469	0.8902	0.6669	0.056
2231.0	-9.843354000000001	-0.42084900000000003	1.3371030000000002	-0.15009831567151233	0.09075712110370514	-0.054105206811824215	0.8904	0.6673	0.0559
2232.0	-9.835506	-0.46597500000000003	1.307673	-0.1466076571675237	0.08552113334772216	-0.05585053606381855	0.8904	0.6679	0.0563
2233.0	-9.775665000000002	-0.5611320000000001	1.274319	-0.15009831567151233	0.08726646259971647	-0.05759586531581287	0.8903	0.6685	0.0569
2234.0	-9.727596	-0.607239	1.247832	-0.15009831567151233	0.08726646259971647	-0.05759586531581287	0.8904	0.669	0.0575
2235.0	-9.67266	-0.645498	1.241946	-0.18151424220741028	0.09075712110370514	-0.038397243543875255	0.8905	0.6692	0.0577
2236.0	-9.621648	-0.680814	1.230174	-0.18675022996339324	0.07853981633974483	-0.031415926535897934	0.8905	0.6704	0.0581
2237.0	-9.591237000000001	-0.680814	1.2674520000000002	-0.20943951023931956	0.08028514559173916	-0.017453292519943295	0.8908	0.6712	0.0586
2238.0	-9.560826	-0.7337880000000001	1.232136	-0.20943951023931956	0.07504915783575616	-0.020943951023931952	0.8905	0.6703	0.0591
2239.0	-9.522567	-0.760275	1.24587	-0.22514747350726852	0.07330382858376185	-0.005235987755982988	0.8907	0.671	0.0597
2240.0	-9.493137	-0.768123	1.263528	-0.22863813201125716	0.07504915783575616	-0.003490658503988659	0.8909	0.6716	0.0601
2241.0	-9.467631	-0.816192	1.2233070000000001	-0.23212879051524585	0.0715584993317675	0.003490658503988659	0.8906	0.6725	0.061
2242.0	-9.451935	-0.8387550000000001	1.208592	-0.24085543677521748	0.07679448708775051	-0.005235987755982988	0.89	0.6724	0.0616
2243.0	-9.451935	-0.834831	1.232136	-0.24434609527920614	0.08028514559173916	0.003490658503988659	0.8903	0.6731	0.0624
2244.0	-9.462726	-0.8466030000000001	1.201725	-0.23387411976724015	0.08552113334772216	0.005235987755982988	0.8903	0.6727	0.0631
2245.0	-9.460764000000001	-0.8554320000000001	1.229193	-0.23387411976724015	0.09948376736367678	0.005235987755982988	0.8901	0.6723	0.0642
2246.0	-9.478422	-0.8573940000000001	1.217421	-0.22165681500327983	0.09075712110370514	0.005235987755982988	0.8903	0.6717	0.0652
2247.0	-9.494118	-0.8789760000000001	1.1781810000000001	-0.20943951023931956	0.0942477796076938	0.015707963267948967	0.8898	0.6721	0.0663
2248.0	-9.526491	-0.877995	1.140903	-0.1954768762233649	0.0890117918517108	0.006981317007977318	0.8901	0.6733	0.0668
2249.0	-9.550035000000001	-0.918216	1.084986	-0.1884955592153876	0.07679448708775051	0.0	0.8906	0.6729	0.0679
2250.0	-9.560826	-0.9623610000000001	1.083024	-0.17976891295541594	0.05759586531581287	-0.008726646259971648	0.8907	0.6729	0.0693
2251.0	-9.579465	-0.996696	1.058499	-0.15184364492350666	0.05585053606381855	0.0	0.8906	0.672	0.0697
2252.0	-9.59418	-1.031031	1.0516320000000001	-0.143116998663535	0.05235987755982989	0.006981317007977318	0.8909	0.6716	0.0703
2253.0	-9.608895	-1.061442	1.029069	-0.12740903539558607	0.04014257279586958	0.006981317007977318	0.8903	0.6709	0.0707
2254.0	-9.602028	-1.0879290000000001	1.071252	-0.10821041362364843	0.03490658503988659	0.0017453292519943296	0.8899	0.6716	0.0713
2255.0	-9.616743	-1.110492	1.0231830000000002	-0.10821041362364843	0.041887902047863905	0.015707963267948967	0.8903	0.6725	0.0713
2256.0	-9.614781	-1.126188	1.0143540000000002	-0.10297442586766545	0.048869219055841226	0.015707963267948967	0.8902	0.6721	0.0712
2257.0	-9.608895	-1.120302	1.043784	-0.09773843811168245	0.048869219055841226	0.013962634015954637	0.8903	0.6714	0.071
2258.0	-9.602028	-1.135017	1.012392	-0.08552113334772216	0.04537856055185257	0.015707963267948967	0.8893	0.6714	0.0714
2259.0	-9.598104000000001	-1.101663	1.0516320000000001	-0.08726646259971647	0.06981317007977318	0.024434609527920613	0.889	0.6716	0.0713
2260.0	-9.604971	-1.1095110000000001	0.977076	-0.08203047484373349	0.061086523819801536	0.041887902047863905	0.8891	0.6716	0.0711
2261.0	-9.602028	-1.100682	0.972171	-0.08552113334772216	0.061086523819801536	0.041887902047863905	0.8885	0.6716	0.0714
2262.0	-9.596142	-1.067328	1.018278	-0.06981317007977318	0.07853981633974483	0.04537856055185257	0.8886	0.6719	0.0713
2263.0	-9.59418	-1.0555560000000002	1.022202	-0.06981317007977318	0.08377580409572781	0.05235987755982989	0.8886	0.6715	0.0712
2264.0	-9.626553	-1.01043	0.967266	-0.0645771823237902	0.0890117918517108	0.05235987755982989	0.8886	0.6705	0.0711
2265.0	-9.637344	-1.012392	0.9221400000000001	-0.04537856055185257	0.0942477796076938	0.061086523819801536	0.8887	0.6699	0.0711
2266.0	-9.670698	-1.011411	0.910368	-0.038397243543875255	0.1064650843716541	0.059341194567807204	0.8885	0.6705	0.0713
2267.0	-9.706014	-1.034955	0.858375	-0.013962634015954637	0.12391837689159739	0.05235987755982989	0.889	0.6702	0.0712
2268.0	-9.729558	-1.047708	0.848565	0.010471975511965976	0.12566370614359174	0.059341194567807204	0.8898	0.6699	0.0708
2269.0	-9.744273	-1.1075490000000001	0.844641	0.03316125578789226	0.12391837689159739	0.0715584993317675	0.8901	0.6698	0.0707
2270.0	-9.758988	-1.110492	0.9005580000000001	0.06981317007977318	0.11693705988362008	0.07504915783575616	0.8905	0.6694	0.0707
2271.0	-9.788418	-1.103625	0.884862	0.09599310885968812	0.12042771838760874	0.06981317007977318	0.8918	0.6689	0.0703
2272.0	-9.799209000000001	-1.130112	0.870147	0.11519173063162574	0.12042771838760874	0.07504915783575616	0.8923	0.6685	0.0701
2273.0	-9.819809999999999	-1.134036	0.8132490000000001	0.12217304763960307	0.1291543646475804	0.05585053606381855	0.8929	0.6687	0.0695
2274.0	-9.806076000000001	-1.143846	0.8564130000000001	0.13439035240356337	0.1291543646475804	0.05585053606381855	0.8931	0.6688	0.0687
2275.0	-9.795285000000002	-1.143846	0.881919	0.1413716694115407	0.1361356816555577	0.05061454830783556	0.8931	0.6682	0.0684
2276.0	-9.771741	-1.115397	0.9123300000000001	0.14835298641951802	0.13439035240356337	0.05061454830783556	0.8934	0.6677	0.0677
2277.0	-9.751140000000001	-1.093815	0.901539	0.14835298641951802	0.13788101090755203	0.041887902047863905	0.8932	0.6673	0.0666
2278.0	-9.729558	-1.0388789999999999	0.9780570000000001	0.1413716694115407	0.1413716694115407	0.038397243543875255	0.8935	0.6672	0.0659
2279.0	-9.726615	-0.9800190000000001	0.95157	0.14486232791552936	0.1413716694115407	0.022689280275926284	0.8939	0.6668	0.0652
2280.0	-9.725634	-0.9525510000000001	0.891729	0.1308996938995747	0.16231562043547265	0.026179938779914945	0.8935	0.6662	0.0638
2281.0	-9.708957000000002	-0.9290070000000001	0.9231210000000001	0.10821041362364843	0.16406094968746698	0.024434609527920613	0.8934	0.667	0.0632
2282.0	-9.7119	-0.881919	0.939798	0.10471975511965978	0.158824961931484	0.010471975511965976	0.8933	0.6666	0.0622
2283.0	-9.706995000000001	-0.8573940000000001	0.960399	0.10297442586766545	0.15533430342749532	0.0	0.8934	0.6662	0.0621
2284.0	-9.715824	-0.849546	0.908406	0.0890117918517108	0.16580627893946132	0.0	0.8934	0.6663	0.0622
2285.0	-9.722691000000001	-0.8132490000000001	0.9280260000000001	0.08377580409572781	0.1466076571675237	0.0	0.8929	0.6669	0.0616
2286.0	-9.73152	-0.820116	0.891729	0.0715584993317675	0.15184364492350666	0.006981317007977318	0.8927	0.6667	0.0614
2287.0	-9.740349	-0.806382	0.9142920000000001	0.06632251157578452	0.15358897417550102	0.003490658503988659	0.8931	0.667	0.0615
2288.0	-9.758988	-0.8132490000000001	0.870147	0.05061454830783556	0.15009831567151233	-0.005235987755982988	0.8932	0.6669	0.0616
2289.0	-9.766836000000001	-0.8083440000000001	0.8642610000000001	0.048869219055841226	0.1291543646475804	-0.005235987755982988	0.893	0.6668	0.0609
2290.0	-9.769779	-0.8054010000000001	0.8642610000000001	0.03316125578789226	0.1291543646475804	0.0	0.8932	0.6674	0.0607
2291.0	-9.770760000000001	-0.786762	0.8652420000000001	0.027925268031909273	0.12042771838760874	0.0	0.893	0.667	0.0603
2292.0	-9.760950000000001	-0.788724	0.8416980000000001	0.020943951023931952	0.11344640137963143	0.003490658503988659	0.893	0.667	0.0603
2293.0	-9.750159	-0.7848	0.84366	0.006981317007977318	0.09948376736367678	0.0	0.8927	0.667	0.0596
2294.0	-9.743292	-0.782838	0.881919	0.0017453292519943296	0.10297442586766545	-0.008726646259971648	0.8927	0.6667	0.059
2295.0	-9.763893	-0.7995150000000001	0.836793	-0.022689280275926284	0.10297442586766545	-0.005235987755982988	0.8931	0.6665	0.0586
2296.0	-9.783513000000001	-0.7985340000000001	0.877014	-0.03665191429188092	0.10297442586766545	-0.006981317007977318	0.8932	0.6669	0.0582
2297.0	-9.823734000000002	-0.806382	0.8642610000000001	-0.03490658503988659	0.10297442586766545	-0.031415926535897934	0.8927	0.6671	0.058
2298.0	-9.873765	-0.807363	0.8573940000000001	-0.0471238898038469	0.11344640137963143	-0.03665191429188092	0.8918	0.6673	0.0575
2299.0	-9.904176000000001	-0.818154	0.8829	-0.054105206811824215	0.11868238913561441	-0.05061454830783556	0.8917	0.6683	0.0577
2300.0	-9.930663000000001	-0.7897050000000001	0.9447030000000001	-0.041887902047863905	0.12391837689159739	-0.05061454830783556	0.8915	0.6684	0.0584
2301.0	-9.960093	-0.793629	0.907425	-0.04014257279586958	0.11693705988362008	-0.054105206811824215	0.8911	0.6689	0.0584
2302.0	-9.974808	-0.782838	0.896634	-0.03665191429188092	0.10297442586766545	-0.0471238898038469	0.8905	0.6703	0.0585
2303.0	-9.95715	-0.782838	0.939798	-0.022689280275926284	0.10471975511965978	-0.03490658503988659	0.8899	0.6713	0.0587
2304.0	-9.937529999999999	-0.7759710000000001	0.934893	-0.029670597283903602	0.0942477796076938	-0.024434609527920613	0.8893	0.672	0.0589
2305.0	-9.884556000000002	-0.7848	0.942741	-0.03665191429188092	0.07679448708775051	-0.005235987755982988	0.8888	0.673	0.059
2306.0	-9.813924	-0.811287	0.927045	-0.04537856055185257	0.07853981633974483	0.003490658503988659	0.8883	0.6738	0.0591
2307.0	-9.734463	-0.802458	0.964323	-0.05061454830783556	0.06981317007977318	0.019198621771937627	0.888	0.6744	0.0596
2308.0	-9.633420000000001	-0.8377740000000001	0.9711900000000001	-0.05235987755982989	0.07330382858376185	0.026179938779914945	0.8885	0.6744	0.0604
2309.0	-9.571617	-0.816192	0.9800190000000001	-0.05235987755982989	0.07679448708775051	0.026179938779914945	0.8878	0.6744	0.0614
2310.0	-9.504909	-0.859356	0.9476460000000001	-0.03490658503988659	0.08552113334772216	0.022689280275926284	0.8873	0.6755	0.0623
2311.0	-9.452916	-0.877995	0.965304	-0.031415926535897934	0.08203047484373349	0.015707963267948967	0.887	0.6758	0.0643
2312.0	-9.438201	-0.891729	0.953532	-0.027925268031909273	0.07504915783575616	0.003490658503988659	0.8869	0.6752	0.0666
2313.0	-9.451935	-0.89271	0.926064	-0.022689280275926284	0.08203047484373349	0.003490658503988659	0.8873	0.6753	0.0696
2314.0	-9.465669	-0.9142920000000001	0.8897670000000001	-0.027925268031909273	0.09250245035569947	0.008726646259971648	0.8877	0.6762	0.0723
2315.0	-9.489213000000001	-0.8789760000000001	0.9554940000000001	-0.017453292519943295	0.07853981633974483	0.006981317007977318	0.8877	0.6761	0.0757
2316.0	-9.526491	-0.870147	0.9290070000000001	-0.013962634015954637	0.08726646259971647	0.019198621771937627	0.8882	0.6761	0.0797
2317.0	-9.54513	-0.8760330000000001	0.943722	-0.013962634015954637	0.07679448708775051	0.019198621771937627	0.8886	0.676	0.0832
2318.0	-9.581427000000001	-0.826983	0.9898290000000001	-0.006981317007977318	0.0645771823237902	0.029670597283903602	0.8885	0.6763	0.0876
2319.0	-9.6138	-0.8416980000000001	0.930969	0.0017453292519943296	0.06981317007977318	0.026179938779914945	0.8892	0.6765	0.0909
2320.0	-9.633420000000001	-0.817173	0.974133	-0.006981317007977318	0.08377580409572781	0.029670597283903602	0.8903	0.676	0.0946
2321.0	-9.661869000000001	-0.783819	0.977076	-0.017453292519943295	0.07679448708775051	0.03665191429188092	0.8913	0.6754	0.0973
2322.0	-9.661869000000001	-0.781857	0.982962	-0.026179938779914945	0.07504915783575616	0.026179938779914945	0.8912	0.6758	0.0997
2323.0	-9.660888	-0.7897050000000001	0.953532	-0.015707963267948967	0.061086523819801536	0.029670597283903602	0.8911	0.6755	0.1006
2324.0	-9.659907	-0.7406550000000001	1.005525	-0.024434609527920613	0.07853981633974483	0.04014257279586958	0.8914	0.6754	0.1012
2325.0	-9.647154	-0.75537	0.996696	-0.03316125578789226	0.08203047484373349	0.03665191429188092	0.8918	0.6755	0.101
2326.0	-9.641268	-0.707301	1.070271	-0.04537856055185257	0.06981317007977318	0.027925268031909273	0.8919	0.676	0.0996
2327.0	-9.651078	-0.670023	1.058499	-0.05235987755982989	0.06981317007977318	0.03490658503988659	0.8923	0.6759	0.0974
2328.0	-9.650097	-0.6611940000000001	1.035936	-0.05759586531581287	0.07504915783575616	0.038397243543875255	0.8928	0.676	0.0937
2329.0	-9.637344	-0.629802	1.102644	-0.059341194567807204	0.08028514559173916	0.04014257279586958	0.8927	0.6759	0.0904
2330.0	-9.647154	-0.610182	1.068309	-0.06632251157578452	0.08203047484373349	0.038397243543875255	0.8928	0.6758	0.0859
2331.0	-9.626553	-0.6425550000000001	1.077138	-0.07504915783575616	0.0942477796076938	0.04014257279586958	0.8928	0.6759	0.0814
2332.0	-9.638325	-0.6386310000000001	1.071252	-0.06283185307179587	0.08552113334772216	0.04537856055185257	0.8941	0.6758	0.0757
2333.0	-9.639306000000001	-0.626859	1.1369790000000002	-0.0715584993317675	0.0942477796076938	0.041887902047863905	0.8943	0.6757	0.0705
2334.0	-9.650097	-0.6582510000000001	1.112454	-0.0715584993317675	0.10122909661567112	0.03316125578789226	0.8944	0.6751	0.0657
2335.0	-9.671679000000001	-0.6494219999999999	1.1458080000000002	-0.07679448708775051	0.0942477796076938	0.029670597283903602	0.895	0.6751	0.0609
2336.0	-9.706995000000001	-0.663156	1.099701	-0.07504915783575616	0.10122909661567112	0.029670597283903602	0.8945	0.6743	0.0569
2337.0	-9.728577000000001	-0.6817950000000002	1.08891	-0.07504915783575616	0.10122909661567112	0.029670597283903602	0.8936	0.6741	0.0536
2338.0	-9.749178	-0.7004340000000001	1.083024	-0.09599310885968812	0.09599310885968812	0.020943951023931952	0.8936	0.6737	0.0511
2339.0	-9.766836000000001	-0.6955290000000001	1.101663	-0.0942477796076938	0.10122909661567112	0.019198621771937627	0.8939	0.6743	0.0486
2340.0	-9.782532	-0.714168	1.077138	-0.10471975511965978	0.10821041362364843	0.022689280275926284	0.8934	0.6738	0.047
2341.0	-9.803133	-0.6837570000000001	1.1183400000000001	-0.12042771838760874	0.10821041362364843	0.006981317007977318	0.8931	0.6738	0.0454
2342.0	-9.822753	-0.6670800000000001	1.1095110000000001	-0.12566370614359174	0.08726646259971647	0.019198621771937627	0.8921	0.674	0.0451
2343.0	-9.833544	-0.670023	1.077138	-0.12740903539558607	0.07853981633974483	0.015707963267948967	0.8925	0.6739	0.0452
2344.0	-9.828639	-0.636669	1.134036	-0.13962634015954636	0.07330382858376185	0.008726646259971648	0.8921	0.6739	0.0458
2345.0	-9.821772000000001	-0.635688	1.086948	-0.15009831567151233	0.08028514559173916	0.013962634015954637	0.8905	0.6732	0.0465
2346.0	-9.803133	-0.644517	1.052613	-0.15009831567151233	0.08203047484373349	0.006981317007977318	0.8904	0.6734	0.047
2347.0	-9.765855	-0.663156	1.06929	-0.14486232791552936	0.07853981633974483	0.012217304763960306	0.8901	0.6734	0.0476
2348.0	-9.749178	-0.6621750000000001	1.053594	-0.15533430342749532	0.08203047484373349	0.019198621771937627	0.8893	0.6735	0.0481
2349.0	-9.720729	-0.7102440000000001	1.0143540000000002	-0.14835298641951802	0.08203047484373349	0.020943951023931952	0.8886	0.6725	0.0491
2350.0	-9.705033	-0.705339	1.043784	-0.1466076571675237	0.08203047484373349	0.015707963267948967	0.8876	0.673	0.0496
2351.0	-9.684432000000001	-0.74556	0.999639	-0.13788101090755203	0.0890117918517108	0.024434609527920613	0.8865	0.6724	0.0508
2352.0	-9.645192	-0.768123	1.060461	-0.12566370614359174	0.08377580409572781	0.03316125578789226	0.886	0.6721	0.0514
2353.0	-9.64323	-0.749484	1.0751760000000001	-0.1308996938995747	0.08726646259971647	0.022689280275926284	0.8849	0.6719	0.0537
2354.0	-9.648135000000002	-0.779895	0.9937530000000001	-0.11693705988362008	0.08203047484373349	0.022689280275926284	0.8842	0.6721	0.056
2355.0	-9.636363	-0.803439	0.983943	-0.12566370614359174	0.08028514559173916	0.022689280275926284	0.8846	0.6723	0.0582
2356.0	-9.628515	-0.7985340000000001	1.009449	-0.12217304763960307	0.07504915783575616	0.022689280275926284	0.8845	0.6718	0.0606
2357.0	-9.630477	-0.7975530000000001	1.007487	-0.11868238913561441	0.0645771823237902	0.029670597283903602	0.8846	0.6712	0.0625
2358.0	-9.631458	-0.806382	0.976095	-0.10471975511965978	0.06981317007977318	0.026179938779914945	0.8846	0.6712	0.0654
2359.0	-9.627534	-0.801477	0.972171	-0.10122909661567112	0.06632251157578452	0.020943951023931952	0.8849	0.6705	0.0677
2360.0	-9.631458	-0.7897050000000001	0.975114	-0.10122909661567112	0.06981317007977318	0.022689280275926284	0.8855	0.6698	0.0714
2361.0	-9.642249	-0.7749900000000001	0.977076	-0.09599310885968812	0.07853981633974483	0.029670597283903602	0.8868	0.6704	0.0781
2362.0	-9.666774	-0.7524270000000001	0.968247	-0.09250245035569947	0.08377580409572781	0.031415926535897934	0.8874	0.6705	0.0861
2363.0	-9.680508000000001	-0.771066	0.918216	-0.09773843811168245	0.0942477796076938	0.029670597283903602	0.8879	0.6706	0.0905
2364.0	-9.698166	-0.74556	0.960399	-0.09075712110370514	0.0890117918517108	0.027925268031909273	0.8891	0.6698	0.0946
2365.0	-9.734463	-0.73575	0.9191970000000002	-0.09948376736367678	0.10297442586766545	0.015707963267948967	0.8897	0.6697	0.0972
2366.0	-9.756045	-0.738693	0.9093870000000001	-0.10122909661567112	0.10122909661567112	0.020943951023931952	0.8906	0.6693	0.1015
2367.0	-9.778608	-0.7485030000000001	0.8573940000000001	-0.10821041362364843	0.10995574287564276	0.022689280275926284	0.8918	0.67	0.1052
2368.0	-9.774684	-0.7524270000000001	0.896634	-0.09773843811168245	0.10297442586766545	0.012217304763960306	0.893	0.6695	0.1086
2369.0	-9.808038000000002	-0.722997	0.860337	-0.09250245035569947	0.10297442586766545	0.006981317007977318	0.8936	0.6701	0.1096
2370.0	-9.788418	-0.75537	0.839736	-0.0942477796076938	0.09075712110370514	0.012217304763960306	0.8945	0.6704	0.1139
2371.0	-9.78057	-0.7318260000000001	0.8662230000000001	-0.08552113334772216	0.0890117918517108	0.006981317007977318	0.8946	0.6698	0.1079
2372.0	-9.776646000000001	-0.738693	0.8054010000000001	-0.08377580409572781	0.09948376736367678	0.012217304763960306	0.8948	0.6695	0.1025
2373.0	-9.762912	-0.7475220000000001	0.778914	-0.08377580409572781	0.0942477796076938	0.008726646259971648	0.8953	0.6696	0.0998
2374.0	-9.740349	-0.753408	0.7769520000000001	-0.08726646259971647	0.08203047484373349	0.015707963267948967	0.8953	0.6703	0.0947
2375.0	-9.7119	-0.754389	0.801477	-0.07504915783575616	0.09599310885968812	0.012217304763960306	0.8954	0.6703	0.0914
2376.0	-9.687375000000001	-0.749484	0.8142300000000001	-0.07853981633974483	0.09773843811168245	0.010471975511965976	0.8958	0.6705	0.0839
2377.0	-9.671679000000001	-0.7102440000000001	0.870147	-0.07504915783575616	0.0942477796076938	0.013962634015954637	0.8957	0.6707	0.0809
2378.0	-9.669717	-0.679833	0.883881	-0.06806784082777885	0.09948376736367678	0.020943951023931952	0.8951	0.6707	0.0756
2379.0	-9.651078	-0.6817950000000002	0.901539	-0.05585053606381855	0.10297442586766545	0.019198621771937627	0.8949	0.671	0.0723
2380.0	-9.663831	-0.641574	0.907425	-0.061086523819801536	0.0890117918517108	0.026179938779914945	0.8945	0.6713	0.0645
2381.0	-9.667755000000001	-0.671985	0.827964	-0.05235987755982989	0.10297442586766545	0.026179938779914945	0.8946	0.6717	0.0642
2382.0	-9.652059000000001	-0.6749280000000001	0.870147	-0.05585053606381855	0.1117010721276371	0.024434609527920613	0.8953	0.6721	0.0623
2383.0	-9.645192	-0.671985	0.897615	-0.048869219055841226	0.10297442586766545	0.024434609527920613	0.8956	0.6719	0.06
2384.0	-9.64323	-0.665118	0.911349	-0.05585053606381855	0.10821041362364843	0.027925268031909273	0.8954	0.6714	0.0594
2385.0	-9.663831	-0.656289	0.877995	-0.048869219055841226	0.10995574287564276	0.027925268031909273	0.8956	0.6712	0.0588
2386.0	-9.669717	-0.677871	0.858375	-0.048869219055841226	0.11519173063162574	0.029670597283903602	0.8951	0.6709	0.0611
2387.0	-9.675603	-0.692586	0.859356	-0.04537856055185257	0.10471975511965978	0.022689280275926284	0.8945	0.6702	0.0598
2388.0	-9.685413	-0.697491	0.8662230000000001	-0.041887902047863905	0.11868238913561441	0.022689280275926284	0.8946	0.6706	0.06
2389.0	-9.686394000000002	-0.69651	0.9191970000000002	-0.041887902047863905	0.11519173063162574	0.015707963267948967	0.8941	0.6705	0.0609
2390.0	-9.698166	-0.697491	0.9319500000000001	-0.04014257279586958	0.11519173063162574	0.026179938779914945	0.8933	0.6703	0.0619
2391.0	-9.70209	-0.687681	0.965304	-0.0471238898038469	0.11693705988362008	0.022689280275926284	0.8926	0.6707	0.0623
2392.0	-9.7119	-0.693567	0.9564750000000001	-0.05235987755982989	0.10297442586766545	0.022689280275926284	0.8918	0.6704	0.0627
2393.0	-9.712881	-0.6837570000000001	0.9859050000000001	-0.05235987755982989	0.10122909661567112	0.019198621771937627	0.8916	0.6702	0.0626
2394.0	-9.724653	-0.688662	0.9564750000000001	-0.05061454830783556	0.10122909661567112	0.013962634015954637	0.8912	0.6702	0.0629
2395.0	-9.7119	-0.705339	0.975114	-0.059341194567807204	0.0942477796076938	0.012217304763960306	0.8908	0.6703	0.0629
2396.0	-9.715824	-0.70632	0.9466650000000001	-0.061086523819801536	0.09773843811168245	0.019198621771937627	0.8907	0.6708	0.0627
2397.0	-9.714843	-0.7200540000000001	0.910368	-0.061086523819801536	0.09599310885968812	0.013962634015954637	0.8909	0.6712	0.0617
2398.0	-9.724653	-0.722016	0.85347	-0.06283185307179587	0.0942477796076938	0.017453292519943295	0.8909	0.671	0.0627
2399.0	-9.724653	-0.726921	0.8220780000000001	-0.08028514559173916	0.08203047484373349	0.008726646259971648	0.8911	0.6708	0.0619
2400.0	-9.713862	-0.72594	0.845622	-0.08203047484373349	0.08552113334772216	0.017453292519943295	0.8914	0.6706	0.0612
2401.0	-9.729558	-0.693567	0.8622990000000001	-0.08552113334772216	0.08377580409572781	0.015707963267948967	0.8923	0.6698	0.0624
2402.0	-9.737406	-0.6837570000000001	0.860337	-0.0942477796076938	0.08552113334772216	0.012217304763960306	0.8918	0.6697	0.0638
2403.0	-9.753102	-0.679833	0.8338500000000001	-0.09948376736367678	0.08203047484373349	0.015707963267948967	0.8917	0.6693	0.0653
2404.0	-9.762912	-0.669042	0.8387550000000001	-0.0942477796076938	0.07330382858376185	0.003490658503988659	0.8914	0.6691	0.0674
2405.0	-9.769779	-0.6670800000000001	0.8299259999999999	-0.10122909661567112	0.0715584993317675	0.006981317007977318	0.8911	0.6683	0.067
2406.0	-9.766836000000001	-0.663156	0.84366	-0.1117010721276371	0.0645771823237902	0.003490658503988659	0.8913	0.6682	0.0688
2407.0	-9.770760000000001	-0.659232	0.844641	-0.10471975511965978	0.061086523819801536	0.005235987755982988	0.8915	0.6676	0.0692
2408.0	-9.755064	-0.680814	0.854451	-0.11693705988362008	0.061086523819801536	0.005235987755982988	0.8915	0.6677	0.0685
2409.0	-9.762912	-0.6916049999999999	0.8142300000000001	-0.1117010721276371	0.05585053606381855	0.003490658503988659	0.8912	0.6675	0.0706
2410.0	-9.774684	-0.687681	0.782838	-0.10995574287564276	0.059341194567807204	0.012217304763960306	0.891	0.6675	0.0703
2411.0	-9.774684	-0.705339	0.738693	-0.12042771838760874	0.05585053606381855	0.006981317007977318	0.8911	0.6677	0.0682
2412.0	-9.775665000000002	-0.72594	0.688662	-0.11693705988362008	0.054105206811824215	0.0	0.8919	0.6677	0.0686
2413.0	-9.771741	-0.7475220000000001	0.6533460000000001	-0.12042771838760874	0.054105206811824215	0.0017453292519943296	0.8918	0.6681	0.069
2414.0	-9.752121	-0.788724	0.623916	-0.12042771838760874	0.05235987755982989	0.006981317007977318	0.8927	0.668	0.0646
2415.0	-9.736425	-0.783819	0.671004	-0.11868238913561441	0.054105206811824215	0.0017453292519943296	0.8934	0.6689	0.0635
2416.0	-9.730539	-0.778914	0.703377	-0.12740903539558607	0.05235987755982989	0.003490658503988659	0.8937	0.668	0.0627
2417.0	-9.727596	-0.760275	0.7426170000000001	-0.12566370614359174	0.05061454830783556	0.006981317007977318	0.8938	0.6686	0.0658
